stego_filename,subset,expected_type,payload_type,payload_size_class,lsb,mode,predicted_type,correct
Flat-Color_1_S__docx_small__lsb1.bmp,core,DOCX,DOCX,small,1,full,DOCX,1
Flat-Color_1_S__docx_small__lsb1.bmp,core,DOCX,DOCX,small,1,no_deinterleaving,DOCX,1
Flat-Color_1_S__docx_small__lsb1.bmp,core,DOCX,DOCX,small,1,no_buffer,ZIP,0
Flat-Color_1_S__docx_small__lsb1.bmp,core,DOCX,DOCX,small,1,no_markers,ZIP,0
Flat-Color_1_S__docx_small__lsb2.bmp,core,DOCX,DOCX,small,2,full,DOCX,1
Flat-Color_1_S__docx_small__lsb2.bmp,core,DOCX,DOCX,small,2,no_deinterleaving,UNKNOWN,0
Flat-Color_1_S__docx_small__lsb2.bmp,core,DOCX,DOCX,small,2,no_buffer,ZIP,0
Flat-Color_1_S__docx_small__lsb2.bmp,core,DOCX,DOCX,small,2,no_markers,ZIP,0
Flat-Color_1_S__docx_small__lsb3.bmp,core,DOCX,DOCX,small,3,full,DOCX,1
Flat-Color_1_S__docx_small__lsb3.bmp,core,DOCX,DOCX,small,3,no_deinterleaving,UNKNOWN,0
Flat-Color_1_S__docx_small__lsb3.bmp,core,DOCX,DOCX,small,3,no_buffer,ZIP,0
Flat-Color_1_S__docx_small__lsb3.bmp,core,DOCX,DOCX,small,3,no_markers,ZIP,0
Flat-Color_1_S__exe_small__lsb1.bmp,core,EXE,EXE,small,1,full,EXE,1
Flat-Color_1_S__exe_small__lsb1.bmp,core,EXE,EXE,small,1,no_deinterleaving,EXE,1
Flat-Color_1_S__exe_small__lsb1.bmp,core,EXE,EXE,small,1,no_buffer,EXE,1
Flat-Color_1_S__exe_small__lsb1.bmp,core,EXE,EXE,small,1,no_markers,EXE,1
Flat-Color_1_S__exe_small__lsb2.bmp,core,EXE,EXE,small,2,full,EXE,1
Flat-Color_1_S__exe_small__lsb2.bmp,core,EXE,EXE,small,2,no_deinterleaving,UNKNOWN,0
Flat-Color_1_S__exe_small__lsb2.bmp,core,EXE,EXE,small,2,no_buffer,EXE,1
Flat-Color_1_S__exe_small__lsb2.bmp,core,EXE,EXE,small,2,no_markers,EXE,1
Flat-Color_1_S__exe_small__lsb3.bmp,core,EXE,EXE,small,3,full,EXE,1
Flat-Color_1_S__exe_small__lsb3.bmp,core,EXE,EXE,small,3,no_deinterleaving,UNKNOWN,0
Flat-Color_1_S__exe_small__lsb3.bmp,core,EXE,EXE,small,3,no_buffer,EXE,1
Flat-Color_1_S__exe_small__lsb3.bmp,core,EXE,EXE,small,3,no_markers,EXE,1
Flat-Color_1_S__pdf_small__lsb1.bmp,core,PDF,PDF,small,1,full,PDF,1
Flat-Color_1_S__pdf_small__lsb1.bmp,core,PDF,PDF,small,1,no_deinterleaving,PDF,1
Flat-Color_1_S__pdf_small__lsb1.bmp,core,PDF,PDF,small,1,no_buffer,PDF,1
Flat-Color_1_S__pdf_small__lsb1.bmp,core,PDF,PDF,small,1,no_markers,PDF,1
Flat-Color_1_S__pdf_small__lsb2.bmp,core,PDF,PDF,small,2,full,PDF,1
Flat-Color_1_S__pdf_small__lsb2.bmp,core,PDF,PDF,small,2,no_deinterleaving,UNKNOWN,0
Flat-Color_1_S__pdf_small__lsb2.bmp,core,PDF,PDF,small,2,no_buffer,PDF,1
Flat-Color_1_S__pdf_small__lsb2.bmp,core,PDF,PDF,small,2,no_markers,PDF,1
Flat-Color_1_S__pdf_small__lsb3.bmp,core,PDF,PDF,small,3,full,PDF,1
Flat-Color_1_S__pdf_small__lsb3.bmp,core,PDF,PDF,small,3,no_deinterleaving,UNKNOWN,0
Flat-Color_1_S__pdf_small__lsb3.bmp,core,PDF,PDF,small,3,no_buffer,PDF,1
Flat-Color_1_S__pdf_small__lsb3.bmp,core,PDF,PDF,small,3,no_markers,PDF,1
Flat-Color_1_S__pptx_small__lsb1.bmp,core,PPTX,PPTX,small,1,full,PPTX,1
Flat-Color_1_S__pptx_small__lsb1.bmp,core,PPTX,PPTX,small,1,no_deinterleaving,PPTX,1
Flat-Color_1_S__pptx_small__lsb1.bmp,core,PPTX,PPTX,small,1,no_buffer,ZIP,0
Flat-Color_1_S__pptx_small__lsb1.bmp,core,PPTX,PPTX,small,1,no_markers,ZIP,0
Flat-Color_1_S__pptx_small__lsb2.bmp,core,PPTX,PPTX,small,2,full,PPTX,1
Flat-Color_1_S__pptx_small__lsb2.bmp,core,PPTX,PPTX,small,2,no_deinterleaving,UNKNOWN,0
Flat-Color_1_S__pptx_small__lsb2.bmp,core,PPTX,PPTX,small,2,no_buffer,ZIP,0
Flat-Color_1_S__pptx_small__lsb2.bmp,core,PPTX,PPTX,small,2,no_markers,ZIP,0
Flat-Color_1_S__pptx_small__lsb3.bmp,core,PPTX,PPTX,small,3,full,PPTX,1
Flat-Color_1_S__pptx_small__lsb3.bmp,core,PPTX,PPTX,small,3,no_deinterleaving,UNKNOWN,0
Flat-Color_1_S__pptx_small__lsb3.bmp,core,PPTX,PPTX,small,3,no_buffer,ZIP,0
Flat-Color_1_S__pptx_small__lsb3.bmp,core,PPTX,PPTX,small,3,no_markers,ZIP,0
Flat-Color_1_S__rtf_small__lsb1.bmp,core,RTF,RTF,small,1,full,RTF,1
Flat-Color_1_S__rtf_small__lsb1.bmp,core,RTF,RTF,small,1,no_deinterleaving,RTF,1
Flat-Color_1_S__rtf_small__lsb1.bmp,core,RTF,RTF,small,1,no_buffer,RTF,1
Flat-Color_1_S__rtf_small__lsb1.bmp,core,RTF,RTF,small,1,no_markers,RTF,1
Flat-Color_1_S__rtf_small__lsb2.bmp,core,RTF,RTF,small,2,full,RTF,1
Flat-Color_1_S__rtf_small__lsb2.bmp,core,RTF,RTF,small,2,no_deinterleaving,UNKNOWN,0
Flat-Color_1_S__rtf_small__lsb2.bmp,core,RTF,RTF,small,2,no_buffer,RTF,1
Flat-Color_1_S__rtf_small__lsb2.bmp,core,RTF,RTF,small,2,no_markers,RTF,1
Flat-Color_1_S__rtf_small__lsb3.bmp,core,RTF,RTF,small,3,full,RTF,1
Flat-Color_1_S__rtf_small__lsb3.bmp,core,RTF,RTF,small,3,no_deinterleaving,UNKNOWN,0
Flat-Color_1_S__rtf_small__lsb3.bmp,core,RTF,RTF,small,3,no_buffer,RTF,1
Flat-Color_1_S__rtf_small__lsb3.bmp,core,RTF,RTF,small,3,no_markers,RTF,1
Flat-Color_1_S__xlsx_small__lsb1.bmp,core,XLSX,XLSX,small,1,full,XLSX,1
Flat-Color_1_S__xlsx_small__lsb1.bmp,core,XLSX,XLSX,small,1,no_deinterleaving,XLSX,1
Flat-Color_1_S__xlsx_small__lsb1.bmp,core,XLSX,XLSX,small,1,no_buffer,ZIP,0
Flat-Color_1_S__xlsx_small__lsb1.bmp,core,XLSX,XLSX,small,1,no_markers,ZIP,0
Flat-Color_1_S__xlsx_small__lsb2.bmp,core,XLSX,XLSX,small,2,full,XLSX,1
Flat-Color_1_S__xlsx_small__lsb2.bmp,core,XLSX,XLSX,small,2,no_deinterleaving,UNKNOWN,0
Flat-Color_1_S__xlsx_small__lsb2.bmp,core,XLSX,XLSX,small,2,no_buffer,ZIP,0
Flat-Color_1_S__xlsx_small__lsb2.bmp,core,XLSX,XLSX,small,2,no_markers,ZIP,0
Flat-Color_1_S__xlsx_small__lsb3.bmp,core,XLSX,XLSX,small,3,full,XLSX,1
Flat-Color_1_S__xlsx_small__lsb3.bmp,core,XLSX,XLSX,small,3,no_deinterleaving,UNKNOWN,0
Flat-Color_1_S__xlsx_small__lsb3.bmp,core,XLSX,XLSX,small,3,no_buffer,ZIP,0
Flat-Color_1_S__xlsx_small__lsb3.bmp,core,XLSX,XLSX,small,3,no_markers,ZIP,0
Flat-Color_2_M__docx_large__lsb3.png,core,DOCX,DOCX,large,3,full,DOCX,1
Flat-Color_2_M__docx_large__lsb3.png,core,DOCX,DOCX,large,3,no_deinterleaving,UNKNOWN,0
Flat-Color_2_M__docx_large__lsb3.png,core,DOCX,DOCX,large,3,no_buffer,ZIP,0
Flat-Color_2_M__docx_large__lsb3.png,core,DOCX,DOCX,large,3,no_markers,ZIP,0
Flat-Color_2_M__docx_medium__lsb2.png,core,DOCX,DOCX,medium,2,full,DOCX,1
Flat-Color_2_M__docx_medium__lsb2.png,core,DOCX,DOCX,medium,2,no_deinterleaving,UNKNOWN,0
Flat-Color_2_M__docx_medium__lsb2.png,core,DOCX,DOCX,medium,2,no_buffer,ZIP,0
Flat-Color_2_M__docx_medium__lsb2.png,core,DOCX,DOCX,medium,2,no_markers,ZIP,0
Flat-Color_2_M__docx_medium__lsb3.png,core,DOCX,DOCX,medium,3,full,DOCX,1
Flat-Color_2_M__docx_medium__lsb3.png,core,DOCX,DOCX,medium,3,no_deinterleaving,UNKNOWN,0
Flat-Color_2_M__docx_medium__lsb3.png,core,DOCX,DOCX,medium,3,no_buffer,ZIP,0
Flat-Color_2_M__docx_medium__lsb3.png,core,DOCX,DOCX,medium,3,no_markers,ZIP,0
Flat-Color_2_M__docx_small__lsb1.png,core,DOCX,DOCX,small,1,full,DOCX,1
Flat-Color_2_M__docx_small__lsb1.png,core,DOCX,DOCX,small,1,no_deinterleaving,DOCX,1
Flat-Color_2_M__docx_small__lsb1.png,core,DOCX,DOCX,small,1,no_buffer,ZIP,0
Flat-Color_2_M__docx_small__lsb1.png,core,DOCX,DOCX,small,1,no_markers,ZIP,0
Flat-Color_2_M__docx_small__lsb2.png,core,DOCX,DOCX,small,2,full,DOCX,1
Flat-Color_2_M__docx_small__lsb2.png,core,DOCX,DOCX,small,2,no_deinterleaving,UNKNOWN,0
Flat-Color_2_M__docx_small__lsb2.png,core,DOCX,DOCX,small,2,no_buffer,ZIP,0
Flat-Color_2_M__docx_small__lsb2.png,core,DOCX,DOCX,small,2,no_markers,ZIP,0
Flat-Color_2_M__docx_small__lsb3.png,core,DOCX,DOCX,small,3,full,DOCX,1
Flat-Color_2_M__docx_small__lsb3.png,core,DOCX,DOCX,small,3,no_deinterleaving,UNKNOWN,0
Flat-Color_2_M__docx_small__lsb3.png,core,DOCX,DOCX,small,3,no_buffer,ZIP,0
Flat-Color_2_M__docx_small__lsb3.png,core,DOCX,DOCX,small,3,no_markers,ZIP,0
Flat-Color_2_M__exe_large__lsb3.png,core,EXE,EXE,large,3,full,EXE,1
Flat-Color_2_M__exe_large__lsb3.png,core,EXE,EXE,large,3,no_deinterleaving,UNKNOWN,0
Flat-Color_2_M__exe_large__lsb3.png,core,EXE,EXE,large,3,no_buffer,EXE,1
Flat-Color_2_M__exe_large__lsb3.png,core,EXE,EXE,large,3,no_markers,EXE,1
Flat-Color_2_M__exe_medium__lsb2.png,core,EXE,EXE,medium,2,full,EXE,1
Flat-Color_2_M__exe_medium__lsb2.png,core,EXE,EXE,medium,2,no_deinterleaving,UNKNOWN,0
Flat-Color_2_M__exe_medium__lsb2.png,core,EXE,EXE,medium,2,no_buffer,EXE,1
Flat-Color_2_M__exe_medium__lsb2.png,core,EXE,EXE,medium,2,no_markers,EXE,1
Flat-Color_2_M__exe_medium__lsb3.png,core,EXE,EXE,medium,3,full,EXE,1
Flat-Color_2_M__exe_medium__lsb3.png,core,EXE,EXE,medium,3,no_deinterleaving,UNKNOWN,0
Flat-Color_2_M__exe_medium__lsb3.png,core,EXE,EXE,medium,3,no_buffer,EXE,1
Flat-Color_2_M__exe_medium__lsb3.png,core,EXE,EXE,medium,3,no_markers,EXE,1
Flat-Color_2_M__exe_small__lsb1.png,core,EXE,EXE,small,1,full,EXE,1
Flat-Color_2_M__exe_small__lsb1.png,core,EXE,EXE,small,1,no_deinterleaving,EXE,1
Flat-Color_2_M__exe_small__lsb1.png,core,EXE,EXE,small,1,no_buffer,EXE,1
Flat-Color_2_M__exe_small__lsb1.png,core,EXE,EXE,small,1,no_markers,EXE,1
Flat-Color_2_M__exe_small__lsb2.png,core,EXE,EXE,small,2,full,EXE,1
Flat-Color_2_M__exe_small__lsb2.png,core,EXE,EXE,small,2,no_deinterleaving,UNKNOWN,0
Flat-Color_2_M__exe_small__lsb2.png,core,EXE,EXE,small,2,no_buffer,EXE,1
Flat-Color_2_M__exe_small__lsb2.png,core,EXE,EXE,small,2,no_markers,EXE,1
Flat-Color_2_M__exe_small__lsb3.png,core,EXE,EXE,small,3,full,EXE,1
Flat-Color_2_M__exe_small__lsb3.png,core,EXE,EXE,small,3,no_deinterleaving,UNKNOWN,0
Flat-Color_2_M__exe_small__lsb3.png,core,EXE,EXE,small,3,no_buffer,EXE,1
Flat-Color_2_M__exe_small__lsb3.png,core,EXE,EXE,small,3,no_markers,EXE,1
Flat-Color_2_M__pdf_large__lsb3.png,core,PDF,PDF,large,3,full,PDF,1
Flat-Color_2_M__pdf_large__lsb3.png,core,PDF,PDF,large,3,no_deinterleaving,UNKNOWN,0
Flat-Color_2_M__pdf_large__lsb3.png,core,PDF,PDF,large,3,no_buffer,PDF,1
Flat-Color_2_M__pdf_large__lsb3.png,core,PDF,PDF,large,3,no_markers,PDF,1
Flat-Color_2_M__pdf_medium__lsb2.png,core,PDF,PDF,medium,2,full,PDF,1
Flat-Color_2_M__pdf_medium__lsb2.png,core,PDF,PDF,medium,2,no_deinterleaving,UNKNOWN,0
Flat-Color_2_M__pdf_medium__lsb2.png,core,PDF,PDF,medium,2,no_buffer,PDF,1
Flat-Color_2_M__pdf_medium__lsb2.png,core,PDF,PDF,medium,2,no_markers,PDF,1
Flat-Color_2_M__pdf_medium__lsb3.png,core,PDF,PDF,medium,3,full,PDF,1
Flat-Color_2_M__pdf_medium__lsb3.png,core,PDF,PDF,medium,3,no_deinterleaving,UNKNOWN,0
Flat-Color_2_M__pdf_medium__lsb3.png,core,PDF,PDF,medium,3,no_buffer,PDF,1
Flat-Color_2_M__pdf_medium__lsb3.png,core,PDF,PDF,medium,3,no_markers,PDF,1
Flat-Color_2_M__pdf_small__lsb1.png,core,PDF,PDF,small,1,full,PDF,1
Flat-Color_2_M__pdf_small__lsb1.png,core,PDF,PDF,small,1,no_deinterleaving,PDF,1
Flat-Color_2_M__pdf_small__lsb1.png,core,PDF,PDF,small,1,no_buffer,PDF,1
Flat-Color_2_M__pdf_small__lsb1.png,core,PDF,PDF,small,1,no_markers,PDF,1
Flat-Color_2_M__pdf_small__lsb2.png,core,PDF,PDF,small,2,full,PDF,1
Flat-Color_2_M__pdf_small__lsb2.png,core,PDF,PDF,small,2,no_deinterleaving,UNKNOWN,0
Flat-Color_2_M__pdf_small__lsb2.png,core,PDF,PDF,small,2,no_buffer,PDF,1
Flat-Color_2_M__pdf_small__lsb2.png,core,PDF,PDF,small,2,no_markers,PDF,1
Flat-Color_2_M__pdf_small__lsb3.png,core,PDF,PDF,small,3,full,PDF,1
Flat-Color_2_M__pdf_small__lsb3.png,core,PDF,PDF,small,3,no_deinterleaving,UNKNOWN,0
Flat-Color_2_M__pdf_small__lsb3.png,core,PDF,PDF,small,3,no_buffer,PDF,1
Flat-Color_2_M__pdf_small__lsb3.png,core,PDF,PDF,small,3,no_markers,PDF,1
Flat-Color_2_M__pptx_large__lsb3.png,core,PPTX,PPTX,large,3,full,PPTX,1
Flat-Color_2_M__pptx_large__lsb3.png,core,PPTX,PPTX,large,3,no_deinterleaving,UNKNOWN,0
Flat-Color_2_M__pptx_large__lsb3.png,core,PPTX,PPTX,large,3,no_buffer,ZIP,0
Flat-Color_2_M__pptx_large__lsb3.png,core,PPTX,PPTX,large,3,no_markers,ZIP,0
Flat-Color_2_M__pptx_medium__lsb2.png,core,PPTX,PPTX,medium,2,full,PPTX,1
Flat-Color_2_M__pptx_medium__lsb2.png,core,PPTX,PPTX,medium,2,no_deinterleaving,UNKNOWN,0
Flat-Color_2_M__pptx_medium__lsb2.png,core,PPTX,PPTX,medium,2,no_buffer,ZIP,0
Flat-Color_2_M__pptx_medium__lsb2.png,core,PPTX,PPTX,medium,2,no_markers,ZIP,0
Flat-Color_2_M__pptx_medium__lsb3.png,core,PPTX,PPTX,medium,3,full,PPTX,1
Flat-Color_2_M__pptx_medium__lsb3.png,core,PPTX,PPTX,medium,3,no_deinterleaving,UNKNOWN,0
Flat-Color_2_M__pptx_medium__lsb3.png,core,PPTX,PPTX,medium,3,no_buffer,ZIP,0
Flat-Color_2_M__pptx_medium__lsb3.png,core,PPTX,PPTX,medium,3,no_markers,ZIP,0
Flat-Color_2_M__pptx_small__lsb1.png,core,PPTX,PPTX,small,1,full,PPTX,1
Flat-Color_2_M__pptx_small__lsb1.png,core,PPTX,PPTX,small,1,no_deinterleaving,PPTX,1
Flat-Color_2_M__pptx_small__lsb1.png,core,PPTX,PPTX,small,1,no_buffer,ZIP,0
Flat-Color_2_M__pptx_small__lsb1.png,core,PPTX,PPTX,small,1,no_markers,ZIP,0
Flat-Color_2_M__pptx_small__lsb2.png,core,PPTX,PPTX,small,2,full,PPTX,1
Flat-Color_2_M__pptx_small__lsb2.png,core,PPTX,PPTX,small,2,no_deinterleaving,UNKNOWN,0
Flat-Color_2_M__pptx_small__lsb2.png,core,PPTX,PPTX,small,2,no_buffer,ZIP,0
Flat-Color_2_M__pptx_small__lsb2.png,core,PPTX,PPTX,small,2,no_markers,ZIP,0
Flat-Color_2_M__pptx_small__lsb3.png,core,PPTX,PPTX,small,3,full,PPTX,1
Flat-Color_2_M__pptx_small__lsb3.png,core,PPTX,PPTX,small,3,no_deinterleaving,UNKNOWN,0
Flat-Color_2_M__pptx_small__lsb3.png,core,PPTX,PPTX,small,3,no_buffer,ZIP,0
Flat-Color_2_M__pptx_small__lsb3.png,core,PPTX,PPTX,small,3,no_markers,ZIP,0
Flat-Color_2_M__rtf_large__lsb3.png,core,RTF,RTF,large,3,full,RTF,1
Flat-Color_2_M__rtf_large__lsb3.png,core,RTF,RTF,large,3,no_deinterleaving,UNKNOWN,0
Flat-Color_2_M__rtf_large__lsb3.png,core,RTF,RTF,large,3,no_buffer,RTF,1
Flat-Color_2_M__rtf_large__lsb3.png,core,RTF,RTF,large,3,no_markers,RTF,1
Flat-Color_2_M__rtf_medium__lsb2.png,core,RTF,RTF,medium,2,full,RTF,1
Flat-Color_2_M__rtf_medium__lsb2.png,core,RTF,RTF,medium,2,no_deinterleaving,UNKNOWN,0
Flat-Color_2_M__rtf_medium__lsb2.png,core,RTF,RTF,medium,2,no_buffer,RTF,1
Flat-Color_2_M__rtf_medium__lsb2.png,core,RTF,RTF,medium,2,no_markers,RTF,1
Flat-Color_2_M__rtf_medium__lsb3.png,core,RTF,RTF,medium,3,full,RTF,1
Flat-Color_2_M__rtf_medium__lsb3.png,core,RTF,RTF,medium,3,no_deinterleaving,UNKNOWN,0
Flat-Color_2_M__rtf_medium__lsb3.png,core,RTF,RTF,medium,3,no_buffer,RTF,1
Flat-Color_2_M__rtf_medium__lsb3.png,core,RTF,RTF,medium,3,no_markers,RTF,1
Flat-Color_2_M__rtf_small__lsb1.png,core,RTF,RTF,small,1,full,RTF,1
Flat-Color_2_M__rtf_small__lsb1.png,core,RTF,RTF,small,1,no_deinterleaving,RTF,1
Flat-Color_2_M__rtf_small__lsb1.png,core,RTF,RTF,small,1,no_buffer,RTF,1
Flat-Color_2_M__rtf_small__lsb1.png,core,RTF,RTF,small,1,no_markers,RTF,1
Flat-Color_2_M__rtf_small__lsb2.png,core,RTF,RTF,small,2,full,RTF,1
Flat-Color_2_M__rtf_small__lsb2.png,core,RTF,RTF,small,2,no_deinterleaving,UNKNOWN,0
Flat-Color_2_M__rtf_small__lsb2.png,core,RTF,RTF,small,2,no_buffer,RTF,1
Flat-Color_2_M__rtf_small__lsb2.png,core,RTF,RTF,small,2,no_markers,RTF,1
Flat-Color_2_M__rtf_small__lsb3.png,core,RTF,RTF,small,3,full,RTF,1
Flat-Color_2_M__rtf_small__lsb3.png,core,RTF,RTF,small,3,no_deinterleaving,UNKNOWN,0
Flat-Color_2_M__rtf_small__lsb3.png,core,RTF,RTF,small,3,no_buffer,RTF,1
Flat-Color_2_M__rtf_small__lsb3.png,core,RTF,RTF,small,3,no_markers,RTF,1
Flat-Color_2_M__xlsx_large__lsb3.png,core,XLSX,XLSX,large,3,full,XLSX,1
Flat-Color_2_M__xlsx_large__lsb3.png,core,XLSX,XLSX,large,3,no_deinterleaving,UNKNOWN,0
Flat-Color_2_M__xlsx_large__lsb3.png,core,XLSX,XLSX,large,3,no_buffer,ZIP,0
Flat-Color_2_M__xlsx_large__lsb3.png,core,XLSX,XLSX,large,3,no_markers,ZIP,0
Flat-Color_2_M__xlsx_medium__lsb2.png,core,XLSX,XLSX,medium,2,full,XLSX,1
Flat-Color_2_M__xlsx_medium__lsb2.png,core,XLSX,XLSX,medium,2,no_deinterleaving,UNKNOWN,0
Flat-Color_2_M__xlsx_medium__lsb2.png,core,XLSX,XLSX,medium,2,no_buffer,ZIP,0
Flat-Color_2_M__xlsx_medium__lsb2.png,core,XLSX,XLSX,medium,2,no_markers,ZIP,0
Flat-Color_2_M__xlsx_medium__lsb3.png,core,XLSX,XLSX,medium,3,full,XLSX,1
Flat-Color_2_M__xlsx_medium__lsb3.png,core,XLSX,XLSX,medium,3,no_deinterleaving,UNKNOWN,0
Flat-Color_2_M__xlsx_medium__lsb3.png,core,XLSX,XLSX,medium,3,no_buffer,ZIP,0
Flat-Color_2_M__xlsx_medium__lsb3.png,core,XLSX,XLSX,medium,3,no_markers,ZIP,0
Flat-Color_2_M__xlsx_small__lsb1.png,core,XLSX,XLSX,small,1,full,XLSX,1
Flat-Color_2_M__xlsx_small__lsb1.png,core,XLSX,XLSX,small,1,no_deinterleaving,XLSX,1
Flat-Color_2_M__xlsx_small__lsb1.png,core,XLSX,XLSX,small,1,no_buffer,ZIP,0
Flat-Color_2_M__xlsx_small__lsb1.png,core,XLSX,XLSX,small,1,no_markers,ZIP,0
Flat-Color_2_M__xlsx_small__lsb2.png,core,XLSX,XLSX,small,2,full,XLSX,1
Flat-Color_2_M__xlsx_small__lsb2.png,core,XLSX,XLSX,small,2,no_deinterleaving,UNKNOWN,0
Flat-Color_2_M__xlsx_small__lsb2.png,core,XLSX,XLSX,small,2,no_buffer,ZIP,0
Flat-Color_2_M__xlsx_small__lsb2.png,core,XLSX,XLSX,small,2,no_markers,ZIP,0
Flat-Color_2_M__xlsx_small__lsb3.png,core,XLSX,XLSX,small,3,full,XLSX,1
Flat-Color_2_M__xlsx_small__lsb3.png,core,XLSX,XLSX,small,3,no_deinterleaving,UNKNOWN,0
Flat-Color_2_M__xlsx_small__lsb3.png,core,XLSX,XLSX,small,3,no_buffer,ZIP,0
Flat-Color_2_M__xlsx_small__lsb3.png,core,XLSX,XLSX,small,3,no_markers,ZIP,0
Grayscale_2_M__docx_large__lsb3.bmp,core,DOCX,DOCX,large,3,full,DOCX,1
Grayscale_2_M__docx_large__lsb3.bmp,core,DOCX,DOCX,large,3,no_deinterleaving,UNKNOWN,0
Grayscale_2_M__docx_large__lsb3.bmp,core,DOCX,DOCX,large,3,no_buffer,ZIP,0
Grayscale_2_M__docx_large__lsb3.bmp,core,DOCX,DOCX,large,3,no_markers,ZIP,0
Grayscale_2_M__docx_medium__lsb2.bmp,core,DOCX,DOCX,medium,2,full,DOCX,1
Grayscale_2_M__docx_medium__lsb2.bmp,core,DOCX,DOCX,medium,2,no_deinterleaving,UNKNOWN,0
Grayscale_2_M__docx_medium__lsb2.bmp,core,DOCX,DOCX,medium,2,no_buffer,ZIP,0
Grayscale_2_M__docx_medium__lsb2.bmp,core,DOCX,DOCX,medium,2,no_markers,ZIP,0
Grayscale_2_M__docx_medium__lsb3.bmp,core,DOCX,DOCX,medium,3,full,DOCX,1
Grayscale_2_M__docx_medium__lsb3.bmp,core,DOCX,DOCX,medium,3,no_deinterleaving,UNKNOWN,0
Grayscale_2_M__docx_medium__lsb3.bmp,core,DOCX,DOCX,medium,3,no_buffer,ZIP,0
Grayscale_2_M__docx_medium__lsb3.bmp,core,DOCX,DOCX,medium,3,no_markers,ZIP,0
Grayscale_2_M__docx_small__lsb1.bmp,core,DOCX,DOCX,small,1,full,DOCX,1
Grayscale_2_M__docx_small__lsb1.bmp,core,DOCX,DOCX,small,1,no_deinterleaving,DOCX,1
Grayscale_2_M__docx_small__lsb1.bmp,core,DOCX,DOCX,small,1,no_buffer,ZIP,0
Grayscale_2_M__docx_small__lsb1.bmp,core,DOCX,DOCX,small,1,no_markers,ZIP,0
Grayscale_2_M__docx_small__lsb2.bmp,core,DOCX,DOCX,small,2,full,DOCX,1
Grayscale_2_M__docx_small__lsb2.bmp,core,DOCX,DOCX,small,2,no_deinterleaving,UNKNOWN,0
Grayscale_2_M__docx_small__lsb2.bmp,core,DOCX,DOCX,small,2,no_buffer,ZIP,0
Grayscale_2_M__docx_small__lsb2.bmp,core,DOCX,DOCX,small,2,no_markers,ZIP,0
Grayscale_2_M__docx_small__lsb3.bmp,core,DOCX,DOCX,small,3,full,DOCX,1
Grayscale_2_M__docx_small__lsb3.bmp,core,DOCX,DOCX,small,3,no_deinterleaving,UNKNOWN,0
Grayscale_2_M__docx_small__lsb3.bmp,core,DOCX,DOCX,small,3,no_buffer,ZIP,0
Grayscale_2_M__docx_small__lsb3.bmp,core,DOCX,DOCX,small,3,no_markers,ZIP,0
Grayscale_2_M__exe_large__lsb3.bmp,core,EXE,EXE,large,3,full,EXE,1
Grayscale_2_M__exe_large__lsb3.bmp,core,EXE,EXE,large,3,no_deinterleaving,UNKNOWN,0
Grayscale_2_M__exe_large__lsb3.bmp,core,EXE,EXE,large,3,no_buffer,EXE,1
Grayscale_2_M__exe_large__lsb3.bmp,core,EXE,EXE,large,3,no_markers,EXE,1
Grayscale_2_M__exe_medium__lsb2.bmp,core,EXE,EXE,medium,2,full,EXE,1
Grayscale_2_M__exe_medium__lsb2.bmp,core,EXE,EXE,medium,2,no_deinterleaving,UNKNOWN,0
Grayscale_2_M__exe_medium__lsb2.bmp,core,EXE,EXE,medium,2,no_buffer,EXE,1
Grayscale_2_M__exe_medium__lsb2.bmp,core,EXE,EXE,medium,2,no_markers,EXE,1
Grayscale_2_M__exe_medium__lsb3.bmp,core,EXE,EXE,medium,3,full,EXE,1
Grayscale_2_M__exe_medium__lsb3.bmp,core,EXE,EXE,medium,3,no_deinterleaving,UNKNOWN,0
Grayscale_2_M__exe_medium__lsb3.bmp,core,EXE,EXE,medium,3,no_buffer,EXE,1
Grayscale_2_M__exe_medium__lsb3.bmp,core,EXE,EXE,medium,3,no_markers,EXE,1
Grayscale_2_M__exe_small__lsb1.bmp,core,EXE,EXE,small,1,full,EXE,1
Grayscale_2_M__exe_small__lsb1.bmp,core,EXE,EXE,small,1,no_deinterleaving,EXE,1
Grayscale_2_M__exe_small__lsb1.bmp,core,EXE,EXE,small,1,no_buffer,EXE,1
Grayscale_2_M__exe_small__lsb1.bmp,core,EXE,EXE,small,1,no_markers,EXE,1
Grayscale_2_M__exe_small__lsb2.bmp,core,EXE,EXE,small,2,full,EXE,1
Grayscale_2_M__exe_small__lsb2.bmp,core,EXE,EXE,small,2,no_deinterleaving,UNKNOWN,0
Grayscale_2_M__exe_small__lsb2.bmp,core,EXE,EXE,small,2,no_buffer,EXE,1
Grayscale_2_M__exe_small__lsb2.bmp,core,EXE,EXE,small,2,no_markers,EXE,1
Grayscale_2_M__exe_small__lsb3.bmp,core,EXE,EXE,small,3,full,EXE,1
Grayscale_2_M__exe_small__lsb3.bmp,core,EXE,EXE,small,3,no_deinterleaving,UNKNOWN,0
Grayscale_2_M__exe_small__lsb3.bmp,core,EXE,EXE,small,3,no_buffer,EXE,1
Grayscale_2_M__exe_small__lsb3.bmp,core,EXE,EXE,small,3,no_markers,EXE,1
Grayscale_2_M__pdf_large__lsb3.bmp,core,PDF,PDF,large,3,full,PDF,1
Grayscale_2_M__pdf_large__lsb3.bmp,core,PDF,PDF,large,3,no_deinterleaving,UNKNOWN,0
Grayscale_2_M__pdf_large__lsb3.bmp,core,PDF,PDF,large,3,no_buffer,PDF,1
Grayscale_2_M__pdf_large__lsb3.bmp,core,PDF,PDF,large,3,no_markers,PDF,1
Grayscale_2_M__pdf_medium__lsb2.bmp,core,PDF,PDF,medium,2,full,PDF,1
Grayscale_2_M__pdf_medium__lsb2.bmp,core,PDF,PDF,medium,2,no_deinterleaving,UNKNOWN,0
Grayscale_2_M__pdf_medium__lsb2.bmp,core,PDF,PDF,medium,2,no_buffer,PDF,1
Grayscale_2_M__pdf_medium__lsb2.bmp,core,PDF,PDF,medium,2,no_markers,PDF,1
Grayscale_2_M__pdf_medium__lsb3.bmp,core,PDF,PDF,medium,3,full,PDF,1
Grayscale_2_M__pdf_medium__lsb3.bmp,core,PDF,PDF,medium,3,no_deinterleaving,UNKNOWN,0
Grayscale_2_M__pdf_medium__lsb3.bmp,core,PDF,PDF,medium,3,no_buffer,PDF,1
Grayscale_2_M__pdf_medium__lsb3.bmp,core,PDF,PDF,medium,3,no_markers,PDF,1
Grayscale_2_M__pdf_small__lsb1.bmp,core,PDF,PDF,small,1,full,PDF,1
Grayscale_2_M__pdf_small__lsb1.bmp,core,PDF,PDF,small,1,no_deinterleaving,PDF,1
Grayscale_2_M__pdf_small__lsb1.bmp,core,PDF,PDF,small,1,no_buffer,PDF,1
Grayscale_2_M__pdf_small__lsb1.bmp,core,PDF,PDF,small,1,no_markers,PDF,1
Grayscale_2_M__pdf_small__lsb2.bmp,core,PDF,PDF,small,2,full,PDF,1
Grayscale_2_M__pdf_small__lsb2.bmp,core,PDF,PDF,small,2,no_deinterleaving,UNKNOWN,0
Grayscale_2_M__pdf_small__lsb2.bmp,core,PDF,PDF,small,2,no_buffer,PDF,1
Grayscale_2_M__pdf_small__lsb2.bmp,core,PDF,PDF,small,2,no_markers,PDF,1
Grayscale_2_M__pdf_small__lsb3.bmp,core,PDF,PDF,small,3,full,PDF,1
Grayscale_2_M__pdf_small__lsb3.bmp,core,PDF,PDF,small,3,no_deinterleaving,UNKNOWN,0
Grayscale_2_M__pdf_small__lsb3.bmp,core,PDF,PDF,small,3,no_buffer,PDF,1
Grayscale_2_M__pdf_small__lsb3.bmp,core,PDF,PDF,small,3,no_markers,PDF,1
Grayscale_2_M__pptx_large__lsb3.bmp,core,PPTX,PPTX,large,3,full,PPTX,1
Grayscale_2_M__pptx_large__lsb3.bmp,core,PPTX,PPTX,large,3,no_deinterleaving,UNKNOWN,0
Grayscale_2_M__pptx_large__lsb3.bmp,core,PPTX,PPTX,large,3,no_buffer,ZIP,0
Grayscale_2_M__pptx_large__lsb3.bmp,core,PPTX,PPTX,large,3,no_markers,ZIP,0
Grayscale_2_M__pptx_medium__lsb2.bmp,core,PPTX,PPTX,medium,2,full,PPTX,1
Grayscale_2_M__pptx_medium__lsb2.bmp,core,PPTX,PPTX,medium,2,no_deinterleaving,UNKNOWN,0
Grayscale_2_M__pptx_medium__lsb2.bmp,core,PPTX,PPTX,medium,2,no_buffer,ZIP,0
Grayscale_2_M__pptx_medium__lsb2.bmp,core,PPTX,PPTX,medium,2,no_markers,ZIP,0
Grayscale_2_M__pptx_medium__lsb3.bmp,core,PPTX,PPTX,medium,3,full,PPTX,1
Grayscale_2_M__pptx_medium__lsb3.bmp,core,PPTX,PPTX,medium,3,no_deinterleaving,UNKNOWN,0
Grayscale_2_M__pptx_medium__lsb3.bmp,core,PPTX,PPTX,medium,3,no_buffer,ZIP,0
Grayscale_2_M__pptx_medium__lsb3.bmp,core,PPTX,PPTX,medium,3,no_markers,ZIP,0
Grayscale_2_M__pptx_small__lsb1.bmp,core,PPTX,PPTX,small,1,full,PPTX,1
Grayscale_2_M__pptx_small__lsb1.bmp,core,PPTX,PPTX,small,1,no_deinterleaving,PPTX,1
Grayscale_2_M__pptx_small__lsb1.bmp,core,PPTX,PPTX,small,1,no_buffer,ZIP,0
Grayscale_2_M__pptx_small__lsb1.bmp,core,PPTX,PPTX,small,1,no_markers,ZIP,0
Grayscale_2_M__pptx_small__lsb2.bmp,core,PPTX,PPTX,small,2,full,PPTX,1
Grayscale_2_M__pptx_small__lsb2.bmp,core,PPTX,PPTX,small,2,no_deinterleaving,UNKNOWN,0
Grayscale_2_M__pptx_small__lsb2.bmp,core,PPTX,PPTX,small,2,no_buffer,ZIP,0
Grayscale_2_M__pptx_small__lsb2.bmp,core,PPTX,PPTX,small,2,no_markers,ZIP,0
Grayscale_2_M__pptx_small__lsb3.bmp,core,PPTX,PPTX,small,3,full,PPTX,1
Grayscale_2_M__pptx_small__lsb3.bmp,core,PPTX,PPTX,small,3,no_deinterleaving,UNKNOWN,0
Grayscale_2_M__pptx_small__lsb3.bmp,core,PPTX,PPTX,small,3,no_buffer,ZIP,0
Grayscale_2_M__pptx_small__lsb3.bmp,core,PPTX,PPTX,small,3,no_markers,ZIP,0
Grayscale_2_M__rtf_large__lsb3.bmp,core,RTF,RTF,large,3,full,RTF,1
Grayscale_2_M__rtf_large__lsb3.bmp,core,RTF,RTF,large,3,no_deinterleaving,UNKNOWN,0
Grayscale_2_M__rtf_large__lsb3.bmp,core,RTF,RTF,large,3,no_buffer,RTF,1
Grayscale_2_M__rtf_large__lsb3.bmp,core,RTF,RTF,large,3,no_markers,RTF,1
Grayscale_2_M__rtf_medium__lsb2.bmp,core,RTF,RTF,medium,2,full,RTF,1
Grayscale_2_M__rtf_medium__lsb2.bmp,core,RTF,RTF,medium,2,no_deinterleaving,UNKNOWN,0
Grayscale_2_M__rtf_medium__lsb2.bmp,core,RTF,RTF,medium,2,no_buffer,RTF,1
Grayscale_2_M__rtf_medium__lsb2.bmp,core,RTF,RTF,medium,2,no_markers,RTF,1
Grayscale_2_M__rtf_medium__lsb3.bmp,core,RTF,RTF,medium,3,full,RTF,1
Grayscale_2_M__rtf_medium__lsb3.bmp,core,RTF,RTF,medium,3,no_deinterleaving,UNKNOWN,0
Grayscale_2_M__rtf_medium__lsb3.bmp,core,RTF,RTF,medium,3,no_buffer,RTF,1
Grayscale_2_M__rtf_medium__lsb3.bmp,core,RTF,RTF,medium,3,no_markers,RTF,1
Grayscale_2_M__rtf_small__lsb1.bmp,core,RTF,RTF,small,1,full,RTF,1
Grayscale_2_M__rtf_small__lsb1.bmp,core,RTF,RTF,small,1,no_deinterleaving,RTF,1
Grayscale_2_M__rtf_small__lsb1.bmp,core,RTF,RTF,small,1,no_buffer,RTF,1
Grayscale_2_M__rtf_small__lsb1.bmp,core,RTF,RTF,small,1,no_markers,RTF,1
Grayscale_2_M__rtf_small__lsb2.bmp,core,RTF,RTF,small,2,full,RTF,1
Grayscale_2_M__rtf_small__lsb2.bmp,core,RTF,RTF,small,2,no_deinterleaving,UNKNOWN,0
Grayscale_2_M__rtf_small__lsb2.bmp,core,RTF,RTF,small,2,no_buffer,RTF,1
Grayscale_2_M__rtf_small__lsb2.bmp,core,RTF,RTF,small,2,no_markers,RTF,1
Grayscale_2_M__rtf_small__lsb3.bmp,core,RTF,RTF,small,3,full,RTF,1
Grayscale_2_M__rtf_small__lsb3.bmp,core,RTF,RTF,small,3,no_deinterleaving,UNKNOWN,0
Grayscale_2_M__rtf_small__lsb3.bmp,core,RTF,RTF,small,3,no_buffer,RTF,1
Grayscale_2_M__rtf_small__lsb3.bmp,core,RTF,RTF,small,3,no_markers,RTF,1
Grayscale_2_M__xlsx_large__lsb3.bmp,core,XLSX,XLSX,large,3,full,XLSX,1
Grayscale_2_M__xlsx_large__lsb3.bmp,core,XLSX,XLSX,large,3,no_deinterleaving,UNKNOWN,0
Grayscale_2_M__xlsx_large__lsb3.bmp,core,XLSX,XLSX,large,3,no_buffer,ZIP,0
Grayscale_2_M__xlsx_large__lsb3.bmp,core,XLSX,XLSX,large,3,no_markers,ZIP,0
Grayscale_2_M__xlsx_medium__lsb2.bmp,core,XLSX,XLSX,medium,2,full,XLSX,1
Grayscale_2_M__xlsx_medium__lsb2.bmp,core,XLSX,XLSX,medium,2,no_deinterleaving,UNKNOWN,0
Grayscale_2_M__xlsx_medium__lsb2.bmp,core,XLSX,XLSX,medium,2,no_buffer,ZIP,0
Grayscale_2_M__xlsx_medium__lsb2.bmp,core,XLSX,XLSX,medium,2,no_markers,ZIP,0
Grayscale_2_M__xlsx_medium__lsb3.bmp,core,XLSX,XLSX,medium,3,full,XLSX,1
Grayscale_2_M__xlsx_medium__lsb3.bmp,core,XLSX,XLSX,medium,3,no_deinterleaving,UNKNOWN,0
Grayscale_2_M__xlsx_medium__lsb3.bmp,core,XLSX,XLSX,medium,3,no_buffer,ZIP,0
Grayscale_2_M__xlsx_medium__lsb3.bmp,core,XLSX,XLSX,medium,3,no_markers,ZIP,0
Grayscale_2_M__xlsx_small__lsb1.bmp,core,XLSX,XLSX,small,1,full,XLSX,1
Grayscale_2_M__xlsx_small__lsb1.bmp,core,XLSX,XLSX,small,1,no_deinterleaving,XLSX,1
Grayscale_2_M__xlsx_small__lsb1.bmp,core,XLSX,XLSX,small,1,no_buffer,ZIP,0
Grayscale_2_M__xlsx_small__lsb1.bmp,core,XLSX,XLSX,small,1,no_markers,ZIP,0
Grayscale_2_M__xlsx_small__lsb2.bmp,core,XLSX,XLSX,small,2,full,XLSX,1
Grayscale_2_M__xlsx_small__lsb2.bmp,core,XLSX,XLSX,small,2,no_deinterleaving,UNKNOWN,0
Grayscale_2_M__xlsx_small__lsb2.bmp,core,XLSX,XLSX,small,2,no_buffer,ZIP,0
Grayscale_2_M__xlsx_small__lsb2.bmp,core,XLSX,XLSX,small,2,no_markers,ZIP,0
Grayscale_2_M__xlsx_small__lsb3.bmp,core,XLSX,XLSX,small,3,full,XLSX,1
Grayscale_2_M__xlsx_small__lsb3.bmp,core,XLSX,XLSX,small,3,no_deinterleaving,UNKNOWN,0
Grayscale_2_M__xlsx_small__lsb3.bmp,core,XLSX,XLSX,small,3,no_buffer,ZIP,0
Grayscale_2_M__xlsx_small__lsb3.bmp,core,XLSX,XLSX,small,3,no_markers,ZIP,0
High-Detail_1_M__docx_large__lsb3.png,core,DOCX,DOCX,large,3,full,DOCX,1
High-Detail_1_M__docx_large__lsb3.png,core,DOCX,DOCX,large,3,no_deinterleaving,UNKNOWN,0
High-Detail_1_M__docx_large__lsb3.png,core,DOCX,DOCX,large,3,no_buffer,ZIP,0
High-Detail_1_M__docx_large__lsb3.png,core,DOCX,DOCX,large,3,no_markers,ZIP,0
High-Detail_1_M__docx_medium__lsb2.png,core,DOCX,DOCX,medium,2,full,DOCX,1
High-Detail_1_M__docx_medium__lsb2.png,core,DOCX,DOCX,medium,2,no_deinterleaving,UNKNOWN,0
High-Detail_1_M__docx_medium__lsb2.png,core,DOCX,DOCX,medium,2,no_buffer,ZIP,0
High-Detail_1_M__docx_medium__lsb2.png,core,DOCX,DOCX,medium,2,no_markers,ZIP,0
High-Detail_1_M__docx_medium__lsb3.png,core,DOCX,DOCX,medium,3,full,DOCX,1
High-Detail_1_M__docx_medium__lsb3.png,core,DOCX,DOCX,medium,3,no_deinterleaving,UNKNOWN,0
High-Detail_1_M__docx_medium__lsb3.png,core,DOCX,DOCX,medium,3,no_buffer,ZIP,0
High-Detail_1_M__docx_medium__lsb3.png,core,DOCX,DOCX,medium,3,no_markers,ZIP,0
High-Detail_1_M__docx_small__lsb1.png,core,DOCX,DOCX,small,1,full,DOCX,1
High-Detail_1_M__docx_small__lsb1.png,core,DOCX,DOCX,small,1,no_deinterleaving,DOCX,1
High-Detail_1_M__docx_small__lsb1.png,core,DOCX,DOCX,small,1,no_buffer,ZIP,0
High-Detail_1_M__docx_small__lsb1.png,core,DOCX,DOCX,small,1,no_markers,ZIP,0
High-Detail_1_M__docx_small__lsb2.png,core,DOCX,DOCX,small,2,full,DOCX,1
High-Detail_1_M__docx_small__lsb2.png,core,DOCX,DOCX,small,2,no_deinterleaving,UNKNOWN,0
High-Detail_1_M__docx_small__lsb2.png,core,DOCX,DOCX,small,2,no_buffer,ZIP,0
High-Detail_1_M__docx_small__lsb2.png,core,DOCX,DOCX,small,2,no_markers,ZIP,0
High-Detail_1_M__docx_small__lsb3.png,core,DOCX,DOCX,small,3,full,DOCX,1
High-Detail_1_M__docx_small__lsb3.png,core,DOCX,DOCX,small,3,no_deinterleaving,UNKNOWN,0
High-Detail_1_M__docx_small__lsb3.png,core,DOCX,DOCX,small,3,no_buffer,ZIP,0
High-Detail_1_M__docx_small__lsb3.png,core,DOCX,DOCX,small,3,no_markers,ZIP,0
High-Detail_1_M__exe_large__lsb3.png,core,EXE,EXE,large,3,full,EXE,1
High-Detail_1_M__exe_large__lsb3.png,core,EXE,EXE,large,3,no_deinterleaving,UNKNOWN,0
High-Detail_1_M__exe_large__lsb3.png,core,EXE,EXE,large,3,no_buffer,EXE,1
High-Detail_1_M__exe_large__lsb3.png,core,EXE,EXE,large,3,no_markers,EXE,1
High-Detail_1_M__exe_medium__lsb2.png,core,EXE,EXE,medium,2,full,EXE,1
High-Detail_1_M__exe_medium__lsb2.png,core,EXE,EXE,medium,2,no_deinterleaving,UNKNOWN,0
High-Detail_1_M__exe_medium__lsb2.png,core,EXE,EXE,medium,2,no_buffer,EXE,1
High-Detail_1_M__exe_medium__lsb2.png,core,EXE,EXE,medium,2,no_markers,EXE,1
High-Detail_1_M__exe_medium__lsb3.png,core,EXE,EXE,medium,3,full,EXE,1
High-Detail_1_M__exe_medium__lsb3.png,core,EXE,EXE,medium,3,no_deinterleaving,UNKNOWN,0
High-Detail_1_M__exe_medium__lsb3.png,core,EXE,EXE,medium,3,no_buffer,EXE,1
High-Detail_1_M__exe_medium__lsb3.png,core,EXE,EXE,medium,3,no_markers,EXE,1
High-Detail_1_M__exe_small__lsb1.png,core,EXE,EXE,small,1,full,EXE,1
High-Detail_1_M__exe_small__lsb1.png,core,EXE,EXE,small,1,no_deinterleaving,EXE,1
High-Detail_1_M__exe_small__lsb1.png,core,EXE,EXE,small,1,no_buffer,EXE,1
High-Detail_1_M__exe_small__lsb1.png,core,EXE,EXE,small,1,no_markers,EXE,1
High-Detail_1_M__exe_small__lsb2.png,core,EXE,EXE,small,2,full,EXE,1
High-Detail_1_M__exe_small__lsb2.png,core,EXE,EXE,small,2,no_deinterleaving,UNKNOWN,0
High-Detail_1_M__exe_small__lsb2.png,core,EXE,EXE,small,2,no_buffer,EXE,1
High-Detail_1_M__exe_small__lsb2.png,core,EXE,EXE,small,2,no_markers,EXE,1
High-Detail_1_M__exe_small__lsb3.png,core,EXE,EXE,small,3,full,EXE,1
High-Detail_1_M__exe_small__lsb3.png,core,EXE,EXE,small,3,no_deinterleaving,UNKNOWN,0
High-Detail_1_M__exe_small__lsb3.png,core,EXE,EXE,small,3,no_buffer,EXE,1
High-Detail_1_M__exe_small__lsb3.png,core,EXE,EXE,small,3,no_markers,EXE,1
High-Detail_1_M__pdf_large__lsb3.png,core,PDF,PDF,large,3,full,PDF,1
High-Detail_1_M__pdf_large__lsb3.png,core,PDF,PDF,large,3,no_deinterleaving,UNKNOWN,0
High-Detail_1_M__pdf_large__lsb3.png,core,PDF,PDF,large,3,no_buffer,PDF,1
High-Detail_1_M__pdf_large__lsb3.png,core,PDF,PDF,large,3,no_markers,PDF,1
High-Detail_1_M__pdf_medium__lsb2.png,core,PDF,PDF,medium,2,full,PDF,1
High-Detail_1_M__pdf_medium__lsb2.png,core,PDF,PDF,medium,2,no_deinterleaving,UNKNOWN,0
High-Detail_1_M__pdf_medium__lsb2.png,core,PDF,PDF,medium,2,no_buffer,PDF,1
High-Detail_1_M__pdf_medium__lsb2.png,core,PDF,PDF,medium,2,no_markers,PDF,1
High-Detail_1_M__pdf_medium__lsb3.png,core,PDF,PDF,medium,3,full,PDF,1
High-Detail_1_M__pdf_medium__lsb3.png,core,PDF,PDF,medium,3,no_deinterleaving,UNKNOWN,0
High-Detail_1_M__pdf_medium__lsb3.png,core,PDF,PDF,medium,3,no_buffer,PDF,1
High-Detail_1_M__pdf_medium__lsb3.png,core,PDF,PDF,medium,3,no_markers,PDF,1
High-Detail_1_M__pdf_small__lsb1.png,core,PDF,PDF,small,1,full,PDF,1
High-Detail_1_M__pdf_small__lsb1.png,core,PDF,PDF,small,1,no_deinterleaving,PDF,1
High-Detail_1_M__pdf_small__lsb1.png,core,PDF,PDF,small,1,no_buffer,PDF,1
High-Detail_1_M__pdf_small__lsb1.png,core,PDF,PDF,small,1,no_markers,PDF,1
High-Detail_1_M__pdf_small__lsb2.png,core,PDF,PDF,small,2,full,PDF,1
High-Detail_1_M__pdf_small__lsb2.png,core,PDF,PDF,small,2,no_deinterleaving,UNKNOWN,0
High-Detail_1_M__pdf_small__lsb2.png,core,PDF,PDF,small,2,no_buffer,PDF,1
High-Detail_1_M__pdf_small__lsb2.png,core,PDF,PDF,small,2,no_markers,PDF,1
High-Detail_1_M__pdf_small__lsb3.png,core,PDF,PDF,small,3,full,PDF,1
High-Detail_1_M__pdf_small__lsb3.png,core,PDF,PDF,small,3,no_deinterleaving,UNKNOWN,0
High-Detail_1_M__pdf_small__lsb3.png,core,PDF,PDF,small,3,no_buffer,PDF,1
High-Detail_1_M__pdf_small__lsb3.png,core,PDF,PDF,small,3,no_markers,PDF,1
High-Detail_1_M__pptx_large__lsb3.png,core,PPTX,PPTX,large,3,full,PPTX,1
High-Detail_1_M__pptx_large__lsb3.png,core,PPTX,PPTX,large,3,no_deinterleaving,UNKNOWN,0
High-Detail_1_M__pptx_large__lsb3.png,core,PPTX,PPTX,large,3,no_buffer,ZIP,0
High-Detail_1_M__pptx_large__lsb3.png,core,PPTX,PPTX,large,3,no_markers,ZIP,0
High-Detail_1_M__pptx_medium__lsb2.png,core,PPTX,PPTX,medium,2,full,PPTX,1
High-Detail_1_M__pptx_medium__lsb2.png,core,PPTX,PPTX,medium,2,no_deinterleaving,UNKNOWN,0
High-Detail_1_M__pptx_medium__lsb2.png,core,PPTX,PPTX,medium,2,no_buffer,ZIP,0
High-Detail_1_M__pptx_medium__lsb2.png,core,PPTX,PPTX,medium,2,no_markers,ZIP,0
High-Detail_1_M__pptx_medium__lsb3.png,core,PPTX,PPTX,medium,3,full,PPTX,1
High-Detail_1_M__pptx_medium__lsb3.png,core,PPTX,PPTX,medium,3,no_deinterleaving,UNKNOWN,0
High-Detail_1_M__pptx_medium__lsb3.png,core,PPTX,PPTX,medium,3,no_buffer,ZIP,0
High-Detail_1_M__pptx_medium__lsb3.png,core,PPTX,PPTX,medium,3,no_markers,ZIP,0
High-Detail_1_M__pptx_small__lsb1.png,core,PPTX,PPTX,small,1,full,PPTX,1
High-Detail_1_M__pptx_small__lsb1.png,core,PPTX,PPTX,small,1,no_deinterleaving,PPTX,1
High-Detail_1_M__pptx_small__lsb1.png,core,PPTX,PPTX,small,1,no_buffer,ZIP,0
High-Detail_1_M__pptx_small__lsb1.png,core,PPTX,PPTX,small,1,no_markers,ZIP,0
High-Detail_1_M__pptx_small__lsb2.png,core,PPTX,PPTX,small,2,full,PPTX,1
High-Detail_1_M__pptx_small__lsb2.png,core,PPTX,PPTX,small,2,no_deinterleaving,UNKNOWN,0
High-Detail_1_M__pptx_small__lsb2.png,core,PPTX,PPTX,small,2,no_buffer,ZIP,0
High-Detail_1_M__pptx_small__lsb2.png,core,PPTX,PPTX,small,2,no_markers,ZIP,0
High-Detail_1_M__pptx_small__lsb3.png,core,PPTX,PPTX,small,3,full,PPTX,1
High-Detail_1_M__pptx_small__lsb3.png,core,PPTX,PPTX,small,3,no_deinterleaving,UNKNOWN,0
High-Detail_1_M__pptx_small__lsb3.png,core,PPTX,PPTX,small,3,no_buffer,ZIP,0
High-Detail_1_M__pptx_small__lsb3.png,core,PPTX,PPTX,small,3,no_markers,ZIP,0
High-Detail_1_M__rtf_large__lsb3.png,core,RTF,RTF,large,3,full,RTF,1
High-Detail_1_M__rtf_large__lsb3.png,core,RTF,RTF,large,3,no_deinterleaving,UNKNOWN,0
High-Detail_1_M__rtf_large__lsb3.png,core,RTF,RTF,large,3,no_buffer,RTF,1
High-Detail_1_M__rtf_large__lsb3.png,core,RTF,RTF,large,3,no_markers,RTF,1
High-Detail_1_M__rtf_medium__lsb2.png,core,RTF,RTF,medium,2,full,RTF,1
High-Detail_1_M__rtf_medium__lsb2.png,core,RTF,RTF,medium,2,no_deinterleaving,UNKNOWN,0
High-Detail_1_M__rtf_medium__lsb2.png,core,RTF,RTF,medium,2,no_buffer,RTF,1
High-Detail_1_M__rtf_medium__lsb2.png,core,RTF,RTF,medium,2,no_markers,RTF,1
High-Detail_1_M__rtf_medium__lsb3.png,core,RTF,RTF,medium,3,full,RTF,1
High-Detail_1_M__rtf_medium__lsb3.png,core,RTF,RTF,medium,3,no_deinterleaving,UNKNOWN,0
High-Detail_1_M__rtf_medium__lsb3.png,core,RTF,RTF,medium,3,no_buffer,RTF,1
High-Detail_1_M__rtf_medium__lsb3.png,core,RTF,RTF,medium,3,no_markers,RTF,1
High-Detail_1_M__rtf_small__lsb1.png,core,RTF,RTF,small,1,full,RTF,1
High-Detail_1_M__rtf_small__lsb1.png,core,RTF,RTF,small,1,no_deinterleaving,RTF,1
High-Detail_1_M__rtf_small__lsb1.png,core,RTF,RTF,small,1,no_buffer,RTF,1
High-Detail_1_M__rtf_small__lsb1.png,core,RTF,RTF,small,1,no_markers,RTF,1
High-Detail_1_M__rtf_small__lsb2.png,core,RTF,RTF,small,2,full,RTF,1
High-Detail_1_M__rtf_small__lsb2.png,core,RTF,RTF,small,2,no_deinterleaving,UNKNOWN,0
High-Detail_1_M__rtf_small__lsb2.png,core,RTF,RTF,small,2,no_buffer,RTF,1
High-Detail_1_M__rtf_small__lsb2.png,core,RTF,RTF,small,2,no_markers,RTF,1
High-Detail_1_M__rtf_small__lsb3.png,core,RTF,RTF,small,3,full,RTF,1
High-Detail_1_M__rtf_small__lsb3.png,core,RTF,RTF,small,3,no_deinterleaving,UNKNOWN,0
High-Detail_1_M__rtf_small__lsb3.png,core,RTF,RTF,small,3,no_buffer,RTF,1
High-Detail_1_M__rtf_small__lsb3.png,core,RTF,RTF,small,3,no_markers,RTF,1
High-Detail_1_M__xlsx_large__lsb3.png,core,XLSX,XLSX,large,3,full,XLSX,1
High-Detail_1_M__xlsx_large__lsb3.png,core,XLSX,XLSX,large,3,no_deinterleaving,UNKNOWN,0
High-Detail_1_M__xlsx_large__lsb3.png,core,XLSX,XLSX,large,3,no_buffer,ZIP,0
High-Detail_1_M__xlsx_large__lsb3.png,core,XLSX,XLSX,large,3,no_markers,ZIP,0
High-Detail_1_M__xlsx_medium__lsb2.png,core,XLSX,XLSX,medium,2,full,XLSX,1
High-Detail_1_M__xlsx_medium__lsb2.png,core,XLSX,XLSX,medium,2,no_deinterleaving,UNKNOWN,0
High-Detail_1_M__xlsx_medium__lsb2.png,core,XLSX,XLSX,medium,2,no_buffer,ZIP,0
High-Detail_1_M__xlsx_medium__lsb2.png,core,XLSX,XLSX,medium,2,no_markers,ZIP,0
High-Detail_1_M__xlsx_medium__lsb3.png,core,XLSX,XLSX,medium,3,full,XLSX,1
High-Detail_1_M__xlsx_medium__lsb3.png,core,XLSX,XLSX,medium,3,no_deinterleaving,UNKNOWN,0
High-Detail_1_M__xlsx_medium__lsb3.png,core,XLSX,XLSX,medium,3,no_buffer,ZIP,0
High-Detail_1_M__xlsx_medium__lsb3.png,core,XLSX,XLSX,medium,3,no_markers,ZIP,0
High-Detail_1_M__xlsx_small__lsb1.png,core,XLSX,XLSX,small,1,full,XLSX,1
High-Detail_1_M__xlsx_small__lsb1.png,core,XLSX,XLSX,small,1,no_deinterleaving,XLSX,1
High-Detail_1_M__xlsx_small__lsb1.png,core,XLSX,XLSX,small,1,no_buffer,ZIP,0
High-Detail_1_M__xlsx_small__lsb1.png,core,XLSX,XLSX,small,1,no_markers,ZIP,0
High-Detail_1_M__xlsx_small__lsb2.png,core,XLSX,XLSX,small,2,full,XLSX,1
High-Detail_1_M__xlsx_small__lsb2.png,core,XLSX,XLSX,small,2,no_deinterleaving,UNKNOWN,0
High-Detail_1_M__xlsx_small__lsb2.png,core,XLSX,XLSX,small,2,no_buffer,ZIP,0
High-Detail_1_M__xlsx_small__lsb2.png,core,XLSX,XLSX,small,2,no_markers,ZIP,0
High-Detail_1_M__xlsx_small__lsb3.png,core,XLSX,XLSX,small,3,full,XLSX,1
High-Detail_1_M__xlsx_small__lsb3.png,core,XLSX,XLSX,small,3,no_deinterleaving,UNKNOWN,0
High-Detail_1_M__xlsx_small__lsb3.png,core,XLSX,XLSX,small,3,no_buffer,ZIP,0
High-Detail_1_M__xlsx_small__lsb3.png,core,XLSX,XLSX,small,3,no_markers,ZIP,0
High-Detail_2_L__docx_large__lsb2.png,core,DOCX,DOCX,large,2,full,DOCX,1
High-Detail_2_L__docx_large__lsb2.png,core,DOCX,DOCX,large,2,no_deinterleaving,UNKNOWN,0
High-Detail_2_L__docx_large__lsb2.png,core,DOCX,DOCX,large,2,no_buffer,ZIP,0
High-Detail_2_L__docx_large__lsb2.png,core,DOCX,DOCX,large,2,no_markers,ZIP,0
High-Detail_2_L__docx_large__lsb3.png,core,DOCX,DOCX,large,3,full,DOCX,1
High-Detail_2_L__docx_large__lsb3.png,core,DOCX,DOCX,large,3,no_deinterleaving,UNKNOWN,0
High-Detail_2_L__docx_large__lsb3.png,core,DOCX,DOCX,large,3,no_buffer,ZIP,0
High-Detail_2_L__docx_large__lsb3.png,core,DOCX,DOCX,large,3,no_markers,ZIP,0
High-Detail_2_L__docx_medium__lsb1.png,core,DOCX,DOCX,medium,1,full,DOCX,1
High-Detail_2_L__docx_medium__lsb1.png,core,DOCX,DOCX,medium,1,no_deinterleaving,DOCX,1
High-Detail_2_L__docx_medium__lsb1.png,core,DOCX,DOCX,medium,1,no_buffer,ZIP,0
High-Detail_2_L__docx_medium__lsb1.png,core,DOCX,DOCX,medium,1,no_markers,ZIP,0
High-Detail_2_L__docx_medium__lsb2.png,core,DOCX,DOCX,medium,2,full,DOCX,1
High-Detail_2_L__docx_medium__lsb2.png,core,DOCX,DOCX,medium,2,no_deinterleaving,UNKNOWN,0
High-Detail_2_L__docx_medium__lsb2.png,core,DOCX,DOCX,medium,2,no_buffer,ZIP,0
High-Detail_2_L__docx_medium__lsb2.png,core,DOCX,DOCX,medium,2,no_markers,ZIP,0
High-Detail_2_L__docx_medium__lsb3.png,core,DOCX,DOCX,medium,3,full,DOCX,1
High-Detail_2_L__docx_medium__lsb3.png,core,DOCX,DOCX,medium,3,no_deinterleaving,UNKNOWN,0
High-Detail_2_L__docx_medium__lsb3.png,core,DOCX,DOCX,medium,3,no_buffer,ZIP,0
High-Detail_2_L__docx_medium__lsb3.png,core,DOCX,DOCX,medium,3,no_markers,ZIP,0
High-Detail_2_L__docx_small__lsb1.png,core,DOCX,DOCX,small,1,full,DOCX,1
High-Detail_2_L__docx_small__lsb1.png,core,DOCX,DOCX,small,1,no_deinterleaving,DOCX,1
High-Detail_2_L__docx_small__lsb1.png,core,DOCX,DOCX,small,1,no_buffer,ZIP,0
High-Detail_2_L__docx_small__lsb1.png,core,DOCX,DOCX,small,1,no_markers,ZIP,0
High-Detail_2_L__docx_small__lsb2.png,core,DOCX,DOCX,small,2,full,DOCX,1
High-Detail_2_L__docx_small__lsb2.png,core,DOCX,DOCX,small,2,no_deinterleaving,UNKNOWN,0
High-Detail_2_L__docx_small__lsb2.png,core,DOCX,DOCX,small,2,no_buffer,ZIP,0
High-Detail_2_L__docx_small__lsb2.png,core,DOCX,DOCX,small,2,no_markers,ZIP,0
High-Detail_2_L__docx_small__lsb3.png,core,DOCX,DOCX,small,3,full,DOCX,1
High-Detail_2_L__docx_small__lsb3.png,core,DOCX,DOCX,small,3,no_deinterleaving,UNKNOWN,0
High-Detail_2_L__docx_small__lsb3.png,core,DOCX,DOCX,small,3,no_buffer,ZIP,0
High-Detail_2_L__docx_small__lsb3.png,core,DOCX,DOCX,small,3,no_markers,ZIP,0
High-Detail_2_L__exe_large__lsb2.png,core,EXE,EXE,large,2,full,EXE,1
High-Detail_2_L__exe_large__lsb2.png,core,EXE,EXE,large,2,no_deinterleaving,UNKNOWN,0
High-Detail_2_L__exe_large__lsb2.png,core,EXE,EXE,large,2,no_buffer,EXE,1
High-Detail_2_L__exe_large__lsb2.png,core,EXE,EXE,large,2,no_markers,EXE,1
High-Detail_2_L__exe_large__lsb3.png,core,EXE,EXE,large,3,full,EXE,1
High-Detail_2_L__exe_large__lsb3.png,core,EXE,EXE,large,3,no_deinterleaving,UNKNOWN,0
High-Detail_2_L__exe_large__lsb3.png,core,EXE,EXE,large,3,no_buffer,EXE,1
High-Detail_2_L__exe_large__lsb3.png,core,EXE,EXE,large,3,no_markers,EXE,1
High-Detail_2_L__exe_medium__lsb1.png,core,EXE,EXE,medium,1,full,EXE,1
High-Detail_2_L__exe_medium__lsb1.png,core,EXE,EXE,medium,1,no_deinterleaving,EXE,1
High-Detail_2_L__exe_medium__lsb1.png,core,EXE,EXE,medium,1,no_buffer,EXE,1
High-Detail_2_L__exe_medium__lsb1.png,core,EXE,EXE,medium,1,no_markers,EXE,1
High-Detail_2_L__exe_medium__lsb2.png,core,EXE,EXE,medium,2,full,EXE,1
High-Detail_2_L__exe_medium__lsb2.png,core,EXE,EXE,medium,2,no_deinterleaving,UNKNOWN,0
High-Detail_2_L__exe_medium__lsb2.png,core,EXE,EXE,medium,2,no_buffer,EXE,1
High-Detail_2_L__exe_medium__lsb2.png,core,EXE,EXE,medium,2,no_markers,EXE,1
High-Detail_2_L__exe_medium__lsb3.png,core,EXE,EXE,medium,3,full,EXE,1
High-Detail_2_L__exe_medium__lsb3.png,core,EXE,EXE,medium,3,no_deinterleaving,UNKNOWN,0
High-Detail_2_L__exe_medium__lsb3.png,core,EXE,EXE,medium,3,no_buffer,EXE,1
High-Detail_2_L__exe_medium__lsb3.png,core,EXE,EXE,medium,3,no_markers,EXE,1
High-Detail_2_L__exe_small__lsb1.png,core,EXE,EXE,small,1,full,EXE,1
High-Detail_2_L__exe_small__lsb1.png,core,EXE,EXE,small,1,no_deinterleaving,EXE,1
High-Detail_2_L__exe_small__lsb1.png,core,EXE,EXE,small,1,no_buffer,EXE,1
High-Detail_2_L__exe_small__lsb1.png,core,EXE,EXE,small,1,no_markers,EXE,1
High-Detail_2_L__exe_small__lsb2.png,core,EXE,EXE,small,2,full,EXE,1
High-Detail_2_L__exe_small__lsb2.png,core,EXE,EXE,small,2,no_deinterleaving,UNKNOWN,0
High-Detail_2_L__exe_small__lsb2.png,core,EXE,EXE,small,2,no_buffer,EXE,1
High-Detail_2_L__exe_small__lsb2.png,core,EXE,EXE,small,2,no_markers,EXE,1
High-Detail_2_L__exe_small__lsb3.png,core,EXE,EXE,small,3,full,EXE,1
High-Detail_2_L__exe_small__lsb3.png,core,EXE,EXE,small,3,no_deinterleaving,UNKNOWN,0
High-Detail_2_L__exe_small__lsb3.png,core,EXE,EXE,small,3,no_buffer,EXE,1
High-Detail_2_L__exe_small__lsb3.png,core,EXE,EXE,small,3,no_markers,EXE,1
High-Detail_2_L__pdf_large__lsb2.png,core,PDF,PDF,large,2,full,PDF,1
High-Detail_2_L__pdf_large__lsb2.png,core,PDF,PDF,large,2,no_deinterleaving,UNKNOWN,0
High-Detail_2_L__pdf_large__lsb2.png,core,PDF,PDF,large,2,no_buffer,PDF,1
High-Detail_2_L__pdf_large__lsb2.png,core,PDF,PDF,large,2,no_markers,PDF,1
High-Detail_2_L__pdf_large__lsb3.png,core,PDF,PDF,large,3,full,PDF,1
High-Detail_2_L__pdf_large__lsb3.png,core,PDF,PDF,large,3,no_deinterleaving,UNKNOWN,0
High-Detail_2_L__pdf_large__lsb3.png,core,PDF,PDF,large,3,no_buffer,PDF,1
High-Detail_2_L__pdf_large__lsb3.png,core,PDF,PDF,large,3,no_markers,PDF,1
High-Detail_2_L__pdf_medium__lsb1.png,core,PDF,PDF,medium,1,full,PDF,1
High-Detail_2_L__pdf_medium__lsb1.png,core,PDF,PDF,medium,1,no_deinterleaving,PDF,1
High-Detail_2_L__pdf_medium__lsb1.png,core,PDF,PDF,medium,1,no_buffer,PDF,1
High-Detail_2_L__pdf_medium__lsb1.png,core,PDF,PDF,medium,1,no_markers,PDF,1
High-Detail_2_L__pdf_medium__lsb2.png,core,PDF,PDF,medium,2,full,PDF,1
High-Detail_2_L__pdf_medium__lsb2.png,core,PDF,PDF,medium,2,no_deinterleaving,UNKNOWN,0
High-Detail_2_L__pdf_medium__lsb2.png,core,PDF,PDF,medium,2,no_buffer,PDF,1
High-Detail_2_L__pdf_medium__lsb2.png,core,PDF,PDF,medium,2,no_markers,PDF,1
High-Detail_2_L__pdf_medium__lsb3.png,core,PDF,PDF,medium,3,full,PDF,1
High-Detail_2_L__pdf_medium__lsb3.png,core,PDF,PDF,medium,3,no_deinterleaving,UNKNOWN,0
High-Detail_2_L__pdf_medium__lsb3.png,core,PDF,PDF,medium,3,no_buffer,PDF,1
High-Detail_2_L__pdf_medium__lsb3.png,core,PDF,PDF,medium,3,no_markers,PDF,1
High-Detail_2_L__pdf_small__lsb1.png,core,PDF,PDF,small,1,full,PDF,1
High-Detail_2_L__pdf_small__lsb1.png,core,PDF,PDF,small,1,no_deinterleaving,PDF,1
High-Detail_2_L__pdf_small__lsb1.png,core,PDF,PDF,small,1,no_buffer,PDF,1
High-Detail_2_L__pdf_small__lsb1.png,core,PDF,PDF,small,1,no_markers,PDF,1
High-Detail_2_L__pdf_small__lsb2.png,core,PDF,PDF,small,2,full,PDF,1
High-Detail_2_L__pdf_small__lsb2.png,core,PDF,PDF,small,2,no_deinterleaving,UNKNOWN,0
High-Detail_2_L__pdf_small__lsb2.png,core,PDF,PDF,small,2,no_buffer,PDF,1
High-Detail_2_L__pdf_small__lsb2.png,core,PDF,PDF,small,2,no_markers,PDF,1
High-Detail_2_L__pdf_small__lsb3.png,core,PDF,PDF,small,3,full,PDF,1
High-Detail_2_L__pdf_small__lsb3.png,core,PDF,PDF,small,3,no_deinterleaving,UNKNOWN,0
High-Detail_2_L__pdf_small__lsb3.png,core,PDF,PDF,small,3,no_buffer,PDF,1
High-Detail_2_L__pdf_small__lsb3.png,core,PDF,PDF,small,3,no_markers,PDF,1
High-Detail_2_L__pptx_large__lsb2.png,core,PPTX,PPTX,large,2,full,PPTX,1
High-Detail_2_L__pptx_large__lsb2.png,core,PPTX,PPTX,large,2,no_deinterleaving,UNKNOWN,0
High-Detail_2_L__pptx_large__lsb2.png,core,PPTX,PPTX,large,2,no_buffer,ZIP,0
High-Detail_2_L__pptx_large__lsb2.png,core,PPTX,PPTX,large,2,no_markers,ZIP,0
High-Detail_2_L__pptx_large__lsb3.png,core,PPTX,PPTX,large,3,full,PPTX,1
High-Detail_2_L__pptx_large__lsb3.png,core,PPTX,PPTX,large,3,no_deinterleaving,UNKNOWN,0
High-Detail_2_L__pptx_large__lsb3.png,core,PPTX,PPTX,large,3,no_buffer,ZIP,0
High-Detail_2_L__pptx_large__lsb3.png,core,PPTX,PPTX,large,3,no_markers,ZIP,0
High-Detail_2_L__pptx_medium__lsb1.png,core,PPTX,PPTX,medium,1,full,PPTX,1
High-Detail_2_L__pptx_medium__lsb1.png,core,PPTX,PPTX,medium,1,no_deinterleaving,PPTX,1
High-Detail_2_L__pptx_medium__lsb1.png,core,PPTX,PPTX,medium,1,no_buffer,ZIP,0
High-Detail_2_L__pptx_medium__lsb1.png,core,PPTX,PPTX,medium,1,no_markers,ZIP,0
High-Detail_2_L__pptx_medium__lsb2.png,core,PPTX,PPTX,medium,2,full,PPTX,1
High-Detail_2_L__pptx_medium__lsb2.png,core,PPTX,PPTX,medium,2,no_deinterleaving,UNKNOWN,0
High-Detail_2_L__pptx_medium__lsb2.png,core,PPTX,PPTX,medium,2,no_buffer,ZIP,0
High-Detail_2_L__pptx_medium__lsb2.png,core,PPTX,PPTX,medium,2,no_markers,ZIP,0
High-Detail_2_L__pptx_medium__lsb3.png,core,PPTX,PPTX,medium,3,full,PPTX,1
High-Detail_2_L__pptx_medium__lsb3.png,core,PPTX,PPTX,medium,3,no_deinterleaving,UNKNOWN,0
High-Detail_2_L__pptx_medium__lsb3.png,core,PPTX,PPTX,medium,3,no_buffer,ZIP,0
High-Detail_2_L__pptx_medium__lsb3.png,core,PPTX,PPTX,medium,3,no_markers,ZIP,0
High-Detail_2_L__pptx_small__lsb1.png,core,PPTX,PPTX,small,1,full,PPTX,1
High-Detail_2_L__pptx_small__lsb1.png,core,PPTX,PPTX,small,1,no_deinterleaving,PPTX,1
High-Detail_2_L__pptx_small__lsb1.png,core,PPTX,PPTX,small,1,no_buffer,ZIP,0
High-Detail_2_L__pptx_small__lsb1.png,core,PPTX,PPTX,small,1,no_markers,ZIP,0
High-Detail_2_L__pptx_small__lsb2.png,core,PPTX,PPTX,small,2,full,PPTX,1
High-Detail_2_L__pptx_small__lsb2.png,core,PPTX,PPTX,small,2,no_deinterleaving,UNKNOWN,0
High-Detail_2_L__pptx_small__lsb2.png,core,PPTX,PPTX,small,2,no_buffer,ZIP,0
High-Detail_2_L__pptx_small__lsb2.png,core,PPTX,PPTX,small,2,no_markers,ZIP,0
High-Detail_2_L__pptx_small__lsb3.png,core,PPTX,PPTX,small,3,full,PPTX,1
High-Detail_2_L__pptx_small__lsb3.png,core,PPTX,PPTX,small,3,no_deinterleaving,UNKNOWN,0
High-Detail_2_L__pptx_small__lsb3.png,core,PPTX,PPTX,small,3,no_buffer,ZIP,0
High-Detail_2_L__pptx_small__lsb3.png,core,PPTX,PPTX,small,3,no_markers,ZIP,0
High-Detail_2_L__rtf_large__lsb2.png,core,RTF,RTF,large,2,full,RTF,1
High-Detail_2_L__rtf_large__lsb2.png,core,RTF,RTF,large,2,no_deinterleaving,UNKNOWN,0
High-Detail_2_L__rtf_large__lsb2.png,core,RTF,RTF,large,2,no_buffer,RTF,1
High-Detail_2_L__rtf_large__lsb2.png,core,RTF,RTF,large,2,no_markers,RTF,1
High-Detail_2_L__rtf_large__lsb3.png,core,RTF,RTF,large,3,full,RTF,1
High-Detail_2_L__rtf_large__lsb3.png,core,RTF,RTF,large,3,no_deinterleaving,UNKNOWN,0
High-Detail_2_L__rtf_large__lsb3.png,core,RTF,RTF,large,3,no_buffer,RTF,1
High-Detail_2_L__rtf_large__lsb3.png,core,RTF,RTF,large,3,no_markers,RTF,1
High-Detail_2_L__rtf_medium__lsb1.png,core,RTF,RTF,medium,1,full,RTF,1
High-Detail_2_L__rtf_medium__lsb1.png,core,RTF,RTF,medium,1,no_deinterleaving,RTF,1
High-Detail_2_L__rtf_medium__lsb1.png,core,RTF,RTF,medium,1,no_buffer,RTF,1
High-Detail_2_L__rtf_medium__lsb1.png,core,RTF,RTF,medium,1,no_markers,RTF,1
High-Detail_2_L__rtf_medium__lsb2.png,core,RTF,RTF,medium,2,full,RTF,1
High-Detail_2_L__rtf_medium__lsb2.png,core,RTF,RTF,medium,2,no_deinterleaving,UNKNOWN,0
High-Detail_2_L__rtf_medium__lsb2.png,core,RTF,RTF,medium,2,no_buffer,RTF,1
High-Detail_2_L__rtf_medium__lsb2.png,core,RTF,RTF,medium,2,no_markers,RTF,1
High-Detail_2_L__rtf_medium__lsb3.png,core,RTF,RTF,medium,3,full,RTF,1
High-Detail_2_L__rtf_medium__lsb3.png,core,RTF,RTF,medium,3,no_deinterleaving,UNKNOWN,0
High-Detail_2_L__rtf_medium__lsb3.png,core,RTF,RTF,medium,3,no_buffer,RTF,1
High-Detail_2_L__rtf_medium__lsb3.png,core,RTF,RTF,medium,3,no_markers,RTF,1
High-Detail_2_L__rtf_small__lsb1.png,core,RTF,RTF,small,1,full,RTF,1
High-Detail_2_L__rtf_small__lsb1.png,core,RTF,RTF,small,1,no_deinterleaving,RTF,1
High-Detail_2_L__rtf_small__lsb1.png,core,RTF,RTF,small,1,no_buffer,RTF,1
High-Detail_2_L__rtf_small__lsb1.png,core,RTF,RTF,small,1,no_markers,RTF,1
High-Detail_2_L__rtf_small__lsb2.png,core,RTF,RTF,small,2,full,RTF,1
High-Detail_2_L__rtf_small__lsb2.png,core,RTF,RTF,small,2,no_deinterleaving,UNKNOWN,0
High-Detail_2_L__rtf_small__lsb2.png,core,RTF,RTF,small,2,no_buffer,RTF,1
High-Detail_2_L__rtf_small__lsb2.png,core,RTF,RTF,small,2,no_markers,RTF,1
High-Detail_2_L__rtf_small__lsb3.png,core,RTF,RTF,small,3,full,RTF,1
High-Detail_2_L__rtf_small__lsb3.png,core,RTF,RTF,small,3,no_deinterleaving,UNKNOWN,0
High-Detail_2_L__rtf_small__lsb3.png,core,RTF,RTF,small,3,no_buffer,RTF,1
High-Detail_2_L__rtf_small__lsb3.png,core,RTF,RTF,small,3,no_markers,RTF,1
High-Detail_2_L__xlsx_large__lsb2.png,core,XLSX,XLSX,large,2,full,XLSX,1
High-Detail_2_L__xlsx_large__lsb2.png,core,XLSX,XLSX,large,2,no_deinterleaving,UNKNOWN,0
High-Detail_2_L__xlsx_large__lsb2.png,core,XLSX,XLSX,large,2,no_buffer,ZIP,0
High-Detail_2_L__xlsx_large__lsb2.png,core,XLSX,XLSX,large,2,no_markers,ZIP,0
High-Detail_2_L__xlsx_large__lsb3.png,core,XLSX,XLSX,large,3,full,XLSX,1
High-Detail_2_L__xlsx_large__lsb3.png,core,XLSX,XLSX,large,3,no_deinterleaving,UNKNOWN,0
High-Detail_2_L__xlsx_large__lsb3.png,core,XLSX,XLSX,large,3,no_buffer,ZIP,0
High-Detail_2_L__xlsx_large__lsb3.png,core,XLSX,XLSX,large,3,no_markers,ZIP,0
High-Detail_2_L__xlsx_medium__lsb1.png,core,XLSX,XLSX,medium,1,full,XLSX,1
High-Detail_2_L__xlsx_medium__lsb1.png,core,XLSX,XLSX,medium,1,no_deinterleaving,XLSX,1
High-Detail_2_L__xlsx_medium__lsb1.png,core,XLSX,XLSX,medium,1,no_buffer,ZIP,0
High-Detail_2_L__xlsx_medium__lsb1.png,core,XLSX,XLSX,medium,1,no_markers,ZIP,0
High-Detail_2_L__xlsx_medium__lsb2.png,core,XLSX,XLSX,medium,2,full,XLSX,1
High-Detail_2_L__xlsx_medium__lsb2.png,core,XLSX,XLSX,medium,2,no_deinterleaving,UNKNOWN,0
High-Detail_2_L__xlsx_medium__lsb2.png,core,XLSX,XLSX,medium,2,no_buffer,ZIP,0
High-Detail_2_L__xlsx_medium__lsb2.png,core,XLSX,XLSX,medium,2,no_markers,ZIP,0
High-Detail_2_L__xlsx_medium__lsb3.png,core,XLSX,XLSX,medium,3,full,XLSX,1
High-Detail_2_L__xlsx_medium__lsb3.png,core,XLSX,XLSX,medium,3,no_deinterleaving,UNKNOWN,0
High-Detail_2_L__xlsx_medium__lsb3.png,core,XLSX,XLSX,medium,3,no_buffer,ZIP,0
High-Detail_2_L__xlsx_medium__lsb3.png,core,XLSX,XLSX,medium,3,no_markers,ZIP,0
High-Detail_2_L__xlsx_small__lsb1.png,core,XLSX,XLSX,small,1,full,XLSX,1
High-Detail_2_L__xlsx_small__lsb1.png,core,XLSX,XLSX,small,1,no_deinterleaving,XLSX,1
High-Detail_2_L__xlsx_small__lsb1.png,core,XLSX,XLSX,small,1,no_buffer,ZIP,0
High-Detail_2_L__xlsx_small__lsb1.png,core,XLSX,XLSX,small,1,no_markers,ZIP,0
High-Detail_2_L__xlsx_small__lsb2.png,core,XLSX,XLSX,small,2,full,XLSX,1
High-Detail_2_L__xlsx_small__lsb2.png,core,XLSX,XLSX,small,2,no_deinterleaving,UNKNOWN,0
High-Detail_2_L__xlsx_small__lsb2.png,core,XLSX,XLSX,small,2,no_buffer,ZIP,0
High-Detail_2_L__xlsx_small__lsb2.png,core,XLSX,XLSX,small,2,no_markers,ZIP,0
High-Detail_2_L__xlsx_small__lsb3.png,core,XLSX,XLSX,small,3,full,XLSX,1
High-Detail_2_L__xlsx_small__lsb3.png,core,XLSX,XLSX,small,3,no_deinterleaving,UNKNOWN,0
High-Detail_2_L__xlsx_small__lsb3.png,core,XLSX,XLSX,small,3,no_buffer,ZIP,0
High-Detail_2_L__xlsx_small__lsb3.png,core,XLSX,XLSX,small,3,no_markers,ZIP,0
Low-Detail_1_M__docx_large__lsb3.bmp,core,DOCX,DOCX,large,3,full,DOCX,1
Low-Detail_1_M__docx_large__lsb3.bmp,core,DOCX,DOCX,large,3,no_deinterleaving,UNKNOWN,0
Low-Detail_1_M__docx_large__lsb3.bmp,core,DOCX,DOCX,large,3,no_buffer,ZIP,0
Low-Detail_1_M__docx_large__lsb3.bmp,core,DOCX,DOCX,large,3,no_markers,ZIP,0
Low-Detail_1_M__docx_medium__lsb2.bmp,core,DOCX,DOCX,medium,2,full,DOCX,1
Low-Detail_1_M__docx_medium__lsb2.bmp,core,DOCX,DOCX,medium,2,no_deinterleaving,UNKNOWN,0
Low-Detail_1_M__docx_medium__lsb2.bmp,core,DOCX,DOCX,medium,2,no_buffer,ZIP,0
Low-Detail_1_M__docx_medium__lsb2.bmp,core,DOCX,DOCX,medium,2,no_markers,ZIP,0
Low-Detail_1_M__docx_medium__lsb3.bmp,core,DOCX,DOCX,medium,3,full,DOCX,1
Low-Detail_1_M__docx_medium__lsb3.bmp,core,DOCX,DOCX,medium,3,no_deinterleaving,UNKNOWN,0
Low-Detail_1_M__docx_medium__lsb3.bmp,core,DOCX,DOCX,medium,3,no_buffer,ZIP,0
Low-Detail_1_M__docx_medium__lsb3.bmp,core,DOCX,DOCX,medium,3,no_markers,ZIP,0
Low-Detail_1_M__docx_small__lsb1.bmp,core,DOCX,DOCX,small,1,full,DOCX,1
Low-Detail_1_M__docx_small__lsb1.bmp,core,DOCX,DOCX,small,1,no_deinterleaving,DOCX,1
Low-Detail_1_M__docx_small__lsb1.bmp,core,DOCX,DOCX,small,1,no_buffer,ZIP,0
Low-Detail_1_M__docx_small__lsb1.bmp,core,DOCX,DOCX,small,1,no_markers,ZIP,0
Low-Detail_1_M__docx_small__lsb2.bmp,core,DOCX,DOCX,small,2,full,DOCX,1
Low-Detail_1_M__docx_small__lsb2.bmp,core,DOCX,DOCX,small,2,no_deinterleaving,UNKNOWN,0
Low-Detail_1_M__docx_small__lsb2.bmp,core,DOCX,DOCX,small,2,no_buffer,ZIP,0
Low-Detail_1_M__docx_small__lsb2.bmp,core,DOCX,DOCX,small,2,no_markers,ZIP,0
Low-Detail_1_M__docx_small__lsb3.bmp,core,DOCX,DOCX,small,3,full,DOCX,1
Low-Detail_1_M__docx_small__lsb3.bmp,core,DOCX,DOCX,small,3,no_deinterleaving,UNKNOWN,0
Low-Detail_1_M__docx_small__lsb3.bmp,core,DOCX,DOCX,small,3,no_buffer,ZIP,0
Low-Detail_1_M__docx_small__lsb3.bmp,core,DOCX,DOCX,small,3,no_markers,ZIP,0
Low-Detail_1_M__exe_large__lsb3.bmp,core,EXE,EXE,large,3,full,EXE,1
Low-Detail_1_M__exe_large__lsb3.bmp,core,EXE,EXE,large,3,no_deinterleaving,UNKNOWN,0
Low-Detail_1_M__exe_large__lsb3.bmp,core,EXE,EXE,large,3,no_buffer,EXE,1
Low-Detail_1_M__exe_large__lsb3.bmp,core,EXE,EXE,large,3,no_markers,EXE,1
Low-Detail_1_M__exe_medium__lsb2.bmp,core,EXE,EXE,medium,2,full,EXE,1
Low-Detail_1_M__exe_medium__lsb2.bmp,core,EXE,EXE,medium,2,no_deinterleaving,UNKNOWN,0
Low-Detail_1_M__exe_medium__lsb2.bmp,core,EXE,EXE,medium,2,no_buffer,EXE,1
Low-Detail_1_M__exe_medium__lsb2.bmp,core,EXE,EXE,medium,2,no_markers,EXE,1
Low-Detail_1_M__exe_medium__lsb3.bmp,core,EXE,EXE,medium,3,full,EXE,1
Low-Detail_1_M__exe_medium__lsb3.bmp,core,EXE,EXE,medium,3,no_deinterleaving,UNKNOWN,0
Low-Detail_1_M__exe_medium__lsb3.bmp,core,EXE,EXE,medium,3,no_buffer,EXE,1
Low-Detail_1_M__exe_medium__lsb3.bmp,core,EXE,EXE,medium,3,no_markers,EXE,1
Low-Detail_1_M__exe_small__lsb1.bmp,core,EXE,EXE,small,1,full,EXE,1
Low-Detail_1_M__exe_small__lsb1.bmp,core,EXE,EXE,small,1,no_deinterleaving,EXE,1
Low-Detail_1_M__exe_small__lsb1.bmp,core,EXE,EXE,small,1,no_buffer,EXE,1
Low-Detail_1_M__exe_small__lsb1.bmp,core,EXE,EXE,small,1,no_markers,EXE,1
Low-Detail_1_M__exe_small__lsb2.bmp,core,EXE,EXE,small,2,full,EXE,1
Low-Detail_1_M__exe_small__lsb2.bmp,core,EXE,EXE,small,2,no_deinterleaving,UNKNOWN,0
Low-Detail_1_M__exe_small__lsb2.bmp,core,EXE,EXE,small,2,no_buffer,EXE,1
Low-Detail_1_M__exe_small__lsb2.bmp,core,EXE,EXE,small,2,no_markers,EXE,1
Low-Detail_1_M__exe_small__lsb3.bmp,core,EXE,EXE,small,3,full,EXE,1
Low-Detail_1_M__exe_small__lsb3.bmp,core,EXE,EXE,small,3,no_deinterleaving,UNKNOWN,0
Low-Detail_1_M__exe_small__lsb3.bmp,core,EXE,EXE,small,3,no_buffer,EXE,1
Low-Detail_1_M__exe_small__lsb3.bmp,core,EXE,EXE,small,3,no_markers,EXE,1
Low-Detail_1_M__pdf_large__lsb3.bmp,core,PDF,PDF,large,3,full,PDF,1
Low-Detail_1_M__pdf_large__lsb3.bmp,core,PDF,PDF,large,3,no_deinterleaving,UNKNOWN,0
Low-Detail_1_M__pdf_large__lsb3.bmp,core,PDF,PDF,large,3,no_buffer,PDF,1
Low-Detail_1_M__pdf_large__lsb3.bmp,core,PDF,PDF,large,3,no_markers,PDF,1
Low-Detail_1_M__pdf_medium__lsb2.bmp,core,PDF,PDF,medium,2,full,PDF,1
Low-Detail_1_M__pdf_medium__lsb2.bmp,core,PDF,PDF,medium,2,no_deinterleaving,UNKNOWN,0
Low-Detail_1_M__pdf_medium__lsb2.bmp,core,PDF,PDF,medium,2,no_buffer,PDF,1
Low-Detail_1_M__pdf_medium__lsb2.bmp,core,PDF,PDF,medium,2,no_markers,PDF,1
Low-Detail_1_M__pdf_medium__lsb3.bmp,core,PDF,PDF,medium,3,full,PDF,1
Low-Detail_1_M__pdf_medium__lsb3.bmp,core,PDF,PDF,medium,3,no_deinterleaving,UNKNOWN,0
Low-Detail_1_M__pdf_medium__lsb3.bmp,core,PDF,PDF,medium,3,no_buffer,PDF,1
Low-Detail_1_M__pdf_medium__lsb3.bmp,core,PDF,PDF,medium,3,no_markers,PDF,1
Low-Detail_1_M__pdf_small__lsb1.bmp,core,PDF,PDF,small,1,full,PDF,1
Low-Detail_1_M__pdf_small__lsb1.bmp,core,PDF,PDF,small,1,no_deinterleaving,PDF,1
Low-Detail_1_M__pdf_small__lsb1.bmp,core,PDF,PDF,small,1,no_buffer,PDF,1
Low-Detail_1_M__pdf_small__lsb1.bmp,core,PDF,PDF,small,1,no_markers,PDF,1
Low-Detail_1_M__pdf_small__lsb2.bmp,core,PDF,PDF,small,2,full,PDF,1
Low-Detail_1_M__pdf_small__lsb2.bmp,core,PDF,PDF,small,2,no_deinterleaving,UNKNOWN,0
Low-Detail_1_M__pdf_small__lsb2.bmp,core,PDF,PDF,small,2,no_buffer,PDF,1
Low-Detail_1_M__pdf_small__lsb2.bmp,core,PDF,PDF,small,2,no_markers,PDF,1
Low-Detail_1_M__pdf_small__lsb3.bmp,core,PDF,PDF,small,3,full,PDF,1
Low-Detail_1_M__pdf_small__lsb3.bmp,core,PDF,PDF,small,3,no_deinterleaving,UNKNOWN,0
Low-Detail_1_M__pdf_small__lsb3.bmp,core,PDF,PDF,small,3,no_buffer,PDF,1
Low-Detail_1_M__pdf_small__lsb3.bmp,core,PDF,PDF,small,3,no_markers,PDF,1
Low-Detail_1_M__pptx_large__lsb3.bmp,core,PPTX,PPTX,large,3,full,PPTX,1
Low-Detail_1_M__pptx_large__lsb3.bmp,core,PPTX,PPTX,large,3,no_deinterleaving,UNKNOWN,0
Low-Detail_1_M__pptx_large__lsb3.bmp,core,PPTX,PPTX,large,3,no_buffer,ZIP,0
Low-Detail_1_M__pptx_large__lsb3.bmp,core,PPTX,PPTX,large,3,no_markers,ZIP,0
Low-Detail_1_M__pptx_medium__lsb2.bmp,core,PPTX,PPTX,medium,2,full,PPTX,1
Low-Detail_1_M__pptx_medium__lsb2.bmp,core,PPTX,PPTX,medium,2,no_deinterleaving,UNKNOWN,0
Low-Detail_1_M__pptx_medium__lsb2.bmp,core,PPTX,PPTX,medium,2,no_buffer,ZIP,0
Low-Detail_1_M__pptx_medium__lsb2.bmp,core,PPTX,PPTX,medium,2,no_markers,ZIP,0
Low-Detail_1_M__pptx_medium__lsb3.bmp,core,PPTX,PPTX,medium,3,full,PPTX,1
Low-Detail_1_M__pptx_medium__lsb3.bmp,core,PPTX,PPTX,medium,3,no_deinterleaving,UNKNOWN,0
Low-Detail_1_M__pptx_medium__lsb3.bmp,core,PPTX,PPTX,medium,3,no_buffer,ZIP,0
Low-Detail_1_M__pptx_medium__lsb3.bmp,core,PPTX,PPTX,medium,3,no_markers,ZIP,0
Low-Detail_1_M__pptx_small__lsb1.bmp,core,PPTX,PPTX,small,1,full,PPTX,1
Low-Detail_1_M__pptx_small__lsb1.bmp,core,PPTX,PPTX,small,1,no_deinterleaving,PPTX,1
Low-Detail_1_M__pptx_small__lsb1.bmp,core,PPTX,PPTX,small,1,no_buffer,ZIP,0
Low-Detail_1_M__pptx_small__lsb1.bmp,core,PPTX,PPTX,small,1,no_markers,ZIP,0
Low-Detail_1_M__pptx_small__lsb2.bmp,core,PPTX,PPTX,small,2,full,PPTX,1
Low-Detail_1_M__pptx_small__lsb2.bmp,core,PPTX,PPTX,small,2,no_deinterleaving,UNKNOWN,0
Low-Detail_1_M__pptx_small__lsb2.bmp,core,PPTX,PPTX,small,2,no_buffer,ZIP,0
Low-Detail_1_M__pptx_small__lsb2.bmp,core,PPTX,PPTX,small,2,no_markers,ZIP,0
Low-Detail_1_M__pptx_small__lsb3.bmp,core,PPTX,PPTX,small,3,full,PPTX,1
Low-Detail_1_M__pptx_small__lsb3.bmp,core,PPTX,PPTX,small,3,no_deinterleaving,UNKNOWN,0
Low-Detail_1_M__pptx_small__lsb3.bmp,core,PPTX,PPTX,small,3,no_buffer,ZIP,0
Low-Detail_1_M__pptx_small__lsb3.bmp,core,PPTX,PPTX,small,3,no_markers,ZIP,0
Low-Detail_1_M__rtf_large__lsb3.bmp,core,RTF,RTF,large,3,full,RTF,1
Low-Detail_1_M__rtf_large__lsb3.bmp,core,RTF,RTF,large,3,no_deinterleaving,UNKNOWN,0
Low-Detail_1_M__rtf_large__lsb3.bmp,core,RTF,RTF,large,3,no_buffer,RTF,1
Low-Detail_1_M__rtf_large__lsb3.bmp,core,RTF,RTF,large,3,no_markers,RTF,1
Low-Detail_1_M__rtf_medium__lsb2.bmp,core,RTF,RTF,medium,2,full,RTF,1
Low-Detail_1_M__rtf_medium__lsb2.bmp,core,RTF,RTF,medium,2,no_deinterleaving,UNKNOWN,0
Low-Detail_1_M__rtf_medium__lsb2.bmp,core,RTF,RTF,medium,2,no_buffer,RTF,1
Low-Detail_1_M__rtf_medium__lsb2.bmp,core,RTF,RTF,medium,2,no_markers,RTF,1
Low-Detail_1_M__rtf_medium__lsb3.bmp,core,RTF,RTF,medium,3,full,RTF,1
Low-Detail_1_M__rtf_medium__lsb3.bmp,core,RTF,RTF,medium,3,no_deinterleaving,UNKNOWN,0
Low-Detail_1_M__rtf_medium__lsb3.bmp,core,RTF,RTF,medium,3,no_buffer,RTF,1
Low-Detail_1_M__rtf_medium__lsb3.bmp,core,RTF,RTF,medium,3,no_markers,RTF,1
Low-Detail_1_M__rtf_small__lsb1.bmp,core,RTF,RTF,small,1,full,RTF,1
Low-Detail_1_M__rtf_small__lsb1.bmp,core,RTF,RTF,small,1,no_deinterleaving,RTF,1
Low-Detail_1_M__rtf_small__lsb1.bmp,core,RTF,RTF,small,1,no_buffer,RTF,1
Low-Detail_1_M__rtf_small__lsb1.bmp,core,RTF,RTF,small,1,no_markers,RTF,1
Low-Detail_1_M__rtf_small__lsb2.bmp,core,RTF,RTF,small,2,full,RTF,1
Low-Detail_1_M__rtf_small__lsb2.bmp,core,RTF,RTF,small,2,no_deinterleaving,UNKNOWN,0
Low-Detail_1_M__rtf_small__lsb2.bmp,core,RTF,RTF,small,2,no_buffer,RTF,1
Low-Detail_1_M__rtf_small__lsb2.bmp,core,RTF,RTF,small,2,no_markers,RTF,1
Low-Detail_1_M__rtf_small__lsb3.bmp,core,RTF,RTF,small,3,full,RTF,1
Low-Detail_1_M__rtf_small__lsb3.bmp,core,RTF,RTF,small,3,no_deinterleaving,UNKNOWN,0
Low-Detail_1_M__rtf_small__lsb3.bmp,core,RTF,RTF,small,3,no_buffer,RTF,1
Low-Detail_1_M__rtf_small__lsb3.bmp,core,RTF,RTF,small,3,no_markers,RTF,1
Low-Detail_1_M__xlsx_large__lsb3.bmp,core,XLSX,XLSX,large,3,full,XLSX,1
Low-Detail_1_M__xlsx_large__lsb3.bmp,core,XLSX,XLSX,large,3,no_deinterleaving,UNKNOWN,0
Low-Detail_1_M__xlsx_large__lsb3.bmp,core,XLSX,XLSX,large,3,no_buffer,ZIP,0
Low-Detail_1_M__xlsx_large__lsb3.bmp,core,XLSX,XLSX,large,3,no_markers,ZIP,0
Low-Detail_1_M__xlsx_medium__lsb2.bmp,core,XLSX,XLSX,medium,2,full,XLSX,1
Low-Detail_1_M__xlsx_medium__lsb2.bmp,core,XLSX,XLSX,medium,2,no_deinterleaving,UNKNOWN,0
Low-Detail_1_M__xlsx_medium__lsb2.bmp,core,XLSX,XLSX,medium,2,no_buffer,ZIP,0
Low-Detail_1_M__xlsx_medium__lsb2.bmp,core,XLSX,XLSX,medium,2,no_markers,ZIP,0
Low-Detail_1_M__xlsx_medium__lsb3.bmp,core,XLSX,XLSX,medium,3,full,XLSX,1
Low-Detail_1_M__xlsx_medium__lsb3.bmp,core,XLSX,XLSX,medium,3,no_deinterleaving,UNKNOWN,0
Low-Detail_1_M__xlsx_medium__lsb3.bmp,core,XLSX,XLSX,medium,3,no_buffer,ZIP,0
Low-Detail_1_M__xlsx_medium__lsb3.bmp,core,XLSX,XLSX,medium,3,no_markers,ZIP,0
Low-Detail_1_M__xlsx_small__lsb1.bmp,core,XLSX,XLSX,small,1,full,XLSX,1
Low-Detail_1_M__xlsx_small__lsb1.bmp,core,XLSX,XLSX,small,1,no_deinterleaving,XLSX,1
Low-Detail_1_M__xlsx_small__lsb1.bmp,core,XLSX,XLSX,small,1,no_buffer,ZIP,0
Low-Detail_1_M__xlsx_small__lsb1.bmp,core,XLSX,XLSX,small,1,no_markers,ZIP,0
Low-Detail_1_M__xlsx_small__lsb2.bmp,core,XLSX,XLSX,small,2,full,XLSX,1
Low-Detail_1_M__xlsx_small__lsb2.bmp,core,XLSX,XLSX,small,2,no_deinterleaving,UNKNOWN,0
Low-Detail_1_M__xlsx_small__lsb2.bmp,core,XLSX,XLSX,small,2,no_buffer,ZIP,0
Low-Detail_1_M__xlsx_small__lsb2.bmp,core,XLSX,XLSX,small,2,no_markers,ZIP,0
Low-Detail_1_M__xlsx_small__lsb3.bmp,core,XLSX,XLSX,small,3,full,XLSX,1
Low-Detail_1_M__xlsx_small__lsb3.bmp,core,XLSX,XLSX,small,3,no_deinterleaving,UNKNOWN,0
Low-Detail_1_M__xlsx_small__lsb3.bmp,core,XLSX,XLSX,small,3,no_buffer,ZIP,0
Low-Detail_1_M__xlsx_small__lsb3.bmp,core,XLSX,XLSX,small,3,no_markers,ZIP,0
Low-Detail_2_L__docx_large__lsb2.bmp,core,DOCX,DOCX,large,2,full,DOCX,1
Low-Detail_2_L__docx_large__lsb2.bmp,core,DOCX,DOCX,large,2,no_deinterleaving,UNKNOWN,0
Low-Detail_2_L__docx_large__lsb2.bmp,core,DOCX,DOCX,large,2,no_buffer,ZIP,0
Low-Detail_2_L__docx_large__lsb2.bmp,core,DOCX,DOCX,large,2,no_markers,ZIP,0
Low-Detail_2_L__docx_large__lsb3.bmp,core,DOCX,DOCX,large,3,full,DOCX,1
Low-Detail_2_L__docx_large__lsb3.bmp,core,DOCX,DOCX,large,3,no_deinterleaving,UNKNOWN,0
Low-Detail_2_L__docx_large__lsb3.bmp,core,DOCX,DOCX,large,3,no_buffer,ZIP,0
Low-Detail_2_L__docx_large__lsb3.bmp,core,DOCX,DOCX,large,3,no_markers,ZIP,0
Low-Detail_2_L__docx_medium__lsb1.bmp,core,DOCX,DOCX,medium,1,full,DOCX,1
Low-Detail_2_L__docx_medium__lsb1.bmp,core,DOCX,DOCX,medium,1,no_deinterleaving,DOCX,1
Low-Detail_2_L__docx_medium__lsb1.bmp,core,DOCX,DOCX,medium,1,no_buffer,ZIP,0
Low-Detail_2_L__docx_medium__lsb1.bmp,core,DOCX,DOCX,medium,1,no_markers,ZIP,0
Low-Detail_2_L__docx_medium__lsb2.bmp,core,DOCX,DOCX,medium,2,full,DOCX,1
Low-Detail_2_L__docx_medium__lsb2.bmp,core,DOCX,DOCX,medium,2,no_deinterleaving,UNKNOWN,0
Low-Detail_2_L__docx_medium__lsb2.bmp,core,DOCX,DOCX,medium,2,no_buffer,ZIP,0
Low-Detail_2_L__docx_medium__lsb2.bmp,core,DOCX,DOCX,medium,2,no_markers,ZIP,0
Low-Detail_2_L__docx_medium__lsb3.bmp,core,DOCX,DOCX,medium,3,full,DOCX,1
Low-Detail_2_L__docx_medium__lsb3.bmp,core,DOCX,DOCX,medium,3,no_deinterleaving,UNKNOWN,0
Low-Detail_2_L__docx_medium__lsb3.bmp,core,DOCX,DOCX,medium,3,no_buffer,ZIP,0
Low-Detail_2_L__docx_medium__lsb3.bmp,core,DOCX,DOCX,medium,3,no_markers,ZIP,0
Low-Detail_2_L__docx_small__lsb1.bmp,core,DOCX,DOCX,small,1,full,DOCX,1
Low-Detail_2_L__docx_small__lsb1.bmp,core,DOCX,DOCX,small,1,no_deinterleaving,DOCX,1
Low-Detail_2_L__docx_small__lsb1.bmp,core,DOCX,DOCX,small,1,no_buffer,ZIP,0
Low-Detail_2_L__docx_small__lsb1.bmp,core,DOCX,DOCX,small,1,no_markers,ZIP,0
Low-Detail_2_L__docx_small__lsb2.bmp,core,DOCX,DOCX,small,2,full,DOCX,1
Low-Detail_2_L__docx_small__lsb2.bmp,core,DOCX,DOCX,small,2,no_deinterleaving,UNKNOWN,0
Low-Detail_2_L__docx_small__lsb2.bmp,core,DOCX,DOCX,small,2,no_buffer,ZIP,0
Low-Detail_2_L__docx_small__lsb2.bmp,core,DOCX,DOCX,small,2,no_markers,ZIP,0
Low-Detail_2_L__docx_small__lsb3.bmp,core,DOCX,DOCX,small,3,full,DOCX,1
Low-Detail_2_L__docx_small__lsb3.bmp,core,DOCX,DOCX,small,3,no_deinterleaving,UNKNOWN,0
Low-Detail_2_L__docx_small__lsb3.bmp,core,DOCX,DOCX,small,3,no_buffer,ZIP,0
Low-Detail_2_L__docx_small__lsb3.bmp,core,DOCX,DOCX,small,3,no_markers,ZIP,0
Low-Detail_2_L__exe_large__lsb2.bmp,core,EXE,EXE,large,2,full,EXE,1
Low-Detail_2_L__exe_large__lsb2.bmp,core,EXE,EXE,large,2,no_deinterleaving,UNKNOWN,0
Low-Detail_2_L__exe_large__lsb2.bmp,core,EXE,EXE,large,2,no_buffer,EXE,1
Low-Detail_2_L__exe_large__lsb2.bmp,core,EXE,EXE,large,2,no_markers,EXE,1
Low-Detail_2_L__exe_large__lsb3.bmp,core,EXE,EXE,large,3,full,EXE,1
Low-Detail_2_L__exe_large__lsb3.bmp,core,EXE,EXE,large,3,no_deinterleaving,UNKNOWN,0
Low-Detail_2_L__exe_large__lsb3.bmp,core,EXE,EXE,large,3,no_buffer,EXE,1
Low-Detail_2_L__exe_large__lsb3.bmp,core,EXE,EXE,large,3,no_markers,EXE,1
Low-Detail_2_L__exe_medium__lsb1.bmp,core,EXE,EXE,medium,1,full,EXE,1
Low-Detail_2_L__exe_medium__lsb1.bmp,core,EXE,EXE,medium,1,no_deinterleaving,EXE,1
Low-Detail_2_L__exe_medium__lsb1.bmp,core,EXE,EXE,medium,1,no_buffer,EXE,1
Low-Detail_2_L__exe_medium__lsb1.bmp,core,EXE,EXE,medium,1,no_markers,EXE,1
Low-Detail_2_L__exe_medium__lsb2.bmp,core,EXE,EXE,medium,2,full,EXE,1
Low-Detail_2_L__exe_medium__lsb2.bmp,core,EXE,EXE,medium,2,no_deinterleaving,UNKNOWN,0
Low-Detail_2_L__exe_medium__lsb2.bmp,core,EXE,EXE,medium,2,no_buffer,EXE,1
Low-Detail_2_L__exe_medium__lsb2.bmp,core,EXE,EXE,medium,2,no_markers,EXE,1
Low-Detail_2_L__exe_medium__lsb3.bmp,core,EXE,EXE,medium,3,full,EXE,1
Low-Detail_2_L__exe_medium__lsb3.bmp,core,EXE,EXE,medium,3,no_deinterleaving,UNKNOWN,0
Low-Detail_2_L__exe_medium__lsb3.bmp,core,EXE,EXE,medium,3,no_buffer,EXE,1
Low-Detail_2_L__exe_medium__lsb3.bmp,core,EXE,EXE,medium,3,no_markers,EXE,1
Low-Detail_2_L__exe_small__lsb1.bmp,core,EXE,EXE,small,1,full,EXE,1
Low-Detail_2_L__exe_small__lsb1.bmp,core,EXE,EXE,small,1,no_deinterleaving,EXE,1
Low-Detail_2_L__exe_small__lsb1.bmp,core,EXE,EXE,small,1,no_buffer,EXE,1
Low-Detail_2_L__exe_small__lsb1.bmp,core,EXE,EXE,small,1,no_markers,EXE,1
Low-Detail_2_L__exe_small__lsb2.bmp,core,EXE,EXE,small,2,full,EXE,1
Low-Detail_2_L__exe_small__lsb2.bmp,core,EXE,EXE,small,2,no_deinterleaving,UNKNOWN,0
Low-Detail_2_L__exe_small__lsb2.bmp,core,EXE,EXE,small,2,no_buffer,EXE,1
Low-Detail_2_L__exe_small__lsb2.bmp,core,EXE,EXE,small,2,no_markers,EXE,1
Low-Detail_2_L__exe_small__lsb3.bmp,core,EXE,EXE,small,3,full,EXE,1
Low-Detail_2_L__exe_small__lsb3.bmp,core,EXE,EXE,small,3,no_deinterleaving,UNKNOWN,0
Low-Detail_2_L__exe_small__lsb3.bmp,core,EXE,EXE,small,3,no_buffer,EXE,1
Low-Detail_2_L__exe_small__lsb3.bmp,core,EXE,EXE,small,3,no_markers,EXE,1
Low-Detail_2_L__pdf_large__lsb2.bmp,core,PDF,PDF,large,2,full,PDF,1
Low-Detail_2_L__pdf_large__lsb2.bmp,core,PDF,PDF,large,2,no_deinterleaving,UNKNOWN,0
Low-Detail_2_L__pdf_large__lsb2.bmp,core,PDF,PDF,large,2,no_buffer,PDF,1
Low-Detail_2_L__pdf_large__lsb2.bmp,core,PDF,PDF,large,2,no_markers,PDF,1
Low-Detail_2_L__pdf_large__lsb3.bmp,core,PDF,PDF,large,3,full,PDF,1
Low-Detail_2_L__pdf_large__lsb3.bmp,core,PDF,PDF,large,3,no_deinterleaving,UNKNOWN,0
Low-Detail_2_L__pdf_large__lsb3.bmp,core,PDF,PDF,large,3,no_buffer,PDF,1
Low-Detail_2_L__pdf_large__lsb3.bmp,core,PDF,PDF,large,3,no_markers,PDF,1
Low-Detail_2_L__pdf_medium__lsb1.bmp,core,PDF,PDF,medium,1,full,PDF,1
Low-Detail_2_L__pdf_medium__lsb1.bmp,core,PDF,PDF,medium,1,no_deinterleaving,PDF,1
Low-Detail_2_L__pdf_medium__lsb1.bmp,core,PDF,PDF,medium,1,no_buffer,PDF,1
Low-Detail_2_L__pdf_medium__lsb1.bmp,core,PDF,PDF,medium,1,no_markers,PDF,1
Low-Detail_2_L__pdf_medium__lsb2.bmp,core,PDF,PDF,medium,2,full,PDF,1
Low-Detail_2_L__pdf_medium__lsb2.bmp,core,PDF,PDF,medium,2,no_deinterleaving,UNKNOWN,0
Low-Detail_2_L__pdf_medium__lsb2.bmp,core,PDF,PDF,medium,2,no_buffer,PDF,1
Low-Detail_2_L__pdf_medium__lsb2.bmp,core,PDF,PDF,medium,2,no_markers,PDF,1
Low-Detail_2_L__pdf_medium__lsb3.bmp,core,PDF,PDF,medium,3,full,PDF,1
Low-Detail_2_L__pdf_medium__lsb3.bmp,core,PDF,PDF,medium,3,no_deinterleaving,UNKNOWN,0
Low-Detail_2_L__pdf_medium__lsb3.bmp,core,PDF,PDF,medium,3,no_buffer,PDF,1
Low-Detail_2_L__pdf_medium__lsb3.bmp,core,PDF,PDF,medium,3,no_markers,PDF,1
Low-Detail_2_L__pdf_small__lsb1.bmp,core,PDF,PDF,small,1,full,PDF,1
Low-Detail_2_L__pdf_small__lsb1.bmp,core,PDF,PDF,small,1,no_deinterleaving,PDF,1
Low-Detail_2_L__pdf_small__lsb1.bmp,core,PDF,PDF,small,1,no_buffer,PDF,1
Low-Detail_2_L__pdf_small__lsb1.bmp,core,PDF,PDF,small,1,no_markers,PDF,1
Low-Detail_2_L__pdf_small__lsb2.bmp,core,PDF,PDF,small,2,full,PDF,1
Low-Detail_2_L__pdf_small__lsb2.bmp,core,PDF,PDF,small,2,no_deinterleaving,UNKNOWN,0
Low-Detail_2_L__pdf_small__lsb2.bmp,core,PDF,PDF,small,2,no_buffer,PDF,1
Low-Detail_2_L__pdf_small__lsb2.bmp,core,PDF,PDF,small,2,no_markers,PDF,1
Low-Detail_2_L__pdf_small__lsb3.bmp,core,PDF,PDF,small,3,full,PDF,1
Low-Detail_2_L__pdf_small__lsb3.bmp,core,PDF,PDF,small,3,no_deinterleaving,UNKNOWN,0
Low-Detail_2_L__pdf_small__lsb3.bmp,core,PDF,PDF,small,3,no_buffer,PDF,1
Low-Detail_2_L__pdf_small__lsb3.bmp,core,PDF,PDF,small,3,no_markers,PDF,1
Low-Detail_2_L__pptx_large__lsb2.bmp,core,PPTX,PPTX,large,2,full,PPTX,1
Low-Detail_2_L__pptx_large__lsb2.bmp,core,PPTX,PPTX,large,2,no_deinterleaving,UNKNOWN,0
Low-Detail_2_L__pptx_large__lsb2.bmp,core,PPTX,PPTX,large,2,no_buffer,ZIP,0
Low-Detail_2_L__pptx_large__lsb2.bmp,core,PPTX,PPTX,large,2,no_markers,ZIP,0
Low-Detail_2_L__pptx_large__lsb3.bmp,core,PPTX,PPTX,large,3,full,PPTX,1
Low-Detail_2_L__pptx_large__lsb3.bmp,core,PPTX,PPTX,large,3,no_deinterleaving,UNKNOWN,0
Low-Detail_2_L__pptx_large__lsb3.bmp,core,PPTX,PPTX,large,3,no_buffer,ZIP,0
Low-Detail_2_L__pptx_large__lsb3.bmp,core,PPTX,PPTX,large,3,no_markers,ZIP,0
Low-Detail_2_L__pptx_medium__lsb1.bmp,core,PPTX,PPTX,medium,1,full,PPTX,1
Low-Detail_2_L__pptx_medium__lsb1.bmp,core,PPTX,PPTX,medium,1,no_deinterleaving,PPTX,1
Low-Detail_2_L__pptx_medium__lsb1.bmp,core,PPTX,PPTX,medium,1,no_buffer,ZIP,0
Low-Detail_2_L__pptx_medium__lsb1.bmp,core,PPTX,PPTX,medium,1,no_markers,ZIP,0
Low-Detail_2_L__pptx_medium__lsb2.bmp,core,PPTX,PPTX,medium,2,full,PPTX,1
Low-Detail_2_L__pptx_medium__lsb2.bmp,core,PPTX,PPTX,medium,2,no_deinterleaving,UNKNOWN,0
Low-Detail_2_L__pptx_medium__lsb2.bmp,core,PPTX,PPTX,medium,2,no_buffer,ZIP,0
Low-Detail_2_L__pptx_medium__lsb2.bmp,core,PPTX,PPTX,medium,2,no_markers,ZIP,0
Low-Detail_2_L__pptx_medium__lsb3.bmp,core,PPTX,PPTX,medium,3,full,PPTX,1
Low-Detail_2_L__pptx_medium__lsb3.bmp,core,PPTX,PPTX,medium,3,no_deinterleaving,UNKNOWN,0
Low-Detail_2_L__pptx_medium__lsb3.bmp,core,PPTX,PPTX,medium,3,no_buffer,ZIP,0
Low-Detail_2_L__pptx_medium__lsb3.bmp,core,PPTX,PPTX,medium,3,no_markers,ZIP,0
Low-Detail_2_L__pptx_small__lsb1.bmp,core,PPTX,PPTX,small,1,full,PPTX,1
Low-Detail_2_L__pptx_small__lsb1.bmp,core,PPTX,PPTX,small,1,no_deinterleaving,PPTX,1
Low-Detail_2_L__pptx_small__lsb1.bmp,core,PPTX,PPTX,small,1,no_buffer,ZIP,0
Low-Detail_2_L__pptx_small__lsb1.bmp,core,PPTX,PPTX,small,1,no_markers,ZIP,0
Low-Detail_2_L__pptx_small__lsb2.bmp,core,PPTX,PPTX,small,2,full,PPTX,1
Low-Detail_2_L__pptx_small__lsb2.bmp,core,PPTX,PPTX,small,2,no_deinterleaving,UNKNOWN,0
Low-Detail_2_L__pptx_small__lsb2.bmp,core,PPTX,PPTX,small,2,no_buffer,ZIP,0
Low-Detail_2_L__pptx_small__lsb2.bmp,core,PPTX,PPTX,small,2,no_markers,ZIP,0
Low-Detail_2_L__pptx_small__lsb3.bmp,core,PPTX,PPTX,small,3,full,PPTX,1
Low-Detail_2_L__pptx_small__lsb3.bmp,core,PPTX,PPTX,small,3,no_deinterleaving,UNKNOWN,0
Low-Detail_2_L__pptx_small__lsb3.bmp,core,PPTX,PPTX,small,3,no_buffer,ZIP,0
Low-Detail_2_L__pptx_small__lsb3.bmp,core,PPTX,PPTX,small,3,no_markers,ZIP,0
Low-Detail_2_L__rtf_large__lsb2.bmp,core,RTF,RTF,large,2,full,RTF,1
Low-Detail_2_L__rtf_large__lsb2.bmp,core,RTF,RTF,large,2,no_deinterleaving,UNKNOWN,0
Low-Detail_2_L__rtf_large__lsb2.bmp,core,RTF,RTF,large,2,no_buffer,RTF,1
Low-Detail_2_L__rtf_large__lsb2.bmp,core,RTF,RTF,large,2,no_markers,RTF,1
Low-Detail_2_L__rtf_large__lsb3.bmp,core,RTF,RTF,large,3,full,RTF,1
Low-Detail_2_L__rtf_large__lsb3.bmp,core,RTF,RTF,large,3,no_deinterleaving,UNKNOWN,0
Low-Detail_2_L__rtf_large__lsb3.bmp,core,RTF,RTF,large,3,no_buffer,RTF,1
Low-Detail_2_L__rtf_large__lsb3.bmp,core,RTF,RTF,large,3,no_markers,RTF,1
Low-Detail_2_L__rtf_medium__lsb1.bmp,core,RTF,RTF,medium,1,full,RTF,1
Low-Detail_2_L__rtf_medium__lsb1.bmp,core,RTF,RTF,medium,1,no_deinterleaving,RTF,1
Low-Detail_2_L__rtf_medium__lsb1.bmp,core,RTF,RTF,medium,1,no_buffer,RTF,1
Low-Detail_2_L__rtf_medium__lsb1.bmp,core,RTF,RTF,medium,1,no_markers,RTF,1
Low-Detail_2_L__rtf_medium__lsb2.bmp,core,RTF,RTF,medium,2,full,RTF,1
Low-Detail_2_L__rtf_medium__lsb2.bmp,core,RTF,RTF,medium,2,no_deinterleaving,UNKNOWN,0
Low-Detail_2_L__rtf_medium__lsb2.bmp,core,RTF,RTF,medium,2,no_buffer,RTF,1
Low-Detail_2_L__rtf_medium__lsb2.bmp,core,RTF,RTF,medium,2,no_markers,RTF,1
Low-Detail_2_L__rtf_medium__lsb3.bmp,core,RTF,RTF,medium,3,full,RTF,1
Low-Detail_2_L__rtf_medium__lsb3.bmp,core,RTF,RTF,medium,3,no_deinterleaving,UNKNOWN,0
Low-Detail_2_L__rtf_medium__lsb3.bmp,core,RTF,RTF,medium,3,no_buffer,RTF,1
Low-Detail_2_L__rtf_medium__lsb3.bmp,core,RTF,RTF,medium,3,no_markers,RTF,1
Low-Detail_2_L__rtf_small__lsb1.bmp,core,RTF,RTF,small,1,full,RTF,1
Low-Detail_2_L__rtf_small__lsb1.bmp,core,RTF,RTF,small,1,no_deinterleaving,RTF,1
Low-Detail_2_L__rtf_small__lsb1.bmp,core,RTF,RTF,small,1,no_buffer,RTF,1
Low-Detail_2_L__rtf_small__lsb1.bmp,core,RTF,RTF,small,1,no_markers,RTF,1
Low-Detail_2_L__rtf_small__lsb2.bmp,core,RTF,RTF,small,2,full,RTF,1
Low-Detail_2_L__rtf_small__lsb2.bmp,core,RTF,RTF,small,2,no_deinterleaving,UNKNOWN,0
Low-Detail_2_L__rtf_small__lsb2.bmp,core,RTF,RTF,small,2,no_buffer,RTF,1
Low-Detail_2_L__rtf_small__lsb2.bmp,core,RTF,RTF,small,2,no_markers,RTF,1
Low-Detail_2_L__rtf_small__lsb3.bmp,core,RTF,RTF,small,3,full,RTF,1
Low-Detail_2_L__rtf_small__lsb3.bmp,core,RTF,RTF,small,3,no_deinterleaving,UNKNOWN,0
Low-Detail_2_L__rtf_small__lsb3.bmp,core,RTF,RTF,small,3,no_buffer,RTF,1
Low-Detail_2_L__rtf_small__lsb3.bmp,core,RTF,RTF,small,3,no_markers,RTF,1
Low-Detail_2_L__xlsx_large__lsb2.bmp,core,XLSX,XLSX,large,2,full,XLSX,1
Low-Detail_2_L__xlsx_large__lsb2.bmp,core,XLSX,XLSX,large,2,no_deinterleaving,UNKNOWN,0
Low-Detail_2_L__xlsx_large__lsb2.bmp,core,XLSX,XLSX,large,2,no_buffer,ZIP,0
Low-Detail_2_L__xlsx_large__lsb2.bmp,core,XLSX,XLSX,large,2,no_markers,ZIP,0
Low-Detail_2_L__xlsx_large__lsb3.bmp,core,XLSX,XLSX,large,3,full,XLSX,1
Low-Detail_2_L__xlsx_large__lsb3.bmp,core,XLSX,XLSX,large,3,no_deinterleaving,UNKNOWN,0
Low-Detail_2_L__xlsx_large__lsb3.bmp,core,XLSX,XLSX,large,3,no_buffer,ZIP,0
Low-Detail_2_L__xlsx_large__lsb3.bmp,core,XLSX,XLSX,large,3,no_markers,ZIP,0
Low-Detail_2_L__xlsx_medium__lsb1.bmp,core,XLSX,XLSX,medium,1,full,XLSX,1
Low-Detail_2_L__xlsx_medium__lsb1.bmp,core,XLSX,XLSX,medium,1,no_deinterleaving,XLSX,1
Low-Detail_2_L__xlsx_medium__lsb1.bmp,core,XLSX,XLSX,medium,1,no_buffer,ZIP,0
Low-Detail_2_L__xlsx_medium__lsb1.bmp,core,XLSX,XLSX,medium,1,no_markers,ZIP,0
Low-Detail_2_L__xlsx_medium__lsb2.bmp,core,XLSX,XLSX,medium,2,full,XLSX,1
Low-Detail_2_L__xlsx_medium__lsb2.bmp,core,XLSX,XLSX,medium,2,no_deinterleaving,UNKNOWN,0
Low-Detail_2_L__xlsx_medium__lsb2.bmp,core,XLSX,XLSX,medium,2,no_buffer,ZIP,0
Low-Detail_2_L__xlsx_medium__lsb2.bmp,core,XLSX,XLSX,medium,2,no_markers,ZIP,0
Low-Detail_2_L__xlsx_medium__lsb3.bmp,core,XLSX,XLSX,medium,3,full,XLSX,1
Low-Detail_2_L__xlsx_medium__lsb3.bmp,core,XLSX,XLSX,medium,3,no_deinterleaving,UNKNOWN,0
Low-Detail_2_L__xlsx_medium__lsb3.bmp,core,XLSX,XLSX,medium,3,no_buffer,ZIP,0
Low-Detail_2_L__xlsx_medium__lsb3.bmp,core,XLSX,XLSX,medium,3,no_markers,ZIP,0
Low-Detail_2_L__xlsx_small__lsb1.bmp,core,XLSX,XLSX,small,1,full,XLSX,1
Low-Detail_2_L__xlsx_small__lsb1.bmp,core,XLSX,XLSX,small,1,no_deinterleaving,XLSX,1
Low-Detail_2_L__xlsx_small__lsb1.bmp,core,XLSX,XLSX,small,1,no_buffer,ZIP,0
Low-Detail_2_L__xlsx_small__lsb1.bmp,core,XLSX,XLSX,small,1,no_markers,ZIP,0
Low-Detail_2_L__xlsx_small__lsb2.bmp,core,XLSX,XLSX,small,2,full,XLSX,1
Low-Detail_2_L__xlsx_small__lsb2.bmp,core,XLSX,XLSX,small,2,no_deinterleaving,UNKNOWN,0
Low-Detail_2_L__xlsx_small__lsb2.bmp,core,XLSX,XLSX,small,2,no_buffer,ZIP,0
Low-Detail_2_L__xlsx_small__lsb2.bmp,core,XLSX,XLSX,small,2,no_markers,ZIP,0
Low-Detail_2_L__xlsx_small__lsb3.bmp,core,XLSX,XLSX,small,3,full,XLSX,1
Low-Detail_2_L__xlsx_small__lsb3.bmp,core,XLSX,XLSX,small,3,no_deinterleaving,UNKNOWN,0
Low-Detail_2_L__xlsx_small__lsb3.bmp,core,XLSX,XLSX,small,3,no_buffer,ZIP,0
Low-Detail_2_L__xlsx_small__lsb3.bmp,core,XLSX,XLSX,small,3,no_markers,ZIP,0
Mixed-Content_1_S__docx_small__lsb1.bmp,core,DOCX,DOCX,small,1,full,DOCX,1
Mixed-Content_1_S__docx_small__lsb1.bmp,core,DOCX,DOCX,small,1,no_deinterleaving,DOCX,1
Mixed-Content_1_S__docx_small__lsb1.bmp,core,DOCX,DOCX,small,1,no_buffer,ZIP,0
Mixed-Content_1_S__docx_small__lsb1.bmp,core,DOCX,DOCX,small,1,no_markers,ZIP,0
Mixed-Content_1_S__docx_small__lsb2.bmp,core,DOCX,DOCX,small,2,full,DOCX,1
Mixed-Content_1_S__docx_small__lsb2.bmp,core,DOCX,DOCX,small,2,no_deinterleaving,UNKNOWN,0
Mixed-Content_1_S__docx_small__lsb2.bmp,core,DOCX,DOCX,small,2,no_buffer,ZIP,0
Mixed-Content_1_S__docx_small__lsb2.bmp,core,DOCX,DOCX,small,2,no_markers,ZIP,0
Mixed-Content_1_S__docx_small__lsb3.bmp,core,DOCX,DOCX,small,3,full,DOCX,1
Mixed-Content_1_S__docx_small__lsb3.bmp,core,DOCX,DOCX,small,3,no_deinterleaving,UNKNOWN,0
Mixed-Content_1_S__docx_small__lsb3.bmp,core,DOCX,DOCX,small,3,no_buffer,ZIP,0
Mixed-Content_1_S__docx_small__lsb3.bmp,core,DOCX,DOCX,small,3,no_markers,ZIP,0
Mixed-Content_1_S__exe_small__lsb1.bmp,core,EXE,EXE,small,1,full,EXE,1
Mixed-Content_1_S__exe_small__lsb1.bmp,core,EXE,EXE,small,1,no_deinterleaving,EXE,1
Mixed-Content_1_S__exe_small__lsb1.bmp,core,EXE,EXE,small,1,no_buffer,EXE,1
Mixed-Content_1_S__exe_small__lsb1.bmp,core,EXE,EXE,small,1,no_markers,EXE,1
Mixed-Content_1_S__exe_small__lsb2.bmp,core,EXE,EXE,small,2,full,EXE,1
Mixed-Content_1_S__exe_small__lsb2.bmp,core,EXE,EXE,small,2,no_deinterleaving,UNKNOWN,0
Mixed-Content_1_S__exe_small__lsb2.bmp,core,EXE,EXE,small,2,no_buffer,EXE,1
Mixed-Content_1_S__exe_small__lsb2.bmp,core,EXE,EXE,small,2,no_markers,EXE,1
Mixed-Content_1_S__exe_small__lsb3.bmp,core,EXE,EXE,small,3,full,EXE,1
Mixed-Content_1_S__exe_small__lsb3.bmp,core,EXE,EXE,small,3,no_deinterleaving,UNKNOWN,0
Mixed-Content_1_S__exe_small__lsb3.bmp,core,EXE,EXE,small,3,no_buffer,EXE,1
Mixed-Content_1_S__exe_small__lsb3.bmp,core,EXE,EXE,small,3,no_markers,EXE,1
Mixed-Content_1_S__pdf_small__lsb1.bmp,core,PDF,PDF,small,1,full,PDF,1
Mixed-Content_1_S__pdf_small__lsb1.bmp,core,PDF,PDF,small,1,no_deinterleaving,PDF,1
Mixed-Content_1_S__pdf_small__lsb1.bmp,core,PDF,PDF,small,1,no_buffer,PDF,1
Mixed-Content_1_S__pdf_small__lsb1.bmp,core,PDF,PDF,small,1,no_markers,PDF,1
Mixed-Content_1_S__pdf_small__lsb2.bmp,core,PDF,PDF,small,2,full,PDF,1
Mixed-Content_1_S__pdf_small__lsb2.bmp,core,PDF,PDF,small,2,no_deinterleaving,UNKNOWN,0
Mixed-Content_1_S__pdf_small__lsb2.bmp,core,PDF,PDF,small,2,no_buffer,PDF,1
Mixed-Content_1_S__pdf_small__lsb2.bmp,core,PDF,PDF,small,2,no_markers,PDF,1
Mixed-Content_1_S__pdf_small__lsb3.bmp,core,PDF,PDF,small,3,full,PDF,1
Mixed-Content_1_S__pdf_small__lsb3.bmp,core,PDF,PDF,small,3,no_deinterleaving,UNKNOWN,0
Mixed-Content_1_S__pdf_small__lsb3.bmp,core,PDF,PDF,small,3,no_buffer,PDF,1
Mixed-Content_1_S__pdf_small__lsb3.bmp,core,PDF,PDF,small,3,no_markers,PDF,1
Mixed-Content_1_S__pptx_small__lsb1.bmp,core,PPTX,PPTX,small,1,full,PPTX,1
Mixed-Content_1_S__pptx_small__lsb1.bmp,core,PPTX,PPTX,small,1,no_deinterleaving,PPTX,1
Mixed-Content_1_S__pptx_small__lsb1.bmp,core,PPTX,PPTX,small,1,no_buffer,ZIP,0
Mixed-Content_1_S__pptx_small__lsb1.bmp,core,PPTX,PPTX,small,1,no_markers,ZIP,0
Mixed-Content_1_S__pptx_small__lsb2.bmp,core,PPTX,PPTX,small,2,full,PPTX,1
Mixed-Content_1_S__pptx_small__lsb2.bmp,core,PPTX,PPTX,small,2,no_deinterleaving,UNKNOWN,0
Mixed-Content_1_S__pptx_small__lsb2.bmp,core,PPTX,PPTX,small,2,no_buffer,ZIP,0
Mixed-Content_1_S__pptx_small__lsb2.bmp,core,PPTX,PPTX,small,2,no_markers,ZIP,0
Mixed-Content_1_S__pptx_small__lsb3.bmp,core,PPTX,PPTX,small,3,full,PPTX,1
Mixed-Content_1_S__pptx_small__lsb3.bmp,core,PPTX,PPTX,small,3,no_deinterleaving,UNKNOWN,0
Mixed-Content_1_S__pptx_small__lsb3.bmp,core,PPTX,PPTX,small,3,no_buffer,ZIP,0
Mixed-Content_1_S__pptx_small__lsb3.bmp,core,PPTX,PPTX,small,3,no_markers,ZIP,0
Mixed-Content_1_S__rtf_small__lsb1.bmp,core,RTF,RTF,small,1,full,RTF,1
Mixed-Content_1_S__rtf_small__lsb1.bmp,core,RTF,RTF,small,1,no_deinterleaving,RTF,1
Mixed-Content_1_S__rtf_small__lsb1.bmp,core,RTF,RTF,small,1,no_buffer,RTF,1
Mixed-Content_1_S__rtf_small__lsb1.bmp,core,RTF,RTF,small,1,no_markers,RTF,1
Mixed-Content_1_S__rtf_small__lsb2.bmp,core,RTF,RTF,small,2,full,RTF,1
Mixed-Content_1_S__rtf_small__lsb2.bmp,core,RTF,RTF,small,2,no_deinterleaving,UNKNOWN,0
Mixed-Content_1_S__rtf_small__lsb2.bmp,core,RTF,RTF,small,2,no_buffer,RTF,1
Mixed-Content_1_S__rtf_small__lsb2.bmp,core,RTF,RTF,small,2,no_markers,RTF,1
Mixed-Content_1_S__rtf_small__lsb3.bmp,core,RTF,RTF,small,3,full,RTF,1
Mixed-Content_1_S__rtf_small__lsb3.bmp,core,RTF,RTF,small,3,no_deinterleaving,UNKNOWN,0
Mixed-Content_1_S__rtf_small__lsb3.bmp,core,RTF,RTF,small,3,no_buffer,RTF,1
Mixed-Content_1_S__rtf_small__lsb3.bmp,core,RTF,RTF,small,3,no_markers,RTF,1
Mixed-Content_1_S__xlsx_small__lsb1.bmp,core,XLSX,XLSX,small,1,full,XLSX,1
Mixed-Content_1_S__xlsx_small__lsb1.bmp,core,XLSX,XLSX,small,1,no_deinterleaving,XLSX,1
Mixed-Content_1_S__xlsx_small__lsb1.bmp,core,XLSX,XLSX,small,1,no_buffer,ZIP,0
Mixed-Content_1_S__xlsx_small__lsb1.bmp,core,XLSX,XLSX,small,1,no_markers,ZIP,0
Mixed-Content_1_S__xlsx_small__lsb2.bmp,core,XLSX,XLSX,small,2,full,XLSX,1
Mixed-Content_1_S__xlsx_small__lsb2.bmp,core,XLSX,XLSX,small,2,no_deinterleaving,UNKNOWN,0
Mixed-Content_1_S__xlsx_small__lsb2.bmp,core,XLSX,XLSX,small,2,no_buffer,ZIP,0
Mixed-Content_1_S__xlsx_small__lsb2.bmp,core,XLSX,XLSX,small,2,no_markers,ZIP,0
Mixed-Content_1_S__xlsx_small__lsb3.bmp,core,XLSX,XLSX,small,3,full,XLSX,1
Mixed-Content_1_S__xlsx_small__lsb3.bmp,core,XLSX,XLSX,small,3,no_deinterleaving,UNKNOWN,0
Mixed-Content_1_S__xlsx_small__lsb3.bmp,core,XLSX,XLSX,small,3,no_buffer,ZIP,0
Mixed-Content_1_S__xlsx_small__lsb3.bmp,core,XLSX,XLSX,small,3,no_markers,ZIP,0
Mixed-Content_2_L__docx_large__lsb2.bmp,core,DOCX,DOCX,large,2,full,DOCX,1
Mixed-Content_2_L__docx_large__lsb2.bmp,core,DOCX,DOCX,large,2,no_deinterleaving,UNKNOWN,0
Mixed-Content_2_L__docx_large__lsb2.bmp,core,DOCX,DOCX,large,2,no_buffer,ZIP,0
Mixed-Content_2_L__docx_large__lsb2.bmp,core,DOCX,DOCX,large,2,no_markers,ZIP,0
Mixed-Content_2_L__docx_large__lsb3.bmp,core,DOCX,DOCX,large,3,full,DOCX,1
Mixed-Content_2_L__docx_large__lsb3.bmp,core,DOCX,DOCX,large,3,no_deinterleaving,UNKNOWN,0
Mixed-Content_2_L__docx_large__lsb3.bmp,core,DOCX,DOCX,large,3,no_buffer,ZIP,0
Mixed-Content_2_L__docx_large__lsb3.bmp,core,DOCX,DOCX,large,3,no_markers,ZIP,0
Mixed-Content_2_L__docx_medium__lsb1.bmp,core,DOCX,DOCX,medium,1,full,DOCX,1
Mixed-Content_2_L__docx_medium__lsb1.bmp,core,DOCX,DOCX,medium,1,no_deinterleaving,DOCX,1
Mixed-Content_2_L__docx_medium__lsb1.bmp,core,DOCX,DOCX,medium,1,no_buffer,ZIP,0
Mixed-Content_2_L__docx_medium__lsb1.bmp,core,DOCX,DOCX,medium,1,no_markers,ZIP,0
Mixed-Content_2_L__docx_medium__lsb2.bmp,core,DOCX,DOCX,medium,2,full,DOCX,1
Mixed-Content_2_L__docx_medium__lsb2.bmp,core,DOCX,DOCX,medium,2,no_deinterleaving,UNKNOWN,0
Mixed-Content_2_L__docx_medium__lsb2.bmp,core,DOCX,DOCX,medium,2,no_buffer,ZIP,0
Mixed-Content_2_L__docx_medium__lsb2.bmp,core,DOCX,DOCX,medium,2,no_markers,ZIP,0
Mixed-Content_2_L__docx_medium__lsb3.bmp,core,DOCX,DOCX,medium,3,full,DOCX,1
Mixed-Content_2_L__docx_medium__lsb3.bmp,core,DOCX,DOCX,medium,3,no_deinterleaving,UNKNOWN,0
Mixed-Content_2_L__docx_medium__lsb3.bmp,core,DOCX,DOCX,medium,3,no_buffer,ZIP,0
Mixed-Content_2_L__docx_medium__lsb3.bmp,core,DOCX,DOCX,medium,3,no_markers,ZIP,0
Mixed-Content_2_L__docx_small__lsb1.bmp,core,DOCX,DOCX,small,1,full,DOCX,1
Mixed-Content_2_L__docx_small__lsb1.bmp,core,DOCX,DOCX,small,1,no_deinterleaving,DOCX,1
Mixed-Content_2_L__docx_small__lsb1.bmp,core,DOCX,DOCX,small,1,no_buffer,ZIP,0
Mixed-Content_2_L__docx_small__lsb1.bmp,core,DOCX,DOCX,small,1,no_markers,ZIP,0
Mixed-Content_2_L__docx_small__lsb2.bmp,core,DOCX,DOCX,small,2,full,DOCX,1
Mixed-Content_2_L__docx_small__lsb2.bmp,core,DOCX,DOCX,small,2,no_deinterleaving,UNKNOWN,0
Mixed-Content_2_L__docx_small__lsb2.bmp,core,DOCX,DOCX,small,2,no_buffer,ZIP,0
Mixed-Content_2_L__docx_small__lsb2.bmp,core,DOCX,DOCX,small,2,no_markers,ZIP,0
Mixed-Content_2_L__docx_small__lsb3.bmp,core,DOCX,DOCX,small,3,full,DOCX,1
Mixed-Content_2_L__docx_small__lsb3.bmp,core,DOCX,DOCX,small,3,no_deinterleaving,UNKNOWN,0
Mixed-Content_2_L__docx_small__lsb3.bmp,core,DOCX,DOCX,small,3,no_buffer,ZIP,0
Mixed-Content_2_L__docx_small__lsb3.bmp,core,DOCX,DOCX,small,3,no_markers,ZIP,0
Mixed-Content_2_L__exe_large__lsb2.bmp,core,EXE,EXE,large,2,full,EXE,1
Mixed-Content_2_L__exe_large__lsb2.bmp,core,EXE,EXE,large,2,no_deinterleaving,UNKNOWN,0
Mixed-Content_2_L__exe_large__lsb2.bmp,core,EXE,EXE,large,2,no_buffer,EXE,1
Mixed-Content_2_L__exe_large__lsb2.bmp,core,EXE,EXE,large,2,no_markers,EXE,1
Mixed-Content_2_L__exe_large__lsb3.bmp,core,EXE,EXE,large,3,full,EXE,1
Mixed-Content_2_L__exe_large__lsb3.bmp,core,EXE,EXE,large,3,no_deinterleaving,UNKNOWN,0
Mixed-Content_2_L__exe_large__lsb3.bmp,core,EXE,EXE,large,3,no_buffer,EXE,1
Mixed-Content_2_L__exe_large__lsb3.bmp,core,EXE,EXE,large,3,no_markers,EXE,1
Mixed-Content_2_L__exe_medium__lsb1.bmp,core,EXE,EXE,medium,1,full,EXE,1
Mixed-Content_2_L__exe_medium__lsb1.bmp,core,EXE,EXE,medium,1,no_deinterleaving,EXE,1
Mixed-Content_2_L__exe_medium__lsb1.bmp,core,EXE,EXE,medium,1,no_buffer,EXE,1
Mixed-Content_2_L__exe_medium__lsb1.bmp,core,EXE,EXE,medium,1,no_markers,EXE,1
Mixed-Content_2_L__exe_medium__lsb2.bmp,core,EXE,EXE,medium,2,full,EXE,1
Mixed-Content_2_L__exe_medium__lsb2.bmp,core,EXE,EXE,medium,2,no_deinterleaving,UNKNOWN,0
Mixed-Content_2_L__exe_medium__lsb2.bmp,core,EXE,EXE,medium,2,no_buffer,EXE,1
Mixed-Content_2_L__exe_medium__lsb2.bmp,core,EXE,EXE,medium,2,no_markers,EXE,1
Mixed-Content_2_L__exe_medium__lsb3.bmp,core,EXE,EXE,medium,3,full,EXE,1
Mixed-Content_2_L__exe_medium__lsb3.bmp,core,EXE,EXE,medium,3,no_deinterleaving,UNKNOWN,0
Mixed-Content_2_L__exe_medium__lsb3.bmp,core,EXE,EXE,medium,3,no_buffer,EXE,1
Mixed-Content_2_L__exe_medium__lsb3.bmp,core,EXE,EXE,medium,3,no_markers,EXE,1
Mixed-Content_2_L__exe_small__lsb1.bmp,core,EXE,EXE,small,1,full,EXE,1
Mixed-Content_2_L__exe_small__lsb1.bmp,core,EXE,EXE,small,1,no_deinterleaving,EXE,1
Mixed-Content_2_L__exe_small__lsb1.bmp,core,EXE,EXE,small,1,no_buffer,EXE,1
Mixed-Content_2_L__exe_small__lsb1.bmp,core,EXE,EXE,small,1,no_markers,EXE,1
Mixed-Content_2_L__exe_small__lsb2.bmp,core,EXE,EXE,small,2,full,EXE,1
Mixed-Content_2_L__exe_small__lsb2.bmp,core,EXE,EXE,small,2,no_deinterleaving,UNKNOWN,0
Mixed-Content_2_L__exe_small__lsb2.bmp,core,EXE,EXE,small,2,no_buffer,EXE,1
Mixed-Content_2_L__exe_small__lsb2.bmp,core,EXE,EXE,small,2,no_markers,EXE,1
Mixed-Content_2_L__exe_small__lsb3.bmp,core,EXE,EXE,small,3,full,EXE,1
Mixed-Content_2_L__exe_small__lsb3.bmp,core,EXE,EXE,small,3,no_deinterleaving,UNKNOWN,0
Mixed-Content_2_L__exe_small__lsb3.bmp,core,EXE,EXE,small,3,no_buffer,EXE,1
Mixed-Content_2_L__exe_small__lsb3.bmp,core,EXE,EXE,small,3,no_markers,EXE,1
Mixed-Content_2_L__pdf_large__lsb2.bmp,core,PDF,PDF,large,2,full,PDF,1
Mixed-Content_2_L__pdf_large__lsb2.bmp,core,PDF,PDF,large,2,no_deinterleaving,UNKNOWN,0
Mixed-Content_2_L__pdf_large__lsb2.bmp,core,PDF,PDF,large,2,no_buffer,PDF,1
Mixed-Content_2_L__pdf_large__lsb2.bmp,core,PDF,PDF,large,2,no_markers,PDF,1
Mixed-Content_2_L__pdf_large__lsb3.bmp,core,PDF,PDF,large,3,full,PDF,1
Mixed-Content_2_L__pdf_large__lsb3.bmp,core,PDF,PDF,large,3,no_deinterleaving,UNKNOWN,0
Mixed-Content_2_L__pdf_large__lsb3.bmp,core,PDF,PDF,large,3,no_buffer,PDF,1
Mixed-Content_2_L__pdf_large__lsb3.bmp,core,PDF,PDF,large,3,no_markers,PDF,1
Mixed-Content_2_L__pdf_medium__lsb1.bmp,core,PDF,PDF,medium,1,full,PDF,1
Mixed-Content_2_L__pdf_medium__lsb1.bmp,core,PDF,PDF,medium,1,no_deinterleaving,PDF,1
Mixed-Content_2_L__pdf_medium__lsb1.bmp,core,PDF,PDF,medium,1,no_buffer,PDF,1
Mixed-Content_2_L__pdf_medium__lsb1.bmp,core,PDF,PDF,medium,1,no_markers,PDF,1
Mixed-Content_2_L__pdf_medium__lsb2.bmp,core,PDF,PDF,medium,2,full,PDF,1
Mixed-Content_2_L__pdf_medium__lsb2.bmp,core,PDF,PDF,medium,2,no_deinterleaving,UNKNOWN,0
Mixed-Content_2_L__pdf_medium__lsb2.bmp,core,PDF,PDF,medium,2,no_buffer,PDF,1
Mixed-Content_2_L__pdf_medium__lsb2.bmp,core,PDF,PDF,medium,2,no_markers,PDF,1
Mixed-Content_2_L__pdf_medium__lsb3.bmp,core,PDF,PDF,medium,3,full,PDF,1
Mixed-Content_2_L__pdf_medium__lsb3.bmp,core,PDF,PDF,medium,3,no_deinterleaving,UNKNOWN,0
Mixed-Content_2_L__pdf_medium__lsb3.bmp,core,PDF,PDF,medium,3,no_buffer,PDF,1
Mixed-Content_2_L__pdf_medium__lsb3.bmp,core,PDF,PDF,medium,3,no_markers,PDF,1
Mixed-Content_2_L__pdf_small__lsb1.bmp,core,PDF,PDF,small,1,full,PDF,1
Mixed-Content_2_L__pdf_small__lsb1.bmp,core,PDF,PDF,small,1,no_deinterleaving,PDF,1
Mixed-Content_2_L__pdf_small__lsb1.bmp,core,PDF,PDF,small,1,no_buffer,PDF,1
Mixed-Content_2_L__pdf_small__lsb1.bmp,core,PDF,PDF,small,1,no_markers,PDF,1
Mixed-Content_2_L__pdf_small__lsb2.bmp,core,PDF,PDF,small,2,full,PDF,1
Mixed-Content_2_L__pdf_small__lsb2.bmp,core,PDF,PDF,small,2,no_deinterleaving,UNKNOWN,0
Mixed-Content_2_L__pdf_small__lsb2.bmp,core,PDF,PDF,small,2,no_buffer,PDF,1
Mixed-Content_2_L__pdf_small__lsb2.bmp,core,PDF,PDF,small,2,no_markers,PDF,1
Mixed-Content_2_L__pdf_small__lsb3.bmp,core,PDF,PDF,small,3,full,PDF,1
Mixed-Content_2_L__pdf_small__lsb3.bmp,core,PDF,PDF,small,3,no_deinterleaving,UNKNOWN,0
Mixed-Content_2_L__pdf_small__lsb3.bmp,core,PDF,PDF,small,3,no_buffer,PDF,1
Mixed-Content_2_L__pdf_small__lsb3.bmp,core,PDF,PDF,small,3,no_markers,PDF,1
Mixed-Content_2_L__pptx_large__lsb2.bmp,core,PPTX,PPTX,large,2,full,PPTX,1
Mixed-Content_2_L__pptx_large__lsb2.bmp,core,PPTX,PPTX,large,2,no_deinterleaving,UNKNOWN,0
Mixed-Content_2_L__pptx_large__lsb2.bmp,core,PPTX,PPTX,large,2,no_buffer,ZIP,0
Mixed-Content_2_L__pptx_large__lsb2.bmp,core,PPTX,PPTX,large,2,no_markers,ZIP,0
Mixed-Content_2_L__pptx_large__lsb3.bmp,core,PPTX,PPTX,large,3,full,PPTX,1
Mixed-Content_2_L__pptx_large__lsb3.bmp,core,PPTX,PPTX,large,3,no_deinterleaving,UNKNOWN,0
Mixed-Content_2_L__pptx_large__lsb3.bmp,core,PPTX,PPTX,large,3,no_buffer,ZIP,0
Mixed-Content_2_L__pptx_large__lsb3.bmp,core,PPTX,PPTX,large,3,no_markers,ZIP,0
Mixed-Content_2_L__pptx_medium__lsb1.bmp,core,PPTX,PPTX,medium,1,full,PPTX,1
Mixed-Content_2_L__pptx_medium__lsb1.bmp,core,PPTX,PPTX,medium,1,no_deinterleaving,PPTX,1
Mixed-Content_2_L__pptx_medium__lsb1.bmp,core,PPTX,PPTX,medium,1,no_buffer,ZIP,0
Mixed-Content_2_L__pptx_medium__lsb1.bmp,core,PPTX,PPTX,medium,1,no_markers,ZIP,0
Mixed-Content_2_L__pptx_medium__lsb2.bmp,core,PPTX,PPTX,medium,2,full,PPTX,1
Mixed-Content_2_L__pptx_medium__lsb2.bmp,core,PPTX,PPTX,medium,2,no_deinterleaving,UNKNOWN,0
Mixed-Content_2_L__pptx_medium__lsb2.bmp,core,PPTX,PPTX,medium,2,no_buffer,ZIP,0
Mixed-Content_2_L__pptx_medium__lsb2.bmp,core,PPTX,PPTX,medium,2,no_markers,ZIP,0
Mixed-Content_2_L__pptx_medium__lsb3.bmp,core,PPTX,PPTX,medium,3,full,PPTX,1
Mixed-Content_2_L__pptx_medium__lsb3.bmp,core,PPTX,PPTX,medium,3,no_deinterleaving,UNKNOWN,0
Mixed-Content_2_L__pptx_medium__lsb3.bmp,core,PPTX,PPTX,medium,3,no_buffer,ZIP,0
Mixed-Content_2_L__pptx_medium__lsb3.bmp,core,PPTX,PPTX,medium,3,no_markers,ZIP,0
Mixed-Content_2_L__pptx_small__lsb1.bmp,core,PPTX,PPTX,small,1,full,PPTX,1
Mixed-Content_2_L__pptx_small__lsb1.bmp,core,PPTX,PPTX,small,1,no_deinterleaving,PPTX,1
Mixed-Content_2_L__pptx_small__lsb1.bmp,core,PPTX,PPTX,small,1,no_buffer,ZIP,0
Mixed-Content_2_L__pptx_small__lsb1.bmp,core,PPTX,PPTX,small,1,no_markers,ZIP,0
Mixed-Content_2_L__pptx_small__lsb2.bmp,core,PPTX,PPTX,small,2,full,PPTX,1
Mixed-Content_2_L__pptx_small__lsb2.bmp,core,PPTX,PPTX,small,2,no_deinterleaving,UNKNOWN,0
Mixed-Content_2_L__pptx_small__lsb2.bmp,core,PPTX,PPTX,small,2,no_buffer,ZIP,0
Mixed-Content_2_L__pptx_small__lsb2.bmp,core,PPTX,PPTX,small,2,no_markers,ZIP,0
Mixed-Content_2_L__pptx_small__lsb3.bmp,core,PPTX,PPTX,small,3,full,PPTX,1
Mixed-Content_2_L__pptx_small__lsb3.bmp,core,PPTX,PPTX,small,3,no_deinterleaving,UNKNOWN,0
Mixed-Content_2_L__pptx_small__lsb3.bmp,core,PPTX,PPTX,small,3,no_buffer,ZIP,0
Mixed-Content_2_L__pptx_small__lsb3.bmp,core,PPTX,PPTX,small,3,no_markers,ZIP,0
Mixed-Content_2_L__rtf_large__lsb2.bmp,core,RTF,RTF,large,2,full,RTF,1
Mixed-Content_2_L__rtf_large__lsb2.bmp,core,RTF,RTF,large,2,no_deinterleaving,UNKNOWN,0
Mixed-Content_2_L__rtf_large__lsb2.bmp,core,RTF,RTF,large,2,no_buffer,RTF,1
Mixed-Content_2_L__rtf_large__lsb2.bmp,core,RTF,RTF,large,2,no_markers,RTF,1
Mixed-Content_2_L__rtf_large__lsb3.bmp,core,RTF,RTF,large,3,full,RTF,1
Mixed-Content_2_L__rtf_large__lsb3.bmp,core,RTF,RTF,large,3,no_deinterleaving,UNKNOWN,0
Mixed-Content_2_L__rtf_large__lsb3.bmp,core,RTF,RTF,large,3,no_buffer,RTF,1
Mixed-Content_2_L__rtf_large__lsb3.bmp,core,RTF,RTF,large,3,no_markers,RTF,1
Mixed-Content_2_L__rtf_medium__lsb1.bmp,core,RTF,RTF,medium,1,full,RTF,1
Mixed-Content_2_L__rtf_medium__lsb1.bmp,core,RTF,RTF,medium,1,no_deinterleaving,RTF,1
Mixed-Content_2_L__rtf_medium__lsb1.bmp,core,RTF,RTF,medium,1,no_buffer,RTF,1
Mixed-Content_2_L__rtf_medium__lsb1.bmp,core,RTF,RTF,medium,1,no_markers,RTF,1
Mixed-Content_2_L__rtf_medium__lsb2.bmp,core,RTF,RTF,medium,2,full,RTF,1
Mixed-Content_2_L__rtf_medium__lsb2.bmp,core,RTF,RTF,medium,2,no_deinterleaving,UNKNOWN,0
Mixed-Content_2_L__rtf_medium__lsb2.bmp,core,RTF,RTF,medium,2,no_buffer,RTF,1
Mixed-Content_2_L__rtf_medium__lsb2.bmp,core,RTF,RTF,medium,2,no_markers,RTF,1
Mixed-Content_2_L__rtf_medium__lsb3.bmp,core,RTF,RTF,medium,3,full,RTF,1
Mixed-Content_2_L__rtf_medium__lsb3.bmp,core,RTF,RTF,medium,3,no_deinterleaving,UNKNOWN,0
Mixed-Content_2_L__rtf_medium__lsb3.bmp,core,RTF,RTF,medium,3,no_buffer,RTF,1
Mixed-Content_2_L__rtf_medium__lsb3.bmp,core,RTF,RTF,medium,3,no_markers,RTF,1
Mixed-Content_2_L__rtf_small__lsb1.bmp,core,RTF,RTF,small,1,full,RTF,1
Mixed-Content_2_L__rtf_small__lsb1.bmp,core,RTF,RTF,small,1,no_deinterleaving,RTF,1
Mixed-Content_2_L__rtf_small__lsb1.bmp,core,RTF,RTF,small,1,no_buffer,RTF,1
Mixed-Content_2_L__rtf_small__lsb1.bmp,core,RTF,RTF,small,1,no_markers,RTF,1
Mixed-Content_2_L__rtf_small__lsb2.bmp,core,RTF,RTF,small,2,full,RTF,1
Mixed-Content_2_L__rtf_small__lsb2.bmp,core,RTF,RTF,small,2,no_deinterleaving,UNKNOWN,0
Mixed-Content_2_L__rtf_small__lsb2.bmp,core,RTF,RTF,small,2,no_buffer,RTF,1
Mixed-Content_2_L__rtf_small__lsb2.bmp,core,RTF,RTF,small,2,no_markers,RTF,1
Mixed-Content_2_L__rtf_small__lsb3.bmp,core,RTF,RTF,small,3,full,RTF,1
Mixed-Content_2_L__rtf_small__lsb3.bmp,core,RTF,RTF,small,3,no_deinterleaving,UNKNOWN,0
Mixed-Content_2_L__rtf_small__lsb3.bmp,core,RTF,RTF,small,3,no_buffer,RTF,1
Mixed-Content_2_L__rtf_small__lsb3.bmp,core,RTF,RTF,small,3,no_markers,RTF,1
Mixed-Content_2_L__xlsx_large__lsb2.bmp,core,XLSX,XLSX,large,2,full,XLSX,1
Mixed-Content_2_L__xlsx_large__lsb2.bmp,core,XLSX,XLSX,large,2,no_deinterleaving,UNKNOWN,0
Mixed-Content_2_L__xlsx_large__lsb2.bmp,core,XLSX,XLSX,large,2,no_buffer,ZIP,0
Mixed-Content_2_L__xlsx_large__lsb2.bmp,core,XLSX,XLSX,large,2,no_markers,ZIP,0
Mixed-Content_2_L__xlsx_large__lsb3.bmp,core,XLSX,XLSX,large,3,full,XLSX,1
Mixed-Content_2_L__xlsx_large__lsb3.bmp,core,XLSX,XLSX,large,3,no_deinterleaving,UNKNOWN,0
Mixed-Content_2_L__xlsx_large__lsb3.bmp,core,XLSX,XLSX,large,3,no_buffer,ZIP,0
Mixed-Content_2_L__xlsx_large__lsb3.bmp,core,XLSX,XLSX,large,3,no_markers,ZIP,0
Mixed-Content_2_L__xlsx_medium__lsb1.bmp,core,XLSX,XLSX,medium,1,full,XLSX,1
Mixed-Content_2_L__xlsx_medium__lsb1.bmp,core,XLSX,XLSX,medium,1,no_deinterleaving,XLSX,1
Mixed-Content_2_L__xlsx_medium__lsb1.bmp,core,XLSX,XLSX,medium,1,no_buffer,ZIP,0
Mixed-Content_2_L__xlsx_medium__lsb1.bmp,core,XLSX,XLSX,medium,1,no_markers,ZIP,0
Mixed-Content_2_L__xlsx_medium__lsb2.bmp,core,XLSX,XLSX,medium,2,full,XLSX,1
Mixed-Content_2_L__xlsx_medium__lsb2.bmp,core,XLSX,XLSX,medium,2,no_deinterleaving,UNKNOWN,0
Mixed-Content_2_L__xlsx_medium__lsb2.bmp,core,XLSX,XLSX,medium,2,no_buffer,ZIP,0
Mixed-Content_2_L__xlsx_medium__lsb2.bmp,core,XLSX,XLSX,medium,2,no_markers,ZIP,0
Mixed-Content_2_L__xlsx_medium__lsb3.bmp,core,XLSX,XLSX,medium,3,full,XLSX,1
Mixed-Content_2_L__xlsx_medium__lsb3.bmp,core,XLSX,XLSX,medium,3,no_deinterleaving,UNKNOWN,0
Mixed-Content_2_L__xlsx_medium__lsb3.bmp,core,XLSX,XLSX,medium,3,no_buffer,ZIP,0
Mixed-Content_2_L__xlsx_medium__lsb3.bmp,core,XLSX,XLSX,medium,3,no_markers,ZIP,0
Mixed-Content_2_L__xlsx_small__lsb1.bmp,core,XLSX,XLSX,small,1,full,XLSX,1
Mixed-Content_2_L__xlsx_small__lsb1.bmp,core,XLSX,XLSX,small,1,no_deinterleaving,XLSX,1
Mixed-Content_2_L__xlsx_small__lsb1.bmp,core,XLSX,XLSX,small,1,no_buffer,ZIP,0
Mixed-Content_2_L__xlsx_small__lsb1.bmp,core,XLSX,XLSX,small,1,no_markers,ZIP,0
Mixed-Content_2_L__xlsx_small__lsb2.bmp,core,XLSX,XLSX,small,2,full,XLSX,1
Mixed-Content_2_L__xlsx_small__lsb2.bmp,core,XLSX,XLSX,small,2,no_deinterleaving,UNKNOWN,0
Mixed-Content_2_L__xlsx_small__lsb2.bmp,core,XLSX,XLSX,small,2,no_buffer,ZIP,0
Mixed-Content_2_L__xlsx_small__lsb2.bmp,core,XLSX,XLSX,small,2,no_markers,ZIP,0
Mixed-Content_2_L__xlsx_small__lsb3.bmp,core,XLSX,XLSX,small,3,full,XLSX,1
Mixed-Content_2_L__xlsx_small__lsb3.bmp,core,XLSX,XLSX,small,3,no_deinterleaving,UNKNOWN,0
Mixed-Content_2_L__xlsx_small__lsb3.bmp,core,XLSX,XLSX,small,3,no_buffer,ZIP,0
Mixed-Content_2_L__xlsx_small__lsb3.bmp,core,XLSX,XLSX,small,3,no_markers,ZIP,0
Noisy_1_S__docx_small__lsb1.bmp,core,DOCX,DOCX,small,1,full,DOCX,1
Noisy_1_S__docx_small__lsb1.bmp,core,DOCX,DOCX,small,1,no_deinterleaving,DOCX,1
Noisy_1_S__docx_small__lsb1.bmp,core,DOCX,DOCX,small,1,no_buffer,ZIP,0
Noisy_1_S__docx_small__lsb1.bmp,core,DOCX,DOCX,small,1,no_markers,ZIP,0
Noisy_1_S__docx_small__lsb2.bmp,core,DOCX,DOCX,small,2,full,DOCX,1
Noisy_1_S__docx_small__lsb2.bmp,core,DOCX,DOCX,small,2,no_deinterleaving,UNKNOWN,0
Noisy_1_S__docx_small__lsb2.bmp,core,DOCX,DOCX,small,2,no_buffer,ZIP,0
Noisy_1_S__docx_small__lsb2.bmp,core,DOCX,DOCX,small,2,no_markers,ZIP,0
Noisy_1_S__docx_small__lsb3.bmp,core,DOCX,DOCX,small,3,full,DOCX,1
Noisy_1_S__docx_small__lsb3.bmp,core,DOCX,DOCX,small,3,no_deinterleaving,UNKNOWN,0
Noisy_1_S__docx_small__lsb3.bmp,core,DOCX,DOCX,small,3,no_buffer,ZIP,0
Noisy_1_S__docx_small__lsb3.bmp,core,DOCX,DOCX,small,3,no_markers,ZIP,0
Noisy_1_S__exe_small__lsb1.bmp,core,EXE,EXE,small,1,full,EXE,1
Noisy_1_S__exe_small__lsb1.bmp,core,EXE,EXE,small,1,no_deinterleaving,EXE,1
Noisy_1_S__exe_small__lsb1.bmp,core,EXE,EXE,small,1,no_buffer,EXE,1
Noisy_1_S__exe_small__lsb1.bmp,core,EXE,EXE,small,1,no_markers,EXE,1
Noisy_1_S__exe_small__lsb2.bmp,core,EXE,EXE,small,2,full,EXE,1
Noisy_1_S__exe_small__lsb2.bmp,core,EXE,EXE,small,2,no_deinterleaving,UNKNOWN,0
Noisy_1_S__exe_small__lsb2.bmp,core,EXE,EXE,small,2,no_buffer,EXE,1
Noisy_1_S__exe_small__lsb2.bmp,core,EXE,EXE,small,2,no_markers,EXE,1
Noisy_1_S__exe_small__lsb3.bmp,core,EXE,EXE,small,3,full,EXE,1
Noisy_1_S__exe_small__lsb3.bmp,core,EXE,EXE,small,3,no_deinterleaving,UNKNOWN,0
Noisy_1_S__exe_small__lsb3.bmp,core,EXE,EXE,small,3,no_buffer,EXE,1
Noisy_1_S__exe_small__lsb3.bmp,core,EXE,EXE,small,3,no_markers,EXE,1
Noisy_1_S__pdf_small__lsb1.bmp,core,PDF,PDF,small,1,full,PDF,1
Noisy_1_S__pdf_small__lsb1.bmp,core,PDF,PDF,small,1,no_deinterleaving,PDF,1
Noisy_1_S__pdf_small__lsb1.bmp,core,PDF,PDF,small,1,no_buffer,PDF,1
Noisy_1_S__pdf_small__lsb1.bmp,core,PDF,PDF,small,1,no_markers,PDF,1
Noisy_1_S__pdf_small__lsb2.bmp,core,PDF,PDF,small,2,full,PDF,1
Noisy_1_S__pdf_small__lsb2.bmp,core,PDF,PDF,small,2,no_deinterleaving,UNKNOWN,0
Noisy_1_S__pdf_small__lsb2.bmp,core,PDF,PDF,small,2,no_buffer,PDF,1
Noisy_1_S__pdf_small__lsb2.bmp,core,PDF,PDF,small,2,no_markers,PDF,1
Noisy_1_S__pdf_small__lsb3.bmp,core,PDF,PDF,small,3,full,PDF,1
Noisy_1_S__pdf_small__lsb3.bmp,core,PDF,PDF,small,3,no_deinterleaving,UNKNOWN,0
Noisy_1_S__pdf_small__lsb3.bmp,core,PDF,PDF,small,3,no_buffer,PDF,1
Noisy_1_S__pdf_small__lsb3.bmp,core,PDF,PDF,small,3,no_markers,PDF,1
Noisy_1_S__pptx_small__lsb1.bmp,core,PPTX,PPTX,small,1,full,PPTX,1
Noisy_1_S__pptx_small__lsb1.bmp,core,PPTX,PPTX,small,1,no_deinterleaving,PPTX,1
Noisy_1_S__pptx_small__lsb1.bmp,core,PPTX,PPTX,small,1,no_buffer,ZIP,0
Noisy_1_S__pptx_small__lsb1.bmp,core,PPTX,PPTX,small,1,no_markers,ZIP,0
Noisy_1_S__pptx_small__lsb2.bmp,core,PPTX,PPTX,small,2,full,PPTX,1
Noisy_1_S__pptx_small__lsb2.bmp,core,PPTX,PPTX,small,2,no_deinterleaving,UNKNOWN,0
Noisy_1_S__pptx_small__lsb2.bmp,core,PPTX,PPTX,small,2,no_buffer,ZIP,0
Noisy_1_S__pptx_small__lsb2.bmp,core,PPTX,PPTX,small,2,no_markers,ZIP,0
Noisy_1_S__pptx_small__lsb3.bmp,core,PPTX,PPTX,small,3,full,PPTX,1
Noisy_1_S__pptx_small__lsb3.bmp,core,PPTX,PPTX,small,3,no_deinterleaving,UNKNOWN,0
Noisy_1_S__pptx_small__lsb3.bmp,core,PPTX,PPTX,small,3,no_buffer,ZIP,0
Noisy_1_S__pptx_small__lsb3.bmp,core,PPTX,PPTX,small,3,no_markers,ZIP,0
Noisy_1_S__rtf_small__lsb1.bmp,core,RTF,RTF,small,1,full,RTF,1
Noisy_1_S__rtf_small__lsb1.bmp,core,RTF,RTF,small,1,no_deinterleaving,RTF,1
Noisy_1_S__rtf_small__lsb1.bmp,core,RTF,RTF,small,1,no_buffer,RTF,1
Noisy_1_S__rtf_small__lsb1.bmp,core,RTF,RTF,small,1,no_markers,RTF,1
Noisy_1_S__rtf_small__lsb2.bmp,core,RTF,RTF,small,2,full,RTF,1
Noisy_1_S__rtf_small__lsb2.bmp,core,RTF,RTF,small,2,no_deinterleaving,UNKNOWN,0
Noisy_1_S__rtf_small__lsb2.bmp,core,RTF,RTF,small,2,no_buffer,RTF,1
Noisy_1_S__rtf_small__lsb2.bmp,core,RTF,RTF,small,2,no_markers,RTF,1
Noisy_1_S__rtf_small__lsb3.bmp,core,RTF,RTF,small,3,full,RTF,1
Noisy_1_S__rtf_small__lsb3.bmp,core,RTF,RTF,small,3,no_deinterleaving,UNKNOWN,0
Noisy_1_S__rtf_small__lsb3.bmp,core,RTF,RTF,small,3,no_buffer,RTF,1
Noisy_1_S__rtf_small__lsb3.bmp,core,RTF,RTF,small,3,no_markers,RTF,1
Noisy_1_S__xlsx_small__lsb1.bmp,core,XLSX,XLSX,small,1,full,XLSX,1
Noisy_1_S__xlsx_small__lsb1.bmp,core,XLSX,XLSX,small,1,no_deinterleaving,XLSX,1
Noisy_1_S__xlsx_small__lsb1.bmp,core,XLSX,XLSX,small,1,no_buffer,ZIP,0
Noisy_1_S__xlsx_small__lsb1.bmp,core,XLSX,XLSX,small,1,no_markers,ZIP,0
Noisy_1_S__xlsx_small__lsb2.bmp,core,XLSX,XLSX,small,2,full,XLSX,1
Noisy_1_S__xlsx_small__lsb2.bmp,core,XLSX,XLSX,small,2,no_deinterleaving,UNKNOWN,0
Noisy_1_S__xlsx_small__lsb2.bmp,core,XLSX,XLSX,small,2,no_buffer,ZIP,0
Noisy_1_S__xlsx_small__lsb2.bmp,core,XLSX,XLSX,small,2,no_markers,ZIP,0
Noisy_1_S__xlsx_small__lsb3.bmp,core,XLSX,XLSX,small,3,full,XLSX,1
Noisy_1_S__xlsx_small__lsb3.bmp,core,XLSX,XLSX,small,3,no_deinterleaving,UNKNOWN,0
Noisy_1_S__xlsx_small__lsb3.bmp,core,XLSX,XLSX,small,3,no_buffer,ZIP,0
Noisy_1_S__xlsx_small__lsb3.bmp,core,XLSX,XLSX,small,3,no_markers,ZIP,0
Noisy_2_M__docx_large__lsb3.png,core,DOCX,DOCX,large,3,full,DOCX,1
Noisy_2_M__docx_large__lsb3.png,core,DOCX,DOCX,large,3,no_deinterleaving,UNKNOWN,0
Noisy_2_M__docx_large__lsb3.png,core,DOCX,DOCX,large,3,no_buffer,ZIP,0
Noisy_2_M__docx_large__lsb3.png,core,DOCX,DOCX,large,3,no_markers,ZIP,0
Noisy_2_M__docx_medium__lsb2.png,core,DOCX,DOCX,medium,2,full,DOCX,1
Noisy_2_M__docx_medium__lsb2.png,core,DOCX,DOCX,medium,2,no_deinterleaving,UNKNOWN,0
Noisy_2_M__docx_medium__lsb2.png,core,DOCX,DOCX,medium,2,no_buffer,ZIP,0
Noisy_2_M__docx_medium__lsb2.png,core,DOCX,DOCX,medium,2,no_markers,ZIP,0
Noisy_2_M__docx_medium__lsb3.png,core,DOCX,DOCX,medium,3,full,DOCX,1
Noisy_2_M__docx_medium__lsb3.png,core,DOCX,DOCX,medium,3,no_deinterleaving,UNKNOWN,0
Noisy_2_M__docx_medium__lsb3.png,core,DOCX,DOCX,medium,3,no_buffer,ZIP,0
Noisy_2_M__docx_medium__lsb3.png,core,DOCX,DOCX,medium,3,no_markers,ZIP,0
Noisy_2_M__docx_small__lsb1.png,core,DOCX,DOCX,small,1,full,DOCX,1
Noisy_2_M__docx_small__lsb1.png,core,DOCX,DOCX,small,1,no_deinterleaving,DOCX,1
Noisy_2_M__docx_small__lsb1.png,core,DOCX,DOCX,small,1,no_buffer,ZIP,0
Noisy_2_M__docx_small__lsb1.png,core,DOCX,DOCX,small,1,no_markers,ZIP,0
Noisy_2_M__docx_small__lsb2.png,core,DOCX,DOCX,small,2,full,DOCX,1
Noisy_2_M__docx_small__lsb2.png,core,DOCX,DOCX,small,2,no_deinterleaving,UNKNOWN,0
Noisy_2_M__docx_small__lsb2.png,core,DOCX,DOCX,small,2,no_buffer,ZIP,0
Noisy_2_M__docx_small__lsb2.png,core,DOCX,DOCX,small,2,no_markers,ZIP,0
Noisy_2_M__docx_small__lsb3.png,core,DOCX,DOCX,small,3,full,DOCX,1
Noisy_2_M__docx_small__lsb3.png,core,DOCX,DOCX,small,3,no_deinterleaving,UNKNOWN,0
Noisy_2_M__docx_small__lsb3.png,core,DOCX,DOCX,small,3,no_buffer,ZIP,0
Noisy_2_M__docx_small__lsb3.png,core,DOCX,DOCX,small,3,no_markers,ZIP,0
Noisy_2_M__exe_large__lsb3.png,core,EXE,EXE,large,3,full,EXE,1
Noisy_2_M__exe_large__lsb3.png,core,EXE,EXE,large,3,no_deinterleaving,UNKNOWN,0
Noisy_2_M__exe_large__lsb3.png,core,EXE,EXE,large,3,no_buffer,EXE,1
Noisy_2_M__exe_large__lsb3.png,core,EXE,EXE,large,3,no_markers,EXE,1
Noisy_2_M__exe_medium__lsb2.png,core,EXE,EXE,medium,2,full,EXE,1
Noisy_2_M__exe_medium__lsb2.png,core,EXE,EXE,medium,2,no_deinterleaving,UNKNOWN,0
Noisy_2_M__exe_medium__lsb2.png,core,EXE,EXE,medium,2,no_buffer,EXE,1
Noisy_2_M__exe_medium__lsb2.png,core,EXE,EXE,medium,2,no_markers,EXE,1
Noisy_2_M__exe_medium__lsb3.png,core,EXE,EXE,medium,3,full,EXE,1
Noisy_2_M__exe_medium__lsb3.png,core,EXE,EXE,medium,3,no_deinterleaving,UNKNOWN,0
Noisy_2_M__exe_medium__lsb3.png,core,EXE,EXE,medium,3,no_buffer,EXE,1
Noisy_2_M__exe_medium__lsb3.png,core,EXE,EXE,medium,3,no_markers,EXE,1
Noisy_2_M__exe_small__lsb1.png,core,EXE,EXE,small,1,full,EXE,1
Noisy_2_M__exe_small__lsb1.png,core,EXE,EXE,small,1,no_deinterleaving,EXE,1
Noisy_2_M__exe_small__lsb1.png,core,EXE,EXE,small,1,no_buffer,EXE,1
Noisy_2_M__exe_small__lsb1.png,core,EXE,EXE,small,1,no_markers,EXE,1
Noisy_2_M__exe_small__lsb2.png,core,EXE,EXE,small,2,full,EXE,1
Noisy_2_M__exe_small__lsb2.png,core,EXE,EXE,small,2,no_deinterleaving,UNKNOWN,0
Noisy_2_M__exe_small__lsb2.png,core,EXE,EXE,small,2,no_buffer,EXE,1
Noisy_2_M__exe_small__lsb2.png,core,EXE,EXE,small,2,no_markers,EXE,1
Noisy_2_M__exe_small__lsb3.png,core,EXE,EXE,small,3,full,EXE,1
Noisy_2_M__exe_small__lsb3.png,core,EXE,EXE,small,3,no_deinterleaving,UNKNOWN,0
Noisy_2_M__exe_small__lsb3.png,core,EXE,EXE,small,3,no_buffer,EXE,1
Noisy_2_M__exe_small__lsb3.png,core,EXE,EXE,small,3,no_markers,EXE,1
Noisy_2_M__pdf_large__lsb3.png,core,PDF,PDF,large,3,full,PDF,1
Noisy_2_M__pdf_large__lsb3.png,core,PDF,PDF,large,3,no_deinterleaving,UNKNOWN,0
Noisy_2_M__pdf_large__lsb3.png,core,PDF,PDF,large,3,no_buffer,PDF,1
Noisy_2_M__pdf_large__lsb3.png,core,PDF,PDF,large,3,no_markers,PDF,1
Noisy_2_M__pdf_medium__lsb2.png,core,PDF,PDF,medium,2,full,PDF,1
Noisy_2_M__pdf_medium__lsb2.png,core,PDF,PDF,medium,2,no_deinterleaving,UNKNOWN,0
Noisy_2_M__pdf_medium__lsb2.png,core,PDF,PDF,medium,2,no_buffer,PDF,1
Noisy_2_M__pdf_medium__lsb2.png,core,PDF,PDF,medium,2,no_markers,PDF,1
Noisy_2_M__pdf_medium__lsb3.png,core,PDF,PDF,medium,3,full,PDF,1
Noisy_2_M__pdf_medium__lsb3.png,core,PDF,PDF,medium,3,no_deinterleaving,UNKNOWN,0
Noisy_2_M__pdf_medium__lsb3.png,core,PDF,PDF,medium,3,no_buffer,PDF,1
Noisy_2_M__pdf_medium__lsb3.png,core,PDF,PDF,medium,3,no_markers,PDF,1
Noisy_2_M__pdf_small__lsb1.png,core,PDF,PDF,small,1,full,PDF,1
Noisy_2_M__pdf_small__lsb1.png,core,PDF,PDF,small,1,no_deinterleaving,PDF,1
Noisy_2_M__pdf_small__lsb1.png,core,PDF,PDF,small,1,no_buffer,PDF,1
Noisy_2_M__pdf_small__lsb1.png,core,PDF,PDF,small,1,no_markers,PDF,1
Noisy_2_M__pdf_small__lsb2.png,core,PDF,PDF,small,2,full,PDF,1
Noisy_2_M__pdf_small__lsb2.png,core,PDF,PDF,small,2,no_deinterleaving,UNKNOWN,0
Noisy_2_M__pdf_small__lsb2.png,core,PDF,PDF,small,2,no_buffer,PDF,1
Noisy_2_M__pdf_small__lsb2.png,core,PDF,PDF,small,2,no_markers,PDF,1
Noisy_2_M__pdf_small__lsb3.png,core,PDF,PDF,small,3,full,PDF,1
Noisy_2_M__pdf_small__lsb3.png,core,PDF,PDF,small,3,no_deinterleaving,UNKNOWN,0
Noisy_2_M__pdf_small__lsb3.png,core,PDF,PDF,small,3,no_buffer,PDF,1
Noisy_2_M__pdf_small__lsb3.png,core,PDF,PDF,small,3,no_markers,PDF,1
Noisy_2_M__pptx_large__lsb3.png,core,PPTX,PPTX,large,3,full,PPTX,1
Noisy_2_M__pptx_large__lsb3.png,core,PPTX,PPTX,large,3,no_deinterleaving,UNKNOWN,0
Noisy_2_M__pptx_large__lsb3.png,core,PPTX,PPTX,large,3,no_buffer,ZIP,0
Noisy_2_M__pptx_large__lsb3.png,core,PPTX,PPTX,large,3,no_markers,ZIP,0
Noisy_2_M__pptx_medium__lsb2.png,core,PPTX,PPTX,medium,2,full,PPTX,1
Noisy_2_M__pptx_medium__lsb2.png,core,PPTX,PPTX,medium,2,no_deinterleaving,UNKNOWN,0
Noisy_2_M__pptx_medium__lsb2.png,core,PPTX,PPTX,medium,2,no_buffer,ZIP,0
Noisy_2_M__pptx_medium__lsb2.png,core,PPTX,PPTX,medium,2,no_markers,ZIP,0
Noisy_2_M__pptx_medium__lsb3.png,core,PPTX,PPTX,medium,3,full,PPTX,1
Noisy_2_M__pptx_medium__lsb3.png,core,PPTX,PPTX,medium,3,no_deinterleaving,UNKNOWN,0
Noisy_2_M__pptx_medium__lsb3.png,core,PPTX,PPTX,medium,3,no_buffer,ZIP,0
Noisy_2_M__pptx_medium__lsb3.png,core,PPTX,PPTX,medium,3,no_markers,ZIP,0
Noisy_2_M__pptx_small__lsb1.png,core,PPTX,PPTX,small,1,full,PPTX,1
Noisy_2_M__pptx_small__lsb1.png,core,PPTX,PPTX,small,1,no_deinterleaving,PPTX,1
Noisy_2_M__pptx_small__lsb1.png,core,PPTX,PPTX,small,1,no_buffer,ZIP,0
Noisy_2_M__pptx_small__lsb1.png,core,PPTX,PPTX,small,1,no_markers,ZIP,0
Noisy_2_M__pptx_small__lsb2.png,core,PPTX,PPTX,small,2,full,PPTX,1
Noisy_2_M__pptx_small__lsb2.png,core,PPTX,PPTX,small,2,no_deinterleaving,UNKNOWN,0
Noisy_2_M__pptx_small__lsb2.png,core,PPTX,PPTX,small,2,no_buffer,ZIP,0
Noisy_2_M__pptx_small__lsb2.png,core,PPTX,PPTX,small,2,no_markers,ZIP,0
Noisy_2_M__pptx_small__lsb3.png,core,PPTX,PPTX,small,3,full,PPTX,1
Noisy_2_M__pptx_small__lsb3.png,core,PPTX,PPTX,small,3,no_deinterleaving,UNKNOWN,0
Noisy_2_M__pptx_small__lsb3.png,core,PPTX,PPTX,small,3,no_buffer,ZIP,0
Noisy_2_M__pptx_small__lsb3.png,core,PPTX,PPTX,small,3,no_markers,ZIP,0
Noisy_2_M__rtf_large__lsb3.png,core,RTF,RTF,large,3,full,RTF,1
Noisy_2_M__rtf_large__lsb3.png,core,RTF,RTF,large,3,no_deinterleaving,UNKNOWN,0
Noisy_2_M__rtf_large__lsb3.png,core,RTF,RTF,large,3,no_buffer,RTF,1
Noisy_2_M__rtf_large__lsb3.png,core,RTF,RTF,large,3,no_markers,RTF,1
Noisy_2_M__rtf_medium__lsb2.png,core,RTF,RTF,medium,2,full,RTF,1
Noisy_2_M__rtf_medium__lsb2.png,core,RTF,RTF,medium,2,no_deinterleaving,UNKNOWN,0
Noisy_2_M__rtf_medium__lsb2.png,core,RTF,RTF,medium,2,no_buffer,RTF,1
Noisy_2_M__rtf_medium__lsb2.png,core,RTF,RTF,medium,2,no_markers,RTF,1
Noisy_2_M__rtf_medium__lsb3.png,core,RTF,RTF,medium,3,full,RTF,1
Noisy_2_M__rtf_medium__lsb3.png,core,RTF,RTF,medium,3,no_deinterleaving,UNKNOWN,0
Noisy_2_M__rtf_medium__lsb3.png,core,RTF,RTF,medium,3,no_buffer,RTF,1
Noisy_2_M__rtf_medium__lsb3.png,core,RTF,RTF,medium,3,no_markers,RTF,1
Noisy_2_M__rtf_small__lsb1.png,core,RTF,RTF,small,1,full,RTF,1
Noisy_2_M__rtf_small__lsb1.png,core,RTF,RTF,small,1,no_deinterleaving,RTF,1
Noisy_2_M__rtf_small__lsb1.png,core,RTF,RTF,small,1,no_buffer,RTF,1
Noisy_2_M__rtf_small__lsb1.png,core,RTF,RTF,small,1,no_markers,RTF,1
Noisy_2_M__rtf_small__lsb2.png,core,RTF,RTF,small,2,full,RTF,1
Noisy_2_M__rtf_small__lsb2.png,core,RTF,RTF,small,2,no_deinterleaving,UNKNOWN,0
Noisy_2_M__rtf_small__lsb2.png,core,RTF,RTF,small,2,no_buffer,RTF,1
Noisy_2_M__rtf_small__lsb2.png,core,RTF,RTF,small,2,no_markers,RTF,1
Noisy_2_M__rtf_small__lsb3.png,core,RTF,RTF,small,3,full,RTF,1
Noisy_2_M__rtf_small__lsb3.png,core,RTF,RTF,small,3,no_deinterleaving,UNKNOWN,0
Noisy_2_M__rtf_small__lsb3.png,core,RTF,RTF,small,3,no_buffer,RTF,1
Noisy_2_M__rtf_small__lsb3.png,core,RTF,RTF,small,3,no_markers,RTF,1
Noisy_2_M__xlsx_large__lsb3.png,core,XLSX,XLSX,large,3,full,XLSX,1
Noisy_2_M__xlsx_large__lsb3.png,core,XLSX,XLSX,large,3,no_deinterleaving,UNKNOWN,0
Noisy_2_M__xlsx_large__lsb3.png,core,XLSX,XLSX,large,3,no_buffer,ZIP,0
Noisy_2_M__xlsx_large__lsb3.png,core,XLSX,XLSX,large,3,no_markers,ZIP,0
Noisy_2_M__xlsx_medium__lsb2.png,core,XLSX,XLSX,medium,2,full,XLSX,1
Noisy_2_M__xlsx_medium__lsb2.png,core,XLSX,XLSX,medium,2,no_deinterleaving,UNKNOWN,0
Noisy_2_M__xlsx_medium__lsb2.png,core,XLSX,XLSX,medium,2,no_buffer,ZIP,0
Noisy_2_M__xlsx_medium__lsb2.png,core,XLSX,XLSX,medium,2,no_markers,ZIP,0
Noisy_2_M__xlsx_medium__lsb3.png,core,XLSX,XLSX,medium,3,full,XLSX,1
Noisy_2_M__xlsx_medium__lsb3.png,core,XLSX,XLSX,medium,3,no_deinterleaving,UNKNOWN,0
Noisy_2_M__xlsx_medium__lsb3.png,core,XLSX,XLSX,medium,3,no_buffer,ZIP,0
Noisy_2_M__xlsx_medium__lsb3.png,core,XLSX,XLSX,medium,3,no_markers,ZIP,0
Noisy_2_M__xlsx_small__lsb1.png,core,XLSX,XLSX,small,1,full,XLSX,1
Noisy_2_M__xlsx_small__lsb1.png,core,XLSX,XLSX,small,1,no_deinterleaving,XLSX,1
Noisy_2_M__xlsx_small__lsb1.png,core,XLSX,XLSX,small,1,no_buffer,ZIP,0
Noisy_2_M__xlsx_small__lsb1.png,core,XLSX,XLSX,small,1,no_markers,ZIP,0
Noisy_2_M__xlsx_small__lsb2.png,core,XLSX,XLSX,small,2,full,XLSX,1
Noisy_2_M__xlsx_small__lsb2.png,core,XLSX,XLSX,small,2,no_deinterleaving,UNKNOWN,0
Noisy_2_M__xlsx_small__lsb2.png,core,XLSX,XLSX,small,2,no_buffer,ZIP,0
Noisy_2_M__xlsx_small__lsb2.png,core,XLSX,XLSX,small,2,no_markers,ZIP,0
Noisy_2_M__xlsx_small__lsb3.png,core,XLSX,XLSX,small,3,full,XLSX,1
Noisy_2_M__xlsx_small__lsb3.png,core,XLSX,XLSX,small,3,no_deinterleaving,UNKNOWN,0
Noisy_2_M__xlsx_small__lsb3.png,core,XLSX,XLSX,small,3,no_buffer,ZIP,0
Noisy_2_M__xlsx_small__lsb3.png,core,XLSX,XLSX,small,3,no_markers,ZIP,0
Photographic_1_S__docx_small__lsb1.png,core,DOCX,DOCX,small,1,full,DOCX,1
Photographic_1_S__docx_small__lsb1.png,core,DOCX,DOCX,small,1,no_deinterleaving,DOCX,1
Photographic_1_S__docx_small__lsb1.png,core,DOCX,DOCX,small,1,no_buffer,ZIP,0
Photographic_1_S__docx_small__lsb1.png,core,DOCX,DOCX,small,1,no_markers,ZIP,0
Photographic_1_S__docx_small__lsb2.png,core,DOCX,DOCX,small,2,full,DOCX,1
Photographic_1_S__docx_small__lsb2.png,core,DOCX,DOCX,small,2,no_deinterleaving,UNKNOWN,0
Photographic_1_S__docx_small__lsb2.png,core,DOCX,DOCX,small,2,no_buffer,ZIP,0
Photographic_1_S__docx_small__lsb2.png,core,DOCX,DOCX,small,2,no_markers,ZIP,0
Photographic_1_S__docx_small__lsb3.png,core,DOCX,DOCX,small,3,full,DOCX,1
Photographic_1_S__docx_small__lsb3.png,core,DOCX,DOCX,small,3,no_deinterleaving,UNKNOWN,0
Photographic_1_S__docx_small__lsb3.png,core,DOCX,DOCX,small,3,no_buffer,ZIP,0
Photographic_1_S__docx_small__lsb3.png,core,DOCX,DOCX,small,3,no_markers,ZIP,0
Photographic_1_S__exe_small__lsb1.png,core,EXE,EXE,small,1,full,EXE,1
Photographic_1_S__exe_small__lsb1.png,core,EXE,EXE,small,1,no_deinterleaving,EXE,1
Photographic_1_S__exe_small__lsb1.png,core,EXE,EXE,small,1,no_buffer,EXE,1
Photographic_1_S__exe_small__lsb1.png,core,EXE,EXE,small,1,no_markers,EXE,1
Photographic_1_S__exe_small__lsb2.png,core,EXE,EXE,small,2,full,EXE,1
Photographic_1_S__exe_small__lsb2.png,core,EXE,EXE,small,2,no_deinterleaving,UNKNOWN,0
Photographic_1_S__exe_small__lsb2.png,core,EXE,EXE,small,2,no_buffer,EXE,1
Photographic_1_S__exe_small__lsb2.png,core,EXE,EXE,small,2,no_markers,EXE,1
Photographic_1_S__exe_small__lsb3.png,core,EXE,EXE,small,3,full,EXE,1
Photographic_1_S__exe_small__lsb3.png,core,EXE,EXE,small,3,no_deinterleaving,UNKNOWN,0
Photographic_1_S__exe_small__lsb3.png,core,EXE,EXE,small,3,no_buffer,EXE,1
Photographic_1_S__exe_small__lsb3.png,core,EXE,EXE,small,3,no_markers,EXE,1
Photographic_1_S__pdf_small__lsb1.png,core,PDF,PDF,small,1,full,PDF,1
Photographic_1_S__pdf_small__lsb1.png,core,PDF,PDF,small,1,no_deinterleaving,PDF,1
Photographic_1_S__pdf_small__lsb1.png,core,PDF,PDF,small,1,no_buffer,PDF,1
Photographic_1_S__pdf_small__lsb1.png,core,PDF,PDF,small,1,no_markers,PDF,1
Photographic_1_S__pdf_small__lsb2.png,core,PDF,PDF,small,2,full,PDF,1
Photographic_1_S__pdf_small__lsb2.png,core,PDF,PDF,small,2,no_deinterleaving,UNKNOWN,0
Photographic_1_S__pdf_small__lsb2.png,core,PDF,PDF,small,2,no_buffer,PDF,1
Photographic_1_S__pdf_small__lsb2.png,core,PDF,PDF,small,2,no_markers,PDF,1
Photographic_1_S__pdf_small__lsb3.png,core,PDF,PDF,small,3,full,PDF,1
Photographic_1_S__pdf_small__lsb3.png,core,PDF,PDF,small,3,no_deinterleaving,UNKNOWN,0
Photographic_1_S__pdf_small__lsb3.png,core,PDF,PDF,small,3,no_buffer,PDF,1
Photographic_1_S__pdf_small__lsb3.png,core,PDF,PDF,small,3,no_markers,PDF,1
Photographic_1_S__pptx_small__lsb1.png,core,PPTX,PPTX,small,1,full,PPTX,1
Photographic_1_S__pptx_small__lsb1.png,core,PPTX,PPTX,small,1,no_deinterleaving,PPTX,1
Photographic_1_S__pptx_small__lsb1.png,core,PPTX,PPTX,small,1,no_buffer,ZIP,0
Photographic_1_S__pptx_small__lsb1.png,core,PPTX,PPTX,small,1,no_markers,ZIP,0
Photographic_1_S__pptx_small__lsb2.png,core,PPTX,PPTX,small,2,full,PPTX,1
Photographic_1_S__pptx_small__lsb2.png,core,PPTX,PPTX,small,2,no_deinterleaving,UNKNOWN,0
Photographic_1_S__pptx_small__lsb2.png,core,PPTX,PPTX,small,2,no_buffer,ZIP,0
Photographic_1_S__pptx_small__lsb2.png,core,PPTX,PPTX,small,2,no_markers,ZIP,0
Photographic_1_S__pptx_small__lsb3.png,core,PPTX,PPTX,small,3,full,PPTX,1
Photographic_1_S__pptx_small__lsb3.png,core,PPTX,PPTX,small,3,no_deinterleaving,UNKNOWN,0
Photographic_1_S__pptx_small__lsb3.png,core,PPTX,PPTX,small,3,no_buffer,ZIP,0
Photographic_1_S__pptx_small__lsb3.png,core,PPTX,PPTX,small,3,no_markers,ZIP,0
Photographic_1_S__rtf_small__lsb1.png,core,RTF,RTF,small,1,full,RTF,1
Photographic_1_S__rtf_small__lsb1.png,core,RTF,RTF,small,1,no_deinterleaving,RTF,1
Photographic_1_S__rtf_small__lsb1.png,core,RTF,RTF,small,1,no_buffer,RTF,1
Photographic_1_S__rtf_small__lsb1.png,core,RTF,RTF,small,1,no_markers,RTF,1
Photographic_1_S__rtf_small__lsb2.png,core,RTF,RTF,small,2,full,RTF,1
Photographic_1_S__rtf_small__lsb2.png,core,RTF,RTF,small,2,no_deinterleaving,UNKNOWN,0
Photographic_1_S__rtf_small__lsb2.png,core,RTF,RTF,small,2,no_buffer,RTF,1
Photographic_1_S__rtf_small__lsb2.png,core,RTF,RTF,small,2,no_markers,RTF,1
Photographic_1_S__rtf_small__lsb3.png,core,RTF,RTF,small,3,full,RTF,1
Photographic_1_S__rtf_small__lsb3.png,core,RTF,RTF,small,3,no_deinterleaving,UNKNOWN,0
Photographic_1_S__rtf_small__lsb3.png,core,RTF,RTF,small,3,no_buffer,RTF,1
Photographic_1_S__rtf_small__lsb3.png,core,RTF,RTF,small,3,no_markers,RTF,1
Photographic_1_S__xlsx_small__lsb1.png,core,XLSX,XLSX,small,1,full,XLSX,1
Photographic_1_S__xlsx_small__lsb1.png,core,XLSX,XLSX,small,1,no_deinterleaving,XLSX,1
Photographic_1_S__xlsx_small__lsb1.png,core,XLSX,XLSX,small,1,no_buffer,ZIP,0
Photographic_1_S__xlsx_small__lsb1.png,core,XLSX,XLSX,small,1,no_markers,ZIP,0
Photographic_1_S__xlsx_small__lsb2.png,core,XLSX,XLSX,small,2,full,XLSX,1
Photographic_1_S__xlsx_small__lsb2.png,core,XLSX,XLSX,small,2,no_deinterleaving,UNKNOWN,0
Photographic_1_S__xlsx_small__lsb2.png,core,XLSX,XLSX,small,2,no_buffer,ZIP,0
Photographic_1_S__xlsx_small__lsb2.png,core,XLSX,XLSX,small,2,no_markers,ZIP,0
Photographic_1_S__xlsx_small__lsb3.png,core,XLSX,XLSX,small,3,full,XLSX,1
Photographic_1_S__xlsx_small__lsb3.png,core,XLSX,XLSX,small,3,no_deinterleaving,UNKNOWN,0
Photographic_1_S__xlsx_small__lsb3.png,core,XLSX,XLSX,small,3,no_buffer,ZIP,0
Photographic_1_S__xlsx_small__lsb3.png,core,XLSX,XLSX,small,3,no_markers,ZIP,0
Photographic_2_M__docx_large__lsb3.bmp,core,DOCX,DOCX,large,3,full,DOCX,1
Photographic_2_M__docx_large__lsb3.bmp,core,DOCX,DOCX,large,3,no_deinterleaving,UNKNOWN,0
Photographic_2_M__docx_large__lsb3.bmp,core,DOCX,DOCX,large,3,no_buffer,ZIP,0
Photographic_2_M__docx_large__lsb3.bmp,core,DOCX,DOCX,large,3,no_markers,ZIP,0
Photographic_2_M__docx_medium__lsb2.bmp,core,DOCX,DOCX,medium,2,full,DOCX,1
Photographic_2_M__docx_medium__lsb2.bmp,core,DOCX,DOCX,medium,2,no_deinterleaving,UNKNOWN,0
Photographic_2_M__docx_medium__lsb2.bmp,core,DOCX,DOCX,medium,2,no_buffer,ZIP,0
Photographic_2_M__docx_medium__lsb2.bmp,core,DOCX,DOCX,medium,2,no_markers,ZIP,0
Photographic_2_M__docx_medium__lsb3.bmp,core,DOCX,DOCX,medium,3,full,DOCX,1
Photographic_2_M__docx_medium__lsb3.bmp,core,DOCX,DOCX,medium,3,no_deinterleaving,UNKNOWN,0
Photographic_2_M__docx_medium__lsb3.bmp,core,DOCX,DOCX,medium,3,no_buffer,ZIP,0
Photographic_2_M__docx_medium__lsb3.bmp,core,DOCX,DOCX,medium,3,no_markers,ZIP,0
Photographic_2_M__docx_small__lsb1.bmp,core,DOCX,DOCX,small,1,full,DOCX,1
Photographic_2_M__docx_small__lsb1.bmp,core,DOCX,DOCX,small,1,no_deinterleaving,DOCX,1
Photographic_2_M__docx_small__lsb1.bmp,core,DOCX,DOCX,small,1,no_buffer,ZIP,0
Photographic_2_M__docx_small__lsb1.bmp,core,DOCX,DOCX,small,1,no_markers,ZIP,0
Photographic_2_M__docx_small__lsb2.bmp,core,DOCX,DOCX,small,2,full,DOCX,1
Photographic_2_M__docx_small__lsb2.bmp,core,DOCX,DOCX,small,2,no_deinterleaving,UNKNOWN,0
Photographic_2_M__docx_small__lsb2.bmp,core,DOCX,DOCX,small,2,no_buffer,ZIP,0
Photographic_2_M__docx_small__lsb2.bmp,core,DOCX,DOCX,small,2,no_markers,ZIP,0
Photographic_2_M__docx_small__lsb3.bmp,core,DOCX,DOCX,small,3,full,DOCX,1
Photographic_2_M__docx_small__lsb3.bmp,core,DOCX,DOCX,small,3,no_deinterleaving,UNKNOWN,0
Photographic_2_M__docx_small__lsb3.bmp,core,DOCX,DOCX,small,3,no_buffer,ZIP,0
Photographic_2_M__docx_small__lsb3.bmp,core,DOCX,DOCX,small,3,no_markers,ZIP,0
Photographic_2_M__exe_large__lsb3.bmp,core,EXE,EXE,large,3,full,EXE,1
Photographic_2_M__exe_large__lsb3.bmp,core,EXE,EXE,large,3,no_deinterleaving,UNKNOWN,0
Photographic_2_M__exe_large__lsb3.bmp,core,EXE,EXE,large,3,no_buffer,EXE,1
Photographic_2_M__exe_large__lsb3.bmp,core,EXE,EXE,large,3,no_markers,EXE,1
Photographic_2_M__exe_medium__lsb2.bmp,core,EXE,EXE,medium,2,full,EXE,1
Photographic_2_M__exe_medium__lsb2.bmp,core,EXE,EXE,medium,2,no_deinterleaving,UNKNOWN,0
Photographic_2_M__exe_medium__lsb2.bmp,core,EXE,EXE,medium,2,no_buffer,EXE,1
Photographic_2_M__exe_medium__lsb2.bmp,core,EXE,EXE,medium,2,no_markers,EXE,1
Photographic_2_M__exe_medium__lsb3.bmp,core,EXE,EXE,medium,3,full,EXE,1
Photographic_2_M__exe_medium__lsb3.bmp,core,EXE,EXE,medium,3,no_deinterleaving,UNKNOWN,0
Photographic_2_M__exe_medium__lsb3.bmp,core,EXE,EXE,medium,3,no_buffer,EXE,1
Photographic_2_M__exe_medium__lsb3.bmp,core,EXE,EXE,medium,3,no_markers,EXE,1
Photographic_2_M__exe_small__lsb1.bmp,core,EXE,EXE,small,1,full,EXE,1
Photographic_2_M__exe_small__lsb1.bmp,core,EXE,EXE,small,1,no_deinterleaving,EXE,1
Photographic_2_M__exe_small__lsb1.bmp,core,EXE,EXE,small,1,no_buffer,EXE,1
Photographic_2_M__exe_small__lsb1.bmp,core,EXE,EXE,small,1,no_markers,EXE,1
Photographic_2_M__exe_small__lsb2.bmp,core,EXE,EXE,small,2,full,EXE,1
Photographic_2_M__exe_small__lsb2.bmp,core,EXE,EXE,small,2,no_deinterleaving,UNKNOWN,0
Photographic_2_M__exe_small__lsb2.bmp,core,EXE,EXE,small,2,no_buffer,EXE,1
Photographic_2_M__exe_small__lsb2.bmp,core,EXE,EXE,small,2,no_markers,EXE,1
Photographic_2_M__exe_small__lsb3.bmp,core,EXE,EXE,small,3,full,EXE,1
Photographic_2_M__exe_small__lsb3.bmp,core,EXE,EXE,small,3,no_deinterleaving,UNKNOWN,0
Photographic_2_M__exe_small__lsb3.bmp,core,EXE,EXE,small,3,no_buffer,EXE,1
Photographic_2_M__exe_small__lsb3.bmp,core,EXE,EXE,small,3,no_markers,EXE,1
Photographic_2_M__pdf_large__lsb3.bmp,core,PDF,PDF,large,3,full,PDF,1
Photographic_2_M__pdf_large__lsb3.bmp,core,PDF,PDF,large,3,no_deinterleaving,UNKNOWN,0
Photographic_2_M__pdf_large__lsb3.bmp,core,PDF,PDF,large,3,no_buffer,PDF,1
Photographic_2_M__pdf_large__lsb3.bmp,core,PDF,PDF,large,3,no_markers,PDF,1
Photographic_2_M__pdf_medium__lsb2.bmp,core,PDF,PDF,medium,2,full,PDF,1
Photographic_2_M__pdf_medium__lsb2.bmp,core,PDF,PDF,medium,2,no_deinterleaving,UNKNOWN,0
Photographic_2_M__pdf_medium__lsb2.bmp,core,PDF,PDF,medium,2,no_buffer,PDF,1
Photographic_2_M__pdf_medium__lsb2.bmp,core,PDF,PDF,medium,2,no_markers,PDF,1
Photographic_2_M__pdf_medium__lsb3.bmp,core,PDF,PDF,medium,3,full,PDF,1
Photographic_2_M__pdf_medium__lsb3.bmp,core,PDF,PDF,medium,3,no_deinterleaving,UNKNOWN,0
Photographic_2_M__pdf_medium__lsb3.bmp,core,PDF,PDF,medium,3,no_buffer,PDF,1
Photographic_2_M__pdf_medium__lsb3.bmp,core,PDF,PDF,medium,3,no_markers,PDF,1
Photographic_2_M__pdf_small__lsb1.bmp,core,PDF,PDF,small,1,full,PDF,1
Photographic_2_M__pdf_small__lsb1.bmp,core,PDF,PDF,small,1,no_deinterleaving,PDF,1
Photographic_2_M__pdf_small__lsb1.bmp,core,PDF,PDF,small,1,no_buffer,PDF,1
Photographic_2_M__pdf_small__lsb1.bmp,core,PDF,PDF,small,1,no_markers,PDF,1
Photographic_2_M__pdf_small__lsb2.bmp,core,PDF,PDF,small,2,full,PDF,1
Photographic_2_M__pdf_small__lsb2.bmp,core,PDF,PDF,small,2,no_deinterleaving,UNKNOWN,0
Photographic_2_M__pdf_small__lsb2.bmp,core,PDF,PDF,small,2,no_buffer,PDF,1
Photographic_2_M__pdf_small__lsb2.bmp,core,PDF,PDF,small,2,no_markers,PDF,1
Photographic_2_M__pdf_small__lsb3.bmp,core,PDF,PDF,small,3,full,PDF,1
Photographic_2_M__pdf_small__lsb3.bmp,core,PDF,PDF,small,3,no_deinterleaving,UNKNOWN,0
Photographic_2_M__pdf_small__lsb3.bmp,core,PDF,PDF,small,3,no_buffer,PDF,1
Photographic_2_M__pdf_small__lsb3.bmp,core,PDF,PDF,small,3,no_markers,PDF,1
Photographic_2_M__pptx_large__lsb3.bmp,core,PPTX,PPTX,large,3,full,PPTX,1
Photographic_2_M__pptx_large__lsb3.bmp,core,PPTX,PPTX,large,3,no_deinterleaving,UNKNOWN,0
Photographic_2_M__pptx_large__lsb3.bmp,core,PPTX,PPTX,large,3,no_buffer,ZIP,0
Photographic_2_M__pptx_large__lsb3.bmp,core,PPTX,PPTX,large,3,no_markers,ZIP,0
Photographic_2_M__pptx_medium__lsb2.bmp,core,PPTX,PPTX,medium,2,full,PPTX,1
Photographic_2_M__pptx_medium__lsb2.bmp,core,PPTX,PPTX,medium,2,no_deinterleaving,UNKNOWN,0
Photographic_2_M__pptx_medium__lsb2.bmp,core,PPTX,PPTX,medium,2,no_buffer,ZIP,0
Photographic_2_M__pptx_medium__lsb2.bmp,core,PPTX,PPTX,medium,2,no_markers,ZIP,0
Photographic_2_M__pptx_medium__lsb3.bmp,core,PPTX,PPTX,medium,3,full,PPTX,1
Photographic_2_M__pptx_medium__lsb3.bmp,core,PPTX,PPTX,medium,3,no_deinterleaving,UNKNOWN,0
Photographic_2_M__pptx_medium__lsb3.bmp,core,PPTX,PPTX,medium,3,no_buffer,ZIP,0
Photographic_2_M__pptx_medium__lsb3.bmp,core,PPTX,PPTX,medium,3,no_markers,ZIP,0
Photographic_2_M__pptx_small__lsb1.bmp,core,PPTX,PPTX,small,1,full,PPTX,1
Photographic_2_M__pptx_small__lsb1.bmp,core,PPTX,PPTX,small,1,no_deinterleaving,PPTX,1
Photographic_2_M__pptx_small__lsb1.bmp,core,PPTX,PPTX,small,1,no_buffer,ZIP,0
Photographic_2_M__pptx_small__lsb1.bmp,core,PPTX,PPTX,small,1,no_markers,ZIP,0
Photographic_2_M__pptx_small__lsb2.bmp,core,PPTX,PPTX,small,2,full,PPTX,1
Photographic_2_M__pptx_small__lsb2.bmp,core,PPTX,PPTX,small,2,no_deinterleaving,UNKNOWN,0
Photographic_2_M__pptx_small__lsb2.bmp,core,PPTX,PPTX,small,2,no_buffer,ZIP,0
Photographic_2_M__pptx_small__lsb2.bmp,core,PPTX,PPTX,small,2,no_markers,ZIP,0
Photographic_2_M__pptx_small__lsb3.bmp,core,PPTX,PPTX,small,3,full,PPTX,1
Photographic_2_M__pptx_small__lsb3.bmp,core,PPTX,PPTX,small,3,no_deinterleaving,UNKNOWN,0
Photographic_2_M__pptx_small__lsb3.bmp,core,PPTX,PPTX,small,3,no_buffer,ZIP,0
Photographic_2_M__pptx_small__lsb3.bmp,core,PPTX,PPTX,small,3,no_markers,ZIP,0
Photographic_2_M__rtf_large__lsb3.bmp,core,RTF,RTF,large,3,full,RTF,1
Photographic_2_M__rtf_large__lsb3.bmp,core,RTF,RTF,large,3,no_deinterleaving,UNKNOWN,0
Photographic_2_M__rtf_large__lsb3.bmp,core,RTF,RTF,large,3,no_buffer,RTF,1
Photographic_2_M__rtf_large__lsb3.bmp,core,RTF,RTF,large,3,no_markers,RTF,1
Photographic_2_M__rtf_medium__lsb2.bmp,core,RTF,RTF,medium,2,full,RTF,1
Photographic_2_M__rtf_medium__lsb2.bmp,core,RTF,RTF,medium,2,no_deinterleaving,UNKNOWN,0
Photographic_2_M__rtf_medium__lsb2.bmp,core,RTF,RTF,medium,2,no_buffer,RTF,1
Photographic_2_M__rtf_medium__lsb2.bmp,core,RTF,RTF,medium,2,no_markers,RTF,1
Photographic_2_M__rtf_medium__lsb3.bmp,core,RTF,RTF,medium,3,full,RTF,1
Photographic_2_M__rtf_medium__lsb3.bmp,core,RTF,RTF,medium,3,no_deinterleaving,UNKNOWN,0
Photographic_2_M__rtf_medium__lsb3.bmp,core,RTF,RTF,medium,3,no_buffer,RTF,1
Photographic_2_M__rtf_medium__lsb3.bmp,core,RTF,RTF,medium,3,no_markers,RTF,1
Photographic_2_M__rtf_small__lsb1.bmp,core,RTF,RTF,small,1,full,RTF,1
Photographic_2_M__rtf_small__lsb1.bmp,core,RTF,RTF,small,1,no_deinterleaving,RTF,1
Photographic_2_M__rtf_small__lsb1.bmp,core,RTF,RTF,small,1,no_buffer,RTF,1
Photographic_2_M__rtf_small__lsb1.bmp,core,RTF,RTF,small,1,no_markers,RTF,1
Photographic_2_M__rtf_small__lsb2.bmp,core,RTF,RTF,small,2,full,RTF,1
Photographic_2_M__rtf_small__lsb2.bmp,core,RTF,RTF,small,2,no_deinterleaving,UNKNOWN,0
Photographic_2_M__rtf_small__lsb2.bmp,core,RTF,RTF,small,2,no_buffer,RTF,1
Photographic_2_M__rtf_small__lsb2.bmp,core,RTF,RTF,small,2,no_markers,RTF,1
Photographic_2_M__rtf_small__lsb3.bmp,core,RTF,RTF,small,3,full,RTF,1
Photographic_2_M__rtf_small__lsb3.bmp,core,RTF,RTF,small,3,no_deinterleaving,UNKNOWN,0
Photographic_2_M__rtf_small__lsb3.bmp,core,RTF,RTF,small,3,no_buffer,RTF,1
Photographic_2_M__rtf_small__lsb3.bmp,core,RTF,RTF,small,3,no_markers,RTF,1
Photographic_2_M__xlsx_large__lsb3.bmp,core,XLSX,XLSX,large,3,full,XLSX,1
Photographic_2_M__xlsx_large__lsb3.bmp,core,XLSX,XLSX,large,3,no_deinterleaving,UNKNOWN,0
Photographic_2_M__xlsx_large__lsb3.bmp,core,XLSX,XLSX,large,3,no_buffer,ZIP,0
Photographic_2_M__xlsx_large__lsb3.bmp,core,XLSX,XLSX,large,3,no_markers,ZIP,0
Photographic_2_M__xlsx_medium__lsb2.bmp,core,XLSX,XLSX,medium,2,full,XLSX,1
Photographic_2_M__xlsx_medium__lsb2.bmp,core,XLSX,XLSX,medium,2,no_deinterleaving,UNKNOWN,0
Photographic_2_M__xlsx_medium__lsb2.bmp,core,XLSX,XLSX,medium,2,no_buffer,ZIP,0
Photographic_2_M__xlsx_medium__lsb2.bmp,core,XLSX,XLSX,medium,2,no_markers,ZIP,0
Photographic_2_M__xlsx_medium__lsb3.bmp,core,XLSX,XLSX,medium,3,full,XLSX,1
Photographic_2_M__xlsx_medium__lsb3.bmp,core,XLSX,XLSX,medium,3,no_deinterleaving,UNKNOWN,0
Photographic_2_M__xlsx_medium__lsb3.bmp,core,XLSX,XLSX,medium,3,no_buffer,ZIP,0
Photographic_2_M__xlsx_medium__lsb3.bmp,core,XLSX,XLSX,medium,3,no_markers,ZIP,0
Photographic_2_M__xlsx_small__lsb1.bmp,core,XLSX,XLSX,small,1,full,XLSX,1
Photographic_2_M__xlsx_small__lsb1.bmp,core,XLSX,XLSX,small,1,no_deinterleaving,XLSX,1
Photographic_2_M__xlsx_small__lsb1.bmp,core,XLSX,XLSX,small,1,no_buffer,ZIP,0
Photographic_2_M__xlsx_small__lsb1.bmp,core,XLSX,XLSX,small,1,no_markers,ZIP,0
Photographic_2_M__xlsx_small__lsb2.bmp,core,XLSX,XLSX,small,2,full,XLSX,1
Photographic_2_M__xlsx_small__lsb2.bmp,core,XLSX,XLSX,small,2,no_deinterleaving,UNKNOWN,0
Photographic_2_M__xlsx_small__lsb2.bmp,core,XLSX,XLSX,small,2,no_buffer,ZIP,0
Photographic_2_M__xlsx_small__lsb2.bmp,core,XLSX,XLSX,small,2,no_markers,ZIP,0
Photographic_2_M__xlsx_small__lsb3.bmp,core,XLSX,XLSX,small,3,full,XLSX,1
Photographic_2_M__xlsx_small__lsb3.bmp,core,XLSX,XLSX,small,3,no_deinterleaving,UNKNOWN,0
Photographic_2_M__xlsx_small__lsb3.bmp,core,XLSX,XLSX,small,3,no_buffer,ZIP,0
Photographic_2_M__xlsx_small__lsb3.bmp,core,XLSX,XLSX,small,3,no_markers,ZIP,0
Transparency_1_S__docx_small__lsb1.png,core,DOCX,DOCX,small,1,full,DOCX,1
Transparency_1_S__docx_small__lsb1.png,core,DOCX,DOCX,small,1,no_deinterleaving,DOCX,1
Transparency_1_S__docx_small__lsb1.png,core,DOCX,DOCX,small,1,no_buffer,ZIP,0
Transparency_1_S__docx_small__lsb1.png,core,DOCX,DOCX,small,1,no_markers,ZIP,0
Transparency_1_S__docx_small__lsb2.png,core,DOCX,DOCX,small,2,full,DOCX,1
Transparency_1_S__docx_small__lsb2.png,core,DOCX,DOCX,small,2,no_deinterleaving,UNKNOWN,0
Transparency_1_S__docx_small__lsb2.png,core,DOCX,DOCX,small,2,no_buffer,ZIP,0
Transparency_1_S__docx_small__lsb2.png,core,DOCX,DOCX,small,2,no_markers,ZIP,0
Transparency_1_S__docx_small__lsb3.png,core,DOCX,DOCX,small,3,full,DOCX,1
Transparency_1_S__docx_small__lsb3.png,core,DOCX,DOCX,small,3,no_deinterleaving,UNKNOWN,0
Transparency_1_S__docx_small__lsb3.png,core,DOCX,DOCX,small,3,no_buffer,ZIP,0
Transparency_1_S__docx_small__lsb3.png,core,DOCX,DOCX,small,3,no_markers,ZIP,0
Transparency_1_S__exe_small__lsb1.png,core,EXE,EXE,small,1,full,EXE,1
Transparency_1_S__exe_small__lsb1.png,core,EXE,EXE,small,1,no_deinterleaving,EXE,1
Transparency_1_S__exe_small__lsb1.png,core,EXE,EXE,small,1,no_buffer,EXE,1
Transparency_1_S__exe_small__lsb1.png,core,EXE,EXE,small,1,no_markers,EXE,1
Transparency_1_S__exe_small__lsb2.png,core,EXE,EXE,small,2,full,EXE,1
Transparency_1_S__exe_small__lsb2.png,core,EXE,EXE,small,2,no_deinterleaving,UNKNOWN,0
Transparency_1_S__exe_small__lsb2.png,core,EXE,EXE,small,2,no_buffer,EXE,1
Transparency_1_S__exe_small__lsb2.png,core,EXE,EXE,small,2,no_markers,EXE,1
Transparency_1_S__exe_small__lsb3.png,core,EXE,EXE,small,3,full,EXE,1
Transparency_1_S__exe_small__lsb3.png,core,EXE,EXE,small,3,no_deinterleaving,UNKNOWN,0
Transparency_1_S__exe_small__lsb3.png,core,EXE,EXE,small,3,no_buffer,EXE,1
Transparency_1_S__exe_small__lsb3.png,core,EXE,EXE,small,3,no_markers,EXE,1
Transparency_1_S__pdf_small__lsb1.png,core,PDF,PDF,small,1,full,PDF,1
Transparency_1_S__pdf_small__lsb1.png,core,PDF,PDF,small,1,no_deinterleaving,PDF,1
Transparency_1_S__pdf_small__lsb1.png,core,PDF,PDF,small,1,no_buffer,PDF,1
Transparency_1_S__pdf_small__lsb1.png,core,PDF,PDF,small,1,no_markers,PDF,1
Transparency_1_S__pdf_small__lsb2.png,core,PDF,PDF,small,2,full,PDF,1
Transparency_1_S__pdf_small__lsb2.png,core,PDF,PDF,small,2,no_deinterleaving,UNKNOWN,0
Transparency_1_S__pdf_small__lsb2.png,core,PDF,PDF,small,2,no_buffer,PDF,1
Transparency_1_S__pdf_small__lsb2.png,core,PDF,PDF,small,2,no_markers,PDF,1
Transparency_1_S__pdf_small__lsb3.png,core,PDF,PDF,small,3,full,PDF,1
Transparency_1_S__pdf_small__lsb3.png,core,PDF,PDF,small,3,no_deinterleaving,UNKNOWN,0
Transparency_1_S__pdf_small__lsb3.png,core,PDF,PDF,small,3,no_buffer,PDF,1
Transparency_1_S__pdf_small__lsb3.png,core,PDF,PDF,small,3,no_markers,PDF,1
Transparency_1_S__pptx_small__lsb1.png,core,PPTX,PPTX,small,1,full,PPTX,1
Transparency_1_S__pptx_small__lsb1.png,core,PPTX,PPTX,small,1,no_deinterleaving,PPTX,1
Transparency_1_S__pptx_small__lsb1.png,core,PPTX,PPTX,small,1,no_buffer,ZIP,0
Transparency_1_S__pptx_small__lsb1.png,core,PPTX,PPTX,small,1,no_markers,ZIP,0
Transparency_1_S__pptx_small__lsb2.png,core,PPTX,PPTX,small,2,full,PPTX,1
Transparency_1_S__pptx_small__lsb2.png,core,PPTX,PPTX,small,2,no_deinterleaving,UNKNOWN,0
Transparency_1_S__pptx_small__lsb2.png,core,PPTX,PPTX,small,2,no_buffer,ZIP,0
Transparency_1_S__pptx_small__lsb2.png,core,PPTX,PPTX,small,2,no_markers,ZIP,0
Transparency_1_S__pptx_small__lsb3.png,core,PPTX,PPTX,small,3,full,PPTX,1
Transparency_1_S__pptx_small__lsb3.png,core,PPTX,PPTX,small,3,no_deinterleaving,UNKNOWN,0
Transparency_1_S__pptx_small__lsb3.png,core,PPTX,PPTX,small,3,no_buffer,ZIP,0
Transparency_1_S__pptx_small__lsb3.png,core,PPTX,PPTX,small,3,no_markers,ZIP,0
Transparency_1_S__rtf_small__lsb1.png,core,RTF,RTF,small,1,full,RTF,1
Transparency_1_S__rtf_small__lsb1.png,core,RTF,RTF,small,1,no_deinterleaving,RTF,1
Transparency_1_S__rtf_small__lsb1.png,core,RTF,RTF,small,1,no_buffer,RTF,1
Transparency_1_S__rtf_small__lsb1.png,core,RTF,RTF,small,1,no_markers,RTF,1
Transparency_1_S__rtf_small__lsb2.png,core,RTF,RTF,small,2,full,RTF,1
Transparency_1_S__rtf_small__lsb2.png,core,RTF,RTF,small,2,no_deinterleaving,UNKNOWN,0
Transparency_1_S__rtf_small__lsb2.png,core,RTF,RTF,small,2,no_buffer,RTF,1
Transparency_1_S__rtf_small__lsb2.png,core,RTF,RTF,small,2,no_markers,RTF,1
Transparency_1_S__rtf_small__lsb3.png,core,RTF,RTF,small,3,full,RTF,1
Transparency_1_S__rtf_small__lsb3.png,core,RTF,RTF,small,3,no_deinterleaving,UNKNOWN,0
Transparency_1_S__rtf_small__lsb3.png,core,RTF,RTF,small,3,no_buffer,RTF,1
Transparency_1_S__rtf_small__lsb3.png,core,RTF,RTF,small,3,no_markers,RTF,1
Transparency_1_S__xlsx_small__lsb1.png,core,XLSX,XLSX,small,1,full,XLSX,1
Transparency_1_S__xlsx_small__lsb1.png,core,XLSX,XLSX,small,1,no_deinterleaving,XLSX,1
Transparency_1_S__xlsx_small__lsb1.png,core,XLSX,XLSX,small,1,no_buffer,ZIP,0
Transparency_1_S__xlsx_small__lsb1.png,core,XLSX,XLSX,small,1,no_markers,ZIP,0
Transparency_1_S__xlsx_small__lsb2.png,core,XLSX,XLSX,small,2,full,XLSX,1
Transparency_1_S__xlsx_small__lsb2.png,core,XLSX,XLSX,small,2,no_deinterleaving,UNKNOWN,0
Transparency_1_S__xlsx_small__lsb2.png,core,XLSX,XLSX,small,2,no_buffer,ZIP,0
Transparency_1_S__xlsx_small__lsb2.png,core,XLSX,XLSX,small,2,no_markers,ZIP,0
Transparency_1_S__xlsx_small__lsb3.png,core,XLSX,XLSX,small,3,full,XLSX,1
Transparency_1_S__xlsx_small__lsb3.png,core,XLSX,XLSX,small,3,no_deinterleaving,UNKNOWN,0
Transparency_1_S__xlsx_small__lsb3.png,core,XLSX,XLSX,small,3,no_buffer,ZIP,0
Transparency_1_S__xlsx_small__lsb3.png,core,XLSX,XLSX,small,3,no_markers,ZIP,0
Transparency_2_L__docx_large__lsb2.png,core,DOCX,DOCX,large,2,full,DOCX,1
Transparency_2_L__docx_large__lsb2.png,core,DOCX,DOCX,large,2,no_deinterleaving,UNKNOWN,0
Transparency_2_L__docx_large__lsb2.png,core,DOCX,DOCX,large,2,no_buffer,ZIP,0
Transparency_2_L__docx_large__lsb2.png,core,DOCX,DOCX,large,2,no_markers,ZIP,0
Transparency_2_L__docx_large__lsb3.png,core,DOCX,DOCX,large,3,full,DOCX,1
Transparency_2_L__docx_large__lsb3.png,core,DOCX,DOCX,large,3,no_deinterleaving,UNKNOWN,0
Transparency_2_L__docx_large__lsb3.png,core,DOCX,DOCX,large,3,no_buffer,ZIP,0
Transparency_2_L__docx_large__lsb3.png,core,DOCX,DOCX,large,3,no_markers,ZIP,0
Transparency_2_L__docx_medium__lsb1.png,core,DOCX,DOCX,medium,1,full,DOCX,1
Transparency_2_L__docx_medium__lsb1.png,core,DOCX,DOCX,medium,1,no_deinterleaving,DOCX,1
Transparency_2_L__docx_medium__lsb1.png,core,DOCX,DOCX,medium,1,no_buffer,ZIP,0
Transparency_2_L__docx_medium__lsb1.png,core,DOCX,DOCX,medium,1,no_markers,ZIP,0
Transparency_2_L__docx_medium__lsb2.png,core,DOCX,DOCX,medium,2,full,DOCX,1
Transparency_2_L__docx_medium__lsb2.png,core,DOCX,DOCX,medium,2,no_deinterleaving,UNKNOWN,0
Transparency_2_L__docx_medium__lsb2.png,core,DOCX,DOCX,medium,2,no_buffer,ZIP,0
Transparency_2_L__docx_medium__lsb2.png,core,DOCX,DOCX,medium,2,no_markers,ZIP,0
Transparency_2_L__docx_medium__lsb3.png,core,DOCX,DOCX,medium,3,full,DOCX,1
Transparency_2_L__docx_medium__lsb3.png,core,DOCX,DOCX,medium,3,no_deinterleaving,UNKNOWN,0
Transparency_2_L__docx_medium__lsb3.png,core,DOCX,DOCX,medium,3,no_buffer,ZIP,0
Transparency_2_L__docx_medium__lsb3.png,core,DOCX,DOCX,medium,3,no_markers,ZIP,0
Transparency_2_L__docx_small__lsb1.png,core,DOCX,DOCX,small,1,full,DOCX,1
Transparency_2_L__docx_small__lsb1.png,core,DOCX,DOCX,small,1,no_deinterleaving,DOCX,1
Transparency_2_L__docx_small__lsb1.png,core,DOCX,DOCX,small,1,no_buffer,ZIP,0
Transparency_2_L__docx_small__lsb1.png,core,DOCX,DOCX,small,1,no_markers,ZIP,0
Transparency_2_L__docx_small__lsb2.png,core,DOCX,DOCX,small,2,full,DOCX,1
Transparency_2_L__docx_small__lsb2.png,core,DOCX,DOCX,small,2,no_deinterleaving,UNKNOWN,0
Transparency_2_L__docx_small__lsb2.png,core,DOCX,DOCX,small,2,no_buffer,ZIP,0
Transparency_2_L__docx_small__lsb2.png,core,DOCX,DOCX,small,2,no_markers,ZIP,0
Transparency_2_L__docx_small__lsb3.png,core,DOCX,DOCX,small,3,full,DOCX,1
Transparency_2_L__docx_small__lsb3.png,core,DOCX,DOCX,small,3,no_deinterleaving,UNKNOWN,0
Transparency_2_L__docx_small__lsb3.png,core,DOCX,DOCX,small,3,no_buffer,ZIP,0
Transparency_2_L__docx_small__lsb3.png,core,DOCX,DOCX,small,3,no_markers,ZIP,0
Transparency_2_L__exe_large__lsb2.png,core,EXE,EXE,large,2,full,EXE,1
Transparency_2_L__exe_large__lsb2.png,core,EXE,EXE,large,2,no_deinterleaving,UNKNOWN,0
Transparency_2_L__exe_large__lsb2.png,core,EXE,EXE,large,2,no_buffer,EXE,1
Transparency_2_L__exe_large__lsb2.png,core,EXE,EXE,large,2,no_markers,EXE,1
Transparency_2_L__exe_large__lsb3.png,core,EXE,EXE,large,3,full,EXE,1
Transparency_2_L__exe_large__lsb3.png,core,EXE,EXE,large,3,no_deinterleaving,UNKNOWN,0
Transparency_2_L__exe_large__lsb3.png,core,EXE,EXE,large,3,no_buffer,EXE,1
Transparency_2_L__exe_large__lsb3.png,core,EXE,EXE,large,3,no_markers,EXE,1
Transparency_2_L__exe_medium__lsb1.png,core,EXE,EXE,medium,1,full,EXE,1
Transparency_2_L__exe_medium__lsb1.png,core,EXE,EXE,medium,1,no_deinterleaving,EXE,1
Transparency_2_L__exe_medium__lsb1.png,core,EXE,EXE,medium,1,no_buffer,EXE,1
Transparency_2_L__exe_medium__lsb1.png,core,EXE,EXE,medium,1,no_markers,EXE,1
Transparency_2_L__exe_medium__lsb2.png,core,EXE,EXE,medium,2,full,EXE,1
Transparency_2_L__exe_medium__lsb2.png,core,EXE,EXE,medium,2,no_deinterleaving,UNKNOWN,0
Transparency_2_L__exe_medium__lsb2.png,core,EXE,EXE,medium,2,no_buffer,EXE,1
Transparency_2_L__exe_medium__lsb2.png,core,EXE,EXE,medium,2,no_markers,EXE,1
Transparency_2_L__exe_medium__lsb3.png,core,EXE,EXE,medium,3,full,EXE,1
Transparency_2_L__exe_medium__lsb3.png,core,EXE,EXE,medium,3,no_deinterleaving,UNKNOWN,0
Transparency_2_L__exe_medium__lsb3.png,core,EXE,EXE,medium,3,no_buffer,EXE,1
Transparency_2_L__exe_medium__lsb3.png,core,EXE,EXE,medium,3,no_markers,EXE,1
Transparency_2_L__exe_small__lsb1.png,core,EXE,EXE,small,1,full,EXE,1
Transparency_2_L__exe_small__lsb1.png,core,EXE,EXE,small,1,no_deinterleaving,EXE,1
Transparency_2_L__exe_small__lsb1.png,core,EXE,EXE,small,1,no_buffer,EXE,1
Transparency_2_L__exe_small__lsb1.png,core,EXE,EXE,small,1,no_markers,EXE,1
Transparency_2_L__exe_small__lsb2.png,core,EXE,EXE,small,2,full,EXE,1
Transparency_2_L__exe_small__lsb2.png,core,EXE,EXE,small,2,no_deinterleaving,UNKNOWN,0
Transparency_2_L__exe_small__lsb2.png,core,EXE,EXE,small,2,no_buffer,EXE,1
Transparency_2_L__exe_small__lsb2.png,core,EXE,EXE,small,2,no_markers,EXE,1
Transparency_2_L__exe_small__lsb3.png,core,EXE,EXE,small,3,full,EXE,1
Transparency_2_L__exe_small__lsb3.png,core,EXE,EXE,small,3,no_deinterleaving,UNKNOWN,0
Transparency_2_L__exe_small__lsb3.png,core,EXE,EXE,small,3,no_buffer,EXE,1
Transparency_2_L__exe_small__lsb3.png,core,EXE,EXE,small,3,no_markers,EXE,1
Transparency_2_L__pdf_large__lsb2.png,core,PDF,PDF,large,2,full,PDF,1
Transparency_2_L__pdf_large__lsb2.png,core,PDF,PDF,large,2,no_deinterleaving,UNKNOWN,0
Transparency_2_L__pdf_large__lsb2.png,core,PDF,PDF,large,2,no_buffer,PDF,1
Transparency_2_L__pdf_large__lsb2.png,core,PDF,PDF,large,2,no_markers,PDF,1
Transparency_2_L__pdf_large__lsb3.png,core,PDF,PDF,large,3,full,PDF,1
Transparency_2_L__pdf_large__lsb3.png,core,PDF,PDF,large,3,no_deinterleaving,UNKNOWN,0
Transparency_2_L__pdf_large__lsb3.png,core,PDF,PDF,large,3,no_buffer,PDF,1
Transparency_2_L__pdf_large__lsb3.png,core,PDF,PDF,large,3,no_markers,PDF,1
Transparency_2_L__pdf_medium__lsb1.png,core,PDF,PDF,medium,1,full,PDF,1
Transparency_2_L__pdf_medium__lsb1.png,core,PDF,PDF,medium,1,no_deinterleaving,PDF,1
Transparency_2_L__pdf_medium__lsb1.png,core,PDF,PDF,medium,1,no_buffer,PDF,1
Transparency_2_L__pdf_medium__lsb1.png,core,PDF,PDF,medium,1,no_markers,PDF,1
Transparency_2_L__pdf_medium__lsb2.png,core,PDF,PDF,medium,2,full,PDF,1
Transparency_2_L__pdf_medium__lsb2.png,core,PDF,PDF,medium,2,no_deinterleaving,UNKNOWN,0
Transparency_2_L__pdf_medium__lsb2.png,core,PDF,PDF,medium,2,no_buffer,PDF,1
Transparency_2_L__pdf_medium__lsb2.png,core,PDF,PDF,medium,2,no_markers,PDF,1
Transparency_2_L__pdf_medium__lsb3.png,core,PDF,PDF,medium,3,full,PDF,1
Transparency_2_L__pdf_medium__lsb3.png,core,PDF,PDF,medium,3,no_deinterleaving,UNKNOWN,0
Transparency_2_L__pdf_medium__lsb3.png,core,PDF,PDF,medium,3,no_buffer,PDF,1
Transparency_2_L__pdf_medium__lsb3.png,core,PDF,PDF,medium,3,no_markers,PDF,1
Transparency_2_L__pdf_small__lsb1.png,core,PDF,PDF,small,1,full,PDF,1
Transparency_2_L__pdf_small__lsb1.png,core,PDF,PDF,small,1,no_deinterleaving,PDF,1
Transparency_2_L__pdf_small__lsb1.png,core,PDF,PDF,small,1,no_buffer,PDF,1
Transparency_2_L__pdf_small__lsb1.png,core,PDF,PDF,small,1,no_markers,PDF,1
Transparency_2_L__pdf_small__lsb2.png,core,PDF,PDF,small,2,full,PDF,1
Transparency_2_L__pdf_small__lsb2.png,core,PDF,PDF,small,2,no_deinterleaving,UNKNOWN,0
Transparency_2_L__pdf_small__lsb2.png,core,PDF,PDF,small,2,no_buffer,PDF,1
Transparency_2_L__pdf_small__lsb2.png,core,PDF,PDF,small,2,no_markers,PDF,1
Transparency_2_L__pdf_small__lsb3.png,core,PDF,PDF,small,3,full,PDF,1
Transparency_2_L__pdf_small__lsb3.png,core,PDF,PDF,small,3,no_deinterleaving,UNKNOWN,0
Transparency_2_L__pdf_small__lsb3.png,core,PDF,PDF,small,3,no_buffer,PDF,1
Transparency_2_L__pdf_small__lsb3.png,core,PDF,PDF,small,3,no_markers,PDF,1
Transparency_2_L__pptx_large__lsb2.png,core,PPTX,PPTX,large,2,full,PPTX,1
Transparency_2_L__pptx_large__lsb2.png,core,PPTX,PPTX,large,2,no_deinterleaving,UNKNOWN,0
Transparency_2_L__pptx_large__lsb2.png,core,PPTX,PPTX,large,2,no_buffer,ZIP,0
Transparency_2_L__pptx_large__lsb2.png,core,PPTX,PPTX,large,2,no_markers,ZIP,0
Transparency_2_L__pptx_large__lsb3.png,core,PPTX,PPTX,large,3,full,PPTX,1
Transparency_2_L__pptx_large__lsb3.png,core,PPTX,PPTX,large,3,no_deinterleaving,UNKNOWN,0
Transparency_2_L__pptx_large__lsb3.png,core,PPTX,PPTX,large,3,no_buffer,ZIP,0
Transparency_2_L__pptx_large__lsb3.png,core,PPTX,PPTX,large,3,no_markers,ZIP,0
Transparency_2_L__pptx_medium__lsb1.png,core,PPTX,PPTX,medium,1,full,PPTX,1
Transparency_2_L__pptx_medium__lsb1.png,core,PPTX,PPTX,medium,1,no_deinterleaving,PPTX,1
Transparency_2_L__pptx_medium__lsb1.png,core,PPTX,PPTX,medium,1,no_buffer,ZIP,0
Transparency_2_L__pptx_medium__lsb1.png,core,PPTX,PPTX,medium,1,no_markers,ZIP,0
Transparency_2_L__pptx_medium__lsb2.png,core,PPTX,PPTX,medium,2,full,PPTX,1
Transparency_2_L__pptx_medium__lsb2.png,core,PPTX,PPTX,medium,2,no_deinterleaving,UNKNOWN,0
Transparency_2_L__pptx_medium__lsb2.png,core,PPTX,PPTX,medium,2,no_buffer,ZIP,0
Transparency_2_L__pptx_medium__lsb2.png,core,PPTX,PPTX,medium,2,no_markers,ZIP,0
Transparency_2_L__pptx_medium__lsb3.png,core,PPTX,PPTX,medium,3,full,PPTX,1
Transparency_2_L__pptx_medium__lsb3.png,core,PPTX,PPTX,medium,3,no_deinterleaving,UNKNOWN,0
Transparency_2_L__pptx_medium__lsb3.png,core,PPTX,PPTX,medium,3,no_buffer,ZIP,0
Transparency_2_L__pptx_medium__lsb3.png,core,PPTX,PPTX,medium,3,no_markers,ZIP,0
Transparency_2_L__pptx_small__lsb1.png,core,PPTX,PPTX,small,1,full,PPTX,1
Transparency_2_L__pptx_small__lsb1.png,core,PPTX,PPTX,small,1,no_deinterleaving,PPTX,1
Transparency_2_L__pptx_small__lsb1.png,core,PPTX,PPTX,small,1,no_buffer,ZIP,0
Transparency_2_L__pptx_small__lsb1.png,core,PPTX,PPTX,small,1,no_markers,ZIP,0
Transparency_2_L__pptx_small__lsb2.png,core,PPTX,PPTX,small,2,full,PPTX,1
Transparency_2_L__pptx_small__lsb2.png,core,PPTX,PPTX,small,2,no_deinterleaving,UNKNOWN,0
Transparency_2_L__pptx_small__lsb2.png,core,PPTX,PPTX,small,2,no_buffer,ZIP,0
Transparency_2_L__pptx_small__lsb2.png,core,PPTX,PPTX,small,2,no_markers,ZIP,0
Transparency_2_L__pptx_small__lsb3.png,core,PPTX,PPTX,small,3,full,PPTX,1
Transparency_2_L__pptx_small__lsb3.png,core,PPTX,PPTX,small,3,no_deinterleaving,UNKNOWN,0
Transparency_2_L__pptx_small__lsb3.png,core,PPTX,PPTX,small,3,no_buffer,ZIP,0
Transparency_2_L__pptx_small__lsb3.png,core,PPTX,PPTX,small,3,no_markers,ZIP,0
Transparency_2_L__rtf_large__lsb2.png,core,RTF,RTF,large,2,full,RTF,1
Transparency_2_L__rtf_large__lsb2.png,core,RTF,RTF,large,2,no_deinterleaving,UNKNOWN,0
Transparency_2_L__rtf_large__lsb2.png,core,RTF,RTF,large,2,no_buffer,RTF,1
Transparency_2_L__rtf_large__lsb2.png,core,RTF,RTF,large,2,no_markers,RTF,1
Transparency_2_L__rtf_large__lsb3.png,core,RTF,RTF,large,3,full,RTF,1
Transparency_2_L__rtf_large__lsb3.png,core,RTF,RTF,large,3,no_deinterleaving,UNKNOWN,0
Transparency_2_L__rtf_large__lsb3.png,core,RTF,RTF,large,3,no_buffer,RTF,1
Transparency_2_L__rtf_large__lsb3.png,core,RTF,RTF,large,3,no_markers,RTF,1
Transparency_2_L__rtf_medium__lsb1.png,core,RTF,RTF,medium,1,full,RTF,1
Transparency_2_L__rtf_medium__lsb1.png,core,RTF,RTF,medium,1,no_deinterleaving,RTF,1
Transparency_2_L__rtf_medium__lsb1.png,core,RTF,RTF,medium,1,no_buffer,RTF,1
Transparency_2_L__rtf_medium__lsb1.png,core,RTF,RTF,medium,1,no_markers,RTF,1
Transparency_2_L__rtf_medium__lsb2.png,core,RTF,RTF,medium,2,full,RTF,1
Transparency_2_L__rtf_medium__lsb2.png,core,RTF,RTF,medium,2,no_deinterleaving,UNKNOWN,0
Transparency_2_L__rtf_medium__lsb2.png,core,RTF,RTF,medium,2,no_buffer,RTF,1
Transparency_2_L__rtf_medium__lsb2.png,core,RTF,RTF,medium,2,no_markers,RTF,1
Transparency_2_L__rtf_medium__lsb3.png,core,RTF,RTF,medium,3,full,RTF,1
Transparency_2_L__rtf_medium__lsb3.png,core,RTF,RTF,medium,3,no_deinterleaving,UNKNOWN,0
Transparency_2_L__rtf_medium__lsb3.png,core,RTF,RTF,medium,3,no_buffer,RTF,1
Transparency_2_L__rtf_medium__lsb3.png,core,RTF,RTF,medium,3,no_markers,RTF,1
Transparency_2_L__rtf_small__lsb1.png,core,RTF,RTF,small,1,full,RTF,1
Transparency_2_L__rtf_small__lsb1.png,core,RTF,RTF,small,1,no_deinterleaving,RTF,1
Transparency_2_L__rtf_small__lsb1.png,core,RTF,RTF,small,1,no_buffer,RTF,1
Transparency_2_L__rtf_small__lsb1.png,core,RTF,RTF,small,1,no_markers,RTF,1
Transparency_2_L__rtf_small__lsb2.png,core,RTF,RTF,small,2,full,RTF,1
Transparency_2_L__rtf_small__lsb2.png,core,RTF,RTF,small,2,no_deinterleaving,UNKNOWN,0
Transparency_2_L__rtf_small__lsb2.png,core,RTF,RTF,small,2,no_buffer,RTF,1
Transparency_2_L__rtf_small__lsb2.png,core,RTF,RTF,small,2,no_markers,RTF,1
Transparency_2_L__rtf_small__lsb3.png,core,RTF,RTF,small,3,full,RTF,1
Transparency_2_L__rtf_small__lsb3.png,core,RTF,RTF,small,3,no_deinterleaving,UNKNOWN,0
Transparency_2_L__rtf_small__lsb3.png,core,RTF,RTF,small,3,no_buffer,RTF,1
Transparency_2_L__rtf_small__lsb3.png,core,RTF,RTF,small,3,no_markers,RTF,1
Transparency_2_L__xlsx_large__lsb2.png,core,XLSX,XLSX,large,2,full,XLSX,1
Transparency_2_L__xlsx_large__lsb2.png,core,XLSX,XLSX,large,2,no_deinterleaving,UNKNOWN,0
Transparency_2_L__xlsx_large__lsb2.png,core,XLSX,XLSX,large,2,no_buffer,ZIP,0
Transparency_2_L__xlsx_large__lsb2.png,core,XLSX,XLSX,large,2,no_markers,ZIP,0
Transparency_2_L__xlsx_large__lsb3.png,core,XLSX,XLSX,large,3,full,XLSX,1
Transparency_2_L__xlsx_large__lsb3.png,core,XLSX,XLSX,large,3,no_deinterleaving,UNKNOWN,0
Transparency_2_L__xlsx_large__lsb3.png,core,XLSX,XLSX,large,3,no_buffer,ZIP,0
Transparency_2_L__xlsx_large__lsb3.png,core,XLSX,XLSX,large,3,no_markers,ZIP,0
Transparency_2_L__xlsx_medium__lsb1.png,core,XLSX,XLSX,medium,1,full,XLSX,1
Transparency_2_L__xlsx_medium__lsb1.png,core,XLSX,XLSX,medium,1,no_deinterleaving,XLSX,1
Transparency_2_L__xlsx_medium__lsb1.png,core,XLSX,XLSX,medium,1,no_buffer,ZIP,0
Transparency_2_L__xlsx_medium__lsb1.png,core,XLSX,XLSX,medium,1,no_markers,ZIP,0
Transparency_2_L__xlsx_medium__lsb2.png,core,XLSX,XLSX,medium,2,full,XLSX,1
Transparency_2_L__xlsx_medium__lsb2.png,core,XLSX,XLSX,medium,2,no_deinterleaving,UNKNOWN,0
Transparency_2_L__xlsx_medium__lsb2.png,core,XLSX,XLSX,medium,2,no_buffer,ZIP,0
Transparency_2_L__xlsx_medium__lsb2.png,core,XLSX,XLSX,medium,2,no_markers,ZIP,0
Transparency_2_L__xlsx_medium__lsb3.png,core,XLSX,XLSX,medium,3,full,XLSX,1
Transparency_2_L__xlsx_medium__lsb3.png,core,XLSX,XLSX,medium,3,no_deinterleaving,UNKNOWN,0
Transparency_2_L__xlsx_medium__lsb3.png,core,XLSX,XLSX,medium,3,no_buffer,ZIP,0
Transparency_2_L__xlsx_medium__lsb3.png,core,XLSX,XLSX,medium,3,no_markers,ZIP,0
Transparency_2_L__xlsx_small__lsb1.png,core,XLSX,XLSX,small,1,full,XLSX,1
Transparency_2_L__xlsx_small__lsb1.png,core,XLSX,XLSX,small,1,no_deinterleaving,XLSX,1
Transparency_2_L__xlsx_small__lsb1.png,core,XLSX,XLSX,small,1,no_buffer,ZIP,0
Transparency_2_L__xlsx_small__lsb1.png,core,XLSX,XLSX,small,1,no_markers,ZIP,0
Transparency_2_L__xlsx_small__lsb2.png,core,XLSX,XLSX,small,2,full,XLSX,1
Transparency_2_L__xlsx_small__lsb2.png,core,XLSX,XLSX,small,2,no_deinterleaving,UNKNOWN,0
Transparency_2_L__xlsx_small__lsb2.png,core,XLSX,XLSX,small,2,no_buffer,ZIP,0
Transparency_2_L__xlsx_small__lsb2.png,core,XLSX,XLSX,small,2,no_markers,ZIP,0
Transparency_2_L__xlsx_small__lsb3.png,core,XLSX,XLSX,small,3,full,XLSX,1
Transparency_2_L__xlsx_small__lsb3.png,core,XLSX,XLSX,small,3,no_deinterleaving,UNKNOWN,0
Transparency_2_L__xlsx_small__lsb3.png,core,XLSX,XLSX,small,3,no_buffer,ZIP,0
Transparency_2_L__xlsx_small__lsb3.png,core,XLSX,XLSX,small,3,no_markers,ZIP,0
XL-Synthetic_10_B__docx_large__lsb1.bmp,extended_xl,DOCX,DOCX,large,1,full,DOCX,1
XL-Synthetic_10_B__docx_large__lsb1.bmp,extended_xl,DOCX,DOCX,large,1,no_deinterleaving,DOCX,1
XL-Synthetic_10_B__docx_large__lsb1.bmp,extended_xl,DOCX,DOCX,large,1,no_buffer,ZIP,0
XL-Synthetic_10_B__docx_large__lsb1.bmp,extended_xl,DOCX,DOCX,large,1,no_markers,ZIP,0
XL-Synthetic_10_B__docx_large__lsb2.bmp,extended_xl,DOCX,DOCX,large,2,full,DOCX,1
XL-Synthetic_10_B__docx_large__lsb2.bmp,extended_xl,DOCX,DOCX,large,2,no_deinterleaving,UNKNOWN,0
XL-Synthetic_10_B__docx_large__lsb2.bmp,extended_xl,DOCX,DOCX,large,2,no_buffer,ZIP,0
XL-Synthetic_10_B__docx_large__lsb2.bmp,extended_xl,DOCX,DOCX,large,2,no_markers,ZIP,0
XL-Synthetic_10_B__docx_large__lsb3.bmp,extended_xl,DOCX,DOCX,large,3,full,DOCX,1
XL-Synthetic_10_B__docx_large__lsb3.bmp,extended_xl,DOCX,DOCX,large,3,no_deinterleaving,UNKNOWN,0
XL-Synthetic_10_B__docx_large__lsb3.bmp,extended_xl,DOCX,DOCX,large,3,no_buffer,ZIP,0
XL-Synthetic_10_B__docx_large__lsb3.bmp,extended_xl,DOCX,DOCX,large,3,no_markers,ZIP,0
XL-Synthetic_10_B__docx_medium__lsb1.bmp,extended_xl,DOCX,DOCX,medium,1,full,DOCX,1
XL-Synthetic_10_B__docx_medium__lsb1.bmp,extended_xl,DOCX,DOCX,medium,1,no_deinterleaving,DOCX,1
XL-Synthetic_10_B__docx_medium__lsb1.bmp,extended_xl,DOCX,DOCX,medium,1,no_buffer,ZIP,0
XL-Synthetic_10_B__docx_medium__lsb1.bmp,extended_xl,DOCX,DOCX,medium,1,no_markers,ZIP,0
XL-Synthetic_10_B__docx_medium__lsb2.bmp,extended_xl,DOCX,DOCX,medium,2,full,DOCX,1
XL-Synthetic_10_B__docx_medium__lsb2.bmp,extended_xl,DOCX,DOCX,medium,2,no_deinterleaving,UNKNOWN,0
XL-Synthetic_10_B__docx_medium__lsb2.bmp,extended_xl,DOCX,DOCX,medium,2,no_buffer,ZIP,0
XL-Synthetic_10_B__docx_medium__lsb2.bmp,extended_xl,DOCX,DOCX,medium,2,no_markers,ZIP,0
XL-Synthetic_10_B__docx_medium__lsb3.bmp,extended_xl,DOCX,DOCX,medium,3,full,DOCX,1
XL-Synthetic_10_B__docx_medium__lsb3.bmp,extended_xl,DOCX,DOCX,medium,3,no_deinterleaving,UNKNOWN,0
XL-Synthetic_10_B__docx_medium__lsb3.bmp,extended_xl,DOCX,DOCX,medium,3,no_buffer,ZIP,0
XL-Synthetic_10_B__docx_medium__lsb3.bmp,extended_xl,DOCX,DOCX,medium,3,no_markers,ZIP,0
XL-Synthetic_10_B__docx_small__lsb1.bmp,extended_xl,DOCX,DOCX,small,1,full,DOCX,1
XL-Synthetic_10_B__docx_small__lsb1.bmp,extended_xl,DOCX,DOCX,small,1,no_deinterleaving,DOCX,1
XL-Synthetic_10_B__docx_small__lsb1.bmp,extended_xl,DOCX,DOCX,small,1,no_buffer,ZIP,0
XL-Synthetic_10_B__docx_small__lsb1.bmp,extended_xl,DOCX,DOCX,small,1,no_markers,ZIP,0
XL-Synthetic_10_B__docx_small__lsb2.bmp,extended_xl,DOCX,DOCX,small,2,full,DOCX,1
XL-Synthetic_10_B__docx_small__lsb2.bmp,extended_xl,DOCX,DOCX,small,2,no_deinterleaving,UNKNOWN,0
XL-Synthetic_10_B__docx_small__lsb2.bmp,extended_xl,DOCX,DOCX,small,2,no_buffer,ZIP,0
XL-Synthetic_10_B__docx_small__lsb2.bmp,extended_xl,DOCX,DOCX,small,2,no_markers,ZIP,0
XL-Synthetic_10_B__docx_small__lsb3.bmp,extended_xl,DOCX,DOCX,small,3,full,DOCX,1
XL-Synthetic_10_B__docx_small__lsb3.bmp,extended_xl,DOCX,DOCX,small,3,no_deinterleaving,UNKNOWN,0
XL-Synthetic_10_B__docx_small__lsb3.bmp,extended_xl,DOCX,DOCX,small,3,no_buffer,ZIP,0
XL-Synthetic_10_B__docx_small__lsb3.bmp,extended_xl,DOCX,DOCX,small,3,no_markers,ZIP,0
XL-Synthetic_10_B__exe_large__lsb1.bmp,extended_xl,EXE,EXE,large,1,full,EXE,1
XL-Synthetic_10_B__exe_large__lsb1.bmp,extended_xl,EXE,EXE,large,1,no_deinterleaving,EXE,1
XL-Synthetic_10_B__exe_large__lsb1.bmp,extended_xl,EXE,EXE,large,1,no_buffer,EXE,1
XL-Synthetic_10_B__exe_large__lsb1.bmp,extended_xl,EXE,EXE,large,1,no_markers,EXE,1
XL-Synthetic_10_B__exe_large__lsb2.bmp,extended_xl,EXE,EXE,large,2,full,EXE,1
XL-Synthetic_10_B__exe_large__lsb2.bmp,extended_xl,EXE,EXE,large,2,no_deinterleaving,UNKNOWN,0
XL-Synthetic_10_B__exe_large__lsb2.bmp,extended_xl,EXE,EXE,large,2,no_buffer,EXE,1
XL-Synthetic_10_B__exe_large__lsb2.bmp,extended_xl,EXE,EXE,large,2,no_markers,EXE,1
XL-Synthetic_10_B__exe_large__lsb3.bmp,extended_xl,EXE,EXE,large,3,full,EXE,1
XL-Synthetic_10_B__exe_large__lsb3.bmp,extended_xl,EXE,EXE,large,3,no_deinterleaving,UNKNOWN,0
XL-Synthetic_10_B__exe_large__lsb3.bmp,extended_xl,EXE,EXE,large,3,no_buffer,EXE,1
XL-Synthetic_10_B__exe_large__lsb3.bmp,extended_xl,EXE,EXE,large,3,no_markers,EXE,1
XL-Synthetic_10_B__exe_medium__lsb1.bmp,extended_xl,EXE,EXE,medium,1,full,EXE,1
XL-Synthetic_10_B__exe_medium__lsb1.bmp,extended_xl,EXE,EXE,medium,1,no_deinterleaving,EXE,1
XL-Synthetic_10_B__exe_medium__lsb1.bmp,extended_xl,EXE,EXE,medium,1,no_buffer,EXE,1
XL-Synthetic_10_B__exe_medium__lsb1.bmp,extended_xl,EXE,EXE,medium,1,no_markers,EXE,1
XL-Synthetic_10_B__exe_medium__lsb2.bmp,extended_xl,EXE,EXE,medium,2,full,EXE,1
XL-Synthetic_10_B__exe_medium__lsb2.bmp,extended_xl,EXE,EXE,medium,2,no_deinterleaving,UNKNOWN,0
XL-Synthetic_10_B__exe_medium__lsb2.bmp,extended_xl,EXE,EXE,medium,2,no_buffer,EXE,1
XL-Synthetic_10_B__exe_medium__lsb2.bmp,extended_xl,EXE,EXE,medium,2,no_markers,EXE,1
XL-Synthetic_10_B__exe_medium__lsb3.bmp,extended_xl,EXE,EXE,medium,3,full,EXE,1
XL-Synthetic_10_B__exe_medium__lsb3.bmp,extended_xl,EXE,EXE,medium,3,no_deinterleaving,UNKNOWN,0
XL-Synthetic_10_B__exe_medium__lsb3.bmp,extended_xl,EXE,EXE,medium,3,no_buffer,EXE,1
XL-Synthetic_10_B__exe_medium__lsb3.bmp,extended_xl,EXE,EXE,medium,3,no_markers,EXE,1
XL-Synthetic_10_B__exe_small__lsb1.bmp,extended_xl,EXE,EXE,small,1,full,EXE,1
XL-Synthetic_10_B__exe_small__lsb1.bmp,extended_xl,EXE,EXE,small,1,no_deinterleaving,EXE,1
XL-Synthetic_10_B__exe_small__lsb1.bmp,extended_xl,EXE,EXE,small,1,no_buffer,EXE,1
XL-Synthetic_10_B__exe_small__lsb1.bmp,extended_xl,EXE,EXE,small,1,no_markers,EXE,1
XL-Synthetic_10_B__exe_small__lsb2.bmp,extended_xl,EXE,EXE,small,2,full,EXE,1
XL-Synthetic_10_B__exe_small__lsb2.bmp,extended_xl,EXE,EXE,small,2,no_deinterleaving,UNKNOWN,0
XL-Synthetic_10_B__exe_small__lsb2.bmp,extended_xl,EXE,EXE,small,2,no_buffer,EXE,1
XL-Synthetic_10_B__exe_small__lsb2.bmp,extended_xl,EXE,EXE,small,2,no_markers,EXE,1
XL-Synthetic_10_B__exe_small__lsb3.bmp,extended_xl,EXE,EXE,small,3,full,EXE,1
XL-Synthetic_10_B__exe_small__lsb3.bmp,extended_xl,EXE,EXE,small,3,no_deinterleaving,UNKNOWN,0
XL-Synthetic_10_B__exe_small__lsb3.bmp,extended_xl,EXE,EXE,small,3,no_buffer,EXE,1
XL-Synthetic_10_B__exe_small__lsb3.bmp,extended_xl,EXE,EXE,small,3,no_markers,EXE,1
XL-Synthetic_10_B__pdf_large__lsb1.bmp,extended_xl,PDF,PDF,large,1,full,PDF,1
XL-Synthetic_10_B__pdf_large__lsb1.bmp,extended_xl,PDF,PDF,large,1,no_deinterleaving,PDF,1
XL-Synthetic_10_B__pdf_large__lsb1.bmp,extended_xl,PDF,PDF,large,1,no_buffer,PDF,1
XL-Synthetic_10_B__pdf_large__lsb1.bmp,extended_xl,PDF,PDF,large,1,no_markers,PDF,1
XL-Synthetic_10_B__pdf_large__lsb2.bmp,extended_xl,PDF,PDF,large,2,full,PDF,1
XL-Synthetic_10_B__pdf_large__lsb2.bmp,extended_xl,PDF,PDF,large,2,no_deinterleaving,UNKNOWN,0
XL-Synthetic_10_B__pdf_large__lsb2.bmp,extended_xl,PDF,PDF,large,2,no_buffer,PDF,1
XL-Synthetic_10_B__pdf_large__lsb2.bmp,extended_xl,PDF,PDF,large,2,no_markers,PDF,1
XL-Synthetic_10_B__pdf_large__lsb3.bmp,extended_xl,PDF,PDF,large,3,full,PDF,1
XL-Synthetic_10_B__pdf_large__lsb3.bmp,extended_xl,PDF,PDF,large,3,no_deinterleaving,UNKNOWN,0
XL-Synthetic_10_B__pdf_large__lsb3.bmp,extended_xl,PDF,PDF,large,3,no_buffer,PDF,1
XL-Synthetic_10_B__pdf_large__lsb3.bmp,extended_xl,PDF,PDF,large,3,no_markers,PDF,1
XL-Synthetic_10_B__pdf_medium__lsb1.bmp,extended_xl,PDF,PDF,medium,1,full,PDF,1
XL-Synthetic_10_B__pdf_medium__lsb1.bmp,extended_xl,PDF,PDF,medium,1,no_deinterleaving,PDF,1
XL-Synthetic_10_B__pdf_medium__lsb1.bmp,extended_xl,PDF,PDF,medium,1,no_buffer,PDF,1
XL-Synthetic_10_B__pdf_medium__lsb1.bmp,extended_xl,PDF,PDF,medium,1,no_markers,PDF,1
XL-Synthetic_10_B__pdf_medium__lsb2.bmp,extended_xl,PDF,PDF,medium,2,full,PDF,1
XL-Synthetic_10_B__pdf_medium__lsb2.bmp,extended_xl,PDF,PDF,medium,2,no_deinterleaving,UNKNOWN,0
XL-Synthetic_10_B__pdf_medium__lsb2.bmp,extended_xl,PDF,PDF,medium,2,no_buffer,PDF,1
XL-Synthetic_10_B__pdf_medium__lsb2.bmp,extended_xl,PDF,PDF,medium,2,no_markers,PDF,1
XL-Synthetic_10_B__pdf_medium__lsb3.bmp,extended_xl,PDF,PDF,medium,3,full,PDF,1
XL-Synthetic_10_B__pdf_medium__lsb3.bmp,extended_xl,PDF,PDF,medium,3,no_deinterleaving,UNKNOWN,0
XL-Synthetic_10_B__pdf_medium__lsb3.bmp,extended_xl,PDF,PDF,medium,3,no_buffer,PDF,1
XL-Synthetic_10_B__pdf_medium__lsb3.bmp,extended_xl,PDF,PDF,medium,3,no_markers,PDF,1
XL-Synthetic_10_B__pdf_small__lsb1.bmp,extended_xl,PDF,PDF,small,1,full,PDF,1
XL-Synthetic_10_B__pdf_small__lsb1.bmp,extended_xl,PDF,PDF,small,1,no_deinterleaving,PDF,1
XL-Synthetic_10_B__pdf_small__lsb1.bmp,extended_xl,PDF,PDF,small,1,no_buffer,PDF,1
XL-Synthetic_10_B__pdf_small__lsb1.bmp,extended_xl,PDF,PDF,small,1,no_markers,PDF,1
XL-Synthetic_10_B__pdf_small__lsb2.bmp,extended_xl,PDF,PDF,small,2,full,PDF,1
XL-Synthetic_10_B__pdf_small__lsb2.bmp,extended_xl,PDF,PDF,small,2,no_deinterleaving,UNKNOWN,0
XL-Synthetic_10_B__pdf_small__lsb2.bmp,extended_xl,PDF,PDF,small,2,no_buffer,PDF,1
XL-Synthetic_10_B__pdf_small__lsb2.bmp,extended_xl,PDF,PDF,small,2,no_markers,PDF,1
XL-Synthetic_10_B__pdf_small__lsb3.bmp,extended_xl,PDF,PDF,small,3,full,PDF,1
XL-Synthetic_10_B__pdf_small__lsb3.bmp,extended_xl,PDF,PDF,small,3,no_deinterleaving,UNKNOWN,0
XL-Synthetic_10_B__pdf_small__lsb3.bmp,extended_xl,PDF,PDF,small,3,no_buffer,PDF,1
XL-Synthetic_10_B__pdf_small__lsb3.bmp,extended_xl,PDF,PDF,small,3,no_markers,PDF,1
XL-Synthetic_10_B__pptx_large__lsb1.bmp,extended_xl,PPTX,PPTX,large,1,full,PPTX,1
XL-Synthetic_10_B__pptx_large__lsb1.bmp,extended_xl,PPTX,PPTX,large,1,no_deinterleaving,PPTX,1
XL-Synthetic_10_B__pptx_large__lsb1.bmp,extended_xl,PPTX,PPTX,large,1,no_buffer,ZIP,0
XL-Synthetic_10_B__pptx_large__lsb1.bmp,extended_xl,PPTX,PPTX,large,1,no_markers,ZIP,0
XL-Synthetic_10_B__pptx_large__lsb2.bmp,extended_xl,PPTX,PPTX,large,2,full,PPTX,1
XL-Synthetic_10_B__pptx_large__lsb2.bmp,extended_xl,PPTX,PPTX,large,2,no_deinterleaving,UNKNOWN,0
XL-Synthetic_10_B__pptx_large__lsb2.bmp,extended_xl,PPTX,PPTX,large,2,no_buffer,ZIP,0
XL-Synthetic_10_B__pptx_large__lsb2.bmp,extended_xl,PPTX,PPTX,large,2,no_markers,ZIP,0
XL-Synthetic_10_B__pptx_large__lsb3.bmp,extended_xl,PPTX,PPTX,large,3,full,PPTX,1
XL-Synthetic_10_B__pptx_large__lsb3.bmp,extended_xl,PPTX,PPTX,large,3,no_deinterleaving,UNKNOWN,0
XL-Synthetic_10_B__pptx_large__lsb3.bmp,extended_xl,PPTX,PPTX,large,3,no_buffer,ZIP,0
XL-Synthetic_10_B__pptx_large__lsb3.bmp,extended_xl,PPTX,PPTX,large,3,no_markers,ZIP,0
XL-Synthetic_10_B__pptx_medium__lsb1.bmp,extended_xl,PPTX,PPTX,medium,1,full,PPTX,1
XL-Synthetic_10_B__pptx_medium__lsb1.bmp,extended_xl,PPTX,PPTX,medium,1,no_deinterleaving,PPTX,1
XL-Synthetic_10_B__pptx_medium__lsb1.bmp,extended_xl,PPTX,PPTX,medium,1,no_buffer,ZIP,0
XL-Synthetic_10_B__pptx_medium__lsb1.bmp,extended_xl,PPTX,PPTX,medium,1,no_markers,ZIP,0
XL-Synthetic_10_B__pptx_medium__lsb2.bmp,extended_xl,PPTX,PPTX,medium,2,full,PPTX,1
XL-Synthetic_10_B__pptx_medium__lsb2.bmp,extended_xl,PPTX,PPTX,medium,2,no_deinterleaving,UNKNOWN,0
XL-Synthetic_10_B__pptx_medium__lsb2.bmp,extended_xl,PPTX,PPTX,medium,2,no_buffer,ZIP,0
XL-Synthetic_10_B__pptx_medium__lsb2.bmp,extended_xl,PPTX,PPTX,medium,2,no_markers,ZIP,0
XL-Synthetic_10_B__pptx_medium__lsb3.bmp,extended_xl,PPTX,PPTX,medium,3,full,PPTX,1
XL-Synthetic_10_B__pptx_medium__lsb3.bmp,extended_xl,PPTX,PPTX,medium,3,no_deinterleaving,UNKNOWN,0
XL-Synthetic_10_B__pptx_medium__lsb3.bmp,extended_xl,PPTX,PPTX,medium,3,no_buffer,ZIP,0
XL-Synthetic_10_B__pptx_medium__lsb3.bmp,extended_xl,PPTX,PPTX,medium,3,no_markers,ZIP,0
XL-Synthetic_10_B__pptx_small__lsb1.bmp,extended_xl,PPTX,PPTX,small,1,full,PPTX,1
XL-Synthetic_10_B__pptx_small__lsb1.bmp,extended_xl,PPTX,PPTX,small,1,no_deinterleaving,PPTX,1
XL-Synthetic_10_B__pptx_small__lsb1.bmp,extended_xl,PPTX,PPTX,small,1,no_buffer,ZIP,0
XL-Synthetic_10_B__pptx_small__lsb1.bmp,extended_xl,PPTX,PPTX,small,1,no_markers,ZIP,0
XL-Synthetic_10_B__pptx_small__lsb2.bmp,extended_xl,PPTX,PPTX,small,2,full,PPTX,1
XL-Synthetic_10_B__pptx_small__lsb2.bmp,extended_xl,PPTX,PPTX,small,2,no_deinterleaving,UNKNOWN,0
XL-Synthetic_10_B__pptx_small__lsb2.bmp,extended_xl,PPTX,PPTX,small,2,no_buffer,ZIP,0
XL-Synthetic_10_B__pptx_small__lsb2.bmp,extended_xl,PPTX,PPTX,small,2,no_markers,ZIP,0
XL-Synthetic_10_B__pptx_small__lsb3.bmp,extended_xl,PPTX,PPTX,small,3,full,PPTX,1
XL-Synthetic_10_B__pptx_small__lsb3.bmp,extended_xl,PPTX,PPTX,small,3,no_deinterleaving,UNKNOWN,0
XL-Synthetic_10_B__pptx_small__lsb3.bmp,extended_xl,PPTX,PPTX,small,3,no_buffer,ZIP,0
XL-Synthetic_10_B__pptx_small__lsb3.bmp,extended_xl,PPTX,PPTX,small,3,no_markers,ZIP,0
XL-Synthetic_10_B__rtf_large__lsb1.bmp,extended_xl,RTF,RTF,large,1,full,RTF,1
XL-Synthetic_10_B__rtf_large__lsb1.bmp,extended_xl,RTF,RTF,large,1,no_deinterleaving,RTF,1
XL-Synthetic_10_B__rtf_large__lsb1.bmp,extended_xl,RTF,RTF,large,1,no_buffer,RTF,1
XL-Synthetic_10_B__rtf_large__lsb1.bmp,extended_xl,RTF,RTF,large,1,no_markers,RTF,1
XL-Synthetic_10_B__rtf_large__lsb2.bmp,extended_xl,RTF,RTF,large,2,full,RTF,1
XL-Synthetic_10_B__rtf_large__lsb2.bmp,extended_xl,RTF,RTF,large,2,no_deinterleaving,UNKNOWN,0
XL-Synthetic_10_B__rtf_large__lsb2.bmp,extended_xl,RTF,RTF,large,2,no_buffer,RTF,1
XL-Synthetic_10_B__rtf_large__lsb2.bmp,extended_xl,RTF,RTF,large,2,no_markers,RTF,1
XL-Synthetic_10_B__rtf_large__lsb3.bmp,extended_xl,RTF,RTF,large,3,full,RTF,1
XL-Synthetic_10_B__rtf_large__lsb3.bmp,extended_xl,RTF,RTF,large,3,no_deinterleaving,UNKNOWN,0
XL-Synthetic_10_B__rtf_large__lsb3.bmp,extended_xl,RTF,RTF,large,3,no_buffer,RTF,1
XL-Synthetic_10_B__rtf_large__lsb3.bmp,extended_xl,RTF,RTF,large,3,no_markers,RTF,1
XL-Synthetic_10_B__rtf_medium__lsb1.bmp,extended_xl,RTF,RTF,medium,1,full,RTF,1
XL-Synthetic_10_B__rtf_medium__lsb1.bmp,extended_xl,RTF,RTF,medium,1,no_deinterleaving,RTF,1
XL-Synthetic_10_B__rtf_medium__lsb1.bmp,extended_xl,RTF,RTF,medium,1,no_buffer,RTF,1
XL-Synthetic_10_B__rtf_medium__lsb1.bmp,extended_xl,RTF,RTF,medium,1,no_markers,RTF,1
XL-Synthetic_10_B__rtf_medium__lsb2.bmp,extended_xl,RTF,RTF,medium,2,full,RTF,1
XL-Synthetic_10_B__rtf_medium__lsb2.bmp,extended_xl,RTF,RTF,medium,2,no_deinterleaving,UNKNOWN,0
XL-Synthetic_10_B__rtf_medium__lsb2.bmp,extended_xl,RTF,RTF,medium,2,no_buffer,RTF,1
XL-Synthetic_10_B__rtf_medium__lsb2.bmp,extended_xl,RTF,RTF,medium,2,no_markers,RTF,1
XL-Synthetic_10_B__rtf_medium__lsb3.bmp,extended_xl,RTF,RTF,medium,3,full,RTF,1
XL-Synthetic_10_B__rtf_medium__lsb3.bmp,extended_xl,RTF,RTF,medium,3,no_deinterleaving,UNKNOWN,0
XL-Synthetic_10_B__rtf_medium__lsb3.bmp,extended_xl,RTF,RTF,medium,3,no_buffer,RTF,1
XL-Synthetic_10_B__rtf_medium__lsb3.bmp,extended_xl,RTF,RTF,medium,3,no_markers,RTF,1
XL-Synthetic_10_B__rtf_small__lsb1.bmp,extended_xl,RTF,RTF,small,1,full,RTF,1
XL-Synthetic_10_B__rtf_small__lsb1.bmp,extended_xl,RTF,RTF,small,1,no_deinterleaving,RTF,1
XL-Synthetic_10_B__rtf_small__lsb1.bmp,extended_xl,RTF,RTF,small,1,no_buffer,RTF,1
XL-Synthetic_10_B__rtf_small__lsb1.bmp,extended_xl,RTF,RTF,small,1,no_markers,RTF,1
XL-Synthetic_10_B__rtf_small__lsb2.bmp,extended_xl,RTF,RTF,small,2,full,RTF,1
XL-Synthetic_10_B__rtf_small__lsb2.bmp,extended_xl,RTF,RTF,small,2,no_deinterleaving,UNKNOWN,0
XL-Synthetic_10_B__rtf_small__lsb2.bmp,extended_xl,RTF,RTF,small,2,no_buffer,RTF,1
XL-Synthetic_10_B__rtf_small__lsb2.bmp,extended_xl,RTF,RTF,small,2,no_markers,RTF,1
XL-Synthetic_10_B__rtf_small__lsb3.bmp,extended_xl,RTF,RTF,small,3,full,RTF,1
XL-Synthetic_10_B__rtf_small__lsb3.bmp,extended_xl,RTF,RTF,small,3,no_deinterleaving,UNKNOWN,0
XL-Synthetic_10_B__rtf_small__lsb3.bmp,extended_xl,RTF,RTF,small,3,no_buffer,RTF,1
XL-Synthetic_10_B__rtf_small__lsb3.bmp,extended_xl,RTF,RTF,small,3,no_markers,RTF,1
XL-Synthetic_10_B__xlsx_large__lsb1.bmp,extended_xl,XLSX,XLSX,large,1,full,XLSX,1
XL-Synthetic_10_B__xlsx_large__lsb1.bmp,extended_xl,XLSX,XLSX,large,1,no_deinterleaving,XLSX,1
XL-Synthetic_10_B__xlsx_large__lsb1.bmp,extended_xl,XLSX,XLSX,large,1,no_buffer,ZIP,0
XL-Synthetic_10_B__xlsx_large__lsb1.bmp,extended_xl,XLSX,XLSX,large,1,no_markers,ZIP,0
XL-Synthetic_10_B__xlsx_large__lsb2.bmp,extended_xl,XLSX,XLSX,large,2,full,XLSX,1
XL-Synthetic_10_B__xlsx_large__lsb2.bmp,extended_xl,XLSX,XLSX,large,2,no_deinterleaving,UNKNOWN,0
XL-Synthetic_10_B__xlsx_large__lsb2.bmp,extended_xl,XLSX,XLSX,large,2,no_buffer,ZIP,0
XL-Synthetic_10_B__xlsx_large__lsb2.bmp,extended_xl,XLSX,XLSX,large,2,no_markers,ZIP,0
XL-Synthetic_10_B__xlsx_large__lsb3.bmp,extended_xl,XLSX,XLSX,large,3,full,XLSX,1
XL-Synthetic_10_B__xlsx_large__lsb3.bmp,extended_xl,XLSX,XLSX,large,3,no_deinterleaving,UNKNOWN,0
XL-Synthetic_10_B__xlsx_large__lsb3.bmp,extended_xl,XLSX,XLSX,large,3,no_buffer,ZIP,0
XL-Synthetic_10_B__xlsx_large__lsb3.bmp,extended_xl,XLSX,XLSX,large,3,no_markers,ZIP,0
XL-Synthetic_10_B__xlsx_medium__lsb1.bmp,extended_xl,XLSX,XLSX,medium,1,full,XLSX,1
XL-Synthetic_10_B__xlsx_medium__lsb1.bmp,extended_xl,XLSX,XLSX,medium,1,no_deinterleaving,XLSX,1
XL-Synthetic_10_B__xlsx_medium__lsb1.bmp,extended_xl,XLSX,XLSX,medium,1,no_buffer,ZIP,0
XL-Synthetic_10_B__xlsx_medium__lsb1.bmp,extended_xl,XLSX,XLSX,medium,1,no_markers,ZIP,0
XL-Synthetic_10_B__xlsx_medium__lsb2.bmp,extended_xl,XLSX,XLSX,medium,2,full,XLSX,1
XL-Synthetic_10_B__xlsx_medium__lsb2.bmp,extended_xl,XLSX,XLSX,medium,2,no_deinterleaving,UNKNOWN,0
XL-Synthetic_10_B__xlsx_medium__lsb2.bmp,extended_xl,XLSX,XLSX,medium,2,no_buffer,ZIP,0
XL-Synthetic_10_B__xlsx_medium__lsb2.bmp,extended_xl,XLSX,XLSX,medium,2,no_markers,ZIP,0
XL-Synthetic_10_B__xlsx_medium__lsb3.bmp,extended_xl,XLSX,XLSX,medium,3,full,XLSX,1
XL-Synthetic_10_B__xlsx_medium__lsb3.bmp,extended_xl,XLSX,XLSX,medium,3,no_deinterleaving,UNKNOWN,0
XL-Synthetic_10_B__xlsx_medium__lsb3.bmp,extended_xl,XLSX,XLSX,medium,3,no_buffer,ZIP,0
XL-Synthetic_10_B__xlsx_medium__lsb3.bmp,extended_xl,XLSX,XLSX,medium,3,no_markers,ZIP,0
XL-Synthetic_10_B__xlsx_small__lsb1.bmp,extended_xl,XLSX,XLSX,small,1,full,XLSX,1
XL-Synthetic_10_B__xlsx_small__lsb1.bmp,extended_xl,XLSX,XLSX,small,1,no_deinterleaving,XLSX,1
XL-Synthetic_10_B__xlsx_small__lsb1.bmp,extended_xl,XLSX,XLSX,small,1,no_buffer,ZIP,0
XL-Synthetic_10_B__xlsx_small__lsb1.bmp,extended_xl,XLSX,XLSX,small,1,no_markers,ZIP,0
XL-Synthetic_10_B__xlsx_small__lsb2.bmp,extended_xl,XLSX,XLSX,small,2,full,XLSX,1
XL-Synthetic_10_B__xlsx_small__lsb2.bmp,extended_xl,XLSX,XLSX,small,2,no_deinterleaving,UNKNOWN,0
XL-Synthetic_10_B__xlsx_small__lsb2.bmp,extended_xl,XLSX,XLSX,small,2,no_buffer,ZIP,0
XL-Synthetic_10_B__xlsx_small__lsb2.bmp,extended_xl,XLSX,XLSX,small,2,no_markers,ZIP,0
XL-Synthetic_10_B__xlsx_small__lsb3.bmp,extended_xl,XLSX,XLSX,small,3,full,XLSX,1
XL-Synthetic_10_B__xlsx_small__lsb3.bmp,extended_xl,XLSX,XLSX,small,3,no_deinterleaving,UNKNOWN,0
XL-Synthetic_10_B__xlsx_small__lsb3.bmp,extended_xl,XLSX,XLSX,small,3,no_buffer,ZIP,0
XL-Synthetic_10_B__xlsx_small__lsb3.bmp,extended_xl,XLSX,XLSX,small,3,no_markers,ZIP,0
XL-Synthetic_10_P__docx_large__lsb3.png,extended_xl,DOCX,DOCX,large,3,full,DOCX,1
XL-Synthetic_10_P__docx_large__lsb3.png,extended_xl,DOCX,DOCX,large,3,no_deinterleaving,UNKNOWN,0
XL-Synthetic_10_P__docx_large__lsb3.png,extended_xl,DOCX,DOCX,large,3,no_buffer,ZIP,0
XL-Synthetic_10_P__docx_large__lsb3.png,extended_xl,DOCX,DOCX,large,3,no_markers,ZIP,0
XL-Synthetic_10_P__docx_medium__lsb2.png,extended_xl,DOCX,DOCX,medium,2,full,DOCX,1
XL-Synthetic_10_P__docx_medium__lsb2.png,extended_xl,DOCX,DOCX,medium,2,no_deinterleaving,UNKNOWN,0
XL-Synthetic_10_P__docx_medium__lsb2.png,extended_xl,DOCX,DOCX,medium,2,no_buffer,ZIP,0
XL-Synthetic_10_P__docx_medium__lsb2.png,extended_xl,DOCX,DOCX,medium,2,no_markers,ZIP,0
XL-Synthetic_10_P__docx_medium__lsb3.png,extended_xl,DOCX,DOCX,medium,3,full,DOCX,1
XL-Synthetic_10_P__docx_medium__lsb3.png,extended_xl,DOCX,DOCX,medium,3,no_deinterleaving,UNKNOWN,0
XL-Synthetic_10_P__docx_medium__lsb3.png,extended_xl,DOCX,DOCX,medium,3,no_buffer,ZIP,0
XL-Synthetic_10_P__docx_medium__lsb3.png,extended_xl,DOCX,DOCX,medium,3,no_markers,ZIP,0
XL-Synthetic_10_P__docx_small__lsb1.png,extended_xl,DOCX,DOCX,small,1,full,DOCX,1
XL-Synthetic_10_P__docx_small__lsb1.png,extended_xl,DOCX,DOCX,small,1,no_deinterleaving,DOCX,1
XL-Synthetic_10_P__docx_small__lsb1.png,extended_xl,DOCX,DOCX,small,1,no_buffer,ZIP,0
XL-Synthetic_10_P__docx_small__lsb1.png,extended_xl,DOCX,DOCX,small,1,no_markers,ZIP,0
XL-Synthetic_10_P__docx_small__lsb2.png,extended_xl,DOCX,DOCX,small,2,full,DOCX,1
XL-Synthetic_10_P__docx_small__lsb2.png,extended_xl,DOCX,DOCX,small,2,no_deinterleaving,UNKNOWN,0
XL-Synthetic_10_P__docx_small__lsb2.png,extended_xl,DOCX,DOCX,small,2,no_buffer,ZIP,0
XL-Synthetic_10_P__docx_small__lsb2.png,extended_xl,DOCX,DOCX,small,2,no_markers,ZIP,0
XL-Synthetic_10_P__docx_small__lsb3.png,extended_xl,DOCX,DOCX,small,3,full,DOCX,1
XL-Synthetic_10_P__docx_small__lsb3.png,extended_xl,DOCX,DOCX,small,3,no_deinterleaving,UNKNOWN,0
XL-Synthetic_10_P__docx_small__lsb3.png,extended_xl,DOCX,DOCX,small,3,no_buffer,ZIP,0
XL-Synthetic_10_P__docx_small__lsb3.png,extended_xl,DOCX,DOCX,small,3,no_markers,ZIP,0
XL-Synthetic_10_P__exe_large__lsb3.png,extended_xl,EXE,EXE,large,3,full,EXE,1
XL-Synthetic_10_P__exe_large__lsb3.png,extended_xl,EXE,EXE,large,3,no_deinterleaving,UNKNOWN,0
XL-Synthetic_10_P__exe_large__lsb3.png,extended_xl,EXE,EXE,large,3,no_buffer,EXE,1
XL-Synthetic_10_P__exe_large__lsb3.png,extended_xl,EXE,EXE,large,3,no_markers,EXE,1
XL-Synthetic_10_P__exe_medium__lsb2.png,extended_xl,EXE,EXE,medium,2,full,EXE,1
XL-Synthetic_10_P__exe_medium__lsb2.png,extended_xl,EXE,EXE,medium,2,no_deinterleaving,UNKNOWN,0
XL-Synthetic_10_P__exe_medium__lsb2.png,extended_xl,EXE,EXE,medium,2,no_buffer,EXE,1
XL-Synthetic_10_P__exe_medium__lsb2.png,extended_xl,EXE,EXE,medium,2,no_markers,EXE,1
XL-Synthetic_10_P__exe_medium__lsb3.png,extended_xl,EXE,EXE,medium,3,full,EXE,1
XL-Synthetic_10_P__exe_medium__lsb3.png,extended_xl,EXE,EXE,medium,3,no_deinterleaving,UNKNOWN,0
XL-Synthetic_10_P__exe_medium__lsb3.png,extended_xl,EXE,EXE,medium,3,no_buffer,EXE,1
XL-Synthetic_10_P__exe_medium__lsb3.png,extended_xl,EXE,EXE,medium,3,no_markers,EXE,1
XL-Synthetic_10_P__exe_small__lsb1.png,extended_xl,EXE,EXE,small,1,full,EXE,1
XL-Synthetic_10_P__exe_small__lsb1.png,extended_xl,EXE,EXE,small,1,no_deinterleaving,EXE,1
XL-Synthetic_10_P__exe_small__lsb1.png,extended_xl,EXE,EXE,small,1,no_buffer,EXE,1
XL-Synthetic_10_P__exe_small__lsb1.png,extended_xl,EXE,EXE,small,1,no_markers,EXE,1
XL-Synthetic_10_P__exe_small__lsb2.png,extended_xl,EXE,EXE,small,2,full,EXE,1
XL-Synthetic_10_P__exe_small__lsb2.png,extended_xl,EXE,EXE,small,2,no_deinterleaving,UNKNOWN,0
XL-Synthetic_10_P__exe_small__lsb2.png,extended_xl,EXE,EXE,small,2,no_buffer,EXE,1
XL-Synthetic_10_P__exe_small__lsb2.png,extended_xl,EXE,EXE,small,2,no_markers,EXE,1
XL-Synthetic_10_P__exe_small__lsb3.png,extended_xl,EXE,EXE,small,3,full,EXE,1
XL-Synthetic_10_P__exe_small__lsb3.png,extended_xl,EXE,EXE,small,3,no_deinterleaving,UNKNOWN,0
XL-Synthetic_10_P__exe_small__lsb3.png,extended_xl,EXE,EXE,small,3,no_buffer,EXE,1
XL-Synthetic_10_P__exe_small__lsb3.png,extended_xl,EXE,EXE,small,3,no_markers,EXE,1
XL-Synthetic_10_P__pdf_large__lsb3.png,extended_xl,PDF,PDF,large,3,full,PDF,1
XL-Synthetic_10_P__pdf_large__lsb3.png,extended_xl,PDF,PDF,large,3,no_deinterleaving,UNKNOWN,0
XL-Synthetic_10_P__pdf_large__lsb3.png,extended_xl,PDF,PDF,large,3,no_buffer,PDF,1
XL-Synthetic_10_P__pdf_large__lsb3.png,extended_xl,PDF,PDF,large,3,no_markers,PDF,1
XL-Synthetic_10_P__pdf_medium__lsb2.png,extended_xl,PDF,PDF,medium,2,full,PDF,1
XL-Synthetic_10_P__pdf_medium__lsb2.png,extended_xl,PDF,PDF,medium,2,no_deinterleaving,UNKNOWN,0
XL-Synthetic_10_P__pdf_medium__lsb2.png,extended_xl,PDF,PDF,medium,2,no_buffer,PDF,1
XL-Synthetic_10_P__pdf_medium__lsb2.png,extended_xl,PDF,PDF,medium,2,no_markers,PDF,1
XL-Synthetic_10_P__pdf_medium__lsb3.png,extended_xl,PDF,PDF,medium,3,full,PDF,1
XL-Synthetic_10_P__pdf_medium__lsb3.png,extended_xl,PDF,PDF,medium,3,no_deinterleaving,UNKNOWN,0
XL-Synthetic_10_P__pdf_medium__lsb3.png,extended_xl,PDF,PDF,medium,3,no_buffer,PDF,1
XL-Synthetic_10_P__pdf_medium__lsb3.png,extended_xl,PDF,PDF,medium,3,no_markers,PDF,1
XL-Synthetic_10_P__pdf_small__lsb1.png,extended_xl,PDF,PDF,small,1,full,PDF,1
XL-Synthetic_10_P__pdf_small__lsb1.png,extended_xl,PDF,PDF,small,1,no_deinterleaving,PDF,1
XL-Synthetic_10_P__pdf_small__lsb1.png,extended_xl,PDF,PDF,small,1,no_buffer,PDF,1
XL-Synthetic_10_P__pdf_small__lsb1.png,extended_xl,PDF,PDF,small,1,no_markers,PDF,1
XL-Synthetic_10_P__pdf_small__lsb2.png,extended_xl,PDF,PDF,small,2,full,PDF,1
XL-Synthetic_10_P__pdf_small__lsb2.png,extended_xl,PDF,PDF,small,2,no_deinterleaving,UNKNOWN,0
XL-Synthetic_10_P__pdf_small__lsb2.png,extended_xl,PDF,PDF,small,2,no_buffer,PDF,1
XL-Synthetic_10_P__pdf_small__lsb2.png,extended_xl,PDF,PDF,small,2,no_markers,PDF,1
XL-Synthetic_10_P__pdf_small__lsb3.png,extended_xl,PDF,PDF,small,3,full,PDF,1
XL-Synthetic_10_P__pdf_small__lsb3.png,extended_xl,PDF,PDF,small,3,no_deinterleaving,UNKNOWN,0
XL-Synthetic_10_P__pdf_small__lsb3.png,extended_xl,PDF,PDF,small,3,no_buffer,PDF,1
XL-Synthetic_10_P__pdf_small__lsb3.png,extended_xl,PDF,PDF,small,3,no_markers,PDF,1
XL-Synthetic_10_P__pptx_large__lsb3.png,extended_xl,PPTX,PPTX,large,3,full,PPTX,1
XL-Synthetic_10_P__pptx_large__lsb3.png,extended_xl,PPTX,PPTX,large,3,no_deinterleaving,UNKNOWN,0
XL-Synthetic_10_P__pptx_large__lsb3.png,extended_xl,PPTX,PPTX,large,3,no_buffer,ZIP,0
XL-Synthetic_10_P__pptx_large__lsb3.png,extended_xl,PPTX,PPTX,large,3,no_markers,ZIP,0
XL-Synthetic_10_P__pptx_medium__lsb2.png,extended_xl,PPTX,PPTX,medium,2,full,PPTX,1
XL-Synthetic_10_P__pptx_medium__lsb2.png,extended_xl,PPTX,PPTX,medium,2,no_deinterleaving,UNKNOWN,0
XL-Synthetic_10_P__pptx_medium__lsb2.png,extended_xl,PPTX,PPTX,medium,2,no_buffer,ZIP,0
XL-Synthetic_10_P__pptx_medium__lsb2.png,extended_xl,PPTX,PPTX,medium,2,no_markers,ZIP,0
XL-Synthetic_10_P__pptx_medium__lsb3.png,extended_xl,PPTX,PPTX,medium,3,full,PPTX,1
XL-Synthetic_10_P__pptx_medium__lsb3.png,extended_xl,PPTX,PPTX,medium,3,no_deinterleaving,UNKNOWN,0
XL-Synthetic_10_P__pptx_medium__lsb3.png,extended_xl,PPTX,PPTX,medium,3,no_buffer,ZIP,0
XL-Synthetic_10_P__pptx_medium__lsb3.png,extended_xl,PPTX,PPTX,medium,3,no_markers,ZIP,0
XL-Synthetic_10_P__pptx_small__lsb1.png,extended_xl,PPTX,PPTX,small,1,full,PPTX,1
XL-Synthetic_10_P__pptx_small__lsb1.png,extended_xl,PPTX,PPTX,small,1,no_deinterleaving,PPTX,1
XL-Synthetic_10_P__pptx_small__lsb1.png,extended_xl,PPTX,PPTX,small,1,no_buffer,ZIP,0
XL-Synthetic_10_P__pptx_small__lsb1.png,extended_xl,PPTX,PPTX,small,1,no_markers,ZIP,0
XL-Synthetic_10_P__pptx_small__lsb2.png,extended_xl,PPTX,PPTX,small,2,full,PPTX,1
XL-Synthetic_10_P__pptx_small__lsb2.png,extended_xl,PPTX,PPTX,small,2,no_deinterleaving,UNKNOWN,0
XL-Synthetic_10_P__pptx_small__lsb2.png,extended_xl,PPTX,PPTX,small,2,no_buffer,ZIP,0
XL-Synthetic_10_P__pptx_small__lsb2.png,extended_xl,PPTX,PPTX,small,2,no_markers,ZIP,0
XL-Synthetic_10_P__pptx_small__lsb3.png,extended_xl,PPTX,PPTX,small,3,full,PPTX,1
XL-Synthetic_10_P__pptx_small__lsb3.png,extended_xl,PPTX,PPTX,small,3,no_deinterleaving,UNKNOWN,0
XL-Synthetic_10_P__pptx_small__lsb3.png,extended_xl,PPTX,PPTX,small,3,no_buffer,ZIP,0
XL-Synthetic_10_P__pptx_small__lsb3.png,extended_xl,PPTX,PPTX,small,3,no_markers,ZIP,0
XL-Synthetic_10_P__rtf_large__lsb3.png,extended_xl,RTF,RTF,large,3,full,RTF,1
XL-Synthetic_10_P__rtf_large__lsb3.png,extended_xl,RTF,RTF,large,3,no_deinterleaving,UNKNOWN,0
XL-Synthetic_10_P__rtf_large__lsb3.png,extended_xl,RTF,RTF,large,3,no_buffer,RTF,1
XL-Synthetic_10_P__rtf_large__lsb3.png,extended_xl,RTF,RTF,large,3,no_markers,RTF,1
XL-Synthetic_10_P__rtf_medium__lsb2.png,extended_xl,RTF,RTF,medium,2,full,RTF,1
XL-Synthetic_10_P__rtf_medium__lsb2.png,extended_xl,RTF,RTF,medium,2,no_deinterleaving,UNKNOWN,0
XL-Synthetic_10_P__rtf_medium__lsb2.png,extended_xl,RTF,RTF,medium,2,no_buffer,RTF,1
XL-Synthetic_10_P__rtf_medium__lsb2.png,extended_xl,RTF,RTF,medium,2,no_markers,RTF,1
XL-Synthetic_10_P__rtf_medium__lsb3.png,extended_xl,RTF,RTF,medium,3,full,RTF,1
XL-Synthetic_10_P__rtf_medium__lsb3.png,extended_xl,RTF,RTF,medium,3,no_deinterleaving,UNKNOWN,0
XL-Synthetic_10_P__rtf_medium__lsb3.png,extended_xl,RTF,RTF,medium,3,no_buffer,RTF,1
XL-Synthetic_10_P__rtf_medium__lsb3.png,extended_xl,RTF,RTF,medium,3,no_markers,RTF,1
XL-Synthetic_10_P__rtf_small__lsb1.png,extended_xl,RTF,RTF,small,1,full,RTF,1
XL-Synthetic_10_P__rtf_small__lsb1.png,extended_xl,RTF,RTF,small,1,no_deinterleaving,RTF,1
XL-Synthetic_10_P__rtf_small__lsb1.png,extended_xl,RTF,RTF,small,1,no_buffer,RTF,1
XL-Synthetic_10_P__rtf_small__lsb1.png,extended_xl,RTF,RTF,small,1,no_markers,RTF,1
XL-Synthetic_10_P__rtf_small__lsb2.png,extended_xl,RTF,RTF,small,2,full,RTF,1
XL-Synthetic_10_P__rtf_small__lsb2.png,extended_xl,RTF,RTF,small,2,no_deinterleaving,UNKNOWN,0
XL-Synthetic_10_P__rtf_small__lsb2.png,extended_xl,RTF,RTF,small,2,no_buffer,RTF,1
XL-Synthetic_10_P__rtf_small__lsb2.png,extended_xl,RTF,RTF,small,2,no_markers,RTF,1
XL-Synthetic_10_P__rtf_small__lsb3.png,extended_xl,RTF,RTF,small,3,full,RTF,1
XL-Synthetic_10_P__rtf_small__lsb3.png,extended_xl,RTF,RTF,small,3,no_deinterleaving,UNKNOWN,0
XL-Synthetic_10_P__rtf_small__lsb3.png,extended_xl,RTF,RTF,small,3,no_buffer,RTF,1
XL-Synthetic_10_P__rtf_small__lsb3.png,extended_xl,RTF,RTF,small,3,no_markers,RTF,1
XL-Synthetic_10_P__xlsx_large__lsb3.png,extended_xl,XLSX,XLSX,large,3,full,XLSX,1
XL-Synthetic_10_P__xlsx_large__lsb3.png,extended_xl,XLSX,XLSX,large,3,no_deinterleaving,UNKNOWN,0
XL-Synthetic_10_P__xlsx_large__lsb3.png,extended_xl,XLSX,XLSX,large,3,no_buffer,ZIP,0
XL-Synthetic_10_P__xlsx_large__lsb3.png,extended_xl,XLSX,XLSX,large,3,no_markers,ZIP,0
XL-Synthetic_10_P__xlsx_medium__lsb2.png,extended_xl,XLSX,XLSX,medium,2,full,XLSX,1
XL-Synthetic_10_P__xlsx_medium__lsb2.png,extended_xl,XLSX,XLSX,medium,2,no_deinterleaving,UNKNOWN,0
XL-Synthetic_10_P__xlsx_medium__lsb2.png,extended_xl,XLSX,XLSX,medium,2,no_buffer,ZIP,0
XL-Synthetic_10_P__xlsx_medium__lsb2.png,extended_xl,XLSX,XLSX,medium,2,no_markers,ZIP,0
XL-Synthetic_10_P__xlsx_medium__lsb3.png,extended_xl,XLSX,XLSX,medium,3,full,XLSX,1
XL-Synthetic_10_P__xlsx_medium__lsb3.png,extended_xl,XLSX,XLSX,medium,3,no_deinterleaving,UNKNOWN,0
XL-Synthetic_10_P__xlsx_medium__lsb3.png,extended_xl,XLSX,XLSX,medium,3,no_buffer,ZIP,0
XL-Synthetic_10_P__xlsx_medium__lsb3.png,extended_xl,XLSX,XLSX,medium,3,no_markers,ZIP,0
XL-Synthetic_10_P__xlsx_small__lsb1.png,extended_xl,XLSX,XLSX,small,1,full,XLSX,1
XL-Synthetic_10_P__xlsx_small__lsb1.png,extended_xl,XLSX,XLSX,small,1,no_deinterleaving,XLSX,1
XL-Synthetic_10_P__xlsx_small__lsb1.png,extended_xl,XLSX,XLSX,small,1,no_buffer,ZIP,0
XL-Synthetic_10_P__xlsx_small__lsb1.png,extended_xl,XLSX,XLSX,small,1,no_markers,ZIP,0
XL-Synthetic_10_P__xlsx_small__lsb2.png,extended_xl,XLSX,XLSX,small,2,full,XLSX,1
XL-Synthetic_10_P__xlsx_small__lsb2.png,extended_xl,XLSX,XLSX,small,2,no_deinterleaving,UNKNOWN,0
XL-Synthetic_10_P__xlsx_small__lsb2.png,extended_xl,XLSX,XLSX,small,2,no_buffer,ZIP,0
XL-Synthetic_10_P__xlsx_small__lsb2.png,extended_xl,XLSX,XLSX,small,2,no_markers,ZIP,0
XL-Synthetic_10_P__xlsx_small__lsb3.png,extended_xl,XLSX,XLSX,small,3,full,XLSX,1
XL-Synthetic_10_P__xlsx_small__lsb3.png,extended_xl,XLSX,XLSX,small,3,no_deinterleaving,UNKNOWN,0
XL-Synthetic_10_P__xlsx_small__lsb3.png,extended_xl,XLSX,XLSX,small,3,no_buffer,ZIP,0
XL-Synthetic_10_P__xlsx_small__lsb3.png,extended_xl,XLSX,XLSX,small,3,no_markers,ZIP,0
XL-Synthetic_11_B__docx_large__lsb1.bmp,extended_xl,DOCX,DOCX,large,1,full,DOCX,1
XL-Synthetic_11_B__docx_large__lsb1.bmp,extended_xl,DOCX,DOCX,large,1,no_deinterleaving,DOCX,1
XL-Synthetic_11_B__docx_large__lsb1.bmp,extended_xl,DOCX,DOCX,large,1,no_buffer,ZIP,0
XL-Synthetic_11_B__docx_large__lsb1.bmp,extended_xl,DOCX,DOCX,large,1,no_markers,ZIP,0
XL-Synthetic_11_B__docx_large__lsb2.bmp,extended_xl,DOCX,DOCX,large,2,full,DOCX,1
XL-Synthetic_11_B__docx_large__lsb2.bmp,extended_xl,DOCX,DOCX,large,2,no_deinterleaving,UNKNOWN,0
XL-Synthetic_11_B__docx_large__lsb2.bmp,extended_xl,DOCX,DOCX,large,2,no_buffer,ZIP,0
XL-Synthetic_11_B__docx_large__lsb2.bmp,extended_xl,DOCX,DOCX,large,2,no_markers,ZIP,0
XL-Synthetic_11_B__docx_large__lsb3.bmp,extended_xl,DOCX,DOCX,large,3,full,DOCX,1
XL-Synthetic_11_B__docx_large__lsb3.bmp,extended_xl,DOCX,DOCX,large,3,no_deinterleaving,UNKNOWN,0
XL-Synthetic_11_B__docx_large__lsb3.bmp,extended_xl,DOCX,DOCX,large,3,no_buffer,ZIP,0
XL-Synthetic_11_B__docx_large__lsb3.bmp,extended_xl,DOCX,DOCX,large,3,no_markers,ZIP,0
XL-Synthetic_11_B__docx_medium__lsb1.bmp,extended_xl,DOCX,DOCX,medium,1,full,DOCX,1
XL-Synthetic_11_B__docx_medium__lsb1.bmp,extended_xl,DOCX,DOCX,medium,1,no_deinterleaving,DOCX,1
XL-Synthetic_11_B__docx_medium__lsb1.bmp,extended_xl,DOCX,DOCX,medium,1,no_buffer,ZIP,0
XL-Synthetic_11_B__docx_medium__lsb1.bmp,extended_xl,DOCX,DOCX,medium,1,no_markers,ZIP,0
XL-Synthetic_11_B__docx_medium__lsb2.bmp,extended_xl,DOCX,DOCX,medium,2,full,DOCX,1
XL-Synthetic_11_B__docx_medium__lsb2.bmp,extended_xl,DOCX,DOCX,medium,2,no_deinterleaving,UNKNOWN,0
XL-Synthetic_11_B__docx_medium__lsb2.bmp,extended_xl,DOCX,DOCX,medium,2,no_buffer,ZIP,0
XL-Synthetic_11_B__docx_medium__lsb2.bmp,extended_xl,DOCX,DOCX,medium,2,no_markers,ZIP,0
XL-Synthetic_11_B__docx_medium__lsb3.bmp,extended_xl,DOCX,DOCX,medium,3,full,DOCX,1
XL-Synthetic_11_B__docx_medium__lsb3.bmp,extended_xl,DOCX,DOCX,medium,3,no_deinterleaving,UNKNOWN,0
XL-Synthetic_11_B__docx_medium__lsb3.bmp,extended_xl,DOCX,DOCX,medium,3,no_buffer,ZIP,0
XL-Synthetic_11_B__docx_medium__lsb3.bmp,extended_xl,DOCX,DOCX,medium,3,no_markers,ZIP,0
XL-Synthetic_11_B__docx_small__lsb1.bmp,extended_xl,DOCX,DOCX,small,1,full,DOCX,1
XL-Synthetic_11_B__docx_small__lsb1.bmp,extended_xl,DOCX,DOCX,small,1,no_deinterleaving,DOCX,1
XL-Synthetic_11_B__docx_small__lsb1.bmp,extended_xl,DOCX,DOCX,small,1,no_buffer,ZIP,0
XL-Synthetic_11_B__docx_small__lsb1.bmp,extended_xl,DOCX,DOCX,small,1,no_markers,ZIP,0
XL-Synthetic_11_B__docx_small__lsb2.bmp,extended_xl,DOCX,DOCX,small,2,full,DOCX,1
XL-Synthetic_11_B__docx_small__lsb2.bmp,extended_xl,DOCX,DOCX,small,2,no_deinterleaving,UNKNOWN,0
XL-Synthetic_11_B__docx_small__lsb2.bmp,extended_xl,DOCX,DOCX,small,2,no_buffer,ZIP,0
XL-Synthetic_11_B__docx_small__lsb2.bmp,extended_xl,DOCX,DOCX,small,2,no_markers,ZIP,0
XL-Synthetic_11_B__docx_small__lsb3.bmp,extended_xl,DOCX,DOCX,small,3,full,DOCX,1
XL-Synthetic_11_B__docx_small__lsb3.bmp,extended_xl,DOCX,DOCX,small,3,no_deinterleaving,UNKNOWN,0
XL-Synthetic_11_B__docx_small__lsb3.bmp,extended_xl,DOCX,DOCX,small,3,no_buffer,ZIP,0
XL-Synthetic_11_B__docx_small__lsb3.bmp,extended_xl,DOCX,DOCX,small,3,no_markers,ZIP,0
XL-Synthetic_11_B__exe_large__lsb1.bmp,extended_xl,EXE,EXE,large,1,full,EXE,1
XL-Synthetic_11_B__exe_large__lsb1.bmp,extended_xl,EXE,EXE,large,1,no_deinterleaving,EXE,1
XL-Synthetic_11_B__exe_large__lsb1.bmp,extended_xl,EXE,EXE,large,1,no_buffer,EXE,1
XL-Synthetic_11_B__exe_large__lsb1.bmp,extended_xl,EXE,EXE,large,1,no_markers,EXE,1
XL-Synthetic_11_B__exe_large__lsb2.bmp,extended_xl,EXE,EXE,large,2,full,EXE,1
XL-Synthetic_11_B__exe_large__lsb2.bmp,extended_xl,EXE,EXE,large,2,no_deinterleaving,UNKNOWN,0
XL-Synthetic_11_B__exe_large__lsb2.bmp,extended_xl,EXE,EXE,large,2,no_buffer,EXE,1
XL-Synthetic_11_B__exe_large__lsb2.bmp,extended_xl,EXE,EXE,large,2,no_markers,EXE,1
XL-Synthetic_11_B__exe_large__lsb3.bmp,extended_xl,EXE,EXE,large,3,full,EXE,1
XL-Synthetic_11_B__exe_large__lsb3.bmp,extended_xl,EXE,EXE,large,3,no_deinterleaving,UNKNOWN,0
XL-Synthetic_11_B__exe_large__lsb3.bmp,extended_xl,EXE,EXE,large,3,no_buffer,EXE,1
XL-Synthetic_11_B__exe_large__lsb3.bmp,extended_xl,EXE,EXE,large,3,no_markers,EXE,1
XL-Synthetic_11_B__exe_medium__lsb1.bmp,extended_xl,EXE,EXE,medium,1,full,EXE,1
XL-Synthetic_11_B__exe_medium__lsb1.bmp,extended_xl,EXE,EXE,medium,1,no_deinterleaving,EXE,1
XL-Synthetic_11_B__exe_medium__lsb1.bmp,extended_xl,EXE,EXE,medium,1,no_buffer,EXE,1
XL-Synthetic_11_B__exe_medium__lsb1.bmp,extended_xl,EXE,EXE,medium,1,no_markers,EXE,1
XL-Synthetic_11_B__exe_medium__lsb2.bmp,extended_xl,EXE,EXE,medium,2,full,EXE,1
XL-Synthetic_11_B__exe_medium__lsb2.bmp,extended_xl,EXE,EXE,medium,2,no_deinterleaving,UNKNOWN,0
XL-Synthetic_11_B__exe_medium__lsb2.bmp,extended_xl,EXE,EXE,medium,2,no_buffer,EXE,1
XL-Synthetic_11_B__exe_medium__lsb2.bmp,extended_xl,EXE,EXE,medium,2,no_markers,EXE,1
XL-Synthetic_11_B__exe_medium__lsb3.bmp,extended_xl,EXE,EXE,medium,3,full,EXE,1
XL-Synthetic_11_B__exe_medium__lsb3.bmp,extended_xl,EXE,EXE,medium,3,no_deinterleaving,UNKNOWN,0
XL-Synthetic_11_B__exe_medium__lsb3.bmp,extended_xl,EXE,EXE,medium,3,no_buffer,EXE,1
XL-Synthetic_11_B__exe_medium__lsb3.bmp,extended_xl,EXE,EXE,medium,3,no_markers,EXE,1
XL-Synthetic_11_B__exe_small__lsb1.bmp,extended_xl,EXE,EXE,small,1,full,EXE,1
XL-Synthetic_11_B__exe_small__lsb1.bmp,extended_xl,EXE,EXE,small,1,no_deinterleaving,EXE,1
XL-Synthetic_11_B__exe_small__lsb1.bmp,extended_xl,EXE,EXE,small,1,no_buffer,EXE,1
XL-Synthetic_11_B__exe_small__lsb1.bmp,extended_xl,EXE,EXE,small,1,no_markers,EXE,1
XL-Synthetic_11_B__exe_small__lsb2.bmp,extended_xl,EXE,EXE,small,2,full,EXE,1
XL-Synthetic_11_B__exe_small__lsb2.bmp,extended_xl,EXE,EXE,small,2,no_deinterleaving,UNKNOWN,0
XL-Synthetic_11_B__exe_small__lsb2.bmp,extended_xl,EXE,EXE,small,2,no_buffer,EXE,1
XL-Synthetic_11_B__exe_small__lsb2.bmp,extended_xl,EXE,EXE,small,2,no_markers,EXE,1
XL-Synthetic_11_B__exe_small__lsb3.bmp,extended_xl,EXE,EXE,small,3,full,EXE,1
XL-Synthetic_11_B__exe_small__lsb3.bmp,extended_xl,EXE,EXE,small,3,no_deinterleaving,UNKNOWN,0
XL-Synthetic_11_B__exe_small__lsb3.bmp,extended_xl,EXE,EXE,small,3,no_buffer,EXE,1
XL-Synthetic_11_B__exe_small__lsb3.bmp,extended_xl,EXE,EXE,small,3,no_markers,EXE,1
XL-Synthetic_11_B__pdf_large__lsb1.bmp,extended_xl,PDF,PDF,large,1,full,PDF,1
XL-Synthetic_11_B__pdf_large__lsb1.bmp,extended_xl,PDF,PDF,large,1,no_deinterleaving,PDF,1
XL-Synthetic_11_B__pdf_large__lsb1.bmp,extended_xl,PDF,PDF,large,1,no_buffer,PDF,1
XL-Synthetic_11_B__pdf_large__lsb1.bmp,extended_xl,PDF,PDF,large,1,no_markers,PDF,1
XL-Synthetic_11_B__pdf_large__lsb2.bmp,extended_xl,PDF,PDF,large,2,full,PDF,1
XL-Synthetic_11_B__pdf_large__lsb2.bmp,extended_xl,PDF,PDF,large,2,no_deinterleaving,UNKNOWN,0
XL-Synthetic_11_B__pdf_large__lsb2.bmp,extended_xl,PDF,PDF,large,2,no_buffer,PDF,1
XL-Synthetic_11_B__pdf_large__lsb2.bmp,extended_xl,PDF,PDF,large,2,no_markers,PDF,1
XL-Synthetic_11_B__pdf_large__lsb3.bmp,extended_xl,PDF,PDF,large,3,full,PDF,1
XL-Synthetic_11_B__pdf_large__lsb3.bmp,extended_xl,PDF,PDF,large,3,no_deinterleaving,UNKNOWN,0
XL-Synthetic_11_B__pdf_large__lsb3.bmp,extended_xl,PDF,PDF,large,3,no_buffer,PDF,1
XL-Synthetic_11_B__pdf_large__lsb3.bmp,extended_xl,PDF,PDF,large,3,no_markers,PDF,1
XL-Synthetic_11_B__pdf_medium__lsb1.bmp,extended_xl,PDF,PDF,medium,1,full,PDF,1
XL-Synthetic_11_B__pdf_medium__lsb1.bmp,extended_xl,PDF,PDF,medium,1,no_deinterleaving,PDF,1
XL-Synthetic_11_B__pdf_medium__lsb1.bmp,extended_xl,PDF,PDF,medium,1,no_buffer,PDF,1
XL-Synthetic_11_B__pdf_medium__lsb1.bmp,extended_xl,PDF,PDF,medium,1,no_markers,PDF,1
XL-Synthetic_11_B__pdf_medium__lsb2.bmp,extended_xl,PDF,PDF,medium,2,full,PDF,1
XL-Synthetic_11_B__pdf_medium__lsb2.bmp,extended_xl,PDF,PDF,medium,2,no_deinterleaving,UNKNOWN,0
XL-Synthetic_11_B__pdf_medium__lsb2.bmp,extended_xl,PDF,PDF,medium,2,no_buffer,PDF,1
XL-Synthetic_11_B__pdf_medium__lsb2.bmp,extended_xl,PDF,PDF,medium,2,no_markers,PDF,1
XL-Synthetic_11_B__pdf_medium__lsb3.bmp,extended_xl,PDF,PDF,medium,3,full,PDF,1
XL-Synthetic_11_B__pdf_medium__lsb3.bmp,extended_xl,PDF,PDF,medium,3,no_deinterleaving,UNKNOWN,0
XL-Synthetic_11_B__pdf_medium__lsb3.bmp,extended_xl,PDF,PDF,medium,3,no_buffer,PDF,1
XL-Synthetic_11_B__pdf_medium__lsb3.bmp,extended_xl,PDF,PDF,medium,3,no_markers,PDF,1
XL-Synthetic_11_B__pdf_small__lsb1.bmp,extended_xl,PDF,PDF,small,1,full,PDF,1
XL-Synthetic_11_B__pdf_small__lsb1.bmp,extended_xl,PDF,PDF,small,1,no_deinterleaving,PDF,1
XL-Synthetic_11_B__pdf_small__lsb1.bmp,extended_xl,PDF,PDF,small,1,no_buffer,PDF,1
XL-Synthetic_11_B__pdf_small__lsb1.bmp,extended_xl,PDF,PDF,small,1,no_markers,PDF,1
XL-Synthetic_11_B__pdf_small__lsb2.bmp,extended_xl,PDF,PDF,small,2,full,PDF,1
XL-Synthetic_11_B__pdf_small__lsb2.bmp,extended_xl,PDF,PDF,small,2,no_deinterleaving,UNKNOWN,0
XL-Synthetic_11_B__pdf_small__lsb2.bmp,extended_xl,PDF,PDF,small,2,no_buffer,PDF,1
XL-Synthetic_11_B__pdf_small__lsb2.bmp,extended_xl,PDF,PDF,small,2,no_markers,PDF,1
XL-Synthetic_11_B__pdf_small__lsb3.bmp,extended_xl,PDF,PDF,small,3,full,PDF,1
XL-Synthetic_11_B__pdf_small__lsb3.bmp,extended_xl,PDF,PDF,small,3,no_deinterleaving,UNKNOWN,0
XL-Synthetic_11_B__pdf_small__lsb3.bmp,extended_xl,PDF,PDF,small,3,no_buffer,PDF,1
XL-Synthetic_11_B__pdf_small__lsb3.bmp,extended_xl,PDF,PDF,small,3,no_markers,PDF,1
XL-Synthetic_11_B__pptx_large__lsb1.bmp,extended_xl,PPTX,PPTX,large,1,full,PPTX,1
XL-Synthetic_11_B__pptx_large__lsb1.bmp,extended_xl,PPTX,PPTX,large,1,no_deinterleaving,PPTX,1
XL-Synthetic_11_B__pptx_large__lsb1.bmp,extended_xl,PPTX,PPTX,large,1,no_buffer,ZIP,0
XL-Synthetic_11_B__pptx_large__lsb1.bmp,extended_xl,PPTX,PPTX,large,1,no_markers,ZIP,0
XL-Synthetic_11_B__pptx_large__lsb2.bmp,extended_xl,PPTX,PPTX,large,2,full,PPTX,1
XL-Synthetic_11_B__pptx_large__lsb2.bmp,extended_xl,PPTX,PPTX,large,2,no_deinterleaving,UNKNOWN,0
XL-Synthetic_11_B__pptx_large__lsb2.bmp,extended_xl,PPTX,PPTX,large,2,no_buffer,ZIP,0
XL-Synthetic_11_B__pptx_large__lsb2.bmp,extended_xl,PPTX,PPTX,large,2,no_markers,ZIP,0
XL-Synthetic_11_B__pptx_large__lsb3.bmp,extended_xl,PPTX,PPTX,large,3,full,PPTX,1
XL-Synthetic_11_B__pptx_large__lsb3.bmp,extended_xl,PPTX,PPTX,large,3,no_deinterleaving,UNKNOWN,0
XL-Synthetic_11_B__pptx_large__lsb3.bmp,extended_xl,PPTX,PPTX,large,3,no_buffer,ZIP,0
XL-Synthetic_11_B__pptx_large__lsb3.bmp,extended_xl,PPTX,PPTX,large,3,no_markers,ZIP,0
XL-Synthetic_11_B__pptx_medium__lsb1.bmp,extended_xl,PPTX,PPTX,medium,1,full,PPTX,1
XL-Synthetic_11_B__pptx_medium__lsb1.bmp,extended_xl,PPTX,PPTX,medium,1,no_deinterleaving,PPTX,1
XL-Synthetic_11_B__pptx_medium__lsb1.bmp,extended_xl,PPTX,PPTX,medium,1,no_buffer,ZIP,0
XL-Synthetic_11_B__pptx_medium__lsb1.bmp,extended_xl,PPTX,PPTX,medium,1,no_markers,ZIP,0
XL-Synthetic_11_B__pptx_medium__lsb2.bmp,extended_xl,PPTX,PPTX,medium,2,full,PPTX,1
XL-Synthetic_11_B__pptx_medium__lsb2.bmp,extended_xl,PPTX,PPTX,medium,2,no_deinterleaving,UNKNOWN,0
XL-Synthetic_11_B__pptx_medium__lsb2.bmp,extended_xl,PPTX,PPTX,medium,2,no_buffer,ZIP,0
XL-Synthetic_11_B__pptx_medium__lsb2.bmp,extended_xl,PPTX,PPTX,medium,2,no_markers,ZIP,0
XL-Synthetic_11_B__pptx_medium__lsb3.bmp,extended_xl,PPTX,PPTX,medium,3,full,PPTX,1
XL-Synthetic_11_B__pptx_medium__lsb3.bmp,extended_xl,PPTX,PPTX,medium,3,no_deinterleaving,UNKNOWN,0
XL-Synthetic_11_B__pptx_medium__lsb3.bmp,extended_xl,PPTX,PPTX,medium,3,no_buffer,ZIP,0
XL-Synthetic_11_B__pptx_medium__lsb3.bmp,extended_xl,PPTX,PPTX,medium,3,no_markers,ZIP,0
XL-Synthetic_11_B__pptx_small__lsb1.bmp,extended_xl,PPTX,PPTX,small,1,full,PPTX,1
XL-Synthetic_11_B__pptx_small__lsb1.bmp,extended_xl,PPTX,PPTX,small,1,no_deinterleaving,PPTX,1
XL-Synthetic_11_B__pptx_small__lsb1.bmp,extended_xl,PPTX,PPTX,small,1,no_buffer,ZIP,0
XL-Synthetic_11_B__pptx_small__lsb1.bmp,extended_xl,PPTX,PPTX,small,1,no_markers,ZIP,0
XL-Synthetic_11_B__pptx_small__lsb2.bmp,extended_xl,PPTX,PPTX,small,2,full,PPTX,1
XL-Synthetic_11_B__pptx_small__lsb2.bmp,extended_xl,PPTX,PPTX,small,2,no_deinterleaving,UNKNOWN,0
XL-Synthetic_11_B__pptx_small__lsb2.bmp,extended_xl,PPTX,PPTX,small,2,no_buffer,ZIP,0
XL-Synthetic_11_B__pptx_small__lsb2.bmp,extended_xl,PPTX,PPTX,small,2,no_markers,ZIP,0
XL-Synthetic_11_B__pptx_small__lsb3.bmp,extended_xl,PPTX,PPTX,small,3,full,PPTX,1
XL-Synthetic_11_B__pptx_small__lsb3.bmp,extended_xl,PPTX,PPTX,small,3,no_deinterleaving,UNKNOWN,0
XL-Synthetic_11_B__pptx_small__lsb3.bmp,extended_xl,PPTX,PPTX,small,3,no_buffer,ZIP,0
XL-Synthetic_11_B__pptx_small__lsb3.bmp,extended_xl,PPTX,PPTX,small,3,no_markers,ZIP,0
XL-Synthetic_11_B__rtf_large__lsb1.bmp,extended_xl,RTF,RTF,large,1,full,RTF,1
XL-Synthetic_11_B__rtf_large__lsb1.bmp,extended_xl,RTF,RTF,large,1,no_deinterleaving,RTF,1
XL-Synthetic_11_B__rtf_large__lsb1.bmp,extended_xl,RTF,RTF,large,1,no_buffer,RTF,1
XL-Synthetic_11_B__rtf_large__lsb1.bmp,extended_xl,RTF,RTF,large,1,no_markers,RTF,1
XL-Synthetic_11_B__rtf_large__lsb2.bmp,extended_xl,RTF,RTF,large,2,full,RTF,1
XL-Synthetic_11_B__rtf_large__lsb2.bmp,extended_xl,RTF,RTF,large,2,no_deinterleaving,UNKNOWN,0
XL-Synthetic_11_B__rtf_large__lsb2.bmp,extended_xl,RTF,RTF,large,2,no_buffer,RTF,1
XL-Synthetic_11_B__rtf_large__lsb2.bmp,extended_xl,RTF,RTF,large,2,no_markers,RTF,1
XL-Synthetic_11_B__rtf_large__lsb3.bmp,extended_xl,RTF,RTF,large,3,full,RTF,1
XL-Synthetic_11_B__rtf_large__lsb3.bmp,extended_xl,RTF,RTF,large,3,no_deinterleaving,UNKNOWN,0
XL-Synthetic_11_B__rtf_large__lsb3.bmp,extended_xl,RTF,RTF,large,3,no_buffer,RTF,1
XL-Synthetic_11_B__rtf_large__lsb3.bmp,extended_xl,RTF,RTF,large,3,no_markers,RTF,1
XL-Synthetic_11_B__rtf_medium__lsb1.bmp,extended_xl,RTF,RTF,medium,1,full,RTF,1
XL-Synthetic_11_B__rtf_medium__lsb1.bmp,extended_xl,RTF,RTF,medium,1,no_deinterleaving,RTF,1
XL-Synthetic_11_B__rtf_medium__lsb1.bmp,extended_xl,RTF,RTF,medium,1,no_buffer,RTF,1
XL-Synthetic_11_B__rtf_medium__lsb1.bmp,extended_xl,RTF,RTF,medium,1,no_markers,RTF,1
XL-Synthetic_11_B__rtf_medium__lsb2.bmp,extended_xl,RTF,RTF,medium,2,full,RTF,1
XL-Synthetic_11_B__rtf_medium__lsb2.bmp,extended_xl,RTF,RTF,medium,2,no_deinterleaving,UNKNOWN,0
XL-Synthetic_11_B__rtf_medium__lsb2.bmp,extended_xl,RTF,RTF,medium,2,no_buffer,RTF,1
XL-Synthetic_11_B__rtf_medium__lsb2.bmp,extended_xl,RTF,RTF,medium,2,no_markers,RTF,1
XL-Synthetic_11_B__rtf_medium__lsb3.bmp,extended_xl,RTF,RTF,medium,3,full,RTF,1
XL-Synthetic_11_B__rtf_medium__lsb3.bmp,extended_xl,RTF,RTF,medium,3,no_deinterleaving,UNKNOWN,0
XL-Synthetic_11_B__rtf_medium__lsb3.bmp,extended_xl,RTF,RTF,medium,3,no_buffer,RTF,1
XL-Synthetic_11_B__rtf_medium__lsb3.bmp,extended_xl,RTF,RTF,medium,3,no_markers,RTF,1
XL-Synthetic_11_B__rtf_small__lsb1.bmp,extended_xl,RTF,RTF,small,1,full,RTF,1
XL-Synthetic_11_B__rtf_small__lsb1.bmp,extended_xl,RTF,RTF,small,1,no_deinterleaving,RTF,1
XL-Synthetic_11_B__rtf_small__lsb1.bmp,extended_xl,RTF,RTF,small,1,no_buffer,RTF,1
XL-Synthetic_11_B__rtf_small__lsb1.bmp,extended_xl,RTF,RTF,small,1,no_markers,RTF,1
XL-Synthetic_11_B__rtf_small__lsb2.bmp,extended_xl,RTF,RTF,small,2,full,RTF,1
XL-Synthetic_11_B__rtf_small__lsb2.bmp,extended_xl,RTF,RTF,small,2,no_deinterleaving,UNKNOWN,0
XL-Synthetic_11_B__rtf_small__lsb2.bmp,extended_xl,RTF,RTF,small,2,no_buffer,RTF,1
XL-Synthetic_11_B__rtf_small__lsb2.bmp,extended_xl,RTF,RTF,small,2,no_markers,RTF,1
XL-Synthetic_11_B__rtf_small__lsb3.bmp,extended_xl,RTF,RTF,small,3,full,RTF,1
XL-Synthetic_11_B__rtf_small__lsb3.bmp,extended_xl,RTF,RTF,small,3,no_deinterleaving,UNKNOWN,0
XL-Synthetic_11_B__rtf_small__lsb3.bmp,extended_xl,RTF,RTF,small,3,no_buffer,RTF,1
XL-Synthetic_11_B__rtf_small__lsb3.bmp,extended_xl,RTF,RTF,small,3,no_markers,RTF,1
XL-Synthetic_11_B__xlsx_large__lsb1.bmp,extended_xl,XLSX,XLSX,large,1,full,XLSX,1
XL-Synthetic_11_B__xlsx_large__lsb1.bmp,extended_xl,XLSX,XLSX,large,1,no_deinterleaving,XLSX,1
XL-Synthetic_11_B__xlsx_large__lsb1.bmp,extended_xl,XLSX,XLSX,large,1,no_buffer,ZIP,0
XL-Synthetic_11_B__xlsx_large__lsb1.bmp,extended_xl,XLSX,XLSX,large,1,no_markers,ZIP,0
XL-Synthetic_11_B__xlsx_large__lsb2.bmp,extended_xl,XLSX,XLSX,large,2,full,XLSX,1
XL-Synthetic_11_B__xlsx_large__lsb2.bmp,extended_xl,XLSX,XLSX,large,2,no_deinterleaving,UNKNOWN,0
XL-Synthetic_11_B__xlsx_large__lsb2.bmp,extended_xl,XLSX,XLSX,large,2,no_buffer,ZIP,0
XL-Synthetic_11_B__xlsx_large__lsb2.bmp,extended_xl,XLSX,XLSX,large,2,no_markers,ZIP,0
XL-Synthetic_11_B__xlsx_large__lsb3.bmp,extended_xl,XLSX,XLSX,large,3,full,XLSX,1
XL-Synthetic_11_B__xlsx_large__lsb3.bmp,extended_xl,XLSX,XLSX,large,3,no_deinterleaving,UNKNOWN,0
XL-Synthetic_11_B__xlsx_large__lsb3.bmp,extended_xl,XLSX,XLSX,large,3,no_buffer,ZIP,0
XL-Synthetic_11_B__xlsx_large__lsb3.bmp,extended_xl,XLSX,XLSX,large,3,no_markers,ZIP,0
XL-Synthetic_11_B__xlsx_medium__lsb1.bmp,extended_xl,XLSX,XLSX,medium,1,full,XLSX,1
XL-Synthetic_11_B__xlsx_medium__lsb1.bmp,extended_xl,XLSX,XLSX,medium,1,no_deinterleaving,XLSX,1
XL-Synthetic_11_B__xlsx_medium__lsb1.bmp,extended_xl,XLSX,XLSX,medium,1,no_buffer,ZIP,0
XL-Synthetic_11_B__xlsx_medium__lsb1.bmp,extended_xl,XLSX,XLSX,medium,1,no_markers,ZIP,0
XL-Synthetic_11_B__xlsx_medium__lsb2.bmp,extended_xl,XLSX,XLSX,medium,2,full,XLSX,1
XL-Synthetic_11_B__xlsx_medium__lsb2.bmp,extended_xl,XLSX,XLSX,medium,2,no_deinterleaving,UNKNOWN,0
XL-Synthetic_11_B__xlsx_medium__lsb2.bmp,extended_xl,XLSX,XLSX,medium,2,no_buffer,ZIP,0
XL-Synthetic_11_B__xlsx_medium__lsb2.bmp,extended_xl,XLSX,XLSX,medium,2,no_markers,ZIP,0
XL-Synthetic_11_B__xlsx_medium__lsb3.bmp,extended_xl,XLSX,XLSX,medium,3,full,XLSX,1
XL-Synthetic_11_B__xlsx_medium__lsb3.bmp,extended_xl,XLSX,XLSX,medium,3,no_deinterleaving,UNKNOWN,0
XL-Synthetic_11_B__xlsx_medium__lsb3.bmp,extended_xl,XLSX,XLSX,medium,3,no_buffer,ZIP,0
XL-Synthetic_11_B__xlsx_medium__lsb3.bmp,extended_xl,XLSX,XLSX,medium,3,no_markers,ZIP,0
XL-Synthetic_11_B__xlsx_small__lsb1.bmp,extended_xl,XLSX,XLSX,small,1,full,XLSX,1
XL-Synthetic_11_B__xlsx_small__lsb1.bmp,extended_xl,XLSX,XLSX,small,1,no_deinterleaving,XLSX,1
XL-Synthetic_11_B__xlsx_small__lsb1.bmp,extended_xl,XLSX,XLSX,small,1,no_buffer,ZIP,0
XL-Synthetic_11_B__xlsx_small__lsb1.bmp,extended_xl,XLSX,XLSX,small,1,no_markers,ZIP,0
XL-Synthetic_11_B__xlsx_small__lsb2.bmp,extended_xl,XLSX,XLSX,small,2,full,XLSX,1
XL-Synthetic_11_B__xlsx_small__lsb2.bmp,extended_xl,XLSX,XLSX,small,2,no_deinterleaving,UNKNOWN,0
XL-Synthetic_11_B__xlsx_small__lsb2.bmp,extended_xl,XLSX,XLSX,small,2,no_buffer,ZIP,0
XL-Synthetic_11_B__xlsx_small__lsb2.bmp,extended_xl,XLSX,XLSX,small,2,no_markers,ZIP,0
XL-Synthetic_11_B__xlsx_small__lsb3.bmp,extended_xl,XLSX,XLSX,small,3,full,XLSX,1
XL-Synthetic_11_B__xlsx_small__lsb3.bmp,extended_xl,XLSX,XLSX,small,3,no_deinterleaving,UNKNOWN,0
XL-Synthetic_11_B__xlsx_small__lsb3.bmp,extended_xl,XLSX,XLSX,small,3,no_buffer,ZIP,0
XL-Synthetic_11_B__xlsx_small__lsb3.bmp,extended_xl,XLSX,XLSX,small,3,no_markers,ZIP,0
XL-Synthetic_11_P__docx_large__lsb3.png,extended_xl,DOCX,DOCX,large,3,full,DOCX,1
XL-Synthetic_11_P__docx_large__lsb3.png,extended_xl,DOCX,DOCX,large,3,no_deinterleaving,UNKNOWN,0
XL-Synthetic_11_P__docx_large__lsb3.png,extended_xl,DOCX,DOCX,large,3,no_buffer,ZIP,0
XL-Synthetic_11_P__docx_large__lsb3.png,extended_xl,DOCX,DOCX,large,3,no_markers,ZIP,0
XL-Synthetic_11_P__docx_medium__lsb2.png,extended_xl,DOCX,DOCX,medium,2,full,DOCX,1
XL-Synthetic_11_P__docx_medium__lsb2.png,extended_xl,DOCX,DOCX,medium,2,no_deinterleaving,UNKNOWN,0
XL-Synthetic_11_P__docx_medium__lsb2.png,extended_xl,DOCX,DOCX,medium,2,no_buffer,ZIP,0
XL-Synthetic_11_P__docx_medium__lsb2.png,extended_xl,DOCX,DOCX,medium,2,no_markers,ZIP,0
XL-Synthetic_11_P__docx_medium__lsb3.png,extended_xl,DOCX,DOCX,medium,3,full,DOCX,1
XL-Synthetic_11_P__docx_medium__lsb3.png,extended_xl,DOCX,DOCX,medium,3,no_deinterleaving,UNKNOWN,0
XL-Synthetic_11_P__docx_medium__lsb3.png,extended_xl,DOCX,DOCX,medium,3,no_buffer,ZIP,0
XL-Synthetic_11_P__docx_medium__lsb3.png,extended_xl,DOCX,DOCX,medium,3,no_markers,ZIP,0
XL-Synthetic_11_P__docx_small__lsb1.png,extended_xl,DOCX,DOCX,small,1,full,DOCX,1
XL-Synthetic_11_P__docx_small__lsb1.png,extended_xl,DOCX,DOCX,small,1,no_deinterleaving,DOCX,1
XL-Synthetic_11_P__docx_small__lsb1.png,extended_xl,DOCX,DOCX,small,1,no_buffer,ZIP,0
XL-Synthetic_11_P__docx_small__lsb1.png,extended_xl,DOCX,DOCX,small,1,no_markers,ZIP,0
XL-Synthetic_11_P__docx_small__lsb2.png,extended_xl,DOCX,DOCX,small,2,full,DOCX,1
XL-Synthetic_11_P__docx_small__lsb2.png,extended_xl,DOCX,DOCX,small,2,no_deinterleaving,UNKNOWN,0
XL-Synthetic_11_P__docx_small__lsb2.png,extended_xl,DOCX,DOCX,small,2,no_buffer,ZIP,0
XL-Synthetic_11_P__docx_small__lsb2.png,extended_xl,DOCX,DOCX,small,2,no_markers,ZIP,0
XL-Synthetic_11_P__docx_small__lsb3.png,extended_xl,DOCX,DOCX,small,3,full,DOCX,1
XL-Synthetic_11_P__docx_small__lsb3.png,extended_xl,DOCX,DOCX,small,3,no_deinterleaving,UNKNOWN,0
XL-Synthetic_11_P__docx_small__lsb3.png,extended_xl,DOCX,DOCX,small,3,no_buffer,ZIP,0
XL-Synthetic_11_P__docx_small__lsb3.png,extended_xl,DOCX,DOCX,small,3,no_markers,ZIP,0
XL-Synthetic_11_P__exe_large__lsb3.png,extended_xl,EXE,EXE,large,3,full,EXE,1
XL-Synthetic_11_P__exe_large__lsb3.png,extended_xl,EXE,EXE,large,3,no_deinterleaving,UNKNOWN,0
XL-Synthetic_11_P__exe_large__lsb3.png,extended_xl,EXE,EXE,large,3,no_buffer,EXE,1
XL-Synthetic_11_P__exe_large__lsb3.png,extended_xl,EXE,EXE,large,3,no_markers,EXE,1
XL-Synthetic_11_P__exe_medium__lsb2.png,extended_xl,EXE,EXE,medium,2,full,EXE,1
XL-Synthetic_11_P__exe_medium__lsb2.png,extended_xl,EXE,EXE,medium,2,no_deinterleaving,UNKNOWN,0
XL-Synthetic_11_P__exe_medium__lsb2.png,extended_xl,EXE,EXE,medium,2,no_buffer,EXE,1
XL-Synthetic_11_P__exe_medium__lsb2.png,extended_xl,EXE,EXE,medium,2,no_markers,EXE,1
XL-Synthetic_11_P__exe_medium__lsb3.png,extended_xl,EXE,EXE,medium,3,full,EXE,1
XL-Synthetic_11_P__exe_medium__lsb3.png,extended_xl,EXE,EXE,medium,3,no_deinterleaving,UNKNOWN,0
XL-Synthetic_11_P__exe_medium__lsb3.png,extended_xl,EXE,EXE,medium,3,no_buffer,EXE,1
XL-Synthetic_11_P__exe_medium__lsb3.png,extended_xl,EXE,EXE,medium,3,no_markers,EXE,1
XL-Synthetic_11_P__exe_small__lsb1.png,extended_xl,EXE,EXE,small,1,full,EXE,1
XL-Synthetic_11_P__exe_small__lsb1.png,extended_xl,EXE,EXE,small,1,no_deinterleaving,EXE,1
XL-Synthetic_11_P__exe_small__lsb1.png,extended_xl,EXE,EXE,small,1,no_buffer,EXE,1
XL-Synthetic_11_P__exe_small__lsb1.png,extended_xl,EXE,EXE,small,1,no_markers,EXE,1
XL-Synthetic_11_P__exe_small__lsb2.png,extended_xl,EXE,EXE,small,2,full,EXE,1
XL-Synthetic_11_P__exe_small__lsb2.png,extended_xl,EXE,EXE,small,2,no_deinterleaving,UNKNOWN,0
XL-Synthetic_11_P__exe_small__lsb2.png,extended_xl,EXE,EXE,small,2,no_buffer,EXE,1
XL-Synthetic_11_P__exe_small__lsb2.png,extended_xl,EXE,EXE,small,2,no_markers,EXE,1
XL-Synthetic_11_P__exe_small__lsb3.png,extended_xl,EXE,EXE,small,3,full,EXE,1
XL-Synthetic_11_P__exe_small__lsb3.png,extended_xl,EXE,EXE,small,3,no_deinterleaving,UNKNOWN,0
XL-Synthetic_11_P__exe_small__lsb3.png,extended_xl,EXE,EXE,small,3,no_buffer,EXE,1
XL-Synthetic_11_P__exe_small__lsb3.png,extended_xl,EXE,EXE,small,3,no_markers,EXE,1
XL-Synthetic_11_P__pdf_large__lsb3.png,extended_xl,PDF,PDF,large,3,full,PDF,1
XL-Synthetic_11_P__pdf_large__lsb3.png,extended_xl,PDF,PDF,large,3,no_deinterleaving,UNKNOWN,0
XL-Synthetic_11_P__pdf_large__lsb3.png,extended_xl,PDF,PDF,large,3,no_buffer,PDF,1
XL-Synthetic_11_P__pdf_large__lsb3.png,extended_xl,PDF,PDF,large,3,no_markers,PDF,1
XL-Synthetic_11_P__pdf_medium__lsb2.png,extended_xl,PDF,PDF,medium,2,full,PDF,1
XL-Synthetic_11_P__pdf_medium__lsb2.png,extended_xl,PDF,PDF,medium,2,no_deinterleaving,UNKNOWN,0
XL-Synthetic_11_P__pdf_medium__lsb2.png,extended_xl,PDF,PDF,medium,2,no_buffer,PDF,1
XL-Synthetic_11_P__pdf_medium__lsb2.png,extended_xl,PDF,PDF,medium,2,no_markers,PDF,1
XL-Synthetic_11_P__pdf_medium__lsb3.png,extended_xl,PDF,PDF,medium,3,full,PDF,1
XL-Synthetic_11_P__pdf_medium__lsb3.png,extended_xl,PDF,PDF,medium,3,no_deinterleaving,UNKNOWN,0
XL-Synthetic_11_P__pdf_medium__lsb3.png,extended_xl,PDF,PDF,medium,3,no_buffer,PDF,1
XL-Synthetic_11_P__pdf_medium__lsb3.png,extended_xl,PDF,PDF,medium,3,no_markers,PDF,1
XL-Synthetic_11_P__pdf_small__lsb1.png,extended_xl,PDF,PDF,small,1,full,PDF,1
XL-Synthetic_11_P__pdf_small__lsb1.png,extended_xl,PDF,PDF,small,1,no_deinterleaving,PDF,1
XL-Synthetic_11_P__pdf_small__lsb1.png,extended_xl,PDF,PDF,small,1,no_buffer,PDF,1
XL-Synthetic_11_P__pdf_small__lsb1.png,extended_xl,PDF,PDF,small,1,no_markers,PDF,1
XL-Synthetic_11_P__pdf_small__lsb2.png,extended_xl,PDF,PDF,small,2,full,PDF,1
XL-Synthetic_11_P__pdf_small__lsb2.png,extended_xl,PDF,PDF,small,2,no_deinterleaving,UNKNOWN,0
XL-Synthetic_11_P__pdf_small__lsb2.png,extended_xl,PDF,PDF,small,2,no_buffer,PDF,1
XL-Synthetic_11_P__pdf_small__lsb2.png,extended_xl,PDF,PDF,small,2,no_markers,PDF,1
XL-Synthetic_11_P__pdf_small__lsb3.png,extended_xl,PDF,PDF,small,3,full,PDF,1
XL-Synthetic_11_P__pdf_small__lsb3.png,extended_xl,PDF,PDF,small,3,no_deinterleaving,UNKNOWN,0
XL-Synthetic_11_P__pdf_small__lsb3.png,extended_xl,PDF,PDF,small,3,no_buffer,PDF,1
XL-Synthetic_11_P__pdf_small__lsb3.png,extended_xl,PDF,PDF,small,3,no_markers,PDF,1
XL-Synthetic_11_P__pptx_large__lsb3.png,extended_xl,PPTX,PPTX,large,3,full,PPTX,1
XL-Synthetic_11_P__pptx_large__lsb3.png,extended_xl,PPTX,PPTX,large,3,no_deinterleaving,UNKNOWN,0
XL-Synthetic_11_P__pptx_large__lsb3.png,extended_xl,PPTX,PPTX,large,3,no_buffer,ZIP,0
XL-Synthetic_11_P__pptx_large__lsb3.png,extended_xl,PPTX,PPTX,large,3,no_markers,ZIP,0
XL-Synthetic_11_P__pptx_medium__lsb2.png,extended_xl,PPTX,PPTX,medium,2,full,PPTX,1
XL-Synthetic_11_P__pptx_medium__lsb2.png,extended_xl,PPTX,PPTX,medium,2,no_deinterleaving,UNKNOWN,0
XL-Synthetic_11_P__pptx_medium__lsb2.png,extended_xl,PPTX,PPTX,medium,2,no_buffer,ZIP,0
XL-Synthetic_11_P__pptx_medium__lsb2.png,extended_xl,PPTX,PPTX,medium,2,no_markers,ZIP,0
XL-Synthetic_11_P__pptx_medium__lsb3.png,extended_xl,PPTX,PPTX,medium,3,full,PPTX,1
XL-Synthetic_11_P__pptx_medium__lsb3.png,extended_xl,PPTX,PPTX,medium,3,no_deinterleaving,UNKNOWN,0
XL-Synthetic_11_P__pptx_medium__lsb3.png,extended_xl,PPTX,PPTX,medium,3,no_buffer,ZIP,0
XL-Synthetic_11_P__pptx_medium__lsb3.png,extended_xl,PPTX,PPTX,medium,3,no_markers,ZIP,0
XL-Synthetic_11_P__pptx_small__lsb1.png,extended_xl,PPTX,PPTX,small,1,full,PPTX,1
XL-Synthetic_11_P__pptx_small__lsb1.png,extended_xl,PPTX,PPTX,small,1,no_deinterleaving,PPTX,1
XL-Synthetic_11_P__pptx_small__lsb1.png,extended_xl,PPTX,PPTX,small,1,no_buffer,ZIP,0
XL-Synthetic_11_P__pptx_small__lsb1.png,extended_xl,PPTX,PPTX,small,1,no_markers,ZIP,0
XL-Synthetic_11_P__pptx_small__lsb2.png,extended_xl,PPTX,PPTX,small,2,full,PPTX,1
XL-Synthetic_11_P__pptx_small__lsb2.png,extended_xl,PPTX,PPTX,small,2,no_deinterleaving,UNKNOWN,0
XL-Synthetic_11_P__pptx_small__lsb2.png,extended_xl,PPTX,PPTX,small,2,no_buffer,ZIP,0
XL-Synthetic_11_P__pptx_small__lsb2.png,extended_xl,PPTX,PPTX,small,2,no_markers,ZIP,0
XL-Synthetic_11_P__pptx_small__lsb3.png,extended_xl,PPTX,PPTX,small,3,full,PPTX,1
XL-Synthetic_11_P__pptx_small__lsb3.png,extended_xl,PPTX,PPTX,small,3,no_deinterleaving,UNKNOWN,0
XL-Synthetic_11_P__pptx_small__lsb3.png,extended_xl,PPTX,PPTX,small,3,no_buffer,ZIP,0
XL-Synthetic_11_P__pptx_small__lsb3.png,extended_xl,PPTX,PPTX,small,3,no_markers,ZIP,0
XL-Synthetic_11_P__rtf_large__lsb3.png,extended_xl,RTF,RTF,large,3,full,RTF,1
XL-Synthetic_11_P__rtf_large__lsb3.png,extended_xl,RTF,RTF,large,3,no_deinterleaving,UNKNOWN,0
XL-Synthetic_11_P__rtf_large__lsb3.png,extended_xl,RTF,RTF,large,3,no_buffer,RTF,1
XL-Synthetic_11_P__rtf_large__lsb3.png,extended_xl,RTF,RTF,large,3,no_markers,RTF,1
XL-Synthetic_11_P__rtf_medium__lsb2.png,extended_xl,RTF,RTF,medium,2,full,RTF,1
XL-Synthetic_11_P__rtf_medium__lsb2.png,extended_xl,RTF,RTF,medium,2,no_deinterleaving,UNKNOWN,0
XL-Synthetic_11_P__rtf_medium__lsb2.png,extended_xl,RTF,RTF,medium,2,no_buffer,RTF,1
XL-Synthetic_11_P__rtf_medium__lsb2.png,extended_xl,RTF,RTF,medium,2,no_markers,RTF,1
XL-Synthetic_11_P__rtf_medium__lsb3.png,extended_xl,RTF,RTF,medium,3,full,RTF,1
XL-Synthetic_11_P__rtf_medium__lsb3.png,extended_xl,RTF,RTF,medium,3,no_deinterleaving,UNKNOWN,0
XL-Synthetic_11_P__rtf_medium__lsb3.png,extended_xl,RTF,RTF,medium,3,no_buffer,RTF,1
XL-Synthetic_11_P__rtf_medium__lsb3.png,extended_xl,RTF,RTF,medium,3,no_markers,RTF,1
XL-Synthetic_11_P__rtf_small__lsb1.png,extended_xl,RTF,RTF,small,1,full,RTF,1
XL-Synthetic_11_P__rtf_small__lsb1.png,extended_xl,RTF,RTF,small,1,no_deinterleaving,RTF,1
XL-Synthetic_11_P__rtf_small__lsb1.png,extended_xl,RTF,RTF,small,1,no_buffer,RTF,1
XL-Synthetic_11_P__rtf_small__lsb1.png,extended_xl,RTF,RTF,small,1,no_markers,RTF,1
XL-Synthetic_11_P__rtf_small__lsb2.png,extended_xl,RTF,RTF,small,2,full,RTF,1
XL-Synthetic_11_P__rtf_small__lsb2.png,extended_xl,RTF,RTF,small,2,no_deinterleaving,UNKNOWN,0
XL-Synthetic_11_P__rtf_small__lsb2.png,extended_xl,RTF,RTF,small,2,no_buffer,RTF,1
XL-Synthetic_11_P__rtf_small__lsb2.png,extended_xl,RTF,RTF,small,2,no_markers,RTF,1
XL-Synthetic_11_P__rtf_small__lsb3.png,extended_xl,RTF,RTF,small,3,full,RTF,1
XL-Synthetic_11_P__rtf_small__lsb3.png,extended_xl,RTF,RTF,small,3,no_deinterleaving,UNKNOWN,0
XL-Synthetic_11_P__rtf_small__lsb3.png,extended_xl,RTF,RTF,small,3,no_buffer,RTF,1
XL-Synthetic_11_P__rtf_small__lsb3.png,extended_xl,RTF,RTF,small,3,no_markers,RTF,1
XL-Synthetic_11_P__xlsx_large__lsb3.png,extended_xl,XLSX,XLSX,large,3,full,XLSX,1
XL-Synthetic_11_P__xlsx_large__lsb3.png,extended_xl,XLSX,XLSX,large,3,no_deinterleaving,UNKNOWN,0
XL-Synthetic_11_P__xlsx_large__lsb3.png,extended_xl,XLSX,XLSX,large,3,no_buffer,ZIP,0
XL-Synthetic_11_P__xlsx_large__lsb3.png,extended_xl,XLSX,XLSX,large,3,no_markers,ZIP,0
XL-Synthetic_11_P__xlsx_medium__lsb2.png,extended_xl,XLSX,XLSX,medium,2,full,XLSX,1
XL-Synthetic_11_P__xlsx_medium__lsb2.png,extended_xl,XLSX,XLSX,medium,2,no_deinterleaving,UNKNOWN,0
XL-Synthetic_11_P__xlsx_medium__lsb2.png,extended_xl,XLSX,XLSX,medium,2,no_buffer,ZIP,0
XL-Synthetic_11_P__xlsx_medium__lsb2.png,extended_xl,XLSX,XLSX,medium,2,no_markers,ZIP,0
XL-Synthetic_11_P__xlsx_medium__lsb3.png,extended_xl,XLSX,XLSX,medium,3,full,XLSX,1
XL-Synthetic_11_P__xlsx_medium__lsb3.png,extended_xl,XLSX,XLSX,medium,3,no_deinterleaving,UNKNOWN,0
XL-Synthetic_11_P__xlsx_medium__lsb3.png,extended_xl,XLSX,XLSX,medium,3,no_buffer,ZIP,0
XL-Synthetic_11_P__xlsx_medium__lsb3.png,extended_xl,XLSX,XLSX,medium,3,no_markers,ZIP,0
XL-Synthetic_11_P__xlsx_small__lsb1.png,extended_xl,XLSX,XLSX,small,1,full,XLSX,1
XL-Synthetic_11_P__xlsx_small__lsb1.png,extended_xl,XLSX,XLSX,small,1,no_deinterleaving,XLSX,1
XL-Synthetic_11_P__xlsx_small__lsb1.png,extended_xl,XLSX,XLSX,small,1,no_buffer,ZIP,0
XL-Synthetic_11_P__xlsx_small__lsb1.png,extended_xl,XLSX,XLSX,small,1,no_markers,ZIP,0
XL-Synthetic_11_P__xlsx_small__lsb2.png,extended_xl,XLSX,XLSX,small,2,full,XLSX,1
XL-Synthetic_11_P__xlsx_small__lsb2.png,extended_xl,XLSX,XLSX,small,2,no_deinterleaving,UNKNOWN,0
XL-Synthetic_11_P__xlsx_small__lsb2.png,extended_xl,XLSX,XLSX,small,2,no_buffer,ZIP,0
XL-Synthetic_11_P__xlsx_small__lsb2.png,extended_xl,XLSX,XLSX,small,2,no_markers,ZIP,0
XL-Synthetic_11_P__xlsx_small__lsb3.png,extended_xl,XLSX,XLSX,small,3,full,XLSX,1
XL-Synthetic_11_P__xlsx_small__lsb3.png,extended_xl,XLSX,XLSX,small,3,no_deinterleaving,UNKNOWN,0
XL-Synthetic_11_P__xlsx_small__lsb3.png,extended_xl,XLSX,XLSX,small,3,no_buffer,ZIP,0
XL-Synthetic_11_P__xlsx_small__lsb3.png,extended_xl,XLSX,XLSX,small,3,no_markers,ZIP,0
XL-Synthetic_12_B__docx_large__lsb1.bmp,extended_xl,DOCX,DOCX,large,1,full,DOCX,1
XL-Synthetic_12_B__docx_large__lsb1.bmp,extended_xl,DOCX,DOCX,large,1,no_deinterleaving,DOCX,1
XL-Synthetic_12_B__docx_large__lsb1.bmp,extended_xl,DOCX,DOCX,large,1,no_buffer,ZIP,0
XL-Synthetic_12_B__docx_large__lsb1.bmp,extended_xl,DOCX,DOCX,large,1,no_markers,ZIP,0
XL-Synthetic_12_B__docx_large__lsb2.bmp,extended_xl,DOCX,DOCX,large,2,full,DOCX,1
XL-Synthetic_12_B__docx_large__lsb2.bmp,extended_xl,DOCX,DOCX,large,2,no_deinterleaving,UNKNOWN,0
XL-Synthetic_12_B__docx_large__lsb2.bmp,extended_xl,DOCX,DOCX,large,2,no_buffer,ZIP,0
XL-Synthetic_12_B__docx_large__lsb2.bmp,extended_xl,DOCX,DOCX,large,2,no_markers,ZIP,0
XL-Synthetic_12_B__docx_large__lsb3.bmp,extended_xl,DOCX,DOCX,large,3,full,DOCX,1
XL-Synthetic_12_B__docx_large__lsb3.bmp,extended_xl,DOCX,DOCX,large,3,no_deinterleaving,UNKNOWN,0
XL-Synthetic_12_B__docx_large__lsb3.bmp,extended_xl,DOCX,DOCX,large,3,no_buffer,ZIP,0
XL-Synthetic_12_B__docx_large__lsb3.bmp,extended_xl,DOCX,DOCX,large,3,no_markers,ZIP,0
XL-Synthetic_12_B__docx_medium__lsb1.bmp,extended_xl,DOCX,DOCX,medium,1,full,DOCX,1
XL-Synthetic_12_B__docx_medium__lsb1.bmp,extended_xl,DOCX,DOCX,medium,1,no_deinterleaving,DOCX,1
XL-Synthetic_12_B__docx_medium__lsb1.bmp,extended_xl,DOCX,DOCX,medium,1,no_buffer,ZIP,0
XL-Synthetic_12_B__docx_medium__lsb1.bmp,extended_xl,DOCX,DOCX,medium,1,no_markers,ZIP,0
XL-Synthetic_12_B__docx_medium__lsb2.bmp,extended_xl,DOCX,DOCX,medium,2,full,DOCX,1
XL-Synthetic_12_B__docx_medium__lsb2.bmp,extended_xl,DOCX,DOCX,medium,2,no_deinterleaving,UNKNOWN,0
XL-Synthetic_12_B__docx_medium__lsb2.bmp,extended_xl,DOCX,DOCX,medium,2,no_buffer,ZIP,0
XL-Synthetic_12_B__docx_medium__lsb2.bmp,extended_xl,DOCX,DOCX,medium,2,no_markers,ZIP,0
XL-Synthetic_12_B__docx_medium__lsb3.bmp,extended_xl,DOCX,DOCX,medium,3,full,DOCX,1
XL-Synthetic_12_B__docx_medium__lsb3.bmp,extended_xl,DOCX,DOCX,medium,3,no_deinterleaving,UNKNOWN,0
XL-Synthetic_12_B__docx_medium__lsb3.bmp,extended_xl,DOCX,DOCX,medium,3,no_buffer,ZIP,0
XL-Synthetic_12_B__docx_medium__lsb3.bmp,extended_xl,DOCX,DOCX,medium,3,no_markers,ZIP,0
XL-Synthetic_12_B__docx_small__lsb1.bmp,extended_xl,DOCX,DOCX,small,1,full,DOCX,1
XL-Synthetic_12_B__docx_small__lsb1.bmp,extended_xl,DOCX,DOCX,small,1,no_deinterleaving,DOCX,1
XL-Synthetic_12_B__docx_small__lsb1.bmp,extended_xl,DOCX,DOCX,small,1,no_buffer,ZIP,0
XL-Synthetic_12_B__docx_small__lsb1.bmp,extended_xl,DOCX,DOCX,small,1,no_markers,ZIP,0
XL-Synthetic_12_B__docx_small__lsb2.bmp,extended_xl,DOCX,DOCX,small,2,full,DOCX,1
XL-Synthetic_12_B__docx_small__lsb2.bmp,extended_xl,DOCX,DOCX,small,2,no_deinterleaving,UNKNOWN,0
XL-Synthetic_12_B__docx_small__lsb2.bmp,extended_xl,DOCX,DOCX,small,2,no_buffer,ZIP,0
XL-Synthetic_12_B__docx_small__lsb2.bmp,extended_xl,DOCX,DOCX,small,2,no_markers,ZIP,0
XL-Synthetic_12_B__docx_small__lsb3.bmp,extended_xl,DOCX,DOCX,small,3,full,DOCX,1
XL-Synthetic_12_B__docx_small__lsb3.bmp,extended_xl,DOCX,DOCX,small,3,no_deinterleaving,UNKNOWN,0
XL-Synthetic_12_B__docx_small__lsb3.bmp,extended_xl,DOCX,DOCX,small,3,no_buffer,ZIP,0
XL-Synthetic_12_B__docx_small__lsb3.bmp,extended_xl,DOCX,DOCX,small,3,no_markers,ZIP,0
XL-Synthetic_12_B__exe_large__lsb1.bmp,extended_xl,EXE,EXE,large,1,full,EXE,1
XL-Synthetic_12_B__exe_large__lsb1.bmp,extended_xl,EXE,EXE,large,1,no_deinterleaving,EXE,1
XL-Synthetic_12_B__exe_large__lsb1.bmp,extended_xl,EXE,EXE,large,1,no_buffer,EXE,1
XL-Synthetic_12_B__exe_large__lsb1.bmp,extended_xl,EXE,EXE,large,1,no_markers,EXE,1
XL-Synthetic_12_B__exe_large__lsb2.bmp,extended_xl,EXE,EXE,large,2,full,EXE,1
XL-Synthetic_12_B__exe_large__lsb2.bmp,extended_xl,EXE,EXE,large,2,no_deinterleaving,UNKNOWN,0
XL-Synthetic_12_B__exe_large__lsb2.bmp,extended_xl,EXE,EXE,large,2,no_buffer,EXE,1
XL-Synthetic_12_B__exe_large__lsb2.bmp,extended_xl,EXE,EXE,large,2,no_markers,EXE,1
XL-Synthetic_12_B__exe_large__lsb3.bmp,extended_xl,EXE,EXE,large,3,full,EXE,1
XL-Synthetic_12_B__exe_large__lsb3.bmp,extended_xl,EXE,EXE,large,3,no_deinterleaving,UNKNOWN,0
XL-Synthetic_12_B__exe_large__lsb3.bmp,extended_xl,EXE,EXE,large,3,no_buffer,EXE,1
XL-Synthetic_12_B__exe_large__lsb3.bmp,extended_xl,EXE,EXE,large,3,no_markers,EXE,1
XL-Synthetic_12_B__exe_medium__lsb1.bmp,extended_xl,EXE,EXE,medium,1,full,EXE,1
XL-Synthetic_12_B__exe_medium__lsb1.bmp,extended_xl,EXE,EXE,medium,1,no_deinterleaving,EXE,1
XL-Synthetic_12_B__exe_medium__lsb1.bmp,extended_xl,EXE,EXE,medium,1,no_buffer,EXE,1
XL-Synthetic_12_B__exe_medium__lsb1.bmp,extended_xl,EXE,EXE,medium,1,no_markers,EXE,1
XL-Synthetic_12_B__exe_medium__lsb2.bmp,extended_xl,EXE,EXE,medium,2,full,EXE,1
XL-Synthetic_12_B__exe_medium__lsb2.bmp,extended_xl,EXE,EXE,medium,2,no_deinterleaving,UNKNOWN,0
XL-Synthetic_12_B__exe_medium__lsb2.bmp,extended_xl,EXE,EXE,medium,2,no_buffer,EXE,1
XL-Synthetic_12_B__exe_medium__lsb2.bmp,extended_xl,EXE,EXE,medium,2,no_markers,EXE,1
XL-Synthetic_12_B__exe_medium__lsb3.bmp,extended_xl,EXE,EXE,medium,3,full,EXE,1
XL-Synthetic_12_B__exe_medium__lsb3.bmp,extended_xl,EXE,EXE,medium,3,no_deinterleaving,UNKNOWN,0
XL-Synthetic_12_B__exe_medium__lsb3.bmp,extended_xl,EXE,EXE,medium,3,no_buffer,EXE,1
XL-Synthetic_12_B__exe_medium__lsb3.bmp,extended_xl,EXE,EXE,medium,3,no_markers,EXE,1
XL-Synthetic_12_B__exe_small__lsb1.bmp,extended_xl,EXE,EXE,small,1,full,EXE,1
XL-Synthetic_12_B__exe_small__lsb1.bmp,extended_xl,EXE,EXE,small,1,no_deinterleaving,EXE,1
XL-Synthetic_12_B__exe_small__lsb1.bmp,extended_xl,EXE,EXE,small,1,no_buffer,EXE,1
XL-Synthetic_12_B__exe_small__lsb1.bmp,extended_xl,EXE,EXE,small,1,no_markers,EXE,1
XL-Synthetic_12_B__exe_small__lsb2.bmp,extended_xl,EXE,EXE,small,2,full,EXE,1
XL-Synthetic_12_B__exe_small__lsb2.bmp,extended_xl,EXE,EXE,small,2,no_deinterleaving,UNKNOWN,0
XL-Synthetic_12_B__exe_small__lsb2.bmp,extended_xl,EXE,EXE,small,2,no_buffer,EXE,1
XL-Synthetic_12_B__exe_small__lsb2.bmp,extended_xl,EXE,EXE,small,2,no_markers,EXE,1
XL-Synthetic_12_B__exe_small__lsb3.bmp,extended_xl,EXE,EXE,small,3,full,EXE,1
XL-Synthetic_12_B__exe_small__lsb3.bmp,extended_xl,EXE,EXE,small,3,no_deinterleaving,UNKNOWN,0
XL-Synthetic_12_B__exe_small__lsb3.bmp,extended_xl,EXE,EXE,small,3,no_buffer,EXE,1
XL-Synthetic_12_B__exe_small__lsb3.bmp,extended_xl,EXE,EXE,small,3,no_markers,EXE,1
XL-Synthetic_12_B__pdf_large__lsb1.bmp,extended_xl,PDF,PDF,large,1,full,PDF,1
XL-Synthetic_12_B__pdf_large__lsb1.bmp,extended_xl,PDF,PDF,large,1,no_deinterleaving,PDF,1
XL-Synthetic_12_B__pdf_large__lsb1.bmp,extended_xl,PDF,PDF,large,1,no_buffer,PDF,1
XL-Synthetic_12_B__pdf_large__lsb1.bmp,extended_xl,PDF,PDF,large,1,no_markers,PDF,1
XL-Synthetic_12_B__pdf_large__lsb2.bmp,extended_xl,PDF,PDF,large,2,full,PDF,1
XL-Synthetic_12_B__pdf_large__lsb2.bmp,extended_xl,PDF,PDF,large,2,no_deinterleaving,UNKNOWN,0
XL-Synthetic_12_B__pdf_large__lsb2.bmp,extended_xl,PDF,PDF,large,2,no_buffer,PDF,1
XL-Synthetic_12_B__pdf_large__lsb2.bmp,extended_xl,PDF,PDF,large,2,no_markers,PDF,1
XL-Synthetic_12_B__pdf_large__lsb3.bmp,extended_xl,PDF,PDF,large,3,full,PDF,1
XL-Synthetic_12_B__pdf_large__lsb3.bmp,extended_xl,PDF,PDF,large,3,no_deinterleaving,UNKNOWN,0
XL-Synthetic_12_B__pdf_large__lsb3.bmp,extended_xl,PDF,PDF,large,3,no_buffer,PDF,1
XL-Synthetic_12_B__pdf_large__lsb3.bmp,extended_xl,PDF,PDF,large,3,no_markers,PDF,1
XL-Synthetic_12_B__pdf_medium__lsb1.bmp,extended_xl,PDF,PDF,medium,1,full,PDF,1
XL-Synthetic_12_B__pdf_medium__lsb1.bmp,extended_xl,PDF,PDF,medium,1,no_deinterleaving,PDF,1
XL-Synthetic_12_B__pdf_medium__lsb1.bmp,extended_xl,PDF,PDF,medium,1,no_buffer,PDF,1
XL-Synthetic_12_B__pdf_medium__lsb1.bmp,extended_xl,PDF,PDF,medium,1,no_markers,PDF,1
XL-Synthetic_12_B__pdf_medium__lsb2.bmp,extended_xl,PDF,PDF,medium,2,full,PDF,1
XL-Synthetic_12_B__pdf_medium__lsb2.bmp,extended_xl,PDF,PDF,medium,2,no_deinterleaving,UNKNOWN,0
XL-Synthetic_12_B__pdf_medium__lsb2.bmp,extended_xl,PDF,PDF,medium,2,no_buffer,PDF,1
XL-Synthetic_12_B__pdf_medium__lsb2.bmp,extended_xl,PDF,PDF,medium,2,no_markers,PDF,1
XL-Synthetic_12_B__pdf_medium__lsb3.bmp,extended_xl,PDF,PDF,medium,3,full,PDF,1
XL-Synthetic_12_B__pdf_medium__lsb3.bmp,extended_xl,PDF,PDF,medium,3,no_deinterleaving,UNKNOWN,0
XL-Synthetic_12_B__pdf_medium__lsb3.bmp,extended_xl,PDF,PDF,medium,3,no_buffer,PDF,1
XL-Synthetic_12_B__pdf_medium__lsb3.bmp,extended_xl,PDF,PDF,medium,3,no_markers,PDF,1
XL-Synthetic_12_B__pdf_small__lsb1.bmp,extended_xl,PDF,PDF,small,1,full,PDF,1
XL-Synthetic_12_B__pdf_small__lsb1.bmp,extended_xl,PDF,PDF,small,1,no_deinterleaving,PDF,1
XL-Synthetic_12_B__pdf_small__lsb1.bmp,extended_xl,PDF,PDF,small,1,no_buffer,PDF,1
XL-Synthetic_12_B__pdf_small__lsb1.bmp,extended_xl,PDF,PDF,small,1,no_markers,PDF,1
XL-Synthetic_12_B__pdf_small__lsb2.bmp,extended_xl,PDF,PDF,small,2,full,PDF,1
XL-Synthetic_12_B__pdf_small__lsb2.bmp,extended_xl,PDF,PDF,small,2,no_deinterleaving,UNKNOWN,0
XL-Synthetic_12_B__pdf_small__lsb2.bmp,extended_xl,PDF,PDF,small,2,no_buffer,PDF,1
XL-Synthetic_12_B__pdf_small__lsb2.bmp,extended_xl,PDF,PDF,small,2,no_markers,PDF,1
XL-Synthetic_12_B__pdf_small__lsb3.bmp,extended_xl,PDF,PDF,small,3,full,PDF,1
XL-Synthetic_12_B__pdf_small__lsb3.bmp,extended_xl,PDF,PDF,small,3,no_deinterleaving,UNKNOWN,0
XL-Synthetic_12_B__pdf_small__lsb3.bmp,extended_xl,PDF,PDF,small,3,no_buffer,PDF,1
XL-Synthetic_12_B__pdf_small__lsb3.bmp,extended_xl,PDF,PDF,small,3,no_markers,PDF,1
XL-Synthetic_12_B__pptx_large__lsb1.bmp,extended_xl,PPTX,PPTX,large,1,full,PPTX,1
XL-Synthetic_12_B__pptx_large__lsb1.bmp,extended_xl,PPTX,PPTX,large,1,no_deinterleaving,PPTX,1
XL-Synthetic_12_B__pptx_large__lsb1.bmp,extended_xl,PPTX,PPTX,large,1,no_buffer,ZIP,0
XL-Synthetic_12_B__pptx_large__lsb1.bmp,extended_xl,PPTX,PPTX,large,1,no_markers,ZIP,0
XL-Synthetic_12_B__pptx_large__lsb2.bmp,extended_xl,PPTX,PPTX,large,2,full,PPTX,1
XL-Synthetic_12_B__pptx_large__lsb2.bmp,extended_xl,PPTX,PPTX,large,2,no_deinterleaving,UNKNOWN,0
XL-Synthetic_12_B__pptx_large__lsb2.bmp,extended_xl,PPTX,PPTX,large,2,no_buffer,ZIP,0
XL-Synthetic_12_B__pptx_large__lsb2.bmp,extended_xl,PPTX,PPTX,large,2,no_markers,ZIP,0
XL-Synthetic_12_B__pptx_large__lsb3.bmp,extended_xl,PPTX,PPTX,large,3,full,PPTX,1
XL-Synthetic_12_B__pptx_large__lsb3.bmp,extended_xl,PPTX,PPTX,large,3,no_deinterleaving,UNKNOWN,0
XL-Synthetic_12_B__pptx_large__lsb3.bmp,extended_xl,PPTX,PPTX,large,3,no_buffer,ZIP,0
XL-Synthetic_12_B__pptx_large__lsb3.bmp,extended_xl,PPTX,PPTX,large,3,no_markers,ZIP,0
XL-Synthetic_12_B__pptx_medium__lsb1.bmp,extended_xl,PPTX,PPTX,medium,1,full,PPTX,1
XL-Synthetic_12_B__pptx_medium__lsb1.bmp,extended_xl,PPTX,PPTX,medium,1,no_deinterleaving,PPTX,1
XL-Synthetic_12_B__pptx_medium__lsb1.bmp,extended_xl,PPTX,PPTX,medium,1,no_buffer,ZIP,0
XL-Synthetic_12_B__pptx_medium__lsb1.bmp,extended_xl,PPTX,PPTX,medium,1,no_markers,ZIP,0
XL-Synthetic_12_B__pptx_medium__lsb2.bmp,extended_xl,PPTX,PPTX,medium,2,full,PPTX,1
XL-Synthetic_12_B__pptx_medium__lsb2.bmp,extended_xl,PPTX,PPTX,medium,2,no_deinterleaving,UNKNOWN,0
XL-Synthetic_12_B__pptx_medium__lsb2.bmp,extended_xl,PPTX,PPTX,medium,2,no_buffer,ZIP,0
XL-Synthetic_12_B__pptx_medium__lsb2.bmp,extended_xl,PPTX,PPTX,medium,2,no_markers,ZIP,0
XL-Synthetic_12_B__pptx_medium__lsb3.bmp,extended_xl,PPTX,PPTX,medium,3,full,PPTX,1
XL-Synthetic_12_B__pptx_medium__lsb3.bmp,extended_xl,PPTX,PPTX,medium,3,no_deinterleaving,UNKNOWN,0
XL-Synthetic_12_B__pptx_medium__lsb3.bmp,extended_xl,PPTX,PPTX,medium,3,no_buffer,ZIP,0
XL-Synthetic_12_B__pptx_medium__lsb3.bmp,extended_xl,PPTX,PPTX,medium,3,no_markers,ZIP,0
XL-Synthetic_12_B__pptx_small__lsb1.bmp,extended_xl,PPTX,PPTX,small,1,full,PPTX,1
XL-Synthetic_12_B__pptx_small__lsb1.bmp,extended_xl,PPTX,PPTX,small,1,no_deinterleaving,PPTX,1
XL-Synthetic_12_B__pptx_small__lsb1.bmp,extended_xl,PPTX,PPTX,small,1,no_buffer,ZIP,0
XL-Synthetic_12_B__pptx_small__lsb1.bmp,extended_xl,PPTX,PPTX,small,1,no_markers,ZIP,0
XL-Synthetic_12_B__pptx_small__lsb2.bmp,extended_xl,PPTX,PPTX,small,2,full,PPTX,1
XL-Synthetic_12_B__pptx_small__lsb2.bmp,extended_xl,PPTX,PPTX,small,2,no_deinterleaving,UNKNOWN,0
XL-Synthetic_12_B__pptx_small__lsb2.bmp,extended_xl,PPTX,PPTX,small,2,no_buffer,ZIP,0
XL-Synthetic_12_B__pptx_small__lsb2.bmp,extended_xl,PPTX,PPTX,small,2,no_markers,ZIP,0
XL-Synthetic_12_B__pptx_small__lsb3.bmp,extended_xl,PPTX,PPTX,small,3,full,PPTX,1
XL-Synthetic_12_B__pptx_small__lsb3.bmp,extended_xl,PPTX,PPTX,small,3,no_deinterleaving,UNKNOWN,0
XL-Synthetic_12_B__pptx_small__lsb3.bmp,extended_xl,PPTX,PPTX,small,3,no_buffer,ZIP,0
XL-Synthetic_12_B__pptx_small__lsb3.bmp,extended_xl,PPTX,PPTX,small,3,no_markers,ZIP,0
XL-Synthetic_12_B__rtf_large__lsb1.bmp,extended_xl,RTF,RTF,large,1,full,RTF,1
XL-Synthetic_12_B__rtf_large__lsb1.bmp,extended_xl,RTF,RTF,large,1,no_deinterleaving,RTF,1
XL-Synthetic_12_B__rtf_large__lsb1.bmp,extended_xl,RTF,RTF,large,1,no_buffer,RTF,1
XL-Synthetic_12_B__rtf_large__lsb1.bmp,extended_xl,RTF,RTF,large,1,no_markers,RTF,1
XL-Synthetic_12_B__rtf_large__lsb2.bmp,extended_xl,RTF,RTF,large,2,full,RTF,1
XL-Synthetic_12_B__rtf_large__lsb2.bmp,extended_xl,RTF,RTF,large,2,no_deinterleaving,UNKNOWN,0
XL-Synthetic_12_B__rtf_large__lsb2.bmp,extended_xl,RTF,RTF,large,2,no_buffer,RTF,1
XL-Synthetic_12_B__rtf_large__lsb2.bmp,extended_xl,RTF,RTF,large,2,no_markers,RTF,1
XL-Synthetic_12_B__rtf_large__lsb3.bmp,extended_xl,RTF,RTF,large,3,full,RTF,1
XL-Synthetic_12_B__rtf_large__lsb3.bmp,extended_xl,RTF,RTF,large,3,no_deinterleaving,UNKNOWN,0
XL-Synthetic_12_B__rtf_large__lsb3.bmp,extended_xl,RTF,RTF,large,3,no_buffer,RTF,1
XL-Synthetic_12_B__rtf_large__lsb3.bmp,extended_xl,RTF,RTF,large,3,no_markers,RTF,1
XL-Synthetic_12_B__rtf_medium__lsb1.bmp,extended_xl,RTF,RTF,medium,1,full,RTF,1
XL-Synthetic_12_B__rtf_medium__lsb1.bmp,extended_xl,RTF,RTF,medium,1,no_deinterleaving,RTF,1
XL-Synthetic_12_B__rtf_medium__lsb1.bmp,extended_xl,RTF,RTF,medium,1,no_buffer,RTF,1
XL-Synthetic_12_B__rtf_medium__lsb1.bmp,extended_xl,RTF,RTF,medium,1,no_markers,RTF,1
XL-Synthetic_12_B__rtf_medium__lsb2.bmp,extended_xl,RTF,RTF,medium,2,full,RTF,1
XL-Synthetic_12_B__rtf_medium__lsb2.bmp,extended_xl,RTF,RTF,medium,2,no_deinterleaving,UNKNOWN,0
XL-Synthetic_12_B__rtf_medium__lsb2.bmp,extended_xl,RTF,RTF,medium,2,no_buffer,RTF,1
XL-Synthetic_12_B__rtf_medium__lsb2.bmp,extended_xl,RTF,RTF,medium,2,no_markers,RTF,1
XL-Synthetic_12_B__rtf_medium__lsb3.bmp,extended_xl,RTF,RTF,medium,3,full,RTF,1
XL-Synthetic_12_B__rtf_medium__lsb3.bmp,extended_xl,RTF,RTF,medium,3,no_deinterleaving,UNKNOWN,0
XL-Synthetic_12_B__rtf_medium__lsb3.bmp,extended_xl,RTF,RTF,medium,3,no_buffer,RTF,1
XL-Synthetic_12_B__rtf_medium__lsb3.bmp,extended_xl,RTF,RTF,medium,3,no_markers,RTF,1
XL-Synthetic_12_B__rtf_small__lsb1.bmp,extended_xl,RTF,RTF,small,1,full,RTF,1
XL-Synthetic_12_B__rtf_small__lsb1.bmp,extended_xl,RTF,RTF,small,1,no_deinterleaving,RTF,1
XL-Synthetic_12_B__rtf_small__lsb1.bmp,extended_xl,RTF,RTF,small,1,no_buffer,RTF,1
XL-Synthetic_12_B__rtf_small__lsb1.bmp,extended_xl,RTF,RTF,small,1,no_markers,RTF,1
XL-Synthetic_12_B__rtf_small__lsb2.bmp,extended_xl,RTF,RTF,small,2,full,RTF,1
XL-Synthetic_12_B__rtf_small__lsb2.bmp,extended_xl,RTF,RTF,small,2,no_deinterleaving,UNKNOWN,0
XL-Synthetic_12_B__rtf_small__lsb2.bmp,extended_xl,RTF,RTF,small,2,no_buffer,RTF,1
XL-Synthetic_12_B__rtf_small__lsb2.bmp,extended_xl,RTF,RTF,small,2,no_markers,RTF,1
XL-Synthetic_12_B__rtf_small__lsb3.bmp,extended_xl,RTF,RTF,small,3,full,RTF,1
XL-Synthetic_12_B__rtf_small__lsb3.bmp,extended_xl,RTF,RTF,small,3,no_deinterleaving,UNKNOWN,0
XL-Synthetic_12_B__rtf_small__lsb3.bmp,extended_xl,RTF,RTF,small,3,no_buffer,RTF,1
XL-Synthetic_12_B__rtf_small__lsb3.bmp,extended_xl,RTF,RTF,small,3,no_markers,RTF,1
XL-Synthetic_12_B__xlsx_large__lsb1.bmp,extended_xl,XLSX,XLSX,large,1,full,XLSX,1
XL-Synthetic_12_B__xlsx_large__lsb1.bmp,extended_xl,XLSX,XLSX,large,1,no_deinterleaving,XLSX,1
XL-Synthetic_12_B__xlsx_large__lsb1.bmp,extended_xl,XLSX,XLSX,large,1,no_buffer,ZIP,0
XL-Synthetic_12_B__xlsx_large__lsb1.bmp,extended_xl,XLSX,XLSX,large,1,no_markers,ZIP,0
XL-Synthetic_12_B__xlsx_large__lsb2.bmp,extended_xl,XLSX,XLSX,large,2,full,XLSX,1
XL-Synthetic_12_B__xlsx_large__lsb2.bmp,extended_xl,XLSX,XLSX,large,2,no_deinterleaving,UNKNOWN,0
XL-Synthetic_12_B__xlsx_large__lsb2.bmp,extended_xl,XLSX,XLSX,large,2,no_buffer,ZIP,0
XL-Synthetic_12_B__xlsx_large__lsb2.bmp,extended_xl,XLSX,XLSX,large,2,no_markers,ZIP,0
XL-Synthetic_12_B__xlsx_large__lsb3.bmp,extended_xl,XLSX,XLSX,large,3,full,XLSX,1
XL-Synthetic_12_B__xlsx_large__lsb3.bmp,extended_xl,XLSX,XLSX,large,3,no_deinterleaving,UNKNOWN,0
XL-Synthetic_12_B__xlsx_large__lsb3.bmp,extended_xl,XLSX,XLSX,large,3,no_buffer,ZIP,0
XL-Synthetic_12_B__xlsx_large__lsb3.bmp,extended_xl,XLSX,XLSX,large,3,no_markers,ZIP,0
XL-Synthetic_12_B__xlsx_medium__lsb1.bmp,extended_xl,XLSX,XLSX,medium,1,full,XLSX,1
XL-Synthetic_12_B__xlsx_medium__lsb1.bmp,extended_xl,XLSX,XLSX,medium,1,no_deinterleaving,XLSX,1
XL-Synthetic_12_B__xlsx_medium__lsb1.bmp,extended_xl,XLSX,XLSX,medium,1,no_buffer,ZIP,0
XL-Synthetic_12_B__xlsx_medium__lsb1.bmp,extended_xl,XLSX,XLSX,medium,1,no_markers,ZIP,0
XL-Synthetic_12_B__xlsx_medium__lsb2.bmp,extended_xl,XLSX,XLSX,medium,2,full,XLSX,1
XL-Synthetic_12_B__xlsx_medium__lsb2.bmp,extended_xl,XLSX,XLSX,medium,2,no_deinterleaving,UNKNOWN,0
XL-Synthetic_12_B__xlsx_medium__lsb2.bmp,extended_xl,XLSX,XLSX,medium,2,no_buffer,ZIP,0
XL-Synthetic_12_B__xlsx_medium__lsb2.bmp,extended_xl,XLSX,XLSX,medium,2,no_markers,ZIP,0
XL-Synthetic_12_B__xlsx_medium__lsb3.bmp,extended_xl,XLSX,XLSX,medium,3,full,XLSX,1
XL-Synthetic_12_B__xlsx_medium__lsb3.bmp,extended_xl,XLSX,XLSX,medium,3,no_deinterleaving,UNKNOWN,0
XL-Synthetic_12_B__xlsx_medium__lsb3.bmp,extended_xl,XLSX,XLSX,medium,3,no_buffer,ZIP,0
XL-Synthetic_12_B__xlsx_medium__lsb3.bmp,extended_xl,XLSX,XLSX,medium,3,no_markers,ZIP,0
XL-Synthetic_12_B__xlsx_small__lsb1.bmp,extended_xl,XLSX,XLSX,small,1,full,XLSX,1
XL-Synthetic_12_B__xlsx_small__lsb1.bmp,extended_xl,XLSX,XLSX,small,1,no_deinterleaving,XLSX,1
XL-Synthetic_12_B__xlsx_small__lsb1.bmp,extended_xl,XLSX,XLSX,small,1,no_buffer,ZIP,0
XL-Synthetic_12_B__xlsx_small__lsb1.bmp,extended_xl,XLSX,XLSX,small,1,no_markers,ZIP,0
XL-Synthetic_12_B__xlsx_small__lsb2.bmp,extended_xl,XLSX,XLSX,small,2,full,XLSX,1
XL-Synthetic_12_B__xlsx_small__lsb2.bmp,extended_xl,XLSX,XLSX,small,2,no_deinterleaving,UNKNOWN,0
XL-Synthetic_12_B__xlsx_small__lsb2.bmp,extended_xl,XLSX,XLSX,small,2,no_buffer,ZIP,0
XL-Synthetic_12_B__xlsx_small__lsb2.bmp,extended_xl,XLSX,XLSX,small,2,no_markers,ZIP,0
XL-Synthetic_12_B__xlsx_small__lsb3.bmp,extended_xl,XLSX,XLSX,small,3,full,XLSX,1
XL-Synthetic_12_B__xlsx_small__lsb3.bmp,extended_xl,XLSX,XLSX,small,3,no_deinterleaving,UNKNOWN,0
XL-Synthetic_12_B__xlsx_small__lsb3.bmp,extended_xl,XLSX,XLSX,small,3,no_buffer,ZIP,0
XL-Synthetic_12_B__xlsx_small__lsb3.bmp,extended_xl,XLSX,XLSX,small,3,no_markers,ZIP,0
XL-Synthetic_12_P__docx_large__lsb3.png,extended_xl,DOCX,DOCX,large,3,full,DOCX,1
XL-Synthetic_12_P__docx_large__lsb3.png,extended_xl,DOCX,DOCX,large,3,no_deinterleaving,UNKNOWN,0
XL-Synthetic_12_P__docx_large__lsb3.png,extended_xl,DOCX,DOCX,large,3,no_buffer,ZIP,0
XL-Synthetic_12_P__docx_large__lsb3.png,extended_xl,DOCX,DOCX,large,3,no_markers,ZIP,0
XL-Synthetic_12_P__docx_medium__lsb2.png,extended_xl,DOCX,DOCX,medium,2,full,DOCX,1
XL-Synthetic_12_P__docx_medium__lsb2.png,extended_xl,DOCX,DOCX,medium,2,no_deinterleaving,UNKNOWN,0
XL-Synthetic_12_P__docx_medium__lsb2.png,extended_xl,DOCX,DOCX,medium,2,no_buffer,ZIP,0
XL-Synthetic_12_P__docx_medium__lsb2.png,extended_xl,DOCX,DOCX,medium,2,no_markers,ZIP,0
XL-Synthetic_12_P__docx_medium__lsb3.png,extended_xl,DOCX,DOCX,medium,3,full,DOCX,1
XL-Synthetic_12_P__docx_medium__lsb3.png,extended_xl,DOCX,DOCX,medium,3,no_deinterleaving,UNKNOWN,0
XL-Synthetic_12_P__docx_medium__lsb3.png,extended_xl,DOCX,DOCX,medium,3,no_buffer,ZIP,0
XL-Synthetic_12_P__docx_medium__lsb3.png,extended_xl,DOCX,DOCX,medium,3,no_markers,ZIP,0
XL-Synthetic_12_P__docx_small__lsb1.png,extended_xl,DOCX,DOCX,small,1,full,DOCX,1
XL-Synthetic_12_P__docx_small__lsb1.png,extended_xl,DOCX,DOCX,small,1,no_deinterleaving,DOCX,1
XL-Synthetic_12_P__docx_small__lsb1.png,extended_xl,DOCX,DOCX,small,1,no_buffer,ZIP,0
XL-Synthetic_12_P__docx_small__lsb1.png,extended_xl,DOCX,DOCX,small,1,no_markers,ZIP,0
XL-Synthetic_12_P__docx_small__lsb2.png,extended_xl,DOCX,DOCX,small,2,full,DOCX,1
XL-Synthetic_12_P__docx_small__lsb2.png,extended_xl,DOCX,DOCX,small,2,no_deinterleaving,UNKNOWN,0
XL-Synthetic_12_P__docx_small__lsb2.png,extended_xl,DOCX,DOCX,small,2,no_buffer,ZIP,0
XL-Synthetic_12_P__docx_small__lsb2.png,extended_xl,DOCX,DOCX,small,2,no_markers,ZIP,0
XL-Synthetic_12_P__docx_small__lsb3.png,extended_xl,DOCX,DOCX,small,3,full,DOCX,1
XL-Synthetic_12_P__docx_small__lsb3.png,extended_xl,DOCX,DOCX,small,3,no_deinterleaving,UNKNOWN,0
XL-Synthetic_12_P__docx_small__lsb3.png,extended_xl,DOCX,DOCX,small,3,no_buffer,ZIP,0
XL-Synthetic_12_P__docx_small__lsb3.png,extended_xl,DOCX,DOCX,small,3,no_markers,ZIP,0
XL-Synthetic_12_P__exe_large__lsb3.png,extended_xl,EXE,EXE,large,3,full,EXE,1
XL-Synthetic_12_P__exe_large__lsb3.png,extended_xl,EXE,EXE,large,3,no_deinterleaving,UNKNOWN,0
XL-Synthetic_12_P__exe_large__lsb3.png,extended_xl,EXE,EXE,large,3,no_buffer,EXE,1
XL-Synthetic_12_P__exe_large__lsb3.png,extended_xl,EXE,EXE,large,3,no_markers,EXE,1
XL-Synthetic_12_P__exe_medium__lsb2.png,extended_xl,EXE,EXE,medium,2,full,EXE,1
XL-Synthetic_12_P__exe_medium__lsb2.png,extended_xl,EXE,EXE,medium,2,no_deinterleaving,UNKNOWN,0
XL-Synthetic_12_P__exe_medium__lsb2.png,extended_xl,EXE,EXE,medium,2,no_buffer,EXE,1
XL-Synthetic_12_P__exe_medium__lsb2.png,extended_xl,EXE,EXE,medium,2,no_markers,EXE,1
XL-Synthetic_12_P__exe_medium__lsb3.png,extended_xl,EXE,EXE,medium,3,full,EXE,1
XL-Synthetic_12_P__exe_medium__lsb3.png,extended_xl,EXE,EXE,medium,3,no_deinterleaving,UNKNOWN,0
XL-Synthetic_12_P__exe_medium__lsb3.png,extended_xl,EXE,EXE,medium,3,no_buffer,EXE,1
XL-Synthetic_12_P__exe_medium__lsb3.png,extended_xl,EXE,EXE,medium,3,no_markers,EXE,1
XL-Synthetic_12_P__exe_small__lsb1.png,extended_xl,EXE,EXE,small,1,full,EXE,1
XL-Synthetic_12_P__exe_small__lsb1.png,extended_xl,EXE,EXE,small,1,no_deinterleaving,EXE,1
XL-Synthetic_12_P__exe_small__lsb1.png,extended_xl,EXE,EXE,small,1,no_buffer,EXE,1
XL-Synthetic_12_P__exe_small__lsb1.png,extended_xl,EXE,EXE,small,1,no_markers,EXE,1
XL-Synthetic_12_P__exe_small__lsb2.png,extended_xl,EXE,EXE,small,2,full,EXE,1
XL-Synthetic_12_P__exe_small__lsb2.png,extended_xl,EXE,EXE,small,2,no_deinterleaving,UNKNOWN,0
XL-Synthetic_12_P__exe_small__lsb2.png,extended_xl,EXE,EXE,small,2,no_buffer,EXE,1
XL-Synthetic_12_P__exe_small__lsb2.png,extended_xl,EXE,EXE,small,2,no_markers,EXE,1
XL-Synthetic_12_P__exe_small__lsb3.png,extended_xl,EXE,EXE,small,3,full,EXE,1
XL-Synthetic_12_P__exe_small__lsb3.png,extended_xl,EXE,EXE,small,3,no_deinterleaving,UNKNOWN,0
XL-Synthetic_12_P__exe_small__lsb3.png,extended_xl,EXE,EXE,small,3,no_buffer,EXE,1
XL-Synthetic_12_P__exe_small__lsb3.png,extended_xl,EXE,EXE,small,3,no_markers,EXE,1
XL-Synthetic_12_P__pdf_large__lsb3.png,extended_xl,PDF,PDF,large,3,full,PDF,1
XL-Synthetic_12_P__pdf_large__lsb3.png,extended_xl,PDF,PDF,large,3,no_deinterleaving,UNKNOWN,0
XL-Synthetic_12_P__pdf_large__lsb3.png,extended_xl,PDF,PDF,large,3,no_buffer,PDF,1
XL-Synthetic_12_P__pdf_large__lsb3.png,extended_xl,PDF,PDF,large,3,no_markers,PDF,1
XL-Synthetic_12_P__pdf_medium__lsb2.png,extended_xl,PDF,PDF,medium,2,full,PDF,1
XL-Synthetic_12_P__pdf_medium__lsb2.png,extended_xl,PDF,PDF,medium,2,no_deinterleaving,UNKNOWN,0
XL-Synthetic_12_P__pdf_medium__lsb2.png,extended_xl,PDF,PDF,medium,2,no_buffer,PDF,1
XL-Synthetic_12_P__pdf_medium__lsb2.png,extended_xl,PDF,PDF,medium,2,no_markers,PDF,1
XL-Synthetic_12_P__pdf_medium__lsb3.png,extended_xl,PDF,PDF,medium,3,full,PDF,1
XL-Synthetic_12_P__pdf_medium__lsb3.png,extended_xl,PDF,PDF,medium,3,no_deinterleaving,UNKNOWN,0
XL-Synthetic_12_P__pdf_medium__lsb3.png,extended_xl,PDF,PDF,medium,3,no_buffer,PDF,1
XL-Synthetic_12_P__pdf_medium__lsb3.png,extended_xl,PDF,PDF,medium,3,no_markers,PDF,1
XL-Synthetic_12_P__pdf_small__lsb1.png,extended_xl,PDF,PDF,small,1,full,PDF,1
XL-Synthetic_12_P__pdf_small__lsb1.png,extended_xl,PDF,PDF,small,1,no_deinterleaving,PDF,1
XL-Synthetic_12_P__pdf_small__lsb1.png,extended_xl,PDF,PDF,small,1,no_buffer,PDF,1
XL-Synthetic_12_P__pdf_small__lsb1.png,extended_xl,PDF,PDF,small,1,no_markers,PDF,1
XL-Synthetic_12_P__pdf_small__lsb2.png,extended_xl,PDF,PDF,small,2,full,PDF,1
XL-Synthetic_12_P__pdf_small__lsb2.png,extended_xl,PDF,PDF,small,2,no_deinterleaving,UNKNOWN,0
XL-Synthetic_12_P__pdf_small__lsb2.png,extended_xl,PDF,PDF,small,2,no_buffer,PDF,1
XL-Synthetic_12_P__pdf_small__lsb2.png,extended_xl,PDF,PDF,small,2,no_markers,PDF,1
XL-Synthetic_12_P__pdf_small__lsb3.png,extended_xl,PDF,PDF,small,3,full,PDF,1
XL-Synthetic_12_P__pdf_small__lsb3.png,extended_xl,PDF,PDF,small,3,no_deinterleaving,UNKNOWN,0
XL-Synthetic_12_P__pdf_small__lsb3.png,extended_xl,PDF,PDF,small,3,no_buffer,PDF,1
XL-Synthetic_12_P__pdf_small__lsb3.png,extended_xl,PDF,PDF,small,3,no_markers,PDF,1
XL-Synthetic_12_P__pptx_large__lsb3.png,extended_xl,PPTX,PPTX,large,3,full,PPTX,1
XL-Synthetic_12_P__pptx_large__lsb3.png,extended_xl,PPTX,PPTX,large,3,no_deinterleaving,UNKNOWN,0
XL-Synthetic_12_P__pptx_large__lsb3.png,extended_xl,PPTX,PPTX,large,3,no_buffer,ZIP,0
XL-Synthetic_12_P__pptx_large__lsb3.png,extended_xl,PPTX,PPTX,large,3,no_markers,ZIP,0
XL-Synthetic_12_P__pptx_medium__lsb2.png,extended_xl,PPTX,PPTX,medium,2,full,PPTX,1
XL-Synthetic_12_P__pptx_medium__lsb2.png,extended_xl,PPTX,PPTX,medium,2,no_deinterleaving,UNKNOWN,0
XL-Synthetic_12_P__pptx_medium__lsb2.png,extended_xl,PPTX,PPTX,medium,2,no_buffer,ZIP,0
XL-Synthetic_12_P__pptx_medium__lsb2.png,extended_xl,PPTX,PPTX,medium,2,no_markers,ZIP,0
XL-Synthetic_12_P__pptx_medium__lsb3.png,extended_xl,PPTX,PPTX,medium,3,full,PPTX,1
XL-Synthetic_12_P__pptx_medium__lsb3.png,extended_xl,PPTX,PPTX,medium,3,no_deinterleaving,UNKNOWN,0
XL-Synthetic_12_P__pptx_medium__lsb3.png,extended_xl,PPTX,PPTX,medium,3,no_buffer,ZIP,0
XL-Synthetic_12_P__pptx_medium__lsb3.png,extended_xl,PPTX,PPTX,medium,3,no_markers,ZIP,0
XL-Synthetic_12_P__pptx_small__lsb1.png,extended_xl,PPTX,PPTX,small,1,full,PPTX,1
XL-Synthetic_12_P__pptx_small__lsb1.png,extended_xl,PPTX,PPTX,small,1,no_deinterleaving,PPTX,1
XL-Synthetic_12_P__pptx_small__lsb1.png,extended_xl,PPTX,PPTX,small,1,no_buffer,ZIP,0
XL-Synthetic_12_P__pptx_small__lsb1.png,extended_xl,PPTX,PPTX,small,1,no_markers,ZIP,0
XL-Synthetic_12_P__pptx_small__lsb2.png,extended_xl,PPTX,PPTX,small,2,full,PPTX,1
XL-Synthetic_12_P__pptx_small__lsb2.png,extended_xl,PPTX,PPTX,small,2,no_deinterleaving,UNKNOWN,0
XL-Synthetic_12_P__pptx_small__lsb2.png,extended_xl,PPTX,PPTX,small,2,no_buffer,ZIP,0
XL-Synthetic_12_P__pptx_small__lsb2.png,extended_xl,PPTX,PPTX,small,2,no_markers,ZIP,0
XL-Synthetic_12_P__pptx_small__lsb3.png,extended_xl,PPTX,PPTX,small,3,full,PPTX,1
XL-Synthetic_12_P__pptx_small__lsb3.png,extended_xl,PPTX,PPTX,small,3,no_deinterleaving,UNKNOWN,0
XL-Synthetic_12_P__pptx_small__lsb3.png,extended_xl,PPTX,PPTX,small,3,no_buffer,ZIP,0
XL-Synthetic_12_P__pptx_small__lsb3.png,extended_xl,PPTX,PPTX,small,3,no_markers,ZIP,0
XL-Synthetic_12_P__rtf_large__lsb3.png,extended_xl,RTF,RTF,large,3,full,RTF,1
XL-Synthetic_12_P__rtf_large__lsb3.png,extended_xl,RTF,RTF,large,3,no_deinterleaving,UNKNOWN,0
XL-Synthetic_12_P__rtf_large__lsb3.png,extended_xl,RTF,RTF,large,3,no_buffer,RTF,1
XL-Synthetic_12_P__rtf_large__lsb3.png,extended_xl,RTF,RTF,large,3,no_markers,RTF,1
XL-Synthetic_12_P__rtf_medium__lsb2.png,extended_xl,RTF,RTF,medium,2,full,RTF,1
XL-Synthetic_12_P__rtf_medium__lsb2.png,extended_xl,RTF,RTF,medium,2,no_deinterleaving,UNKNOWN,0
XL-Synthetic_12_P__rtf_medium__lsb2.png,extended_xl,RTF,RTF,medium,2,no_buffer,RTF,1
XL-Synthetic_12_P__rtf_medium__lsb2.png,extended_xl,RTF,RTF,medium,2,no_markers,RTF,1
XL-Synthetic_12_P__rtf_medium__lsb3.png,extended_xl,RTF,RTF,medium,3,full,RTF,1
XL-Synthetic_12_P__rtf_medium__lsb3.png,extended_xl,RTF,RTF,medium,3,no_deinterleaving,UNKNOWN,0
XL-Synthetic_12_P__rtf_medium__lsb3.png,extended_xl,RTF,RTF,medium,3,no_buffer,RTF,1
XL-Synthetic_12_P__rtf_medium__lsb3.png,extended_xl,RTF,RTF,medium,3,no_markers,RTF,1
XL-Synthetic_12_P__rtf_small__lsb1.png,extended_xl,RTF,RTF,small,1,full,RTF,1
XL-Synthetic_12_P__rtf_small__lsb1.png,extended_xl,RTF,RTF,small,1,no_deinterleaving,RTF,1
XL-Synthetic_12_P__rtf_small__lsb1.png,extended_xl,RTF,RTF,small,1,no_buffer,RTF,1
XL-Synthetic_12_P__rtf_small__lsb1.png,extended_xl,RTF,RTF,small,1,no_markers,RTF,1
XL-Synthetic_12_P__rtf_small__lsb2.png,extended_xl,RTF,RTF,small,2,full,RTF,1
XL-Synthetic_12_P__rtf_small__lsb2.png,extended_xl,RTF,RTF,small,2,no_deinterleaving,UNKNOWN,0
XL-Synthetic_12_P__rtf_small__lsb2.png,extended_xl,RTF,RTF,small,2,no_buffer,RTF,1
XL-Synthetic_12_P__rtf_small__lsb2.png,extended_xl,RTF,RTF,small,2,no_markers,RTF,1
XL-Synthetic_12_P__rtf_small__lsb3.png,extended_xl,RTF,RTF,small,3,full,RTF,1
XL-Synthetic_12_P__rtf_small__lsb3.png,extended_xl,RTF,RTF,small,3,no_deinterleaving,UNKNOWN,0
XL-Synthetic_12_P__rtf_small__lsb3.png,extended_xl,RTF,RTF,small,3,no_buffer,RTF,1
XL-Synthetic_12_P__rtf_small__lsb3.png,extended_xl,RTF,RTF,small,3,no_markers,RTF,1
XL-Synthetic_12_P__xlsx_large__lsb3.png,extended_xl,XLSX,XLSX,large,3,full,XLSX,1
XL-Synthetic_12_P__xlsx_large__lsb3.png,extended_xl,XLSX,XLSX,large,3,no_deinterleaving,UNKNOWN,0
XL-Synthetic_12_P__xlsx_large__lsb3.png,extended_xl,XLSX,XLSX,large,3,no_buffer,ZIP,0
XL-Synthetic_12_P__xlsx_large__lsb3.png,extended_xl,XLSX,XLSX,large,3,no_markers,ZIP,0
XL-Synthetic_12_P__xlsx_medium__lsb2.png,extended_xl,XLSX,XLSX,medium,2,full,XLSX,1
XL-Synthetic_12_P__xlsx_medium__lsb2.png,extended_xl,XLSX,XLSX,medium,2,no_deinterleaving,UNKNOWN,0
XL-Synthetic_12_P__xlsx_medium__lsb2.png,extended_xl,XLSX,XLSX,medium,2,no_buffer,ZIP,0
XL-Synthetic_12_P__xlsx_medium__lsb2.png,extended_xl,XLSX,XLSX,medium,2,no_markers,ZIP,0
XL-Synthetic_12_P__xlsx_medium__lsb3.png,extended_xl,XLSX,XLSX,medium,3,full,XLSX,1
XL-Synthetic_12_P__xlsx_medium__lsb3.png,extended_xl,XLSX,XLSX,medium,3,no_deinterleaving,UNKNOWN,0
XL-Synthetic_12_P__xlsx_medium__lsb3.png,extended_xl,XLSX,XLSX,medium,3,no_buffer,ZIP,0
XL-Synthetic_12_P__xlsx_medium__lsb3.png,extended_xl,XLSX,XLSX,medium,3,no_markers,ZIP,0
XL-Synthetic_12_P__xlsx_small__lsb1.png,extended_xl,XLSX,XLSX,small,1,full,XLSX,1
XL-Synthetic_12_P__xlsx_small__lsb1.png,extended_xl,XLSX,XLSX,small,1,no_deinterleaving,XLSX,1
XL-Synthetic_12_P__xlsx_small__lsb1.png,extended_xl,XLSX,XLSX,small,1,no_buffer,ZIP,0
XL-Synthetic_12_P__xlsx_small__lsb1.png,extended_xl,XLSX,XLSX,small,1,no_markers,ZIP,0
XL-Synthetic_12_P__xlsx_small__lsb2.png,extended_xl,XLSX,XLSX,small,2,full,XLSX,1
XL-Synthetic_12_P__xlsx_small__lsb2.png,extended_xl,XLSX,XLSX,small,2,no_deinterleaving,UNKNOWN,0
XL-Synthetic_12_P__xlsx_small__lsb2.png,extended_xl,XLSX,XLSX,small,2,no_buffer,ZIP,0
XL-Synthetic_12_P__xlsx_small__lsb2.png,extended_xl,XLSX,XLSX,small,2,no_markers,ZIP,0
XL-Synthetic_12_P__xlsx_small__lsb3.png,extended_xl,XLSX,XLSX,small,3,full,XLSX,1
XL-Synthetic_12_P__xlsx_small__lsb3.png,extended_xl,XLSX,XLSX,small,3,no_deinterleaving,UNKNOWN,0
XL-Synthetic_12_P__xlsx_small__lsb3.png,extended_xl,XLSX,XLSX,small,3,no_buffer,ZIP,0
XL-Synthetic_12_P__xlsx_small__lsb3.png,extended_xl,XLSX,XLSX,small,3,no_markers,ZIP,0
XL-Synthetic_13_B__docx_large__lsb1.bmp,extended_xl,DOCX,DOCX,large,1,full,DOCX,1
XL-Synthetic_13_B__docx_large__lsb1.bmp,extended_xl,DOCX,DOCX,large,1,no_deinterleaving,DOCX,1
XL-Synthetic_13_B__docx_large__lsb1.bmp,extended_xl,DOCX,DOCX,large,1,no_buffer,ZIP,0
XL-Synthetic_13_B__docx_large__lsb1.bmp,extended_xl,DOCX,DOCX,large,1,no_markers,ZIP,0
XL-Synthetic_13_B__docx_large__lsb2.bmp,extended_xl,DOCX,DOCX,large,2,full,DOCX,1
XL-Synthetic_13_B__docx_large__lsb2.bmp,extended_xl,DOCX,DOCX,large,2,no_deinterleaving,UNKNOWN,0
XL-Synthetic_13_B__docx_large__lsb2.bmp,extended_xl,DOCX,DOCX,large,2,no_buffer,ZIP,0
XL-Synthetic_13_B__docx_large__lsb2.bmp,extended_xl,DOCX,DOCX,large,2,no_markers,ZIP,0
XL-Synthetic_13_B__docx_large__lsb3.bmp,extended_xl,DOCX,DOCX,large,3,full,DOCX,1
XL-Synthetic_13_B__docx_large__lsb3.bmp,extended_xl,DOCX,DOCX,large,3,no_deinterleaving,UNKNOWN,0
XL-Synthetic_13_B__docx_large__lsb3.bmp,extended_xl,DOCX,DOCX,large,3,no_buffer,ZIP,0
XL-Synthetic_13_B__docx_large__lsb3.bmp,extended_xl,DOCX,DOCX,large,3,no_markers,ZIP,0
XL-Synthetic_13_B__docx_medium__lsb1.bmp,extended_xl,DOCX,DOCX,medium,1,full,DOCX,1
XL-Synthetic_13_B__docx_medium__lsb1.bmp,extended_xl,DOCX,DOCX,medium,1,no_deinterleaving,DOCX,1
XL-Synthetic_13_B__docx_medium__lsb1.bmp,extended_xl,DOCX,DOCX,medium,1,no_buffer,ZIP,0
XL-Synthetic_13_B__docx_medium__lsb1.bmp,extended_xl,DOCX,DOCX,medium,1,no_markers,ZIP,0
XL-Synthetic_13_B__docx_medium__lsb2.bmp,extended_xl,DOCX,DOCX,medium,2,full,DOCX,1
XL-Synthetic_13_B__docx_medium__lsb2.bmp,extended_xl,DOCX,DOCX,medium,2,no_deinterleaving,UNKNOWN,0
XL-Synthetic_13_B__docx_medium__lsb2.bmp,extended_xl,DOCX,DOCX,medium,2,no_buffer,ZIP,0
XL-Synthetic_13_B__docx_medium__lsb2.bmp,extended_xl,DOCX,DOCX,medium,2,no_markers,ZIP,0
XL-Synthetic_13_B__docx_medium__lsb3.bmp,extended_xl,DOCX,DOCX,medium,3,full,DOCX,1
XL-Synthetic_13_B__docx_medium__lsb3.bmp,extended_xl,DOCX,DOCX,medium,3,no_deinterleaving,UNKNOWN,0
XL-Synthetic_13_B__docx_medium__lsb3.bmp,extended_xl,DOCX,DOCX,medium,3,no_buffer,ZIP,0
XL-Synthetic_13_B__docx_medium__lsb3.bmp,extended_xl,DOCX,DOCX,medium,3,no_markers,ZIP,0
XL-Synthetic_13_B__docx_small__lsb1.bmp,extended_xl,DOCX,DOCX,small,1,full,DOCX,1
XL-Synthetic_13_B__docx_small__lsb1.bmp,extended_xl,DOCX,DOCX,small,1,no_deinterleaving,DOCX,1
XL-Synthetic_13_B__docx_small__lsb1.bmp,extended_xl,DOCX,DOCX,small,1,no_buffer,ZIP,0
XL-Synthetic_13_B__docx_small__lsb1.bmp,extended_xl,DOCX,DOCX,small,1,no_markers,ZIP,0
XL-Synthetic_13_B__docx_small__lsb2.bmp,extended_xl,DOCX,DOCX,small,2,full,DOCX,1
XL-Synthetic_13_B__docx_small__lsb2.bmp,extended_xl,DOCX,DOCX,small,2,no_deinterleaving,UNKNOWN,0
XL-Synthetic_13_B__docx_small__lsb2.bmp,extended_xl,DOCX,DOCX,small,2,no_buffer,ZIP,0
XL-Synthetic_13_B__docx_small__lsb2.bmp,extended_xl,DOCX,DOCX,small,2,no_markers,ZIP,0
XL-Synthetic_13_B__docx_small__lsb3.bmp,extended_xl,DOCX,DOCX,small,3,full,DOCX,1
XL-Synthetic_13_B__docx_small__lsb3.bmp,extended_xl,DOCX,DOCX,small,3,no_deinterleaving,UNKNOWN,0
XL-Synthetic_13_B__docx_small__lsb3.bmp,extended_xl,DOCX,DOCX,small,3,no_buffer,ZIP,0
XL-Synthetic_13_B__docx_small__lsb3.bmp,extended_xl,DOCX,DOCX,small,3,no_markers,ZIP,0
XL-Synthetic_13_B__exe_large__lsb1.bmp,extended_xl,EXE,EXE,large,1,full,EXE,1
XL-Synthetic_13_B__exe_large__lsb1.bmp,extended_xl,EXE,EXE,large,1,no_deinterleaving,EXE,1
XL-Synthetic_13_B__exe_large__lsb1.bmp,extended_xl,EXE,EXE,large,1,no_buffer,EXE,1
XL-Synthetic_13_B__exe_large__lsb1.bmp,extended_xl,EXE,EXE,large,1,no_markers,EXE,1
XL-Synthetic_13_B__exe_large__lsb2.bmp,extended_xl,EXE,EXE,large,2,full,EXE,1
XL-Synthetic_13_B__exe_large__lsb2.bmp,extended_xl,EXE,EXE,large,2,no_deinterleaving,UNKNOWN,0
XL-Synthetic_13_B__exe_large__lsb2.bmp,extended_xl,EXE,EXE,large,2,no_buffer,EXE,1
XL-Synthetic_13_B__exe_large__lsb2.bmp,extended_xl,EXE,EXE,large,2,no_markers,EXE,1
XL-Synthetic_13_B__exe_large__lsb3.bmp,extended_xl,EXE,EXE,large,3,full,EXE,1
XL-Synthetic_13_B__exe_large__lsb3.bmp,extended_xl,EXE,EXE,large,3,no_deinterleaving,UNKNOWN,0
XL-Synthetic_13_B__exe_large__lsb3.bmp,extended_xl,EXE,EXE,large,3,no_buffer,EXE,1
XL-Synthetic_13_B__exe_large__lsb3.bmp,extended_xl,EXE,EXE,large,3,no_markers,EXE,1
XL-Synthetic_13_B__exe_medium__lsb1.bmp,extended_xl,EXE,EXE,medium,1,full,EXE,1
XL-Synthetic_13_B__exe_medium__lsb1.bmp,extended_xl,EXE,EXE,medium,1,no_deinterleaving,EXE,1
XL-Synthetic_13_B__exe_medium__lsb1.bmp,extended_xl,EXE,EXE,medium,1,no_buffer,EXE,1
XL-Synthetic_13_B__exe_medium__lsb1.bmp,extended_xl,EXE,EXE,medium,1,no_markers,EXE,1
XL-Synthetic_13_B__exe_medium__lsb2.bmp,extended_xl,EXE,EXE,medium,2,full,EXE,1
XL-Synthetic_13_B__exe_medium__lsb2.bmp,extended_xl,EXE,EXE,medium,2,no_deinterleaving,UNKNOWN,0
XL-Synthetic_13_B__exe_medium__lsb2.bmp,extended_xl,EXE,EXE,medium,2,no_buffer,EXE,1
XL-Synthetic_13_B__exe_medium__lsb2.bmp,extended_xl,EXE,EXE,medium,2,no_markers,EXE,1
XL-Synthetic_13_B__exe_medium__lsb3.bmp,extended_xl,EXE,EXE,medium,3,full,EXE,1
XL-Synthetic_13_B__exe_medium__lsb3.bmp,extended_xl,EXE,EXE,medium,3,no_deinterleaving,UNKNOWN,0
XL-Synthetic_13_B__exe_medium__lsb3.bmp,extended_xl,EXE,EXE,medium,3,no_buffer,EXE,1
XL-Synthetic_13_B__exe_medium__lsb3.bmp,extended_xl,EXE,EXE,medium,3,no_markers,EXE,1
XL-Synthetic_13_B__exe_small__lsb1.bmp,extended_xl,EXE,EXE,small,1,full,EXE,1
XL-Synthetic_13_B__exe_small__lsb1.bmp,extended_xl,EXE,EXE,small,1,no_deinterleaving,EXE,1
XL-Synthetic_13_B__exe_small__lsb1.bmp,extended_xl,EXE,EXE,small,1,no_buffer,EXE,1
XL-Synthetic_13_B__exe_small__lsb1.bmp,extended_xl,EXE,EXE,small,1,no_markers,EXE,1
XL-Synthetic_13_B__exe_small__lsb2.bmp,extended_xl,EXE,EXE,small,2,full,EXE,1
XL-Synthetic_13_B__exe_small__lsb2.bmp,extended_xl,EXE,EXE,small,2,no_deinterleaving,UNKNOWN,0
XL-Synthetic_13_B__exe_small__lsb2.bmp,extended_xl,EXE,EXE,small,2,no_buffer,EXE,1
XL-Synthetic_13_B__exe_small__lsb2.bmp,extended_xl,EXE,EXE,small,2,no_markers,EXE,1
XL-Synthetic_13_B__exe_small__lsb3.bmp,extended_xl,EXE,EXE,small,3,full,EXE,1
XL-Synthetic_13_B__exe_small__lsb3.bmp,extended_xl,EXE,EXE,small,3,no_deinterleaving,UNKNOWN,0
XL-Synthetic_13_B__exe_small__lsb3.bmp,extended_xl,EXE,EXE,small,3,no_buffer,EXE,1
XL-Synthetic_13_B__exe_small__lsb3.bmp,extended_xl,EXE,EXE,small,3,no_markers,EXE,1
XL-Synthetic_13_B__pdf_large__lsb1.bmp,extended_xl,PDF,PDF,large,1,full,PDF,1
XL-Synthetic_13_B__pdf_large__lsb1.bmp,extended_xl,PDF,PDF,large,1,no_deinterleaving,PDF,1
XL-Synthetic_13_B__pdf_large__lsb1.bmp,extended_xl,PDF,PDF,large,1,no_buffer,PDF,1
XL-Synthetic_13_B__pdf_large__lsb1.bmp,extended_xl,PDF,PDF,large,1,no_markers,PDF,1
XL-Synthetic_13_B__pdf_large__lsb2.bmp,extended_xl,PDF,PDF,large,2,full,PDF,1
XL-Synthetic_13_B__pdf_large__lsb2.bmp,extended_xl,PDF,PDF,large,2,no_deinterleaving,UNKNOWN,0
XL-Synthetic_13_B__pdf_large__lsb2.bmp,extended_xl,PDF,PDF,large,2,no_buffer,PDF,1
XL-Synthetic_13_B__pdf_large__lsb2.bmp,extended_xl,PDF,PDF,large,2,no_markers,PDF,1
XL-Synthetic_13_B__pdf_large__lsb3.bmp,extended_xl,PDF,PDF,large,3,full,PDF,1
XL-Synthetic_13_B__pdf_large__lsb3.bmp,extended_xl,PDF,PDF,large,3,no_deinterleaving,UNKNOWN,0
XL-Synthetic_13_B__pdf_large__lsb3.bmp,extended_xl,PDF,PDF,large,3,no_buffer,PDF,1
XL-Synthetic_13_B__pdf_large__lsb3.bmp,extended_xl,PDF,PDF,large,3,no_markers,PDF,1
XL-Synthetic_13_B__pdf_medium__lsb1.bmp,extended_xl,PDF,PDF,medium,1,full,PDF,1
XL-Synthetic_13_B__pdf_medium__lsb1.bmp,extended_xl,PDF,PDF,medium,1,no_deinterleaving,PDF,1
XL-Synthetic_13_B__pdf_medium__lsb1.bmp,extended_xl,PDF,PDF,medium,1,no_buffer,PDF,1
XL-Synthetic_13_B__pdf_medium__lsb1.bmp,extended_xl,PDF,PDF,medium,1,no_markers,PDF,1
XL-Synthetic_13_B__pdf_medium__lsb2.bmp,extended_xl,PDF,PDF,medium,2,full,PDF,1
XL-Synthetic_13_B__pdf_medium__lsb2.bmp,extended_xl,PDF,PDF,medium,2,no_deinterleaving,UNKNOWN,0
XL-Synthetic_13_B__pdf_medium__lsb2.bmp,extended_xl,PDF,PDF,medium,2,no_buffer,PDF,1
XL-Synthetic_13_B__pdf_medium__lsb2.bmp,extended_xl,PDF,PDF,medium,2,no_markers,PDF,1
XL-Synthetic_13_B__pdf_medium__lsb3.bmp,extended_xl,PDF,PDF,medium,3,full,PDF,1
XL-Synthetic_13_B__pdf_medium__lsb3.bmp,extended_xl,PDF,PDF,medium,3,no_deinterleaving,UNKNOWN,0
XL-Synthetic_13_B__pdf_medium__lsb3.bmp,extended_xl,PDF,PDF,medium,3,no_buffer,PDF,1
XL-Synthetic_13_B__pdf_medium__lsb3.bmp,extended_xl,PDF,PDF,medium,3,no_markers,PDF,1
XL-Synthetic_13_B__pdf_small__lsb1.bmp,extended_xl,PDF,PDF,small,1,full,PDF,1
XL-Synthetic_13_B__pdf_small__lsb1.bmp,extended_xl,PDF,PDF,small,1,no_deinterleaving,PDF,1
XL-Synthetic_13_B__pdf_small__lsb1.bmp,extended_xl,PDF,PDF,small,1,no_buffer,PDF,1
XL-Synthetic_13_B__pdf_small__lsb1.bmp,extended_xl,PDF,PDF,small,1,no_markers,PDF,1
XL-Synthetic_13_B__pdf_small__lsb2.bmp,extended_xl,PDF,PDF,small,2,full,PDF,1
XL-Synthetic_13_B__pdf_small__lsb2.bmp,extended_xl,PDF,PDF,small,2,no_deinterleaving,UNKNOWN,0
XL-Synthetic_13_B__pdf_small__lsb2.bmp,extended_xl,PDF,PDF,small,2,no_buffer,PDF,1
XL-Synthetic_13_B__pdf_small__lsb2.bmp,extended_xl,PDF,PDF,small,2,no_markers,PDF,1
XL-Synthetic_13_B__pdf_small__lsb3.bmp,extended_xl,PDF,PDF,small,3,full,PDF,1
XL-Synthetic_13_B__pdf_small__lsb3.bmp,extended_xl,PDF,PDF,small,3,no_deinterleaving,UNKNOWN,0
XL-Synthetic_13_B__pdf_small__lsb3.bmp,extended_xl,PDF,PDF,small,3,no_buffer,PDF,1
XL-Synthetic_13_B__pdf_small__lsb3.bmp,extended_xl,PDF,PDF,small,3,no_markers,PDF,1
XL-Synthetic_13_B__pptx_large__lsb1.bmp,extended_xl,PPTX,PPTX,large,1,full,PPTX,1
XL-Synthetic_13_B__pptx_large__lsb1.bmp,extended_xl,PPTX,PPTX,large,1,no_deinterleaving,PPTX,1
XL-Synthetic_13_B__pptx_large__lsb1.bmp,extended_xl,PPTX,PPTX,large,1,no_buffer,ZIP,0
XL-Synthetic_13_B__pptx_large__lsb1.bmp,extended_xl,PPTX,PPTX,large,1,no_markers,ZIP,0
XL-Synthetic_13_B__pptx_large__lsb2.bmp,extended_xl,PPTX,PPTX,large,2,full,PPTX,1
XL-Synthetic_13_B__pptx_large__lsb2.bmp,extended_xl,PPTX,PPTX,large,2,no_deinterleaving,UNKNOWN,0
XL-Synthetic_13_B__pptx_large__lsb2.bmp,extended_xl,PPTX,PPTX,large,2,no_buffer,ZIP,0
XL-Synthetic_13_B__pptx_large__lsb2.bmp,extended_xl,PPTX,PPTX,large,2,no_markers,ZIP,0
XL-Synthetic_13_B__pptx_large__lsb3.bmp,extended_xl,PPTX,PPTX,large,3,full,PPTX,1
XL-Synthetic_13_B__pptx_large__lsb3.bmp,extended_xl,PPTX,PPTX,large,3,no_deinterleaving,UNKNOWN,0
XL-Synthetic_13_B__pptx_large__lsb3.bmp,extended_xl,PPTX,PPTX,large,3,no_buffer,ZIP,0
XL-Synthetic_13_B__pptx_large__lsb3.bmp,extended_xl,PPTX,PPTX,large,3,no_markers,ZIP,0
XL-Synthetic_13_B__pptx_medium__lsb1.bmp,extended_xl,PPTX,PPTX,medium,1,full,PPTX,1
XL-Synthetic_13_B__pptx_medium__lsb1.bmp,extended_xl,PPTX,PPTX,medium,1,no_deinterleaving,PPTX,1
XL-Synthetic_13_B__pptx_medium__lsb1.bmp,extended_xl,PPTX,PPTX,medium,1,no_buffer,ZIP,0
XL-Synthetic_13_B__pptx_medium__lsb1.bmp,extended_xl,PPTX,PPTX,medium,1,no_markers,ZIP,0
XL-Synthetic_13_B__pptx_medium__lsb2.bmp,extended_xl,PPTX,PPTX,medium,2,full,PPTX,1
XL-Synthetic_13_B__pptx_medium__lsb2.bmp,extended_xl,PPTX,PPTX,medium,2,no_deinterleaving,UNKNOWN,0
XL-Synthetic_13_B__pptx_medium__lsb2.bmp,extended_xl,PPTX,PPTX,medium,2,no_buffer,ZIP,0
XL-Synthetic_13_B__pptx_medium__lsb2.bmp,extended_xl,PPTX,PPTX,medium,2,no_markers,ZIP,0
XL-Synthetic_13_B__pptx_medium__lsb3.bmp,extended_xl,PPTX,PPTX,medium,3,full,PPTX,1
XL-Synthetic_13_B__pptx_medium__lsb3.bmp,extended_xl,PPTX,PPTX,medium,3,no_deinterleaving,UNKNOWN,0
XL-Synthetic_13_B__pptx_medium__lsb3.bmp,extended_xl,PPTX,PPTX,medium,3,no_buffer,ZIP,0
XL-Synthetic_13_B__pptx_medium__lsb3.bmp,extended_xl,PPTX,PPTX,medium,3,no_markers,ZIP,0
XL-Synthetic_13_B__pptx_small__lsb1.bmp,extended_xl,PPTX,PPTX,small,1,full,PPTX,1
XL-Synthetic_13_B__pptx_small__lsb1.bmp,extended_xl,PPTX,PPTX,small,1,no_deinterleaving,PPTX,1
XL-Synthetic_13_B__pptx_small__lsb1.bmp,extended_xl,PPTX,PPTX,small,1,no_buffer,ZIP,0
XL-Synthetic_13_B__pptx_small__lsb1.bmp,extended_xl,PPTX,PPTX,small,1,no_markers,ZIP,0
XL-Synthetic_13_B__pptx_small__lsb2.bmp,extended_xl,PPTX,PPTX,small,2,full,PPTX,1
XL-Synthetic_13_B__pptx_small__lsb2.bmp,extended_xl,PPTX,PPTX,small,2,no_deinterleaving,UNKNOWN,0
XL-Synthetic_13_B__pptx_small__lsb2.bmp,extended_xl,PPTX,PPTX,small,2,no_buffer,ZIP,0
XL-Synthetic_13_B__pptx_small__lsb2.bmp,extended_xl,PPTX,PPTX,small,2,no_markers,ZIP,0
XL-Synthetic_13_B__pptx_small__lsb3.bmp,extended_xl,PPTX,PPTX,small,3,full,PPTX,1
XL-Synthetic_13_B__pptx_small__lsb3.bmp,extended_xl,PPTX,PPTX,small,3,no_deinterleaving,UNKNOWN,0
XL-Synthetic_13_B__pptx_small__lsb3.bmp,extended_xl,PPTX,PPTX,small,3,no_buffer,ZIP,0
XL-Synthetic_13_B__pptx_small__lsb3.bmp,extended_xl,PPTX,PPTX,small,3,no_markers,ZIP,0
XL-Synthetic_13_B__rtf_large__lsb1.bmp,extended_xl,RTF,RTF,large,1,full,RTF,1
XL-Synthetic_13_B__rtf_large__lsb1.bmp,extended_xl,RTF,RTF,large,1,no_deinterleaving,RTF,1
XL-Synthetic_13_B__rtf_large__lsb1.bmp,extended_xl,RTF,RTF,large,1,no_buffer,RTF,1
XL-Synthetic_13_B__rtf_large__lsb1.bmp,extended_xl,RTF,RTF,large,1,no_markers,RTF,1
XL-Synthetic_13_B__rtf_large__lsb2.bmp,extended_xl,RTF,RTF,large,2,full,RTF,1
XL-Synthetic_13_B__rtf_large__lsb2.bmp,extended_xl,RTF,RTF,large,2,no_deinterleaving,UNKNOWN,0
XL-Synthetic_13_B__rtf_large__lsb2.bmp,extended_xl,RTF,RTF,large,2,no_buffer,RTF,1
XL-Synthetic_13_B__rtf_large__lsb2.bmp,extended_xl,RTF,RTF,large,2,no_markers,RTF,1
XL-Synthetic_13_B__rtf_large__lsb3.bmp,extended_xl,RTF,RTF,large,3,full,RTF,1
XL-Synthetic_13_B__rtf_large__lsb3.bmp,extended_xl,RTF,RTF,large,3,no_deinterleaving,UNKNOWN,0
XL-Synthetic_13_B__rtf_large__lsb3.bmp,extended_xl,RTF,RTF,large,3,no_buffer,RTF,1
XL-Synthetic_13_B__rtf_large__lsb3.bmp,extended_xl,RTF,RTF,large,3,no_markers,RTF,1
XL-Synthetic_13_B__rtf_medium__lsb1.bmp,extended_xl,RTF,RTF,medium,1,full,RTF,1
XL-Synthetic_13_B__rtf_medium__lsb1.bmp,extended_xl,RTF,RTF,medium,1,no_deinterleaving,RTF,1
XL-Synthetic_13_B__rtf_medium__lsb1.bmp,extended_xl,RTF,RTF,medium,1,no_buffer,RTF,1
XL-Synthetic_13_B__rtf_medium__lsb1.bmp,extended_xl,RTF,RTF,medium,1,no_markers,RTF,1
XL-Synthetic_13_B__rtf_medium__lsb2.bmp,extended_xl,RTF,RTF,medium,2,full,RTF,1
XL-Synthetic_13_B__rtf_medium__lsb2.bmp,extended_xl,RTF,RTF,medium,2,no_deinterleaving,UNKNOWN,0
XL-Synthetic_13_B__rtf_medium__lsb2.bmp,extended_xl,RTF,RTF,medium,2,no_buffer,RTF,1
XL-Synthetic_13_B__rtf_medium__lsb2.bmp,extended_xl,RTF,RTF,medium,2,no_markers,RTF,1
XL-Synthetic_13_B__rtf_medium__lsb3.bmp,extended_xl,RTF,RTF,medium,3,full,RTF,1
XL-Synthetic_13_B__rtf_medium__lsb3.bmp,extended_xl,RTF,RTF,medium,3,no_deinterleaving,UNKNOWN,0
XL-Synthetic_13_B__rtf_medium__lsb3.bmp,extended_xl,RTF,RTF,medium,3,no_buffer,RTF,1
XL-Synthetic_13_B__rtf_medium__lsb3.bmp,extended_xl,RTF,RTF,medium,3,no_markers,RTF,1
XL-Synthetic_13_B__rtf_small__lsb1.bmp,extended_xl,RTF,RTF,small,1,full,RTF,1
XL-Synthetic_13_B__rtf_small__lsb1.bmp,extended_xl,RTF,RTF,small,1,no_deinterleaving,RTF,1
XL-Synthetic_13_B__rtf_small__lsb1.bmp,extended_xl,RTF,RTF,small,1,no_buffer,RTF,1
XL-Synthetic_13_B__rtf_small__lsb1.bmp,extended_xl,RTF,RTF,small,1,no_markers,RTF,1
XL-Synthetic_13_B__rtf_small__lsb2.bmp,extended_xl,RTF,RTF,small,2,full,RTF,1
XL-Synthetic_13_B__rtf_small__lsb2.bmp,extended_xl,RTF,RTF,small,2,no_deinterleaving,UNKNOWN,0
XL-Synthetic_13_B__rtf_small__lsb2.bmp,extended_xl,RTF,RTF,small,2,no_buffer,RTF,1
XL-Synthetic_13_B__rtf_small__lsb2.bmp,extended_xl,RTF,RTF,small,2,no_markers,RTF,1
XL-Synthetic_13_B__rtf_small__lsb3.bmp,extended_xl,RTF,RTF,small,3,full,RTF,1
XL-Synthetic_13_B__rtf_small__lsb3.bmp,extended_xl,RTF,RTF,small,3,no_deinterleaving,UNKNOWN,0
XL-Synthetic_13_B__rtf_small__lsb3.bmp,extended_xl,RTF,RTF,small,3,no_buffer,RTF,1
XL-Synthetic_13_B__rtf_small__lsb3.bmp,extended_xl,RTF,RTF,small,3,no_markers,RTF,1
XL-Synthetic_13_B__xlsx_large__lsb1.bmp,extended_xl,XLSX,XLSX,large,1,full,XLSX,1
XL-Synthetic_13_B__xlsx_large__lsb1.bmp,extended_xl,XLSX,XLSX,large,1,no_deinterleaving,XLSX,1
XL-Synthetic_13_B__xlsx_large__lsb1.bmp,extended_xl,XLSX,XLSX,large,1,no_buffer,ZIP,0
XL-Synthetic_13_B__xlsx_large__lsb1.bmp,extended_xl,XLSX,XLSX,large,1,no_markers,ZIP,0
XL-Synthetic_13_B__xlsx_large__lsb2.bmp,extended_xl,XLSX,XLSX,large,2,full,XLSX,1
XL-Synthetic_13_B__xlsx_large__lsb2.bmp,extended_xl,XLSX,XLSX,large,2,no_deinterleaving,UNKNOWN,0
XL-Synthetic_13_B__xlsx_large__lsb2.bmp,extended_xl,XLSX,XLSX,large,2,no_buffer,ZIP,0
XL-Synthetic_13_B__xlsx_large__lsb2.bmp,extended_xl,XLSX,XLSX,large,2,no_markers,ZIP,0
XL-Synthetic_13_B__xlsx_large__lsb3.bmp,extended_xl,XLSX,XLSX,large,3,full,XLSX,1
XL-Synthetic_13_B__xlsx_large__lsb3.bmp,extended_xl,XLSX,XLSX,large,3,no_deinterleaving,UNKNOWN,0
XL-Synthetic_13_B__xlsx_large__lsb3.bmp,extended_xl,XLSX,XLSX,large,3,no_buffer,ZIP,0
XL-Synthetic_13_B__xlsx_large__lsb3.bmp,extended_xl,XLSX,XLSX,large,3,no_markers,ZIP,0
XL-Synthetic_13_B__xlsx_medium__lsb1.bmp,extended_xl,XLSX,XLSX,medium,1,full,XLSX,1
XL-Synthetic_13_B__xlsx_medium__lsb1.bmp,extended_xl,XLSX,XLSX,medium,1,no_deinterleaving,XLSX,1
XL-Synthetic_13_B__xlsx_medium__lsb1.bmp,extended_xl,XLSX,XLSX,medium,1,no_buffer,ZIP,0
XL-Synthetic_13_B__xlsx_medium__lsb1.bmp,extended_xl,XLSX,XLSX,medium,1,no_markers,ZIP,0
XL-Synthetic_13_B__xlsx_medium__lsb2.bmp,extended_xl,XLSX,XLSX,medium,2,full,XLSX,1
XL-Synthetic_13_B__xlsx_medium__lsb2.bmp,extended_xl,XLSX,XLSX,medium,2,no_deinterleaving,UNKNOWN,0
XL-Synthetic_13_B__xlsx_medium__lsb2.bmp,extended_xl,XLSX,XLSX,medium,2,no_buffer,ZIP,0
XL-Synthetic_13_B__xlsx_medium__lsb2.bmp,extended_xl,XLSX,XLSX,medium,2,no_markers,ZIP,0
XL-Synthetic_13_B__xlsx_medium__lsb3.bmp,extended_xl,XLSX,XLSX,medium,3,full,XLSX,1
XL-Synthetic_13_B__xlsx_medium__lsb3.bmp,extended_xl,XLSX,XLSX,medium,3,no_deinterleaving,UNKNOWN,0
XL-Synthetic_13_B__xlsx_medium__lsb3.bmp,extended_xl,XLSX,XLSX,medium,3,no_buffer,ZIP,0
XL-Synthetic_13_B__xlsx_medium__lsb3.bmp,extended_xl,XLSX,XLSX,medium,3,no_markers,ZIP,0
XL-Synthetic_13_B__xlsx_small__lsb1.bmp,extended_xl,XLSX,XLSX,small,1,full,XLSX,1
XL-Synthetic_13_B__xlsx_small__lsb1.bmp,extended_xl,XLSX,XLSX,small,1,no_deinterleaving,XLSX,1
XL-Synthetic_13_B__xlsx_small__lsb1.bmp,extended_xl,XLSX,XLSX,small,1,no_buffer,ZIP,0
XL-Synthetic_13_B__xlsx_small__lsb1.bmp,extended_xl,XLSX,XLSX,small,1,no_markers,ZIP,0
XL-Synthetic_13_B__xlsx_small__lsb2.bmp,extended_xl,XLSX,XLSX,small,2,full,XLSX,1
XL-Synthetic_13_B__xlsx_small__lsb2.bmp,extended_xl,XLSX,XLSX,small,2,no_deinterleaving,UNKNOWN,0
XL-Synthetic_13_B__xlsx_small__lsb2.bmp,extended_xl,XLSX,XLSX,small,2,no_buffer,ZIP,0
XL-Synthetic_13_B__xlsx_small__lsb2.bmp,extended_xl,XLSX,XLSX,small,2,no_markers,ZIP,0
XL-Synthetic_13_B__xlsx_small__lsb3.bmp,extended_xl,XLSX,XLSX,small,3,full,XLSX,1
XL-Synthetic_13_B__xlsx_small__lsb3.bmp,extended_xl,XLSX,XLSX,small,3,no_deinterleaving,UNKNOWN,0
XL-Synthetic_13_B__xlsx_small__lsb3.bmp,extended_xl,XLSX,XLSX,small,3,no_buffer,ZIP,0
XL-Synthetic_13_B__xlsx_small__lsb3.bmp,extended_xl,XLSX,XLSX,small,3,no_markers,ZIP,0
XL-Synthetic_13_P__docx_large__lsb3.png,extended_xl,DOCX,DOCX,large,3,full,DOCX,1
XL-Synthetic_13_P__docx_large__lsb3.png,extended_xl,DOCX,DOCX,large,3,no_deinterleaving,UNKNOWN,0
XL-Synthetic_13_P__docx_large__lsb3.png,extended_xl,DOCX,DOCX,large,3,no_buffer,ZIP,0
XL-Synthetic_13_P__docx_large__lsb3.png,extended_xl,DOCX,DOCX,large,3,no_markers,ZIP,0
XL-Synthetic_13_P__docx_medium__lsb2.png,extended_xl,DOCX,DOCX,medium,2,full,DOCX,1
XL-Synthetic_13_P__docx_medium__lsb2.png,extended_xl,DOCX,DOCX,medium,2,no_deinterleaving,UNKNOWN,0
XL-Synthetic_13_P__docx_medium__lsb2.png,extended_xl,DOCX,DOCX,medium,2,no_buffer,ZIP,0
XL-Synthetic_13_P__docx_medium__lsb2.png,extended_xl,DOCX,DOCX,medium,2,no_markers,ZIP,0
XL-Synthetic_13_P__docx_medium__lsb3.png,extended_xl,DOCX,DOCX,medium,3,full,DOCX,1
XL-Synthetic_13_P__docx_medium__lsb3.png,extended_xl,DOCX,DOCX,medium,3,no_deinterleaving,UNKNOWN,0
XL-Synthetic_13_P__docx_medium__lsb3.png,extended_xl,DOCX,DOCX,medium,3,no_buffer,ZIP,0
XL-Synthetic_13_P__docx_medium__lsb3.png,extended_xl,DOCX,DOCX,medium,3,no_markers,ZIP,0
XL-Synthetic_13_P__docx_small__lsb1.png,extended_xl,DOCX,DOCX,small,1,full,DOCX,1
XL-Synthetic_13_P__docx_small__lsb1.png,extended_xl,DOCX,DOCX,small,1,no_deinterleaving,DOCX,1
XL-Synthetic_13_P__docx_small__lsb1.png,extended_xl,DOCX,DOCX,small,1,no_buffer,ZIP,0
XL-Synthetic_13_P__docx_small__lsb1.png,extended_xl,DOCX,DOCX,small,1,no_markers,ZIP,0
XL-Synthetic_13_P__docx_small__lsb2.png,extended_xl,DOCX,DOCX,small,2,full,DOCX,1
XL-Synthetic_13_P__docx_small__lsb2.png,extended_xl,DOCX,DOCX,small,2,no_deinterleaving,UNKNOWN,0
XL-Synthetic_13_P__docx_small__lsb2.png,extended_xl,DOCX,DOCX,small,2,no_buffer,ZIP,0
XL-Synthetic_13_P__docx_small__lsb2.png,extended_xl,DOCX,DOCX,small,2,no_markers,ZIP,0
XL-Synthetic_13_P__docx_small__lsb3.png,extended_xl,DOCX,DOCX,small,3,full,DOCX,1
XL-Synthetic_13_P__docx_small__lsb3.png,extended_xl,DOCX,DOCX,small,3,no_deinterleaving,UNKNOWN,0
XL-Synthetic_13_P__docx_small__lsb3.png,extended_xl,DOCX,DOCX,small,3,no_buffer,ZIP,0
XL-Synthetic_13_P__docx_small__lsb3.png,extended_xl,DOCX,DOCX,small,3,no_markers,ZIP,0
XL-Synthetic_13_P__exe_large__lsb3.png,extended_xl,EXE,EXE,large,3,full,EXE,1
XL-Synthetic_13_P__exe_large__lsb3.png,extended_xl,EXE,EXE,large,3,no_deinterleaving,UNKNOWN,0
XL-Synthetic_13_P__exe_large__lsb3.png,extended_xl,EXE,EXE,large,3,no_buffer,EXE,1
XL-Synthetic_13_P__exe_large__lsb3.png,extended_xl,EXE,EXE,large,3,no_markers,EXE,1
XL-Synthetic_13_P__exe_medium__lsb2.png,extended_xl,EXE,EXE,medium,2,full,EXE,1
XL-Synthetic_13_P__exe_medium__lsb2.png,extended_xl,EXE,EXE,medium,2,no_deinterleaving,UNKNOWN,0
XL-Synthetic_13_P__exe_medium__lsb2.png,extended_xl,EXE,EXE,medium,2,no_buffer,EXE,1
XL-Synthetic_13_P__exe_medium__lsb2.png,extended_xl,EXE,EXE,medium,2,no_markers,EXE,1
XL-Synthetic_13_P__exe_medium__lsb3.png,extended_xl,EXE,EXE,medium,3,full,EXE,1
XL-Synthetic_13_P__exe_medium__lsb3.png,extended_xl,EXE,EXE,medium,3,no_deinterleaving,UNKNOWN,0
XL-Synthetic_13_P__exe_medium__lsb3.png,extended_xl,EXE,EXE,medium,3,no_buffer,EXE,1
XL-Synthetic_13_P__exe_medium__lsb3.png,extended_xl,EXE,EXE,medium,3,no_markers,EXE,1
XL-Synthetic_13_P__exe_small__lsb1.png,extended_xl,EXE,EXE,small,1,full,EXE,1
XL-Synthetic_13_P__exe_small__lsb1.png,extended_xl,EXE,EXE,small,1,no_deinterleaving,EXE,1
XL-Synthetic_13_P__exe_small__lsb1.png,extended_xl,EXE,EXE,small,1,no_buffer,EXE,1
XL-Synthetic_13_P__exe_small__lsb1.png,extended_xl,EXE,EXE,small,1,no_markers,EXE,1
XL-Synthetic_13_P__exe_small__lsb2.png,extended_xl,EXE,EXE,small,2,full,EXE,1
XL-Synthetic_13_P__exe_small__lsb2.png,extended_xl,EXE,EXE,small,2,no_deinterleaving,UNKNOWN,0
XL-Synthetic_13_P__exe_small__lsb2.png,extended_xl,EXE,EXE,small,2,no_buffer,EXE,1
XL-Synthetic_13_P__exe_small__lsb2.png,extended_xl,EXE,EXE,small,2,no_markers,EXE,1
XL-Synthetic_13_P__exe_small__lsb3.png,extended_xl,EXE,EXE,small,3,full,EXE,1
XL-Synthetic_13_P__exe_small__lsb3.png,extended_xl,EXE,EXE,small,3,no_deinterleaving,UNKNOWN,0
XL-Synthetic_13_P__exe_small__lsb3.png,extended_xl,EXE,EXE,small,3,no_buffer,EXE,1
XL-Synthetic_13_P__exe_small__lsb3.png,extended_xl,EXE,EXE,small,3,no_markers,EXE,1
XL-Synthetic_13_P__pdf_large__lsb3.png,extended_xl,PDF,PDF,large,3,full,PDF,1
XL-Synthetic_13_P__pdf_large__lsb3.png,extended_xl,PDF,PDF,large,3,no_deinterleaving,UNKNOWN,0
XL-Synthetic_13_P__pdf_large__lsb3.png,extended_xl,PDF,PDF,large,3,no_buffer,PDF,1
XL-Synthetic_13_P__pdf_large__lsb3.png,extended_xl,PDF,PDF,large,3,no_markers,PDF,1
XL-Synthetic_13_P__pdf_medium__lsb2.png,extended_xl,PDF,PDF,medium,2,full,PDF,1
XL-Synthetic_13_P__pdf_medium__lsb2.png,extended_xl,PDF,PDF,medium,2,no_deinterleaving,UNKNOWN,0
XL-Synthetic_13_P__pdf_medium__lsb2.png,extended_xl,PDF,PDF,medium,2,no_buffer,PDF,1
XL-Synthetic_13_P__pdf_medium__lsb2.png,extended_xl,PDF,PDF,medium,2,no_markers,PDF,1
XL-Synthetic_13_P__pdf_medium__lsb3.png,extended_xl,PDF,PDF,medium,3,full,PDF,1
XL-Synthetic_13_P__pdf_medium__lsb3.png,extended_xl,PDF,PDF,medium,3,no_deinterleaving,UNKNOWN,0
XL-Synthetic_13_P__pdf_medium__lsb3.png,extended_xl,PDF,PDF,medium,3,no_buffer,PDF,1
XL-Synthetic_13_P__pdf_medium__lsb3.png,extended_xl,PDF,PDF,medium,3,no_markers,PDF,1
XL-Synthetic_13_P__pdf_small__lsb1.png,extended_xl,PDF,PDF,small,1,full,PDF,1
XL-Synthetic_13_P__pdf_small__lsb1.png,extended_xl,PDF,PDF,small,1,no_deinterleaving,PDF,1
XL-Synthetic_13_P__pdf_small__lsb1.png,extended_xl,PDF,PDF,small,1,no_buffer,PDF,1
XL-Synthetic_13_P__pdf_small__lsb1.png,extended_xl,PDF,PDF,small,1,no_markers,PDF,1
XL-Synthetic_13_P__pdf_small__lsb2.png,extended_xl,PDF,PDF,small,2,full,PDF,1
XL-Synthetic_13_P__pdf_small__lsb2.png,extended_xl,PDF,PDF,small,2,no_deinterleaving,UNKNOWN,0
XL-Synthetic_13_P__pdf_small__lsb2.png,extended_xl,PDF,PDF,small,2,no_buffer,PDF,1
XL-Synthetic_13_P__pdf_small__lsb2.png,extended_xl,PDF,PDF,small,2,no_markers,PDF,1
XL-Synthetic_13_P__pdf_small__lsb3.png,extended_xl,PDF,PDF,small,3,full,PDF,1
XL-Synthetic_13_P__pdf_small__lsb3.png,extended_xl,PDF,PDF,small,3,no_deinterleaving,UNKNOWN,0
XL-Synthetic_13_P__pdf_small__lsb3.png,extended_xl,PDF,PDF,small,3,no_buffer,PDF,1
XL-Synthetic_13_P__pdf_small__lsb3.png,extended_xl,PDF,PDF,small,3,no_markers,PDF,1
XL-Synthetic_13_P__pptx_large__lsb3.png,extended_xl,PPTX,PPTX,large,3,full,PPTX,1
XL-Synthetic_13_P__pptx_large__lsb3.png,extended_xl,PPTX,PPTX,large,3,no_deinterleaving,UNKNOWN,0
XL-Synthetic_13_P__pptx_large__lsb3.png,extended_xl,PPTX,PPTX,large,3,no_buffer,ZIP,0
XL-Synthetic_13_P__pptx_large__lsb3.png,extended_xl,PPTX,PPTX,large,3,no_markers,ZIP,0
XL-Synthetic_13_P__pptx_medium__lsb2.png,extended_xl,PPTX,PPTX,medium,2,full,PPTX,1
XL-Synthetic_13_P__pptx_medium__lsb2.png,extended_xl,PPTX,PPTX,medium,2,no_deinterleaving,UNKNOWN,0
XL-Synthetic_13_P__pptx_medium__lsb2.png,extended_xl,PPTX,PPTX,medium,2,no_buffer,ZIP,0
XL-Synthetic_13_P__pptx_medium__lsb2.png,extended_xl,PPTX,PPTX,medium,2,no_markers,ZIP,0
XL-Synthetic_13_P__pptx_medium__lsb3.png,extended_xl,PPTX,PPTX,medium,3,full,PPTX,1
XL-Synthetic_13_P__pptx_medium__lsb3.png,extended_xl,PPTX,PPTX,medium,3,no_deinterleaving,UNKNOWN,0
XL-Synthetic_13_P__pptx_medium__lsb3.png,extended_xl,PPTX,PPTX,medium,3,no_buffer,ZIP,0
XL-Synthetic_13_P__pptx_medium__lsb3.png,extended_xl,PPTX,PPTX,medium,3,no_markers,ZIP,0
XL-Synthetic_13_P__pptx_small__lsb1.png,extended_xl,PPTX,PPTX,small,1,full,PPTX,1
XL-Synthetic_13_P__pptx_small__lsb1.png,extended_xl,PPTX,PPTX,small,1,no_deinterleaving,PPTX,1
XL-Synthetic_13_P__pptx_small__lsb1.png,extended_xl,PPTX,PPTX,small,1,no_buffer,ZIP,0
XL-Synthetic_13_P__pptx_small__lsb1.png,extended_xl,PPTX,PPTX,small,1,no_markers,ZIP,0
XL-Synthetic_13_P__pptx_small__lsb2.png,extended_xl,PPTX,PPTX,small,2,full,PPTX,1
XL-Synthetic_13_P__pptx_small__lsb2.png,extended_xl,PPTX,PPTX,small,2,no_deinterleaving,UNKNOWN,0
XL-Synthetic_13_P__pptx_small__lsb2.png,extended_xl,PPTX,PPTX,small,2,no_buffer,ZIP,0
XL-Synthetic_13_P__pptx_small__lsb2.png,extended_xl,PPTX,PPTX,small,2,no_markers,ZIP,0
XL-Synthetic_13_P__pptx_small__lsb3.png,extended_xl,PPTX,PPTX,small,3,full,PPTX,1
XL-Synthetic_13_P__pptx_small__lsb3.png,extended_xl,PPTX,PPTX,small,3,no_deinterleaving,UNKNOWN,0
XL-Synthetic_13_P__pptx_small__lsb3.png,extended_xl,PPTX,PPTX,small,3,no_buffer,ZIP,0
XL-Synthetic_13_P__pptx_small__lsb3.png,extended_xl,PPTX,PPTX,small,3,no_markers,ZIP,0
XL-Synthetic_13_P__rtf_large__lsb3.png,extended_xl,RTF,RTF,large,3,full,RTF,1
XL-Synthetic_13_P__rtf_large__lsb3.png,extended_xl,RTF,RTF,large,3,no_deinterleaving,UNKNOWN,0
XL-Synthetic_13_P__rtf_large__lsb3.png,extended_xl,RTF,RTF,large,3,no_buffer,RTF,1
XL-Synthetic_13_P__rtf_large__lsb3.png,extended_xl,RTF,RTF,large,3,no_markers,RTF,1
XL-Synthetic_13_P__rtf_medium__lsb2.png,extended_xl,RTF,RTF,medium,2,full,RTF,1
XL-Synthetic_13_P__rtf_medium__lsb2.png,extended_xl,RTF,RTF,medium,2,no_deinterleaving,UNKNOWN,0
XL-Synthetic_13_P__rtf_medium__lsb2.png,extended_xl,RTF,RTF,medium,2,no_buffer,RTF,1
XL-Synthetic_13_P__rtf_medium__lsb2.png,extended_xl,RTF,RTF,medium,2,no_markers,RTF,1
XL-Synthetic_13_P__rtf_medium__lsb3.png,extended_xl,RTF,RTF,medium,3,full,RTF,1
XL-Synthetic_13_P__rtf_medium__lsb3.png,extended_xl,RTF,RTF,medium,3,no_deinterleaving,UNKNOWN,0
XL-Synthetic_13_P__rtf_medium__lsb3.png,extended_xl,RTF,RTF,medium,3,no_buffer,RTF,1
XL-Synthetic_13_P__rtf_medium__lsb3.png,extended_xl,RTF,RTF,medium,3,no_markers,RTF,1
XL-Synthetic_13_P__rtf_small__lsb1.png,extended_xl,RTF,RTF,small,1,full,RTF,1
XL-Synthetic_13_P__rtf_small__lsb1.png,extended_xl,RTF,RTF,small,1,no_deinterleaving,RTF,1
XL-Synthetic_13_P__rtf_small__lsb1.png,extended_xl,RTF,RTF,small,1,no_buffer,RTF,1
XL-Synthetic_13_P__rtf_small__lsb1.png,extended_xl,RTF,RTF,small,1,no_markers,RTF,1
XL-Synthetic_13_P__rtf_small__lsb2.png,extended_xl,RTF,RTF,small,2,full,RTF,1
XL-Synthetic_13_P__rtf_small__lsb2.png,extended_xl,RTF,RTF,small,2,no_deinterleaving,UNKNOWN,0
XL-Synthetic_13_P__rtf_small__lsb2.png,extended_xl,RTF,RTF,small,2,no_buffer,RTF,1
XL-Synthetic_13_P__rtf_small__lsb2.png,extended_xl,RTF,RTF,small,2,no_markers,RTF,1
XL-Synthetic_13_P__rtf_small__lsb3.png,extended_xl,RTF,RTF,small,3,full,RTF,1
XL-Synthetic_13_P__rtf_small__lsb3.png,extended_xl,RTF,RTF,small,3,no_deinterleaving,UNKNOWN,0
XL-Synthetic_13_P__rtf_small__lsb3.png,extended_xl,RTF,RTF,small,3,no_buffer,RTF,1
XL-Synthetic_13_P__rtf_small__lsb3.png,extended_xl,RTF,RTF,small,3,no_markers,RTF,1
XL-Synthetic_13_P__xlsx_large__lsb3.png,extended_xl,XLSX,XLSX,large,3,full,XLSX,1
XL-Synthetic_13_P__xlsx_large__lsb3.png,extended_xl,XLSX,XLSX,large,3,no_deinterleaving,UNKNOWN,0
XL-Synthetic_13_P__xlsx_large__lsb3.png,extended_xl,XLSX,XLSX,large,3,no_buffer,ZIP,0
XL-Synthetic_13_P__xlsx_large__lsb3.png,extended_xl,XLSX,XLSX,large,3,no_markers,ZIP,0
XL-Synthetic_13_P__xlsx_medium__lsb2.png,extended_xl,XLSX,XLSX,medium,2,full,XLSX,1
XL-Synthetic_13_P__xlsx_medium__lsb2.png,extended_xl,XLSX,XLSX,medium,2,no_deinterleaving,UNKNOWN,0
XL-Synthetic_13_P__xlsx_medium__lsb2.png,extended_xl,XLSX,XLSX,medium,2,no_buffer,ZIP,0
XL-Synthetic_13_P__xlsx_medium__lsb2.png,extended_xl,XLSX,XLSX,medium,2,no_markers,ZIP,0
XL-Synthetic_13_P__xlsx_medium__lsb3.png,extended_xl,XLSX,XLSX,medium,3,full,XLSX,1
XL-Synthetic_13_P__xlsx_medium__lsb3.png,extended_xl,XLSX,XLSX,medium,3,no_deinterleaving,UNKNOWN,0
XL-Synthetic_13_P__xlsx_medium__lsb3.png,extended_xl,XLSX,XLSX,medium,3,no_buffer,ZIP,0
XL-Synthetic_13_P__xlsx_medium__lsb3.png,extended_xl,XLSX,XLSX,medium,3,no_markers,ZIP,0
XL-Synthetic_13_P__xlsx_small__lsb1.png,extended_xl,XLSX,XLSX,small,1,full,XLSX,1
XL-Synthetic_13_P__xlsx_small__lsb1.png,extended_xl,XLSX,XLSX,small,1,no_deinterleaving,XLSX,1
XL-Synthetic_13_P__xlsx_small__lsb1.png,extended_xl,XLSX,XLSX,small,1,no_buffer,ZIP,0
XL-Synthetic_13_P__xlsx_small__lsb1.png,extended_xl,XLSX,XLSX,small,1,no_markers,ZIP,0
XL-Synthetic_13_P__xlsx_small__lsb2.png,extended_xl,XLSX,XLSX,small,2,full,XLSX,1
XL-Synthetic_13_P__xlsx_small__lsb2.png,extended_xl,XLSX,XLSX,small,2,no_deinterleaving,UNKNOWN,0
XL-Synthetic_13_P__xlsx_small__lsb2.png,extended_xl,XLSX,XLSX,small,2,no_buffer,ZIP,0
XL-Synthetic_13_P__xlsx_small__lsb2.png,extended_xl,XLSX,XLSX,small,2,no_markers,ZIP,0
XL-Synthetic_13_P__xlsx_small__lsb3.png,extended_xl,XLSX,XLSX,small,3,full,XLSX,1
XL-Synthetic_13_P__xlsx_small__lsb3.png,extended_xl,XLSX,XLSX,small,3,no_deinterleaving,UNKNOWN,0
XL-Synthetic_13_P__xlsx_small__lsb3.png,extended_xl,XLSX,XLSX,small,3,no_buffer,ZIP,0
XL-Synthetic_13_P__xlsx_small__lsb3.png,extended_xl,XLSX,XLSX,small,3,no_markers,ZIP,0
XL-Synthetic_14_B__docx_large__lsb1.bmp,extended_xl,DOCX,DOCX,large,1,full,DOCX,1
XL-Synthetic_14_B__docx_large__lsb1.bmp,extended_xl,DOCX,DOCX,large,1,no_deinterleaving,DOCX,1
XL-Synthetic_14_B__docx_large__lsb1.bmp,extended_xl,DOCX,DOCX,large,1,no_buffer,ZIP,0
XL-Synthetic_14_B__docx_large__lsb1.bmp,extended_xl,DOCX,DOCX,large,1,no_markers,ZIP,0
XL-Synthetic_14_B__docx_large__lsb2.bmp,extended_xl,DOCX,DOCX,large,2,full,DOCX,1
XL-Synthetic_14_B__docx_large__lsb2.bmp,extended_xl,DOCX,DOCX,large,2,no_deinterleaving,UNKNOWN,0
XL-Synthetic_14_B__docx_large__lsb2.bmp,extended_xl,DOCX,DOCX,large,2,no_buffer,ZIP,0
XL-Synthetic_14_B__docx_large__lsb2.bmp,extended_xl,DOCX,DOCX,large,2,no_markers,ZIP,0
XL-Synthetic_14_B__docx_large__lsb3.bmp,extended_xl,DOCX,DOCX,large,3,full,DOCX,1
XL-Synthetic_14_B__docx_large__lsb3.bmp,extended_xl,DOCX,DOCX,large,3,no_deinterleaving,UNKNOWN,0
XL-Synthetic_14_B__docx_large__lsb3.bmp,extended_xl,DOCX,DOCX,large,3,no_buffer,ZIP,0
XL-Synthetic_14_B__docx_large__lsb3.bmp,extended_xl,DOCX,DOCX,large,3,no_markers,ZIP,0
XL-Synthetic_14_B__docx_medium__lsb1.bmp,extended_xl,DOCX,DOCX,medium,1,full,DOCX,1
XL-Synthetic_14_B__docx_medium__lsb1.bmp,extended_xl,DOCX,DOCX,medium,1,no_deinterleaving,DOCX,1
XL-Synthetic_14_B__docx_medium__lsb1.bmp,extended_xl,DOCX,DOCX,medium,1,no_buffer,ZIP,0
XL-Synthetic_14_B__docx_medium__lsb1.bmp,extended_xl,DOCX,DOCX,medium,1,no_markers,ZIP,0
XL-Synthetic_14_B__docx_medium__lsb2.bmp,extended_xl,DOCX,DOCX,medium,2,full,DOCX,1
XL-Synthetic_14_B__docx_medium__lsb2.bmp,extended_xl,DOCX,DOCX,medium,2,no_deinterleaving,UNKNOWN,0
XL-Synthetic_14_B__docx_medium__lsb2.bmp,extended_xl,DOCX,DOCX,medium,2,no_buffer,ZIP,0
XL-Synthetic_14_B__docx_medium__lsb2.bmp,extended_xl,DOCX,DOCX,medium,2,no_markers,ZIP,0
XL-Synthetic_14_B__docx_medium__lsb3.bmp,extended_xl,DOCX,DOCX,medium,3,full,DOCX,1
XL-Synthetic_14_B__docx_medium__lsb3.bmp,extended_xl,DOCX,DOCX,medium,3,no_deinterleaving,UNKNOWN,0
XL-Synthetic_14_B__docx_medium__lsb3.bmp,extended_xl,DOCX,DOCX,medium,3,no_buffer,ZIP,0
XL-Synthetic_14_B__docx_medium__lsb3.bmp,extended_xl,DOCX,DOCX,medium,3,no_markers,ZIP,0
XL-Synthetic_14_B__docx_small__lsb1.bmp,extended_xl,DOCX,DOCX,small,1,full,DOCX,1
XL-Synthetic_14_B__docx_small__lsb1.bmp,extended_xl,DOCX,DOCX,small,1,no_deinterleaving,DOCX,1
XL-Synthetic_14_B__docx_small__lsb1.bmp,extended_xl,DOCX,DOCX,small,1,no_buffer,ZIP,0
XL-Synthetic_14_B__docx_small__lsb1.bmp,extended_xl,DOCX,DOCX,small,1,no_markers,ZIP,0
XL-Synthetic_14_B__docx_small__lsb2.bmp,extended_xl,DOCX,DOCX,small,2,full,DOCX,1
XL-Synthetic_14_B__docx_small__lsb2.bmp,extended_xl,DOCX,DOCX,small,2,no_deinterleaving,UNKNOWN,0
XL-Synthetic_14_B__docx_small__lsb2.bmp,extended_xl,DOCX,DOCX,small,2,no_buffer,ZIP,0
XL-Synthetic_14_B__docx_small__lsb2.bmp,extended_xl,DOCX,DOCX,small,2,no_markers,ZIP,0
XL-Synthetic_14_B__docx_small__lsb3.bmp,extended_xl,DOCX,DOCX,small,3,full,DOCX,1
XL-Synthetic_14_B__docx_small__lsb3.bmp,extended_xl,DOCX,DOCX,small,3,no_deinterleaving,UNKNOWN,0
XL-Synthetic_14_B__docx_small__lsb3.bmp,extended_xl,DOCX,DOCX,small,3,no_buffer,ZIP,0
XL-Synthetic_14_B__docx_small__lsb3.bmp,extended_xl,DOCX,DOCX,small,3,no_markers,ZIP,0
XL-Synthetic_14_B__exe_large__lsb1.bmp,extended_xl,EXE,EXE,large,1,full,EXE,1
XL-Synthetic_14_B__exe_large__lsb1.bmp,extended_xl,EXE,EXE,large,1,no_deinterleaving,EXE,1
XL-Synthetic_14_B__exe_large__lsb1.bmp,extended_xl,EXE,EXE,large,1,no_buffer,EXE,1
XL-Synthetic_14_B__exe_large__lsb1.bmp,extended_xl,EXE,EXE,large,1,no_markers,EXE,1
XL-Synthetic_14_B__exe_large__lsb2.bmp,extended_xl,EXE,EXE,large,2,full,EXE,1
XL-Synthetic_14_B__exe_large__lsb2.bmp,extended_xl,EXE,EXE,large,2,no_deinterleaving,UNKNOWN,0
XL-Synthetic_14_B__exe_large__lsb2.bmp,extended_xl,EXE,EXE,large,2,no_buffer,EXE,1
XL-Synthetic_14_B__exe_large__lsb2.bmp,extended_xl,EXE,EXE,large,2,no_markers,EXE,1
XL-Synthetic_14_B__exe_large__lsb3.bmp,extended_xl,EXE,EXE,large,3,full,EXE,1
XL-Synthetic_14_B__exe_large__lsb3.bmp,extended_xl,EXE,EXE,large,3,no_deinterleaving,UNKNOWN,0
XL-Synthetic_14_B__exe_large__lsb3.bmp,extended_xl,EXE,EXE,large,3,no_buffer,EXE,1
XL-Synthetic_14_B__exe_large__lsb3.bmp,extended_xl,EXE,EXE,large,3,no_markers,EXE,1
XL-Synthetic_14_B__exe_medium__lsb1.bmp,extended_xl,EXE,EXE,medium,1,full,EXE,1
XL-Synthetic_14_B__exe_medium__lsb1.bmp,extended_xl,EXE,EXE,medium,1,no_deinterleaving,EXE,1
XL-Synthetic_14_B__exe_medium__lsb1.bmp,extended_xl,EXE,EXE,medium,1,no_buffer,EXE,1
XL-Synthetic_14_B__exe_medium__lsb1.bmp,extended_xl,EXE,EXE,medium,1,no_markers,EXE,1
XL-Synthetic_14_B__exe_medium__lsb2.bmp,extended_xl,EXE,EXE,medium,2,full,EXE,1
XL-Synthetic_14_B__exe_medium__lsb2.bmp,extended_xl,EXE,EXE,medium,2,no_deinterleaving,UNKNOWN,0
XL-Synthetic_14_B__exe_medium__lsb2.bmp,extended_xl,EXE,EXE,medium,2,no_buffer,EXE,1
XL-Synthetic_14_B__exe_medium__lsb2.bmp,extended_xl,EXE,EXE,medium,2,no_markers,EXE,1
XL-Synthetic_14_B__exe_medium__lsb3.bmp,extended_xl,EXE,EXE,medium,3,full,EXE,1
XL-Synthetic_14_B__exe_medium__lsb3.bmp,extended_xl,EXE,EXE,medium,3,no_deinterleaving,UNKNOWN,0
XL-Synthetic_14_B__exe_medium__lsb3.bmp,extended_xl,EXE,EXE,medium,3,no_buffer,EXE,1
XL-Synthetic_14_B__exe_medium__lsb3.bmp,extended_xl,EXE,EXE,medium,3,no_markers,EXE,1
XL-Synthetic_14_B__exe_small__lsb1.bmp,extended_xl,EXE,EXE,small,1,full,EXE,1
XL-Synthetic_14_B__exe_small__lsb1.bmp,extended_xl,EXE,EXE,small,1,no_deinterleaving,EXE,1
XL-Synthetic_14_B__exe_small__lsb1.bmp,extended_xl,EXE,EXE,small,1,no_buffer,EXE,1
XL-Synthetic_14_B__exe_small__lsb1.bmp,extended_xl,EXE,EXE,small,1,no_markers,EXE,1
XL-Synthetic_14_B__exe_small__lsb2.bmp,extended_xl,EXE,EXE,small,2,full,EXE,1
XL-Synthetic_14_B__exe_small__lsb2.bmp,extended_xl,EXE,EXE,small,2,no_deinterleaving,UNKNOWN,0
XL-Synthetic_14_B__exe_small__lsb2.bmp,extended_xl,EXE,EXE,small,2,no_buffer,EXE,1
XL-Synthetic_14_B__exe_small__lsb2.bmp,extended_xl,EXE,EXE,small,2,no_markers,EXE,1
XL-Synthetic_14_B__exe_small__lsb3.bmp,extended_xl,EXE,EXE,small,3,full,EXE,1
XL-Synthetic_14_B__exe_small__lsb3.bmp,extended_xl,EXE,EXE,small,3,no_deinterleaving,UNKNOWN,0
XL-Synthetic_14_B__exe_small__lsb3.bmp,extended_xl,EXE,EXE,small,3,no_buffer,EXE,1
XL-Synthetic_14_B__exe_small__lsb3.bmp,extended_xl,EXE,EXE,small,3,no_markers,EXE,1
XL-Synthetic_14_B__pdf_large__lsb1.bmp,extended_xl,PDF,PDF,large,1,full,PDF,1
XL-Synthetic_14_B__pdf_large__lsb1.bmp,extended_xl,PDF,PDF,large,1,no_deinterleaving,PDF,1
XL-Synthetic_14_B__pdf_large__lsb1.bmp,extended_xl,PDF,PDF,large,1,no_buffer,PDF,1
XL-Synthetic_14_B__pdf_large__lsb1.bmp,extended_xl,PDF,PDF,large,1,no_markers,PDF,1
XL-Synthetic_14_B__pdf_large__lsb2.bmp,extended_xl,PDF,PDF,large,2,full,PDF,1
XL-Synthetic_14_B__pdf_large__lsb2.bmp,extended_xl,PDF,PDF,large,2,no_deinterleaving,UNKNOWN,0
XL-Synthetic_14_B__pdf_large__lsb2.bmp,extended_xl,PDF,PDF,large,2,no_buffer,PDF,1
XL-Synthetic_14_B__pdf_large__lsb2.bmp,extended_xl,PDF,PDF,large,2,no_markers,PDF,1
XL-Synthetic_14_B__pdf_large__lsb3.bmp,extended_xl,PDF,PDF,large,3,full,PDF,1
XL-Synthetic_14_B__pdf_large__lsb3.bmp,extended_xl,PDF,PDF,large,3,no_deinterleaving,UNKNOWN,0
XL-Synthetic_14_B__pdf_large__lsb3.bmp,extended_xl,PDF,PDF,large,3,no_buffer,PDF,1
XL-Synthetic_14_B__pdf_large__lsb3.bmp,extended_xl,PDF,PDF,large,3,no_markers,PDF,1
XL-Synthetic_14_B__pdf_medium__lsb1.bmp,extended_xl,PDF,PDF,medium,1,full,PDF,1
XL-Synthetic_14_B__pdf_medium__lsb1.bmp,extended_xl,PDF,PDF,medium,1,no_deinterleaving,PDF,1
XL-Synthetic_14_B__pdf_medium__lsb1.bmp,extended_xl,PDF,PDF,medium,1,no_buffer,PDF,1
XL-Synthetic_14_B__pdf_medium__lsb1.bmp,extended_xl,PDF,PDF,medium,1,no_markers,PDF,1
XL-Synthetic_14_B__pdf_medium__lsb2.bmp,extended_xl,PDF,PDF,medium,2,full,PDF,1
XL-Synthetic_14_B__pdf_medium__lsb2.bmp,extended_xl,PDF,PDF,medium,2,no_deinterleaving,UNKNOWN,0
XL-Synthetic_14_B__pdf_medium__lsb2.bmp,extended_xl,PDF,PDF,medium,2,no_buffer,PDF,1
XL-Synthetic_14_B__pdf_medium__lsb2.bmp,extended_xl,PDF,PDF,medium,2,no_markers,PDF,1
XL-Synthetic_14_B__pdf_medium__lsb3.bmp,extended_xl,PDF,PDF,medium,3,full,PDF,1
XL-Synthetic_14_B__pdf_medium__lsb3.bmp,extended_xl,PDF,PDF,medium,3,no_deinterleaving,UNKNOWN,0
XL-Synthetic_14_B__pdf_medium__lsb3.bmp,extended_xl,PDF,PDF,medium,3,no_buffer,PDF,1
XL-Synthetic_14_B__pdf_medium__lsb3.bmp,extended_xl,PDF,PDF,medium,3,no_markers,PDF,1
XL-Synthetic_14_B__pdf_small__lsb1.bmp,extended_xl,PDF,PDF,small,1,full,PDF,1
XL-Synthetic_14_B__pdf_small__lsb1.bmp,extended_xl,PDF,PDF,small,1,no_deinterleaving,PDF,1
XL-Synthetic_14_B__pdf_small__lsb1.bmp,extended_xl,PDF,PDF,small,1,no_buffer,PDF,1
XL-Synthetic_14_B__pdf_small__lsb1.bmp,extended_xl,PDF,PDF,small,1,no_markers,PDF,1
XL-Synthetic_14_B__pdf_small__lsb2.bmp,extended_xl,PDF,PDF,small,2,full,PDF,1
XL-Synthetic_14_B__pdf_small__lsb2.bmp,extended_xl,PDF,PDF,small,2,no_deinterleaving,UNKNOWN,0
XL-Synthetic_14_B__pdf_small__lsb2.bmp,extended_xl,PDF,PDF,small,2,no_buffer,PDF,1
XL-Synthetic_14_B__pdf_small__lsb2.bmp,extended_xl,PDF,PDF,small,2,no_markers,PDF,1
XL-Synthetic_14_B__pdf_small__lsb3.bmp,extended_xl,PDF,PDF,small,3,full,PDF,1
XL-Synthetic_14_B__pdf_small__lsb3.bmp,extended_xl,PDF,PDF,small,3,no_deinterleaving,UNKNOWN,0
XL-Synthetic_14_B__pdf_small__lsb3.bmp,extended_xl,PDF,PDF,small,3,no_buffer,PDF,1
XL-Synthetic_14_B__pdf_small__lsb3.bmp,extended_xl,PDF,PDF,small,3,no_markers,PDF,1
XL-Synthetic_14_B__pptx_large__lsb1.bmp,extended_xl,PPTX,PPTX,large,1,full,PPTX,1
XL-Synthetic_14_B__pptx_large__lsb1.bmp,extended_xl,PPTX,PPTX,large,1,no_deinterleaving,PPTX,1
XL-Synthetic_14_B__pptx_large__lsb1.bmp,extended_xl,PPTX,PPTX,large,1,no_buffer,ZIP,0
XL-Synthetic_14_B__pptx_large__lsb1.bmp,extended_xl,PPTX,PPTX,large,1,no_markers,ZIP,0
XL-Synthetic_14_B__pptx_large__lsb2.bmp,extended_xl,PPTX,PPTX,large,2,full,PPTX,1
XL-Synthetic_14_B__pptx_large__lsb2.bmp,extended_xl,PPTX,PPTX,large,2,no_deinterleaving,UNKNOWN,0
XL-Synthetic_14_B__pptx_large__lsb2.bmp,extended_xl,PPTX,PPTX,large,2,no_buffer,ZIP,0
XL-Synthetic_14_B__pptx_large__lsb2.bmp,extended_xl,PPTX,PPTX,large,2,no_markers,ZIP,0
XL-Synthetic_14_B__pptx_large__lsb3.bmp,extended_xl,PPTX,PPTX,large,3,full,PPTX,1
XL-Synthetic_14_B__pptx_large__lsb3.bmp,extended_xl,PPTX,PPTX,large,3,no_deinterleaving,UNKNOWN,0
XL-Synthetic_14_B__pptx_large__lsb3.bmp,extended_xl,PPTX,PPTX,large,3,no_buffer,ZIP,0
XL-Synthetic_14_B__pptx_large__lsb3.bmp,extended_xl,PPTX,PPTX,large,3,no_markers,ZIP,0
XL-Synthetic_14_B__pptx_medium__lsb1.bmp,extended_xl,PPTX,PPTX,medium,1,full,PPTX,1
XL-Synthetic_14_B__pptx_medium__lsb1.bmp,extended_xl,PPTX,PPTX,medium,1,no_deinterleaving,PPTX,1
XL-Synthetic_14_B__pptx_medium__lsb1.bmp,extended_xl,PPTX,PPTX,medium,1,no_buffer,ZIP,0
XL-Synthetic_14_B__pptx_medium__lsb1.bmp,extended_xl,PPTX,PPTX,medium,1,no_markers,ZIP,0
XL-Synthetic_14_B__pptx_medium__lsb2.bmp,extended_xl,PPTX,PPTX,medium,2,full,PPTX,1
XL-Synthetic_14_B__pptx_medium__lsb2.bmp,extended_xl,PPTX,PPTX,medium,2,no_deinterleaving,UNKNOWN,0
XL-Synthetic_14_B__pptx_medium__lsb2.bmp,extended_xl,PPTX,PPTX,medium,2,no_buffer,ZIP,0
XL-Synthetic_14_B__pptx_medium__lsb2.bmp,extended_xl,PPTX,PPTX,medium,2,no_markers,ZIP,0
XL-Synthetic_14_B__pptx_medium__lsb3.bmp,extended_xl,PPTX,PPTX,medium,3,full,PPTX,1
XL-Synthetic_14_B__pptx_medium__lsb3.bmp,extended_xl,PPTX,PPTX,medium,3,no_deinterleaving,UNKNOWN,0
XL-Synthetic_14_B__pptx_medium__lsb3.bmp,extended_xl,PPTX,PPTX,medium,3,no_buffer,ZIP,0
XL-Synthetic_14_B__pptx_medium__lsb3.bmp,extended_xl,PPTX,PPTX,medium,3,no_markers,ZIP,0
XL-Synthetic_14_B__pptx_small__lsb1.bmp,extended_xl,PPTX,PPTX,small,1,full,PPTX,1
XL-Synthetic_14_B__pptx_small__lsb1.bmp,extended_xl,PPTX,PPTX,small,1,no_deinterleaving,PPTX,1
XL-Synthetic_14_B__pptx_small__lsb1.bmp,extended_xl,PPTX,PPTX,small,1,no_buffer,ZIP,0
XL-Synthetic_14_B__pptx_small__lsb1.bmp,extended_xl,PPTX,PPTX,small,1,no_markers,ZIP,0
XL-Synthetic_14_B__pptx_small__lsb2.bmp,extended_xl,PPTX,PPTX,small,2,full,PPTX,1
XL-Synthetic_14_B__pptx_small__lsb2.bmp,extended_xl,PPTX,PPTX,small,2,no_deinterleaving,UNKNOWN,0
XL-Synthetic_14_B__pptx_small__lsb2.bmp,extended_xl,PPTX,PPTX,small,2,no_buffer,ZIP,0
XL-Synthetic_14_B__pptx_small__lsb2.bmp,extended_xl,PPTX,PPTX,small,2,no_markers,ZIP,0
XL-Synthetic_14_B__pptx_small__lsb3.bmp,extended_xl,PPTX,PPTX,small,3,full,PPTX,1
XL-Synthetic_14_B__pptx_small__lsb3.bmp,extended_xl,PPTX,PPTX,small,3,no_deinterleaving,UNKNOWN,0
XL-Synthetic_14_B__pptx_small__lsb3.bmp,extended_xl,PPTX,PPTX,small,3,no_buffer,ZIP,0
XL-Synthetic_14_B__pptx_small__lsb3.bmp,extended_xl,PPTX,PPTX,small,3,no_markers,ZIP,0
XL-Synthetic_14_B__rtf_large__lsb1.bmp,extended_xl,RTF,RTF,large,1,full,RTF,1
XL-Synthetic_14_B__rtf_large__lsb1.bmp,extended_xl,RTF,RTF,large,1,no_deinterleaving,RTF,1
XL-Synthetic_14_B__rtf_large__lsb1.bmp,extended_xl,RTF,RTF,large,1,no_buffer,RTF,1
XL-Synthetic_14_B__rtf_large__lsb1.bmp,extended_xl,RTF,RTF,large,1,no_markers,RTF,1
XL-Synthetic_14_B__rtf_large__lsb2.bmp,extended_xl,RTF,RTF,large,2,full,RTF,1
XL-Synthetic_14_B__rtf_large__lsb2.bmp,extended_xl,RTF,RTF,large,2,no_deinterleaving,UNKNOWN,0
XL-Synthetic_14_B__rtf_large__lsb2.bmp,extended_xl,RTF,RTF,large,2,no_buffer,RTF,1
XL-Synthetic_14_B__rtf_large__lsb2.bmp,extended_xl,RTF,RTF,large,2,no_markers,RTF,1
XL-Synthetic_14_B__rtf_large__lsb3.bmp,extended_xl,RTF,RTF,large,3,full,RTF,1
XL-Synthetic_14_B__rtf_large__lsb3.bmp,extended_xl,RTF,RTF,large,3,no_deinterleaving,UNKNOWN,0
XL-Synthetic_14_B__rtf_large__lsb3.bmp,extended_xl,RTF,RTF,large,3,no_buffer,RTF,1
XL-Synthetic_14_B__rtf_large__lsb3.bmp,extended_xl,RTF,RTF,large,3,no_markers,RTF,1
XL-Synthetic_14_B__rtf_medium__lsb1.bmp,extended_xl,RTF,RTF,medium,1,full,RTF,1
XL-Synthetic_14_B__rtf_medium__lsb1.bmp,extended_xl,RTF,RTF,medium,1,no_deinterleaving,RTF,1
XL-Synthetic_14_B__rtf_medium__lsb1.bmp,extended_xl,RTF,RTF,medium,1,no_buffer,RTF,1
XL-Synthetic_14_B__rtf_medium__lsb1.bmp,extended_xl,RTF,RTF,medium,1,no_markers,RTF,1
XL-Synthetic_14_B__rtf_medium__lsb2.bmp,extended_xl,RTF,RTF,medium,2,full,RTF,1
XL-Synthetic_14_B__rtf_medium__lsb2.bmp,extended_xl,RTF,RTF,medium,2,no_deinterleaving,UNKNOWN,0
XL-Synthetic_14_B__rtf_medium__lsb2.bmp,extended_xl,RTF,RTF,medium,2,no_buffer,RTF,1
XL-Synthetic_14_B__rtf_medium__lsb2.bmp,extended_xl,RTF,RTF,medium,2,no_markers,RTF,1
XL-Synthetic_14_B__rtf_medium__lsb3.bmp,extended_xl,RTF,RTF,medium,3,full,RTF,1
XL-Synthetic_14_B__rtf_medium__lsb3.bmp,extended_xl,RTF,RTF,medium,3,no_deinterleaving,UNKNOWN,0
XL-Synthetic_14_B__rtf_medium__lsb3.bmp,extended_xl,RTF,RTF,medium,3,no_buffer,RTF,1
XL-Synthetic_14_B__rtf_medium__lsb3.bmp,extended_xl,RTF,RTF,medium,3,no_markers,RTF,1
XL-Synthetic_14_B__rtf_small__lsb1.bmp,extended_xl,RTF,RTF,small,1,full,RTF,1
XL-Synthetic_14_B__rtf_small__lsb1.bmp,extended_xl,RTF,RTF,small,1,no_deinterleaving,RTF,1
XL-Synthetic_14_B__rtf_small__lsb1.bmp,extended_xl,RTF,RTF,small,1,no_buffer,RTF,1
XL-Synthetic_14_B__rtf_small__lsb1.bmp,extended_xl,RTF,RTF,small,1,no_markers,RTF,1
XL-Synthetic_14_B__rtf_small__lsb2.bmp,extended_xl,RTF,RTF,small,2,full,RTF,1
XL-Synthetic_14_B__rtf_small__lsb2.bmp,extended_xl,RTF,RTF,small,2,no_deinterleaving,UNKNOWN,0
XL-Synthetic_14_B__rtf_small__lsb2.bmp,extended_xl,RTF,RTF,small,2,no_buffer,RTF,1
XL-Synthetic_14_B__rtf_small__lsb2.bmp,extended_xl,RTF,RTF,small,2,no_markers,RTF,1
XL-Synthetic_14_B__rtf_small__lsb3.bmp,extended_xl,RTF,RTF,small,3,full,RTF,1
XL-Synthetic_14_B__rtf_small__lsb3.bmp,extended_xl,RTF,RTF,small,3,no_deinterleaving,UNKNOWN,0
XL-Synthetic_14_B__rtf_small__lsb3.bmp,extended_xl,RTF,RTF,small,3,no_buffer,RTF,1
XL-Synthetic_14_B__rtf_small__lsb3.bmp,extended_xl,RTF,RTF,small,3,no_markers,RTF,1
XL-Synthetic_14_B__xlsx_large__lsb1.bmp,extended_xl,XLSX,XLSX,large,1,full,XLSX,1
XL-Synthetic_14_B__xlsx_large__lsb1.bmp,extended_xl,XLSX,XLSX,large,1,no_deinterleaving,XLSX,1
XL-Synthetic_14_B__xlsx_large__lsb1.bmp,extended_xl,XLSX,XLSX,large,1,no_buffer,ZIP,0
XL-Synthetic_14_B__xlsx_large__lsb1.bmp,extended_xl,XLSX,XLSX,large,1,no_markers,ZIP,0
XL-Synthetic_14_B__xlsx_large__lsb2.bmp,extended_xl,XLSX,XLSX,large,2,full,XLSX,1
XL-Synthetic_14_B__xlsx_large__lsb2.bmp,extended_xl,XLSX,XLSX,large,2,no_deinterleaving,UNKNOWN,0
XL-Synthetic_14_B__xlsx_large__lsb2.bmp,extended_xl,XLSX,XLSX,large,2,no_buffer,ZIP,0
XL-Synthetic_14_B__xlsx_large__lsb2.bmp,extended_xl,XLSX,XLSX,large,2,no_markers,ZIP,0
XL-Synthetic_14_B__xlsx_large__lsb3.bmp,extended_xl,XLSX,XLSX,large,3,full,XLSX,1
XL-Synthetic_14_B__xlsx_large__lsb3.bmp,extended_xl,XLSX,XLSX,large,3,no_deinterleaving,UNKNOWN,0
XL-Synthetic_14_B__xlsx_large__lsb3.bmp,extended_xl,XLSX,XLSX,large,3,no_buffer,ZIP,0
XL-Synthetic_14_B__xlsx_large__lsb3.bmp,extended_xl,XLSX,XLSX,large,3,no_markers,ZIP,0
XL-Synthetic_14_B__xlsx_medium__lsb1.bmp,extended_xl,XLSX,XLSX,medium,1,full,XLSX,1
XL-Synthetic_14_B__xlsx_medium__lsb1.bmp,extended_xl,XLSX,XLSX,medium,1,no_deinterleaving,XLSX,1
XL-Synthetic_14_B__xlsx_medium__lsb1.bmp,extended_xl,XLSX,XLSX,medium,1,no_buffer,ZIP,0
XL-Synthetic_14_B__xlsx_medium__lsb1.bmp,extended_xl,XLSX,XLSX,medium,1,no_markers,ZIP,0
XL-Synthetic_14_B__xlsx_medium__lsb2.bmp,extended_xl,XLSX,XLSX,medium,2,full,XLSX,1
XL-Synthetic_14_B__xlsx_medium__lsb2.bmp,extended_xl,XLSX,XLSX,medium,2,no_deinterleaving,UNKNOWN,0
XL-Synthetic_14_B__xlsx_medium__lsb2.bmp,extended_xl,XLSX,XLSX,medium,2,no_buffer,ZIP,0
XL-Synthetic_14_B__xlsx_medium__lsb2.bmp,extended_xl,XLSX,XLSX,medium,2,no_markers,ZIP,0
XL-Synthetic_14_B__xlsx_medium__lsb3.bmp,extended_xl,XLSX,XLSX,medium,3,full,XLSX,1
XL-Synthetic_14_B__xlsx_medium__lsb3.bmp,extended_xl,XLSX,XLSX,medium,3,no_deinterleaving,UNKNOWN,0
XL-Synthetic_14_B__xlsx_medium__lsb3.bmp,extended_xl,XLSX,XLSX,medium,3,no_buffer,ZIP,0
XL-Synthetic_14_B__xlsx_medium__lsb3.bmp,extended_xl,XLSX,XLSX,medium,3,no_markers,ZIP,0
XL-Synthetic_14_B__xlsx_small__lsb1.bmp,extended_xl,XLSX,XLSX,small,1,full,XLSX,1
XL-Synthetic_14_B__xlsx_small__lsb1.bmp,extended_xl,XLSX,XLSX,small,1,no_deinterleaving,XLSX,1
XL-Synthetic_14_B__xlsx_small__lsb1.bmp,extended_xl,XLSX,XLSX,small,1,no_buffer,ZIP,0
XL-Synthetic_14_B__xlsx_small__lsb1.bmp,extended_xl,XLSX,XLSX,small,1,no_markers,ZIP,0
XL-Synthetic_14_B__xlsx_small__lsb2.bmp,extended_xl,XLSX,XLSX,small,2,full,XLSX,1
XL-Synthetic_14_B__xlsx_small__lsb2.bmp,extended_xl,XLSX,XLSX,small,2,no_deinterleaving,UNKNOWN,0
XL-Synthetic_14_B__xlsx_small__lsb2.bmp,extended_xl,XLSX,XLSX,small,2,no_buffer,ZIP,0
XL-Synthetic_14_B__xlsx_small__lsb2.bmp,extended_xl,XLSX,XLSX,small,2,no_markers,ZIP,0
XL-Synthetic_14_B__xlsx_small__lsb3.bmp,extended_xl,XLSX,XLSX,small,3,full,XLSX,1
XL-Synthetic_14_B__xlsx_small__lsb3.bmp,extended_xl,XLSX,XLSX,small,3,no_deinterleaving,UNKNOWN,0
XL-Synthetic_14_B__xlsx_small__lsb3.bmp,extended_xl,XLSX,XLSX,small,3,no_buffer,ZIP,0
XL-Synthetic_14_B__xlsx_small__lsb3.bmp,extended_xl,XLSX,XLSX,small,3,no_markers,ZIP,0
XL-Synthetic_14_P__docx_large__lsb3.png,extended_xl,DOCX,DOCX,large,3,full,DOCX,1
XL-Synthetic_14_P__docx_large__lsb3.png,extended_xl,DOCX,DOCX,large,3,no_deinterleaving,UNKNOWN,0
XL-Synthetic_14_P__docx_large__lsb3.png,extended_xl,DOCX,DOCX,large,3,no_buffer,ZIP,0
XL-Synthetic_14_P__docx_large__lsb3.png,extended_xl,DOCX,DOCX,large,3,no_markers,ZIP,0
XL-Synthetic_14_P__docx_medium__lsb2.png,extended_xl,DOCX,DOCX,medium,2,full,DOCX,1
XL-Synthetic_14_P__docx_medium__lsb2.png,extended_xl,DOCX,DOCX,medium,2,no_deinterleaving,UNKNOWN,0
XL-Synthetic_14_P__docx_medium__lsb2.png,extended_xl,DOCX,DOCX,medium,2,no_buffer,ZIP,0
XL-Synthetic_14_P__docx_medium__lsb2.png,extended_xl,DOCX,DOCX,medium,2,no_markers,ZIP,0
XL-Synthetic_14_P__docx_medium__lsb3.png,extended_xl,DOCX,DOCX,medium,3,full,DOCX,1
XL-Synthetic_14_P__docx_medium__lsb3.png,extended_xl,DOCX,DOCX,medium,3,no_deinterleaving,UNKNOWN,0
XL-Synthetic_14_P__docx_medium__lsb3.png,extended_xl,DOCX,DOCX,medium,3,no_buffer,ZIP,0
XL-Synthetic_14_P__docx_medium__lsb3.png,extended_xl,DOCX,DOCX,medium,3,no_markers,ZIP,0
XL-Synthetic_14_P__docx_small__lsb1.png,extended_xl,DOCX,DOCX,small,1,full,DOCX,1
XL-Synthetic_14_P__docx_small__lsb1.png,extended_xl,DOCX,DOCX,small,1,no_deinterleaving,DOCX,1
XL-Synthetic_14_P__docx_small__lsb1.png,extended_xl,DOCX,DOCX,small,1,no_buffer,ZIP,0
XL-Synthetic_14_P__docx_small__lsb1.png,extended_xl,DOCX,DOCX,small,1,no_markers,ZIP,0
XL-Synthetic_14_P__docx_small__lsb2.png,extended_xl,DOCX,DOCX,small,2,full,DOCX,1
XL-Synthetic_14_P__docx_small__lsb2.png,extended_xl,DOCX,DOCX,small,2,no_deinterleaving,UNKNOWN,0
XL-Synthetic_14_P__docx_small__lsb2.png,extended_xl,DOCX,DOCX,small,2,no_buffer,ZIP,0
XL-Synthetic_14_P__docx_small__lsb2.png,extended_xl,DOCX,DOCX,small,2,no_markers,ZIP,0
XL-Synthetic_14_P__docx_small__lsb3.png,extended_xl,DOCX,DOCX,small,3,full,DOCX,1
XL-Synthetic_14_P__docx_small__lsb3.png,extended_xl,DOCX,DOCX,small,3,no_deinterleaving,UNKNOWN,0
XL-Synthetic_14_P__docx_small__lsb3.png,extended_xl,DOCX,DOCX,small,3,no_buffer,ZIP,0
XL-Synthetic_14_P__docx_small__lsb3.png,extended_xl,DOCX,DOCX,small,3,no_markers,ZIP,0
XL-Synthetic_14_P__exe_large__lsb3.png,extended_xl,EXE,EXE,large,3,full,EXE,1
XL-Synthetic_14_P__exe_large__lsb3.png,extended_xl,EXE,EXE,large,3,no_deinterleaving,UNKNOWN,0
XL-Synthetic_14_P__exe_large__lsb3.png,extended_xl,EXE,EXE,large,3,no_buffer,EXE,1
XL-Synthetic_14_P__exe_large__lsb3.png,extended_xl,EXE,EXE,large,3,no_markers,EXE,1
XL-Synthetic_14_P__exe_medium__lsb2.png,extended_xl,EXE,EXE,medium,2,full,EXE,1
XL-Synthetic_14_P__exe_medium__lsb2.png,extended_xl,EXE,EXE,medium,2,no_deinterleaving,UNKNOWN,0
XL-Synthetic_14_P__exe_medium__lsb2.png,extended_xl,EXE,EXE,medium,2,no_buffer,EXE,1
XL-Synthetic_14_P__exe_medium__lsb2.png,extended_xl,EXE,EXE,medium,2,no_markers,EXE,1
XL-Synthetic_14_P__exe_medium__lsb3.png,extended_xl,EXE,EXE,medium,3,full,EXE,1
XL-Synthetic_14_P__exe_medium__lsb3.png,extended_xl,EXE,EXE,medium,3,no_deinterleaving,UNKNOWN,0
XL-Synthetic_14_P__exe_medium__lsb3.png,extended_xl,EXE,EXE,medium,3,no_buffer,EXE,1
XL-Synthetic_14_P__exe_medium__lsb3.png,extended_xl,EXE,EXE,medium,3,no_markers,EXE,1
XL-Synthetic_14_P__exe_small__lsb1.png,extended_xl,EXE,EXE,small,1,full,EXE,1
XL-Synthetic_14_P__exe_small__lsb1.png,extended_xl,EXE,EXE,small,1,no_deinterleaving,EXE,1
XL-Synthetic_14_P__exe_small__lsb1.png,extended_xl,EXE,EXE,small,1,no_buffer,EXE,1
XL-Synthetic_14_P__exe_small__lsb1.png,extended_xl,EXE,EXE,small,1,no_markers,EXE,1
XL-Synthetic_14_P__exe_small__lsb2.png,extended_xl,EXE,EXE,small,2,full,EXE,1
XL-Synthetic_14_P__exe_small__lsb2.png,extended_xl,EXE,EXE,small,2,no_deinterleaving,UNKNOWN,0
XL-Synthetic_14_P__exe_small__lsb2.png,extended_xl,EXE,EXE,small,2,no_buffer,EXE,1
XL-Synthetic_14_P__exe_small__lsb2.png,extended_xl,EXE,EXE,small,2,no_markers,EXE,1
XL-Synthetic_14_P__exe_small__lsb3.png,extended_xl,EXE,EXE,small,3,full,EXE,1
XL-Synthetic_14_P__exe_small__lsb3.png,extended_xl,EXE,EXE,small,3,no_deinterleaving,UNKNOWN,0
XL-Synthetic_14_P__exe_small__lsb3.png,extended_xl,EXE,EXE,small,3,no_buffer,EXE,1
XL-Synthetic_14_P__exe_small__lsb3.png,extended_xl,EXE,EXE,small,3,no_markers,EXE,1
XL-Synthetic_14_P__pdf_large__lsb3.png,extended_xl,PDF,PDF,large,3,full,PDF,1
XL-Synthetic_14_P__pdf_large__lsb3.png,extended_xl,PDF,PDF,large,3,no_deinterleaving,UNKNOWN,0
XL-Synthetic_14_P__pdf_large__lsb3.png,extended_xl,PDF,PDF,large,3,no_buffer,PDF,1
XL-Synthetic_14_P__pdf_large__lsb3.png,extended_xl,PDF,PDF,large,3,no_markers,PDF,1
XL-Synthetic_14_P__pdf_medium__lsb2.png,extended_xl,PDF,PDF,medium,2,full,PDF,1
XL-Synthetic_14_P__pdf_medium__lsb2.png,extended_xl,PDF,PDF,medium,2,no_deinterleaving,UNKNOWN,0
XL-Synthetic_14_P__pdf_medium__lsb2.png,extended_xl,PDF,PDF,medium,2,no_buffer,PDF,1
XL-Synthetic_14_P__pdf_medium__lsb2.png,extended_xl,PDF,PDF,medium,2,no_markers,PDF,1
XL-Synthetic_14_P__pdf_medium__lsb3.png,extended_xl,PDF,PDF,medium,3,full,PDF,1
XL-Synthetic_14_P__pdf_medium__lsb3.png,extended_xl,PDF,PDF,medium,3,no_deinterleaving,UNKNOWN,0
XL-Synthetic_14_P__pdf_medium__lsb3.png,extended_xl,PDF,PDF,medium,3,no_buffer,PDF,1
XL-Synthetic_14_P__pdf_medium__lsb3.png,extended_xl,PDF,PDF,medium,3,no_markers,PDF,1
XL-Synthetic_14_P__pdf_small__lsb1.png,extended_xl,PDF,PDF,small,1,full,PDF,1
XL-Synthetic_14_P__pdf_small__lsb1.png,extended_xl,PDF,PDF,small,1,no_deinterleaving,PDF,1
XL-Synthetic_14_P__pdf_small__lsb1.png,extended_xl,PDF,PDF,small,1,no_buffer,PDF,1
XL-Synthetic_14_P__pdf_small__lsb1.png,extended_xl,PDF,PDF,small,1,no_markers,PDF,1
XL-Synthetic_14_P__pdf_small__lsb2.png,extended_xl,PDF,PDF,small,2,full,PDF,1
XL-Synthetic_14_P__pdf_small__lsb2.png,extended_xl,PDF,PDF,small,2,no_deinterleaving,UNKNOWN,0
XL-Synthetic_14_P__pdf_small__lsb2.png,extended_xl,PDF,PDF,small,2,no_buffer,PDF,1
XL-Synthetic_14_P__pdf_small__lsb2.png,extended_xl,PDF,PDF,small,2,no_markers,PDF,1
XL-Synthetic_14_P__pdf_small__lsb3.png,extended_xl,PDF,PDF,small,3,full,PDF,1
XL-Synthetic_14_P__pdf_small__lsb3.png,extended_xl,PDF,PDF,small,3,no_deinterleaving,UNKNOWN,0
XL-Synthetic_14_P__pdf_small__lsb3.png,extended_xl,PDF,PDF,small,3,no_buffer,PDF,1
XL-Synthetic_14_P__pdf_small__lsb3.png,extended_xl,PDF,PDF,small,3,no_markers,PDF,1
XL-Synthetic_14_P__pptx_large__lsb3.png,extended_xl,PPTX,PPTX,large,3,full,PPTX,1
XL-Synthetic_14_P__pptx_large__lsb3.png,extended_xl,PPTX,PPTX,large,3,no_deinterleaving,UNKNOWN,0
XL-Synthetic_14_P__pptx_large__lsb3.png,extended_xl,PPTX,PPTX,large,3,no_buffer,ZIP,0
XL-Synthetic_14_P__pptx_large__lsb3.png,extended_xl,PPTX,PPTX,large,3,no_markers,ZIP,0
XL-Synthetic_14_P__pptx_medium__lsb2.png,extended_xl,PPTX,PPTX,medium,2,full,PPTX,1
XL-Synthetic_14_P__pptx_medium__lsb2.png,extended_xl,PPTX,PPTX,medium,2,no_deinterleaving,UNKNOWN,0
XL-Synthetic_14_P__pptx_medium__lsb2.png,extended_xl,PPTX,PPTX,medium,2,no_buffer,ZIP,0
XL-Synthetic_14_P__pptx_medium__lsb2.png,extended_xl,PPTX,PPTX,medium,2,no_markers,ZIP,0
XL-Synthetic_14_P__pptx_medium__lsb3.png,extended_xl,PPTX,PPTX,medium,3,full,PPTX,1
XL-Synthetic_14_P__pptx_medium__lsb3.png,extended_xl,PPTX,PPTX,medium,3,no_deinterleaving,UNKNOWN,0
XL-Synthetic_14_P__pptx_medium__lsb3.png,extended_xl,PPTX,PPTX,medium,3,no_buffer,ZIP,0
XL-Synthetic_14_P__pptx_medium__lsb3.png,extended_xl,PPTX,PPTX,medium,3,no_markers,ZIP,0
XL-Synthetic_14_P__pptx_small__lsb1.png,extended_xl,PPTX,PPTX,small,1,full,PPTX,1
XL-Synthetic_14_P__pptx_small__lsb1.png,extended_xl,PPTX,PPTX,small,1,no_deinterleaving,PPTX,1
XL-Synthetic_14_P__pptx_small__lsb1.png,extended_xl,PPTX,PPTX,small,1,no_buffer,ZIP,0
XL-Synthetic_14_P__pptx_small__lsb1.png,extended_xl,PPTX,PPTX,small,1,no_markers,ZIP,0
XL-Synthetic_14_P__pptx_small__lsb2.png,extended_xl,PPTX,PPTX,small,2,full,PPTX,1
XL-Synthetic_14_P__pptx_small__lsb2.png,extended_xl,PPTX,PPTX,small,2,no_deinterleaving,UNKNOWN,0
XL-Synthetic_14_P__pptx_small__lsb2.png,extended_xl,PPTX,PPTX,small,2,no_buffer,ZIP,0
XL-Synthetic_14_P__pptx_small__lsb2.png,extended_xl,PPTX,PPTX,small,2,no_markers,ZIP,0
XL-Synthetic_14_P__pptx_small__lsb3.png,extended_xl,PPTX,PPTX,small,3,full,PPTX,1
XL-Synthetic_14_P__pptx_small__lsb3.png,extended_xl,PPTX,PPTX,small,3,no_deinterleaving,UNKNOWN,0
XL-Synthetic_14_P__pptx_small__lsb3.png,extended_xl,PPTX,PPTX,small,3,no_buffer,ZIP,0
XL-Synthetic_14_P__pptx_small__lsb3.png,extended_xl,PPTX,PPTX,small,3,no_markers,ZIP,0
XL-Synthetic_14_P__rtf_large__lsb3.png,extended_xl,RTF,RTF,large,3,full,RTF,1
XL-Synthetic_14_P__rtf_large__lsb3.png,extended_xl,RTF,RTF,large,3,no_deinterleaving,UNKNOWN,0
XL-Synthetic_14_P__rtf_large__lsb3.png,extended_xl,RTF,RTF,large,3,no_buffer,RTF,1
XL-Synthetic_14_P__rtf_large__lsb3.png,extended_xl,RTF,RTF,large,3,no_markers,RTF,1
XL-Synthetic_14_P__rtf_medium__lsb2.png,extended_xl,RTF,RTF,medium,2,full,RTF,1
XL-Synthetic_14_P__rtf_medium__lsb2.png,extended_xl,RTF,RTF,medium,2,no_deinterleaving,UNKNOWN,0
XL-Synthetic_14_P__rtf_medium__lsb2.png,extended_xl,RTF,RTF,medium,2,no_buffer,RTF,1
XL-Synthetic_14_P__rtf_medium__lsb2.png,extended_xl,RTF,RTF,medium,2,no_markers,RTF,1
XL-Synthetic_14_P__rtf_medium__lsb3.png,extended_xl,RTF,RTF,medium,3,full,RTF,1
XL-Synthetic_14_P__rtf_medium__lsb3.png,extended_xl,RTF,RTF,medium,3,no_deinterleaving,UNKNOWN,0
XL-Synthetic_14_P__rtf_medium__lsb3.png,extended_xl,RTF,RTF,medium,3,no_buffer,RTF,1
XL-Synthetic_14_P__rtf_medium__lsb3.png,extended_xl,RTF,RTF,medium,3,no_markers,RTF,1
XL-Synthetic_14_P__rtf_small__lsb1.png,extended_xl,RTF,RTF,small,1,full,RTF,1
XL-Synthetic_14_P__rtf_small__lsb1.png,extended_xl,RTF,RTF,small,1,no_deinterleaving,RTF,1
XL-Synthetic_14_P__rtf_small__lsb1.png,extended_xl,RTF,RTF,small,1,no_buffer,RTF,1
XL-Synthetic_14_P__rtf_small__lsb1.png,extended_xl,RTF,RTF,small,1,no_markers,RTF,1
XL-Synthetic_14_P__rtf_small__lsb2.png,extended_xl,RTF,RTF,small,2,full,RTF,1
XL-Synthetic_14_P__rtf_small__lsb2.png,extended_xl,RTF,RTF,small,2,no_deinterleaving,UNKNOWN,0
XL-Synthetic_14_P__rtf_small__lsb2.png,extended_xl,RTF,RTF,small,2,no_buffer,RTF,1
XL-Synthetic_14_P__rtf_small__lsb2.png,extended_xl,RTF,RTF,small,2,no_markers,RTF,1
XL-Synthetic_14_P__rtf_small__lsb3.png,extended_xl,RTF,RTF,small,3,full,RTF,1
XL-Synthetic_14_P__rtf_small__lsb3.png,extended_xl,RTF,RTF,small,3,no_deinterleaving,UNKNOWN,0
XL-Synthetic_14_P__rtf_small__lsb3.png,extended_xl,RTF,RTF,small,3,no_buffer,RTF,1
XL-Synthetic_14_P__rtf_small__lsb3.png,extended_xl,RTF,RTF,small,3,no_markers,RTF,1
XL-Synthetic_14_P__xlsx_large__lsb3.png,extended_xl,XLSX,XLSX,large,3,full,XLSX,1
XL-Synthetic_14_P__xlsx_large__lsb3.png,extended_xl,XLSX,XLSX,large,3,no_deinterleaving,UNKNOWN,0
XL-Synthetic_14_P__xlsx_large__lsb3.png,extended_xl,XLSX,XLSX,large,3,no_buffer,ZIP,0
XL-Synthetic_14_P__xlsx_large__lsb3.png,extended_xl,XLSX,XLSX,large,3,no_markers,ZIP,0
XL-Synthetic_14_P__xlsx_medium__lsb2.png,extended_xl,XLSX,XLSX,medium,2,full,XLSX,1
XL-Synthetic_14_P__xlsx_medium__lsb2.png,extended_xl,XLSX,XLSX,medium,2,no_deinterleaving,UNKNOWN,0
XL-Synthetic_14_P__xlsx_medium__lsb2.png,extended_xl,XLSX,XLSX,medium,2,no_buffer,ZIP,0
XL-Synthetic_14_P__xlsx_medium__lsb2.png,extended_xl,XLSX,XLSX,medium,2,no_markers,ZIP,0
XL-Synthetic_14_P__xlsx_medium__lsb3.png,extended_xl,XLSX,XLSX,medium,3,full,XLSX,1
XL-Synthetic_14_P__xlsx_medium__lsb3.png,extended_xl,XLSX,XLSX,medium,3,no_deinterleaving,UNKNOWN,0
XL-Synthetic_14_P__xlsx_medium__lsb3.png,extended_xl,XLSX,XLSX,medium,3,no_buffer,ZIP,0
XL-Synthetic_14_P__xlsx_medium__lsb3.png,extended_xl,XLSX,XLSX,medium,3,no_markers,ZIP,0
XL-Synthetic_14_P__xlsx_small__lsb1.png,extended_xl,XLSX,XLSX,small,1,full,XLSX,1
XL-Synthetic_14_P__xlsx_small__lsb1.png,extended_xl,XLSX,XLSX,small,1,no_deinterleaving,XLSX,1
XL-Synthetic_14_P__xlsx_small__lsb1.png,extended_xl,XLSX,XLSX,small,1,no_buffer,ZIP,0
XL-Synthetic_14_P__xlsx_small__lsb1.png,extended_xl,XLSX,XLSX,small,1,no_markers,ZIP,0
XL-Synthetic_14_P__xlsx_small__lsb2.png,extended_xl,XLSX,XLSX,small,2,full,XLSX,1
XL-Synthetic_14_P__xlsx_small__lsb2.png,extended_xl,XLSX,XLSX,small,2,no_deinterleaving,UNKNOWN,0
XL-Synthetic_14_P__xlsx_small__lsb2.png,extended_xl,XLSX,XLSX,small,2,no_buffer,ZIP,0
XL-Synthetic_14_P__xlsx_small__lsb2.png,extended_xl,XLSX,XLSX,small,2,no_markers,ZIP,0
XL-Synthetic_14_P__xlsx_small__lsb3.png,extended_xl,XLSX,XLSX,small,3,full,XLSX,1
XL-Synthetic_14_P__xlsx_small__lsb3.png,extended_xl,XLSX,XLSX,small,3,no_deinterleaving,UNKNOWN,0
XL-Synthetic_14_P__xlsx_small__lsb3.png,extended_xl,XLSX,XLSX,small,3,no_buffer,ZIP,0
XL-Synthetic_14_P__xlsx_small__lsb3.png,extended_xl,XLSX,XLSX,small,3,no_markers,ZIP,0
XL-Synthetic_15_B__docx_large__lsb1.bmp,extended_xl,DOCX,DOCX,large,1,full,DOCX,1
XL-Synthetic_15_B__docx_large__lsb1.bmp,extended_xl,DOCX,DOCX,large,1,no_deinterleaving,DOCX,1
XL-Synthetic_15_B__docx_large__lsb1.bmp,extended_xl,DOCX,DOCX,large,1,no_buffer,ZIP,0
XL-Synthetic_15_B__docx_large__lsb1.bmp,extended_xl,DOCX,DOCX,large,1,no_markers,ZIP,0
XL-Synthetic_15_B__docx_large__lsb2.bmp,extended_xl,DOCX,DOCX,large,2,full,DOCX,1
XL-Synthetic_15_B__docx_large__lsb2.bmp,extended_xl,DOCX,DOCX,large,2,no_deinterleaving,UNKNOWN,0
XL-Synthetic_15_B__docx_large__lsb2.bmp,extended_xl,DOCX,DOCX,large,2,no_buffer,ZIP,0
XL-Synthetic_15_B__docx_large__lsb2.bmp,extended_xl,DOCX,DOCX,large,2,no_markers,ZIP,0
XL-Synthetic_15_B__docx_large__lsb3.bmp,extended_xl,DOCX,DOCX,large,3,full,DOCX,1
XL-Synthetic_15_B__docx_large__lsb3.bmp,extended_xl,DOCX,DOCX,large,3,no_deinterleaving,UNKNOWN,0
XL-Synthetic_15_B__docx_large__lsb3.bmp,extended_xl,DOCX,DOCX,large,3,no_buffer,ZIP,0
XL-Synthetic_15_B__docx_large__lsb3.bmp,extended_xl,DOCX,DOCX,large,3,no_markers,ZIP,0
XL-Synthetic_15_B__docx_medium__lsb1.bmp,extended_xl,DOCX,DOCX,medium,1,full,DOCX,1
XL-Synthetic_15_B__docx_medium__lsb1.bmp,extended_xl,DOCX,DOCX,medium,1,no_deinterleaving,DOCX,1
XL-Synthetic_15_B__docx_medium__lsb1.bmp,extended_xl,DOCX,DOCX,medium,1,no_buffer,ZIP,0
XL-Synthetic_15_B__docx_medium__lsb1.bmp,extended_xl,DOCX,DOCX,medium,1,no_markers,ZIP,0
XL-Synthetic_15_B__docx_medium__lsb2.bmp,extended_xl,DOCX,DOCX,medium,2,full,DOCX,1
XL-Synthetic_15_B__docx_medium__lsb2.bmp,extended_xl,DOCX,DOCX,medium,2,no_deinterleaving,UNKNOWN,0
XL-Synthetic_15_B__docx_medium__lsb2.bmp,extended_xl,DOCX,DOCX,medium,2,no_buffer,ZIP,0
XL-Synthetic_15_B__docx_medium__lsb2.bmp,extended_xl,DOCX,DOCX,medium,2,no_markers,ZIP,0
XL-Synthetic_15_B__docx_medium__lsb3.bmp,extended_xl,DOCX,DOCX,medium,3,full,DOCX,1
XL-Synthetic_15_B__docx_medium__lsb3.bmp,extended_xl,DOCX,DOCX,medium,3,no_deinterleaving,UNKNOWN,0
XL-Synthetic_15_B__docx_medium__lsb3.bmp,extended_xl,DOCX,DOCX,medium,3,no_buffer,ZIP,0
XL-Synthetic_15_B__docx_medium__lsb3.bmp,extended_xl,DOCX,DOCX,medium,3,no_markers,ZIP,0
XL-Synthetic_15_B__docx_small__lsb1.bmp,extended_xl,DOCX,DOCX,small,1,full,DOCX,1
XL-Synthetic_15_B__docx_small__lsb1.bmp,extended_xl,DOCX,DOCX,small,1,no_deinterleaving,DOCX,1
XL-Synthetic_15_B__docx_small__lsb1.bmp,extended_xl,DOCX,DOCX,small,1,no_buffer,ZIP,0
XL-Synthetic_15_B__docx_small__lsb1.bmp,extended_xl,DOCX,DOCX,small,1,no_markers,ZIP,0
XL-Synthetic_15_B__docx_small__lsb2.bmp,extended_xl,DOCX,DOCX,small,2,full,DOCX,1
XL-Synthetic_15_B__docx_small__lsb2.bmp,extended_xl,DOCX,DOCX,small,2,no_deinterleaving,UNKNOWN,0
XL-Synthetic_15_B__docx_small__lsb2.bmp,extended_xl,DOCX,DOCX,small,2,no_buffer,ZIP,0
XL-Synthetic_15_B__docx_small__lsb2.bmp,extended_xl,DOCX,DOCX,small,2,no_markers,ZIP,0
XL-Synthetic_15_B__docx_small__lsb3.bmp,extended_xl,DOCX,DOCX,small,3,full,DOCX,1
XL-Synthetic_15_B__docx_small__lsb3.bmp,extended_xl,DOCX,DOCX,small,3,no_deinterleaving,UNKNOWN,0
XL-Synthetic_15_B__docx_small__lsb3.bmp,extended_xl,DOCX,DOCX,small,3,no_buffer,ZIP,0
XL-Synthetic_15_B__docx_small__lsb3.bmp,extended_xl,DOCX,DOCX,small,3,no_markers,ZIP,0
XL-Synthetic_15_B__exe_large__lsb1.bmp,extended_xl,EXE,EXE,large,1,full,EXE,1
XL-Synthetic_15_B__exe_large__lsb1.bmp,extended_xl,EXE,EXE,large,1,no_deinterleaving,EXE,1
XL-Synthetic_15_B__exe_large__lsb1.bmp,extended_xl,EXE,EXE,large,1,no_buffer,EXE,1
XL-Synthetic_15_B__exe_large__lsb1.bmp,extended_xl,EXE,EXE,large,1,no_markers,EXE,1
XL-Synthetic_15_B__exe_large__lsb2.bmp,extended_xl,EXE,EXE,large,2,full,EXE,1
XL-Synthetic_15_B__exe_large__lsb2.bmp,extended_xl,EXE,EXE,large,2,no_deinterleaving,UNKNOWN,0
XL-Synthetic_15_B__exe_large__lsb2.bmp,extended_xl,EXE,EXE,large,2,no_buffer,EXE,1
XL-Synthetic_15_B__exe_large__lsb2.bmp,extended_xl,EXE,EXE,large,2,no_markers,EXE,1
XL-Synthetic_15_B__exe_large__lsb3.bmp,extended_xl,EXE,EXE,large,3,full,EXE,1
XL-Synthetic_15_B__exe_large__lsb3.bmp,extended_xl,EXE,EXE,large,3,no_deinterleaving,UNKNOWN,0
XL-Synthetic_15_B__exe_large__lsb3.bmp,extended_xl,EXE,EXE,large,3,no_buffer,EXE,1
XL-Synthetic_15_B__exe_large__lsb3.bmp,extended_xl,EXE,EXE,large,3,no_markers,EXE,1
XL-Synthetic_15_B__exe_medium__lsb1.bmp,extended_xl,EXE,EXE,medium,1,full,EXE,1
XL-Synthetic_15_B__exe_medium__lsb1.bmp,extended_xl,EXE,EXE,medium,1,no_deinterleaving,EXE,1
XL-Synthetic_15_B__exe_medium__lsb1.bmp,extended_xl,EXE,EXE,medium,1,no_buffer,EXE,1
XL-Synthetic_15_B__exe_medium__lsb1.bmp,extended_xl,EXE,EXE,medium,1,no_markers,EXE,1
XL-Synthetic_15_B__exe_medium__lsb2.bmp,extended_xl,EXE,EXE,medium,2,full,EXE,1
XL-Synthetic_15_B__exe_medium__lsb2.bmp,extended_xl,EXE,EXE,medium,2,no_deinterleaving,UNKNOWN,0
XL-Synthetic_15_B__exe_medium__lsb2.bmp,extended_xl,EXE,EXE,medium,2,no_buffer,EXE,1
XL-Synthetic_15_B__exe_medium__lsb2.bmp,extended_xl,EXE,EXE,medium,2,no_markers,EXE,1
XL-Synthetic_15_B__exe_medium__lsb3.bmp,extended_xl,EXE,EXE,medium,3,full,EXE,1
XL-Synthetic_15_B__exe_medium__lsb3.bmp,extended_xl,EXE,EXE,medium,3,no_deinterleaving,UNKNOWN,0
XL-Synthetic_15_B__exe_medium__lsb3.bmp,extended_xl,EXE,EXE,medium,3,no_buffer,EXE,1
XL-Synthetic_15_B__exe_medium__lsb3.bmp,extended_xl,EXE,EXE,medium,3,no_markers,EXE,1
XL-Synthetic_15_B__exe_small__lsb1.bmp,extended_xl,EXE,EXE,small,1,full,EXE,1
XL-Synthetic_15_B__exe_small__lsb1.bmp,extended_xl,EXE,EXE,small,1,no_deinterleaving,EXE,1
XL-Synthetic_15_B__exe_small__lsb1.bmp,extended_xl,EXE,EXE,small,1,no_buffer,EXE,1
XL-Synthetic_15_B__exe_small__lsb1.bmp,extended_xl,EXE,EXE,small,1,no_markers,EXE,1
XL-Synthetic_15_B__exe_small__lsb2.bmp,extended_xl,EXE,EXE,small,2,full,EXE,1
XL-Synthetic_15_B__exe_small__lsb2.bmp,extended_xl,EXE,EXE,small,2,no_deinterleaving,UNKNOWN,0
XL-Synthetic_15_B__exe_small__lsb2.bmp,extended_xl,EXE,EXE,small,2,no_buffer,EXE,1
XL-Synthetic_15_B__exe_small__lsb2.bmp,extended_xl,EXE,EXE,small,2,no_markers,EXE,1
XL-Synthetic_15_B__exe_small__lsb3.bmp,extended_xl,EXE,EXE,small,3,full,EXE,1
XL-Synthetic_15_B__exe_small__lsb3.bmp,extended_xl,EXE,EXE,small,3,no_deinterleaving,UNKNOWN,0
XL-Synthetic_15_B__exe_small__lsb3.bmp,extended_xl,EXE,EXE,small,3,no_buffer,EXE,1
XL-Synthetic_15_B__exe_small__lsb3.bmp,extended_xl,EXE,EXE,small,3,no_markers,EXE,1
XL-Synthetic_15_B__pdf_large__lsb1.bmp,extended_xl,PDF,PDF,large,1,full,PDF,1
XL-Synthetic_15_B__pdf_large__lsb1.bmp,extended_xl,PDF,PDF,large,1,no_deinterleaving,PDF,1
XL-Synthetic_15_B__pdf_large__lsb1.bmp,extended_xl,PDF,PDF,large,1,no_buffer,PDF,1
XL-Synthetic_15_B__pdf_large__lsb1.bmp,extended_xl,PDF,PDF,large,1,no_markers,PDF,1
XL-Synthetic_15_B__pdf_large__lsb2.bmp,extended_xl,PDF,PDF,large,2,full,PDF,1
XL-Synthetic_15_B__pdf_large__lsb2.bmp,extended_xl,PDF,PDF,large,2,no_deinterleaving,UNKNOWN,0
XL-Synthetic_15_B__pdf_large__lsb2.bmp,extended_xl,PDF,PDF,large,2,no_buffer,PDF,1
XL-Synthetic_15_B__pdf_large__lsb2.bmp,extended_xl,PDF,PDF,large,2,no_markers,PDF,1
XL-Synthetic_15_B__pdf_large__lsb3.bmp,extended_xl,PDF,PDF,large,3,full,PDF,1
XL-Synthetic_15_B__pdf_large__lsb3.bmp,extended_xl,PDF,PDF,large,3,no_deinterleaving,UNKNOWN,0
XL-Synthetic_15_B__pdf_large__lsb3.bmp,extended_xl,PDF,PDF,large,3,no_buffer,PDF,1
XL-Synthetic_15_B__pdf_large__lsb3.bmp,extended_xl,PDF,PDF,large,3,no_markers,PDF,1
XL-Synthetic_15_B__pdf_medium__lsb1.bmp,extended_xl,PDF,PDF,medium,1,full,PDF,1
XL-Synthetic_15_B__pdf_medium__lsb1.bmp,extended_xl,PDF,PDF,medium,1,no_deinterleaving,PDF,1
XL-Synthetic_15_B__pdf_medium__lsb1.bmp,extended_xl,PDF,PDF,medium,1,no_buffer,PDF,1
XL-Synthetic_15_B__pdf_medium__lsb1.bmp,extended_xl,PDF,PDF,medium,1,no_markers,PDF,1
XL-Synthetic_15_B__pdf_medium__lsb2.bmp,extended_xl,PDF,PDF,medium,2,full,PDF,1
XL-Synthetic_15_B__pdf_medium__lsb2.bmp,extended_xl,PDF,PDF,medium,2,no_deinterleaving,UNKNOWN,0
XL-Synthetic_15_B__pdf_medium__lsb2.bmp,extended_xl,PDF,PDF,medium,2,no_buffer,PDF,1
XL-Synthetic_15_B__pdf_medium__lsb2.bmp,extended_xl,PDF,PDF,medium,2,no_markers,PDF,1
XL-Synthetic_15_B__pdf_medium__lsb3.bmp,extended_xl,PDF,PDF,medium,3,full,PDF,1
XL-Synthetic_15_B__pdf_medium__lsb3.bmp,extended_xl,PDF,PDF,medium,3,no_deinterleaving,UNKNOWN,0
XL-Synthetic_15_B__pdf_medium__lsb3.bmp,extended_xl,PDF,PDF,medium,3,no_buffer,PDF,1
XL-Synthetic_15_B__pdf_medium__lsb3.bmp,extended_xl,PDF,PDF,medium,3,no_markers,PDF,1
XL-Synthetic_15_B__pdf_small__lsb1.bmp,extended_xl,PDF,PDF,small,1,full,PDF,1
XL-Synthetic_15_B__pdf_small__lsb1.bmp,extended_xl,PDF,PDF,small,1,no_deinterleaving,PDF,1
XL-Synthetic_15_B__pdf_small__lsb1.bmp,extended_xl,PDF,PDF,small,1,no_buffer,PDF,1
XL-Synthetic_15_B__pdf_small__lsb1.bmp,extended_xl,PDF,PDF,small,1,no_markers,PDF,1
XL-Synthetic_15_B__pdf_small__lsb2.bmp,extended_xl,PDF,PDF,small,2,full,PDF,1
XL-Synthetic_15_B__pdf_small__lsb2.bmp,extended_xl,PDF,PDF,small,2,no_deinterleaving,UNKNOWN,0
XL-Synthetic_15_B__pdf_small__lsb2.bmp,extended_xl,PDF,PDF,small,2,no_buffer,PDF,1
XL-Synthetic_15_B__pdf_small__lsb2.bmp,extended_xl,PDF,PDF,small,2,no_markers,PDF,1
XL-Synthetic_15_B__pdf_small__lsb3.bmp,extended_xl,PDF,PDF,small,3,full,PDF,1
XL-Synthetic_15_B__pdf_small__lsb3.bmp,extended_xl,PDF,PDF,small,3,no_deinterleaving,UNKNOWN,0
XL-Synthetic_15_B__pdf_small__lsb3.bmp,extended_xl,PDF,PDF,small,3,no_buffer,PDF,1
XL-Synthetic_15_B__pdf_small__lsb3.bmp,extended_xl,PDF,PDF,small,3,no_markers,PDF,1
XL-Synthetic_15_B__pptx_large__lsb1.bmp,extended_xl,PPTX,PPTX,large,1,full,PPTX,1
XL-Synthetic_15_B__pptx_large__lsb1.bmp,extended_xl,PPTX,PPTX,large,1,no_deinterleaving,PPTX,1
XL-Synthetic_15_B__pptx_large__lsb1.bmp,extended_xl,PPTX,PPTX,large,1,no_buffer,ZIP,0
XL-Synthetic_15_B__pptx_large__lsb1.bmp,extended_xl,PPTX,PPTX,large,1,no_markers,ZIP,0
XL-Synthetic_15_B__pptx_large__lsb2.bmp,extended_xl,PPTX,PPTX,large,2,full,PPTX,1
XL-Synthetic_15_B__pptx_large__lsb2.bmp,extended_xl,PPTX,PPTX,large,2,no_deinterleaving,UNKNOWN,0
XL-Synthetic_15_B__pptx_large__lsb2.bmp,extended_xl,PPTX,PPTX,large,2,no_buffer,ZIP,0
XL-Synthetic_15_B__pptx_large__lsb2.bmp,extended_xl,PPTX,PPTX,large,2,no_markers,ZIP,0
XL-Synthetic_15_B__pptx_large__lsb3.bmp,extended_xl,PPTX,PPTX,large,3,full,PPTX,1
XL-Synthetic_15_B__pptx_large__lsb3.bmp,extended_xl,PPTX,PPTX,large,3,no_deinterleaving,UNKNOWN,0
XL-Synthetic_15_B__pptx_large__lsb3.bmp,extended_xl,PPTX,PPTX,large,3,no_buffer,ZIP,0
XL-Synthetic_15_B__pptx_large__lsb3.bmp,extended_xl,PPTX,PPTX,large,3,no_markers,ZIP,0
XL-Synthetic_15_B__pptx_medium__lsb1.bmp,extended_xl,PPTX,PPTX,medium,1,full,PPTX,1
XL-Synthetic_15_B__pptx_medium__lsb1.bmp,extended_xl,PPTX,PPTX,medium,1,no_deinterleaving,PPTX,1
XL-Synthetic_15_B__pptx_medium__lsb1.bmp,extended_xl,PPTX,PPTX,medium,1,no_buffer,ZIP,0
XL-Synthetic_15_B__pptx_medium__lsb1.bmp,extended_xl,PPTX,PPTX,medium,1,no_markers,ZIP,0
XL-Synthetic_15_B__pptx_medium__lsb2.bmp,extended_xl,PPTX,PPTX,medium,2,full,PPTX,1
XL-Synthetic_15_B__pptx_medium__lsb2.bmp,extended_xl,PPTX,PPTX,medium,2,no_deinterleaving,UNKNOWN,0
XL-Synthetic_15_B__pptx_medium__lsb2.bmp,extended_xl,PPTX,PPTX,medium,2,no_buffer,ZIP,0
XL-Synthetic_15_B__pptx_medium__lsb2.bmp,extended_xl,PPTX,PPTX,medium,2,no_markers,ZIP,0
XL-Synthetic_15_B__pptx_medium__lsb3.bmp,extended_xl,PPTX,PPTX,medium,3,full,PPTX,1
XL-Synthetic_15_B__pptx_medium__lsb3.bmp,extended_xl,PPTX,PPTX,medium,3,no_deinterleaving,UNKNOWN,0
XL-Synthetic_15_B__pptx_medium__lsb3.bmp,extended_xl,PPTX,PPTX,medium,3,no_buffer,ZIP,0
XL-Synthetic_15_B__pptx_medium__lsb3.bmp,extended_xl,PPTX,PPTX,medium,3,no_markers,ZIP,0
XL-Synthetic_15_B__pptx_small__lsb1.bmp,extended_xl,PPTX,PPTX,small,1,full,PPTX,1
XL-Synthetic_15_B__pptx_small__lsb1.bmp,extended_xl,PPTX,PPTX,small,1,no_deinterleaving,PPTX,1
XL-Synthetic_15_B__pptx_small__lsb1.bmp,extended_xl,PPTX,PPTX,small,1,no_buffer,ZIP,0
XL-Synthetic_15_B__pptx_small__lsb1.bmp,extended_xl,PPTX,PPTX,small,1,no_markers,ZIP,0
XL-Synthetic_15_B__pptx_small__lsb2.bmp,extended_xl,PPTX,PPTX,small,2,full,PPTX,1
XL-Synthetic_15_B__pptx_small__lsb2.bmp,extended_xl,PPTX,PPTX,small,2,no_deinterleaving,UNKNOWN,0
XL-Synthetic_15_B__pptx_small__lsb2.bmp,extended_xl,PPTX,PPTX,small,2,no_buffer,ZIP,0
XL-Synthetic_15_B__pptx_small__lsb2.bmp,extended_xl,PPTX,PPTX,small,2,no_markers,ZIP,0
XL-Synthetic_15_B__pptx_small__lsb3.bmp,extended_xl,PPTX,PPTX,small,3,full,PPTX,1
XL-Synthetic_15_B__pptx_small__lsb3.bmp,extended_xl,PPTX,PPTX,small,3,no_deinterleaving,UNKNOWN,0
XL-Synthetic_15_B__pptx_small__lsb3.bmp,extended_xl,PPTX,PPTX,small,3,no_buffer,ZIP,0
XL-Synthetic_15_B__pptx_small__lsb3.bmp,extended_xl,PPTX,PPTX,small,3,no_markers,ZIP,0
XL-Synthetic_15_B__rtf_large__lsb1.bmp,extended_xl,RTF,RTF,large,1,full,RTF,1
XL-Synthetic_15_B__rtf_large__lsb1.bmp,extended_xl,RTF,RTF,large,1,no_deinterleaving,RTF,1
XL-Synthetic_15_B__rtf_large__lsb1.bmp,extended_xl,RTF,RTF,large,1,no_buffer,RTF,1
XL-Synthetic_15_B__rtf_large__lsb1.bmp,extended_xl,RTF,RTF,large,1,no_markers,RTF,1
XL-Synthetic_15_B__rtf_large__lsb2.bmp,extended_xl,RTF,RTF,large,2,full,RTF,1
XL-Synthetic_15_B__rtf_large__lsb2.bmp,extended_xl,RTF,RTF,large,2,no_deinterleaving,UNKNOWN,0
XL-Synthetic_15_B__rtf_large__lsb2.bmp,extended_xl,RTF,RTF,large,2,no_buffer,RTF,1
XL-Synthetic_15_B__rtf_large__lsb2.bmp,extended_xl,RTF,RTF,large,2,no_markers,RTF,1
XL-Synthetic_15_B__rtf_large__lsb3.bmp,extended_xl,RTF,RTF,large,3,full,RTF,1
XL-Synthetic_15_B__rtf_large__lsb3.bmp,extended_xl,RTF,RTF,large,3,no_deinterleaving,UNKNOWN,0
XL-Synthetic_15_B__rtf_large__lsb3.bmp,extended_xl,RTF,RTF,large,3,no_buffer,RTF,1
XL-Synthetic_15_B__rtf_large__lsb3.bmp,extended_xl,RTF,RTF,large,3,no_markers,RTF,1
XL-Synthetic_15_B__rtf_medium__lsb1.bmp,extended_xl,RTF,RTF,medium,1,full,RTF,1
XL-Synthetic_15_B__rtf_medium__lsb1.bmp,extended_xl,RTF,RTF,medium,1,no_deinterleaving,RTF,1
XL-Synthetic_15_B__rtf_medium__lsb1.bmp,extended_xl,RTF,RTF,medium,1,no_buffer,RTF,1
XL-Synthetic_15_B__rtf_medium__lsb1.bmp,extended_xl,RTF,RTF,medium,1,no_markers,RTF,1
XL-Synthetic_15_B__rtf_medium__lsb2.bmp,extended_xl,RTF,RTF,medium,2,full,RTF,1
XL-Synthetic_15_B__rtf_medium__lsb2.bmp,extended_xl,RTF,RTF,medium,2,no_deinterleaving,UNKNOWN,0
XL-Synthetic_15_B__rtf_medium__lsb2.bmp,extended_xl,RTF,RTF,medium,2,no_buffer,RTF,1
XL-Synthetic_15_B__rtf_medium__lsb2.bmp,extended_xl,RTF,RTF,medium,2,no_markers,RTF,1
XL-Synthetic_15_B__rtf_medium__lsb3.bmp,extended_xl,RTF,RTF,medium,3,full,RTF,1
XL-Synthetic_15_B__rtf_medium__lsb3.bmp,extended_xl,RTF,RTF,medium,3,no_deinterleaving,UNKNOWN,0
XL-Synthetic_15_B__rtf_medium__lsb3.bmp,extended_xl,RTF,RTF,medium,3,no_buffer,RTF,1
XL-Synthetic_15_B__rtf_medium__lsb3.bmp,extended_xl,RTF,RTF,medium,3,no_markers,RTF,1
XL-Synthetic_15_B__rtf_small__lsb1.bmp,extended_xl,RTF,RTF,small,1,full,RTF,1
XL-Synthetic_15_B__rtf_small__lsb1.bmp,extended_xl,RTF,RTF,small,1,no_deinterleaving,RTF,1
XL-Synthetic_15_B__rtf_small__lsb1.bmp,extended_xl,RTF,RTF,small,1,no_buffer,RTF,1
XL-Synthetic_15_B__rtf_small__lsb1.bmp,extended_xl,RTF,RTF,small,1,no_markers,RTF,1
XL-Synthetic_15_B__rtf_small__lsb2.bmp,extended_xl,RTF,RTF,small,2,full,RTF,1
XL-Synthetic_15_B__rtf_small__lsb2.bmp,extended_xl,RTF,RTF,small,2,no_deinterleaving,UNKNOWN,0
XL-Synthetic_15_B__rtf_small__lsb2.bmp,extended_xl,RTF,RTF,small,2,no_buffer,RTF,1
XL-Synthetic_15_B__rtf_small__lsb2.bmp,extended_xl,RTF,RTF,small,2,no_markers,RTF,1
XL-Synthetic_15_B__rtf_small__lsb3.bmp,extended_xl,RTF,RTF,small,3,full,RTF,1
XL-Synthetic_15_B__rtf_small__lsb3.bmp,extended_xl,RTF,RTF,small,3,no_deinterleaving,UNKNOWN,0
XL-Synthetic_15_B__rtf_small__lsb3.bmp,extended_xl,RTF,RTF,small,3,no_buffer,RTF,1
XL-Synthetic_15_B__rtf_small__lsb3.bmp,extended_xl,RTF,RTF,small,3,no_markers,RTF,1
XL-Synthetic_15_B__xlsx_large__lsb1.bmp,extended_xl,XLSX,XLSX,large,1,full,XLSX,1
XL-Synthetic_15_B__xlsx_large__lsb1.bmp,extended_xl,XLSX,XLSX,large,1,no_deinterleaving,XLSX,1
XL-Synthetic_15_B__xlsx_large__lsb1.bmp,extended_xl,XLSX,XLSX,large,1,no_buffer,ZIP,0
XL-Synthetic_15_B__xlsx_large__lsb1.bmp,extended_xl,XLSX,XLSX,large,1,no_markers,ZIP,0
XL-Synthetic_15_B__xlsx_large__lsb2.bmp,extended_xl,XLSX,XLSX,large,2,full,XLSX,1
XL-Synthetic_15_B__xlsx_large__lsb2.bmp,extended_xl,XLSX,XLSX,large,2,no_deinterleaving,UNKNOWN,0
XL-Synthetic_15_B__xlsx_large__lsb2.bmp,extended_xl,XLSX,XLSX,large,2,no_buffer,ZIP,0
XL-Synthetic_15_B__xlsx_large__lsb2.bmp,extended_xl,XLSX,XLSX,large,2,no_markers,ZIP,0
XL-Synthetic_15_B__xlsx_large__lsb3.bmp,extended_xl,XLSX,XLSX,large,3,full,XLSX,1
XL-Synthetic_15_B__xlsx_large__lsb3.bmp,extended_xl,XLSX,XLSX,large,3,no_deinterleaving,UNKNOWN,0
XL-Synthetic_15_B__xlsx_large__lsb3.bmp,extended_xl,XLSX,XLSX,large,3,no_buffer,ZIP,0
XL-Synthetic_15_B__xlsx_large__lsb3.bmp,extended_xl,XLSX,XLSX,large,3,no_markers,ZIP,0
XL-Synthetic_15_B__xlsx_medium__lsb1.bmp,extended_xl,XLSX,XLSX,medium,1,full,XLSX,1
XL-Synthetic_15_B__xlsx_medium__lsb1.bmp,extended_xl,XLSX,XLSX,medium,1,no_deinterleaving,XLSX,1
XL-Synthetic_15_B__xlsx_medium__lsb1.bmp,extended_xl,XLSX,XLSX,medium,1,no_buffer,ZIP,0
XL-Synthetic_15_B__xlsx_medium__lsb1.bmp,extended_xl,XLSX,XLSX,medium,1,no_markers,ZIP,0
XL-Synthetic_15_B__xlsx_medium__lsb2.bmp,extended_xl,XLSX,XLSX,medium,2,full,XLSX,1
XL-Synthetic_15_B__xlsx_medium__lsb2.bmp,extended_xl,XLSX,XLSX,medium,2,no_deinterleaving,UNKNOWN,0
XL-Synthetic_15_B__xlsx_medium__lsb2.bmp,extended_xl,XLSX,XLSX,medium,2,no_buffer,ZIP,0
XL-Synthetic_15_B__xlsx_medium__lsb2.bmp,extended_xl,XLSX,XLSX,medium,2,no_markers,ZIP,0
XL-Synthetic_15_B__xlsx_medium__lsb3.bmp,extended_xl,XLSX,XLSX,medium,3,full,XLSX,1
XL-Synthetic_15_B__xlsx_medium__lsb3.bmp,extended_xl,XLSX,XLSX,medium,3,no_deinterleaving,UNKNOWN,0
XL-Synthetic_15_B__xlsx_medium__lsb3.bmp,extended_xl,XLSX,XLSX,medium,3,no_buffer,ZIP,0
XL-Synthetic_15_B__xlsx_medium__lsb3.bmp,extended_xl,XLSX,XLSX,medium,3,no_markers,ZIP,0
XL-Synthetic_15_B__xlsx_small__lsb1.bmp,extended_xl,XLSX,XLSX,small,1,full,XLSX,1
XL-Synthetic_15_B__xlsx_small__lsb1.bmp,extended_xl,XLSX,XLSX,small,1,no_deinterleaving,XLSX,1
XL-Synthetic_15_B__xlsx_small__lsb1.bmp,extended_xl,XLSX,XLSX,small,1,no_buffer,ZIP,0
XL-Synthetic_15_B__xlsx_small__lsb1.bmp,extended_xl,XLSX,XLSX,small,1,no_markers,ZIP,0
XL-Synthetic_15_B__xlsx_small__lsb2.bmp,extended_xl,XLSX,XLSX,small,2,full,XLSX,1
XL-Synthetic_15_B__xlsx_small__lsb2.bmp,extended_xl,XLSX,XLSX,small,2,no_deinterleaving,UNKNOWN,0
XL-Synthetic_15_B__xlsx_small__lsb2.bmp,extended_xl,XLSX,XLSX,small,2,no_buffer,ZIP,0
XL-Synthetic_15_B__xlsx_small__lsb2.bmp,extended_xl,XLSX,XLSX,small,2,no_markers,ZIP,0
XL-Synthetic_15_B__xlsx_small__lsb3.bmp,extended_xl,XLSX,XLSX,small,3,full,XLSX,1
XL-Synthetic_15_B__xlsx_small__lsb3.bmp,extended_xl,XLSX,XLSX,small,3,no_deinterleaving,UNKNOWN,0
XL-Synthetic_15_B__xlsx_small__lsb3.bmp,extended_xl,XLSX,XLSX,small,3,no_buffer,ZIP,0
XL-Synthetic_15_B__xlsx_small__lsb3.bmp,extended_xl,XLSX,XLSX,small,3,no_markers,ZIP,0
XL-Synthetic_15_P__docx_large__lsb3.png,extended_xl,DOCX,DOCX,large,3,full,DOCX,1
XL-Synthetic_15_P__docx_large__lsb3.png,extended_xl,DOCX,DOCX,large,3,no_deinterleaving,UNKNOWN,0
XL-Synthetic_15_P__docx_large__lsb3.png,extended_xl,DOCX,DOCX,large,3,no_buffer,ZIP,0
XL-Synthetic_15_P__docx_large__lsb3.png,extended_xl,DOCX,DOCX,large,3,no_markers,ZIP,0
XL-Synthetic_15_P__docx_medium__lsb2.png,extended_xl,DOCX,DOCX,medium,2,full,DOCX,1
XL-Synthetic_15_P__docx_medium__lsb2.png,extended_xl,DOCX,DOCX,medium,2,no_deinterleaving,UNKNOWN,0
XL-Synthetic_15_P__docx_medium__lsb2.png,extended_xl,DOCX,DOCX,medium,2,no_buffer,ZIP,0
XL-Synthetic_15_P__docx_medium__lsb2.png,extended_xl,DOCX,DOCX,medium,2,no_markers,ZIP,0
XL-Synthetic_15_P__docx_medium__lsb3.png,extended_xl,DOCX,DOCX,medium,3,full,DOCX,1
XL-Synthetic_15_P__docx_medium__lsb3.png,extended_xl,DOCX,DOCX,medium,3,no_deinterleaving,UNKNOWN,0
XL-Synthetic_15_P__docx_medium__lsb3.png,extended_xl,DOCX,DOCX,medium,3,no_buffer,ZIP,0
XL-Synthetic_15_P__docx_medium__lsb3.png,extended_xl,DOCX,DOCX,medium,3,no_markers,ZIP,0
XL-Synthetic_15_P__docx_small__lsb1.png,extended_xl,DOCX,DOCX,small,1,full,DOCX,1
XL-Synthetic_15_P__docx_small__lsb1.png,extended_xl,DOCX,DOCX,small,1,no_deinterleaving,DOCX,1
XL-Synthetic_15_P__docx_small__lsb1.png,extended_xl,DOCX,DOCX,small,1,no_buffer,ZIP,0
XL-Synthetic_15_P__docx_small__lsb1.png,extended_xl,DOCX,DOCX,small,1,no_markers,ZIP,0
XL-Synthetic_15_P__docx_small__lsb2.png,extended_xl,DOCX,DOCX,small,2,full,DOCX,1
XL-Synthetic_15_P__docx_small__lsb2.png,extended_xl,DOCX,DOCX,small,2,no_deinterleaving,UNKNOWN,0
XL-Synthetic_15_P__docx_small__lsb2.png,extended_xl,DOCX,DOCX,small,2,no_buffer,ZIP,0
XL-Synthetic_15_P__docx_small__lsb2.png,extended_xl,DOCX,DOCX,small,2,no_markers,ZIP,0
XL-Synthetic_15_P__docx_small__lsb3.png,extended_xl,DOCX,DOCX,small,3,full,DOCX,1
XL-Synthetic_15_P__docx_small__lsb3.png,extended_xl,DOCX,DOCX,small,3,no_deinterleaving,UNKNOWN,0
XL-Synthetic_15_P__docx_small__lsb3.png,extended_xl,DOCX,DOCX,small,3,no_buffer,ZIP,0
XL-Synthetic_15_P__docx_small__lsb3.png,extended_xl,DOCX,DOCX,small,3,no_markers,ZIP,0
XL-Synthetic_15_P__exe_large__lsb3.png,extended_xl,EXE,EXE,large,3,full,EXE,1
XL-Synthetic_15_P__exe_large__lsb3.png,extended_xl,EXE,EXE,large,3,no_deinterleaving,UNKNOWN,0
XL-Synthetic_15_P__exe_large__lsb3.png,extended_xl,EXE,EXE,large,3,no_buffer,EXE,1
XL-Synthetic_15_P__exe_large__lsb3.png,extended_xl,EXE,EXE,large,3,no_markers,EXE,1
XL-Synthetic_15_P__exe_medium__lsb2.png,extended_xl,EXE,EXE,medium,2,full,EXE,1
XL-Synthetic_15_P__exe_medium__lsb2.png,extended_xl,EXE,EXE,medium,2,no_deinterleaving,UNKNOWN,0
XL-Synthetic_15_P__exe_medium__lsb2.png,extended_xl,EXE,EXE,medium,2,no_buffer,EXE,1
XL-Synthetic_15_P__exe_medium__lsb2.png,extended_xl,EXE,EXE,medium,2,no_markers,EXE,1
XL-Synthetic_15_P__exe_medium__lsb3.png,extended_xl,EXE,EXE,medium,3,full,EXE,1
XL-Synthetic_15_P__exe_medium__lsb3.png,extended_xl,EXE,EXE,medium,3,no_deinterleaving,UNKNOWN,0
XL-Synthetic_15_P__exe_medium__lsb3.png,extended_xl,EXE,EXE,medium,3,no_buffer,EXE,1
XL-Synthetic_15_P__exe_medium__lsb3.png,extended_xl,EXE,EXE,medium,3,no_markers,EXE,1
XL-Synthetic_15_P__exe_small__lsb1.png,extended_xl,EXE,EXE,small,1,full,EXE,1
XL-Synthetic_15_P__exe_small__lsb1.png,extended_xl,EXE,EXE,small,1,no_deinterleaving,EXE,1
XL-Synthetic_15_P__exe_small__lsb1.png,extended_xl,EXE,EXE,small,1,no_buffer,EXE,1
XL-Synthetic_15_P__exe_small__lsb1.png,extended_xl,EXE,EXE,small,1,no_markers,EXE,1
XL-Synthetic_15_P__exe_small__lsb2.png,extended_xl,EXE,EXE,small,2,full,EXE,1
XL-Synthetic_15_P__exe_small__lsb2.png,extended_xl,EXE,EXE,small,2,no_deinterleaving,UNKNOWN,0
XL-Synthetic_15_P__exe_small__lsb2.png,extended_xl,EXE,EXE,small,2,no_buffer,EXE,1
XL-Synthetic_15_P__exe_small__lsb2.png,extended_xl,EXE,EXE,small,2,no_markers,EXE,1
XL-Synthetic_15_P__exe_small__lsb3.png,extended_xl,EXE,EXE,small,3,full,EXE,1
XL-Synthetic_15_P__exe_small__lsb3.png,extended_xl,EXE,EXE,small,3,no_deinterleaving,UNKNOWN,0
XL-Synthetic_15_P__exe_small__lsb3.png,extended_xl,EXE,EXE,small,3,no_buffer,EXE,1
XL-Synthetic_15_P__exe_small__lsb3.png,extended_xl,EXE,EXE,small,3,no_markers,EXE,1
XL-Synthetic_15_P__pdf_large__lsb3.png,extended_xl,PDF,PDF,large,3,full,PDF,1
XL-Synthetic_15_P__pdf_large__lsb3.png,extended_xl,PDF,PDF,large,3,no_deinterleaving,UNKNOWN,0
XL-Synthetic_15_P__pdf_large__lsb3.png,extended_xl,PDF,PDF,large,3,no_buffer,PDF,1
XL-Synthetic_15_P__pdf_large__lsb3.png,extended_xl,PDF,PDF,large,3,no_markers,PDF,1
XL-Synthetic_15_P__pdf_medium__lsb2.png,extended_xl,PDF,PDF,medium,2,full,PDF,1
XL-Synthetic_15_P__pdf_medium__lsb2.png,extended_xl,PDF,PDF,medium,2,no_deinterleaving,UNKNOWN,0
XL-Synthetic_15_P__pdf_medium__lsb2.png,extended_xl,PDF,PDF,medium,2,no_buffer,PDF,1
XL-Synthetic_15_P__pdf_medium__lsb2.png,extended_xl,PDF,PDF,medium,2,no_markers,PDF,1
XL-Synthetic_15_P__pdf_medium__lsb3.png,extended_xl,PDF,PDF,medium,3,full,PDF,1
XL-Synthetic_15_P__pdf_medium__lsb3.png,extended_xl,PDF,PDF,medium,3,no_deinterleaving,UNKNOWN,0
XL-Synthetic_15_P__pdf_medium__lsb3.png,extended_xl,PDF,PDF,medium,3,no_buffer,PDF,1
XL-Synthetic_15_P__pdf_medium__lsb3.png,extended_xl,PDF,PDF,medium,3,no_markers,PDF,1
XL-Synthetic_15_P__pdf_small__lsb1.png,extended_xl,PDF,PDF,small,1,full,PDF,1
XL-Synthetic_15_P__pdf_small__lsb1.png,extended_xl,PDF,PDF,small,1,no_deinterleaving,PDF,1
XL-Synthetic_15_P__pdf_small__lsb1.png,extended_xl,PDF,PDF,small,1,no_buffer,PDF,1
XL-Synthetic_15_P__pdf_small__lsb1.png,extended_xl,PDF,PDF,small,1,no_markers,PDF,1
XL-Synthetic_15_P__pdf_small__lsb2.png,extended_xl,PDF,PDF,small,2,full,PDF,1
XL-Synthetic_15_P__pdf_small__lsb2.png,extended_xl,PDF,PDF,small,2,no_deinterleaving,UNKNOWN,0
XL-Synthetic_15_P__pdf_small__lsb2.png,extended_xl,PDF,PDF,small,2,no_buffer,PDF,1
XL-Synthetic_15_P__pdf_small__lsb2.png,extended_xl,PDF,PDF,small,2,no_markers,PDF,1
XL-Synthetic_15_P__pdf_small__lsb3.png,extended_xl,PDF,PDF,small,3,full,PDF,1
XL-Synthetic_15_P__pdf_small__lsb3.png,extended_xl,PDF,PDF,small,3,no_deinterleaving,UNKNOWN,0
XL-Synthetic_15_P__pdf_small__lsb3.png,extended_xl,PDF,PDF,small,3,no_buffer,PDF,1
XL-Synthetic_15_P__pdf_small__lsb3.png,extended_xl,PDF,PDF,small,3,no_markers,PDF,1
XL-Synthetic_15_P__pptx_large__lsb3.png,extended_xl,PPTX,PPTX,large,3,full,PPTX,1
XL-Synthetic_15_P__pptx_large__lsb3.png,extended_xl,PPTX,PPTX,large,3,no_deinterleaving,UNKNOWN,0
XL-Synthetic_15_P__pptx_large__lsb3.png,extended_xl,PPTX,PPTX,large,3,no_buffer,ZIP,0
XL-Synthetic_15_P__pptx_large__lsb3.png,extended_xl,PPTX,PPTX,large,3,no_markers,ZIP,0
XL-Synthetic_15_P__pptx_medium__lsb2.png,extended_xl,PPTX,PPTX,medium,2,full,PPTX,1
XL-Synthetic_15_P__pptx_medium__lsb2.png,extended_xl,PPTX,PPTX,medium,2,no_deinterleaving,UNKNOWN,0
XL-Synthetic_15_P__pptx_medium__lsb2.png,extended_xl,PPTX,PPTX,medium,2,no_buffer,ZIP,0
XL-Synthetic_15_P__pptx_medium__lsb2.png,extended_xl,PPTX,PPTX,medium,2,no_markers,ZIP,0
XL-Synthetic_15_P__pptx_medium__lsb3.png,extended_xl,PPTX,PPTX,medium,3,full,PPTX,1
XL-Synthetic_15_P__pptx_medium__lsb3.png,extended_xl,PPTX,PPTX,medium,3,no_deinterleaving,UNKNOWN,0
XL-Synthetic_15_P__pptx_medium__lsb3.png,extended_xl,PPTX,PPTX,medium,3,no_buffer,ZIP,0
XL-Synthetic_15_P__pptx_medium__lsb3.png,extended_xl,PPTX,PPTX,medium,3,no_markers,ZIP,0
XL-Synthetic_15_P__pptx_small__lsb1.png,extended_xl,PPTX,PPTX,small,1,full,PPTX,1
XL-Synthetic_15_P__pptx_small__lsb1.png,extended_xl,PPTX,PPTX,small,1,no_deinterleaving,PPTX,1
XL-Synthetic_15_P__pptx_small__lsb1.png,extended_xl,PPTX,PPTX,small,1,no_buffer,ZIP,0
XL-Synthetic_15_P__pptx_small__lsb1.png,extended_xl,PPTX,PPTX,small,1,no_markers,ZIP,0
XL-Synthetic_15_P__pptx_small__lsb2.png,extended_xl,PPTX,PPTX,small,2,full,PPTX,1
XL-Synthetic_15_P__pptx_small__lsb2.png,extended_xl,PPTX,PPTX,small,2,no_deinterleaving,UNKNOWN,0
XL-Synthetic_15_P__pptx_small__lsb2.png,extended_xl,PPTX,PPTX,small,2,no_buffer,ZIP,0
XL-Synthetic_15_P__pptx_small__lsb2.png,extended_xl,PPTX,PPTX,small,2,no_markers,ZIP,0
XL-Synthetic_15_P__pptx_small__lsb3.png,extended_xl,PPTX,PPTX,small,3,full,PPTX,1
XL-Synthetic_15_P__pptx_small__lsb3.png,extended_xl,PPTX,PPTX,small,3,no_deinterleaving,UNKNOWN,0
XL-Synthetic_15_P__pptx_small__lsb3.png,extended_xl,PPTX,PPTX,small,3,no_buffer,ZIP,0
XL-Synthetic_15_P__pptx_small__lsb3.png,extended_xl,PPTX,PPTX,small,3,no_markers,ZIP,0
XL-Synthetic_15_P__rtf_large__lsb3.png,extended_xl,RTF,RTF,large,3,full,RTF,1
XL-Synthetic_15_P__rtf_large__lsb3.png,extended_xl,RTF,RTF,large,3,no_deinterleaving,UNKNOWN,0
XL-Synthetic_15_P__rtf_large__lsb3.png,extended_xl,RTF,RTF,large,3,no_buffer,RTF,1
XL-Synthetic_15_P__rtf_large__lsb3.png,extended_xl,RTF,RTF,large,3,no_markers,RTF,1
XL-Synthetic_15_P__rtf_medium__lsb2.png,extended_xl,RTF,RTF,medium,2,full,RTF,1
XL-Synthetic_15_P__rtf_medium__lsb2.png,extended_xl,RTF,RTF,medium,2,no_deinterleaving,UNKNOWN,0
XL-Synthetic_15_P__rtf_medium__lsb2.png,extended_xl,RTF,RTF,medium,2,no_buffer,RTF,1
XL-Synthetic_15_P__rtf_medium__lsb2.png,extended_xl,RTF,RTF,medium,2,no_markers,RTF,1
XL-Synthetic_15_P__rtf_medium__lsb3.png,extended_xl,RTF,RTF,medium,3,full,RTF,1
XL-Synthetic_15_P__rtf_medium__lsb3.png,extended_xl,RTF,RTF,medium,3,no_deinterleaving,UNKNOWN,0
XL-Synthetic_15_P__rtf_medium__lsb3.png,extended_xl,RTF,RTF,medium,3,no_buffer,RTF,1
XL-Synthetic_15_P__rtf_medium__lsb3.png,extended_xl,RTF,RTF,medium,3,no_markers,RTF,1
XL-Synthetic_15_P__rtf_small__lsb1.png,extended_xl,RTF,RTF,small,1,full,RTF,1
XL-Synthetic_15_P__rtf_small__lsb1.png,extended_xl,RTF,RTF,small,1,no_deinterleaving,RTF,1
XL-Synthetic_15_P__rtf_small__lsb1.png,extended_xl,RTF,RTF,small,1,no_buffer,RTF,1
XL-Synthetic_15_P__rtf_small__lsb1.png,extended_xl,RTF,RTF,small,1,no_markers,RTF,1
XL-Synthetic_15_P__rtf_small__lsb2.png,extended_xl,RTF,RTF,small,2,full,RTF,1
XL-Synthetic_15_P__rtf_small__lsb2.png,extended_xl,RTF,RTF,small,2,no_deinterleaving,UNKNOWN,0
XL-Synthetic_15_P__rtf_small__lsb2.png,extended_xl,RTF,RTF,small,2,no_buffer,RTF,1
XL-Synthetic_15_P__rtf_small__lsb2.png,extended_xl,RTF,RTF,small,2,no_markers,RTF,1
XL-Synthetic_15_P__rtf_small__lsb3.png,extended_xl,RTF,RTF,small,3,full,RTF,1
XL-Synthetic_15_P__rtf_small__lsb3.png,extended_xl,RTF,RTF,small,3,no_deinterleaving,UNKNOWN,0
XL-Synthetic_15_P__rtf_small__lsb3.png,extended_xl,RTF,RTF,small,3,no_buffer,RTF,1
XL-Synthetic_15_P__rtf_small__lsb3.png,extended_xl,RTF,RTF,small,3,no_markers,RTF,1
XL-Synthetic_15_P__xlsx_large__lsb3.png,extended_xl,XLSX,XLSX,large,3,full,XLSX,1
XL-Synthetic_15_P__xlsx_large__lsb3.png,extended_xl,XLSX,XLSX,large,3,no_deinterleaving,UNKNOWN,0
XL-Synthetic_15_P__xlsx_large__lsb3.png,extended_xl,XLSX,XLSX,large,3,no_buffer,ZIP,0
XL-Synthetic_15_P__xlsx_large__lsb3.png,extended_xl,XLSX,XLSX,large,3,no_markers,ZIP,0
XL-Synthetic_15_P__xlsx_medium__lsb2.png,extended_xl,XLSX,XLSX,medium,2,full,XLSX,1
XL-Synthetic_15_P__xlsx_medium__lsb2.png,extended_xl,XLSX,XLSX,medium,2,no_deinterleaving,UNKNOWN,0
XL-Synthetic_15_P__xlsx_medium__lsb2.png,extended_xl,XLSX,XLSX,medium,2,no_buffer,ZIP,0
XL-Synthetic_15_P__xlsx_medium__lsb2.png,extended_xl,XLSX,XLSX,medium,2,no_markers,ZIP,0
XL-Synthetic_15_P__xlsx_medium__lsb3.png,extended_xl,XLSX,XLSX,medium,3,full,XLSX,1
XL-Synthetic_15_P__xlsx_medium__lsb3.png,extended_xl,XLSX,XLSX,medium,3,no_deinterleaving,UNKNOWN,0
XL-Synthetic_15_P__xlsx_medium__lsb3.png,extended_xl,XLSX,XLSX,medium,3,no_buffer,ZIP,0
XL-Synthetic_15_P__xlsx_medium__lsb3.png,extended_xl,XLSX,XLSX,medium,3,no_markers,ZIP,0
XL-Synthetic_15_P__xlsx_small__lsb1.png,extended_xl,XLSX,XLSX,small,1,full,XLSX,1
XL-Synthetic_15_P__xlsx_small__lsb1.png,extended_xl,XLSX,XLSX,small,1,no_deinterleaving,XLSX,1
XL-Synthetic_15_P__xlsx_small__lsb1.png,extended_xl,XLSX,XLSX,small,1,no_buffer,ZIP,0
XL-Synthetic_15_P__xlsx_small__lsb1.png,extended_xl,XLSX,XLSX,small,1,no_markers,ZIP,0
XL-Synthetic_15_P__xlsx_small__lsb2.png,extended_xl,XLSX,XLSX,small,2,full,XLSX,1
XL-Synthetic_15_P__xlsx_small__lsb2.png,extended_xl,XLSX,XLSX,small,2,no_deinterleaving,UNKNOWN,0
XL-Synthetic_15_P__xlsx_small__lsb2.png,extended_xl,XLSX,XLSX,small,2,no_buffer,ZIP,0
XL-Synthetic_15_P__xlsx_small__lsb2.png,extended_xl,XLSX,XLSX,small,2,no_markers,ZIP,0
XL-Synthetic_15_P__xlsx_small__lsb3.png,extended_xl,XLSX,XLSX,small,3,full,XLSX,1
XL-Synthetic_15_P__xlsx_small__lsb3.png,extended_xl,XLSX,XLSX,small,3,no_deinterleaving,UNKNOWN,0
XL-Synthetic_15_P__xlsx_small__lsb3.png,extended_xl,XLSX,XLSX,small,3,no_buffer,ZIP,0
XL-Synthetic_15_P__xlsx_small__lsb3.png,extended_xl,XLSX,XLSX,small,3,no_markers,ZIP,0
XL-Synthetic_1_B__docx_large__lsb1.bmp,extended_xl,DOCX,DOCX,large,1,full,DOCX,1
XL-Synthetic_1_B__docx_large__lsb1.bmp,extended_xl,DOCX,DOCX,large,1,no_deinterleaving,DOCX,1
XL-Synthetic_1_B__docx_large__lsb1.bmp,extended_xl,DOCX,DOCX,large,1,no_buffer,ZIP,0
XL-Synthetic_1_B__docx_large__lsb1.bmp,extended_xl,DOCX,DOCX,large,1,no_markers,ZIP,0
XL-Synthetic_1_B__docx_large__lsb2.bmp,extended_xl,DOCX,DOCX,large,2,full,DOCX,1
XL-Synthetic_1_B__docx_large__lsb2.bmp,extended_xl,DOCX,DOCX,large,2,no_deinterleaving,UNKNOWN,0
XL-Synthetic_1_B__docx_large__lsb2.bmp,extended_xl,DOCX,DOCX,large,2,no_buffer,ZIP,0
XL-Synthetic_1_B__docx_large__lsb2.bmp,extended_xl,DOCX,DOCX,large,2,no_markers,ZIP,0
XL-Synthetic_1_B__docx_large__lsb3.bmp,extended_xl,DOCX,DOCX,large,3,full,DOCX,1
XL-Synthetic_1_B__docx_large__lsb3.bmp,extended_xl,DOCX,DOCX,large,3,no_deinterleaving,UNKNOWN,0
XL-Synthetic_1_B__docx_large__lsb3.bmp,extended_xl,DOCX,DOCX,large,3,no_buffer,ZIP,0
XL-Synthetic_1_B__docx_large__lsb3.bmp,extended_xl,DOCX,DOCX,large,3,no_markers,ZIP,0
XL-Synthetic_1_B__docx_medium__lsb1.bmp,extended_xl,DOCX,DOCX,medium,1,full,DOCX,1
XL-Synthetic_1_B__docx_medium__lsb1.bmp,extended_xl,DOCX,DOCX,medium,1,no_deinterleaving,DOCX,1
XL-Synthetic_1_B__docx_medium__lsb1.bmp,extended_xl,DOCX,DOCX,medium,1,no_buffer,ZIP,0
XL-Synthetic_1_B__docx_medium__lsb1.bmp,extended_xl,DOCX,DOCX,medium,1,no_markers,ZIP,0
XL-Synthetic_1_B__docx_medium__lsb2.bmp,extended_xl,DOCX,DOCX,medium,2,full,DOCX,1
XL-Synthetic_1_B__docx_medium__lsb2.bmp,extended_xl,DOCX,DOCX,medium,2,no_deinterleaving,UNKNOWN,0
XL-Synthetic_1_B__docx_medium__lsb2.bmp,extended_xl,DOCX,DOCX,medium,2,no_buffer,ZIP,0
XL-Synthetic_1_B__docx_medium__lsb2.bmp,extended_xl,DOCX,DOCX,medium,2,no_markers,ZIP,0
XL-Synthetic_1_B__docx_medium__lsb3.bmp,extended_xl,DOCX,DOCX,medium,3,full,DOCX,1
XL-Synthetic_1_B__docx_medium__lsb3.bmp,extended_xl,DOCX,DOCX,medium,3,no_deinterleaving,UNKNOWN,0
XL-Synthetic_1_B__docx_medium__lsb3.bmp,extended_xl,DOCX,DOCX,medium,3,no_buffer,ZIP,0
XL-Synthetic_1_B__docx_medium__lsb3.bmp,extended_xl,DOCX,DOCX,medium,3,no_markers,ZIP,0
XL-Synthetic_1_B__docx_small__lsb1.bmp,extended_xl,DOCX,DOCX,small,1,full,DOCX,1
XL-Synthetic_1_B__docx_small__lsb1.bmp,extended_xl,DOCX,DOCX,small,1,no_deinterleaving,DOCX,1
XL-Synthetic_1_B__docx_small__lsb1.bmp,extended_xl,DOCX,DOCX,small,1,no_buffer,ZIP,0
XL-Synthetic_1_B__docx_small__lsb1.bmp,extended_xl,DOCX,DOCX,small,1,no_markers,ZIP,0
XL-Synthetic_1_B__docx_small__lsb2.bmp,extended_xl,DOCX,DOCX,small,2,full,DOCX,1
XL-Synthetic_1_B__docx_small__lsb2.bmp,extended_xl,DOCX,DOCX,small,2,no_deinterleaving,UNKNOWN,0
XL-Synthetic_1_B__docx_small__lsb2.bmp,extended_xl,DOCX,DOCX,small,2,no_buffer,ZIP,0
XL-Synthetic_1_B__docx_small__lsb2.bmp,extended_xl,DOCX,DOCX,small,2,no_markers,ZIP,0
XL-Synthetic_1_B__docx_small__lsb3.bmp,extended_xl,DOCX,DOCX,small,3,full,DOCX,1
XL-Synthetic_1_B__docx_small__lsb3.bmp,extended_xl,DOCX,DOCX,small,3,no_deinterleaving,UNKNOWN,0
XL-Synthetic_1_B__docx_small__lsb3.bmp,extended_xl,DOCX,DOCX,small,3,no_buffer,ZIP,0
XL-Synthetic_1_B__docx_small__lsb3.bmp,extended_xl,DOCX,DOCX,small,3,no_markers,ZIP,0
XL-Synthetic_1_B__exe_large__lsb1.bmp,extended_xl,EXE,EXE,large,1,full,EXE,1
XL-Synthetic_1_B__exe_large__lsb1.bmp,extended_xl,EXE,EXE,large,1,no_deinterleaving,EXE,1
XL-Synthetic_1_B__exe_large__lsb1.bmp,extended_xl,EXE,EXE,large,1,no_buffer,EXE,1
XL-Synthetic_1_B__exe_large__lsb1.bmp,extended_xl,EXE,EXE,large,1,no_markers,EXE,1
XL-Synthetic_1_B__exe_large__lsb2.bmp,extended_xl,EXE,EXE,large,2,full,EXE,1
XL-Synthetic_1_B__exe_large__lsb2.bmp,extended_xl,EXE,EXE,large,2,no_deinterleaving,UNKNOWN,0
XL-Synthetic_1_B__exe_large__lsb2.bmp,extended_xl,EXE,EXE,large,2,no_buffer,EXE,1
XL-Synthetic_1_B__exe_large__lsb2.bmp,extended_xl,EXE,EXE,large,2,no_markers,EXE,1
XL-Synthetic_1_B__exe_large__lsb3.bmp,extended_xl,EXE,EXE,large,3,full,EXE,1
XL-Synthetic_1_B__exe_large__lsb3.bmp,extended_xl,EXE,EXE,large,3,no_deinterleaving,UNKNOWN,0
XL-Synthetic_1_B__exe_large__lsb3.bmp,extended_xl,EXE,EXE,large,3,no_buffer,EXE,1
XL-Synthetic_1_B__exe_large__lsb3.bmp,extended_xl,EXE,EXE,large,3,no_markers,EXE,1
XL-Synthetic_1_B__exe_medium__lsb1.bmp,extended_xl,EXE,EXE,medium,1,full,EXE,1
XL-Synthetic_1_B__exe_medium__lsb1.bmp,extended_xl,EXE,EXE,medium,1,no_deinterleaving,EXE,1
XL-Synthetic_1_B__exe_medium__lsb1.bmp,extended_xl,EXE,EXE,medium,1,no_buffer,EXE,1
XL-Synthetic_1_B__exe_medium__lsb1.bmp,extended_xl,EXE,EXE,medium,1,no_markers,EXE,1
XL-Synthetic_1_B__exe_medium__lsb2.bmp,extended_xl,EXE,EXE,medium,2,full,EXE,1
XL-Synthetic_1_B__exe_medium__lsb2.bmp,extended_xl,EXE,EXE,medium,2,no_deinterleaving,UNKNOWN,0
XL-Synthetic_1_B__exe_medium__lsb2.bmp,extended_xl,EXE,EXE,medium,2,no_buffer,EXE,1
XL-Synthetic_1_B__exe_medium__lsb2.bmp,extended_xl,EXE,EXE,medium,2,no_markers,EXE,1
XL-Synthetic_1_B__exe_medium__lsb3.bmp,extended_xl,EXE,EXE,medium,3,full,EXE,1
XL-Synthetic_1_B__exe_medium__lsb3.bmp,extended_xl,EXE,EXE,medium,3,no_deinterleaving,UNKNOWN,0
XL-Synthetic_1_B__exe_medium__lsb3.bmp,extended_xl,EXE,EXE,medium,3,no_buffer,EXE,1
XL-Synthetic_1_B__exe_medium__lsb3.bmp,extended_xl,EXE,EXE,medium,3,no_markers,EXE,1
XL-Synthetic_1_B__exe_small__lsb1.bmp,extended_xl,EXE,EXE,small,1,full,EXE,1
XL-Synthetic_1_B__exe_small__lsb1.bmp,extended_xl,EXE,EXE,small,1,no_deinterleaving,EXE,1
XL-Synthetic_1_B__exe_small__lsb1.bmp,extended_xl,EXE,EXE,small,1,no_buffer,EXE,1
XL-Synthetic_1_B__exe_small__lsb1.bmp,extended_xl,EXE,EXE,small,1,no_markers,EXE,1
XL-Synthetic_1_B__exe_small__lsb2.bmp,extended_xl,EXE,EXE,small,2,full,EXE,1
XL-Synthetic_1_B__exe_small__lsb2.bmp,extended_xl,EXE,EXE,small,2,no_deinterleaving,UNKNOWN,0
XL-Synthetic_1_B__exe_small__lsb2.bmp,extended_xl,EXE,EXE,small,2,no_buffer,EXE,1
XL-Synthetic_1_B__exe_small__lsb2.bmp,extended_xl,EXE,EXE,small,2,no_markers,EXE,1
XL-Synthetic_1_B__exe_small__lsb3.bmp,extended_xl,EXE,EXE,small,3,full,EXE,1
XL-Synthetic_1_B__exe_small__lsb3.bmp,extended_xl,EXE,EXE,small,3,no_deinterleaving,UNKNOWN,0
XL-Synthetic_1_B__exe_small__lsb3.bmp,extended_xl,EXE,EXE,small,3,no_buffer,EXE,1
XL-Synthetic_1_B__exe_small__lsb3.bmp,extended_xl,EXE,EXE,small,3,no_markers,EXE,1
XL-Synthetic_1_B__pdf_large__lsb1.bmp,extended_xl,PDF,PDF,large,1,full,PDF,1
XL-Synthetic_1_B__pdf_large__lsb1.bmp,extended_xl,PDF,PDF,large,1,no_deinterleaving,PDF,1
XL-Synthetic_1_B__pdf_large__lsb1.bmp,extended_xl,PDF,PDF,large,1,no_buffer,PDF,1
XL-Synthetic_1_B__pdf_large__lsb1.bmp,extended_xl,PDF,PDF,large,1,no_markers,PDF,1
XL-Synthetic_1_B__pdf_large__lsb2.bmp,extended_xl,PDF,PDF,large,2,full,PDF,1
XL-Synthetic_1_B__pdf_large__lsb2.bmp,extended_xl,PDF,PDF,large,2,no_deinterleaving,UNKNOWN,0
XL-Synthetic_1_B__pdf_large__lsb2.bmp,extended_xl,PDF,PDF,large,2,no_buffer,PDF,1
XL-Synthetic_1_B__pdf_large__lsb2.bmp,extended_xl,PDF,PDF,large,2,no_markers,PDF,1
XL-Synthetic_1_B__pdf_large__lsb3.bmp,extended_xl,PDF,PDF,large,3,full,PDF,1
XL-Synthetic_1_B__pdf_large__lsb3.bmp,extended_xl,PDF,PDF,large,3,no_deinterleaving,UNKNOWN,0
XL-Synthetic_1_B__pdf_large__lsb3.bmp,extended_xl,PDF,PDF,large,3,no_buffer,PDF,1
XL-Synthetic_1_B__pdf_large__lsb3.bmp,extended_xl,PDF,PDF,large,3,no_markers,PDF,1
XL-Synthetic_1_B__pdf_medium__lsb1.bmp,extended_xl,PDF,PDF,medium,1,full,PDF,1
XL-Synthetic_1_B__pdf_medium__lsb1.bmp,extended_xl,PDF,PDF,medium,1,no_deinterleaving,PDF,1
XL-Synthetic_1_B__pdf_medium__lsb1.bmp,extended_xl,PDF,PDF,medium,1,no_buffer,PDF,1
XL-Synthetic_1_B__pdf_medium__lsb1.bmp,extended_xl,PDF,PDF,medium,1,no_markers,PDF,1
XL-Synthetic_1_B__pdf_medium__lsb2.bmp,extended_xl,PDF,PDF,medium,2,full,PDF,1
XL-Synthetic_1_B__pdf_medium__lsb2.bmp,extended_xl,PDF,PDF,medium,2,no_deinterleaving,UNKNOWN,0
XL-Synthetic_1_B__pdf_medium__lsb2.bmp,extended_xl,PDF,PDF,medium,2,no_buffer,PDF,1
XL-Synthetic_1_B__pdf_medium__lsb2.bmp,extended_xl,PDF,PDF,medium,2,no_markers,PDF,1
XL-Synthetic_1_B__pdf_medium__lsb3.bmp,extended_xl,PDF,PDF,medium,3,full,PDF,1
XL-Synthetic_1_B__pdf_medium__lsb3.bmp,extended_xl,PDF,PDF,medium,3,no_deinterleaving,UNKNOWN,0
XL-Synthetic_1_B__pdf_medium__lsb3.bmp,extended_xl,PDF,PDF,medium,3,no_buffer,PDF,1
XL-Synthetic_1_B__pdf_medium__lsb3.bmp,extended_xl,PDF,PDF,medium,3,no_markers,PDF,1
XL-Synthetic_1_B__pdf_small__lsb1.bmp,extended_xl,PDF,PDF,small,1,full,PDF,1
XL-Synthetic_1_B__pdf_small__lsb1.bmp,extended_xl,PDF,PDF,small,1,no_deinterleaving,PDF,1
XL-Synthetic_1_B__pdf_small__lsb1.bmp,extended_xl,PDF,PDF,small,1,no_buffer,PDF,1
XL-Synthetic_1_B__pdf_small__lsb1.bmp,extended_xl,PDF,PDF,small,1,no_markers,PDF,1
XL-Synthetic_1_B__pdf_small__lsb2.bmp,extended_xl,PDF,PDF,small,2,full,PDF,1
XL-Synthetic_1_B__pdf_small__lsb2.bmp,extended_xl,PDF,PDF,small,2,no_deinterleaving,UNKNOWN,0
XL-Synthetic_1_B__pdf_small__lsb2.bmp,extended_xl,PDF,PDF,small,2,no_buffer,PDF,1
XL-Synthetic_1_B__pdf_small__lsb2.bmp,extended_xl,PDF,PDF,small,2,no_markers,PDF,1
XL-Synthetic_1_B__pdf_small__lsb3.bmp,extended_xl,PDF,PDF,small,3,full,PDF,1
XL-Synthetic_1_B__pdf_small__lsb3.bmp,extended_xl,PDF,PDF,small,3,no_deinterleaving,UNKNOWN,0
XL-Synthetic_1_B__pdf_small__lsb3.bmp,extended_xl,PDF,PDF,small,3,no_buffer,PDF,1
XL-Synthetic_1_B__pdf_small__lsb3.bmp,extended_xl,PDF,PDF,small,3,no_markers,PDF,1
XL-Synthetic_1_B__pptx_large__lsb1.bmp,extended_xl,PPTX,PPTX,large,1,full,PPTX,1
XL-Synthetic_1_B__pptx_large__lsb1.bmp,extended_xl,PPTX,PPTX,large,1,no_deinterleaving,PPTX,1
XL-Synthetic_1_B__pptx_large__lsb1.bmp,extended_xl,PPTX,PPTX,large,1,no_buffer,ZIP,0
XL-Synthetic_1_B__pptx_large__lsb1.bmp,extended_xl,PPTX,PPTX,large,1,no_markers,ZIP,0
XL-Synthetic_1_B__pptx_large__lsb2.bmp,extended_xl,PPTX,PPTX,large,2,full,PPTX,1
XL-Synthetic_1_B__pptx_large__lsb2.bmp,extended_xl,PPTX,PPTX,large,2,no_deinterleaving,UNKNOWN,0
XL-Synthetic_1_B__pptx_large__lsb2.bmp,extended_xl,PPTX,PPTX,large,2,no_buffer,ZIP,0
XL-Synthetic_1_B__pptx_large__lsb2.bmp,extended_xl,PPTX,PPTX,large,2,no_markers,ZIP,0
XL-Synthetic_1_B__pptx_large__lsb3.bmp,extended_xl,PPTX,PPTX,large,3,full,PPTX,1
XL-Synthetic_1_B__pptx_large__lsb3.bmp,extended_xl,PPTX,PPTX,large,3,no_deinterleaving,UNKNOWN,0
XL-Synthetic_1_B__pptx_large__lsb3.bmp,extended_xl,PPTX,PPTX,large,3,no_buffer,ZIP,0
XL-Synthetic_1_B__pptx_large__lsb3.bmp,extended_xl,PPTX,PPTX,large,3,no_markers,ZIP,0
XL-Synthetic_1_B__pptx_medium__lsb1.bmp,extended_xl,PPTX,PPTX,medium,1,full,PPTX,1
XL-Synthetic_1_B__pptx_medium__lsb1.bmp,extended_xl,PPTX,PPTX,medium,1,no_deinterleaving,PPTX,1
XL-Synthetic_1_B__pptx_medium__lsb1.bmp,extended_xl,PPTX,PPTX,medium,1,no_buffer,ZIP,0
XL-Synthetic_1_B__pptx_medium__lsb1.bmp,extended_xl,PPTX,PPTX,medium,1,no_markers,ZIP,0
XL-Synthetic_1_B__pptx_medium__lsb2.bmp,extended_xl,PPTX,PPTX,medium,2,full,PPTX,1
XL-Synthetic_1_B__pptx_medium__lsb2.bmp,extended_xl,PPTX,PPTX,medium,2,no_deinterleaving,UNKNOWN,0
XL-Synthetic_1_B__pptx_medium__lsb2.bmp,extended_xl,PPTX,PPTX,medium,2,no_buffer,ZIP,0
XL-Synthetic_1_B__pptx_medium__lsb2.bmp,extended_xl,PPTX,PPTX,medium,2,no_markers,ZIP,0
XL-Synthetic_1_B__pptx_medium__lsb3.bmp,extended_xl,PPTX,PPTX,medium,3,full,PPTX,1
XL-Synthetic_1_B__pptx_medium__lsb3.bmp,extended_xl,PPTX,PPTX,medium,3,no_deinterleaving,UNKNOWN,0
XL-Synthetic_1_B__pptx_medium__lsb3.bmp,extended_xl,PPTX,PPTX,medium,3,no_buffer,ZIP,0
XL-Synthetic_1_B__pptx_medium__lsb3.bmp,extended_xl,PPTX,PPTX,medium,3,no_markers,ZIP,0
XL-Synthetic_1_B__pptx_small__lsb1.bmp,extended_xl,PPTX,PPTX,small,1,full,PPTX,1
XL-Synthetic_1_B__pptx_small__lsb1.bmp,extended_xl,PPTX,PPTX,small,1,no_deinterleaving,PPTX,1
XL-Synthetic_1_B__pptx_small__lsb1.bmp,extended_xl,PPTX,PPTX,small,1,no_buffer,ZIP,0
XL-Synthetic_1_B__pptx_small__lsb1.bmp,extended_xl,PPTX,PPTX,small,1,no_markers,ZIP,0
XL-Synthetic_1_B__pptx_small__lsb2.bmp,extended_xl,PPTX,PPTX,small,2,full,PPTX,1
XL-Synthetic_1_B__pptx_small__lsb2.bmp,extended_xl,PPTX,PPTX,small,2,no_deinterleaving,UNKNOWN,0
XL-Synthetic_1_B__pptx_small__lsb2.bmp,extended_xl,PPTX,PPTX,small,2,no_buffer,ZIP,0
XL-Synthetic_1_B__pptx_small__lsb2.bmp,extended_xl,PPTX,PPTX,small,2,no_markers,ZIP,0
XL-Synthetic_1_B__pptx_small__lsb3.bmp,extended_xl,PPTX,PPTX,small,3,full,PPTX,1
XL-Synthetic_1_B__pptx_small__lsb3.bmp,extended_xl,PPTX,PPTX,small,3,no_deinterleaving,UNKNOWN,0
XL-Synthetic_1_B__pptx_small__lsb3.bmp,extended_xl,PPTX,PPTX,small,3,no_buffer,ZIP,0
XL-Synthetic_1_B__pptx_small__lsb3.bmp,extended_xl,PPTX,PPTX,small,3,no_markers,ZIP,0
XL-Synthetic_1_B__rtf_large__lsb1.bmp,extended_xl,RTF,RTF,large,1,full,RTF,1
XL-Synthetic_1_B__rtf_large__lsb1.bmp,extended_xl,RTF,RTF,large,1,no_deinterleaving,RTF,1
XL-Synthetic_1_B__rtf_large__lsb1.bmp,extended_xl,RTF,RTF,large,1,no_buffer,RTF,1
XL-Synthetic_1_B__rtf_large__lsb1.bmp,extended_xl,RTF,RTF,large,1,no_markers,RTF,1
XL-Synthetic_1_B__rtf_large__lsb2.bmp,extended_xl,RTF,RTF,large,2,full,RTF,1
XL-Synthetic_1_B__rtf_large__lsb2.bmp,extended_xl,RTF,RTF,large,2,no_deinterleaving,UNKNOWN,0
XL-Synthetic_1_B__rtf_large__lsb2.bmp,extended_xl,RTF,RTF,large,2,no_buffer,RTF,1
XL-Synthetic_1_B__rtf_large__lsb2.bmp,extended_xl,RTF,RTF,large,2,no_markers,RTF,1
XL-Synthetic_1_B__rtf_large__lsb3.bmp,extended_xl,RTF,RTF,large,3,full,RTF,1
XL-Synthetic_1_B__rtf_large__lsb3.bmp,extended_xl,RTF,RTF,large,3,no_deinterleaving,UNKNOWN,0
XL-Synthetic_1_B__rtf_large__lsb3.bmp,extended_xl,RTF,RTF,large,3,no_buffer,RTF,1
XL-Synthetic_1_B__rtf_large__lsb3.bmp,extended_xl,RTF,RTF,large,3,no_markers,RTF,1
XL-Synthetic_1_B__rtf_medium__lsb1.bmp,extended_xl,RTF,RTF,medium,1,full,RTF,1
XL-Synthetic_1_B__rtf_medium__lsb1.bmp,extended_xl,RTF,RTF,medium,1,no_deinterleaving,RTF,1
XL-Synthetic_1_B__rtf_medium__lsb1.bmp,extended_xl,RTF,RTF,medium,1,no_buffer,RTF,1
XL-Synthetic_1_B__rtf_medium__lsb1.bmp,extended_xl,RTF,RTF,medium,1,no_markers,RTF,1
XL-Synthetic_1_B__rtf_medium__lsb2.bmp,extended_xl,RTF,RTF,medium,2,full,RTF,1
XL-Synthetic_1_B__rtf_medium__lsb2.bmp,extended_xl,RTF,RTF,medium,2,no_deinterleaving,UNKNOWN,0
XL-Synthetic_1_B__rtf_medium__lsb2.bmp,extended_xl,RTF,RTF,medium,2,no_buffer,RTF,1
XL-Synthetic_1_B__rtf_medium__lsb2.bmp,extended_xl,RTF,RTF,medium,2,no_markers,RTF,1
XL-Synthetic_1_B__rtf_medium__lsb3.bmp,extended_xl,RTF,RTF,medium,3,full,RTF,1
XL-Synthetic_1_B__rtf_medium__lsb3.bmp,extended_xl,RTF,RTF,medium,3,no_deinterleaving,UNKNOWN,0
XL-Synthetic_1_B__rtf_medium__lsb3.bmp,extended_xl,RTF,RTF,medium,3,no_buffer,RTF,1
XL-Synthetic_1_B__rtf_medium__lsb3.bmp,extended_xl,RTF,RTF,medium,3,no_markers,RTF,1
XL-Synthetic_1_B__rtf_small__lsb1.bmp,extended_xl,RTF,RTF,small,1,full,RTF,1
XL-Synthetic_1_B__rtf_small__lsb1.bmp,extended_xl,RTF,RTF,small,1,no_deinterleaving,RTF,1
XL-Synthetic_1_B__rtf_small__lsb1.bmp,extended_xl,RTF,RTF,small,1,no_buffer,RTF,1
XL-Synthetic_1_B__rtf_small__lsb1.bmp,extended_xl,RTF,RTF,small,1,no_markers,RTF,1
XL-Synthetic_1_B__rtf_small__lsb2.bmp,extended_xl,RTF,RTF,small,2,full,RTF,1
XL-Synthetic_1_B__rtf_small__lsb2.bmp,extended_xl,RTF,RTF,small,2,no_deinterleaving,UNKNOWN,0
XL-Synthetic_1_B__rtf_small__lsb2.bmp,extended_xl,RTF,RTF,small,2,no_buffer,RTF,1
XL-Synthetic_1_B__rtf_small__lsb2.bmp,extended_xl,RTF,RTF,small,2,no_markers,RTF,1
XL-Synthetic_1_B__rtf_small__lsb3.bmp,extended_xl,RTF,RTF,small,3,full,RTF,1
XL-Synthetic_1_B__rtf_small__lsb3.bmp,extended_xl,RTF,RTF,small,3,no_deinterleaving,UNKNOWN,0
XL-Synthetic_1_B__rtf_small__lsb3.bmp,extended_xl,RTF,RTF,small,3,no_buffer,RTF,1
XL-Synthetic_1_B__rtf_small__lsb3.bmp,extended_xl,RTF,RTF,small,3,no_markers,RTF,1
XL-Synthetic_1_B__xlsx_large__lsb1.bmp,extended_xl,XLSX,XLSX,large,1,full,XLSX,1
XL-Synthetic_1_B__xlsx_large__lsb1.bmp,extended_xl,XLSX,XLSX,large,1,no_deinterleaving,XLSX,1
XL-Synthetic_1_B__xlsx_large__lsb1.bmp,extended_xl,XLSX,XLSX,large,1,no_buffer,ZIP,0
XL-Synthetic_1_B__xlsx_large__lsb1.bmp,extended_xl,XLSX,XLSX,large,1,no_markers,ZIP,0
XL-Synthetic_1_B__xlsx_large__lsb2.bmp,extended_xl,XLSX,XLSX,large,2,full,XLSX,1
XL-Synthetic_1_B__xlsx_large__lsb2.bmp,extended_xl,XLSX,XLSX,large,2,no_deinterleaving,UNKNOWN,0
XL-Synthetic_1_B__xlsx_large__lsb2.bmp,extended_xl,XLSX,XLSX,large,2,no_buffer,ZIP,0
XL-Synthetic_1_B__xlsx_large__lsb2.bmp,extended_xl,XLSX,XLSX,large,2,no_markers,ZIP,0
XL-Synthetic_1_B__xlsx_large__lsb3.bmp,extended_xl,XLSX,XLSX,large,3,full,XLSX,1
XL-Synthetic_1_B__xlsx_large__lsb3.bmp,extended_xl,XLSX,XLSX,large,3,no_deinterleaving,UNKNOWN,0
XL-Synthetic_1_B__xlsx_large__lsb3.bmp,extended_xl,XLSX,XLSX,large,3,no_buffer,ZIP,0
XL-Synthetic_1_B__xlsx_large__lsb3.bmp,extended_xl,XLSX,XLSX,large,3,no_markers,ZIP,0
XL-Synthetic_1_B__xlsx_medium__lsb1.bmp,extended_xl,XLSX,XLSX,medium,1,full,XLSX,1
XL-Synthetic_1_B__xlsx_medium__lsb1.bmp,extended_xl,XLSX,XLSX,medium,1,no_deinterleaving,XLSX,1
XL-Synthetic_1_B__xlsx_medium__lsb1.bmp,extended_xl,XLSX,XLSX,medium,1,no_buffer,ZIP,0
XL-Synthetic_1_B__xlsx_medium__lsb1.bmp,extended_xl,XLSX,XLSX,medium,1,no_markers,ZIP,0
XL-Synthetic_1_B__xlsx_medium__lsb2.bmp,extended_xl,XLSX,XLSX,medium,2,full,XLSX,1
XL-Synthetic_1_B__xlsx_medium__lsb2.bmp,extended_xl,XLSX,XLSX,medium,2,no_deinterleaving,UNKNOWN,0
XL-Synthetic_1_B__xlsx_medium__lsb2.bmp,extended_xl,XLSX,XLSX,medium,2,no_buffer,ZIP,0
XL-Synthetic_1_B__xlsx_medium__lsb2.bmp,extended_xl,XLSX,XLSX,medium,2,no_markers,ZIP,0
XL-Synthetic_1_B__xlsx_medium__lsb3.bmp,extended_xl,XLSX,XLSX,medium,3,full,XLSX,1
XL-Synthetic_1_B__xlsx_medium__lsb3.bmp,extended_xl,XLSX,XLSX,medium,3,no_deinterleaving,UNKNOWN,0
XL-Synthetic_1_B__xlsx_medium__lsb3.bmp,extended_xl,XLSX,XLSX,medium,3,no_buffer,ZIP,0
XL-Synthetic_1_B__xlsx_medium__lsb3.bmp,extended_xl,XLSX,XLSX,medium,3,no_markers,ZIP,0
XL-Synthetic_1_B__xlsx_small__lsb1.bmp,extended_xl,XLSX,XLSX,small,1,full,XLSX,1
XL-Synthetic_1_B__xlsx_small__lsb1.bmp,extended_xl,XLSX,XLSX,small,1,no_deinterleaving,XLSX,1
XL-Synthetic_1_B__xlsx_small__lsb1.bmp,extended_xl,XLSX,XLSX,small,1,no_buffer,ZIP,0
XL-Synthetic_1_B__xlsx_small__lsb1.bmp,extended_xl,XLSX,XLSX,small,1,no_markers,ZIP,0
XL-Synthetic_1_B__xlsx_small__lsb2.bmp,extended_xl,XLSX,XLSX,small,2,full,XLSX,1
XL-Synthetic_1_B__xlsx_small__lsb2.bmp,extended_xl,XLSX,XLSX,small,2,no_deinterleaving,UNKNOWN,0
XL-Synthetic_1_B__xlsx_small__lsb2.bmp,extended_xl,XLSX,XLSX,small,2,no_buffer,ZIP,0
XL-Synthetic_1_B__xlsx_small__lsb2.bmp,extended_xl,XLSX,XLSX,small,2,no_markers,ZIP,0
XL-Synthetic_1_B__xlsx_small__lsb3.bmp,extended_xl,XLSX,XLSX,small,3,full,XLSX,1
XL-Synthetic_1_B__xlsx_small__lsb3.bmp,extended_xl,XLSX,XLSX,small,3,no_deinterleaving,UNKNOWN,0
XL-Synthetic_1_B__xlsx_small__lsb3.bmp,extended_xl,XLSX,XLSX,small,3,no_buffer,ZIP,0
XL-Synthetic_1_B__xlsx_small__lsb3.bmp,extended_xl,XLSX,XLSX,small,3,no_markers,ZIP,0
XL-Synthetic_1_P__docx_large__lsb3.png,extended_xl,DOCX,DOCX,large,3,full,DOCX,1
XL-Synthetic_1_P__docx_large__lsb3.png,extended_xl,DOCX,DOCX,large,3,no_deinterleaving,UNKNOWN,0
XL-Synthetic_1_P__docx_large__lsb3.png,extended_xl,DOCX,DOCX,large,3,no_buffer,ZIP,0
XL-Synthetic_1_P__docx_large__lsb3.png,extended_xl,DOCX,DOCX,large,3,no_markers,ZIP,0
XL-Synthetic_1_P__docx_medium__lsb2.png,extended_xl,DOCX,DOCX,medium,2,full,DOCX,1
XL-Synthetic_1_P__docx_medium__lsb2.png,extended_xl,DOCX,DOCX,medium,2,no_deinterleaving,UNKNOWN,0
XL-Synthetic_1_P__docx_medium__lsb2.png,extended_xl,DOCX,DOCX,medium,2,no_buffer,ZIP,0
XL-Synthetic_1_P__docx_medium__lsb2.png,extended_xl,DOCX,DOCX,medium,2,no_markers,ZIP,0
XL-Synthetic_1_P__docx_medium__lsb3.png,extended_xl,DOCX,DOCX,medium,3,full,DOCX,1
XL-Synthetic_1_P__docx_medium__lsb3.png,extended_xl,DOCX,DOCX,medium,3,no_deinterleaving,UNKNOWN,0
XL-Synthetic_1_P__docx_medium__lsb3.png,extended_xl,DOCX,DOCX,medium,3,no_buffer,ZIP,0
XL-Synthetic_1_P__docx_medium__lsb3.png,extended_xl,DOCX,DOCX,medium,3,no_markers,ZIP,0
XL-Synthetic_1_P__docx_small__lsb1.png,extended_xl,DOCX,DOCX,small,1,full,DOCX,1
XL-Synthetic_1_P__docx_small__lsb1.png,extended_xl,DOCX,DOCX,small,1,no_deinterleaving,DOCX,1
XL-Synthetic_1_P__docx_small__lsb1.png,extended_xl,DOCX,DOCX,small,1,no_buffer,ZIP,0
XL-Synthetic_1_P__docx_small__lsb1.png,extended_xl,DOCX,DOCX,small,1,no_markers,ZIP,0
XL-Synthetic_1_P__docx_small__lsb2.png,extended_xl,DOCX,DOCX,small,2,full,DOCX,1
XL-Synthetic_1_P__docx_small__lsb2.png,extended_xl,DOCX,DOCX,small,2,no_deinterleaving,UNKNOWN,0
XL-Synthetic_1_P__docx_small__lsb2.png,extended_xl,DOCX,DOCX,small,2,no_buffer,ZIP,0
XL-Synthetic_1_P__docx_small__lsb2.png,extended_xl,DOCX,DOCX,small,2,no_markers,ZIP,0
XL-Synthetic_1_P__docx_small__lsb3.png,extended_xl,DOCX,DOCX,small,3,full,DOCX,1
XL-Synthetic_1_P__docx_small__lsb3.png,extended_xl,DOCX,DOCX,small,3,no_deinterleaving,UNKNOWN,0
XL-Synthetic_1_P__docx_small__lsb3.png,extended_xl,DOCX,DOCX,small,3,no_buffer,ZIP,0
XL-Synthetic_1_P__docx_small__lsb3.png,extended_xl,DOCX,DOCX,small,3,no_markers,ZIP,0
XL-Synthetic_1_P__exe_large__lsb3.png,extended_xl,EXE,EXE,large,3,full,EXE,1
XL-Synthetic_1_P__exe_large__lsb3.png,extended_xl,EXE,EXE,large,3,no_deinterleaving,UNKNOWN,0
XL-Synthetic_1_P__exe_large__lsb3.png,extended_xl,EXE,EXE,large,3,no_buffer,EXE,1
XL-Synthetic_1_P__exe_large__lsb3.png,extended_xl,EXE,EXE,large,3,no_markers,EXE,1
XL-Synthetic_1_P__exe_medium__lsb2.png,extended_xl,EXE,EXE,medium,2,full,EXE,1
XL-Synthetic_1_P__exe_medium__lsb2.png,extended_xl,EXE,EXE,medium,2,no_deinterleaving,UNKNOWN,0
XL-Synthetic_1_P__exe_medium__lsb2.png,extended_xl,EXE,EXE,medium,2,no_buffer,EXE,1
XL-Synthetic_1_P__exe_medium__lsb2.png,extended_xl,EXE,EXE,medium,2,no_markers,EXE,1
XL-Synthetic_1_P__exe_medium__lsb3.png,extended_xl,EXE,EXE,medium,3,full,EXE,1
XL-Synthetic_1_P__exe_medium__lsb3.png,extended_xl,EXE,EXE,medium,3,no_deinterleaving,UNKNOWN,0
XL-Synthetic_1_P__exe_medium__lsb3.png,extended_xl,EXE,EXE,medium,3,no_buffer,EXE,1
XL-Synthetic_1_P__exe_medium__lsb3.png,extended_xl,EXE,EXE,medium,3,no_markers,EXE,1
XL-Synthetic_1_P__exe_small__lsb1.png,extended_xl,EXE,EXE,small,1,full,EXE,1
XL-Synthetic_1_P__exe_small__lsb1.png,extended_xl,EXE,EXE,small,1,no_deinterleaving,EXE,1
XL-Synthetic_1_P__exe_small__lsb1.png,extended_xl,EXE,EXE,small,1,no_buffer,EXE,1
XL-Synthetic_1_P__exe_small__lsb1.png,extended_xl,EXE,EXE,small,1,no_markers,EXE,1
XL-Synthetic_1_P__exe_small__lsb2.png,extended_xl,EXE,EXE,small,2,full,EXE,1
XL-Synthetic_1_P__exe_small__lsb2.png,extended_xl,EXE,EXE,small,2,no_deinterleaving,UNKNOWN,0
XL-Synthetic_1_P__exe_small__lsb2.png,extended_xl,EXE,EXE,small,2,no_buffer,EXE,1
XL-Synthetic_1_P__exe_small__lsb2.png,extended_xl,EXE,EXE,small,2,no_markers,EXE,1
XL-Synthetic_1_P__exe_small__lsb3.png,extended_xl,EXE,EXE,small,3,full,EXE,1
XL-Synthetic_1_P__exe_small__lsb3.png,extended_xl,EXE,EXE,small,3,no_deinterleaving,UNKNOWN,0
XL-Synthetic_1_P__exe_small__lsb3.png,extended_xl,EXE,EXE,small,3,no_buffer,EXE,1
XL-Synthetic_1_P__exe_small__lsb3.png,extended_xl,EXE,EXE,small,3,no_markers,EXE,1
XL-Synthetic_1_P__pdf_large__lsb3.png,extended_xl,PDF,PDF,large,3,full,PDF,1
XL-Synthetic_1_P__pdf_large__lsb3.png,extended_xl,PDF,PDF,large,3,no_deinterleaving,UNKNOWN,0
XL-Synthetic_1_P__pdf_large__lsb3.png,extended_xl,PDF,PDF,large,3,no_buffer,PDF,1
XL-Synthetic_1_P__pdf_large__lsb3.png,extended_xl,PDF,PDF,large,3,no_markers,PDF,1
XL-Synthetic_1_P__pdf_medium__lsb2.png,extended_xl,PDF,PDF,medium,2,full,PDF,1
XL-Synthetic_1_P__pdf_medium__lsb2.png,extended_xl,PDF,PDF,medium,2,no_deinterleaving,UNKNOWN,0
XL-Synthetic_1_P__pdf_medium__lsb2.png,extended_xl,PDF,PDF,medium,2,no_buffer,PDF,1
XL-Synthetic_1_P__pdf_medium__lsb2.png,extended_xl,PDF,PDF,medium,2,no_markers,PDF,1
XL-Synthetic_1_P__pdf_medium__lsb3.png,extended_xl,PDF,PDF,medium,3,full,PDF,1
XL-Synthetic_1_P__pdf_medium__lsb3.png,extended_xl,PDF,PDF,medium,3,no_deinterleaving,UNKNOWN,0
XL-Synthetic_1_P__pdf_medium__lsb3.png,extended_xl,PDF,PDF,medium,3,no_buffer,PDF,1
XL-Synthetic_1_P__pdf_medium__lsb3.png,extended_xl,PDF,PDF,medium,3,no_markers,PDF,1
XL-Synthetic_1_P__pdf_small__lsb1.png,extended_xl,PDF,PDF,small,1,full,PDF,1
XL-Synthetic_1_P__pdf_small__lsb1.png,extended_xl,PDF,PDF,small,1,no_deinterleaving,PDF,1
XL-Synthetic_1_P__pdf_small__lsb1.png,extended_xl,PDF,PDF,small,1,no_buffer,PDF,1
XL-Synthetic_1_P__pdf_small__lsb1.png,extended_xl,PDF,PDF,small,1,no_markers,PDF,1
XL-Synthetic_1_P__pdf_small__lsb2.png,extended_xl,PDF,PDF,small,2,full,PDF,1
XL-Synthetic_1_P__pdf_small__lsb2.png,extended_xl,PDF,PDF,small,2,no_deinterleaving,UNKNOWN,0
XL-Synthetic_1_P__pdf_small__lsb2.png,extended_xl,PDF,PDF,small,2,no_buffer,PDF,1
XL-Synthetic_1_P__pdf_small__lsb2.png,extended_xl,PDF,PDF,small,2,no_markers,PDF,1
XL-Synthetic_1_P__pdf_small__lsb3.png,extended_xl,PDF,PDF,small,3,full,PDF,1
XL-Synthetic_1_P__pdf_small__lsb3.png,extended_xl,PDF,PDF,small,3,no_deinterleaving,UNKNOWN,0
XL-Synthetic_1_P__pdf_small__lsb3.png,extended_xl,PDF,PDF,small,3,no_buffer,PDF,1
XL-Synthetic_1_P__pdf_small__lsb3.png,extended_xl,PDF,PDF,small,3,no_markers,PDF,1
XL-Synthetic_1_P__pptx_large__lsb3.png,extended_xl,PPTX,PPTX,large,3,full,PPTX,1
XL-Synthetic_1_P__pptx_large__lsb3.png,extended_xl,PPTX,PPTX,large,3,no_deinterleaving,UNKNOWN,0
XL-Synthetic_1_P__pptx_large__lsb3.png,extended_xl,PPTX,PPTX,large,3,no_buffer,ZIP,0
XL-Synthetic_1_P__pptx_large__lsb3.png,extended_xl,PPTX,PPTX,large,3,no_markers,ZIP,0
XL-Synthetic_1_P__pptx_medium__lsb2.png,extended_xl,PPTX,PPTX,medium,2,full,PPTX,1
XL-Synthetic_1_P__pptx_medium__lsb2.png,extended_xl,PPTX,PPTX,medium,2,no_deinterleaving,UNKNOWN,0
XL-Synthetic_1_P__pptx_medium__lsb2.png,extended_xl,PPTX,PPTX,medium,2,no_buffer,ZIP,0
XL-Synthetic_1_P__pptx_medium__lsb2.png,extended_xl,PPTX,PPTX,medium,2,no_markers,ZIP,0
XL-Synthetic_1_P__pptx_medium__lsb3.png,extended_xl,PPTX,PPTX,medium,3,full,PPTX,1
XL-Synthetic_1_P__pptx_medium__lsb3.png,extended_xl,PPTX,PPTX,medium,3,no_deinterleaving,UNKNOWN,0
XL-Synthetic_1_P__pptx_medium__lsb3.png,extended_xl,PPTX,PPTX,medium,3,no_buffer,ZIP,0
XL-Synthetic_1_P__pptx_medium__lsb3.png,extended_xl,PPTX,PPTX,medium,3,no_markers,ZIP,0
XL-Synthetic_1_P__pptx_small__lsb1.png,extended_xl,PPTX,PPTX,small,1,full,PPTX,1
XL-Synthetic_1_P__pptx_small__lsb1.png,extended_xl,PPTX,PPTX,small,1,no_deinterleaving,PPTX,1
XL-Synthetic_1_P__pptx_small__lsb1.png,extended_xl,PPTX,PPTX,small,1,no_buffer,ZIP,0
XL-Synthetic_1_P__pptx_small__lsb1.png,extended_xl,PPTX,PPTX,small,1,no_markers,ZIP,0
XL-Synthetic_1_P__pptx_small__lsb2.png,extended_xl,PPTX,PPTX,small,2,full,PPTX,1
XL-Synthetic_1_P__pptx_small__lsb2.png,extended_xl,PPTX,PPTX,small,2,no_deinterleaving,UNKNOWN,0
XL-Synthetic_1_P__pptx_small__lsb2.png,extended_xl,PPTX,PPTX,small,2,no_buffer,ZIP,0
XL-Synthetic_1_P__pptx_small__lsb2.png,extended_xl,PPTX,PPTX,small,2,no_markers,ZIP,0
XL-Synthetic_1_P__pptx_small__lsb3.png,extended_xl,PPTX,PPTX,small,3,full,PPTX,1
XL-Synthetic_1_P__pptx_small__lsb3.png,extended_xl,PPTX,PPTX,small,3,no_deinterleaving,UNKNOWN,0
XL-Synthetic_1_P__pptx_small__lsb3.png,extended_xl,PPTX,PPTX,small,3,no_buffer,ZIP,0
XL-Synthetic_1_P__pptx_small__lsb3.png,extended_xl,PPTX,PPTX,small,3,no_markers,ZIP,0
XL-Synthetic_1_P__rtf_large__lsb3.png,extended_xl,RTF,RTF,large,3,full,RTF,1
XL-Synthetic_1_P__rtf_large__lsb3.png,extended_xl,RTF,RTF,large,3,no_deinterleaving,UNKNOWN,0
XL-Synthetic_1_P__rtf_large__lsb3.png,extended_xl,RTF,RTF,large,3,no_buffer,RTF,1
XL-Synthetic_1_P__rtf_large__lsb3.png,extended_xl,RTF,RTF,large,3,no_markers,RTF,1
XL-Synthetic_1_P__rtf_medium__lsb2.png,extended_xl,RTF,RTF,medium,2,full,RTF,1
XL-Synthetic_1_P__rtf_medium__lsb2.png,extended_xl,RTF,RTF,medium,2,no_deinterleaving,UNKNOWN,0
XL-Synthetic_1_P__rtf_medium__lsb2.png,extended_xl,RTF,RTF,medium,2,no_buffer,RTF,1
XL-Synthetic_1_P__rtf_medium__lsb2.png,extended_xl,RTF,RTF,medium,2,no_markers,RTF,1
XL-Synthetic_1_P__rtf_medium__lsb3.png,extended_xl,RTF,RTF,medium,3,full,RTF,1
XL-Synthetic_1_P__rtf_medium__lsb3.png,extended_xl,RTF,RTF,medium,3,no_deinterleaving,UNKNOWN,0
XL-Synthetic_1_P__rtf_medium__lsb3.png,extended_xl,RTF,RTF,medium,3,no_buffer,RTF,1
XL-Synthetic_1_P__rtf_medium__lsb3.png,extended_xl,RTF,RTF,medium,3,no_markers,RTF,1
XL-Synthetic_1_P__rtf_small__lsb1.png,extended_xl,RTF,RTF,small,1,full,RTF,1
XL-Synthetic_1_P__rtf_small__lsb1.png,extended_xl,RTF,RTF,small,1,no_deinterleaving,RTF,1
XL-Synthetic_1_P__rtf_small__lsb1.png,extended_xl,RTF,RTF,small,1,no_buffer,RTF,1
XL-Synthetic_1_P__rtf_small__lsb1.png,extended_xl,RTF,RTF,small,1,no_markers,RTF,1
XL-Synthetic_1_P__rtf_small__lsb2.png,extended_xl,RTF,RTF,small,2,full,RTF,1
XL-Synthetic_1_P__rtf_small__lsb2.png,extended_xl,RTF,RTF,small,2,no_deinterleaving,UNKNOWN,0
XL-Synthetic_1_P__rtf_small__lsb2.png,extended_xl,RTF,RTF,small,2,no_buffer,RTF,1
XL-Synthetic_1_P__rtf_small__lsb2.png,extended_xl,RTF,RTF,small,2,no_markers,RTF,1
XL-Synthetic_1_P__rtf_small__lsb3.png,extended_xl,RTF,RTF,small,3,full,RTF,1
XL-Synthetic_1_P__rtf_small__lsb3.png,extended_xl,RTF,RTF,small,3,no_deinterleaving,UNKNOWN,0
XL-Synthetic_1_P__rtf_small__lsb3.png,extended_xl,RTF,RTF,small,3,no_buffer,RTF,1
XL-Synthetic_1_P__rtf_small__lsb3.png,extended_xl,RTF,RTF,small,3,no_markers,RTF,1
XL-Synthetic_1_P__xlsx_large__lsb3.png,extended_xl,XLSX,XLSX,large,3,full,XLSX,1
XL-Synthetic_1_P__xlsx_large__lsb3.png,extended_xl,XLSX,XLSX,large,3,no_deinterleaving,UNKNOWN,0
XL-Synthetic_1_P__xlsx_large__lsb3.png,extended_xl,XLSX,XLSX,large,3,no_buffer,ZIP,0
XL-Synthetic_1_P__xlsx_large__lsb3.png,extended_xl,XLSX,XLSX,large,3,no_markers,ZIP,0
XL-Synthetic_1_P__xlsx_medium__lsb2.png,extended_xl,XLSX,XLSX,medium,2,full,XLSX,1
XL-Synthetic_1_P__xlsx_medium__lsb2.png,extended_xl,XLSX,XLSX,medium,2,no_deinterleaving,UNKNOWN,0
XL-Synthetic_1_P__xlsx_medium__lsb2.png,extended_xl,XLSX,XLSX,medium,2,no_buffer,ZIP,0
XL-Synthetic_1_P__xlsx_medium__lsb2.png,extended_xl,XLSX,XLSX,medium,2,no_markers,ZIP,0
XL-Synthetic_1_P__xlsx_medium__lsb3.png,extended_xl,XLSX,XLSX,medium,3,full,XLSX,1
XL-Synthetic_1_P__xlsx_medium__lsb3.png,extended_xl,XLSX,XLSX,medium,3,no_deinterleaving,UNKNOWN,0
XL-Synthetic_1_P__xlsx_medium__lsb3.png,extended_xl,XLSX,XLSX,medium,3,no_buffer,ZIP,0
XL-Synthetic_1_P__xlsx_medium__lsb3.png,extended_xl,XLSX,XLSX,medium,3,no_markers,ZIP,0
XL-Synthetic_1_P__xlsx_small__lsb1.png,extended_xl,XLSX,XLSX,small,1,full,XLSX,1
XL-Synthetic_1_P__xlsx_small__lsb1.png,extended_xl,XLSX,XLSX,small,1,no_deinterleaving,XLSX,1
XL-Synthetic_1_P__xlsx_small__lsb1.png,extended_xl,XLSX,XLSX,small,1,no_buffer,ZIP,0
XL-Synthetic_1_P__xlsx_small__lsb1.png,extended_xl,XLSX,XLSX,small,1,no_markers,ZIP,0
XL-Synthetic_1_P__xlsx_small__lsb2.png,extended_xl,XLSX,XLSX,small,2,full,XLSX,1
XL-Synthetic_1_P__xlsx_small__lsb2.png,extended_xl,XLSX,XLSX,small,2,no_deinterleaving,UNKNOWN,0
XL-Synthetic_1_P__xlsx_small__lsb2.png,extended_xl,XLSX,XLSX,small,2,no_buffer,ZIP,0
XL-Synthetic_1_P__xlsx_small__lsb2.png,extended_xl,XLSX,XLSX,small,2,no_markers,ZIP,0
XL-Synthetic_1_P__xlsx_small__lsb3.png,extended_xl,XLSX,XLSX,small,3,full,XLSX,1
XL-Synthetic_1_P__xlsx_small__lsb3.png,extended_xl,XLSX,XLSX,small,3,no_deinterleaving,UNKNOWN,0
XL-Synthetic_1_P__xlsx_small__lsb3.png,extended_xl,XLSX,XLSX,small,3,no_buffer,ZIP,0
XL-Synthetic_1_P__xlsx_small__lsb3.png,extended_xl,XLSX,XLSX,small,3,no_markers,ZIP,0
XL-Synthetic_2_B__docx_large__lsb1.bmp,extended_xl,DOCX,DOCX,large,1,full,DOCX,1
XL-Synthetic_2_B__docx_large__lsb1.bmp,extended_xl,DOCX,DOCX,large,1,no_deinterleaving,DOCX,1
XL-Synthetic_2_B__docx_large__lsb1.bmp,extended_xl,DOCX,DOCX,large,1,no_buffer,ZIP,0
XL-Synthetic_2_B__docx_large__lsb1.bmp,extended_xl,DOCX,DOCX,large,1,no_markers,ZIP,0
XL-Synthetic_2_B__docx_large__lsb2.bmp,extended_xl,DOCX,DOCX,large,2,full,DOCX,1
XL-Synthetic_2_B__docx_large__lsb2.bmp,extended_xl,DOCX,DOCX,large,2,no_deinterleaving,UNKNOWN,0
XL-Synthetic_2_B__docx_large__lsb2.bmp,extended_xl,DOCX,DOCX,large,2,no_buffer,ZIP,0
XL-Synthetic_2_B__docx_large__lsb2.bmp,extended_xl,DOCX,DOCX,large,2,no_markers,ZIP,0
XL-Synthetic_2_B__docx_large__lsb3.bmp,extended_xl,DOCX,DOCX,large,3,full,DOCX,1
XL-Synthetic_2_B__docx_large__lsb3.bmp,extended_xl,DOCX,DOCX,large,3,no_deinterleaving,UNKNOWN,0
XL-Synthetic_2_B__docx_large__lsb3.bmp,extended_xl,DOCX,DOCX,large,3,no_buffer,ZIP,0
XL-Synthetic_2_B__docx_large__lsb3.bmp,extended_xl,DOCX,DOCX,large,3,no_markers,ZIP,0
XL-Synthetic_2_B__docx_medium__lsb1.bmp,extended_xl,DOCX,DOCX,medium,1,full,DOCX,1
XL-Synthetic_2_B__docx_medium__lsb1.bmp,extended_xl,DOCX,DOCX,medium,1,no_deinterleaving,DOCX,1
XL-Synthetic_2_B__docx_medium__lsb1.bmp,extended_xl,DOCX,DOCX,medium,1,no_buffer,ZIP,0
XL-Synthetic_2_B__docx_medium__lsb1.bmp,extended_xl,DOCX,DOCX,medium,1,no_markers,ZIP,0
XL-Synthetic_2_B__docx_medium__lsb2.bmp,extended_xl,DOCX,DOCX,medium,2,full,DOCX,1
XL-Synthetic_2_B__docx_medium__lsb2.bmp,extended_xl,DOCX,DOCX,medium,2,no_deinterleaving,UNKNOWN,0
XL-Synthetic_2_B__docx_medium__lsb2.bmp,extended_xl,DOCX,DOCX,medium,2,no_buffer,ZIP,0
XL-Synthetic_2_B__docx_medium__lsb2.bmp,extended_xl,DOCX,DOCX,medium,2,no_markers,ZIP,0
XL-Synthetic_2_B__docx_medium__lsb3.bmp,extended_xl,DOCX,DOCX,medium,3,full,DOCX,1
XL-Synthetic_2_B__docx_medium__lsb3.bmp,extended_xl,DOCX,DOCX,medium,3,no_deinterleaving,UNKNOWN,0
XL-Synthetic_2_B__docx_medium__lsb3.bmp,extended_xl,DOCX,DOCX,medium,3,no_buffer,ZIP,0
XL-Synthetic_2_B__docx_medium__lsb3.bmp,extended_xl,DOCX,DOCX,medium,3,no_markers,ZIP,0
XL-Synthetic_2_B__docx_small__lsb1.bmp,extended_xl,DOCX,DOCX,small,1,full,DOCX,1
XL-Synthetic_2_B__docx_small__lsb1.bmp,extended_xl,DOCX,DOCX,small,1,no_deinterleaving,DOCX,1
XL-Synthetic_2_B__docx_small__lsb1.bmp,extended_xl,DOCX,DOCX,small,1,no_buffer,ZIP,0
XL-Synthetic_2_B__docx_small__lsb1.bmp,extended_xl,DOCX,DOCX,small,1,no_markers,ZIP,0
XL-Synthetic_2_B__docx_small__lsb2.bmp,extended_xl,DOCX,DOCX,small,2,full,DOCX,1
XL-Synthetic_2_B__docx_small__lsb2.bmp,extended_xl,DOCX,DOCX,small,2,no_deinterleaving,UNKNOWN,0
XL-Synthetic_2_B__docx_small__lsb2.bmp,extended_xl,DOCX,DOCX,small,2,no_buffer,ZIP,0
XL-Synthetic_2_B__docx_small__lsb2.bmp,extended_xl,DOCX,DOCX,small,2,no_markers,ZIP,0
XL-Synthetic_2_B__docx_small__lsb3.bmp,extended_xl,DOCX,DOCX,small,3,full,DOCX,1
XL-Synthetic_2_B__docx_small__lsb3.bmp,extended_xl,DOCX,DOCX,small,3,no_deinterleaving,UNKNOWN,0
XL-Synthetic_2_B__docx_small__lsb3.bmp,extended_xl,DOCX,DOCX,small,3,no_buffer,ZIP,0
XL-Synthetic_2_B__docx_small__lsb3.bmp,extended_xl,DOCX,DOCX,small,3,no_markers,ZIP,0
XL-Synthetic_2_B__exe_large__lsb1.bmp,extended_xl,EXE,EXE,large,1,full,EXE,1
XL-Synthetic_2_B__exe_large__lsb1.bmp,extended_xl,EXE,EXE,large,1,no_deinterleaving,EXE,1
XL-Synthetic_2_B__exe_large__lsb1.bmp,extended_xl,EXE,EXE,large,1,no_buffer,EXE,1
XL-Synthetic_2_B__exe_large__lsb1.bmp,extended_xl,EXE,EXE,large,1,no_markers,EXE,1
XL-Synthetic_2_B__exe_large__lsb2.bmp,extended_xl,EXE,EXE,large,2,full,EXE,1
XL-Synthetic_2_B__exe_large__lsb2.bmp,extended_xl,EXE,EXE,large,2,no_deinterleaving,UNKNOWN,0
XL-Synthetic_2_B__exe_large__lsb2.bmp,extended_xl,EXE,EXE,large,2,no_buffer,EXE,1
XL-Synthetic_2_B__exe_large__lsb2.bmp,extended_xl,EXE,EXE,large,2,no_markers,EXE,1
XL-Synthetic_2_B__exe_large__lsb3.bmp,extended_xl,EXE,EXE,large,3,full,EXE,1
XL-Synthetic_2_B__exe_large__lsb3.bmp,extended_xl,EXE,EXE,large,3,no_deinterleaving,UNKNOWN,0
XL-Synthetic_2_B__exe_large__lsb3.bmp,extended_xl,EXE,EXE,large,3,no_buffer,EXE,1
XL-Synthetic_2_B__exe_large__lsb3.bmp,extended_xl,EXE,EXE,large,3,no_markers,EXE,1
XL-Synthetic_2_B__exe_medium__lsb1.bmp,extended_xl,EXE,EXE,medium,1,full,EXE,1
XL-Synthetic_2_B__exe_medium__lsb1.bmp,extended_xl,EXE,EXE,medium,1,no_deinterleaving,EXE,1
XL-Synthetic_2_B__exe_medium__lsb1.bmp,extended_xl,EXE,EXE,medium,1,no_buffer,EXE,1
XL-Synthetic_2_B__exe_medium__lsb1.bmp,extended_xl,EXE,EXE,medium,1,no_markers,EXE,1
XL-Synthetic_2_B__exe_medium__lsb2.bmp,extended_xl,EXE,EXE,medium,2,full,EXE,1
XL-Synthetic_2_B__exe_medium__lsb2.bmp,extended_xl,EXE,EXE,medium,2,no_deinterleaving,UNKNOWN,0
XL-Synthetic_2_B__exe_medium__lsb2.bmp,extended_xl,EXE,EXE,medium,2,no_buffer,EXE,1
XL-Synthetic_2_B__exe_medium__lsb2.bmp,extended_xl,EXE,EXE,medium,2,no_markers,EXE,1
XL-Synthetic_2_B__exe_medium__lsb3.bmp,extended_xl,EXE,EXE,medium,3,full,EXE,1
XL-Synthetic_2_B__exe_medium__lsb3.bmp,extended_xl,EXE,EXE,medium,3,no_deinterleaving,UNKNOWN,0
XL-Synthetic_2_B__exe_medium__lsb3.bmp,extended_xl,EXE,EXE,medium,3,no_buffer,EXE,1
XL-Synthetic_2_B__exe_medium__lsb3.bmp,extended_xl,EXE,EXE,medium,3,no_markers,EXE,1
XL-Synthetic_2_B__exe_small__lsb1.bmp,extended_xl,EXE,EXE,small,1,full,EXE,1
XL-Synthetic_2_B__exe_small__lsb1.bmp,extended_xl,EXE,EXE,small,1,no_deinterleaving,EXE,1
XL-Synthetic_2_B__exe_small__lsb1.bmp,extended_xl,EXE,EXE,small,1,no_buffer,EXE,1
XL-Synthetic_2_B__exe_small__lsb1.bmp,extended_xl,EXE,EXE,small,1,no_markers,EXE,1
XL-Synthetic_2_B__exe_small__lsb2.bmp,extended_xl,EXE,EXE,small,2,full,EXE,1
XL-Synthetic_2_B__exe_small__lsb2.bmp,extended_xl,EXE,EXE,small,2,no_deinterleaving,UNKNOWN,0
XL-Synthetic_2_B__exe_small__lsb2.bmp,extended_xl,EXE,EXE,small,2,no_buffer,EXE,1
XL-Synthetic_2_B__exe_small__lsb2.bmp,extended_xl,EXE,EXE,small,2,no_markers,EXE,1
XL-Synthetic_2_B__exe_small__lsb3.bmp,extended_xl,EXE,EXE,small,3,full,EXE,1
XL-Synthetic_2_B__exe_small__lsb3.bmp,extended_xl,EXE,EXE,small,3,no_deinterleaving,UNKNOWN,0
XL-Synthetic_2_B__exe_small__lsb3.bmp,extended_xl,EXE,EXE,small,3,no_buffer,EXE,1
XL-Synthetic_2_B__exe_small__lsb3.bmp,extended_xl,EXE,EXE,small,3,no_markers,EXE,1
XL-Synthetic_2_B__pdf_large__lsb1.bmp,extended_xl,PDF,PDF,large,1,full,PDF,1
XL-Synthetic_2_B__pdf_large__lsb1.bmp,extended_xl,PDF,PDF,large,1,no_deinterleaving,PDF,1
XL-Synthetic_2_B__pdf_large__lsb1.bmp,extended_xl,PDF,PDF,large,1,no_buffer,PDF,1
XL-Synthetic_2_B__pdf_large__lsb1.bmp,extended_xl,PDF,PDF,large,1,no_markers,PDF,1
XL-Synthetic_2_B__pdf_large__lsb2.bmp,extended_xl,PDF,PDF,large,2,full,PDF,1
XL-Synthetic_2_B__pdf_large__lsb2.bmp,extended_xl,PDF,PDF,large,2,no_deinterleaving,UNKNOWN,0
XL-Synthetic_2_B__pdf_large__lsb2.bmp,extended_xl,PDF,PDF,large,2,no_buffer,PDF,1
XL-Synthetic_2_B__pdf_large__lsb2.bmp,extended_xl,PDF,PDF,large,2,no_markers,PDF,1
XL-Synthetic_2_B__pdf_large__lsb3.bmp,extended_xl,PDF,PDF,large,3,full,PDF,1
XL-Synthetic_2_B__pdf_large__lsb3.bmp,extended_xl,PDF,PDF,large,3,no_deinterleaving,UNKNOWN,0
XL-Synthetic_2_B__pdf_large__lsb3.bmp,extended_xl,PDF,PDF,large,3,no_buffer,PDF,1
XL-Synthetic_2_B__pdf_large__lsb3.bmp,extended_xl,PDF,PDF,large,3,no_markers,PDF,1
XL-Synthetic_2_B__pdf_medium__lsb1.bmp,extended_xl,PDF,PDF,medium,1,full,PDF,1
XL-Synthetic_2_B__pdf_medium__lsb1.bmp,extended_xl,PDF,PDF,medium,1,no_deinterleaving,PDF,1
XL-Synthetic_2_B__pdf_medium__lsb1.bmp,extended_xl,PDF,PDF,medium,1,no_buffer,PDF,1
XL-Synthetic_2_B__pdf_medium__lsb1.bmp,extended_xl,PDF,PDF,medium,1,no_markers,PDF,1
XL-Synthetic_2_B__pdf_medium__lsb2.bmp,extended_xl,PDF,PDF,medium,2,full,PDF,1
XL-Synthetic_2_B__pdf_medium__lsb2.bmp,extended_xl,PDF,PDF,medium,2,no_deinterleaving,UNKNOWN,0
XL-Synthetic_2_B__pdf_medium__lsb2.bmp,extended_xl,PDF,PDF,medium,2,no_buffer,PDF,1
XL-Synthetic_2_B__pdf_medium__lsb2.bmp,extended_xl,PDF,PDF,medium,2,no_markers,PDF,1
XL-Synthetic_2_B__pdf_medium__lsb3.bmp,extended_xl,PDF,PDF,medium,3,full,PDF,1
XL-Synthetic_2_B__pdf_medium__lsb3.bmp,extended_xl,PDF,PDF,medium,3,no_deinterleaving,UNKNOWN,0
XL-Synthetic_2_B__pdf_medium__lsb3.bmp,extended_xl,PDF,PDF,medium,3,no_buffer,PDF,1
XL-Synthetic_2_B__pdf_medium__lsb3.bmp,extended_xl,PDF,PDF,medium,3,no_markers,PDF,1
XL-Synthetic_2_B__pdf_small__lsb1.bmp,extended_xl,PDF,PDF,small,1,full,PDF,1
XL-Synthetic_2_B__pdf_small__lsb1.bmp,extended_xl,PDF,PDF,small,1,no_deinterleaving,PDF,1
XL-Synthetic_2_B__pdf_small__lsb1.bmp,extended_xl,PDF,PDF,small,1,no_buffer,PDF,1
XL-Synthetic_2_B__pdf_small__lsb1.bmp,extended_xl,PDF,PDF,small,1,no_markers,PDF,1
XL-Synthetic_2_B__pdf_small__lsb2.bmp,extended_xl,PDF,PDF,small,2,full,PDF,1
XL-Synthetic_2_B__pdf_small__lsb2.bmp,extended_xl,PDF,PDF,small,2,no_deinterleaving,UNKNOWN,0
XL-Synthetic_2_B__pdf_small__lsb2.bmp,extended_xl,PDF,PDF,small,2,no_buffer,PDF,1
XL-Synthetic_2_B__pdf_small__lsb2.bmp,extended_xl,PDF,PDF,small,2,no_markers,PDF,1
XL-Synthetic_2_B__pdf_small__lsb3.bmp,extended_xl,PDF,PDF,small,3,full,PDF,1
XL-Synthetic_2_B__pdf_small__lsb3.bmp,extended_xl,PDF,PDF,small,3,no_deinterleaving,UNKNOWN,0
XL-Synthetic_2_B__pdf_small__lsb3.bmp,extended_xl,PDF,PDF,small,3,no_buffer,PDF,1
XL-Synthetic_2_B__pdf_small__lsb3.bmp,extended_xl,PDF,PDF,small,3,no_markers,PDF,1
XL-Synthetic_2_B__pptx_large__lsb1.bmp,extended_xl,PPTX,PPTX,large,1,full,PPTX,1
XL-Synthetic_2_B__pptx_large__lsb1.bmp,extended_xl,PPTX,PPTX,large,1,no_deinterleaving,PPTX,1
XL-Synthetic_2_B__pptx_large__lsb1.bmp,extended_xl,PPTX,PPTX,large,1,no_buffer,ZIP,0
XL-Synthetic_2_B__pptx_large__lsb1.bmp,extended_xl,PPTX,PPTX,large,1,no_markers,ZIP,0
XL-Synthetic_2_B__pptx_large__lsb2.bmp,extended_xl,PPTX,PPTX,large,2,full,PPTX,1
XL-Synthetic_2_B__pptx_large__lsb2.bmp,extended_xl,PPTX,PPTX,large,2,no_deinterleaving,UNKNOWN,0
XL-Synthetic_2_B__pptx_large__lsb2.bmp,extended_xl,PPTX,PPTX,large,2,no_buffer,ZIP,0
XL-Synthetic_2_B__pptx_large__lsb2.bmp,extended_xl,PPTX,PPTX,large,2,no_markers,ZIP,0
XL-Synthetic_2_B__pptx_large__lsb3.bmp,extended_xl,PPTX,PPTX,large,3,full,PPTX,1
XL-Synthetic_2_B__pptx_large__lsb3.bmp,extended_xl,PPTX,PPTX,large,3,no_deinterleaving,UNKNOWN,0
XL-Synthetic_2_B__pptx_large__lsb3.bmp,extended_xl,PPTX,PPTX,large,3,no_buffer,ZIP,0
XL-Synthetic_2_B__pptx_large__lsb3.bmp,extended_xl,PPTX,PPTX,large,3,no_markers,ZIP,0
XL-Synthetic_2_B__pptx_medium__lsb1.bmp,extended_xl,PPTX,PPTX,medium,1,full,PPTX,1
XL-Synthetic_2_B__pptx_medium__lsb1.bmp,extended_xl,PPTX,PPTX,medium,1,no_deinterleaving,PPTX,1
XL-Synthetic_2_B__pptx_medium__lsb1.bmp,extended_xl,PPTX,PPTX,medium,1,no_buffer,ZIP,0
XL-Synthetic_2_B__pptx_medium__lsb1.bmp,extended_xl,PPTX,PPTX,medium,1,no_markers,ZIP,0
XL-Synthetic_2_B__pptx_medium__lsb2.bmp,extended_xl,PPTX,PPTX,medium,2,full,PPTX,1
XL-Synthetic_2_B__pptx_medium__lsb2.bmp,extended_xl,PPTX,PPTX,medium,2,no_deinterleaving,UNKNOWN,0
XL-Synthetic_2_B__pptx_medium__lsb2.bmp,extended_xl,PPTX,PPTX,medium,2,no_buffer,ZIP,0
XL-Synthetic_2_B__pptx_medium__lsb2.bmp,extended_xl,PPTX,PPTX,medium,2,no_markers,ZIP,0
XL-Synthetic_2_B__pptx_medium__lsb3.bmp,extended_xl,PPTX,PPTX,medium,3,full,PPTX,1
XL-Synthetic_2_B__pptx_medium__lsb3.bmp,extended_xl,PPTX,PPTX,medium,3,no_deinterleaving,UNKNOWN,0
XL-Synthetic_2_B__pptx_medium__lsb3.bmp,extended_xl,PPTX,PPTX,medium,3,no_buffer,ZIP,0
XL-Synthetic_2_B__pptx_medium__lsb3.bmp,extended_xl,PPTX,PPTX,medium,3,no_markers,ZIP,0
XL-Synthetic_2_B__pptx_small__lsb1.bmp,extended_xl,PPTX,PPTX,small,1,full,PPTX,1
XL-Synthetic_2_B__pptx_small__lsb1.bmp,extended_xl,PPTX,PPTX,small,1,no_deinterleaving,PPTX,1
XL-Synthetic_2_B__pptx_small__lsb1.bmp,extended_xl,PPTX,PPTX,small,1,no_buffer,ZIP,0
XL-Synthetic_2_B__pptx_small__lsb1.bmp,extended_xl,PPTX,PPTX,small,1,no_markers,ZIP,0
XL-Synthetic_2_B__pptx_small__lsb2.bmp,extended_xl,PPTX,PPTX,small,2,full,PPTX,1
XL-Synthetic_2_B__pptx_small__lsb2.bmp,extended_xl,PPTX,PPTX,small,2,no_deinterleaving,UNKNOWN,0
XL-Synthetic_2_B__pptx_small__lsb2.bmp,extended_xl,PPTX,PPTX,small,2,no_buffer,ZIP,0
XL-Synthetic_2_B__pptx_small__lsb2.bmp,extended_xl,PPTX,PPTX,small,2,no_markers,ZIP,0
XL-Synthetic_2_B__pptx_small__lsb3.bmp,extended_xl,PPTX,PPTX,small,3,full,PPTX,1
XL-Synthetic_2_B__pptx_small__lsb3.bmp,extended_xl,PPTX,PPTX,small,3,no_deinterleaving,UNKNOWN,0
XL-Synthetic_2_B__pptx_small__lsb3.bmp,extended_xl,PPTX,PPTX,small,3,no_buffer,ZIP,0
XL-Synthetic_2_B__pptx_small__lsb3.bmp,extended_xl,PPTX,PPTX,small,3,no_markers,ZIP,0
XL-Synthetic_2_B__rtf_large__lsb1.bmp,extended_xl,RTF,RTF,large,1,full,RTF,1
XL-Synthetic_2_B__rtf_large__lsb1.bmp,extended_xl,RTF,RTF,large,1,no_deinterleaving,RTF,1
XL-Synthetic_2_B__rtf_large__lsb1.bmp,extended_xl,RTF,RTF,large,1,no_buffer,RTF,1
XL-Synthetic_2_B__rtf_large__lsb1.bmp,extended_xl,RTF,RTF,large,1,no_markers,RTF,1
XL-Synthetic_2_B__rtf_large__lsb2.bmp,extended_xl,RTF,RTF,large,2,full,RTF,1
XL-Synthetic_2_B__rtf_large__lsb2.bmp,extended_xl,RTF,RTF,large,2,no_deinterleaving,UNKNOWN,0
XL-Synthetic_2_B__rtf_large__lsb2.bmp,extended_xl,RTF,RTF,large,2,no_buffer,RTF,1
XL-Synthetic_2_B__rtf_large__lsb2.bmp,extended_xl,RTF,RTF,large,2,no_markers,RTF,1
XL-Synthetic_2_B__rtf_large__lsb3.bmp,extended_xl,RTF,RTF,large,3,full,RTF,1
XL-Synthetic_2_B__rtf_large__lsb3.bmp,extended_xl,RTF,RTF,large,3,no_deinterleaving,UNKNOWN,0
XL-Synthetic_2_B__rtf_large__lsb3.bmp,extended_xl,RTF,RTF,large,3,no_buffer,RTF,1
XL-Synthetic_2_B__rtf_large__lsb3.bmp,extended_xl,RTF,RTF,large,3,no_markers,RTF,1
XL-Synthetic_2_B__rtf_medium__lsb1.bmp,extended_xl,RTF,RTF,medium,1,full,RTF,1
XL-Synthetic_2_B__rtf_medium__lsb1.bmp,extended_xl,RTF,RTF,medium,1,no_deinterleaving,RTF,1
XL-Synthetic_2_B__rtf_medium__lsb1.bmp,extended_xl,RTF,RTF,medium,1,no_buffer,RTF,1
XL-Synthetic_2_B__rtf_medium__lsb1.bmp,extended_xl,RTF,RTF,medium,1,no_markers,RTF,1
XL-Synthetic_2_B__rtf_medium__lsb2.bmp,extended_xl,RTF,RTF,medium,2,full,RTF,1
XL-Synthetic_2_B__rtf_medium__lsb2.bmp,extended_xl,RTF,RTF,medium,2,no_deinterleaving,UNKNOWN,0
XL-Synthetic_2_B__rtf_medium__lsb2.bmp,extended_xl,RTF,RTF,medium,2,no_buffer,RTF,1
XL-Synthetic_2_B__rtf_medium__lsb2.bmp,extended_xl,RTF,RTF,medium,2,no_markers,RTF,1
XL-Synthetic_2_B__rtf_medium__lsb3.bmp,extended_xl,RTF,RTF,medium,3,full,RTF,1
XL-Synthetic_2_B__rtf_medium__lsb3.bmp,extended_xl,RTF,RTF,medium,3,no_deinterleaving,UNKNOWN,0
XL-Synthetic_2_B__rtf_medium__lsb3.bmp,extended_xl,RTF,RTF,medium,3,no_buffer,RTF,1
XL-Synthetic_2_B__rtf_medium__lsb3.bmp,extended_xl,RTF,RTF,medium,3,no_markers,RTF,1
XL-Synthetic_2_B__rtf_small__lsb1.bmp,extended_xl,RTF,RTF,small,1,full,RTF,1
XL-Synthetic_2_B__rtf_small__lsb1.bmp,extended_xl,RTF,RTF,small,1,no_deinterleaving,RTF,1
XL-Synthetic_2_B__rtf_small__lsb1.bmp,extended_xl,RTF,RTF,small,1,no_buffer,RTF,1
XL-Synthetic_2_B__rtf_small__lsb1.bmp,extended_xl,RTF,RTF,small,1,no_markers,RTF,1
XL-Synthetic_2_B__rtf_small__lsb2.bmp,extended_xl,RTF,RTF,small,2,full,RTF,1
XL-Synthetic_2_B__rtf_small__lsb2.bmp,extended_xl,RTF,RTF,small,2,no_deinterleaving,UNKNOWN,0
XL-Synthetic_2_B__rtf_small__lsb2.bmp,extended_xl,RTF,RTF,small,2,no_buffer,RTF,1
XL-Synthetic_2_B__rtf_small__lsb2.bmp,extended_xl,RTF,RTF,small,2,no_markers,RTF,1
XL-Synthetic_2_B__rtf_small__lsb3.bmp,extended_xl,RTF,RTF,small,3,full,RTF,1
XL-Synthetic_2_B__rtf_small__lsb3.bmp,extended_xl,RTF,RTF,small,3,no_deinterleaving,UNKNOWN,0
XL-Synthetic_2_B__rtf_small__lsb3.bmp,extended_xl,RTF,RTF,small,3,no_buffer,RTF,1
XL-Synthetic_2_B__rtf_small__lsb3.bmp,extended_xl,RTF,RTF,small,3,no_markers,RTF,1
XL-Synthetic_2_B__xlsx_large__lsb1.bmp,extended_xl,XLSX,XLSX,large,1,full,XLSX,1
XL-Synthetic_2_B__xlsx_large__lsb1.bmp,extended_xl,XLSX,XLSX,large,1,no_deinterleaving,XLSX,1
XL-Synthetic_2_B__xlsx_large__lsb1.bmp,extended_xl,XLSX,XLSX,large,1,no_buffer,ZIP,0
XL-Synthetic_2_B__xlsx_large__lsb1.bmp,extended_xl,XLSX,XLSX,large,1,no_markers,ZIP,0
XL-Synthetic_2_B__xlsx_large__lsb2.bmp,extended_xl,XLSX,XLSX,large,2,full,XLSX,1
XL-Synthetic_2_B__xlsx_large__lsb2.bmp,extended_xl,XLSX,XLSX,large,2,no_deinterleaving,UNKNOWN,0
XL-Synthetic_2_B__xlsx_large__lsb2.bmp,extended_xl,XLSX,XLSX,large,2,no_buffer,ZIP,0
XL-Synthetic_2_B__xlsx_large__lsb2.bmp,extended_xl,XLSX,XLSX,large,2,no_markers,ZIP,0
XL-Synthetic_2_B__xlsx_large__lsb3.bmp,extended_xl,XLSX,XLSX,large,3,full,XLSX,1
XL-Synthetic_2_B__xlsx_large__lsb3.bmp,extended_xl,XLSX,XLSX,large,3,no_deinterleaving,UNKNOWN,0
XL-Synthetic_2_B__xlsx_large__lsb3.bmp,extended_xl,XLSX,XLSX,large,3,no_buffer,ZIP,0
XL-Synthetic_2_B__xlsx_large__lsb3.bmp,extended_xl,XLSX,XLSX,large,3,no_markers,ZIP,0
XL-Synthetic_2_B__xlsx_medium__lsb1.bmp,extended_xl,XLSX,XLSX,medium,1,full,XLSX,1
XL-Synthetic_2_B__xlsx_medium__lsb1.bmp,extended_xl,XLSX,XLSX,medium,1,no_deinterleaving,XLSX,1
XL-Synthetic_2_B__xlsx_medium__lsb1.bmp,extended_xl,XLSX,XLSX,medium,1,no_buffer,ZIP,0
XL-Synthetic_2_B__xlsx_medium__lsb1.bmp,extended_xl,XLSX,XLSX,medium,1,no_markers,ZIP,0
XL-Synthetic_2_B__xlsx_medium__lsb2.bmp,extended_xl,XLSX,XLSX,medium,2,full,XLSX,1
XL-Synthetic_2_B__xlsx_medium__lsb2.bmp,extended_xl,XLSX,XLSX,medium,2,no_deinterleaving,UNKNOWN,0
XL-Synthetic_2_B__xlsx_medium__lsb2.bmp,extended_xl,XLSX,XLSX,medium,2,no_buffer,ZIP,0
XL-Synthetic_2_B__xlsx_medium__lsb2.bmp,extended_xl,XLSX,XLSX,medium,2,no_markers,ZIP,0
XL-Synthetic_2_B__xlsx_medium__lsb3.bmp,extended_xl,XLSX,XLSX,medium,3,full,XLSX,1
XL-Synthetic_2_B__xlsx_medium__lsb3.bmp,extended_xl,XLSX,XLSX,medium,3,no_deinterleaving,UNKNOWN,0
XL-Synthetic_2_B__xlsx_medium__lsb3.bmp,extended_xl,XLSX,XLSX,medium,3,no_buffer,ZIP,0
XL-Synthetic_2_B__xlsx_medium__lsb3.bmp,extended_xl,XLSX,XLSX,medium,3,no_markers,ZIP,0
XL-Synthetic_2_B__xlsx_small__lsb1.bmp,extended_xl,XLSX,XLSX,small,1,full,XLSX,1
XL-Synthetic_2_B__xlsx_small__lsb1.bmp,extended_xl,XLSX,XLSX,small,1,no_deinterleaving,XLSX,1
XL-Synthetic_2_B__xlsx_small__lsb1.bmp,extended_xl,XLSX,XLSX,small,1,no_buffer,ZIP,0
XL-Synthetic_2_B__xlsx_small__lsb1.bmp,extended_xl,XLSX,XLSX,small,1,no_markers,ZIP,0
XL-Synthetic_2_B__xlsx_small__lsb2.bmp,extended_xl,XLSX,XLSX,small,2,full,XLSX,1
XL-Synthetic_2_B__xlsx_small__lsb2.bmp,extended_xl,XLSX,XLSX,small,2,no_deinterleaving,UNKNOWN,0
XL-Synthetic_2_B__xlsx_small__lsb2.bmp,extended_xl,XLSX,XLSX,small,2,no_buffer,ZIP,0
XL-Synthetic_2_B__xlsx_small__lsb2.bmp,extended_xl,XLSX,XLSX,small,2,no_markers,ZIP,0
XL-Synthetic_2_B__xlsx_small__lsb3.bmp,extended_xl,XLSX,XLSX,small,3,full,XLSX,1
XL-Synthetic_2_B__xlsx_small__lsb3.bmp,extended_xl,XLSX,XLSX,small,3,no_deinterleaving,UNKNOWN,0
XL-Synthetic_2_B__xlsx_small__lsb3.bmp,extended_xl,XLSX,XLSX,small,3,no_buffer,ZIP,0
XL-Synthetic_2_B__xlsx_small__lsb3.bmp,extended_xl,XLSX,XLSX,small,3,no_markers,ZIP,0
XL-Synthetic_2_P__docx_large__lsb3.png,extended_xl,DOCX,DOCX,large,3,full,DOCX,1
XL-Synthetic_2_P__docx_large__lsb3.png,extended_xl,DOCX,DOCX,large,3,no_deinterleaving,UNKNOWN,0
XL-Synthetic_2_P__docx_large__lsb3.png,extended_xl,DOCX,DOCX,large,3,no_buffer,ZIP,0
XL-Synthetic_2_P__docx_large__lsb3.png,extended_xl,DOCX,DOCX,large,3,no_markers,ZIP,0
XL-Synthetic_2_P__docx_medium__lsb2.png,extended_xl,DOCX,DOCX,medium,2,full,DOCX,1
XL-Synthetic_2_P__docx_medium__lsb2.png,extended_xl,DOCX,DOCX,medium,2,no_deinterleaving,UNKNOWN,0
XL-Synthetic_2_P__docx_medium__lsb2.png,extended_xl,DOCX,DOCX,medium,2,no_buffer,ZIP,0
XL-Synthetic_2_P__docx_medium__lsb2.png,extended_xl,DOCX,DOCX,medium,2,no_markers,ZIP,0
XL-Synthetic_2_P__docx_medium__lsb3.png,extended_xl,DOCX,DOCX,medium,3,full,DOCX,1
XL-Synthetic_2_P__docx_medium__lsb3.png,extended_xl,DOCX,DOCX,medium,3,no_deinterleaving,UNKNOWN,0
XL-Synthetic_2_P__docx_medium__lsb3.png,extended_xl,DOCX,DOCX,medium,3,no_buffer,ZIP,0
XL-Synthetic_2_P__docx_medium__lsb3.png,extended_xl,DOCX,DOCX,medium,3,no_markers,ZIP,0
XL-Synthetic_2_P__docx_small__lsb1.png,extended_xl,DOCX,DOCX,small,1,full,DOCX,1
XL-Synthetic_2_P__docx_small__lsb1.png,extended_xl,DOCX,DOCX,small,1,no_deinterleaving,DOCX,1
XL-Synthetic_2_P__docx_small__lsb1.png,extended_xl,DOCX,DOCX,small,1,no_buffer,ZIP,0
XL-Synthetic_2_P__docx_small__lsb1.png,extended_xl,DOCX,DOCX,small,1,no_markers,ZIP,0
XL-Synthetic_2_P__docx_small__lsb2.png,extended_xl,DOCX,DOCX,small,2,full,DOCX,1
XL-Synthetic_2_P__docx_small__lsb2.png,extended_xl,DOCX,DOCX,small,2,no_deinterleaving,UNKNOWN,0
XL-Synthetic_2_P__docx_small__lsb2.png,extended_xl,DOCX,DOCX,small,2,no_buffer,ZIP,0
XL-Synthetic_2_P__docx_small__lsb2.png,extended_xl,DOCX,DOCX,small,2,no_markers,ZIP,0
XL-Synthetic_2_P__docx_small__lsb3.png,extended_xl,DOCX,DOCX,small,3,full,DOCX,1
XL-Synthetic_2_P__docx_small__lsb3.png,extended_xl,DOCX,DOCX,small,3,no_deinterleaving,UNKNOWN,0
XL-Synthetic_2_P__docx_small__lsb3.png,extended_xl,DOCX,DOCX,small,3,no_buffer,ZIP,0
XL-Synthetic_2_P__docx_small__lsb3.png,extended_xl,DOCX,DOCX,small,3,no_markers,ZIP,0
XL-Synthetic_2_P__exe_large__lsb3.png,extended_xl,EXE,EXE,large,3,full,EXE,1
XL-Synthetic_2_P__exe_large__lsb3.png,extended_xl,EXE,EXE,large,3,no_deinterleaving,UNKNOWN,0
XL-Synthetic_2_P__exe_large__lsb3.png,extended_xl,EXE,EXE,large,3,no_buffer,EXE,1
XL-Synthetic_2_P__exe_large__lsb3.png,extended_xl,EXE,EXE,large,3,no_markers,EXE,1
XL-Synthetic_2_P__exe_medium__lsb2.png,extended_xl,EXE,EXE,medium,2,full,EXE,1
XL-Synthetic_2_P__exe_medium__lsb2.png,extended_xl,EXE,EXE,medium,2,no_deinterleaving,UNKNOWN,0
XL-Synthetic_2_P__exe_medium__lsb2.png,extended_xl,EXE,EXE,medium,2,no_buffer,EXE,1
XL-Synthetic_2_P__exe_medium__lsb2.png,extended_xl,EXE,EXE,medium,2,no_markers,EXE,1
XL-Synthetic_2_P__exe_medium__lsb3.png,extended_xl,EXE,EXE,medium,3,full,EXE,1
XL-Synthetic_2_P__exe_medium__lsb3.png,extended_xl,EXE,EXE,medium,3,no_deinterleaving,UNKNOWN,0
XL-Synthetic_2_P__exe_medium__lsb3.png,extended_xl,EXE,EXE,medium,3,no_buffer,EXE,1
XL-Synthetic_2_P__exe_medium__lsb3.png,extended_xl,EXE,EXE,medium,3,no_markers,EXE,1
XL-Synthetic_2_P__exe_small__lsb1.png,extended_xl,EXE,EXE,small,1,full,EXE,1
XL-Synthetic_2_P__exe_small__lsb1.png,extended_xl,EXE,EXE,small,1,no_deinterleaving,EXE,1
XL-Synthetic_2_P__exe_small__lsb1.png,extended_xl,EXE,EXE,small,1,no_buffer,EXE,1
XL-Synthetic_2_P__exe_small__lsb1.png,extended_xl,EXE,EXE,small,1,no_markers,EXE,1
XL-Synthetic_2_P__exe_small__lsb2.png,extended_xl,EXE,EXE,small,2,full,EXE,1
XL-Synthetic_2_P__exe_small__lsb2.png,extended_xl,EXE,EXE,small,2,no_deinterleaving,UNKNOWN,0
XL-Synthetic_2_P__exe_small__lsb2.png,extended_xl,EXE,EXE,small,2,no_buffer,EXE,1
XL-Synthetic_2_P__exe_small__lsb2.png,extended_xl,EXE,EXE,small,2,no_markers,EXE,1
XL-Synthetic_2_P__exe_small__lsb3.png,extended_xl,EXE,EXE,small,3,full,EXE,1
XL-Synthetic_2_P__exe_small__lsb3.png,extended_xl,EXE,EXE,small,3,no_deinterleaving,UNKNOWN,0
XL-Synthetic_2_P__exe_small__lsb3.png,extended_xl,EXE,EXE,small,3,no_buffer,EXE,1
XL-Synthetic_2_P__exe_small__lsb3.png,extended_xl,EXE,EXE,small,3,no_markers,EXE,1
XL-Synthetic_2_P__pdf_large__lsb3.png,extended_xl,PDF,PDF,large,3,full,PDF,1
XL-Synthetic_2_P__pdf_large__lsb3.png,extended_xl,PDF,PDF,large,3,no_deinterleaving,UNKNOWN,0
XL-Synthetic_2_P__pdf_large__lsb3.png,extended_xl,PDF,PDF,large,3,no_buffer,PDF,1
XL-Synthetic_2_P__pdf_large__lsb3.png,extended_xl,PDF,PDF,large,3,no_markers,PDF,1
XL-Synthetic_2_P__pdf_medium__lsb2.png,extended_xl,PDF,PDF,medium,2,full,PDF,1
XL-Synthetic_2_P__pdf_medium__lsb2.png,extended_xl,PDF,PDF,medium,2,no_deinterleaving,UNKNOWN,0
XL-Synthetic_2_P__pdf_medium__lsb2.png,extended_xl,PDF,PDF,medium,2,no_buffer,PDF,1
XL-Synthetic_2_P__pdf_medium__lsb2.png,extended_xl,PDF,PDF,medium,2,no_markers,PDF,1
XL-Synthetic_2_P__pdf_medium__lsb3.png,extended_xl,PDF,PDF,medium,3,full,PDF,1
XL-Synthetic_2_P__pdf_medium__lsb3.png,extended_xl,PDF,PDF,medium,3,no_deinterleaving,UNKNOWN,0
XL-Synthetic_2_P__pdf_medium__lsb3.png,extended_xl,PDF,PDF,medium,3,no_buffer,PDF,1
XL-Synthetic_2_P__pdf_medium__lsb3.png,extended_xl,PDF,PDF,medium,3,no_markers,PDF,1
XL-Synthetic_2_P__pdf_small__lsb1.png,extended_xl,PDF,PDF,small,1,full,PDF,1
XL-Synthetic_2_P__pdf_small__lsb1.png,extended_xl,PDF,PDF,small,1,no_deinterleaving,PDF,1
XL-Synthetic_2_P__pdf_small__lsb1.png,extended_xl,PDF,PDF,small,1,no_buffer,PDF,1
XL-Synthetic_2_P__pdf_small__lsb1.png,extended_xl,PDF,PDF,small,1,no_markers,PDF,1
XL-Synthetic_2_P__pdf_small__lsb2.png,extended_xl,PDF,PDF,small,2,full,PDF,1
XL-Synthetic_2_P__pdf_small__lsb2.png,extended_xl,PDF,PDF,small,2,no_deinterleaving,UNKNOWN,0
XL-Synthetic_2_P__pdf_small__lsb2.png,extended_xl,PDF,PDF,small,2,no_buffer,PDF,1
XL-Synthetic_2_P__pdf_small__lsb2.png,extended_xl,PDF,PDF,small,2,no_markers,PDF,1
XL-Synthetic_2_P__pdf_small__lsb3.png,extended_xl,PDF,PDF,small,3,full,PDF,1
XL-Synthetic_2_P__pdf_small__lsb3.png,extended_xl,PDF,PDF,small,3,no_deinterleaving,UNKNOWN,0
XL-Synthetic_2_P__pdf_small__lsb3.png,extended_xl,PDF,PDF,small,3,no_buffer,PDF,1
XL-Synthetic_2_P__pdf_small__lsb3.png,extended_xl,PDF,PDF,small,3,no_markers,PDF,1
XL-Synthetic_2_P__pptx_large__lsb3.png,extended_xl,PPTX,PPTX,large,3,full,PPTX,1
XL-Synthetic_2_P__pptx_large__lsb3.png,extended_xl,PPTX,PPTX,large,3,no_deinterleaving,UNKNOWN,0
XL-Synthetic_2_P__pptx_large__lsb3.png,extended_xl,PPTX,PPTX,large,3,no_buffer,ZIP,0
XL-Synthetic_2_P__pptx_large__lsb3.png,extended_xl,PPTX,PPTX,large,3,no_markers,ZIP,0
XL-Synthetic_2_P__pptx_medium__lsb2.png,extended_xl,PPTX,PPTX,medium,2,full,PPTX,1
XL-Synthetic_2_P__pptx_medium__lsb2.png,extended_xl,PPTX,PPTX,medium,2,no_deinterleaving,UNKNOWN,0
XL-Synthetic_2_P__pptx_medium__lsb2.png,extended_xl,PPTX,PPTX,medium,2,no_buffer,ZIP,0
XL-Synthetic_2_P__pptx_medium__lsb2.png,extended_xl,PPTX,PPTX,medium,2,no_markers,ZIP,0
XL-Synthetic_2_P__pptx_medium__lsb3.png,extended_xl,PPTX,PPTX,medium,3,full,PPTX,1
XL-Synthetic_2_P__pptx_medium__lsb3.png,extended_xl,PPTX,PPTX,medium,3,no_deinterleaving,UNKNOWN,0
XL-Synthetic_2_P__pptx_medium__lsb3.png,extended_xl,PPTX,PPTX,medium,3,no_buffer,ZIP,0
XL-Synthetic_2_P__pptx_medium__lsb3.png,extended_xl,PPTX,PPTX,medium,3,no_markers,ZIP,0
XL-Synthetic_2_P__pptx_small__lsb1.png,extended_xl,PPTX,PPTX,small,1,full,PPTX,1
XL-Synthetic_2_P__pptx_small__lsb1.png,extended_xl,PPTX,PPTX,small,1,no_deinterleaving,PPTX,1
XL-Synthetic_2_P__pptx_small__lsb1.png,extended_xl,PPTX,PPTX,small,1,no_buffer,ZIP,0
XL-Synthetic_2_P__pptx_small__lsb1.png,extended_xl,PPTX,PPTX,small,1,no_markers,ZIP,0
XL-Synthetic_2_P__pptx_small__lsb2.png,extended_xl,PPTX,PPTX,small,2,full,PPTX,1
XL-Synthetic_2_P__pptx_small__lsb2.png,extended_xl,PPTX,PPTX,small,2,no_deinterleaving,UNKNOWN,0
XL-Synthetic_2_P__pptx_small__lsb2.png,extended_xl,PPTX,PPTX,small,2,no_buffer,ZIP,0
XL-Synthetic_2_P__pptx_small__lsb2.png,extended_xl,PPTX,PPTX,small,2,no_markers,ZIP,0
XL-Synthetic_2_P__pptx_small__lsb3.png,extended_xl,PPTX,PPTX,small,3,full,PPTX,1
XL-Synthetic_2_P__pptx_small__lsb3.png,extended_xl,PPTX,PPTX,small,3,no_deinterleaving,UNKNOWN,0
XL-Synthetic_2_P__pptx_small__lsb3.png,extended_xl,PPTX,PPTX,small,3,no_buffer,ZIP,0
XL-Synthetic_2_P__pptx_small__lsb3.png,extended_xl,PPTX,PPTX,small,3,no_markers,ZIP,0
XL-Synthetic_2_P__rtf_large__lsb3.png,extended_xl,RTF,RTF,large,3,full,RTF,1
XL-Synthetic_2_P__rtf_large__lsb3.png,extended_xl,RTF,RTF,large,3,no_deinterleaving,UNKNOWN,0
XL-Synthetic_2_P__rtf_large__lsb3.png,extended_xl,RTF,RTF,large,3,no_buffer,RTF,1
XL-Synthetic_2_P__rtf_large__lsb3.png,extended_xl,RTF,RTF,large,3,no_markers,RTF,1
XL-Synthetic_2_P__rtf_medium__lsb2.png,extended_xl,RTF,RTF,medium,2,full,RTF,1
XL-Synthetic_2_P__rtf_medium__lsb2.png,extended_xl,RTF,RTF,medium,2,no_deinterleaving,UNKNOWN,0
XL-Synthetic_2_P__rtf_medium__lsb2.png,extended_xl,RTF,RTF,medium,2,no_buffer,RTF,1
XL-Synthetic_2_P__rtf_medium__lsb2.png,extended_xl,RTF,RTF,medium,2,no_markers,RTF,1
XL-Synthetic_2_P__rtf_medium__lsb3.png,extended_xl,RTF,RTF,medium,3,full,RTF,1
XL-Synthetic_2_P__rtf_medium__lsb3.png,extended_xl,RTF,RTF,medium,3,no_deinterleaving,UNKNOWN,0
XL-Synthetic_2_P__rtf_medium__lsb3.png,extended_xl,RTF,RTF,medium,3,no_buffer,RTF,1
XL-Synthetic_2_P__rtf_medium__lsb3.png,extended_xl,RTF,RTF,medium,3,no_markers,RTF,1
XL-Synthetic_2_P__rtf_small__lsb1.png,extended_xl,RTF,RTF,small,1,full,RTF,1
XL-Synthetic_2_P__rtf_small__lsb1.png,extended_xl,RTF,RTF,small,1,no_deinterleaving,RTF,1
XL-Synthetic_2_P__rtf_small__lsb1.png,extended_xl,RTF,RTF,small,1,no_buffer,RTF,1
XL-Synthetic_2_P__rtf_small__lsb1.png,extended_xl,RTF,RTF,small,1,no_markers,RTF,1
XL-Synthetic_2_P__rtf_small__lsb2.png,extended_xl,RTF,RTF,small,2,full,RTF,1
XL-Synthetic_2_P__rtf_small__lsb2.png,extended_xl,RTF,RTF,small,2,no_deinterleaving,UNKNOWN,0
XL-Synthetic_2_P__rtf_small__lsb2.png,extended_xl,RTF,RTF,small,2,no_buffer,RTF,1
XL-Synthetic_2_P__rtf_small__lsb2.png,extended_xl,RTF,RTF,small,2,no_markers,RTF,1
XL-Synthetic_2_P__rtf_small__lsb3.png,extended_xl,RTF,RTF,small,3,full,RTF,1
XL-Synthetic_2_P__rtf_small__lsb3.png,extended_xl,RTF,RTF,small,3,no_deinterleaving,UNKNOWN,0
XL-Synthetic_2_P__rtf_small__lsb3.png,extended_xl,RTF,RTF,small,3,no_buffer,RTF,1
XL-Synthetic_2_P__rtf_small__lsb3.png,extended_xl,RTF,RTF,small,3,no_markers,RTF,1
XL-Synthetic_2_P__xlsx_large__lsb3.png,extended_xl,XLSX,XLSX,large,3,full,XLSX,1
XL-Synthetic_2_P__xlsx_large__lsb3.png,extended_xl,XLSX,XLSX,large,3,no_deinterleaving,UNKNOWN,0
XL-Synthetic_2_P__xlsx_large__lsb3.png,extended_xl,XLSX,XLSX,large,3,no_buffer,ZIP,0
XL-Synthetic_2_P__xlsx_large__lsb3.png,extended_xl,XLSX,XLSX,large,3,no_markers,ZIP,0
XL-Synthetic_2_P__xlsx_medium__lsb2.png,extended_xl,XLSX,XLSX,medium,2,full,XLSX,1
XL-Synthetic_2_P__xlsx_medium__lsb2.png,extended_xl,XLSX,XLSX,medium,2,no_deinterleaving,UNKNOWN,0
XL-Synthetic_2_P__xlsx_medium__lsb2.png,extended_xl,XLSX,XLSX,medium,2,no_buffer,ZIP,0
XL-Synthetic_2_P__xlsx_medium__lsb2.png,extended_xl,XLSX,XLSX,medium,2,no_markers,ZIP,0
XL-Synthetic_2_P__xlsx_medium__lsb3.png,extended_xl,XLSX,XLSX,medium,3,full,XLSX,1
XL-Synthetic_2_P__xlsx_medium__lsb3.png,extended_xl,XLSX,XLSX,medium,3,no_deinterleaving,UNKNOWN,0
XL-Synthetic_2_P__xlsx_medium__lsb3.png,extended_xl,XLSX,XLSX,medium,3,no_buffer,ZIP,0
XL-Synthetic_2_P__xlsx_medium__lsb3.png,extended_xl,XLSX,XLSX,medium,3,no_markers,ZIP,0
XL-Synthetic_2_P__xlsx_small__lsb1.png,extended_xl,XLSX,XLSX,small,1,full,XLSX,1
XL-Synthetic_2_P__xlsx_small__lsb1.png,extended_xl,XLSX,XLSX,small,1,no_deinterleaving,XLSX,1
XL-Synthetic_2_P__xlsx_small__lsb1.png,extended_xl,XLSX,XLSX,small,1,no_buffer,ZIP,0
XL-Synthetic_2_P__xlsx_small__lsb1.png,extended_xl,XLSX,XLSX,small,1,no_markers,ZIP,0
XL-Synthetic_2_P__xlsx_small__lsb2.png,extended_xl,XLSX,XLSX,small,2,full,XLSX,1
XL-Synthetic_2_P__xlsx_small__lsb2.png,extended_xl,XLSX,XLSX,small,2,no_deinterleaving,UNKNOWN,0
XL-Synthetic_2_P__xlsx_small__lsb2.png,extended_xl,XLSX,XLSX,small,2,no_buffer,ZIP,0
XL-Synthetic_2_P__xlsx_small__lsb2.png,extended_xl,XLSX,XLSX,small,2,no_markers,ZIP,0
XL-Synthetic_2_P__xlsx_small__lsb3.png,extended_xl,XLSX,XLSX,small,3,full,XLSX,1
XL-Synthetic_2_P__xlsx_small__lsb3.png,extended_xl,XLSX,XLSX,small,3,no_deinterleaving,UNKNOWN,0
XL-Synthetic_2_P__xlsx_small__lsb3.png,extended_xl,XLSX,XLSX,small,3,no_buffer,ZIP,0
XL-Synthetic_2_P__xlsx_small__lsb3.png,extended_xl,XLSX,XLSX,small,3,no_markers,ZIP,0
XL-Synthetic_3_B__docx_large__lsb1.bmp,extended_xl,DOCX,DOCX,large,1,full,DOCX,1
XL-Synthetic_3_B__docx_large__lsb1.bmp,extended_xl,DOCX,DOCX,large,1,no_deinterleaving,DOCX,1
XL-Synthetic_3_B__docx_large__lsb1.bmp,extended_xl,DOCX,DOCX,large,1,no_buffer,ZIP,0
XL-Synthetic_3_B__docx_large__lsb1.bmp,extended_xl,DOCX,DOCX,large,1,no_markers,ZIP,0
XL-Synthetic_3_B__docx_large__lsb2.bmp,extended_xl,DOCX,DOCX,large,2,full,DOCX,1
XL-Synthetic_3_B__docx_large__lsb2.bmp,extended_xl,DOCX,DOCX,large,2,no_deinterleaving,UNKNOWN,0
XL-Synthetic_3_B__docx_large__lsb2.bmp,extended_xl,DOCX,DOCX,large,2,no_buffer,ZIP,0
XL-Synthetic_3_B__docx_large__lsb2.bmp,extended_xl,DOCX,DOCX,large,2,no_markers,ZIP,0
XL-Synthetic_3_B__docx_large__lsb3.bmp,extended_xl,DOCX,DOCX,large,3,full,DOCX,1
XL-Synthetic_3_B__docx_large__lsb3.bmp,extended_xl,DOCX,DOCX,large,3,no_deinterleaving,UNKNOWN,0
XL-Synthetic_3_B__docx_large__lsb3.bmp,extended_xl,DOCX,DOCX,large,3,no_buffer,ZIP,0
XL-Synthetic_3_B__docx_large__lsb3.bmp,extended_xl,DOCX,DOCX,large,3,no_markers,ZIP,0
XL-Synthetic_3_B__docx_medium__lsb1.bmp,extended_xl,DOCX,DOCX,medium,1,full,DOCX,1
XL-Synthetic_3_B__docx_medium__lsb1.bmp,extended_xl,DOCX,DOCX,medium,1,no_deinterleaving,DOCX,1
XL-Synthetic_3_B__docx_medium__lsb1.bmp,extended_xl,DOCX,DOCX,medium,1,no_buffer,ZIP,0
XL-Synthetic_3_B__docx_medium__lsb1.bmp,extended_xl,DOCX,DOCX,medium,1,no_markers,ZIP,0
XL-Synthetic_3_B__docx_medium__lsb2.bmp,extended_xl,DOCX,DOCX,medium,2,full,DOCX,1
XL-Synthetic_3_B__docx_medium__lsb2.bmp,extended_xl,DOCX,DOCX,medium,2,no_deinterleaving,UNKNOWN,0
XL-Synthetic_3_B__docx_medium__lsb2.bmp,extended_xl,DOCX,DOCX,medium,2,no_buffer,ZIP,0
XL-Synthetic_3_B__docx_medium__lsb2.bmp,extended_xl,DOCX,DOCX,medium,2,no_markers,ZIP,0
XL-Synthetic_3_B__docx_medium__lsb3.bmp,extended_xl,DOCX,DOCX,medium,3,full,DOCX,1
XL-Synthetic_3_B__docx_medium__lsb3.bmp,extended_xl,DOCX,DOCX,medium,3,no_deinterleaving,UNKNOWN,0
XL-Synthetic_3_B__docx_medium__lsb3.bmp,extended_xl,DOCX,DOCX,medium,3,no_buffer,ZIP,0
XL-Synthetic_3_B__docx_medium__lsb3.bmp,extended_xl,DOCX,DOCX,medium,3,no_markers,ZIP,0
XL-Synthetic_3_B__docx_small__lsb1.bmp,extended_xl,DOCX,DOCX,small,1,full,DOCX,1
XL-Synthetic_3_B__docx_small__lsb1.bmp,extended_xl,DOCX,DOCX,small,1,no_deinterleaving,DOCX,1
XL-Synthetic_3_B__docx_small__lsb1.bmp,extended_xl,DOCX,DOCX,small,1,no_buffer,ZIP,0
XL-Synthetic_3_B__docx_small__lsb1.bmp,extended_xl,DOCX,DOCX,small,1,no_markers,ZIP,0
XL-Synthetic_3_B__docx_small__lsb2.bmp,extended_xl,DOCX,DOCX,small,2,full,DOCX,1
XL-Synthetic_3_B__docx_small__lsb2.bmp,extended_xl,DOCX,DOCX,small,2,no_deinterleaving,UNKNOWN,0
XL-Synthetic_3_B__docx_small__lsb2.bmp,extended_xl,DOCX,DOCX,small,2,no_buffer,ZIP,0
XL-Synthetic_3_B__docx_small__lsb2.bmp,extended_xl,DOCX,DOCX,small,2,no_markers,ZIP,0
XL-Synthetic_3_B__docx_small__lsb3.bmp,extended_xl,DOCX,DOCX,small,3,full,DOCX,1
XL-Synthetic_3_B__docx_small__lsb3.bmp,extended_xl,DOCX,DOCX,small,3,no_deinterleaving,UNKNOWN,0
XL-Synthetic_3_B__docx_small__lsb3.bmp,extended_xl,DOCX,DOCX,small,3,no_buffer,ZIP,0
XL-Synthetic_3_B__docx_small__lsb3.bmp,extended_xl,DOCX,DOCX,small,3,no_markers,ZIP,0
XL-Synthetic_3_B__exe_large__lsb1.bmp,extended_xl,EXE,EXE,large,1,full,EXE,1
XL-Synthetic_3_B__exe_large__lsb1.bmp,extended_xl,EXE,EXE,large,1,no_deinterleaving,EXE,1
XL-Synthetic_3_B__exe_large__lsb1.bmp,extended_xl,EXE,EXE,large,1,no_buffer,EXE,1
XL-Synthetic_3_B__exe_large__lsb1.bmp,extended_xl,EXE,EXE,large,1,no_markers,EXE,1
XL-Synthetic_3_B__exe_large__lsb2.bmp,extended_xl,EXE,EXE,large,2,full,EXE,1
XL-Synthetic_3_B__exe_large__lsb2.bmp,extended_xl,EXE,EXE,large,2,no_deinterleaving,UNKNOWN,0
XL-Synthetic_3_B__exe_large__lsb2.bmp,extended_xl,EXE,EXE,large,2,no_buffer,EXE,1
XL-Synthetic_3_B__exe_large__lsb2.bmp,extended_xl,EXE,EXE,large,2,no_markers,EXE,1
XL-Synthetic_3_B__exe_large__lsb3.bmp,extended_xl,EXE,EXE,large,3,full,EXE,1
XL-Synthetic_3_B__exe_large__lsb3.bmp,extended_xl,EXE,EXE,large,3,no_deinterleaving,UNKNOWN,0
XL-Synthetic_3_B__exe_large__lsb3.bmp,extended_xl,EXE,EXE,large,3,no_buffer,EXE,1
XL-Synthetic_3_B__exe_large__lsb3.bmp,extended_xl,EXE,EXE,large,3,no_markers,EXE,1
XL-Synthetic_3_B__exe_medium__lsb1.bmp,extended_xl,EXE,EXE,medium,1,full,EXE,1
XL-Synthetic_3_B__exe_medium__lsb1.bmp,extended_xl,EXE,EXE,medium,1,no_deinterleaving,EXE,1
XL-Synthetic_3_B__exe_medium__lsb1.bmp,extended_xl,EXE,EXE,medium,1,no_buffer,EXE,1
XL-Synthetic_3_B__exe_medium__lsb1.bmp,extended_xl,EXE,EXE,medium,1,no_markers,EXE,1
XL-Synthetic_3_B__exe_medium__lsb2.bmp,extended_xl,EXE,EXE,medium,2,full,EXE,1
XL-Synthetic_3_B__exe_medium__lsb2.bmp,extended_xl,EXE,EXE,medium,2,no_deinterleaving,UNKNOWN,0
XL-Synthetic_3_B__exe_medium__lsb2.bmp,extended_xl,EXE,EXE,medium,2,no_buffer,EXE,1
XL-Synthetic_3_B__exe_medium__lsb2.bmp,extended_xl,EXE,EXE,medium,2,no_markers,EXE,1
XL-Synthetic_3_B__exe_medium__lsb3.bmp,extended_xl,EXE,EXE,medium,3,full,EXE,1
XL-Synthetic_3_B__exe_medium__lsb3.bmp,extended_xl,EXE,EXE,medium,3,no_deinterleaving,UNKNOWN,0
XL-Synthetic_3_B__exe_medium__lsb3.bmp,extended_xl,EXE,EXE,medium,3,no_buffer,EXE,1
XL-Synthetic_3_B__exe_medium__lsb3.bmp,extended_xl,EXE,EXE,medium,3,no_markers,EXE,1
XL-Synthetic_3_B__exe_small__lsb1.bmp,extended_xl,EXE,EXE,small,1,full,EXE,1
XL-Synthetic_3_B__exe_small__lsb1.bmp,extended_xl,EXE,EXE,small,1,no_deinterleaving,EXE,1
XL-Synthetic_3_B__exe_small__lsb1.bmp,extended_xl,EXE,EXE,small,1,no_buffer,EXE,1
XL-Synthetic_3_B__exe_small__lsb1.bmp,extended_xl,EXE,EXE,small,1,no_markers,EXE,1
XL-Synthetic_3_B__exe_small__lsb2.bmp,extended_xl,EXE,EXE,small,2,full,EXE,1
XL-Synthetic_3_B__exe_small__lsb2.bmp,extended_xl,EXE,EXE,small,2,no_deinterleaving,UNKNOWN,0
XL-Synthetic_3_B__exe_small__lsb2.bmp,extended_xl,EXE,EXE,small,2,no_buffer,EXE,1
XL-Synthetic_3_B__exe_small__lsb2.bmp,extended_xl,EXE,EXE,small,2,no_markers,EXE,1
XL-Synthetic_3_B__exe_small__lsb3.bmp,extended_xl,EXE,EXE,small,3,full,EXE,1
XL-Synthetic_3_B__exe_small__lsb3.bmp,extended_xl,EXE,EXE,small,3,no_deinterleaving,UNKNOWN,0
XL-Synthetic_3_B__exe_small__lsb3.bmp,extended_xl,EXE,EXE,small,3,no_buffer,EXE,1
XL-Synthetic_3_B__exe_small__lsb3.bmp,extended_xl,EXE,EXE,small,3,no_markers,EXE,1
XL-Synthetic_3_B__pdf_large__lsb1.bmp,extended_xl,PDF,PDF,large,1,full,PDF,1
XL-Synthetic_3_B__pdf_large__lsb1.bmp,extended_xl,PDF,PDF,large,1,no_deinterleaving,PDF,1
XL-Synthetic_3_B__pdf_large__lsb1.bmp,extended_xl,PDF,PDF,large,1,no_buffer,PDF,1
XL-Synthetic_3_B__pdf_large__lsb1.bmp,extended_xl,PDF,PDF,large,1,no_markers,PDF,1
XL-Synthetic_3_B__pdf_large__lsb2.bmp,extended_xl,PDF,PDF,large,2,full,PDF,1
XL-Synthetic_3_B__pdf_large__lsb2.bmp,extended_xl,PDF,PDF,large,2,no_deinterleaving,UNKNOWN,0
XL-Synthetic_3_B__pdf_large__lsb2.bmp,extended_xl,PDF,PDF,large,2,no_buffer,PDF,1
XL-Synthetic_3_B__pdf_large__lsb2.bmp,extended_xl,PDF,PDF,large,2,no_markers,PDF,1
XL-Synthetic_3_B__pdf_large__lsb3.bmp,extended_xl,PDF,PDF,large,3,full,PDF,1
XL-Synthetic_3_B__pdf_large__lsb3.bmp,extended_xl,PDF,PDF,large,3,no_deinterleaving,UNKNOWN,0
XL-Synthetic_3_B__pdf_large__lsb3.bmp,extended_xl,PDF,PDF,large,3,no_buffer,PDF,1
XL-Synthetic_3_B__pdf_large__lsb3.bmp,extended_xl,PDF,PDF,large,3,no_markers,PDF,1
XL-Synthetic_3_B__pdf_medium__lsb1.bmp,extended_xl,PDF,PDF,medium,1,full,PDF,1
XL-Synthetic_3_B__pdf_medium__lsb1.bmp,extended_xl,PDF,PDF,medium,1,no_deinterleaving,PDF,1
XL-Synthetic_3_B__pdf_medium__lsb1.bmp,extended_xl,PDF,PDF,medium,1,no_buffer,PDF,1
XL-Synthetic_3_B__pdf_medium__lsb1.bmp,extended_xl,PDF,PDF,medium,1,no_markers,PDF,1
XL-Synthetic_3_B__pdf_medium__lsb2.bmp,extended_xl,PDF,PDF,medium,2,full,PDF,1
XL-Synthetic_3_B__pdf_medium__lsb2.bmp,extended_xl,PDF,PDF,medium,2,no_deinterleaving,UNKNOWN,0
XL-Synthetic_3_B__pdf_medium__lsb2.bmp,extended_xl,PDF,PDF,medium,2,no_buffer,PDF,1
XL-Synthetic_3_B__pdf_medium__lsb2.bmp,extended_xl,PDF,PDF,medium,2,no_markers,PDF,1
XL-Synthetic_3_B__pdf_medium__lsb3.bmp,extended_xl,PDF,PDF,medium,3,full,PDF,1
XL-Synthetic_3_B__pdf_medium__lsb3.bmp,extended_xl,PDF,PDF,medium,3,no_deinterleaving,UNKNOWN,0
XL-Synthetic_3_B__pdf_medium__lsb3.bmp,extended_xl,PDF,PDF,medium,3,no_buffer,PDF,1
XL-Synthetic_3_B__pdf_medium__lsb3.bmp,extended_xl,PDF,PDF,medium,3,no_markers,PDF,1
XL-Synthetic_3_B__pdf_small__lsb1.bmp,extended_xl,PDF,PDF,small,1,full,PDF,1
XL-Synthetic_3_B__pdf_small__lsb1.bmp,extended_xl,PDF,PDF,small,1,no_deinterleaving,PDF,1
XL-Synthetic_3_B__pdf_small__lsb1.bmp,extended_xl,PDF,PDF,small,1,no_buffer,PDF,1
XL-Synthetic_3_B__pdf_small__lsb1.bmp,extended_xl,PDF,PDF,small,1,no_markers,PDF,1
XL-Synthetic_3_B__pdf_small__lsb2.bmp,extended_xl,PDF,PDF,small,2,full,PDF,1
XL-Synthetic_3_B__pdf_small__lsb2.bmp,extended_xl,PDF,PDF,small,2,no_deinterleaving,UNKNOWN,0
XL-Synthetic_3_B__pdf_small__lsb2.bmp,extended_xl,PDF,PDF,small,2,no_buffer,PDF,1
XL-Synthetic_3_B__pdf_small__lsb2.bmp,extended_xl,PDF,PDF,small,2,no_markers,PDF,1
XL-Synthetic_3_B__pdf_small__lsb3.bmp,extended_xl,PDF,PDF,small,3,full,PDF,1
XL-Synthetic_3_B__pdf_small__lsb3.bmp,extended_xl,PDF,PDF,small,3,no_deinterleaving,UNKNOWN,0
XL-Synthetic_3_B__pdf_small__lsb3.bmp,extended_xl,PDF,PDF,small,3,no_buffer,PDF,1
XL-Synthetic_3_B__pdf_small__lsb3.bmp,extended_xl,PDF,PDF,small,3,no_markers,PDF,1
XL-Synthetic_3_B__pptx_large__lsb1.bmp,extended_xl,PPTX,PPTX,large,1,full,PPTX,1
XL-Synthetic_3_B__pptx_large__lsb1.bmp,extended_xl,PPTX,PPTX,large,1,no_deinterleaving,PPTX,1
XL-Synthetic_3_B__pptx_large__lsb1.bmp,extended_xl,PPTX,PPTX,large,1,no_buffer,ZIP,0
XL-Synthetic_3_B__pptx_large__lsb1.bmp,extended_xl,PPTX,PPTX,large,1,no_markers,ZIP,0
XL-Synthetic_3_B__pptx_large__lsb2.bmp,extended_xl,PPTX,PPTX,large,2,full,PPTX,1
XL-Synthetic_3_B__pptx_large__lsb2.bmp,extended_xl,PPTX,PPTX,large,2,no_deinterleaving,UNKNOWN,0
XL-Synthetic_3_B__pptx_large__lsb2.bmp,extended_xl,PPTX,PPTX,large,2,no_buffer,ZIP,0
XL-Synthetic_3_B__pptx_large__lsb2.bmp,extended_xl,PPTX,PPTX,large,2,no_markers,ZIP,0
XL-Synthetic_3_B__pptx_large__lsb3.bmp,extended_xl,PPTX,PPTX,large,3,full,PPTX,1
XL-Synthetic_3_B__pptx_large__lsb3.bmp,extended_xl,PPTX,PPTX,large,3,no_deinterleaving,UNKNOWN,0
XL-Synthetic_3_B__pptx_large__lsb3.bmp,extended_xl,PPTX,PPTX,large,3,no_buffer,ZIP,0
XL-Synthetic_3_B__pptx_large__lsb3.bmp,extended_xl,PPTX,PPTX,large,3,no_markers,ZIP,0
XL-Synthetic_3_B__pptx_medium__lsb1.bmp,extended_xl,PPTX,PPTX,medium,1,full,PPTX,1
XL-Synthetic_3_B__pptx_medium__lsb1.bmp,extended_xl,PPTX,PPTX,medium,1,no_deinterleaving,PPTX,1
XL-Synthetic_3_B__pptx_medium__lsb1.bmp,extended_xl,PPTX,PPTX,medium,1,no_buffer,ZIP,0
XL-Synthetic_3_B__pptx_medium__lsb1.bmp,extended_xl,PPTX,PPTX,medium,1,no_markers,ZIP,0
XL-Synthetic_3_B__pptx_medium__lsb2.bmp,extended_xl,PPTX,PPTX,medium,2,full,PPTX,1
XL-Synthetic_3_B__pptx_medium__lsb2.bmp,extended_xl,PPTX,PPTX,medium,2,no_deinterleaving,UNKNOWN,0
XL-Synthetic_3_B__pptx_medium__lsb2.bmp,extended_xl,PPTX,PPTX,medium,2,no_buffer,ZIP,0
XL-Synthetic_3_B__pptx_medium__lsb2.bmp,extended_xl,PPTX,PPTX,medium,2,no_markers,ZIP,0
XL-Synthetic_3_B__pptx_medium__lsb3.bmp,extended_xl,PPTX,PPTX,medium,3,full,PPTX,1
XL-Synthetic_3_B__pptx_medium__lsb3.bmp,extended_xl,PPTX,PPTX,medium,3,no_deinterleaving,UNKNOWN,0
XL-Synthetic_3_B__pptx_medium__lsb3.bmp,extended_xl,PPTX,PPTX,medium,3,no_buffer,ZIP,0
XL-Synthetic_3_B__pptx_medium__lsb3.bmp,extended_xl,PPTX,PPTX,medium,3,no_markers,ZIP,0
XL-Synthetic_3_B__pptx_small__lsb1.bmp,extended_xl,PPTX,PPTX,small,1,full,PPTX,1
XL-Synthetic_3_B__pptx_small__lsb1.bmp,extended_xl,PPTX,PPTX,small,1,no_deinterleaving,PPTX,1
XL-Synthetic_3_B__pptx_small__lsb1.bmp,extended_xl,PPTX,PPTX,small,1,no_buffer,ZIP,0
XL-Synthetic_3_B__pptx_small__lsb1.bmp,extended_xl,PPTX,PPTX,small,1,no_markers,ZIP,0
XL-Synthetic_3_B__pptx_small__lsb2.bmp,extended_xl,PPTX,PPTX,small,2,full,PPTX,1
XL-Synthetic_3_B__pptx_small__lsb2.bmp,extended_xl,PPTX,PPTX,small,2,no_deinterleaving,UNKNOWN,0
XL-Synthetic_3_B__pptx_small__lsb2.bmp,extended_xl,PPTX,PPTX,small,2,no_buffer,ZIP,0
XL-Synthetic_3_B__pptx_small__lsb2.bmp,extended_xl,PPTX,PPTX,small,2,no_markers,ZIP,0
XL-Synthetic_3_B__pptx_small__lsb3.bmp,extended_xl,PPTX,PPTX,small,3,full,PPTX,1
XL-Synthetic_3_B__pptx_small__lsb3.bmp,extended_xl,PPTX,PPTX,small,3,no_deinterleaving,UNKNOWN,0
XL-Synthetic_3_B__pptx_small__lsb3.bmp,extended_xl,PPTX,PPTX,small,3,no_buffer,ZIP,0
XL-Synthetic_3_B__pptx_small__lsb3.bmp,extended_xl,PPTX,PPTX,small,3,no_markers,ZIP,0
XL-Synthetic_3_B__rtf_large__lsb1.bmp,extended_xl,RTF,RTF,large,1,full,RTF,1
XL-Synthetic_3_B__rtf_large__lsb1.bmp,extended_xl,RTF,RTF,large,1,no_deinterleaving,RTF,1
XL-Synthetic_3_B__rtf_large__lsb1.bmp,extended_xl,RTF,RTF,large,1,no_buffer,RTF,1
XL-Synthetic_3_B__rtf_large__lsb1.bmp,extended_xl,RTF,RTF,large,1,no_markers,RTF,1
XL-Synthetic_3_B__rtf_large__lsb2.bmp,extended_xl,RTF,RTF,large,2,full,RTF,1
XL-Synthetic_3_B__rtf_large__lsb2.bmp,extended_xl,RTF,RTF,large,2,no_deinterleaving,UNKNOWN,0
XL-Synthetic_3_B__rtf_large__lsb2.bmp,extended_xl,RTF,RTF,large,2,no_buffer,RTF,1
XL-Synthetic_3_B__rtf_large__lsb2.bmp,extended_xl,RTF,RTF,large,2,no_markers,RTF,1
XL-Synthetic_3_B__rtf_large__lsb3.bmp,extended_xl,RTF,RTF,large,3,full,RTF,1
XL-Synthetic_3_B__rtf_large__lsb3.bmp,extended_xl,RTF,RTF,large,3,no_deinterleaving,UNKNOWN,0
XL-Synthetic_3_B__rtf_large__lsb3.bmp,extended_xl,RTF,RTF,large,3,no_buffer,RTF,1
XL-Synthetic_3_B__rtf_large__lsb3.bmp,extended_xl,RTF,RTF,large,3,no_markers,RTF,1
XL-Synthetic_3_B__rtf_medium__lsb1.bmp,extended_xl,RTF,RTF,medium,1,full,RTF,1
XL-Synthetic_3_B__rtf_medium__lsb1.bmp,extended_xl,RTF,RTF,medium,1,no_deinterleaving,RTF,1
XL-Synthetic_3_B__rtf_medium__lsb1.bmp,extended_xl,RTF,RTF,medium,1,no_buffer,RTF,1
XL-Synthetic_3_B__rtf_medium__lsb1.bmp,extended_xl,RTF,RTF,medium,1,no_markers,RTF,1
XL-Synthetic_3_B__rtf_medium__lsb2.bmp,extended_xl,RTF,RTF,medium,2,full,RTF,1
XL-Synthetic_3_B__rtf_medium__lsb2.bmp,extended_xl,RTF,RTF,medium,2,no_deinterleaving,UNKNOWN,0
XL-Synthetic_3_B__rtf_medium__lsb2.bmp,extended_xl,RTF,RTF,medium,2,no_buffer,RTF,1
XL-Synthetic_3_B__rtf_medium__lsb2.bmp,extended_xl,RTF,RTF,medium,2,no_markers,RTF,1
XL-Synthetic_3_B__rtf_medium__lsb3.bmp,extended_xl,RTF,RTF,medium,3,full,RTF,1
XL-Synthetic_3_B__rtf_medium__lsb3.bmp,extended_xl,RTF,RTF,medium,3,no_deinterleaving,UNKNOWN,0
XL-Synthetic_3_B__rtf_medium__lsb3.bmp,extended_xl,RTF,RTF,medium,3,no_buffer,RTF,1
XL-Synthetic_3_B__rtf_medium__lsb3.bmp,extended_xl,RTF,RTF,medium,3,no_markers,RTF,1
XL-Synthetic_3_B__rtf_small__lsb1.bmp,extended_xl,RTF,RTF,small,1,full,RTF,1
XL-Synthetic_3_B__rtf_small__lsb1.bmp,extended_xl,RTF,RTF,small,1,no_deinterleaving,RTF,1
XL-Synthetic_3_B__rtf_small__lsb1.bmp,extended_xl,RTF,RTF,small,1,no_buffer,RTF,1
XL-Synthetic_3_B__rtf_small__lsb1.bmp,extended_xl,RTF,RTF,small,1,no_markers,RTF,1
XL-Synthetic_3_B__rtf_small__lsb2.bmp,extended_xl,RTF,RTF,small,2,full,RTF,1
XL-Synthetic_3_B__rtf_small__lsb2.bmp,extended_xl,RTF,RTF,small,2,no_deinterleaving,UNKNOWN,0
XL-Synthetic_3_B__rtf_small__lsb2.bmp,extended_xl,RTF,RTF,small,2,no_buffer,RTF,1
XL-Synthetic_3_B__rtf_small__lsb2.bmp,extended_xl,RTF,RTF,small,2,no_markers,RTF,1
XL-Synthetic_3_B__rtf_small__lsb3.bmp,extended_xl,RTF,RTF,small,3,full,RTF,1
XL-Synthetic_3_B__rtf_small__lsb3.bmp,extended_xl,RTF,RTF,small,3,no_deinterleaving,UNKNOWN,0
XL-Synthetic_3_B__rtf_small__lsb3.bmp,extended_xl,RTF,RTF,small,3,no_buffer,RTF,1
XL-Synthetic_3_B__rtf_small__lsb3.bmp,extended_xl,RTF,RTF,small,3,no_markers,RTF,1
XL-Synthetic_3_B__xlsx_large__lsb1.bmp,extended_xl,XLSX,XLSX,large,1,full,XLSX,1
XL-Synthetic_3_B__xlsx_large__lsb1.bmp,extended_xl,XLSX,XLSX,large,1,no_deinterleaving,XLSX,1
XL-Synthetic_3_B__xlsx_large__lsb1.bmp,extended_xl,XLSX,XLSX,large,1,no_buffer,ZIP,0
XL-Synthetic_3_B__xlsx_large__lsb1.bmp,extended_xl,XLSX,XLSX,large,1,no_markers,ZIP,0
XL-Synthetic_3_B__xlsx_large__lsb2.bmp,extended_xl,XLSX,XLSX,large,2,full,XLSX,1
XL-Synthetic_3_B__xlsx_large__lsb2.bmp,extended_xl,XLSX,XLSX,large,2,no_deinterleaving,UNKNOWN,0
XL-Synthetic_3_B__xlsx_large__lsb2.bmp,extended_xl,XLSX,XLSX,large,2,no_buffer,ZIP,0
XL-Synthetic_3_B__xlsx_large__lsb2.bmp,extended_xl,XLSX,XLSX,large,2,no_markers,ZIP,0
XL-Synthetic_3_B__xlsx_large__lsb3.bmp,extended_xl,XLSX,XLSX,large,3,full,XLSX,1
XL-Synthetic_3_B__xlsx_large__lsb3.bmp,extended_xl,XLSX,XLSX,large,3,no_deinterleaving,UNKNOWN,0
XL-Synthetic_3_B__xlsx_large__lsb3.bmp,extended_xl,XLSX,XLSX,large,3,no_buffer,ZIP,0
XL-Synthetic_3_B__xlsx_large__lsb3.bmp,extended_xl,XLSX,XLSX,large,3,no_markers,ZIP,0
XL-Synthetic_3_B__xlsx_medium__lsb1.bmp,extended_xl,XLSX,XLSX,medium,1,full,XLSX,1
XL-Synthetic_3_B__xlsx_medium__lsb1.bmp,extended_xl,XLSX,XLSX,medium,1,no_deinterleaving,XLSX,1
XL-Synthetic_3_B__xlsx_medium__lsb1.bmp,extended_xl,XLSX,XLSX,medium,1,no_buffer,ZIP,0
XL-Synthetic_3_B__xlsx_medium__lsb1.bmp,extended_xl,XLSX,XLSX,medium,1,no_markers,ZIP,0
XL-Synthetic_3_B__xlsx_medium__lsb2.bmp,extended_xl,XLSX,XLSX,medium,2,full,XLSX,1
XL-Synthetic_3_B__xlsx_medium__lsb2.bmp,extended_xl,XLSX,XLSX,medium,2,no_deinterleaving,UNKNOWN,0
XL-Synthetic_3_B__xlsx_medium__lsb2.bmp,extended_xl,XLSX,XLSX,medium,2,no_buffer,ZIP,0
XL-Synthetic_3_B__xlsx_medium__lsb2.bmp,extended_xl,XLSX,XLSX,medium,2,no_markers,ZIP,0
XL-Synthetic_3_B__xlsx_medium__lsb3.bmp,extended_xl,XLSX,XLSX,medium,3,full,XLSX,1
XL-Synthetic_3_B__xlsx_medium__lsb3.bmp,extended_xl,XLSX,XLSX,medium,3,no_deinterleaving,UNKNOWN,0
XL-Synthetic_3_B__xlsx_medium__lsb3.bmp,extended_xl,XLSX,XLSX,medium,3,no_buffer,ZIP,0
XL-Synthetic_3_B__xlsx_medium__lsb3.bmp,extended_xl,XLSX,XLSX,medium,3,no_markers,ZIP,0
XL-Synthetic_3_B__xlsx_small__lsb1.bmp,extended_xl,XLSX,XLSX,small,1,full,XLSX,1
XL-Synthetic_3_B__xlsx_small__lsb1.bmp,extended_xl,XLSX,XLSX,small,1,no_deinterleaving,XLSX,1
XL-Synthetic_3_B__xlsx_small__lsb1.bmp,extended_xl,XLSX,XLSX,small,1,no_buffer,ZIP,0
XL-Synthetic_3_B__xlsx_small__lsb1.bmp,extended_xl,XLSX,XLSX,small,1,no_markers,ZIP,0
XL-Synthetic_3_B__xlsx_small__lsb2.bmp,extended_xl,XLSX,XLSX,small,2,full,XLSX,1
XL-Synthetic_3_B__xlsx_small__lsb2.bmp,extended_xl,XLSX,XLSX,small,2,no_deinterleaving,UNKNOWN,0
XL-Synthetic_3_B__xlsx_small__lsb2.bmp,extended_xl,XLSX,XLSX,small,2,no_buffer,ZIP,0
XL-Synthetic_3_B__xlsx_small__lsb2.bmp,extended_xl,XLSX,XLSX,small,2,no_markers,ZIP,0
XL-Synthetic_3_B__xlsx_small__lsb3.bmp,extended_xl,XLSX,XLSX,small,3,full,XLSX,1
XL-Synthetic_3_B__xlsx_small__lsb3.bmp,extended_xl,XLSX,XLSX,small,3,no_deinterleaving,UNKNOWN,0
XL-Synthetic_3_B__xlsx_small__lsb3.bmp,extended_xl,XLSX,XLSX,small,3,no_buffer,ZIP,0
XL-Synthetic_3_B__xlsx_small__lsb3.bmp,extended_xl,XLSX,XLSX,small,3,no_markers,ZIP,0
XL-Synthetic_3_P__docx_large__lsb3.png,extended_xl,DOCX,DOCX,large,3,full,DOCX,1
XL-Synthetic_3_P__docx_large__lsb3.png,extended_xl,DOCX,DOCX,large,3,no_deinterleaving,UNKNOWN,0
XL-Synthetic_3_P__docx_large__lsb3.png,extended_xl,DOCX,DOCX,large,3,no_buffer,ZIP,0
XL-Synthetic_3_P__docx_large__lsb3.png,extended_xl,DOCX,DOCX,large,3,no_markers,ZIP,0
XL-Synthetic_3_P__docx_medium__lsb2.png,extended_xl,DOCX,DOCX,medium,2,full,DOCX,1
XL-Synthetic_3_P__docx_medium__lsb2.png,extended_xl,DOCX,DOCX,medium,2,no_deinterleaving,UNKNOWN,0
XL-Synthetic_3_P__docx_medium__lsb2.png,extended_xl,DOCX,DOCX,medium,2,no_buffer,ZIP,0
XL-Synthetic_3_P__docx_medium__lsb2.png,extended_xl,DOCX,DOCX,medium,2,no_markers,ZIP,0
XL-Synthetic_3_P__docx_medium__lsb3.png,extended_xl,DOCX,DOCX,medium,3,full,DOCX,1
XL-Synthetic_3_P__docx_medium__lsb3.png,extended_xl,DOCX,DOCX,medium,3,no_deinterleaving,UNKNOWN,0
XL-Synthetic_3_P__docx_medium__lsb3.png,extended_xl,DOCX,DOCX,medium,3,no_buffer,ZIP,0
XL-Synthetic_3_P__docx_medium__lsb3.png,extended_xl,DOCX,DOCX,medium,3,no_markers,ZIP,0
XL-Synthetic_3_P__docx_small__lsb1.png,extended_xl,DOCX,DOCX,small,1,full,DOCX,1
XL-Synthetic_3_P__docx_small__lsb1.png,extended_xl,DOCX,DOCX,small,1,no_deinterleaving,DOCX,1
XL-Synthetic_3_P__docx_small__lsb1.png,extended_xl,DOCX,DOCX,small,1,no_buffer,ZIP,0
XL-Synthetic_3_P__docx_small__lsb1.png,extended_xl,DOCX,DOCX,small,1,no_markers,ZIP,0
XL-Synthetic_3_P__docx_small__lsb2.png,extended_xl,DOCX,DOCX,small,2,full,DOCX,1
XL-Synthetic_3_P__docx_small__lsb2.png,extended_xl,DOCX,DOCX,small,2,no_deinterleaving,UNKNOWN,0
XL-Synthetic_3_P__docx_small__lsb2.png,extended_xl,DOCX,DOCX,small,2,no_buffer,ZIP,0
XL-Synthetic_3_P__docx_small__lsb2.png,extended_xl,DOCX,DOCX,small,2,no_markers,ZIP,0
XL-Synthetic_3_P__docx_small__lsb3.png,extended_xl,DOCX,DOCX,small,3,full,DOCX,1
XL-Synthetic_3_P__docx_small__lsb3.png,extended_xl,DOCX,DOCX,small,3,no_deinterleaving,UNKNOWN,0
XL-Synthetic_3_P__docx_small__lsb3.png,extended_xl,DOCX,DOCX,small,3,no_buffer,ZIP,0
XL-Synthetic_3_P__docx_small__lsb3.png,extended_xl,DOCX,DOCX,small,3,no_markers,ZIP,0
XL-Synthetic_3_P__exe_large__lsb3.png,extended_xl,EXE,EXE,large,3,full,EXE,1
XL-Synthetic_3_P__exe_large__lsb3.png,extended_xl,EXE,EXE,large,3,no_deinterleaving,UNKNOWN,0
XL-Synthetic_3_P__exe_large__lsb3.png,extended_xl,EXE,EXE,large,3,no_buffer,EXE,1
XL-Synthetic_3_P__exe_large__lsb3.png,extended_xl,EXE,EXE,large,3,no_markers,EXE,1
XL-Synthetic_3_P__exe_medium__lsb2.png,extended_xl,EXE,EXE,medium,2,full,EXE,1
XL-Synthetic_3_P__exe_medium__lsb2.png,extended_xl,EXE,EXE,medium,2,no_deinterleaving,UNKNOWN,0
XL-Synthetic_3_P__exe_medium__lsb2.png,extended_xl,EXE,EXE,medium,2,no_buffer,EXE,1
XL-Synthetic_3_P__exe_medium__lsb2.png,extended_xl,EXE,EXE,medium,2,no_markers,EXE,1
XL-Synthetic_3_P__exe_medium__lsb3.png,extended_xl,EXE,EXE,medium,3,full,EXE,1
XL-Synthetic_3_P__exe_medium__lsb3.png,extended_xl,EXE,EXE,medium,3,no_deinterleaving,UNKNOWN,0
XL-Synthetic_3_P__exe_medium__lsb3.png,extended_xl,EXE,EXE,medium,3,no_buffer,EXE,1
XL-Synthetic_3_P__exe_medium__lsb3.png,extended_xl,EXE,EXE,medium,3,no_markers,EXE,1
XL-Synthetic_3_P__exe_small__lsb1.png,extended_xl,EXE,EXE,small,1,full,EXE,1
XL-Synthetic_3_P__exe_small__lsb1.png,extended_xl,EXE,EXE,small,1,no_deinterleaving,EXE,1
XL-Synthetic_3_P__exe_small__lsb1.png,extended_xl,EXE,EXE,small,1,no_buffer,EXE,1
XL-Synthetic_3_P__exe_small__lsb1.png,extended_xl,EXE,EXE,small,1,no_markers,EXE,1
XL-Synthetic_3_P__exe_small__lsb2.png,extended_xl,EXE,EXE,small,2,full,EXE,1
XL-Synthetic_3_P__exe_small__lsb2.png,extended_xl,EXE,EXE,small,2,no_deinterleaving,UNKNOWN,0
XL-Synthetic_3_P__exe_small__lsb2.png,extended_xl,EXE,EXE,small,2,no_buffer,EXE,1
XL-Synthetic_3_P__exe_small__lsb2.png,extended_xl,EXE,EXE,small,2,no_markers,EXE,1
XL-Synthetic_3_P__exe_small__lsb3.png,extended_xl,EXE,EXE,small,3,full,EXE,1
XL-Synthetic_3_P__exe_small__lsb3.png,extended_xl,EXE,EXE,small,3,no_deinterleaving,UNKNOWN,0
XL-Synthetic_3_P__exe_small__lsb3.png,extended_xl,EXE,EXE,small,3,no_buffer,EXE,1
XL-Synthetic_3_P__exe_small__lsb3.png,extended_xl,EXE,EXE,small,3,no_markers,EXE,1
XL-Synthetic_3_P__pdf_large__lsb3.png,extended_xl,PDF,PDF,large,3,full,PDF,1
XL-Synthetic_3_P__pdf_large__lsb3.png,extended_xl,PDF,PDF,large,3,no_deinterleaving,UNKNOWN,0
XL-Synthetic_3_P__pdf_large__lsb3.png,extended_xl,PDF,PDF,large,3,no_buffer,PDF,1
XL-Synthetic_3_P__pdf_large__lsb3.png,extended_xl,PDF,PDF,large,3,no_markers,PDF,1
XL-Synthetic_3_P__pdf_medium__lsb2.png,extended_xl,PDF,PDF,medium,2,full,PDF,1
XL-Synthetic_3_P__pdf_medium__lsb2.png,extended_xl,PDF,PDF,medium,2,no_deinterleaving,UNKNOWN,0
XL-Synthetic_3_P__pdf_medium__lsb2.png,extended_xl,PDF,PDF,medium,2,no_buffer,PDF,1
XL-Synthetic_3_P__pdf_medium__lsb2.png,extended_xl,PDF,PDF,medium,2,no_markers,PDF,1
XL-Synthetic_3_P__pdf_medium__lsb3.png,extended_xl,PDF,PDF,medium,3,full,PDF,1
XL-Synthetic_3_P__pdf_medium__lsb3.png,extended_xl,PDF,PDF,medium,3,no_deinterleaving,UNKNOWN,0
XL-Synthetic_3_P__pdf_medium__lsb3.png,extended_xl,PDF,PDF,medium,3,no_buffer,PDF,1
XL-Synthetic_3_P__pdf_medium__lsb3.png,extended_xl,PDF,PDF,medium,3,no_markers,PDF,1
XL-Synthetic_3_P__pdf_small__lsb1.png,extended_xl,PDF,PDF,small,1,full,PDF,1
XL-Synthetic_3_P__pdf_small__lsb1.png,extended_xl,PDF,PDF,small,1,no_deinterleaving,PDF,1
XL-Synthetic_3_P__pdf_small__lsb1.png,extended_xl,PDF,PDF,small,1,no_buffer,PDF,1
XL-Synthetic_3_P__pdf_small__lsb1.png,extended_xl,PDF,PDF,small,1,no_markers,PDF,1
XL-Synthetic_3_P__pdf_small__lsb2.png,extended_xl,PDF,PDF,small,2,full,PDF,1
XL-Synthetic_3_P__pdf_small__lsb2.png,extended_xl,PDF,PDF,small,2,no_deinterleaving,UNKNOWN,0
XL-Synthetic_3_P__pdf_small__lsb2.png,extended_xl,PDF,PDF,small,2,no_buffer,PDF,1
XL-Synthetic_3_P__pdf_small__lsb2.png,extended_xl,PDF,PDF,small,2,no_markers,PDF,1
XL-Synthetic_3_P__pdf_small__lsb3.png,extended_xl,PDF,PDF,small,3,full,PDF,1
XL-Synthetic_3_P__pdf_small__lsb3.png,extended_xl,PDF,PDF,small,3,no_deinterleaving,UNKNOWN,0
XL-Synthetic_3_P__pdf_small__lsb3.png,extended_xl,PDF,PDF,small,3,no_buffer,PDF,1
XL-Synthetic_3_P__pdf_small__lsb3.png,extended_xl,PDF,PDF,small,3,no_markers,PDF,1
XL-Synthetic_3_P__pptx_large__lsb3.png,extended_xl,PPTX,PPTX,large,3,full,PPTX,1
XL-Synthetic_3_P__pptx_large__lsb3.png,extended_xl,PPTX,PPTX,large,3,no_deinterleaving,UNKNOWN,0
XL-Synthetic_3_P__pptx_large__lsb3.png,extended_xl,PPTX,PPTX,large,3,no_buffer,ZIP,0
XL-Synthetic_3_P__pptx_large__lsb3.png,extended_xl,PPTX,PPTX,large,3,no_markers,ZIP,0
XL-Synthetic_3_P__pptx_medium__lsb2.png,extended_xl,PPTX,PPTX,medium,2,full,PPTX,1
XL-Synthetic_3_P__pptx_medium__lsb2.png,extended_xl,PPTX,PPTX,medium,2,no_deinterleaving,UNKNOWN,0
XL-Synthetic_3_P__pptx_medium__lsb2.png,extended_xl,PPTX,PPTX,medium,2,no_buffer,ZIP,0
XL-Synthetic_3_P__pptx_medium__lsb2.png,extended_xl,PPTX,PPTX,medium,2,no_markers,ZIP,0
XL-Synthetic_3_P__pptx_medium__lsb3.png,extended_xl,PPTX,PPTX,medium,3,full,PPTX,1
XL-Synthetic_3_P__pptx_medium__lsb3.png,extended_xl,PPTX,PPTX,medium,3,no_deinterleaving,UNKNOWN,0
XL-Synthetic_3_P__pptx_medium__lsb3.png,extended_xl,PPTX,PPTX,medium,3,no_buffer,ZIP,0
XL-Synthetic_3_P__pptx_medium__lsb3.png,extended_xl,PPTX,PPTX,medium,3,no_markers,ZIP,0
XL-Synthetic_3_P__pptx_small__lsb1.png,extended_xl,PPTX,PPTX,small,1,full,PPTX,1
XL-Synthetic_3_P__pptx_small__lsb1.png,extended_xl,PPTX,PPTX,small,1,no_deinterleaving,PPTX,1
XL-Synthetic_3_P__pptx_small__lsb1.png,extended_xl,PPTX,PPTX,small,1,no_buffer,ZIP,0
XL-Synthetic_3_P__pptx_small__lsb1.png,extended_xl,PPTX,PPTX,small,1,no_markers,ZIP,0
XL-Synthetic_3_P__pptx_small__lsb2.png,extended_xl,PPTX,PPTX,small,2,full,PPTX,1
XL-Synthetic_3_P__pptx_small__lsb2.png,extended_xl,PPTX,PPTX,small,2,no_deinterleaving,UNKNOWN,0
XL-Synthetic_3_P__pptx_small__lsb2.png,extended_xl,PPTX,PPTX,small,2,no_buffer,ZIP,0
XL-Synthetic_3_P__pptx_small__lsb2.png,extended_xl,PPTX,PPTX,small,2,no_markers,ZIP,0
XL-Synthetic_3_P__pptx_small__lsb3.png,extended_xl,PPTX,PPTX,small,3,full,PPTX,1
XL-Synthetic_3_P__pptx_small__lsb3.png,extended_xl,PPTX,PPTX,small,3,no_deinterleaving,UNKNOWN,0
XL-Synthetic_3_P__pptx_small__lsb3.png,extended_xl,PPTX,PPTX,small,3,no_buffer,ZIP,0
XL-Synthetic_3_P__pptx_small__lsb3.png,extended_xl,PPTX,PPTX,small,3,no_markers,ZIP,0
XL-Synthetic_3_P__rtf_large__lsb3.png,extended_xl,RTF,RTF,large,3,full,RTF,1
XL-Synthetic_3_P__rtf_large__lsb3.png,extended_xl,RTF,RTF,large,3,no_deinterleaving,UNKNOWN,0
XL-Synthetic_3_P__rtf_large__lsb3.png,extended_xl,RTF,RTF,large,3,no_buffer,RTF,1
XL-Synthetic_3_P__rtf_large__lsb3.png,extended_xl,RTF,RTF,large,3,no_markers,RTF,1
XL-Synthetic_3_P__rtf_medium__lsb2.png,extended_xl,RTF,RTF,medium,2,full,RTF,1
XL-Synthetic_3_P__rtf_medium__lsb2.png,extended_xl,RTF,RTF,medium,2,no_deinterleaving,UNKNOWN,0
XL-Synthetic_3_P__rtf_medium__lsb2.png,extended_xl,RTF,RTF,medium,2,no_buffer,RTF,1
XL-Synthetic_3_P__rtf_medium__lsb2.png,extended_xl,RTF,RTF,medium,2,no_markers,RTF,1
XL-Synthetic_3_P__rtf_medium__lsb3.png,extended_xl,RTF,RTF,medium,3,full,RTF,1
XL-Synthetic_3_P__rtf_medium__lsb3.png,extended_xl,RTF,RTF,medium,3,no_deinterleaving,UNKNOWN,0
XL-Synthetic_3_P__rtf_medium__lsb3.png,extended_xl,RTF,RTF,medium,3,no_buffer,RTF,1
XL-Synthetic_3_P__rtf_medium__lsb3.png,extended_xl,RTF,RTF,medium,3,no_markers,RTF,1
XL-Synthetic_3_P__rtf_small__lsb1.png,extended_xl,RTF,RTF,small,1,full,RTF,1
XL-Synthetic_3_P__rtf_small__lsb1.png,extended_xl,RTF,RTF,small,1,no_deinterleaving,RTF,1
XL-Synthetic_3_P__rtf_small__lsb1.png,extended_xl,RTF,RTF,small,1,no_buffer,RTF,1
XL-Synthetic_3_P__rtf_small__lsb1.png,extended_xl,RTF,RTF,small,1,no_markers,RTF,1
XL-Synthetic_3_P__rtf_small__lsb2.png,extended_xl,RTF,RTF,small,2,full,RTF,1
XL-Synthetic_3_P__rtf_small__lsb2.png,extended_xl,RTF,RTF,small,2,no_deinterleaving,UNKNOWN,0
XL-Synthetic_3_P__rtf_small__lsb2.png,extended_xl,RTF,RTF,small,2,no_buffer,RTF,1
XL-Synthetic_3_P__rtf_small__lsb2.png,extended_xl,RTF,RTF,small,2,no_markers,RTF,1
XL-Synthetic_3_P__rtf_small__lsb3.png,extended_xl,RTF,RTF,small,3,full,RTF,1
XL-Synthetic_3_P__rtf_small__lsb3.png,extended_xl,RTF,RTF,small,3,no_deinterleaving,UNKNOWN,0
XL-Synthetic_3_P__rtf_small__lsb3.png,extended_xl,RTF,RTF,small,3,no_buffer,RTF,1
XL-Synthetic_3_P__rtf_small__lsb3.png,extended_xl,RTF,RTF,small,3,no_markers,RTF,1
XL-Synthetic_3_P__xlsx_large__lsb3.png,extended_xl,XLSX,XLSX,large,3,full,XLSX,1
XL-Synthetic_3_P__xlsx_large__lsb3.png,extended_xl,XLSX,XLSX,large,3,no_deinterleaving,UNKNOWN,0
XL-Synthetic_3_P__xlsx_large__lsb3.png,extended_xl,XLSX,XLSX,large,3,no_buffer,ZIP,0
XL-Synthetic_3_P__xlsx_large__lsb3.png,extended_xl,XLSX,XLSX,large,3,no_markers,ZIP,0
XL-Synthetic_3_P__xlsx_medium__lsb2.png,extended_xl,XLSX,XLSX,medium,2,full,XLSX,1
XL-Synthetic_3_P__xlsx_medium__lsb2.png,extended_xl,XLSX,XLSX,medium,2,no_deinterleaving,UNKNOWN,0
XL-Synthetic_3_P__xlsx_medium__lsb2.png,extended_xl,XLSX,XLSX,medium,2,no_buffer,ZIP,0
XL-Synthetic_3_P__xlsx_medium__lsb2.png,extended_xl,XLSX,XLSX,medium,2,no_markers,ZIP,0
XL-Synthetic_3_P__xlsx_medium__lsb3.png,extended_xl,XLSX,XLSX,medium,3,full,XLSX,1
XL-Synthetic_3_P__xlsx_medium__lsb3.png,extended_xl,XLSX,XLSX,medium,3,no_deinterleaving,UNKNOWN,0
XL-Synthetic_3_P__xlsx_medium__lsb3.png,extended_xl,XLSX,XLSX,medium,3,no_buffer,ZIP,0
XL-Synthetic_3_P__xlsx_medium__lsb3.png,extended_xl,XLSX,XLSX,medium,3,no_markers,ZIP,0
XL-Synthetic_3_P__xlsx_small__lsb1.png,extended_xl,XLSX,XLSX,small,1,full,XLSX,1
XL-Synthetic_3_P__xlsx_small__lsb1.png,extended_xl,XLSX,XLSX,small,1,no_deinterleaving,XLSX,1
XL-Synthetic_3_P__xlsx_small__lsb1.png,extended_xl,XLSX,XLSX,small,1,no_buffer,ZIP,0
XL-Synthetic_3_P__xlsx_small__lsb1.png,extended_xl,XLSX,XLSX,small,1,no_markers,ZIP,0
XL-Synthetic_3_P__xlsx_small__lsb2.png,extended_xl,XLSX,XLSX,small,2,full,XLSX,1
XL-Synthetic_3_P__xlsx_small__lsb2.png,extended_xl,XLSX,XLSX,small,2,no_deinterleaving,UNKNOWN,0
XL-Synthetic_3_P__xlsx_small__lsb2.png,extended_xl,XLSX,XLSX,small,2,no_buffer,ZIP,0
XL-Synthetic_3_P__xlsx_small__lsb2.png,extended_xl,XLSX,XLSX,small,2,no_markers,ZIP,0
XL-Synthetic_3_P__xlsx_small__lsb3.png,extended_xl,XLSX,XLSX,small,3,full,XLSX,1
XL-Synthetic_3_P__xlsx_small__lsb3.png,extended_xl,XLSX,XLSX,small,3,no_deinterleaving,UNKNOWN,0
XL-Synthetic_3_P__xlsx_small__lsb3.png,extended_xl,XLSX,XLSX,small,3,no_buffer,ZIP,0
XL-Synthetic_3_P__xlsx_small__lsb3.png,extended_xl,XLSX,XLSX,small,3,no_markers,ZIP,0
XL-Synthetic_4_B__docx_large__lsb1.bmp,extended_xl,DOCX,DOCX,large,1,full,DOCX,1
XL-Synthetic_4_B__docx_large__lsb1.bmp,extended_xl,DOCX,DOCX,large,1,no_deinterleaving,DOCX,1
XL-Synthetic_4_B__docx_large__lsb1.bmp,extended_xl,DOCX,DOCX,large,1,no_buffer,ZIP,0
XL-Synthetic_4_B__docx_large__lsb1.bmp,extended_xl,DOCX,DOCX,large,1,no_markers,ZIP,0
XL-Synthetic_4_B__docx_large__lsb2.bmp,extended_xl,DOCX,DOCX,large,2,full,DOCX,1
XL-Synthetic_4_B__docx_large__lsb2.bmp,extended_xl,DOCX,DOCX,large,2,no_deinterleaving,UNKNOWN,0
XL-Synthetic_4_B__docx_large__lsb2.bmp,extended_xl,DOCX,DOCX,large,2,no_buffer,ZIP,0
XL-Synthetic_4_B__docx_large__lsb2.bmp,extended_xl,DOCX,DOCX,large,2,no_markers,ZIP,0
XL-Synthetic_4_B__docx_large__lsb3.bmp,extended_xl,DOCX,DOCX,large,3,full,DOCX,1
XL-Synthetic_4_B__docx_large__lsb3.bmp,extended_xl,DOCX,DOCX,large,3,no_deinterleaving,UNKNOWN,0
XL-Synthetic_4_B__docx_large__lsb3.bmp,extended_xl,DOCX,DOCX,large,3,no_buffer,ZIP,0
XL-Synthetic_4_B__docx_large__lsb3.bmp,extended_xl,DOCX,DOCX,large,3,no_markers,ZIP,0
XL-Synthetic_4_B__docx_medium__lsb1.bmp,extended_xl,DOCX,DOCX,medium,1,full,DOCX,1
XL-Synthetic_4_B__docx_medium__lsb1.bmp,extended_xl,DOCX,DOCX,medium,1,no_deinterleaving,DOCX,1
XL-Synthetic_4_B__docx_medium__lsb1.bmp,extended_xl,DOCX,DOCX,medium,1,no_buffer,ZIP,0
XL-Synthetic_4_B__docx_medium__lsb1.bmp,extended_xl,DOCX,DOCX,medium,1,no_markers,ZIP,0
XL-Synthetic_4_B__docx_medium__lsb2.bmp,extended_xl,DOCX,DOCX,medium,2,full,DOCX,1
XL-Synthetic_4_B__docx_medium__lsb2.bmp,extended_xl,DOCX,DOCX,medium,2,no_deinterleaving,UNKNOWN,0
XL-Synthetic_4_B__docx_medium__lsb2.bmp,extended_xl,DOCX,DOCX,medium,2,no_buffer,ZIP,0
XL-Synthetic_4_B__docx_medium__lsb2.bmp,extended_xl,DOCX,DOCX,medium,2,no_markers,ZIP,0
XL-Synthetic_4_B__docx_medium__lsb3.bmp,extended_xl,DOCX,DOCX,medium,3,full,DOCX,1
XL-Synthetic_4_B__docx_medium__lsb3.bmp,extended_xl,DOCX,DOCX,medium,3,no_deinterleaving,UNKNOWN,0
XL-Synthetic_4_B__docx_medium__lsb3.bmp,extended_xl,DOCX,DOCX,medium,3,no_buffer,ZIP,0
XL-Synthetic_4_B__docx_medium__lsb3.bmp,extended_xl,DOCX,DOCX,medium,3,no_markers,ZIP,0
XL-Synthetic_4_B__docx_small__lsb1.bmp,extended_xl,DOCX,DOCX,small,1,full,DOCX,1
XL-Synthetic_4_B__docx_small__lsb1.bmp,extended_xl,DOCX,DOCX,small,1,no_deinterleaving,DOCX,1
XL-Synthetic_4_B__docx_small__lsb1.bmp,extended_xl,DOCX,DOCX,small,1,no_buffer,ZIP,0
XL-Synthetic_4_B__docx_small__lsb1.bmp,extended_xl,DOCX,DOCX,small,1,no_markers,ZIP,0
XL-Synthetic_4_B__docx_small__lsb2.bmp,extended_xl,DOCX,DOCX,small,2,full,DOCX,1
XL-Synthetic_4_B__docx_small__lsb2.bmp,extended_xl,DOCX,DOCX,small,2,no_deinterleaving,UNKNOWN,0
XL-Synthetic_4_B__docx_small__lsb2.bmp,extended_xl,DOCX,DOCX,small,2,no_buffer,ZIP,0
XL-Synthetic_4_B__docx_small__lsb2.bmp,extended_xl,DOCX,DOCX,small,2,no_markers,ZIP,0
XL-Synthetic_4_B__docx_small__lsb3.bmp,extended_xl,DOCX,DOCX,small,3,full,DOCX,1
XL-Synthetic_4_B__docx_small__lsb3.bmp,extended_xl,DOCX,DOCX,small,3,no_deinterleaving,UNKNOWN,0
XL-Synthetic_4_B__docx_small__lsb3.bmp,extended_xl,DOCX,DOCX,small,3,no_buffer,ZIP,0
XL-Synthetic_4_B__docx_small__lsb3.bmp,extended_xl,DOCX,DOCX,small,3,no_markers,ZIP,0
XL-Synthetic_4_B__exe_large__lsb1.bmp,extended_xl,EXE,EXE,large,1,full,EXE,1
XL-Synthetic_4_B__exe_large__lsb1.bmp,extended_xl,EXE,EXE,large,1,no_deinterleaving,EXE,1
XL-Synthetic_4_B__exe_large__lsb1.bmp,extended_xl,EXE,EXE,large,1,no_buffer,EXE,1
XL-Synthetic_4_B__exe_large__lsb1.bmp,extended_xl,EXE,EXE,large,1,no_markers,EXE,1
XL-Synthetic_4_B__exe_large__lsb2.bmp,extended_xl,EXE,EXE,large,2,full,EXE,1
XL-Synthetic_4_B__exe_large__lsb2.bmp,extended_xl,EXE,EXE,large,2,no_deinterleaving,UNKNOWN,0
XL-Synthetic_4_B__exe_large__lsb2.bmp,extended_xl,EXE,EXE,large,2,no_buffer,EXE,1
XL-Synthetic_4_B__exe_large__lsb2.bmp,extended_xl,EXE,EXE,large,2,no_markers,EXE,1
XL-Synthetic_4_B__exe_large__lsb3.bmp,extended_xl,EXE,EXE,large,3,full,EXE,1
XL-Synthetic_4_B__exe_large__lsb3.bmp,extended_xl,EXE,EXE,large,3,no_deinterleaving,UNKNOWN,0
XL-Synthetic_4_B__exe_large__lsb3.bmp,extended_xl,EXE,EXE,large,3,no_buffer,EXE,1
XL-Synthetic_4_B__exe_large__lsb3.bmp,extended_xl,EXE,EXE,large,3,no_markers,EXE,1
XL-Synthetic_4_B__exe_medium__lsb1.bmp,extended_xl,EXE,EXE,medium,1,full,EXE,1
XL-Synthetic_4_B__exe_medium__lsb1.bmp,extended_xl,EXE,EXE,medium,1,no_deinterleaving,EXE,1
XL-Synthetic_4_B__exe_medium__lsb1.bmp,extended_xl,EXE,EXE,medium,1,no_buffer,EXE,1
XL-Synthetic_4_B__exe_medium__lsb1.bmp,extended_xl,EXE,EXE,medium,1,no_markers,EXE,1
XL-Synthetic_4_B__exe_medium__lsb2.bmp,extended_xl,EXE,EXE,medium,2,full,EXE,1
XL-Synthetic_4_B__exe_medium__lsb2.bmp,extended_xl,EXE,EXE,medium,2,no_deinterleaving,UNKNOWN,0
XL-Synthetic_4_B__exe_medium__lsb2.bmp,extended_xl,EXE,EXE,medium,2,no_buffer,EXE,1
XL-Synthetic_4_B__exe_medium__lsb2.bmp,extended_xl,EXE,EXE,medium,2,no_markers,EXE,1
XL-Synthetic_4_B__exe_medium__lsb3.bmp,extended_xl,EXE,EXE,medium,3,full,EXE,1
XL-Synthetic_4_B__exe_medium__lsb3.bmp,extended_xl,EXE,EXE,medium,3,no_deinterleaving,UNKNOWN,0
XL-Synthetic_4_B__exe_medium__lsb3.bmp,extended_xl,EXE,EXE,medium,3,no_buffer,EXE,1
XL-Synthetic_4_B__exe_medium__lsb3.bmp,extended_xl,EXE,EXE,medium,3,no_markers,EXE,1
XL-Synthetic_4_B__exe_small__lsb1.bmp,extended_xl,EXE,EXE,small,1,full,EXE,1
XL-Synthetic_4_B__exe_small__lsb1.bmp,extended_xl,EXE,EXE,small,1,no_deinterleaving,EXE,1
XL-Synthetic_4_B__exe_small__lsb1.bmp,extended_xl,EXE,EXE,small,1,no_buffer,EXE,1
XL-Synthetic_4_B__exe_small__lsb1.bmp,extended_xl,EXE,EXE,small,1,no_markers,EXE,1
XL-Synthetic_4_B__exe_small__lsb2.bmp,extended_xl,EXE,EXE,small,2,full,EXE,1
XL-Synthetic_4_B__exe_small__lsb2.bmp,extended_xl,EXE,EXE,small,2,no_deinterleaving,UNKNOWN,0
XL-Synthetic_4_B__exe_small__lsb2.bmp,extended_xl,EXE,EXE,small,2,no_buffer,EXE,1
XL-Synthetic_4_B__exe_small__lsb2.bmp,extended_xl,EXE,EXE,small,2,no_markers,EXE,1
XL-Synthetic_4_B__exe_small__lsb3.bmp,extended_xl,EXE,EXE,small,3,full,EXE,1
XL-Synthetic_4_B__exe_small__lsb3.bmp,extended_xl,EXE,EXE,small,3,no_deinterleaving,UNKNOWN,0
XL-Synthetic_4_B__exe_small__lsb3.bmp,extended_xl,EXE,EXE,small,3,no_buffer,EXE,1
XL-Synthetic_4_B__exe_small__lsb3.bmp,extended_xl,EXE,EXE,small,3,no_markers,EXE,1
XL-Synthetic_4_B__pdf_large__lsb1.bmp,extended_xl,PDF,PDF,large,1,full,PDF,1
XL-Synthetic_4_B__pdf_large__lsb1.bmp,extended_xl,PDF,PDF,large,1,no_deinterleaving,PDF,1
XL-Synthetic_4_B__pdf_large__lsb1.bmp,extended_xl,PDF,PDF,large,1,no_buffer,PDF,1
XL-Synthetic_4_B__pdf_large__lsb1.bmp,extended_xl,PDF,PDF,large,1,no_markers,PDF,1
XL-Synthetic_4_B__pdf_large__lsb2.bmp,extended_xl,PDF,PDF,large,2,full,PDF,1
XL-Synthetic_4_B__pdf_large__lsb2.bmp,extended_xl,PDF,PDF,large,2,no_deinterleaving,UNKNOWN,0
XL-Synthetic_4_B__pdf_large__lsb2.bmp,extended_xl,PDF,PDF,large,2,no_buffer,PDF,1
XL-Synthetic_4_B__pdf_large__lsb2.bmp,extended_xl,PDF,PDF,large,2,no_markers,PDF,1
XL-Synthetic_4_B__pdf_large__lsb3.bmp,extended_xl,PDF,PDF,large,3,full,PDF,1
XL-Synthetic_4_B__pdf_large__lsb3.bmp,extended_xl,PDF,PDF,large,3,no_deinterleaving,UNKNOWN,0
XL-Synthetic_4_B__pdf_large__lsb3.bmp,extended_xl,PDF,PDF,large,3,no_buffer,PDF,1
XL-Synthetic_4_B__pdf_large__lsb3.bmp,extended_xl,PDF,PDF,large,3,no_markers,PDF,1
XL-Synthetic_4_B__pdf_medium__lsb1.bmp,extended_xl,PDF,PDF,medium,1,full,PDF,1
XL-Synthetic_4_B__pdf_medium__lsb1.bmp,extended_xl,PDF,PDF,medium,1,no_deinterleaving,PDF,1
XL-Synthetic_4_B__pdf_medium__lsb1.bmp,extended_xl,PDF,PDF,medium,1,no_buffer,PDF,1
XL-Synthetic_4_B__pdf_medium__lsb1.bmp,extended_xl,PDF,PDF,medium,1,no_markers,PDF,1
XL-Synthetic_4_B__pdf_medium__lsb2.bmp,extended_xl,PDF,PDF,medium,2,full,PDF,1
XL-Synthetic_4_B__pdf_medium__lsb2.bmp,extended_xl,PDF,PDF,medium,2,no_deinterleaving,UNKNOWN,0
XL-Synthetic_4_B__pdf_medium__lsb2.bmp,extended_xl,PDF,PDF,medium,2,no_buffer,PDF,1
XL-Synthetic_4_B__pdf_medium__lsb2.bmp,extended_xl,PDF,PDF,medium,2,no_markers,PDF,1
XL-Synthetic_4_B__pdf_medium__lsb3.bmp,extended_xl,PDF,PDF,medium,3,full,PDF,1
XL-Synthetic_4_B__pdf_medium__lsb3.bmp,extended_xl,PDF,PDF,medium,3,no_deinterleaving,UNKNOWN,0
XL-Synthetic_4_B__pdf_medium__lsb3.bmp,extended_xl,PDF,PDF,medium,3,no_buffer,PDF,1
XL-Synthetic_4_B__pdf_medium__lsb3.bmp,extended_xl,PDF,PDF,medium,3,no_markers,PDF,1
XL-Synthetic_4_B__pdf_small__lsb1.bmp,extended_xl,PDF,PDF,small,1,full,PDF,1
XL-Synthetic_4_B__pdf_small__lsb1.bmp,extended_xl,PDF,PDF,small,1,no_deinterleaving,PDF,1
XL-Synthetic_4_B__pdf_small__lsb1.bmp,extended_xl,PDF,PDF,small,1,no_buffer,PDF,1
XL-Synthetic_4_B__pdf_small__lsb1.bmp,extended_xl,PDF,PDF,small,1,no_markers,PDF,1
XL-Synthetic_4_B__pdf_small__lsb2.bmp,extended_xl,PDF,PDF,small,2,full,PDF,1
XL-Synthetic_4_B__pdf_small__lsb2.bmp,extended_xl,PDF,PDF,small,2,no_deinterleaving,UNKNOWN,0
XL-Synthetic_4_B__pdf_small__lsb2.bmp,extended_xl,PDF,PDF,small,2,no_buffer,PDF,1
XL-Synthetic_4_B__pdf_small__lsb2.bmp,extended_xl,PDF,PDF,small,2,no_markers,PDF,1
XL-Synthetic_4_B__pdf_small__lsb3.bmp,extended_xl,PDF,PDF,small,3,full,PDF,1
XL-Synthetic_4_B__pdf_small__lsb3.bmp,extended_xl,PDF,PDF,small,3,no_deinterleaving,UNKNOWN,0
XL-Synthetic_4_B__pdf_small__lsb3.bmp,extended_xl,PDF,PDF,small,3,no_buffer,PDF,1
XL-Synthetic_4_B__pdf_small__lsb3.bmp,extended_xl,PDF,PDF,small,3,no_markers,PDF,1
XL-Synthetic_4_B__pptx_large__lsb1.bmp,extended_xl,PPTX,PPTX,large,1,full,PPTX,1
XL-Synthetic_4_B__pptx_large__lsb1.bmp,extended_xl,PPTX,PPTX,large,1,no_deinterleaving,PPTX,1
XL-Synthetic_4_B__pptx_large__lsb1.bmp,extended_xl,PPTX,PPTX,large,1,no_buffer,ZIP,0
XL-Synthetic_4_B__pptx_large__lsb1.bmp,extended_xl,PPTX,PPTX,large,1,no_markers,ZIP,0
XL-Synthetic_4_B__pptx_large__lsb2.bmp,extended_xl,PPTX,PPTX,large,2,full,PPTX,1
XL-Synthetic_4_B__pptx_large__lsb2.bmp,extended_xl,PPTX,PPTX,large,2,no_deinterleaving,UNKNOWN,0
XL-Synthetic_4_B__pptx_large__lsb2.bmp,extended_xl,PPTX,PPTX,large,2,no_buffer,ZIP,0
XL-Synthetic_4_B__pptx_large__lsb2.bmp,extended_xl,PPTX,PPTX,large,2,no_markers,ZIP,0
XL-Synthetic_4_B__pptx_large__lsb3.bmp,extended_xl,PPTX,PPTX,large,3,full,PPTX,1
XL-Synthetic_4_B__pptx_large__lsb3.bmp,extended_xl,PPTX,PPTX,large,3,no_deinterleaving,UNKNOWN,0
XL-Synthetic_4_B__pptx_large__lsb3.bmp,extended_xl,PPTX,PPTX,large,3,no_buffer,ZIP,0
XL-Synthetic_4_B__pptx_large__lsb3.bmp,extended_xl,PPTX,PPTX,large,3,no_markers,ZIP,0
XL-Synthetic_4_B__pptx_medium__lsb1.bmp,extended_xl,PPTX,PPTX,medium,1,full,PPTX,1
XL-Synthetic_4_B__pptx_medium__lsb1.bmp,extended_xl,PPTX,PPTX,medium,1,no_deinterleaving,PPTX,1
XL-Synthetic_4_B__pptx_medium__lsb1.bmp,extended_xl,PPTX,PPTX,medium,1,no_buffer,ZIP,0
XL-Synthetic_4_B__pptx_medium__lsb1.bmp,extended_xl,PPTX,PPTX,medium,1,no_markers,ZIP,0
XL-Synthetic_4_B__pptx_medium__lsb2.bmp,extended_xl,PPTX,PPTX,medium,2,full,PPTX,1
XL-Synthetic_4_B__pptx_medium__lsb2.bmp,extended_xl,PPTX,PPTX,medium,2,no_deinterleaving,UNKNOWN,0
XL-Synthetic_4_B__pptx_medium__lsb2.bmp,extended_xl,PPTX,PPTX,medium,2,no_buffer,ZIP,0
XL-Synthetic_4_B__pptx_medium__lsb2.bmp,extended_xl,PPTX,PPTX,medium,2,no_markers,ZIP,0
XL-Synthetic_4_B__pptx_medium__lsb3.bmp,extended_xl,PPTX,PPTX,medium,3,full,PPTX,1
XL-Synthetic_4_B__pptx_medium__lsb3.bmp,extended_xl,PPTX,PPTX,medium,3,no_deinterleaving,UNKNOWN,0
XL-Synthetic_4_B__pptx_medium__lsb3.bmp,extended_xl,PPTX,PPTX,medium,3,no_buffer,ZIP,0
XL-Synthetic_4_B__pptx_medium__lsb3.bmp,extended_xl,PPTX,PPTX,medium,3,no_markers,ZIP,0
XL-Synthetic_4_B__pptx_small__lsb1.bmp,extended_xl,PPTX,PPTX,small,1,full,PPTX,1
XL-Synthetic_4_B__pptx_small__lsb1.bmp,extended_xl,PPTX,PPTX,small,1,no_deinterleaving,PPTX,1
XL-Synthetic_4_B__pptx_small__lsb1.bmp,extended_xl,PPTX,PPTX,small,1,no_buffer,ZIP,0
XL-Synthetic_4_B__pptx_small__lsb1.bmp,extended_xl,PPTX,PPTX,small,1,no_markers,ZIP,0
XL-Synthetic_4_B__pptx_small__lsb2.bmp,extended_xl,PPTX,PPTX,small,2,full,PPTX,1
XL-Synthetic_4_B__pptx_small__lsb2.bmp,extended_xl,PPTX,PPTX,small,2,no_deinterleaving,UNKNOWN,0
XL-Synthetic_4_B__pptx_small__lsb2.bmp,extended_xl,PPTX,PPTX,small,2,no_buffer,ZIP,0
XL-Synthetic_4_B__pptx_small__lsb2.bmp,extended_xl,PPTX,PPTX,small,2,no_markers,ZIP,0
XL-Synthetic_4_B__pptx_small__lsb3.bmp,extended_xl,PPTX,PPTX,small,3,full,PPTX,1
XL-Synthetic_4_B__pptx_small__lsb3.bmp,extended_xl,PPTX,PPTX,small,3,no_deinterleaving,UNKNOWN,0
XL-Synthetic_4_B__pptx_small__lsb3.bmp,extended_xl,PPTX,PPTX,small,3,no_buffer,ZIP,0
XL-Synthetic_4_B__pptx_small__lsb3.bmp,extended_xl,PPTX,PPTX,small,3,no_markers,ZIP,0
XL-Synthetic_4_B__rtf_large__lsb1.bmp,extended_xl,RTF,RTF,large,1,full,RTF,1
XL-Synthetic_4_B__rtf_large__lsb1.bmp,extended_xl,RTF,RTF,large,1,no_deinterleaving,RTF,1
XL-Synthetic_4_B__rtf_large__lsb1.bmp,extended_xl,RTF,RTF,large,1,no_buffer,RTF,1
XL-Synthetic_4_B__rtf_large__lsb1.bmp,extended_xl,RTF,RTF,large,1,no_markers,RTF,1
XL-Synthetic_4_B__rtf_large__lsb2.bmp,extended_xl,RTF,RTF,large,2,full,RTF,1
XL-Synthetic_4_B__rtf_large__lsb2.bmp,extended_xl,RTF,RTF,large,2,no_deinterleaving,UNKNOWN,0
XL-Synthetic_4_B__rtf_large__lsb2.bmp,extended_xl,RTF,RTF,large,2,no_buffer,RTF,1
XL-Synthetic_4_B__rtf_large__lsb2.bmp,extended_xl,RTF,RTF,large,2,no_markers,RTF,1
XL-Synthetic_4_B__rtf_large__lsb3.bmp,extended_xl,RTF,RTF,large,3,full,RTF,1
XL-Synthetic_4_B__rtf_large__lsb3.bmp,extended_xl,RTF,RTF,large,3,no_deinterleaving,UNKNOWN,0
XL-Synthetic_4_B__rtf_large__lsb3.bmp,extended_xl,RTF,RTF,large,3,no_buffer,RTF,1
XL-Synthetic_4_B__rtf_large__lsb3.bmp,extended_xl,RTF,RTF,large,3,no_markers,RTF,1
XL-Synthetic_4_B__rtf_medium__lsb1.bmp,extended_xl,RTF,RTF,medium,1,full,RTF,1
XL-Synthetic_4_B__rtf_medium__lsb1.bmp,extended_xl,RTF,RTF,medium,1,no_deinterleaving,RTF,1
XL-Synthetic_4_B__rtf_medium__lsb1.bmp,extended_xl,RTF,RTF,medium,1,no_buffer,RTF,1
XL-Synthetic_4_B__rtf_medium__lsb1.bmp,extended_xl,RTF,RTF,medium,1,no_markers,RTF,1
XL-Synthetic_4_B__rtf_medium__lsb2.bmp,extended_xl,RTF,RTF,medium,2,full,RTF,1
XL-Synthetic_4_B__rtf_medium__lsb2.bmp,extended_xl,RTF,RTF,medium,2,no_deinterleaving,UNKNOWN,0
XL-Synthetic_4_B__rtf_medium__lsb2.bmp,extended_xl,RTF,RTF,medium,2,no_buffer,RTF,1
XL-Synthetic_4_B__rtf_medium__lsb2.bmp,extended_xl,RTF,RTF,medium,2,no_markers,RTF,1
XL-Synthetic_4_B__rtf_medium__lsb3.bmp,extended_xl,RTF,RTF,medium,3,full,RTF,1
XL-Synthetic_4_B__rtf_medium__lsb3.bmp,extended_xl,RTF,RTF,medium,3,no_deinterleaving,UNKNOWN,0
XL-Synthetic_4_B__rtf_medium__lsb3.bmp,extended_xl,RTF,RTF,medium,3,no_buffer,RTF,1
XL-Synthetic_4_B__rtf_medium__lsb3.bmp,extended_xl,RTF,RTF,medium,3,no_markers,RTF,1
XL-Synthetic_4_B__rtf_small__lsb1.bmp,extended_xl,RTF,RTF,small,1,full,RTF,1
XL-Synthetic_4_B__rtf_small__lsb1.bmp,extended_xl,RTF,RTF,small,1,no_deinterleaving,RTF,1
XL-Synthetic_4_B__rtf_small__lsb1.bmp,extended_xl,RTF,RTF,small,1,no_buffer,RTF,1
XL-Synthetic_4_B__rtf_small__lsb1.bmp,extended_xl,RTF,RTF,small,1,no_markers,RTF,1
XL-Synthetic_4_B__rtf_small__lsb2.bmp,extended_xl,RTF,RTF,small,2,full,RTF,1
XL-Synthetic_4_B__rtf_small__lsb2.bmp,extended_xl,RTF,RTF,small,2,no_deinterleaving,UNKNOWN,0
XL-Synthetic_4_B__rtf_small__lsb2.bmp,extended_xl,RTF,RTF,small,2,no_buffer,RTF,1
XL-Synthetic_4_B__rtf_small__lsb2.bmp,extended_xl,RTF,RTF,small,2,no_markers,RTF,1
XL-Synthetic_4_B__rtf_small__lsb3.bmp,extended_xl,RTF,RTF,small,3,full,RTF,1
XL-Synthetic_4_B__rtf_small__lsb3.bmp,extended_xl,RTF,RTF,small,3,no_deinterleaving,UNKNOWN,0
XL-Synthetic_4_B__rtf_small__lsb3.bmp,extended_xl,RTF,RTF,small,3,no_buffer,RTF,1
XL-Synthetic_4_B__rtf_small__lsb3.bmp,extended_xl,RTF,RTF,small,3,no_markers,RTF,1
XL-Synthetic_4_B__xlsx_large__lsb1.bmp,extended_xl,XLSX,XLSX,large,1,full,XLSX,1
XL-Synthetic_4_B__xlsx_large__lsb1.bmp,extended_xl,XLSX,XLSX,large,1,no_deinterleaving,XLSX,1
XL-Synthetic_4_B__xlsx_large__lsb1.bmp,extended_xl,XLSX,XLSX,large,1,no_buffer,ZIP,0
XL-Synthetic_4_B__xlsx_large__lsb1.bmp,extended_xl,XLSX,XLSX,large,1,no_markers,ZIP,0
XL-Synthetic_4_B__xlsx_large__lsb2.bmp,extended_xl,XLSX,XLSX,large,2,full,XLSX,1
XL-Synthetic_4_B__xlsx_large__lsb2.bmp,extended_xl,XLSX,XLSX,large,2,no_deinterleaving,UNKNOWN,0
XL-Synthetic_4_B__xlsx_large__lsb2.bmp,extended_xl,XLSX,XLSX,large,2,no_buffer,ZIP,0
XL-Synthetic_4_B__xlsx_large__lsb2.bmp,extended_xl,XLSX,XLSX,large,2,no_markers,ZIP,0
XL-Synthetic_4_B__xlsx_large__lsb3.bmp,extended_xl,XLSX,XLSX,large,3,full,XLSX,1
XL-Synthetic_4_B__xlsx_large__lsb3.bmp,extended_xl,XLSX,XLSX,large,3,no_deinterleaving,UNKNOWN,0
XL-Synthetic_4_B__xlsx_large__lsb3.bmp,extended_xl,XLSX,XLSX,large,3,no_buffer,ZIP,0
XL-Synthetic_4_B__xlsx_large__lsb3.bmp,extended_xl,XLSX,XLSX,large,3,no_markers,ZIP,0
XL-Synthetic_4_B__xlsx_medium__lsb1.bmp,extended_xl,XLSX,XLSX,medium,1,full,XLSX,1
XL-Synthetic_4_B__xlsx_medium__lsb1.bmp,extended_xl,XLSX,XLSX,medium,1,no_deinterleaving,XLSX,1
XL-Synthetic_4_B__xlsx_medium__lsb1.bmp,extended_xl,XLSX,XLSX,medium,1,no_buffer,ZIP,0
XL-Synthetic_4_B__xlsx_medium__lsb1.bmp,extended_xl,XLSX,XLSX,medium,1,no_markers,ZIP,0
XL-Synthetic_4_B__xlsx_medium__lsb2.bmp,extended_xl,XLSX,XLSX,medium,2,full,XLSX,1
XL-Synthetic_4_B__xlsx_medium__lsb2.bmp,extended_xl,XLSX,XLSX,medium,2,no_deinterleaving,UNKNOWN,0
XL-Synthetic_4_B__xlsx_medium__lsb2.bmp,extended_xl,XLSX,XLSX,medium,2,no_buffer,ZIP,0
XL-Synthetic_4_B__xlsx_medium__lsb2.bmp,extended_xl,XLSX,XLSX,medium,2,no_markers,ZIP,0
XL-Synthetic_4_B__xlsx_medium__lsb3.bmp,extended_xl,XLSX,XLSX,medium,3,full,XLSX,1
XL-Synthetic_4_B__xlsx_medium__lsb3.bmp,extended_xl,XLSX,XLSX,medium,3,no_deinterleaving,UNKNOWN,0
XL-Synthetic_4_B__xlsx_medium__lsb3.bmp,extended_xl,XLSX,XLSX,medium,3,no_buffer,ZIP,0
XL-Synthetic_4_B__xlsx_medium__lsb3.bmp,extended_xl,XLSX,XLSX,medium,3,no_markers,ZIP,0
XL-Synthetic_4_B__xlsx_small__lsb1.bmp,extended_xl,XLSX,XLSX,small,1,full,XLSX,1
XL-Synthetic_4_B__xlsx_small__lsb1.bmp,extended_xl,XLSX,XLSX,small,1,no_deinterleaving,XLSX,1
XL-Synthetic_4_B__xlsx_small__lsb1.bmp,extended_xl,XLSX,XLSX,small,1,no_buffer,ZIP,0
XL-Synthetic_4_B__xlsx_small__lsb1.bmp,extended_xl,XLSX,XLSX,small,1,no_markers,ZIP,0
XL-Synthetic_4_B__xlsx_small__lsb2.bmp,extended_xl,XLSX,XLSX,small,2,full,XLSX,1
XL-Synthetic_4_B__xlsx_small__lsb2.bmp,extended_xl,XLSX,XLSX,small,2,no_deinterleaving,UNKNOWN,0
XL-Synthetic_4_B__xlsx_small__lsb2.bmp,extended_xl,XLSX,XLSX,small,2,no_buffer,ZIP,0
XL-Synthetic_4_B__xlsx_small__lsb2.bmp,extended_xl,XLSX,XLSX,small,2,no_markers,ZIP,0
XL-Synthetic_4_B__xlsx_small__lsb3.bmp,extended_xl,XLSX,XLSX,small,3,full,XLSX,1
XL-Synthetic_4_B__xlsx_small__lsb3.bmp,extended_xl,XLSX,XLSX,small,3,no_deinterleaving,UNKNOWN,0
XL-Synthetic_4_B__xlsx_small__lsb3.bmp,extended_xl,XLSX,XLSX,small,3,no_buffer,ZIP,0
XL-Synthetic_4_B__xlsx_small__lsb3.bmp,extended_xl,XLSX,XLSX,small,3,no_markers,ZIP,0
XL-Synthetic_4_P__docx_large__lsb3.png,extended_xl,DOCX,DOCX,large,3,full,DOCX,1
XL-Synthetic_4_P__docx_large__lsb3.png,extended_xl,DOCX,DOCX,large,3,no_deinterleaving,UNKNOWN,0
XL-Synthetic_4_P__docx_large__lsb3.png,extended_xl,DOCX,DOCX,large,3,no_buffer,ZIP,0
XL-Synthetic_4_P__docx_large__lsb3.png,extended_xl,DOCX,DOCX,large,3,no_markers,ZIP,0
XL-Synthetic_4_P__docx_medium__lsb2.png,extended_xl,DOCX,DOCX,medium,2,full,DOCX,1
XL-Synthetic_4_P__docx_medium__lsb2.png,extended_xl,DOCX,DOCX,medium,2,no_deinterleaving,UNKNOWN,0
XL-Synthetic_4_P__docx_medium__lsb2.png,extended_xl,DOCX,DOCX,medium,2,no_buffer,ZIP,0
XL-Synthetic_4_P__docx_medium__lsb2.png,extended_xl,DOCX,DOCX,medium,2,no_markers,ZIP,0
XL-Synthetic_4_P__docx_medium__lsb3.png,extended_xl,DOCX,DOCX,medium,3,full,DOCX,1
XL-Synthetic_4_P__docx_medium__lsb3.png,extended_xl,DOCX,DOCX,medium,3,no_deinterleaving,UNKNOWN,0
XL-Synthetic_4_P__docx_medium__lsb3.png,extended_xl,DOCX,DOCX,medium,3,no_buffer,ZIP,0
XL-Synthetic_4_P__docx_medium__lsb3.png,extended_xl,DOCX,DOCX,medium,3,no_markers,ZIP,0
XL-Synthetic_4_P__docx_small__lsb1.png,extended_xl,DOCX,DOCX,small,1,full,DOCX,1
XL-Synthetic_4_P__docx_small__lsb1.png,extended_xl,DOCX,DOCX,small,1,no_deinterleaving,DOCX,1
XL-Synthetic_4_P__docx_small__lsb1.png,extended_xl,DOCX,DOCX,small,1,no_buffer,ZIP,0
XL-Synthetic_4_P__docx_small__lsb1.png,extended_xl,DOCX,DOCX,small,1,no_markers,ZIP,0
XL-Synthetic_4_P__docx_small__lsb2.png,extended_xl,DOCX,DOCX,small,2,full,DOCX,1
XL-Synthetic_4_P__docx_small__lsb2.png,extended_xl,DOCX,DOCX,small,2,no_deinterleaving,UNKNOWN,0
XL-Synthetic_4_P__docx_small__lsb2.png,extended_xl,DOCX,DOCX,small,2,no_buffer,ZIP,0
XL-Synthetic_4_P__docx_small__lsb2.png,extended_xl,DOCX,DOCX,small,2,no_markers,ZIP,0
XL-Synthetic_4_P__docx_small__lsb3.png,extended_xl,DOCX,DOCX,small,3,full,DOCX,1
XL-Synthetic_4_P__docx_small__lsb3.png,extended_xl,DOCX,DOCX,small,3,no_deinterleaving,UNKNOWN,0
XL-Synthetic_4_P__docx_small__lsb3.png,extended_xl,DOCX,DOCX,small,3,no_buffer,ZIP,0
XL-Synthetic_4_P__docx_small__lsb3.png,extended_xl,DOCX,DOCX,small,3,no_markers,ZIP,0
XL-Synthetic_4_P__exe_large__lsb3.png,extended_xl,EXE,EXE,large,3,full,EXE,1
XL-Synthetic_4_P__exe_large__lsb3.png,extended_xl,EXE,EXE,large,3,no_deinterleaving,UNKNOWN,0
XL-Synthetic_4_P__exe_large__lsb3.png,extended_xl,EXE,EXE,large,3,no_buffer,EXE,1
XL-Synthetic_4_P__exe_large__lsb3.png,extended_xl,EXE,EXE,large,3,no_markers,EXE,1
XL-Synthetic_4_P__exe_medium__lsb2.png,extended_xl,EXE,EXE,medium,2,full,EXE,1
XL-Synthetic_4_P__exe_medium__lsb2.png,extended_xl,EXE,EXE,medium,2,no_deinterleaving,UNKNOWN,0
XL-Synthetic_4_P__exe_medium__lsb2.png,extended_xl,EXE,EXE,medium,2,no_buffer,EXE,1
XL-Synthetic_4_P__exe_medium__lsb2.png,extended_xl,EXE,EXE,medium,2,no_markers,EXE,1
XL-Synthetic_4_P__exe_medium__lsb3.png,extended_xl,EXE,EXE,medium,3,full,EXE,1
XL-Synthetic_4_P__exe_medium__lsb3.png,extended_xl,EXE,EXE,medium,3,no_deinterleaving,UNKNOWN,0
XL-Synthetic_4_P__exe_medium__lsb3.png,extended_xl,EXE,EXE,medium,3,no_buffer,EXE,1
XL-Synthetic_4_P__exe_medium__lsb3.png,extended_xl,EXE,EXE,medium,3,no_markers,EXE,1
XL-Synthetic_4_P__exe_small__lsb1.png,extended_xl,EXE,EXE,small,1,full,EXE,1
XL-Synthetic_4_P__exe_small__lsb1.png,extended_xl,EXE,EXE,small,1,no_deinterleaving,EXE,1
XL-Synthetic_4_P__exe_small__lsb1.png,extended_xl,EXE,EXE,small,1,no_buffer,EXE,1
XL-Synthetic_4_P__exe_small__lsb1.png,extended_xl,EXE,EXE,small,1,no_markers,EXE,1
XL-Synthetic_4_P__exe_small__lsb2.png,extended_xl,EXE,EXE,small,2,full,EXE,1
XL-Synthetic_4_P__exe_small__lsb2.png,extended_xl,EXE,EXE,small,2,no_deinterleaving,UNKNOWN,0
XL-Synthetic_4_P__exe_small__lsb2.png,extended_xl,EXE,EXE,small,2,no_buffer,EXE,1
XL-Synthetic_4_P__exe_small__lsb2.png,extended_xl,EXE,EXE,small,2,no_markers,EXE,1
XL-Synthetic_4_P__exe_small__lsb3.png,extended_xl,EXE,EXE,small,3,full,EXE,1
XL-Synthetic_4_P__exe_small__lsb3.png,extended_xl,EXE,EXE,small,3,no_deinterleaving,UNKNOWN,0
XL-Synthetic_4_P__exe_small__lsb3.png,extended_xl,EXE,EXE,small,3,no_buffer,EXE,1
XL-Synthetic_4_P__exe_small__lsb3.png,extended_xl,EXE,EXE,small,3,no_markers,EXE,1
XL-Synthetic_4_P__pdf_large__lsb3.png,extended_xl,PDF,PDF,large,3,full,PDF,1
XL-Synthetic_4_P__pdf_large__lsb3.png,extended_xl,PDF,PDF,large,3,no_deinterleaving,UNKNOWN,0
XL-Synthetic_4_P__pdf_large__lsb3.png,extended_xl,PDF,PDF,large,3,no_buffer,PDF,1
XL-Synthetic_4_P__pdf_large__lsb3.png,extended_xl,PDF,PDF,large,3,no_markers,PDF,1
XL-Synthetic_4_P__pdf_medium__lsb2.png,extended_xl,PDF,PDF,medium,2,full,PDF,1
XL-Synthetic_4_P__pdf_medium__lsb2.png,extended_xl,PDF,PDF,medium,2,no_deinterleaving,UNKNOWN,0
XL-Synthetic_4_P__pdf_medium__lsb2.png,extended_xl,PDF,PDF,medium,2,no_buffer,PDF,1
XL-Synthetic_4_P__pdf_medium__lsb2.png,extended_xl,PDF,PDF,medium,2,no_markers,PDF,1
XL-Synthetic_4_P__pdf_medium__lsb3.png,extended_xl,PDF,PDF,medium,3,full,PDF,1
XL-Synthetic_4_P__pdf_medium__lsb3.png,extended_xl,PDF,PDF,medium,3,no_deinterleaving,UNKNOWN,0
XL-Synthetic_4_P__pdf_medium__lsb3.png,extended_xl,PDF,PDF,medium,3,no_buffer,PDF,1
XL-Synthetic_4_P__pdf_medium__lsb3.png,extended_xl,PDF,PDF,medium,3,no_markers,PDF,1
XL-Synthetic_4_P__pdf_small__lsb1.png,extended_xl,PDF,PDF,small,1,full,PDF,1
XL-Synthetic_4_P__pdf_small__lsb1.png,extended_xl,PDF,PDF,small,1,no_deinterleaving,PDF,1
XL-Synthetic_4_P__pdf_small__lsb1.png,extended_xl,PDF,PDF,small,1,no_buffer,PDF,1
XL-Synthetic_4_P__pdf_small__lsb1.png,extended_xl,PDF,PDF,small,1,no_markers,PDF,1
XL-Synthetic_4_P__pdf_small__lsb2.png,extended_xl,PDF,PDF,small,2,full,PDF,1
XL-Synthetic_4_P__pdf_small__lsb2.png,extended_xl,PDF,PDF,small,2,no_deinterleaving,UNKNOWN,0
XL-Synthetic_4_P__pdf_small__lsb2.png,extended_xl,PDF,PDF,small,2,no_buffer,PDF,1
XL-Synthetic_4_P__pdf_small__lsb2.png,extended_xl,PDF,PDF,small,2,no_markers,PDF,1
XL-Synthetic_4_P__pdf_small__lsb3.png,extended_xl,PDF,PDF,small,3,full,PDF,1
XL-Synthetic_4_P__pdf_small__lsb3.png,extended_xl,PDF,PDF,small,3,no_deinterleaving,UNKNOWN,0
XL-Synthetic_4_P__pdf_small__lsb3.png,extended_xl,PDF,PDF,small,3,no_buffer,PDF,1
XL-Synthetic_4_P__pdf_small__lsb3.png,extended_xl,PDF,PDF,small,3,no_markers,PDF,1
XL-Synthetic_4_P__pptx_large__lsb3.png,extended_xl,PPTX,PPTX,large,3,full,PPTX,1
XL-Synthetic_4_P__pptx_large__lsb3.png,extended_xl,PPTX,PPTX,large,3,no_deinterleaving,UNKNOWN,0
XL-Synthetic_4_P__pptx_large__lsb3.png,extended_xl,PPTX,PPTX,large,3,no_buffer,ZIP,0
XL-Synthetic_4_P__pptx_large__lsb3.png,extended_xl,PPTX,PPTX,large,3,no_markers,ZIP,0
XL-Synthetic_4_P__pptx_medium__lsb2.png,extended_xl,PPTX,PPTX,medium,2,full,PPTX,1
XL-Synthetic_4_P__pptx_medium__lsb2.png,extended_xl,PPTX,PPTX,medium,2,no_deinterleaving,UNKNOWN,0
XL-Synthetic_4_P__pptx_medium__lsb2.png,extended_xl,PPTX,PPTX,medium,2,no_buffer,ZIP,0
XL-Synthetic_4_P__pptx_medium__lsb2.png,extended_xl,PPTX,PPTX,medium,2,no_markers,ZIP,0
XL-Synthetic_4_P__pptx_medium__lsb3.png,extended_xl,PPTX,PPTX,medium,3,full,PPTX,1
XL-Synthetic_4_P__pptx_medium__lsb3.png,extended_xl,PPTX,PPTX,medium,3,no_deinterleaving,UNKNOWN,0
XL-Synthetic_4_P__pptx_medium__lsb3.png,extended_xl,PPTX,PPTX,medium,3,no_buffer,ZIP,0
XL-Synthetic_4_P__pptx_medium__lsb3.png,extended_xl,PPTX,PPTX,medium,3,no_markers,ZIP,0
XL-Synthetic_4_P__pptx_small__lsb1.png,extended_xl,PPTX,PPTX,small,1,full,PPTX,1
XL-Synthetic_4_P__pptx_small__lsb1.png,extended_xl,PPTX,PPTX,small,1,no_deinterleaving,PPTX,1
XL-Synthetic_4_P__pptx_small__lsb1.png,extended_xl,PPTX,PPTX,small,1,no_buffer,ZIP,0
XL-Synthetic_4_P__pptx_small__lsb1.png,extended_xl,PPTX,PPTX,small,1,no_markers,ZIP,0
XL-Synthetic_4_P__pptx_small__lsb2.png,extended_xl,PPTX,PPTX,small,2,full,PPTX,1
XL-Synthetic_4_P__pptx_small__lsb2.png,extended_xl,PPTX,PPTX,small,2,no_deinterleaving,UNKNOWN,0
XL-Synthetic_4_P__pptx_small__lsb2.png,extended_xl,PPTX,PPTX,small,2,no_buffer,ZIP,0
XL-Synthetic_4_P__pptx_small__lsb2.png,extended_xl,PPTX,PPTX,small,2,no_markers,ZIP,0
XL-Synthetic_4_P__pptx_small__lsb3.png,extended_xl,PPTX,PPTX,small,3,full,PPTX,1
XL-Synthetic_4_P__pptx_small__lsb3.png,extended_xl,PPTX,PPTX,small,3,no_deinterleaving,UNKNOWN,0
XL-Synthetic_4_P__pptx_small__lsb3.png,extended_xl,PPTX,PPTX,small,3,no_buffer,ZIP,0
XL-Synthetic_4_P__pptx_small__lsb3.png,extended_xl,PPTX,PPTX,small,3,no_markers,ZIP,0
XL-Synthetic_4_P__rtf_large__lsb3.png,extended_xl,RTF,RTF,large,3,full,RTF,1
XL-Synthetic_4_P__rtf_large__lsb3.png,extended_xl,RTF,RTF,large,3,no_deinterleaving,UNKNOWN,0
XL-Synthetic_4_P__rtf_large__lsb3.png,extended_xl,RTF,RTF,large,3,no_buffer,RTF,1
XL-Synthetic_4_P__rtf_large__lsb3.png,extended_xl,RTF,RTF,large,3,no_markers,RTF,1
XL-Synthetic_4_P__rtf_medium__lsb2.png,extended_xl,RTF,RTF,medium,2,full,RTF,1
XL-Synthetic_4_P__rtf_medium__lsb2.png,extended_xl,RTF,RTF,medium,2,no_deinterleaving,UNKNOWN,0
XL-Synthetic_4_P__rtf_medium__lsb2.png,extended_xl,RTF,RTF,medium,2,no_buffer,RTF,1
XL-Synthetic_4_P__rtf_medium__lsb2.png,extended_xl,RTF,RTF,medium,2,no_markers,RTF,1
XL-Synthetic_4_P__rtf_medium__lsb3.png,extended_xl,RTF,RTF,medium,3,full,RTF,1
XL-Synthetic_4_P__rtf_medium__lsb3.png,extended_xl,RTF,RTF,medium,3,no_deinterleaving,UNKNOWN,0
XL-Synthetic_4_P__rtf_medium__lsb3.png,extended_xl,RTF,RTF,medium,3,no_buffer,RTF,1
XL-Synthetic_4_P__rtf_medium__lsb3.png,extended_xl,RTF,RTF,medium,3,no_markers,RTF,1
XL-Synthetic_4_P__rtf_small__lsb1.png,extended_xl,RTF,RTF,small,1,full,RTF,1
XL-Synthetic_4_P__rtf_small__lsb1.png,extended_xl,RTF,RTF,small,1,no_deinterleaving,RTF,1
XL-Synthetic_4_P__rtf_small__lsb1.png,extended_xl,RTF,RTF,small,1,no_buffer,RTF,1
XL-Synthetic_4_P__rtf_small__lsb1.png,extended_xl,RTF,RTF,small,1,no_markers,RTF,1
XL-Synthetic_4_P__rtf_small__lsb2.png,extended_xl,RTF,RTF,small,2,full,RTF,1
XL-Synthetic_4_P__rtf_small__lsb2.png,extended_xl,RTF,RTF,small,2,no_deinterleaving,UNKNOWN,0
XL-Synthetic_4_P__rtf_small__lsb2.png,extended_xl,RTF,RTF,small,2,no_buffer,RTF,1
XL-Synthetic_4_P__rtf_small__lsb2.png,extended_xl,RTF,RTF,small,2,no_markers,RTF,1
XL-Synthetic_4_P__rtf_small__lsb3.png,extended_xl,RTF,RTF,small,3,full,RTF,1
XL-Synthetic_4_P__rtf_small__lsb3.png,extended_xl,RTF,RTF,small,3,no_deinterleaving,UNKNOWN,0
XL-Synthetic_4_P__rtf_small__lsb3.png,extended_xl,RTF,RTF,small,3,no_buffer,RTF,1
XL-Synthetic_4_P__rtf_small__lsb3.png,extended_xl,RTF,RTF,small,3,no_markers,RTF,1
XL-Synthetic_4_P__xlsx_large__lsb3.png,extended_xl,XLSX,XLSX,large,3,full,XLSX,1
XL-Synthetic_4_P__xlsx_large__lsb3.png,extended_xl,XLSX,XLSX,large,3,no_deinterleaving,UNKNOWN,0
XL-Synthetic_4_P__xlsx_large__lsb3.png,extended_xl,XLSX,XLSX,large,3,no_buffer,ZIP,0
XL-Synthetic_4_P__xlsx_large__lsb3.png,extended_xl,XLSX,XLSX,large,3,no_markers,ZIP,0
XL-Synthetic_4_P__xlsx_medium__lsb2.png,extended_xl,XLSX,XLSX,medium,2,full,XLSX,1
XL-Synthetic_4_P__xlsx_medium__lsb2.png,extended_xl,XLSX,XLSX,medium,2,no_deinterleaving,UNKNOWN,0
XL-Synthetic_4_P__xlsx_medium__lsb2.png,extended_xl,XLSX,XLSX,medium,2,no_buffer,ZIP,0
XL-Synthetic_4_P__xlsx_medium__lsb2.png,extended_xl,XLSX,XLSX,medium,2,no_markers,ZIP,0
XL-Synthetic_4_P__xlsx_medium__lsb3.png,extended_xl,XLSX,XLSX,medium,3,full,XLSX,1
XL-Synthetic_4_P__xlsx_medium__lsb3.png,extended_xl,XLSX,XLSX,medium,3,no_deinterleaving,UNKNOWN,0
XL-Synthetic_4_P__xlsx_medium__lsb3.png,extended_xl,XLSX,XLSX,medium,3,no_buffer,ZIP,0
XL-Synthetic_4_P__xlsx_medium__lsb3.png,extended_xl,XLSX,XLSX,medium,3,no_markers,ZIP,0
XL-Synthetic_4_P__xlsx_small__lsb1.png,extended_xl,XLSX,XLSX,small,1,full,XLSX,1
XL-Synthetic_4_P__xlsx_small__lsb1.png,extended_xl,XLSX,XLSX,small,1,no_deinterleaving,XLSX,1
XL-Synthetic_4_P__xlsx_small__lsb1.png,extended_xl,XLSX,XLSX,small,1,no_buffer,ZIP,0
XL-Synthetic_4_P__xlsx_small__lsb1.png,extended_xl,XLSX,XLSX,small,1,no_markers,ZIP,0
XL-Synthetic_4_P__xlsx_small__lsb2.png,extended_xl,XLSX,XLSX,small,2,full,XLSX,1
XL-Synthetic_4_P__xlsx_small__lsb2.png,extended_xl,XLSX,XLSX,small,2,no_deinterleaving,UNKNOWN,0
XL-Synthetic_4_P__xlsx_small__lsb2.png,extended_xl,XLSX,XLSX,small,2,no_buffer,ZIP,0
XL-Synthetic_4_P__xlsx_small__lsb2.png,extended_xl,XLSX,XLSX,small,2,no_markers,ZIP,0
XL-Synthetic_4_P__xlsx_small__lsb3.png,extended_xl,XLSX,XLSX,small,3,full,XLSX,1
XL-Synthetic_4_P__xlsx_small__lsb3.png,extended_xl,XLSX,XLSX,small,3,no_deinterleaving,UNKNOWN,0
XL-Synthetic_4_P__xlsx_small__lsb3.png,extended_xl,XLSX,XLSX,small,3,no_buffer,ZIP,0
XL-Synthetic_4_P__xlsx_small__lsb3.png,extended_xl,XLSX,XLSX,small,3,no_markers,ZIP,0
XL-Synthetic_5_B__docx_large__lsb1.bmp,extended_xl,DOCX,DOCX,large,1,full,DOCX,1
XL-Synthetic_5_B__docx_large__lsb1.bmp,extended_xl,DOCX,DOCX,large,1,no_deinterleaving,DOCX,1
XL-Synthetic_5_B__docx_large__lsb1.bmp,extended_xl,DOCX,DOCX,large,1,no_buffer,ZIP,0
XL-Synthetic_5_B__docx_large__lsb1.bmp,extended_xl,DOCX,DOCX,large,1,no_markers,ZIP,0
XL-Synthetic_5_B__docx_large__lsb2.bmp,extended_xl,DOCX,DOCX,large,2,full,DOCX,1
XL-Synthetic_5_B__docx_large__lsb2.bmp,extended_xl,DOCX,DOCX,large,2,no_deinterleaving,UNKNOWN,0
XL-Synthetic_5_B__docx_large__lsb2.bmp,extended_xl,DOCX,DOCX,large,2,no_buffer,ZIP,0
XL-Synthetic_5_B__docx_large__lsb2.bmp,extended_xl,DOCX,DOCX,large,2,no_markers,ZIP,0
XL-Synthetic_5_B__docx_large__lsb3.bmp,extended_xl,DOCX,DOCX,large,3,full,DOCX,1
XL-Synthetic_5_B__docx_large__lsb3.bmp,extended_xl,DOCX,DOCX,large,3,no_deinterleaving,UNKNOWN,0
XL-Synthetic_5_B__docx_large__lsb3.bmp,extended_xl,DOCX,DOCX,large,3,no_buffer,ZIP,0
XL-Synthetic_5_B__docx_large__lsb3.bmp,extended_xl,DOCX,DOCX,large,3,no_markers,ZIP,0
XL-Synthetic_5_B__docx_medium__lsb1.bmp,extended_xl,DOCX,DOCX,medium,1,full,DOCX,1
XL-Synthetic_5_B__docx_medium__lsb1.bmp,extended_xl,DOCX,DOCX,medium,1,no_deinterleaving,DOCX,1
XL-Synthetic_5_B__docx_medium__lsb1.bmp,extended_xl,DOCX,DOCX,medium,1,no_buffer,ZIP,0
XL-Synthetic_5_B__docx_medium__lsb1.bmp,extended_xl,DOCX,DOCX,medium,1,no_markers,ZIP,0
XL-Synthetic_5_B__docx_medium__lsb2.bmp,extended_xl,DOCX,DOCX,medium,2,full,DOCX,1
XL-Synthetic_5_B__docx_medium__lsb2.bmp,extended_xl,DOCX,DOCX,medium,2,no_deinterleaving,UNKNOWN,0
XL-Synthetic_5_B__docx_medium__lsb2.bmp,extended_xl,DOCX,DOCX,medium,2,no_buffer,ZIP,0
XL-Synthetic_5_B__docx_medium__lsb2.bmp,extended_xl,DOCX,DOCX,medium,2,no_markers,ZIP,0
XL-Synthetic_5_B__docx_medium__lsb3.bmp,extended_xl,DOCX,DOCX,medium,3,full,DOCX,1
XL-Synthetic_5_B__docx_medium__lsb3.bmp,extended_xl,DOCX,DOCX,medium,3,no_deinterleaving,UNKNOWN,0
XL-Synthetic_5_B__docx_medium__lsb3.bmp,extended_xl,DOCX,DOCX,medium,3,no_buffer,ZIP,0
XL-Synthetic_5_B__docx_medium__lsb3.bmp,extended_xl,DOCX,DOCX,medium,3,no_markers,ZIP,0
XL-Synthetic_5_B__docx_small__lsb1.bmp,extended_xl,DOCX,DOCX,small,1,full,DOCX,1
XL-Synthetic_5_B__docx_small__lsb1.bmp,extended_xl,DOCX,DOCX,small,1,no_deinterleaving,DOCX,1
XL-Synthetic_5_B__docx_small__lsb1.bmp,extended_xl,DOCX,DOCX,small,1,no_buffer,ZIP,0
XL-Synthetic_5_B__docx_small__lsb1.bmp,extended_xl,DOCX,DOCX,small,1,no_markers,ZIP,0
XL-Synthetic_5_B__docx_small__lsb2.bmp,extended_xl,DOCX,DOCX,small,2,full,DOCX,1
XL-Synthetic_5_B__docx_small__lsb2.bmp,extended_xl,DOCX,DOCX,small,2,no_deinterleaving,UNKNOWN,0
XL-Synthetic_5_B__docx_small__lsb2.bmp,extended_xl,DOCX,DOCX,small,2,no_buffer,ZIP,0
XL-Synthetic_5_B__docx_small__lsb2.bmp,extended_xl,DOCX,DOCX,small,2,no_markers,ZIP,0
XL-Synthetic_5_B__docx_small__lsb3.bmp,extended_xl,DOCX,DOCX,small,3,full,DOCX,1
XL-Synthetic_5_B__docx_small__lsb3.bmp,extended_xl,DOCX,DOCX,small,3,no_deinterleaving,UNKNOWN,0
XL-Synthetic_5_B__docx_small__lsb3.bmp,extended_xl,DOCX,DOCX,small,3,no_buffer,ZIP,0
XL-Synthetic_5_B__docx_small__lsb3.bmp,extended_xl,DOCX,DOCX,small,3,no_markers,ZIP,0
XL-Synthetic_5_B__exe_large__lsb1.bmp,extended_xl,EXE,EXE,large,1,full,EXE,1
XL-Synthetic_5_B__exe_large__lsb1.bmp,extended_xl,EXE,EXE,large,1,no_deinterleaving,EXE,1
XL-Synthetic_5_B__exe_large__lsb1.bmp,extended_xl,EXE,EXE,large,1,no_buffer,EXE,1
XL-Synthetic_5_B__exe_large__lsb1.bmp,extended_xl,EXE,EXE,large,1,no_markers,EXE,1
XL-Synthetic_5_B__exe_large__lsb2.bmp,extended_xl,EXE,EXE,large,2,full,EXE,1
XL-Synthetic_5_B__exe_large__lsb2.bmp,extended_xl,EXE,EXE,large,2,no_deinterleaving,UNKNOWN,0
XL-Synthetic_5_B__exe_large__lsb2.bmp,extended_xl,EXE,EXE,large,2,no_buffer,EXE,1
XL-Synthetic_5_B__exe_large__lsb2.bmp,extended_xl,EXE,EXE,large,2,no_markers,EXE,1
XL-Synthetic_5_B__exe_large__lsb3.bmp,extended_xl,EXE,EXE,large,3,full,EXE,1
XL-Synthetic_5_B__exe_large__lsb3.bmp,extended_xl,EXE,EXE,large,3,no_deinterleaving,UNKNOWN,0
XL-Synthetic_5_B__exe_large__lsb3.bmp,extended_xl,EXE,EXE,large,3,no_buffer,EXE,1
XL-Synthetic_5_B__exe_large__lsb3.bmp,extended_xl,EXE,EXE,large,3,no_markers,EXE,1
XL-Synthetic_5_B__exe_medium__lsb1.bmp,extended_xl,EXE,EXE,medium,1,full,EXE,1
XL-Synthetic_5_B__exe_medium__lsb1.bmp,extended_xl,EXE,EXE,medium,1,no_deinterleaving,EXE,1
XL-Synthetic_5_B__exe_medium__lsb1.bmp,extended_xl,EXE,EXE,medium,1,no_buffer,EXE,1
XL-Synthetic_5_B__exe_medium__lsb1.bmp,extended_xl,EXE,EXE,medium,1,no_markers,EXE,1
XL-Synthetic_5_B__exe_medium__lsb2.bmp,extended_xl,EXE,EXE,medium,2,full,EXE,1
XL-Synthetic_5_B__exe_medium__lsb2.bmp,extended_xl,EXE,EXE,medium,2,no_deinterleaving,UNKNOWN,0
XL-Synthetic_5_B__exe_medium__lsb2.bmp,extended_xl,EXE,EXE,medium,2,no_buffer,EXE,1
XL-Synthetic_5_B__exe_medium__lsb2.bmp,extended_xl,EXE,EXE,medium,2,no_markers,EXE,1
XL-Synthetic_5_B__exe_medium__lsb3.bmp,extended_xl,EXE,EXE,medium,3,full,EXE,1
XL-Synthetic_5_B__exe_medium__lsb3.bmp,extended_xl,EXE,EXE,medium,3,no_deinterleaving,UNKNOWN,0
XL-Synthetic_5_B__exe_medium__lsb3.bmp,extended_xl,EXE,EXE,medium,3,no_buffer,EXE,1
XL-Synthetic_5_B__exe_medium__lsb3.bmp,extended_xl,EXE,EXE,medium,3,no_markers,EXE,1
XL-Synthetic_5_B__exe_small__lsb1.bmp,extended_xl,EXE,EXE,small,1,full,EXE,1
XL-Synthetic_5_B__exe_small__lsb1.bmp,extended_xl,EXE,EXE,small,1,no_deinterleaving,EXE,1
XL-Synthetic_5_B__exe_small__lsb1.bmp,extended_xl,EXE,EXE,small,1,no_buffer,EXE,1
XL-Synthetic_5_B__exe_small__lsb1.bmp,extended_xl,EXE,EXE,small,1,no_markers,EXE,1
XL-Synthetic_5_B__exe_small__lsb2.bmp,extended_xl,EXE,EXE,small,2,full,EXE,1
XL-Synthetic_5_B__exe_small__lsb2.bmp,extended_xl,EXE,EXE,small,2,no_deinterleaving,UNKNOWN,0
XL-Synthetic_5_B__exe_small__lsb2.bmp,extended_xl,EXE,EXE,small,2,no_buffer,EXE,1
XL-Synthetic_5_B__exe_small__lsb2.bmp,extended_xl,EXE,EXE,small,2,no_markers,EXE,1
XL-Synthetic_5_B__exe_small__lsb3.bmp,extended_xl,EXE,EXE,small,3,full,EXE,1
XL-Synthetic_5_B__exe_small__lsb3.bmp,extended_xl,EXE,EXE,small,3,no_deinterleaving,UNKNOWN,0
XL-Synthetic_5_B__exe_small__lsb3.bmp,extended_xl,EXE,EXE,small,3,no_buffer,EXE,1
XL-Synthetic_5_B__exe_small__lsb3.bmp,extended_xl,EXE,EXE,small,3,no_markers,EXE,1
XL-Synthetic_5_B__pdf_large__lsb1.bmp,extended_xl,PDF,PDF,large,1,full,PDF,1
XL-Synthetic_5_B__pdf_large__lsb1.bmp,extended_xl,PDF,PDF,large,1,no_deinterleaving,PDF,1
XL-Synthetic_5_B__pdf_large__lsb1.bmp,extended_xl,PDF,PDF,large,1,no_buffer,PDF,1
XL-Synthetic_5_B__pdf_large__lsb1.bmp,extended_xl,PDF,PDF,large,1,no_markers,PDF,1
XL-Synthetic_5_B__pdf_large__lsb2.bmp,extended_xl,PDF,PDF,large,2,full,PDF,1
XL-Synthetic_5_B__pdf_large__lsb2.bmp,extended_xl,PDF,PDF,large,2,no_deinterleaving,UNKNOWN,0
XL-Synthetic_5_B__pdf_large__lsb2.bmp,extended_xl,PDF,PDF,large,2,no_buffer,PDF,1
XL-Synthetic_5_B__pdf_large__lsb2.bmp,extended_xl,PDF,PDF,large,2,no_markers,PDF,1
XL-Synthetic_5_B__pdf_large__lsb3.bmp,extended_xl,PDF,PDF,large,3,full,PDF,1
XL-Synthetic_5_B__pdf_large__lsb3.bmp,extended_xl,PDF,PDF,large,3,no_deinterleaving,UNKNOWN,0
XL-Synthetic_5_B__pdf_large__lsb3.bmp,extended_xl,PDF,PDF,large,3,no_buffer,PDF,1
XL-Synthetic_5_B__pdf_large__lsb3.bmp,extended_xl,PDF,PDF,large,3,no_markers,PDF,1
XL-Synthetic_5_B__pdf_medium__lsb1.bmp,extended_xl,PDF,PDF,medium,1,full,PDF,1
XL-Synthetic_5_B__pdf_medium__lsb1.bmp,extended_xl,PDF,PDF,medium,1,no_deinterleaving,PDF,1
XL-Synthetic_5_B__pdf_medium__lsb1.bmp,extended_xl,PDF,PDF,medium,1,no_buffer,PDF,1
XL-Synthetic_5_B__pdf_medium__lsb1.bmp,extended_xl,PDF,PDF,medium,1,no_markers,PDF,1
XL-Synthetic_5_B__pdf_medium__lsb2.bmp,extended_xl,PDF,PDF,medium,2,full,PDF,1
XL-Synthetic_5_B__pdf_medium__lsb2.bmp,extended_xl,PDF,PDF,medium,2,no_deinterleaving,UNKNOWN,0
XL-Synthetic_5_B__pdf_medium__lsb2.bmp,extended_xl,PDF,PDF,medium,2,no_buffer,PDF,1
XL-Synthetic_5_B__pdf_medium__lsb2.bmp,extended_xl,PDF,PDF,medium,2,no_markers,PDF,1
XL-Synthetic_5_B__pdf_medium__lsb3.bmp,extended_xl,PDF,PDF,medium,3,full,PDF,1
XL-Synthetic_5_B__pdf_medium__lsb3.bmp,extended_xl,PDF,PDF,medium,3,no_deinterleaving,UNKNOWN,0
XL-Synthetic_5_B__pdf_medium__lsb3.bmp,extended_xl,PDF,PDF,medium,3,no_buffer,PDF,1
XL-Synthetic_5_B__pdf_medium__lsb3.bmp,extended_xl,PDF,PDF,medium,3,no_markers,PDF,1
XL-Synthetic_5_B__pdf_small__lsb1.bmp,extended_xl,PDF,PDF,small,1,full,PDF,1
XL-Synthetic_5_B__pdf_small__lsb1.bmp,extended_xl,PDF,PDF,small,1,no_deinterleaving,PDF,1
XL-Synthetic_5_B__pdf_small__lsb1.bmp,extended_xl,PDF,PDF,small,1,no_buffer,PDF,1
XL-Synthetic_5_B__pdf_small__lsb1.bmp,extended_xl,PDF,PDF,small,1,no_markers,PDF,1
XL-Synthetic_5_B__pdf_small__lsb2.bmp,extended_xl,PDF,PDF,small,2,full,PDF,1
XL-Synthetic_5_B__pdf_small__lsb2.bmp,extended_xl,PDF,PDF,small,2,no_deinterleaving,UNKNOWN,0
XL-Synthetic_5_B__pdf_small__lsb2.bmp,extended_xl,PDF,PDF,small,2,no_buffer,PDF,1
XL-Synthetic_5_B__pdf_small__lsb2.bmp,extended_xl,PDF,PDF,small,2,no_markers,PDF,1
XL-Synthetic_5_B__pdf_small__lsb3.bmp,extended_xl,PDF,PDF,small,3,full,PDF,1
XL-Synthetic_5_B__pdf_small__lsb3.bmp,extended_xl,PDF,PDF,small,3,no_deinterleaving,UNKNOWN,0
XL-Synthetic_5_B__pdf_small__lsb3.bmp,extended_xl,PDF,PDF,small,3,no_buffer,PDF,1
XL-Synthetic_5_B__pdf_small__lsb3.bmp,extended_xl,PDF,PDF,small,3,no_markers,PDF,1
XL-Synthetic_5_B__pptx_large__lsb1.bmp,extended_xl,PPTX,PPTX,large,1,full,PPTX,1
XL-Synthetic_5_B__pptx_large__lsb1.bmp,extended_xl,PPTX,PPTX,large,1,no_deinterleaving,PPTX,1
XL-Synthetic_5_B__pptx_large__lsb1.bmp,extended_xl,PPTX,PPTX,large,1,no_buffer,ZIP,0
XL-Synthetic_5_B__pptx_large__lsb1.bmp,extended_xl,PPTX,PPTX,large,1,no_markers,ZIP,0
XL-Synthetic_5_B__pptx_large__lsb2.bmp,extended_xl,PPTX,PPTX,large,2,full,PPTX,1
XL-Synthetic_5_B__pptx_large__lsb2.bmp,extended_xl,PPTX,PPTX,large,2,no_deinterleaving,UNKNOWN,0
XL-Synthetic_5_B__pptx_large__lsb2.bmp,extended_xl,PPTX,PPTX,large,2,no_buffer,ZIP,0
XL-Synthetic_5_B__pptx_large__lsb2.bmp,extended_xl,PPTX,PPTX,large,2,no_markers,ZIP,0
XL-Synthetic_5_B__pptx_large__lsb3.bmp,extended_xl,PPTX,PPTX,large,3,full,PPTX,1
XL-Synthetic_5_B__pptx_large__lsb3.bmp,extended_xl,PPTX,PPTX,large,3,no_deinterleaving,UNKNOWN,0
XL-Synthetic_5_B__pptx_large__lsb3.bmp,extended_xl,PPTX,PPTX,large,3,no_buffer,ZIP,0
XL-Synthetic_5_B__pptx_large__lsb3.bmp,extended_xl,PPTX,PPTX,large,3,no_markers,ZIP,0
XL-Synthetic_5_B__pptx_medium__lsb1.bmp,extended_xl,PPTX,PPTX,medium,1,full,PPTX,1
XL-Synthetic_5_B__pptx_medium__lsb1.bmp,extended_xl,PPTX,PPTX,medium,1,no_deinterleaving,PPTX,1
XL-Synthetic_5_B__pptx_medium__lsb1.bmp,extended_xl,PPTX,PPTX,medium,1,no_buffer,ZIP,0
XL-Synthetic_5_B__pptx_medium__lsb1.bmp,extended_xl,PPTX,PPTX,medium,1,no_markers,ZIP,0
XL-Synthetic_5_B__pptx_medium__lsb2.bmp,extended_xl,PPTX,PPTX,medium,2,full,PPTX,1
XL-Synthetic_5_B__pptx_medium__lsb2.bmp,extended_xl,PPTX,PPTX,medium,2,no_deinterleaving,UNKNOWN,0
XL-Synthetic_5_B__pptx_medium__lsb2.bmp,extended_xl,PPTX,PPTX,medium,2,no_buffer,ZIP,0
XL-Synthetic_5_B__pptx_medium__lsb2.bmp,extended_xl,PPTX,PPTX,medium,2,no_markers,ZIP,0
XL-Synthetic_5_B__pptx_medium__lsb3.bmp,extended_xl,PPTX,PPTX,medium,3,full,PPTX,1
XL-Synthetic_5_B__pptx_medium__lsb3.bmp,extended_xl,PPTX,PPTX,medium,3,no_deinterleaving,UNKNOWN,0
XL-Synthetic_5_B__pptx_medium__lsb3.bmp,extended_xl,PPTX,PPTX,medium,3,no_buffer,ZIP,0
XL-Synthetic_5_B__pptx_medium__lsb3.bmp,extended_xl,PPTX,PPTX,medium,3,no_markers,ZIP,0
XL-Synthetic_5_B__pptx_small__lsb1.bmp,extended_xl,PPTX,PPTX,small,1,full,PPTX,1
XL-Synthetic_5_B__pptx_small__lsb1.bmp,extended_xl,PPTX,PPTX,small,1,no_deinterleaving,PPTX,1
XL-Synthetic_5_B__pptx_small__lsb1.bmp,extended_xl,PPTX,PPTX,small,1,no_buffer,ZIP,0
XL-Synthetic_5_B__pptx_small__lsb1.bmp,extended_xl,PPTX,PPTX,small,1,no_markers,ZIP,0
XL-Synthetic_5_B__pptx_small__lsb2.bmp,extended_xl,PPTX,PPTX,small,2,full,PPTX,1
XL-Synthetic_5_B__pptx_small__lsb2.bmp,extended_xl,PPTX,PPTX,small,2,no_deinterleaving,UNKNOWN,0
XL-Synthetic_5_B__pptx_small__lsb2.bmp,extended_xl,PPTX,PPTX,small,2,no_buffer,ZIP,0
XL-Synthetic_5_B__pptx_small__lsb2.bmp,extended_xl,PPTX,PPTX,small,2,no_markers,ZIP,0
XL-Synthetic_5_B__pptx_small__lsb3.bmp,extended_xl,PPTX,PPTX,small,3,full,PPTX,1
XL-Synthetic_5_B__pptx_small__lsb3.bmp,extended_xl,PPTX,PPTX,small,3,no_deinterleaving,UNKNOWN,0
XL-Synthetic_5_B__pptx_small__lsb3.bmp,extended_xl,PPTX,PPTX,small,3,no_buffer,ZIP,0
XL-Synthetic_5_B__pptx_small__lsb3.bmp,extended_xl,PPTX,PPTX,small,3,no_markers,ZIP,0
XL-Synthetic_5_B__rtf_large__lsb1.bmp,extended_xl,RTF,RTF,large,1,full,RTF,1
XL-Synthetic_5_B__rtf_large__lsb1.bmp,extended_xl,RTF,RTF,large,1,no_deinterleaving,RTF,1
XL-Synthetic_5_B__rtf_large__lsb1.bmp,extended_xl,RTF,RTF,large,1,no_buffer,RTF,1
XL-Synthetic_5_B__rtf_large__lsb1.bmp,extended_xl,RTF,RTF,large,1,no_markers,RTF,1
XL-Synthetic_5_B__rtf_large__lsb2.bmp,extended_xl,RTF,RTF,large,2,full,RTF,1
XL-Synthetic_5_B__rtf_large__lsb2.bmp,extended_xl,RTF,RTF,large,2,no_deinterleaving,UNKNOWN,0
XL-Synthetic_5_B__rtf_large__lsb2.bmp,extended_xl,RTF,RTF,large,2,no_buffer,RTF,1
XL-Synthetic_5_B__rtf_large__lsb2.bmp,extended_xl,RTF,RTF,large,2,no_markers,RTF,1
XL-Synthetic_5_B__rtf_large__lsb3.bmp,extended_xl,RTF,RTF,large,3,full,RTF,1
XL-Synthetic_5_B__rtf_large__lsb3.bmp,extended_xl,RTF,RTF,large,3,no_deinterleaving,UNKNOWN,0
XL-Synthetic_5_B__rtf_large__lsb3.bmp,extended_xl,RTF,RTF,large,3,no_buffer,RTF,1
XL-Synthetic_5_B__rtf_large__lsb3.bmp,extended_xl,RTF,RTF,large,3,no_markers,RTF,1
XL-Synthetic_5_B__rtf_medium__lsb1.bmp,extended_xl,RTF,RTF,medium,1,full,RTF,1
XL-Synthetic_5_B__rtf_medium__lsb1.bmp,extended_xl,RTF,RTF,medium,1,no_deinterleaving,RTF,1
XL-Synthetic_5_B__rtf_medium__lsb1.bmp,extended_xl,RTF,RTF,medium,1,no_buffer,RTF,1
XL-Synthetic_5_B__rtf_medium__lsb1.bmp,extended_xl,RTF,RTF,medium,1,no_markers,RTF,1
XL-Synthetic_5_B__rtf_medium__lsb2.bmp,extended_xl,RTF,RTF,medium,2,full,RTF,1
XL-Synthetic_5_B__rtf_medium__lsb2.bmp,extended_xl,RTF,RTF,medium,2,no_deinterleaving,UNKNOWN,0
XL-Synthetic_5_B__rtf_medium__lsb2.bmp,extended_xl,RTF,RTF,medium,2,no_buffer,RTF,1
XL-Synthetic_5_B__rtf_medium__lsb2.bmp,extended_xl,RTF,RTF,medium,2,no_markers,RTF,1
XL-Synthetic_5_B__rtf_medium__lsb3.bmp,extended_xl,RTF,RTF,medium,3,full,RTF,1
XL-Synthetic_5_B__rtf_medium__lsb3.bmp,extended_xl,RTF,RTF,medium,3,no_deinterleaving,UNKNOWN,0
XL-Synthetic_5_B__rtf_medium__lsb3.bmp,extended_xl,RTF,RTF,medium,3,no_buffer,RTF,1
XL-Synthetic_5_B__rtf_medium__lsb3.bmp,extended_xl,RTF,RTF,medium,3,no_markers,RTF,1
XL-Synthetic_5_B__rtf_small__lsb1.bmp,extended_xl,RTF,RTF,small,1,full,RTF,1
XL-Synthetic_5_B__rtf_small__lsb1.bmp,extended_xl,RTF,RTF,small,1,no_deinterleaving,RTF,1
XL-Synthetic_5_B__rtf_small__lsb1.bmp,extended_xl,RTF,RTF,small,1,no_buffer,RTF,1
XL-Synthetic_5_B__rtf_small__lsb1.bmp,extended_xl,RTF,RTF,small,1,no_markers,RTF,1
XL-Synthetic_5_B__rtf_small__lsb2.bmp,extended_xl,RTF,RTF,small,2,full,RTF,1
XL-Synthetic_5_B__rtf_small__lsb2.bmp,extended_xl,RTF,RTF,small,2,no_deinterleaving,UNKNOWN,0
XL-Synthetic_5_B__rtf_small__lsb2.bmp,extended_xl,RTF,RTF,small,2,no_buffer,RTF,1
XL-Synthetic_5_B__rtf_small__lsb2.bmp,extended_xl,RTF,RTF,small,2,no_markers,RTF,1
XL-Synthetic_5_B__rtf_small__lsb3.bmp,extended_xl,RTF,RTF,small,3,full,RTF,1
XL-Synthetic_5_B__rtf_small__lsb3.bmp,extended_xl,RTF,RTF,small,3,no_deinterleaving,UNKNOWN,0
XL-Synthetic_5_B__rtf_small__lsb3.bmp,extended_xl,RTF,RTF,small,3,no_buffer,RTF,1
XL-Synthetic_5_B__rtf_small__lsb3.bmp,extended_xl,RTF,RTF,small,3,no_markers,RTF,1
XL-Synthetic_5_B__xlsx_large__lsb1.bmp,extended_xl,XLSX,XLSX,large,1,full,XLSX,1
XL-Synthetic_5_B__xlsx_large__lsb1.bmp,extended_xl,XLSX,XLSX,large,1,no_deinterleaving,XLSX,1
XL-Synthetic_5_B__xlsx_large__lsb1.bmp,extended_xl,XLSX,XLSX,large,1,no_buffer,ZIP,0
XL-Synthetic_5_B__xlsx_large__lsb1.bmp,extended_xl,XLSX,XLSX,large,1,no_markers,ZIP,0
XL-Synthetic_5_B__xlsx_large__lsb2.bmp,extended_xl,XLSX,XLSX,large,2,full,XLSX,1
XL-Synthetic_5_B__xlsx_large__lsb2.bmp,extended_xl,XLSX,XLSX,large,2,no_deinterleaving,UNKNOWN,0
XL-Synthetic_5_B__xlsx_large__lsb2.bmp,extended_xl,XLSX,XLSX,large,2,no_buffer,ZIP,0
XL-Synthetic_5_B__xlsx_large__lsb2.bmp,extended_xl,XLSX,XLSX,large,2,no_markers,ZIP,0
XL-Synthetic_5_B__xlsx_large__lsb3.bmp,extended_xl,XLSX,XLSX,large,3,full,XLSX,1
XL-Synthetic_5_B__xlsx_large__lsb3.bmp,extended_xl,XLSX,XLSX,large,3,no_deinterleaving,UNKNOWN,0
XL-Synthetic_5_B__xlsx_large__lsb3.bmp,extended_xl,XLSX,XLSX,large,3,no_buffer,ZIP,0
XL-Synthetic_5_B__xlsx_large__lsb3.bmp,extended_xl,XLSX,XLSX,large,3,no_markers,ZIP,0
XL-Synthetic_5_B__xlsx_medium__lsb1.bmp,extended_xl,XLSX,XLSX,medium,1,full,XLSX,1
XL-Synthetic_5_B__xlsx_medium__lsb1.bmp,extended_xl,XLSX,XLSX,medium,1,no_deinterleaving,XLSX,1
XL-Synthetic_5_B__xlsx_medium__lsb1.bmp,extended_xl,XLSX,XLSX,medium,1,no_buffer,ZIP,0
XL-Synthetic_5_B__xlsx_medium__lsb1.bmp,extended_xl,XLSX,XLSX,medium,1,no_markers,ZIP,0
XL-Synthetic_5_B__xlsx_medium__lsb2.bmp,extended_xl,XLSX,XLSX,medium,2,full,XLSX,1
XL-Synthetic_5_B__xlsx_medium__lsb2.bmp,extended_xl,XLSX,XLSX,medium,2,no_deinterleaving,UNKNOWN,0
XL-Synthetic_5_B__xlsx_medium__lsb2.bmp,extended_xl,XLSX,XLSX,medium,2,no_buffer,ZIP,0
XL-Synthetic_5_B__xlsx_medium__lsb2.bmp,extended_xl,XLSX,XLSX,medium,2,no_markers,ZIP,0
XL-Synthetic_5_B__xlsx_medium__lsb3.bmp,extended_xl,XLSX,XLSX,medium,3,full,XLSX,1
XL-Synthetic_5_B__xlsx_medium__lsb3.bmp,extended_xl,XLSX,XLSX,medium,3,no_deinterleaving,UNKNOWN,0
XL-Synthetic_5_B__xlsx_medium__lsb3.bmp,extended_xl,XLSX,XLSX,medium,3,no_buffer,ZIP,0
XL-Synthetic_5_B__xlsx_medium__lsb3.bmp,extended_xl,XLSX,XLSX,medium,3,no_markers,ZIP,0
XL-Synthetic_5_B__xlsx_small__lsb1.bmp,extended_xl,XLSX,XLSX,small,1,full,XLSX,1
XL-Synthetic_5_B__xlsx_small__lsb1.bmp,extended_xl,XLSX,XLSX,small,1,no_deinterleaving,XLSX,1
XL-Synthetic_5_B__xlsx_small__lsb1.bmp,extended_xl,XLSX,XLSX,small,1,no_buffer,ZIP,0
XL-Synthetic_5_B__xlsx_small__lsb1.bmp,extended_xl,XLSX,XLSX,small,1,no_markers,ZIP,0
XL-Synthetic_5_B__xlsx_small__lsb2.bmp,extended_xl,XLSX,XLSX,small,2,full,XLSX,1
XL-Synthetic_5_B__xlsx_small__lsb2.bmp,extended_xl,XLSX,XLSX,small,2,no_deinterleaving,UNKNOWN,0
XL-Synthetic_5_B__xlsx_small__lsb2.bmp,extended_xl,XLSX,XLSX,small,2,no_buffer,ZIP,0
XL-Synthetic_5_B__xlsx_small__lsb2.bmp,extended_xl,XLSX,XLSX,small,2,no_markers,ZIP,0
XL-Synthetic_5_B__xlsx_small__lsb3.bmp,extended_xl,XLSX,XLSX,small,3,full,XLSX,1
XL-Synthetic_5_B__xlsx_small__lsb3.bmp,extended_xl,XLSX,XLSX,small,3,no_deinterleaving,UNKNOWN,0
XL-Synthetic_5_B__xlsx_small__lsb3.bmp,extended_xl,XLSX,XLSX,small,3,no_buffer,ZIP,0
XL-Synthetic_5_B__xlsx_small__lsb3.bmp,extended_xl,XLSX,XLSX,small,3,no_markers,ZIP,0
XL-Synthetic_5_P__docx_large__lsb3.png,extended_xl,DOCX,DOCX,large,3,full,DOCX,1
XL-Synthetic_5_P__docx_large__lsb3.png,extended_xl,DOCX,DOCX,large,3,no_deinterleaving,UNKNOWN,0
XL-Synthetic_5_P__docx_large__lsb3.png,extended_xl,DOCX,DOCX,large,3,no_buffer,ZIP,0
XL-Synthetic_5_P__docx_large__lsb3.png,extended_xl,DOCX,DOCX,large,3,no_markers,ZIP,0
XL-Synthetic_5_P__docx_medium__lsb2.png,extended_xl,DOCX,DOCX,medium,2,full,DOCX,1
XL-Synthetic_5_P__docx_medium__lsb2.png,extended_xl,DOCX,DOCX,medium,2,no_deinterleaving,UNKNOWN,0
XL-Synthetic_5_P__docx_medium__lsb2.png,extended_xl,DOCX,DOCX,medium,2,no_buffer,ZIP,0
XL-Synthetic_5_P__docx_medium__lsb2.png,extended_xl,DOCX,DOCX,medium,2,no_markers,ZIP,0
XL-Synthetic_5_P__docx_medium__lsb3.png,extended_xl,DOCX,DOCX,medium,3,full,DOCX,1
XL-Synthetic_5_P__docx_medium__lsb3.png,extended_xl,DOCX,DOCX,medium,3,no_deinterleaving,UNKNOWN,0
XL-Synthetic_5_P__docx_medium__lsb3.png,extended_xl,DOCX,DOCX,medium,3,no_buffer,ZIP,0
XL-Synthetic_5_P__docx_medium__lsb3.png,extended_xl,DOCX,DOCX,medium,3,no_markers,ZIP,0
XL-Synthetic_5_P__docx_small__lsb1.png,extended_xl,DOCX,DOCX,small,1,full,DOCX,1
XL-Synthetic_5_P__docx_small__lsb1.png,extended_xl,DOCX,DOCX,small,1,no_deinterleaving,DOCX,1
XL-Synthetic_5_P__docx_small__lsb1.png,extended_xl,DOCX,DOCX,small,1,no_buffer,ZIP,0
XL-Synthetic_5_P__docx_small__lsb1.png,extended_xl,DOCX,DOCX,small,1,no_markers,ZIP,0
XL-Synthetic_5_P__docx_small__lsb2.png,extended_xl,DOCX,DOCX,small,2,full,DOCX,1
XL-Synthetic_5_P__docx_small__lsb2.png,extended_xl,DOCX,DOCX,small,2,no_deinterleaving,UNKNOWN,0
XL-Synthetic_5_P__docx_small__lsb2.png,extended_xl,DOCX,DOCX,small,2,no_buffer,ZIP,0
XL-Synthetic_5_P__docx_small__lsb2.png,extended_xl,DOCX,DOCX,small,2,no_markers,ZIP,0
XL-Synthetic_5_P__docx_small__lsb3.png,extended_xl,DOCX,DOCX,small,3,full,DOCX,1
XL-Synthetic_5_P__docx_small__lsb3.png,extended_xl,DOCX,DOCX,small,3,no_deinterleaving,UNKNOWN,0
XL-Synthetic_5_P__docx_small__lsb3.png,extended_xl,DOCX,DOCX,small,3,no_buffer,ZIP,0
XL-Synthetic_5_P__docx_small__lsb3.png,extended_xl,DOCX,DOCX,small,3,no_markers,ZIP,0
XL-Synthetic_5_P__exe_large__lsb3.png,extended_xl,EXE,EXE,large,3,full,EXE,1
XL-Synthetic_5_P__exe_large__lsb3.png,extended_xl,EXE,EXE,large,3,no_deinterleaving,UNKNOWN,0
XL-Synthetic_5_P__exe_large__lsb3.png,extended_xl,EXE,EXE,large,3,no_buffer,EXE,1
XL-Synthetic_5_P__exe_large__lsb3.png,extended_xl,EXE,EXE,large,3,no_markers,EXE,1
XL-Synthetic_5_P__exe_medium__lsb2.png,extended_xl,EXE,EXE,medium,2,full,EXE,1
XL-Synthetic_5_P__exe_medium__lsb2.png,extended_xl,EXE,EXE,medium,2,no_deinterleaving,UNKNOWN,0
XL-Synthetic_5_P__exe_medium__lsb2.png,extended_xl,EXE,EXE,medium,2,no_buffer,EXE,1
XL-Synthetic_5_P__exe_medium__lsb2.png,extended_xl,EXE,EXE,medium,2,no_markers,EXE,1
XL-Synthetic_5_P__exe_medium__lsb3.png,extended_xl,EXE,EXE,medium,3,full,EXE,1
XL-Synthetic_5_P__exe_medium__lsb3.png,extended_xl,EXE,EXE,medium,3,no_deinterleaving,UNKNOWN,0
XL-Synthetic_5_P__exe_medium__lsb3.png,extended_xl,EXE,EXE,medium,3,no_buffer,EXE,1
XL-Synthetic_5_P__exe_medium__lsb3.png,extended_xl,EXE,EXE,medium,3,no_markers,EXE,1
XL-Synthetic_5_P__exe_small__lsb1.png,extended_xl,EXE,EXE,small,1,full,EXE,1
XL-Synthetic_5_P__exe_small__lsb1.png,extended_xl,EXE,EXE,small,1,no_deinterleaving,EXE,1
XL-Synthetic_5_P__exe_small__lsb1.png,extended_xl,EXE,EXE,small,1,no_buffer,EXE,1
XL-Synthetic_5_P__exe_small__lsb1.png,extended_xl,EXE,EXE,small,1,no_markers,EXE,1
XL-Synthetic_5_P__exe_small__lsb2.png,extended_xl,EXE,EXE,small,2,full,EXE,1
XL-Synthetic_5_P__exe_small__lsb2.png,extended_xl,EXE,EXE,small,2,no_deinterleaving,UNKNOWN,0
XL-Synthetic_5_P__exe_small__lsb2.png,extended_xl,EXE,EXE,small,2,no_buffer,EXE,1
XL-Synthetic_5_P__exe_small__lsb2.png,extended_xl,EXE,EXE,small,2,no_markers,EXE,1
XL-Synthetic_5_P__exe_small__lsb3.png,extended_xl,EXE,EXE,small,3,full,EXE,1
XL-Synthetic_5_P__exe_small__lsb3.png,extended_xl,EXE,EXE,small,3,no_deinterleaving,UNKNOWN,0
XL-Synthetic_5_P__exe_small__lsb3.png,extended_xl,EXE,EXE,small,3,no_buffer,EXE,1
XL-Synthetic_5_P__exe_small__lsb3.png,extended_xl,EXE,EXE,small,3,no_markers,EXE,1
XL-Synthetic_5_P__pdf_large__lsb3.png,extended_xl,PDF,PDF,large,3,full,PDF,1
XL-Synthetic_5_P__pdf_large__lsb3.png,extended_xl,PDF,PDF,large,3,no_deinterleaving,UNKNOWN,0
XL-Synthetic_5_P__pdf_large__lsb3.png,extended_xl,PDF,PDF,large,3,no_buffer,PDF,1
XL-Synthetic_5_P__pdf_large__lsb3.png,extended_xl,PDF,PDF,large,3,no_markers,PDF,1
XL-Synthetic_5_P__pdf_medium__lsb2.png,extended_xl,PDF,PDF,medium,2,full,PDF,1
XL-Synthetic_5_P__pdf_medium__lsb2.png,extended_xl,PDF,PDF,medium,2,no_deinterleaving,UNKNOWN,0
XL-Synthetic_5_P__pdf_medium__lsb2.png,extended_xl,PDF,PDF,medium,2,no_buffer,PDF,1
XL-Synthetic_5_P__pdf_medium__lsb2.png,extended_xl,PDF,PDF,medium,2,no_markers,PDF,1
XL-Synthetic_5_P__pdf_medium__lsb3.png,extended_xl,PDF,PDF,medium,3,full,PDF,1
XL-Synthetic_5_P__pdf_medium__lsb3.png,extended_xl,PDF,PDF,medium,3,no_deinterleaving,UNKNOWN,0
XL-Synthetic_5_P__pdf_medium__lsb3.png,extended_xl,PDF,PDF,medium,3,no_buffer,PDF,1
XL-Synthetic_5_P__pdf_medium__lsb3.png,extended_xl,PDF,PDF,medium,3,no_markers,PDF,1
XL-Synthetic_5_P__pdf_small__lsb1.png,extended_xl,PDF,PDF,small,1,full,PDF,1
XL-Synthetic_5_P__pdf_small__lsb1.png,extended_xl,PDF,PDF,small,1,no_deinterleaving,PDF,1
XL-Synthetic_5_P__pdf_small__lsb1.png,extended_xl,PDF,PDF,small,1,no_buffer,PDF,1
XL-Synthetic_5_P__pdf_small__lsb1.png,extended_xl,PDF,PDF,small,1,no_markers,PDF,1
XL-Synthetic_5_P__pdf_small__lsb2.png,extended_xl,PDF,PDF,small,2,full,PDF,1
XL-Synthetic_5_P__pdf_small__lsb2.png,extended_xl,PDF,PDF,small,2,no_deinterleaving,UNKNOWN,0
XL-Synthetic_5_P__pdf_small__lsb2.png,extended_xl,PDF,PDF,small,2,no_buffer,PDF,1
XL-Synthetic_5_P__pdf_small__lsb2.png,extended_xl,PDF,PDF,small,2,no_markers,PDF,1
XL-Synthetic_5_P__pdf_small__lsb3.png,extended_xl,PDF,PDF,small,3,full,PDF,1
XL-Synthetic_5_P__pdf_small__lsb3.png,extended_xl,PDF,PDF,small,3,no_deinterleaving,UNKNOWN,0
XL-Synthetic_5_P__pdf_small__lsb3.png,extended_xl,PDF,PDF,small,3,no_buffer,PDF,1
XL-Synthetic_5_P__pdf_small__lsb3.png,extended_xl,PDF,PDF,small,3,no_markers,PDF,1
XL-Synthetic_5_P__pptx_large__lsb3.png,extended_xl,PPTX,PPTX,large,3,full,PPTX,1
XL-Synthetic_5_P__pptx_large__lsb3.png,extended_xl,PPTX,PPTX,large,3,no_deinterleaving,UNKNOWN,0
XL-Synthetic_5_P__pptx_large__lsb3.png,extended_xl,PPTX,PPTX,large,3,no_buffer,ZIP,0
XL-Synthetic_5_P__pptx_large__lsb3.png,extended_xl,PPTX,PPTX,large,3,no_markers,ZIP,0
XL-Synthetic_5_P__pptx_medium__lsb2.png,extended_xl,PPTX,PPTX,medium,2,full,PPTX,1
XL-Synthetic_5_P__pptx_medium__lsb2.png,extended_xl,PPTX,PPTX,medium,2,no_deinterleaving,UNKNOWN,0
XL-Synthetic_5_P__pptx_medium__lsb2.png,extended_xl,PPTX,PPTX,medium,2,no_buffer,ZIP,0
XL-Synthetic_5_P__pptx_medium__lsb2.png,extended_xl,PPTX,PPTX,medium,2,no_markers,ZIP,0
XL-Synthetic_5_P__pptx_medium__lsb3.png,extended_xl,PPTX,PPTX,medium,3,full,PPTX,1
XL-Synthetic_5_P__pptx_medium__lsb3.png,extended_xl,PPTX,PPTX,medium,3,no_deinterleaving,UNKNOWN,0
XL-Synthetic_5_P__pptx_medium__lsb3.png,extended_xl,PPTX,PPTX,medium,3,no_buffer,ZIP,0
XL-Synthetic_5_P__pptx_medium__lsb3.png,extended_xl,PPTX,PPTX,medium,3,no_markers,ZIP,0
XL-Synthetic_5_P__pptx_small__lsb1.png,extended_xl,PPTX,PPTX,small,1,full,PPTX,1
XL-Synthetic_5_P__pptx_small__lsb1.png,extended_xl,PPTX,PPTX,small,1,no_deinterleaving,PPTX,1
XL-Synthetic_5_P__pptx_small__lsb1.png,extended_xl,PPTX,PPTX,small,1,no_buffer,ZIP,0
XL-Synthetic_5_P__pptx_small__lsb1.png,extended_xl,PPTX,PPTX,small,1,no_markers,ZIP,0
XL-Synthetic_5_P__pptx_small__lsb2.png,extended_xl,PPTX,PPTX,small,2,full,PPTX,1
XL-Synthetic_5_P__pptx_small__lsb2.png,extended_xl,PPTX,PPTX,small,2,no_deinterleaving,UNKNOWN,0
XL-Synthetic_5_P__pptx_small__lsb2.png,extended_xl,PPTX,PPTX,small,2,no_buffer,ZIP,0
XL-Synthetic_5_P__pptx_small__lsb2.png,extended_xl,PPTX,PPTX,small,2,no_markers,ZIP,0
XL-Synthetic_5_P__pptx_small__lsb3.png,extended_xl,PPTX,PPTX,small,3,full,PPTX,1
XL-Synthetic_5_P__pptx_small__lsb3.png,extended_xl,PPTX,PPTX,small,3,no_deinterleaving,UNKNOWN,0
XL-Synthetic_5_P__pptx_small__lsb3.png,extended_xl,PPTX,PPTX,small,3,no_buffer,ZIP,0
XL-Synthetic_5_P__pptx_small__lsb3.png,extended_xl,PPTX,PPTX,small,3,no_markers,ZIP,0
XL-Synthetic_5_P__rtf_large__lsb3.png,extended_xl,RTF,RTF,large,3,full,RTF,1
XL-Synthetic_5_P__rtf_large__lsb3.png,extended_xl,RTF,RTF,large,3,no_deinterleaving,UNKNOWN,0
XL-Synthetic_5_P__rtf_large__lsb3.png,extended_xl,RTF,RTF,large,3,no_buffer,RTF,1
XL-Synthetic_5_P__rtf_large__lsb3.png,extended_xl,RTF,RTF,large,3,no_markers,RTF,1
XL-Synthetic_5_P__rtf_medium__lsb2.png,extended_xl,RTF,RTF,medium,2,full,RTF,1
XL-Synthetic_5_P__rtf_medium__lsb2.png,extended_xl,RTF,RTF,medium,2,no_deinterleaving,UNKNOWN,0
XL-Synthetic_5_P__rtf_medium__lsb2.png,extended_xl,RTF,RTF,medium,2,no_buffer,RTF,1
XL-Synthetic_5_P__rtf_medium__lsb2.png,extended_xl,RTF,RTF,medium,2,no_markers,RTF,1
XL-Synthetic_5_P__rtf_medium__lsb3.png,extended_xl,RTF,RTF,medium,3,full,RTF,1
XL-Synthetic_5_P__rtf_medium__lsb3.png,extended_xl,RTF,RTF,medium,3,no_deinterleaving,UNKNOWN,0
XL-Synthetic_5_P__rtf_medium__lsb3.png,extended_xl,RTF,RTF,medium,3,no_buffer,RTF,1
XL-Synthetic_5_P__rtf_medium__lsb3.png,extended_xl,RTF,RTF,medium,3,no_markers,RTF,1
XL-Synthetic_5_P__rtf_small__lsb1.png,extended_xl,RTF,RTF,small,1,full,RTF,1
XL-Synthetic_5_P__rtf_small__lsb1.png,extended_xl,RTF,RTF,small,1,no_deinterleaving,RTF,1
XL-Synthetic_5_P__rtf_small__lsb1.png,extended_xl,RTF,RTF,small,1,no_buffer,RTF,1
XL-Synthetic_5_P__rtf_small__lsb1.png,extended_xl,RTF,RTF,small,1,no_markers,RTF,1
XL-Synthetic_5_P__rtf_small__lsb2.png,extended_xl,RTF,RTF,small,2,full,RTF,1
XL-Synthetic_5_P__rtf_small__lsb2.png,extended_xl,RTF,RTF,small,2,no_deinterleaving,UNKNOWN,0
XL-Synthetic_5_P__rtf_small__lsb2.png,extended_xl,RTF,RTF,small,2,no_buffer,RTF,1
XL-Synthetic_5_P__rtf_small__lsb2.png,extended_xl,RTF,RTF,small,2,no_markers,RTF,1
XL-Synthetic_5_P__rtf_small__lsb3.png,extended_xl,RTF,RTF,small,3,full,RTF,1
XL-Synthetic_5_P__rtf_small__lsb3.png,extended_xl,RTF,RTF,small,3,no_deinterleaving,UNKNOWN,0
XL-Synthetic_5_P__rtf_small__lsb3.png,extended_xl,RTF,RTF,small,3,no_buffer,RTF,1
XL-Synthetic_5_P__rtf_small__lsb3.png,extended_xl,RTF,RTF,small,3,no_markers,RTF,1
XL-Synthetic_5_P__xlsx_large__lsb3.png,extended_xl,XLSX,XLSX,large,3,full,XLSX,1
XL-Synthetic_5_P__xlsx_large__lsb3.png,extended_xl,XLSX,XLSX,large,3,no_deinterleaving,UNKNOWN,0
XL-Synthetic_5_P__xlsx_large__lsb3.png,extended_xl,XLSX,XLSX,large,3,no_buffer,ZIP,0
XL-Synthetic_5_P__xlsx_large__lsb3.png,extended_xl,XLSX,XLSX,large,3,no_markers,ZIP,0
XL-Synthetic_5_P__xlsx_medium__lsb2.png,extended_xl,XLSX,XLSX,medium,2,full,XLSX,1
XL-Synthetic_5_P__xlsx_medium__lsb2.png,extended_xl,XLSX,XLSX,medium,2,no_deinterleaving,UNKNOWN,0
XL-Synthetic_5_P__xlsx_medium__lsb2.png,extended_xl,XLSX,XLSX,medium,2,no_buffer,ZIP,0
XL-Synthetic_5_P__xlsx_medium__lsb2.png,extended_xl,XLSX,XLSX,medium,2,no_markers,ZIP,0
XL-Synthetic_5_P__xlsx_medium__lsb3.png,extended_xl,XLSX,XLSX,medium,3,full,XLSX,1
XL-Synthetic_5_P__xlsx_medium__lsb3.png,extended_xl,XLSX,XLSX,medium,3,no_deinterleaving,UNKNOWN,0
XL-Synthetic_5_P__xlsx_medium__lsb3.png,extended_xl,XLSX,XLSX,medium,3,no_buffer,ZIP,0
XL-Synthetic_5_P__xlsx_medium__lsb3.png,extended_xl,XLSX,XLSX,medium,3,no_markers,ZIP,0
XL-Synthetic_5_P__xlsx_small__lsb1.png,extended_xl,XLSX,XLSX,small,1,full,XLSX,1
XL-Synthetic_5_P__xlsx_small__lsb1.png,extended_xl,XLSX,XLSX,small,1,no_deinterleaving,XLSX,1
XL-Synthetic_5_P__xlsx_small__lsb1.png,extended_xl,XLSX,XLSX,small,1,no_buffer,ZIP,0
XL-Synthetic_5_P__xlsx_small__lsb1.png,extended_xl,XLSX,XLSX,small,1,no_markers,ZIP,0
XL-Synthetic_5_P__xlsx_small__lsb2.png,extended_xl,XLSX,XLSX,small,2,full,XLSX,1
XL-Synthetic_5_P__xlsx_small__lsb2.png,extended_xl,XLSX,XLSX,small,2,no_deinterleaving,UNKNOWN,0
XL-Synthetic_5_P__xlsx_small__lsb2.png,extended_xl,XLSX,XLSX,small,2,no_buffer,ZIP,0
XL-Synthetic_5_P__xlsx_small__lsb2.png,extended_xl,XLSX,XLSX,small,2,no_markers,ZIP,0
XL-Synthetic_5_P__xlsx_small__lsb3.png,extended_xl,XLSX,XLSX,small,3,full,XLSX,1
XL-Synthetic_5_P__xlsx_small__lsb3.png,extended_xl,XLSX,XLSX,small,3,no_deinterleaving,UNKNOWN,0
XL-Synthetic_5_P__xlsx_small__lsb3.png,extended_xl,XLSX,XLSX,small,3,no_buffer,ZIP,0
XL-Synthetic_5_P__xlsx_small__lsb3.png,extended_xl,XLSX,XLSX,small,3,no_markers,ZIP,0
XL-Synthetic_6_B__docx_large__lsb1.bmp,extended_xl,DOCX,DOCX,large,1,full,DOCX,1
XL-Synthetic_6_B__docx_large__lsb1.bmp,extended_xl,DOCX,DOCX,large,1,no_deinterleaving,DOCX,1
XL-Synthetic_6_B__docx_large__lsb1.bmp,extended_xl,DOCX,DOCX,large,1,no_buffer,ZIP,0
XL-Synthetic_6_B__docx_large__lsb1.bmp,extended_xl,DOCX,DOCX,large,1,no_markers,ZIP,0
XL-Synthetic_6_B__docx_large__lsb2.bmp,extended_xl,DOCX,DOCX,large,2,full,DOCX,1
XL-Synthetic_6_B__docx_large__lsb2.bmp,extended_xl,DOCX,DOCX,large,2,no_deinterleaving,UNKNOWN,0
XL-Synthetic_6_B__docx_large__lsb2.bmp,extended_xl,DOCX,DOCX,large,2,no_buffer,ZIP,0
XL-Synthetic_6_B__docx_large__lsb2.bmp,extended_xl,DOCX,DOCX,large,2,no_markers,ZIP,0
XL-Synthetic_6_B__docx_large__lsb3.bmp,extended_xl,DOCX,DOCX,large,3,full,DOCX,1
XL-Synthetic_6_B__docx_large__lsb3.bmp,extended_xl,DOCX,DOCX,large,3,no_deinterleaving,UNKNOWN,0
XL-Synthetic_6_B__docx_large__lsb3.bmp,extended_xl,DOCX,DOCX,large,3,no_buffer,ZIP,0
XL-Synthetic_6_B__docx_large__lsb3.bmp,extended_xl,DOCX,DOCX,large,3,no_markers,ZIP,0
XL-Synthetic_6_B__docx_medium__lsb1.bmp,extended_xl,DOCX,DOCX,medium,1,full,DOCX,1
XL-Synthetic_6_B__docx_medium__lsb1.bmp,extended_xl,DOCX,DOCX,medium,1,no_deinterleaving,DOCX,1
XL-Synthetic_6_B__docx_medium__lsb1.bmp,extended_xl,DOCX,DOCX,medium,1,no_buffer,ZIP,0
XL-Synthetic_6_B__docx_medium__lsb1.bmp,extended_xl,DOCX,DOCX,medium,1,no_markers,ZIP,0
XL-Synthetic_6_B__docx_medium__lsb2.bmp,extended_xl,DOCX,DOCX,medium,2,full,DOCX,1
XL-Synthetic_6_B__docx_medium__lsb2.bmp,extended_xl,DOCX,DOCX,medium,2,no_deinterleaving,UNKNOWN,0
XL-Synthetic_6_B__docx_medium__lsb2.bmp,extended_xl,DOCX,DOCX,medium,2,no_buffer,ZIP,0
XL-Synthetic_6_B__docx_medium__lsb2.bmp,extended_xl,DOCX,DOCX,medium,2,no_markers,ZIP,0
XL-Synthetic_6_B__docx_medium__lsb3.bmp,extended_xl,DOCX,DOCX,medium,3,full,DOCX,1
XL-Synthetic_6_B__docx_medium__lsb3.bmp,extended_xl,DOCX,DOCX,medium,3,no_deinterleaving,UNKNOWN,0
XL-Synthetic_6_B__docx_medium__lsb3.bmp,extended_xl,DOCX,DOCX,medium,3,no_buffer,ZIP,0
XL-Synthetic_6_B__docx_medium__lsb3.bmp,extended_xl,DOCX,DOCX,medium,3,no_markers,ZIP,0
XL-Synthetic_6_B__docx_small__lsb1.bmp,extended_xl,DOCX,DOCX,small,1,full,DOCX,1
XL-Synthetic_6_B__docx_small__lsb1.bmp,extended_xl,DOCX,DOCX,small,1,no_deinterleaving,DOCX,1
XL-Synthetic_6_B__docx_small__lsb1.bmp,extended_xl,DOCX,DOCX,small,1,no_buffer,ZIP,0
XL-Synthetic_6_B__docx_small__lsb1.bmp,extended_xl,DOCX,DOCX,small,1,no_markers,ZIP,0
XL-Synthetic_6_B__docx_small__lsb2.bmp,extended_xl,DOCX,DOCX,small,2,full,DOCX,1
XL-Synthetic_6_B__docx_small__lsb2.bmp,extended_xl,DOCX,DOCX,small,2,no_deinterleaving,UNKNOWN,0
XL-Synthetic_6_B__docx_small__lsb2.bmp,extended_xl,DOCX,DOCX,small,2,no_buffer,ZIP,0
XL-Synthetic_6_B__docx_small__lsb2.bmp,extended_xl,DOCX,DOCX,small,2,no_markers,ZIP,0
XL-Synthetic_6_B__docx_small__lsb3.bmp,extended_xl,DOCX,DOCX,small,3,full,DOCX,1
XL-Synthetic_6_B__docx_small__lsb3.bmp,extended_xl,DOCX,DOCX,small,3,no_deinterleaving,UNKNOWN,0
XL-Synthetic_6_B__docx_small__lsb3.bmp,extended_xl,DOCX,DOCX,small,3,no_buffer,ZIP,0
XL-Synthetic_6_B__docx_small__lsb3.bmp,extended_xl,DOCX,DOCX,small,3,no_markers,ZIP,0
XL-Synthetic_6_B__exe_large__lsb1.bmp,extended_xl,EXE,EXE,large,1,full,EXE,1
XL-Synthetic_6_B__exe_large__lsb1.bmp,extended_xl,EXE,EXE,large,1,no_deinterleaving,EXE,1
XL-Synthetic_6_B__exe_large__lsb1.bmp,extended_xl,EXE,EXE,large,1,no_buffer,EXE,1
XL-Synthetic_6_B__exe_large__lsb1.bmp,extended_xl,EXE,EXE,large,1,no_markers,EXE,1
XL-Synthetic_6_B__exe_large__lsb2.bmp,extended_xl,EXE,EXE,large,2,full,EXE,1
XL-Synthetic_6_B__exe_large__lsb2.bmp,extended_xl,EXE,EXE,large,2,no_deinterleaving,UNKNOWN,0
XL-Synthetic_6_B__exe_large__lsb2.bmp,extended_xl,EXE,EXE,large,2,no_buffer,EXE,1
XL-Synthetic_6_B__exe_large__lsb2.bmp,extended_xl,EXE,EXE,large,2,no_markers,EXE,1
XL-Synthetic_6_B__exe_large__lsb3.bmp,extended_xl,EXE,EXE,large,3,full,EXE,1
XL-Synthetic_6_B__exe_large__lsb3.bmp,extended_xl,EXE,EXE,large,3,no_deinterleaving,UNKNOWN,0
XL-Synthetic_6_B__exe_large__lsb3.bmp,extended_xl,EXE,EXE,large,3,no_buffer,EXE,1
XL-Synthetic_6_B__exe_large__lsb3.bmp,extended_xl,EXE,EXE,large,3,no_markers,EXE,1
XL-Synthetic_6_B__exe_medium__lsb1.bmp,extended_xl,EXE,EXE,medium,1,full,EXE,1
XL-Synthetic_6_B__exe_medium__lsb1.bmp,extended_xl,EXE,EXE,medium,1,no_deinterleaving,EXE,1
XL-Synthetic_6_B__exe_medium__lsb1.bmp,extended_xl,EXE,EXE,medium,1,no_buffer,EXE,1
XL-Synthetic_6_B__exe_medium__lsb1.bmp,extended_xl,EXE,EXE,medium,1,no_markers,EXE,1
XL-Synthetic_6_B__exe_medium__lsb2.bmp,extended_xl,EXE,EXE,medium,2,full,EXE,1
XL-Synthetic_6_B__exe_medium__lsb2.bmp,extended_xl,EXE,EXE,medium,2,no_deinterleaving,UNKNOWN,0
XL-Synthetic_6_B__exe_medium__lsb2.bmp,extended_xl,EXE,EXE,medium,2,no_buffer,EXE,1
XL-Synthetic_6_B__exe_medium__lsb2.bmp,extended_xl,EXE,EXE,medium,2,no_markers,EXE,1
XL-Synthetic_6_B__exe_medium__lsb3.bmp,extended_xl,EXE,EXE,medium,3,full,EXE,1
XL-Synthetic_6_B__exe_medium__lsb3.bmp,extended_xl,EXE,EXE,medium,3,no_deinterleaving,UNKNOWN,0
XL-Synthetic_6_B__exe_medium__lsb3.bmp,extended_xl,EXE,EXE,medium,3,no_buffer,EXE,1
XL-Synthetic_6_B__exe_medium__lsb3.bmp,extended_xl,EXE,EXE,medium,3,no_markers,EXE,1
XL-Synthetic_6_B__exe_small__lsb1.bmp,extended_xl,EXE,EXE,small,1,full,EXE,1
XL-Synthetic_6_B__exe_small__lsb1.bmp,extended_xl,EXE,EXE,small,1,no_deinterleaving,EXE,1
XL-Synthetic_6_B__exe_small__lsb1.bmp,extended_xl,EXE,EXE,small,1,no_buffer,EXE,1
XL-Synthetic_6_B__exe_small__lsb1.bmp,extended_xl,EXE,EXE,small,1,no_markers,EXE,1
XL-Synthetic_6_B__exe_small__lsb2.bmp,extended_xl,EXE,EXE,small,2,full,EXE,1
XL-Synthetic_6_B__exe_small__lsb2.bmp,extended_xl,EXE,EXE,small,2,no_deinterleaving,UNKNOWN,0
XL-Synthetic_6_B__exe_small__lsb2.bmp,extended_xl,EXE,EXE,small,2,no_buffer,EXE,1
XL-Synthetic_6_B__exe_small__lsb2.bmp,extended_xl,EXE,EXE,small,2,no_markers,EXE,1
XL-Synthetic_6_B__exe_small__lsb3.bmp,extended_xl,EXE,EXE,small,3,full,EXE,1
XL-Synthetic_6_B__exe_small__lsb3.bmp,extended_xl,EXE,EXE,small,3,no_deinterleaving,UNKNOWN,0
XL-Synthetic_6_B__exe_small__lsb3.bmp,extended_xl,EXE,EXE,small,3,no_buffer,EXE,1
XL-Synthetic_6_B__exe_small__lsb3.bmp,extended_xl,EXE,EXE,small,3,no_markers,EXE,1
XL-Synthetic_6_B__pdf_large__lsb1.bmp,extended_xl,PDF,PDF,large,1,full,PDF,1
XL-Synthetic_6_B__pdf_large__lsb1.bmp,extended_xl,PDF,PDF,large,1,no_deinterleaving,PDF,1
XL-Synthetic_6_B__pdf_large__lsb1.bmp,extended_xl,PDF,PDF,large,1,no_buffer,PDF,1
XL-Synthetic_6_B__pdf_large__lsb1.bmp,extended_xl,PDF,PDF,large,1,no_markers,PDF,1
XL-Synthetic_6_B__pdf_large__lsb2.bmp,extended_xl,PDF,PDF,large,2,full,PDF,1
XL-Synthetic_6_B__pdf_large__lsb2.bmp,extended_xl,PDF,PDF,large,2,no_deinterleaving,UNKNOWN,0
XL-Synthetic_6_B__pdf_large__lsb2.bmp,extended_xl,PDF,PDF,large,2,no_buffer,PDF,1
XL-Synthetic_6_B__pdf_large__lsb2.bmp,extended_xl,PDF,PDF,large,2,no_markers,PDF,1
XL-Synthetic_6_B__pdf_large__lsb3.bmp,extended_xl,PDF,PDF,large,3,full,PDF,1
XL-Synthetic_6_B__pdf_large__lsb3.bmp,extended_xl,PDF,PDF,large,3,no_deinterleaving,UNKNOWN,0
XL-Synthetic_6_B__pdf_large__lsb3.bmp,extended_xl,PDF,PDF,large,3,no_buffer,PDF,1
XL-Synthetic_6_B__pdf_large__lsb3.bmp,extended_xl,PDF,PDF,large,3,no_markers,PDF,1
XL-Synthetic_6_B__pdf_medium__lsb1.bmp,extended_xl,PDF,PDF,medium,1,full,PDF,1
XL-Synthetic_6_B__pdf_medium__lsb1.bmp,extended_xl,PDF,PDF,medium,1,no_deinterleaving,PDF,1
XL-Synthetic_6_B__pdf_medium__lsb1.bmp,extended_xl,PDF,PDF,medium,1,no_buffer,PDF,1
XL-Synthetic_6_B__pdf_medium__lsb1.bmp,extended_xl,PDF,PDF,medium,1,no_markers,PDF,1
XL-Synthetic_6_B__pdf_medium__lsb2.bmp,extended_xl,PDF,PDF,medium,2,full,PDF,1
XL-Synthetic_6_B__pdf_medium__lsb2.bmp,extended_xl,PDF,PDF,medium,2,no_deinterleaving,UNKNOWN,0
XL-Synthetic_6_B__pdf_medium__lsb2.bmp,extended_xl,PDF,PDF,medium,2,no_buffer,PDF,1
XL-Synthetic_6_B__pdf_medium__lsb2.bmp,extended_xl,PDF,PDF,medium,2,no_markers,PDF,1
XL-Synthetic_6_B__pdf_medium__lsb3.bmp,extended_xl,PDF,PDF,medium,3,full,PDF,1
XL-Synthetic_6_B__pdf_medium__lsb3.bmp,extended_xl,PDF,PDF,medium,3,no_deinterleaving,UNKNOWN,0
XL-Synthetic_6_B__pdf_medium__lsb3.bmp,extended_xl,PDF,PDF,medium,3,no_buffer,PDF,1
XL-Synthetic_6_B__pdf_medium__lsb3.bmp,extended_xl,PDF,PDF,medium,3,no_markers,PDF,1
XL-Synthetic_6_B__pdf_small__lsb1.bmp,extended_xl,PDF,PDF,small,1,full,PDF,1
XL-Synthetic_6_B__pdf_small__lsb1.bmp,extended_xl,PDF,PDF,small,1,no_deinterleaving,PDF,1
XL-Synthetic_6_B__pdf_small__lsb1.bmp,extended_xl,PDF,PDF,small,1,no_buffer,PDF,1
XL-Synthetic_6_B__pdf_small__lsb1.bmp,extended_xl,PDF,PDF,small,1,no_markers,PDF,1
XL-Synthetic_6_B__pdf_small__lsb2.bmp,extended_xl,PDF,PDF,small,2,full,PDF,1
XL-Synthetic_6_B__pdf_small__lsb2.bmp,extended_xl,PDF,PDF,small,2,no_deinterleaving,UNKNOWN,0
XL-Synthetic_6_B__pdf_small__lsb2.bmp,extended_xl,PDF,PDF,small,2,no_buffer,PDF,1
XL-Synthetic_6_B__pdf_small__lsb2.bmp,extended_xl,PDF,PDF,small,2,no_markers,PDF,1
XL-Synthetic_6_B__pdf_small__lsb3.bmp,extended_xl,PDF,PDF,small,3,full,PDF,1
XL-Synthetic_6_B__pdf_small__lsb3.bmp,extended_xl,PDF,PDF,small,3,no_deinterleaving,UNKNOWN,0
XL-Synthetic_6_B__pdf_small__lsb3.bmp,extended_xl,PDF,PDF,small,3,no_buffer,PDF,1
XL-Synthetic_6_B__pdf_small__lsb3.bmp,extended_xl,PDF,PDF,small,3,no_markers,PDF,1
XL-Synthetic_6_B__pptx_large__lsb1.bmp,extended_xl,PPTX,PPTX,large,1,full,PPTX,1
XL-Synthetic_6_B__pptx_large__lsb1.bmp,extended_xl,PPTX,PPTX,large,1,no_deinterleaving,PPTX,1
XL-Synthetic_6_B__pptx_large__lsb1.bmp,extended_xl,PPTX,PPTX,large,1,no_buffer,ZIP,0
XL-Synthetic_6_B__pptx_large__lsb1.bmp,extended_xl,PPTX,PPTX,large,1,no_markers,ZIP,0
XL-Synthetic_6_B__pptx_large__lsb2.bmp,extended_xl,PPTX,PPTX,large,2,full,PPTX,1
XL-Synthetic_6_B__pptx_large__lsb2.bmp,extended_xl,PPTX,PPTX,large,2,no_deinterleaving,UNKNOWN,0
XL-Synthetic_6_B__pptx_large__lsb2.bmp,extended_xl,PPTX,PPTX,large,2,no_buffer,ZIP,0
XL-Synthetic_6_B__pptx_large__lsb2.bmp,extended_xl,PPTX,PPTX,large,2,no_markers,ZIP,0
XL-Synthetic_6_B__pptx_large__lsb3.bmp,extended_xl,PPTX,PPTX,large,3,full,PPTX,1
XL-Synthetic_6_B__pptx_large__lsb3.bmp,extended_xl,PPTX,PPTX,large,3,no_deinterleaving,UNKNOWN,0
XL-Synthetic_6_B__pptx_large__lsb3.bmp,extended_xl,PPTX,PPTX,large,3,no_buffer,ZIP,0
XL-Synthetic_6_B__pptx_large__lsb3.bmp,extended_xl,PPTX,PPTX,large,3,no_markers,ZIP,0
XL-Synthetic_6_B__pptx_medium__lsb1.bmp,extended_xl,PPTX,PPTX,medium,1,full,PPTX,1
XL-Synthetic_6_B__pptx_medium__lsb1.bmp,extended_xl,PPTX,PPTX,medium,1,no_deinterleaving,PPTX,1
XL-Synthetic_6_B__pptx_medium__lsb1.bmp,extended_xl,PPTX,PPTX,medium,1,no_buffer,ZIP,0
XL-Synthetic_6_B__pptx_medium__lsb1.bmp,extended_xl,PPTX,PPTX,medium,1,no_markers,ZIP,0
XL-Synthetic_6_B__pptx_medium__lsb2.bmp,extended_xl,PPTX,PPTX,medium,2,full,PPTX,1
XL-Synthetic_6_B__pptx_medium__lsb2.bmp,extended_xl,PPTX,PPTX,medium,2,no_deinterleaving,UNKNOWN,0
XL-Synthetic_6_B__pptx_medium__lsb2.bmp,extended_xl,PPTX,PPTX,medium,2,no_buffer,ZIP,0
XL-Synthetic_6_B__pptx_medium__lsb2.bmp,extended_xl,PPTX,PPTX,medium,2,no_markers,ZIP,0
XL-Synthetic_6_B__pptx_medium__lsb3.bmp,extended_xl,PPTX,PPTX,medium,3,full,PPTX,1
XL-Synthetic_6_B__pptx_medium__lsb3.bmp,extended_xl,PPTX,PPTX,medium,3,no_deinterleaving,UNKNOWN,0
XL-Synthetic_6_B__pptx_medium__lsb3.bmp,extended_xl,PPTX,PPTX,medium,3,no_buffer,ZIP,0
XL-Synthetic_6_B__pptx_medium__lsb3.bmp,extended_xl,PPTX,PPTX,medium,3,no_markers,ZIP,0
XL-Synthetic_6_B__pptx_small__lsb1.bmp,extended_xl,PPTX,PPTX,small,1,full,PPTX,1
XL-Synthetic_6_B__pptx_small__lsb1.bmp,extended_xl,PPTX,PPTX,small,1,no_deinterleaving,PPTX,1
XL-Synthetic_6_B__pptx_small__lsb1.bmp,extended_xl,PPTX,PPTX,small,1,no_buffer,ZIP,0
XL-Synthetic_6_B__pptx_small__lsb1.bmp,extended_xl,PPTX,PPTX,small,1,no_markers,ZIP,0
XL-Synthetic_6_B__pptx_small__lsb2.bmp,extended_xl,PPTX,PPTX,small,2,full,PPTX,1
XL-Synthetic_6_B__pptx_small__lsb2.bmp,extended_xl,PPTX,PPTX,small,2,no_deinterleaving,UNKNOWN,0
XL-Synthetic_6_B__pptx_small__lsb2.bmp,extended_xl,PPTX,PPTX,small,2,no_buffer,ZIP,0
XL-Synthetic_6_B__pptx_small__lsb2.bmp,extended_xl,PPTX,PPTX,small,2,no_markers,ZIP,0
XL-Synthetic_6_B__pptx_small__lsb3.bmp,extended_xl,PPTX,PPTX,small,3,full,PPTX,1
XL-Synthetic_6_B__pptx_small__lsb3.bmp,extended_xl,PPTX,PPTX,small,3,no_deinterleaving,UNKNOWN,0
XL-Synthetic_6_B__pptx_small__lsb3.bmp,extended_xl,PPTX,PPTX,small,3,no_buffer,ZIP,0
XL-Synthetic_6_B__pptx_small__lsb3.bmp,extended_xl,PPTX,PPTX,small,3,no_markers,ZIP,0
XL-Synthetic_6_B__rtf_large__lsb1.bmp,extended_xl,RTF,RTF,large,1,full,RTF,1
XL-Synthetic_6_B__rtf_large__lsb1.bmp,extended_xl,RTF,RTF,large,1,no_deinterleaving,RTF,1
XL-Synthetic_6_B__rtf_large__lsb1.bmp,extended_xl,RTF,RTF,large,1,no_buffer,RTF,1
XL-Synthetic_6_B__rtf_large__lsb1.bmp,extended_xl,RTF,RTF,large,1,no_markers,RTF,1
XL-Synthetic_6_B__rtf_large__lsb2.bmp,extended_xl,RTF,RTF,large,2,full,RTF,1
XL-Synthetic_6_B__rtf_large__lsb2.bmp,extended_xl,RTF,RTF,large,2,no_deinterleaving,UNKNOWN,0
XL-Synthetic_6_B__rtf_large__lsb2.bmp,extended_xl,RTF,RTF,large,2,no_buffer,RTF,1
XL-Synthetic_6_B__rtf_large__lsb2.bmp,extended_xl,RTF,RTF,large,2,no_markers,RTF,1
XL-Synthetic_6_B__rtf_large__lsb3.bmp,extended_xl,RTF,RTF,large,3,full,RTF,1
XL-Synthetic_6_B__rtf_large__lsb3.bmp,extended_xl,RTF,RTF,large,3,no_deinterleaving,UNKNOWN,0
XL-Synthetic_6_B__rtf_large__lsb3.bmp,extended_xl,RTF,RTF,large,3,no_buffer,RTF,1
XL-Synthetic_6_B__rtf_large__lsb3.bmp,extended_xl,RTF,RTF,large,3,no_markers,RTF,1
XL-Synthetic_6_B__rtf_medium__lsb1.bmp,extended_xl,RTF,RTF,medium,1,full,RTF,1
XL-Synthetic_6_B__rtf_medium__lsb1.bmp,extended_xl,RTF,RTF,medium,1,no_deinterleaving,RTF,1
XL-Synthetic_6_B__rtf_medium__lsb1.bmp,extended_xl,RTF,RTF,medium,1,no_buffer,RTF,1
XL-Synthetic_6_B__rtf_medium__lsb1.bmp,extended_xl,RTF,RTF,medium,1,no_markers,RTF,1
XL-Synthetic_6_B__rtf_medium__lsb2.bmp,extended_xl,RTF,RTF,medium,2,full,RTF,1
XL-Synthetic_6_B__rtf_medium__lsb2.bmp,extended_xl,RTF,RTF,medium,2,no_deinterleaving,UNKNOWN,0
XL-Synthetic_6_B__rtf_medium__lsb2.bmp,extended_xl,RTF,RTF,medium,2,no_buffer,RTF,1
XL-Synthetic_6_B__rtf_medium__lsb2.bmp,extended_xl,RTF,RTF,medium,2,no_markers,RTF,1
XL-Synthetic_6_B__rtf_medium__lsb3.bmp,extended_xl,RTF,RTF,medium,3,full,RTF,1
XL-Synthetic_6_B__rtf_medium__lsb3.bmp,extended_xl,RTF,RTF,medium,3,no_deinterleaving,UNKNOWN,0
XL-Synthetic_6_B__rtf_medium__lsb3.bmp,extended_xl,RTF,RTF,medium,3,no_buffer,RTF,1
XL-Synthetic_6_B__rtf_medium__lsb3.bmp,extended_xl,RTF,RTF,medium,3,no_markers,RTF,1
XL-Synthetic_6_B__rtf_small__lsb1.bmp,extended_xl,RTF,RTF,small,1,full,RTF,1
XL-Synthetic_6_B__rtf_small__lsb1.bmp,extended_xl,RTF,RTF,small,1,no_deinterleaving,RTF,1
XL-Synthetic_6_B__rtf_small__lsb1.bmp,extended_xl,RTF,RTF,small,1,no_buffer,RTF,1
XL-Synthetic_6_B__rtf_small__lsb1.bmp,extended_xl,RTF,RTF,small,1,no_markers,RTF,1
XL-Synthetic_6_B__rtf_small__lsb2.bmp,extended_xl,RTF,RTF,small,2,full,RTF,1
XL-Synthetic_6_B__rtf_small__lsb2.bmp,extended_xl,RTF,RTF,small,2,no_deinterleaving,UNKNOWN,0
XL-Synthetic_6_B__rtf_small__lsb2.bmp,extended_xl,RTF,RTF,small,2,no_buffer,RTF,1
XL-Synthetic_6_B__rtf_small__lsb2.bmp,extended_xl,RTF,RTF,small,2,no_markers,RTF,1
XL-Synthetic_6_B__rtf_small__lsb3.bmp,extended_xl,RTF,RTF,small,3,full,RTF,1
XL-Synthetic_6_B__rtf_small__lsb3.bmp,extended_xl,RTF,RTF,small,3,no_deinterleaving,UNKNOWN,0
XL-Synthetic_6_B__rtf_small__lsb3.bmp,extended_xl,RTF,RTF,small,3,no_buffer,RTF,1
XL-Synthetic_6_B__rtf_small__lsb3.bmp,extended_xl,RTF,RTF,small,3,no_markers,RTF,1
XL-Synthetic_6_B__xlsx_large__lsb1.bmp,extended_xl,XLSX,XLSX,large,1,full,XLSX,1
XL-Synthetic_6_B__xlsx_large__lsb1.bmp,extended_xl,XLSX,XLSX,large,1,no_deinterleaving,XLSX,1
XL-Synthetic_6_B__xlsx_large__lsb1.bmp,extended_xl,XLSX,XLSX,large,1,no_buffer,ZIP,0
XL-Synthetic_6_B__xlsx_large__lsb1.bmp,extended_xl,XLSX,XLSX,large,1,no_markers,ZIP,0
XL-Synthetic_6_B__xlsx_large__lsb2.bmp,extended_xl,XLSX,XLSX,large,2,full,XLSX,1
XL-Synthetic_6_B__xlsx_large__lsb2.bmp,extended_xl,XLSX,XLSX,large,2,no_deinterleaving,UNKNOWN,0
XL-Synthetic_6_B__xlsx_large__lsb2.bmp,extended_xl,XLSX,XLSX,large,2,no_buffer,ZIP,0
XL-Synthetic_6_B__xlsx_large__lsb2.bmp,extended_xl,XLSX,XLSX,large,2,no_markers,ZIP,0
XL-Synthetic_6_B__xlsx_large__lsb3.bmp,extended_xl,XLSX,XLSX,large,3,full,XLSX,1
XL-Synthetic_6_B__xlsx_large__lsb3.bmp,extended_xl,XLSX,XLSX,large,3,no_deinterleaving,UNKNOWN,0
XL-Synthetic_6_B__xlsx_large__lsb3.bmp,extended_xl,XLSX,XLSX,large,3,no_buffer,ZIP,0
XL-Synthetic_6_B__xlsx_large__lsb3.bmp,extended_xl,XLSX,XLSX,large,3,no_markers,ZIP,0
XL-Synthetic_6_B__xlsx_medium__lsb1.bmp,extended_xl,XLSX,XLSX,medium,1,full,XLSX,1
XL-Synthetic_6_B__xlsx_medium__lsb1.bmp,extended_xl,XLSX,XLSX,medium,1,no_deinterleaving,XLSX,1
XL-Synthetic_6_B__xlsx_medium__lsb1.bmp,extended_xl,XLSX,XLSX,medium,1,no_buffer,ZIP,0
XL-Synthetic_6_B__xlsx_medium__lsb1.bmp,extended_xl,XLSX,XLSX,medium,1,no_markers,ZIP,0
XL-Synthetic_6_B__xlsx_medium__lsb2.bmp,extended_xl,XLSX,XLSX,medium,2,full,XLSX,1
XL-Synthetic_6_B__xlsx_medium__lsb2.bmp,extended_xl,XLSX,XLSX,medium,2,no_deinterleaving,UNKNOWN,0
XL-Synthetic_6_B__xlsx_medium__lsb2.bmp,extended_xl,XLSX,XLSX,medium,2,no_buffer,ZIP,0
XL-Synthetic_6_B__xlsx_medium__lsb2.bmp,extended_xl,XLSX,XLSX,medium,2,no_markers,ZIP,0
XL-Synthetic_6_B__xlsx_medium__lsb3.bmp,extended_xl,XLSX,XLSX,medium,3,full,XLSX,1
XL-Synthetic_6_B__xlsx_medium__lsb3.bmp,extended_xl,XLSX,XLSX,medium,3,no_deinterleaving,UNKNOWN,0
XL-Synthetic_6_B__xlsx_medium__lsb3.bmp,extended_xl,XLSX,XLSX,medium,3,no_buffer,ZIP,0
XL-Synthetic_6_B__xlsx_medium__lsb3.bmp,extended_xl,XLSX,XLSX,medium,3,no_markers,ZIP,0
XL-Synthetic_6_B__xlsx_small__lsb1.bmp,extended_xl,XLSX,XLSX,small,1,full,XLSX,1
XL-Synthetic_6_B__xlsx_small__lsb1.bmp,extended_xl,XLSX,XLSX,small,1,no_deinterleaving,XLSX,1
XL-Synthetic_6_B__xlsx_small__lsb1.bmp,extended_xl,XLSX,XLSX,small,1,no_buffer,ZIP,0
XL-Synthetic_6_B__xlsx_small__lsb1.bmp,extended_xl,XLSX,XLSX,small,1,no_markers,ZIP,0
XL-Synthetic_6_B__xlsx_small__lsb2.bmp,extended_xl,XLSX,XLSX,small,2,full,XLSX,1
XL-Synthetic_6_B__xlsx_small__lsb2.bmp,extended_xl,XLSX,XLSX,small,2,no_deinterleaving,UNKNOWN,0
XL-Synthetic_6_B__xlsx_small__lsb2.bmp,extended_xl,XLSX,XLSX,small,2,no_buffer,ZIP,0
XL-Synthetic_6_B__xlsx_small__lsb2.bmp,extended_xl,XLSX,XLSX,small,2,no_markers,ZIP,0
XL-Synthetic_6_B__xlsx_small__lsb3.bmp,extended_xl,XLSX,XLSX,small,3,full,XLSX,1
XL-Synthetic_6_B__xlsx_small__lsb3.bmp,extended_xl,XLSX,XLSX,small,3,no_deinterleaving,UNKNOWN,0
XL-Synthetic_6_B__xlsx_small__lsb3.bmp,extended_xl,XLSX,XLSX,small,3,no_buffer,ZIP,0
XL-Synthetic_6_B__xlsx_small__lsb3.bmp,extended_xl,XLSX,XLSX,small,3,no_markers,ZIP,0
XL-Synthetic_6_P__docx_large__lsb3.png,extended_xl,DOCX,DOCX,large,3,full,DOCX,1
XL-Synthetic_6_P__docx_large__lsb3.png,extended_xl,DOCX,DOCX,large,3,no_deinterleaving,UNKNOWN,0
XL-Synthetic_6_P__docx_large__lsb3.png,extended_xl,DOCX,DOCX,large,3,no_buffer,ZIP,0
XL-Synthetic_6_P__docx_large__lsb3.png,extended_xl,DOCX,DOCX,large,3,no_markers,ZIP,0
XL-Synthetic_6_P__docx_medium__lsb2.png,extended_xl,DOCX,DOCX,medium,2,full,DOCX,1
XL-Synthetic_6_P__docx_medium__lsb2.png,extended_xl,DOCX,DOCX,medium,2,no_deinterleaving,UNKNOWN,0
XL-Synthetic_6_P__docx_medium__lsb2.png,extended_xl,DOCX,DOCX,medium,2,no_buffer,ZIP,0
XL-Synthetic_6_P__docx_medium__lsb2.png,extended_xl,DOCX,DOCX,medium,2,no_markers,ZIP,0
XL-Synthetic_6_P__docx_medium__lsb3.png,extended_xl,DOCX,DOCX,medium,3,full,DOCX,1
XL-Synthetic_6_P__docx_medium__lsb3.png,extended_xl,DOCX,DOCX,medium,3,no_deinterleaving,UNKNOWN,0
XL-Synthetic_6_P__docx_medium__lsb3.png,extended_xl,DOCX,DOCX,medium,3,no_buffer,ZIP,0
XL-Synthetic_6_P__docx_medium__lsb3.png,extended_xl,DOCX,DOCX,medium,3,no_markers,ZIP,0
XL-Synthetic_6_P__docx_small__lsb1.png,extended_xl,DOCX,DOCX,small,1,full,DOCX,1
XL-Synthetic_6_P__docx_small__lsb1.png,extended_xl,DOCX,DOCX,small,1,no_deinterleaving,DOCX,1
XL-Synthetic_6_P__docx_small__lsb1.png,extended_xl,DOCX,DOCX,small,1,no_buffer,ZIP,0
XL-Synthetic_6_P__docx_small__lsb1.png,extended_xl,DOCX,DOCX,small,1,no_markers,ZIP,0
XL-Synthetic_6_P__docx_small__lsb2.png,extended_xl,DOCX,DOCX,small,2,full,DOCX,1
XL-Synthetic_6_P__docx_small__lsb2.png,extended_xl,DOCX,DOCX,small,2,no_deinterleaving,UNKNOWN,0
XL-Synthetic_6_P__docx_small__lsb2.png,extended_xl,DOCX,DOCX,small,2,no_buffer,ZIP,0
XL-Synthetic_6_P__docx_small__lsb2.png,extended_xl,DOCX,DOCX,small,2,no_markers,ZIP,0
XL-Synthetic_6_P__docx_small__lsb3.png,extended_xl,DOCX,DOCX,small,3,full,DOCX,1
XL-Synthetic_6_P__docx_small__lsb3.png,extended_xl,DOCX,DOCX,small,3,no_deinterleaving,UNKNOWN,0
XL-Synthetic_6_P__docx_small__lsb3.png,extended_xl,DOCX,DOCX,small,3,no_buffer,ZIP,0
XL-Synthetic_6_P__docx_small__lsb3.png,extended_xl,DOCX,DOCX,small,3,no_markers,ZIP,0
XL-Synthetic_6_P__exe_large__lsb3.png,extended_xl,EXE,EXE,large,3,full,EXE,1
XL-Synthetic_6_P__exe_large__lsb3.png,extended_xl,EXE,EXE,large,3,no_deinterleaving,UNKNOWN,0
XL-Synthetic_6_P__exe_large__lsb3.png,extended_xl,EXE,EXE,large,3,no_buffer,EXE,1
XL-Synthetic_6_P__exe_large__lsb3.png,extended_xl,EXE,EXE,large,3,no_markers,EXE,1
XL-Synthetic_6_P__exe_medium__lsb2.png,extended_xl,EXE,EXE,medium,2,full,EXE,1
XL-Synthetic_6_P__exe_medium__lsb2.png,extended_xl,EXE,EXE,medium,2,no_deinterleaving,UNKNOWN,0
XL-Synthetic_6_P__exe_medium__lsb2.png,extended_xl,EXE,EXE,medium,2,no_buffer,EXE,1
XL-Synthetic_6_P__exe_medium__lsb2.png,extended_xl,EXE,EXE,medium,2,no_markers,EXE,1
XL-Synthetic_6_P__exe_medium__lsb3.png,extended_xl,EXE,EXE,medium,3,full,EXE,1
XL-Synthetic_6_P__exe_medium__lsb3.png,extended_xl,EXE,EXE,medium,3,no_deinterleaving,UNKNOWN,0
XL-Synthetic_6_P__exe_medium__lsb3.png,extended_xl,EXE,EXE,medium,3,no_buffer,EXE,1
XL-Synthetic_6_P__exe_medium__lsb3.png,extended_xl,EXE,EXE,medium,3,no_markers,EXE,1
XL-Synthetic_6_P__exe_small__lsb1.png,extended_xl,EXE,EXE,small,1,full,EXE,1
XL-Synthetic_6_P__exe_small__lsb1.png,extended_xl,EXE,EXE,small,1,no_deinterleaving,EXE,1
XL-Synthetic_6_P__exe_small__lsb1.png,extended_xl,EXE,EXE,small,1,no_buffer,EXE,1
XL-Synthetic_6_P__exe_small__lsb1.png,extended_xl,EXE,EXE,small,1,no_markers,EXE,1
XL-Synthetic_6_P__exe_small__lsb2.png,extended_xl,EXE,EXE,small,2,full,EXE,1
XL-Synthetic_6_P__exe_small__lsb2.png,extended_xl,EXE,EXE,small,2,no_deinterleaving,UNKNOWN,0
XL-Synthetic_6_P__exe_small__lsb2.png,extended_xl,EXE,EXE,small,2,no_buffer,EXE,1
XL-Synthetic_6_P__exe_small__lsb2.png,extended_xl,EXE,EXE,small,2,no_markers,EXE,1
XL-Synthetic_6_P__exe_small__lsb3.png,extended_xl,EXE,EXE,small,3,full,EXE,1
XL-Synthetic_6_P__exe_small__lsb3.png,extended_xl,EXE,EXE,small,3,no_deinterleaving,UNKNOWN,0
XL-Synthetic_6_P__exe_small__lsb3.png,extended_xl,EXE,EXE,small,3,no_buffer,EXE,1
XL-Synthetic_6_P__exe_small__lsb3.png,extended_xl,EXE,EXE,small,3,no_markers,EXE,1
XL-Synthetic_6_P__pdf_large__lsb3.png,extended_xl,PDF,PDF,large,3,full,PDF,1
XL-Synthetic_6_P__pdf_large__lsb3.png,extended_xl,PDF,PDF,large,3,no_deinterleaving,UNKNOWN,0
XL-Synthetic_6_P__pdf_large__lsb3.png,extended_xl,PDF,PDF,large,3,no_buffer,PDF,1
XL-Synthetic_6_P__pdf_large__lsb3.png,extended_xl,PDF,PDF,large,3,no_markers,PDF,1
XL-Synthetic_6_P__pdf_medium__lsb2.png,extended_xl,PDF,PDF,medium,2,full,PDF,1
XL-Synthetic_6_P__pdf_medium__lsb2.png,extended_xl,PDF,PDF,medium,2,no_deinterleaving,UNKNOWN,0
XL-Synthetic_6_P__pdf_medium__lsb2.png,extended_xl,PDF,PDF,medium,2,no_buffer,PDF,1
XL-Synthetic_6_P__pdf_medium__lsb2.png,extended_xl,PDF,PDF,medium,2,no_markers,PDF,1
XL-Synthetic_6_P__pdf_medium__lsb3.png,extended_xl,PDF,PDF,medium,3,full,PDF,1
XL-Synthetic_6_P__pdf_medium__lsb3.png,extended_xl,PDF,PDF,medium,3,no_deinterleaving,UNKNOWN,0
XL-Synthetic_6_P__pdf_medium__lsb3.png,extended_xl,PDF,PDF,medium,3,no_buffer,PDF,1
XL-Synthetic_6_P__pdf_medium__lsb3.png,extended_xl,PDF,PDF,medium,3,no_markers,PDF,1
XL-Synthetic_6_P__pdf_small__lsb1.png,extended_xl,PDF,PDF,small,1,full,PDF,1
XL-Synthetic_6_P__pdf_small__lsb1.png,extended_xl,PDF,PDF,small,1,no_deinterleaving,PDF,1
XL-Synthetic_6_P__pdf_small__lsb1.png,extended_xl,PDF,PDF,small,1,no_buffer,PDF,1
XL-Synthetic_6_P__pdf_small__lsb1.png,extended_xl,PDF,PDF,small,1,no_markers,PDF,1
XL-Synthetic_6_P__pdf_small__lsb2.png,extended_xl,PDF,PDF,small,2,full,PDF,1
XL-Synthetic_6_P__pdf_small__lsb2.png,extended_xl,PDF,PDF,small,2,no_deinterleaving,UNKNOWN,0
XL-Synthetic_6_P__pdf_small__lsb2.png,extended_xl,PDF,PDF,small,2,no_buffer,PDF,1
XL-Synthetic_6_P__pdf_small__lsb2.png,extended_xl,PDF,PDF,small,2,no_markers,PDF,1
XL-Synthetic_6_P__pdf_small__lsb3.png,extended_xl,PDF,PDF,small,3,full,PDF,1
XL-Synthetic_6_P__pdf_small__lsb3.png,extended_xl,PDF,PDF,small,3,no_deinterleaving,UNKNOWN,0
XL-Synthetic_6_P__pdf_small__lsb3.png,extended_xl,PDF,PDF,small,3,no_buffer,PDF,1
XL-Synthetic_6_P__pdf_small__lsb3.png,extended_xl,PDF,PDF,small,3,no_markers,PDF,1
XL-Synthetic_6_P__pptx_large__lsb3.png,extended_xl,PPTX,PPTX,large,3,full,PPTX,1
XL-Synthetic_6_P__pptx_large__lsb3.png,extended_xl,PPTX,PPTX,large,3,no_deinterleaving,UNKNOWN,0
XL-Synthetic_6_P__pptx_large__lsb3.png,extended_xl,PPTX,PPTX,large,3,no_buffer,ZIP,0
XL-Synthetic_6_P__pptx_large__lsb3.png,extended_xl,PPTX,PPTX,large,3,no_markers,ZIP,0
XL-Synthetic_6_P__pptx_medium__lsb2.png,extended_xl,PPTX,PPTX,medium,2,full,PPTX,1
XL-Synthetic_6_P__pptx_medium__lsb2.png,extended_xl,PPTX,PPTX,medium,2,no_deinterleaving,UNKNOWN,0
XL-Synthetic_6_P__pptx_medium__lsb2.png,extended_xl,PPTX,PPTX,medium,2,no_buffer,ZIP,0
XL-Synthetic_6_P__pptx_medium__lsb2.png,extended_xl,PPTX,PPTX,medium,2,no_markers,ZIP,0
XL-Synthetic_6_P__pptx_medium__lsb3.png,extended_xl,PPTX,PPTX,medium,3,full,PPTX,1
XL-Synthetic_6_P__pptx_medium__lsb3.png,extended_xl,PPTX,PPTX,medium,3,no_deinterleaving,UNKNOWN,0
XL-Synthetic_6_P__pptx_medium__lsb3.png,extended_xl,PPTX,PPTX,medium,3,no_buffer,ZIP,0
XL-Synthetic_6_P__pptx_medium__lsb3.png,extended_xl,PPTX,PPTX,medium,3,no_markers,ZIP,0
XL-Synthetic_6_P__pptx_small__lsb1.png,extended_xl,PPTX,PPTX,small,1,full,PPTX,1
XL-Synthetic_6_P__pptx_small__lsb1.png,extended_xl,PPTX,PPTX,small,1,no_deinterleaving,PPTX,1
XL-Synthetic_6_P__pptx_small__lsb1.png,extended_xl,PPTX,PPTX,small,1,no_buffer,ZIP,0
XL-Synthetic_6_P__pptx_small__lsb1.png,extended_xl,PPTX,PPTX,small,1,no_markers,ZIP,0
XL-Synthetic_6_P__pptx_small__lsb2.png,extended_xl,PPTX,PPTX,small,2,full,PPTX,1
XL-Synthetic_6_P__pptx_small__lsb2.png,extended_xl,PPTX,PPTX,small,2,no_deinterleaving,UNKNOWN,0
XL-Synthetic_6_P__pptx_small__lsb2.png,extended_xl,PPTX,PPTX,small,2,no_buffer,ZIP,0
XL-Synthetic_6_P__pptx_small__lsb2.png,extended_xl,PPTX,PPTX,small,2,no_markers,ZIP,0
XL-Synthetic_6_P__pptx_small__lsb3.png,extended_xl,PPTX,PPTX,small,3,full,PPTX,1
XL-Synthetic_6_P__pptx_small__lsb3.png,extended_xl,PPTX,PPTX,small,3,no_deinterleaving,UNKNOWN,0
XL-Synthetic_6_P__pptx_small__lsb3.png,extended_xl,PPTX,PPTX,small,3,no_buffer,ZIP,0
XL-Synthetic_6_P__pptx_small__lsb3.png,extended_xl,PPTX,PPTX,small,3,no_markers,ZIP,0
XL-Synthetic_6_P__rtf_large__lsb3.png,extended_xl,RTF,RTF,large,3,full,RTF,1
XL-Synthetic_6_P__rtf_large__lsb3.png,extended_xl,RTF,RTF,large,3,no_deinterleaving,UNKNOWN,0
XL-Synthetic_6_P__rtf_large__lsb3.png,extended_xl,RTF,RTF,large,3,no_buffer,RTF,1
XL-Synthetic_6_P__rtf_large__lsb3.png,extended_xl,RTF,RTF,large,3,no_markers,RTF,1
XL-Synthetic_6_P__rtf_medium__lsb2.png,extended_xl,RTF,RTF,medium,2,full,RTF,1
XL-Synthetic_6_P__rtf_medium__lsb2.png,extended_xl,RTF,RTF,medium,2,no_deinterleaving,UNKNOWN,0
XL-Synthetic_6_P__rtf_medium__lsb2.png,extended_xl,RTF,RTF,medium,2,no_buffer,RTF,1
XL-Synthetic_6_P__rtf_medium__lsb2.png,extended_xl,RTF,RTF,medium,2,no_markers,RTF,1
XL-Synthetic_6_P__rtf_medium__lsb3.png,extended_xl,RTF,RTF,medium,3,full,RTF,1
XL-Synthetic_6_P__rtf_medium__lsb3.png,extended_xl,RTF,RTF,medium,3,no_deinterleaving,UNKNOWN,0
XL-Synthetic_6_P__rtf_medium__lsb3.png,extended_xl,RTF,RTF,medium,3,no_buffer,RTF,1
XL-Synthetic_6_P__rtf_medium__lsb3.png,extended_xl,RTF,RTF,medium,3,no_markers,RTF,1
XL-Synthetic_6_P__rtf_small__lsb1.png,extended_xl,RTF,RTF,small,1,full,RTF,1
XL-Synthetic_6_P__rtf_small__lsb1.png,extended_xl,RTF,RTF,small,1,no_deinterleaving,RTF,1
XL-Synthetic_6_P__rtf_small__lsb1.png,extended_xl,RTF,RTF,small,1,no_buffer,RTF,1
XL-Synthetic_6_P__rtf_small__lsb1.png,extended_xl,RTF,RTF,small,1,no_markers,RTF,1
XL-Synthetic_6_P__rtf_small__lsb2.png,extended_xl,RTF,RTF,small,2,full,RTF,1
XL-Synthetic_6_P__rtf_small__lsb2.png,extended_xl,RTF,RTF,small,2,no_deinterleaving,UNKNOWN,0
XL-Synthetic_6_P__rtf_small__lsb2.png,extended_xl,RTF,RTF,small,2,no_buffer,RTF,1
XL-Synthetic_6_P__rtf_small__lsb2.png,extended_xl,RTF,RTF,small,2,no_markers,RTF,1
XL-Synthetic_6_P__rtf_small__lsb3.png,extended_xl,RTF,RTF,small,3,full,RTF,1
XL-Synthetic_6_P__rtf_small__lsb3.png,extended_xl,RTF,RTF,small,3,no_deinterleaving,UNKNOWN,0
XL-Synthetic_6_P__rtf_small__lsb3.png,extended_xl,RTF,RTF,small,3,no_buffer,RTF,1
XL-Synthetic_6_P__rtf_small__lsb3.png,extended_xl,RTF,RTF,small,3,no_markers,RTF,1
XL-Synthetic_6_P__xlsx_large__lsb3.png,extended_xl,XLSX,XLSX,large,3,full,XLSX,1
XL-Synthetic_6_P__xlsx_large__lsb3.png,extended_xl,XLSX,XLSX,large,3,no_deinterleaving,UNKNOWN,0
XL-Synthetic_6_P__xlsx_large__lsb3.png,extended_xl,XLSX,XLSX,large,3,no_buffer,ZIP,0
XL-Synthetic_6_P__xlsx_large__lsb3.png,extended_xl,XLSX,XLSX,large,3,no_markers,ZIP,0
XL-Synthetic_6_P__xlsx_medium__lsb2.png,extended_xl,XLSX,XLSX,medium,2,full,XLSX,1
XL-Synthetic_6_P__xlsx_medium__lsb2.png,extended_xl,XLSX,XLSX,medium,2,no_deinterleaving,UNKNOWN,0
XL-Synthetic_6_P__xlsx_medium__lsb2.png,extended_xl,XLSX,XLSX,medium,2,no_buffer,ZIP,0
XL-Synthetic_6_P__xlsx_medium__lsb2.png,extended_xl,XLSX,XLSX,medium,2,no_markers,ZIP,0
XL-Synthetic_6_P__xlsx_medium__lsb3.png,extended_xl,XLSX,XLSX,medium,3,full,XLSX,1
XL-Synthetic_6_P__xlsx_medium__lsb3.png,extended_xl,XLSX,XLSX,medium,3,no_deinterleaving,UNKNOWN,0
XL-Synthetic_6_P__xlsx_medium__lsb3.png,extended_xl,XLSX,XLSX,medium,3,no_buffer,ZIP,0
XL-Synthetic_6_P__xlsx_medium__lsb3.png,extended_xl,XLSX,XLSX,medium,3,no_markers,ZIP,0
XL-Synthetic_6_P__xlsx_small__lsb1.png,extended_xl,XLSX,XLSX,small,1,full,XLSX,1
XL-Synthetic_6_P__xlsx_small__lsb1.png,extended_xl,XLSX,XLSX,small,1,no_deinterleaving,XLSX,1
XL-Synthetic_6_P__xlsx_small__lsb1.png,extended_xl,XLSX,XLSX,small,1,no_buffer,ZIP,0
XL-Synthetic_6_P__xlsx_small__lsb1.png,extended_xl,XLSX,XLSX,small,1,no_markers,ZIP,0
XL-Synthetic_6_P__xlsx_small__lsb2.png,extended_xl,XLSX,XLSX,small,2,full,XLSX,1
XL-Synthetic_6_P__xlsx_small__lsb2.png,extended_xl,XLSX,XLSX,small,2,no_deinterleaving,UNKNOWN,0
XL-Synthetic_6_P__xlsx_small__lsb2.png,extended_xl,XLSX,XLSX,small,2,no_buffer,ZIP,0
XL-Synthetic_6_P__xlsx_small__lsb2.png,extended_xl,XLSX,XLSX,small,2,no_markers,ZIP,0
XL-Synthetic_6_P__xlsx_small__lsb3.png,extended_xl,XLSX,XLSX,small,3,full,XLSX,1
XL-Synthetic_6_P__xlsx_small__lsb3.png,extended_xl,XLSX,XLSX,small,3,no_deinterleaving,UNKNOWN,0
XL-Synthetic_6_P__xlsx_small__lsb3.png,extended_xl,XLSX,XLSX,small,3,no_buffer,ZIP,0
XL-Synthetic_6_P__xlsx_small__lsb3.png,extended_xl,XLSX,XLSX,small,3,no_markers,ZIP,0
XL-Synthetic_7_B__docx_large__lsb1.bmp,extended_xl,DOCX,DOCX,large,1,full,DOCX,1
XL-Synthetic_7_B__docx_large__lsb1.bmp,extended_xl,DOCX,DOCX,large,1,no_deinterleaving,DOCX,1
XL-Synthetic_7_B__docx_large__lsb1.bmp,extended_xl,DOCX,DOCX,large,1,no_buffer,ZIP,0
XL-Synthetic_7_B__docx_large__lsb1.bmp,extended_xl,DOCX,DOCX,large,1,no_markers,ZIP,0
XL-Synthetic_7_B__docx_large__lsb2.bmp,extended_xl,DOCX,DOCX,large,2,full,DOCX,1
XL-Synthetic_7_B__docx_large__lsb2.bmp,extended_xl,DOCX,DOCX,large,2,no_deinterleaving,UNKNOWN,0
XL-Synthetic_7_B__docx_large__lsb2.bmp,extended_xl,DOCX,DOCX,large,2,no_buffer,ZIP,0
XL-Synthetic_7_B__docx_large__lsb2.bmp,extended_xl,DOCX,DOCX,large,2,no_markers,ZIP,0
XL-Synthetic_7_B__docx_large__lsb3.bmp,extended_xl,DOCX,DOCX,large,3,full,DOCX,1
XL-Synthetic_7_B__docx_large__lsb3.bmp,extended_xl,DOCX,DOCX,large,3,no_deinterleaving,UNKNOWN,0
XL-Synthetic_7_B__docx_large__lsb3.bmp,extended_xl,DOCX,DOCX,large,3,no_buffer,ZIP,0
XL-Synthetic_7_B__docx_large__lsb3.bmp,extended_xl,DOCX,DOCX,large,3,no_markers,ZIP,0
XL-Synthetic_7_B__docx_medium__lsb1.bmp,extended_xl,DOCX,DOCX,medium,1,full,DOCX,1
XL-Synthetic_7_B__docx_medium__lsb1.bmp,extended_xl,DOCX,DOCX,medium,1,no_deinterleaving,DOCX,1
XL-Synthetic_7_B__docx_medium__lsb1.bmp,extended_xl,DOCX,DOCX,medium,1,no_buffer,ZIP,0
XL-Synthetic_7_B__docx_medium__lsb1.bmp,extended_xl,DOCX,DOCX,medium,1,no_markers,ZIP,0
XL-Synthetic_7_B__docx_medium__lsb2.bmp,extended_xl,DOCX,DOCX,medium,2,full,DOCX,1
XL-Synthetic_7_B__docx_medium__lsb2.bmp,extended_xl,DOCX,DOCX,medium,2,no_deinterleaving,UNKNOWN,0
XL-Synthetic_7_B__docx_medium__lsb2.bmp,extended_xl,DOCX,DOCX,medium,2,no_buffer,ZIP,0
XL-Synthetic_7_B__docx_medium__lsb2.bmp,extended_xl,DOCX,DOCX,medium,2,no_markers,ZIP,0
XL-Synthetic_7_B__docx_medium__lsb3.bmp,extended_xl,DOCX,DOCX,medium,3,full,DOCX,1
XL-Synthetic_7_B__docx_medium__lsb3.bmp,extended_xl,DOCX,DOCX,medium,3,no_deinterleaving,UNKNOWN,0
XL-Synthetic_7_B__docx_medium__lsb3.bmp,extended_xl,DOCX,DOCX,medium,3,no_buffer,ZIP,0
XL-Synthetic_7_B__docx_medium__lsb3.bmp,extended_xl,DOCX,DOCX,medium,3,no_markers,ZIP,0
XL-Synthetic_7_B__docx_small__lsb1.bmp,extended_xl,DOCX,DOCX,small,1,full,DOCX,1
XL-Synthetic_7_B__docx_small__lsb1.bmp,extended_xl,DOCX,DOCX,small,1,no_deinterleaving,DOCX,1
XL-Synthetic_7_B__docx_small__lsb1.bmp,extended_xl,DOCX,DOCX,small,1,no_buffer,ZIP,0
XL-Synthetic_7_B__docx_small__lsb1.bmp,extended_xl,DOCX,DOCX,small,1,no_markers,ZIP,0
XL-Synthetic_7_B__docx_small__lsb2.bmp,extended_xl,DOCX,DOCX,small,2,full,DOCX,1
XL-Synthetic_7_B__docx_small__lsb2.bmp,extended_xl,DOCX,DOCX,small,2,no_deinterleaving,UNKNOWN,0
XL-Synthetic_7_B__docx_small__lsb2.bmp,extended_xl,DOCX,DOCX,small,2,no_buffer,ZIP,0
XL-Synthetic_7_B__docx_small__lsb2.bmp,extended_xl,DOCX,DOCX,small,2,no_markers,ZIP,0
XL-Synthetic_7_B__docx_small__lsb3.bmp,extended_xl,DOCX,DOCX,small,3,full,DOCX,1
XL-Synthetic_7_B__docx_small__lsb3.bmp,extended_xl,DOCX,DOCX,small,3,no_deinterleaving,UNKNOWN,0
XL-Synthetic_7_B__docx_small__lsb3.bmp,extended_xl,DOCX,DOCX,small,3,no_buffer,ZIP,0
XL-Synthetic_7_B__docx_small__lsb3.bmp,extended_xl,DOCX,DOCX,small,3,no_markers,ZIP,0
XL-Synthetic_7_B__exe_large__lsb1.bmp,extended_xl,EXE,EXE,large,1,full,EXE,1
XL-Synthetic_7_B__exe_large__lsb1.bmp,extended_xl,EXE,EXE,large,1,no_deinterleaving,EXE,1
XL-Synthetic_7_B__exe_large__lsb1.bmp,extended_xl,EXE,EXE,large,1,no_buffer,EXE,1
XL-Synthetic_7_B__exe_large__lsb1.bmp,extended_xl,EXE,EXE,large,1,no_markers,EXE,1
XL-Synthetic_7_B__exe_large__lsb2.bmp,extended_xl,EXE,EXE,large,2,full,EXE,1
XL-Synthetic_7_B__exe_large__lsb2.bmp,extended_xl,EXE,EXE,large,2,no_deinterleaving,UNKNOWN,0
XL-Synthetic_7_B__exe_large__lsb2.bmp,extended_xl,EXE,EXE,large,2,no_buffer,EXE,1
XL-Synthetic_7_B__exe_large__lsb2.bmp,extended_xl,EXE,EXE,large,2,no_markers,EXE,1
XL-Synthetic_7_B__exe_large__lsb3.bmp,extended_xl,EXE,EXE,large,3,full,EXE,1
XL-Synthetic_7_B__exe_large__lsb3.bmp,extended_xl,EXE,EXE,large,3,no_deinterleaving,UNKNOWN,0
XL-Synthetic_7_B__exe_large__lsb3.bmp,extended_xl,EXE,EXE,large,3,no_buffer,EXE,1
XL-Synthetic_7_B__exe_large__lsb3.bmp,extended_xl,EXE,EXE,large,3,no_markers,EXE,1
XL-Synthetic_7_B__exe_medium__lsb1.bmp,extended_xl,EXE,EXE,medium,1,full,EXE,1
XL-Synthetic_7_B__exe_medium__lsb1.bmp,extended_xl,EXE,EXE,medium,1,no_deinterleaving,EXE,1
XL-Synthetic_7_B__exe_medium__lsb1.bmp,extended_xl,EXE,EXE,medium,1,no_buffer,EXE,1
XL-Synthetic_7_B__exe_medium__lsb1.bmp,extended_xl,EXE,EXE,medium,1,no_markers,EXE,1
XL-Synthetic_7_B__exe_medium__lsb2.bmp,extended_xl,EXE,EXE,medium,2,full,EXE,1
XL-Synthetic_7_B__exe_medium__lsb2.bmp,extended_xl,EXE,EXE,medium,2,no_deinterleaving,UNKNOWN,0
XL-Synthetic_7_B__exe_medium__lsb2.bmp,extended_xl,EXE,EXE,medium,2,no_buffer,EXE,1
XL-Synthetic_7_B__exe_medium__lsb2.bmp,extended_xl,EXE,EXE,medium,2,no_markers,EXE,1
XL-Synthetic_7_B__exe_medium__lsb3.bmp,extended_xl,EXE,EXE,medium,3,full,EXE,1
XL-Synthetic_7_B__exe_medium__lsb3.bmp,extended_xl,EXE,EXE,medium,3,no_deinterleaving,UNKNOWN,0
XL-Synthetic_7_B__exe_medium__lsb3.bmp,extended_xl,EXE,EXE,medium,3,no_buffer,EXE,1
XL-Synthetic_7_B__exe_medium__lsb3.bmp,extended_xl,EXE,EXE,medium,3,no_markers,EXE,1
XL-Synthetic_7_B__exe_small__lsb1.bmp,extended_xl,EXE,EXE,small,1,full,EXE,1
XL-Synthetic_7_B__exe_small__lsb1.bmp,extended_xl,EXE,EXE,small,1,no_deinterleaving,EXE,1
XL-Synthetic_7_B__exe_small__lsb1.bmp,extended_xl,EXE,EXE,small,1,no_buffer,EXE,1
XL-Synthetic_7_B__exe_small__lsb1.bmp,extended_xl,EXE,EXE,small,1,no_markers,EXE,1
XL-Synthetic_7_B__exe_small__lsb2.bmp,extended_xl,EXE,EXE,small,2,full,EXE,1
XL-Synthetic_7_B__exe_small__lsb2.bmp,extended_xl,EXE,EXE,small,2,no_deinterleaving,UNKNOWN,0
XL-Synthetic_7_B__exe_small__lsb2.bmp,extended_xl,EXE,EXE,small,2,no_buffer,EXE,1
XL-Synthetic_7_B__exe_small__lsb2.bmp,extended_xl,EXE,EXE,small,2,no_markers,EXE,1
XL-Synthetic_7_B__exe_small__lsb3.bmp,extended_xl,EXE,EXE,small,3,full,EXE,1
XL-Synthetic_7_B__exe_small__lsb3.bmp,extended_xl,EXE,EXE,small,3,no_deinterleaving,UNKNOWN,0
XL-Synthetic_7_B__exe_small__lsb3.bmp,extended_xl,EXE,EXE,small,3,no_buffer,EXE,1
XL-Synthetic_7_B__exe_small__lsb3.bmp,extended_xl,EXE,EXE,small,3,no_markers,EXE,1
XL-Synthetic_7_B__pdf_large__lsb1.bmp,extended_xl,PDF,PDF,large,1,full,PDF,1
XL-Synthetic_7_B__pdf_large__lsb1.bmp,extended_xl,PDF,PDF,large,1,no_deinterleaving,PDF,1
XL-Synthetic_7_B__pdf_large__lsb1.bmp,extended_xl,PDF,PDF,large,1,no_buffer,PDF,1
XL-Synthetic_7_B__pdf_large__lsb1.bmp,extended_xl,PDF,PDF,large,1,no_markers,PDF,1
XL-Synthetic_7_B__pdf_large__lsb2.bmp,extended_xl,PDF,PDF,large,2,full,PDF,1
XL-Synthetic_7_B__pdf_large__lsb2.bmp,extended_xl,PDF,PDF,large,2,no_deinterleaving,UNKNOWN,0
XL-Synthetic_7_B__pdf_large__lsb2.bmp,extended_xl,PDF,PDF,large,2,no_buffer,PDF,1
XL-Synthetic_7_B__pdf_large__lsb2.bmp,extended_xl,PDF,PDF,large,2,no_markers,PDF,1
XL-Synthetic_7_B__pdf_large__lsb3.bmp,extended_xl,PDF,PDF,large,3,full,PDF,1
XL-Synthetic_7_B__pdf_large__lsb3.bmp,extended_xl,PDF,PDF,large,3,no_deinterleaving,UNKNOWN,0
XL-Synthetic_7_B__pdf_large__lsb3.bmp,extended_xl,PDF,PDF,large,3,no_buffer,PDF,1
XL-Synthetic_7_B__pdf_large__lsb3.bmp,extended_xl,PDF,PDF,large,3,no_markers,PDF,1
XL-Synthetic_7_B__pdf_medium__lsb1.bmp,extended_xl,PDF,PDF,medium,1,full,PDF,1
XL-Synthetic_7_B__pdf_medium__lsb1.bmp,extended_xl,PDF,PDF,medium,1,no_deinterleaving,PDF,1
XL-Synthetic_7_B__pdf_medium__lsb1.bmp,extended_xl,PDF,PDF,medium,1,no_buffer,PDF,1
XL-Synthetic_7_B__pdf_medium__lsb1.bmp,extended_xl,PDF,PDF,medium,1,no_markers,PDF,1
XL-Synthetic_7_B__pdf_medium__lsb2.bmp,extended_xl,PDF,PDF,medium,2,full,PDF,1
XL-Synthetic_7_B__pdf_medium__lsb2.bmp,extended_xl,PDF,PDF,medium,2,no_deinterleaving,UNKNOWN,0
XL-Synthetic_7_B__pdf_medium__lsb2.bmp,extended_xl,PDF,PDF,medium,2,no_buffer,PDF,1
XL-Synthetic_7_B__pdf_medium__lsb2.bmp,extended_xl,PDF,PDF,medium,2,no_markers,PDF,1
XL-Synthetic_7_B__pdf_medium__lsb3.bmp,extended_xl,PDF,PDF,medium,3,full,PDF,1
XL-Synthetic_7_B__pdf_medium__lsb3.bmp,extended_xl,PDF,PDF,medium,3,no_deinterleaving,UNKNOWN,0
XL-Synthetic_7_B__pdf_medium__lsb3.bmp,extended_xl,PDF,PDF,medium,3,no_buffer,PDF,1
XL-Synthetic_7_B__pdf_medium__lsb3.bmp,extended_xl,PDF,PDF,medium,3,no_markers,PDF,1
XL-Synthetic_7_B__pdf_small__lsb1.bmp,extended_xl,PDF,PDF,small,1,full,PDF,1
XL-Synthetic_7_B__pdf_small__lsb1.bmp,extended_xl,PDF,PDF,small,1,no_deinterleaving,PDF,1
XL-Synthetic_7_B__pdf_small__lsb1.bmp,extended_xl,PDF,PDF,small,1,no_buffer,PDF,1
XL-Synthetic_7_B__pdf_small__lsb1.bmp,extended_xl,PDF,PDF,small,1,no_markers,PDF,1
XL-Synthetic_7_B__pdf_small__lsb2.bmp,extended_xl,PDF,PDF,small,2,full,PDF,1
XL-Synthetic_7_B__pdf_small__lsb2.bmp,extended_xl,PDF,PDF,small,2,no_deinterleaving,UNKNOWN,0
XL-Synthetic_7_B__pdf_small__lsb2.bmp,extended_xl,PDF,PDF,small,2,no_buffer,PDF,1
XL-Synthetic_7_B__pdf_small__lsb2.bmp,extended_xl,PDF,PDF,small,2,no_markers,PDF,1
XL-Synthetic_7_B__pdf_small__lsb3.bmp,extended_xl,PDF,PDF,small,3,full,PDF,1
XL-Synthetic_7_B__pdf_small__lsb3.bmp,extended_xl,PDF,PDF,small,3,no_deinterleaving,UNKNOWN,0
XL-Synthetic_7_B__pdf_small__lsb3.bmp,extended_xl,PDF,PDF,small,3,no_buffer,PDF,1
XL-Synthetic_7_B__pdf_small__lsb3.bmp,extended_xl,PDF,PDF,small,3,no_markers,PDF,1
XL-Synthetic_7_B__pptx_large__lsb1.bmp,extended_xl,PPTX,PPTX,large,1,full,PPTX,1
XL-Synthetic_7_B__pptx_large__lsb1.bmp,extended_xl,PPTX,PPTX,large,1,no_deinterleaving,PPTX,1
XL-Synthetic_7_B__pptx_large__lsb1.bmp,extended_xl,PPTX,PPTX,large,1,no_buffer,ZIP,0
XL-Synthetic_7_B__pptx_large__lsb1.bmp,extended_xl,PPTX,PPTX,large,1,no_markers,ZIP,0
XL-Synthetic_7_B__pptx_large__lsb2.bmp,extended_xl,PPTX,PPTX,large,2,full,PPTX,1
XL-Synthetic_7_B__pptx_large__lsb2.bmp,extended_xl,PPTX,PPTX,large,2,no_deinterleaving,UNKNOWN,0
XL-Synthetic_7_B__pptx_large__lsb2.bmp,extended_xl,PPTX,PPTX,large,2,no_buffer,ZIP,0
XL-Synthetic_7_B__pptx_large__lsb2.bmp,extended_xl,PPTX,PPTX,large,2,no_markers,ZIP,0
XL-Synthetic_7_B__pptx_large__lsb3.bmp,extended_xl,PPTX,PPTX,large,3,full,PPTX,1
XL-Synthetic_7_B__pptx_large__lsb3.bmp,extended_xl,PPTX,PPTX,large,3,no_deinterleaving,UNKNOWN,0
XL-Synthetic_7_B__pptx_large__lsb3.bmp,extended_xl,PPTX,PPTX,large,3,no_buffer,ZIP,0
XL-Synthetic_7_B__pptx_large__lsb3.bmp,extended_xl,PPTX,PPTX,large,3,no_markers,ZIP,0
XL-Synthetic_7_B__pptx_medium__lsb1.bmp,extended_xl,PPTX,PPTX,medium,1,full,PPTX,1
XL-Synthetic_7_B__pptx_medium__lsb1.bmp,extended_xl,PPTX,PPTX,medium,1,no_deinterleaving,PPTX,1
XL-Synthetic_7_B__pptx_medium__lsb1.bmp,extended_xl,PPTX,PPTX,medium,1,no_buffer,ZIP,0
XL-Synthetic_7_B__pptx_medium__lsb1.bmp,extended_xl,PPTX,PPTX,medium,1,no_markers,ZIP,0
XL-Synthetic_7_B__pptx_medium__lsb2.bmp,extended_xl,PPTX,PPTX,medium,2,full,PPTX,1
XL-Synthetic_7_B__pptx_medium__lsb2.bmp,extended_xl,PPTX,PPTX,medium,2,no_deinterleaving,UNKNOWN,0
XL-Synthetic_7_B__pptx_medium__lsb2.bmp,extended_xl,PPTX,PPTX,medium,2,no_buffer,ZIP,0
XL-Synthetic_7_B__pptx_medium__lsb2.bmp,extended_xl,PPTX,PPTX,medium,2,no_markers,ZIP,0
XL-Synthetic_7_B__pptx_medium__lsb3.bmp,extended_xl,PPTX,PPTX,medium,3,full,PPTX,1
XL-Synthetic_7_B__pptx_medium__lsb3.bmp,extended_xl,PPTX,PPTX,medium,3,no_deinterleaving,UNKNOWN,0
XL-Synthetic_7_B__pptx_medium__lsb3.bmp,extended_xl,PPTX,PPTX,medium,3,no_buffer,ZIP,0
XL-Synthetic_7_B__pptx_medium__lsb3.bmp,extended_xl,PPTX,PPTX,medium,3,no_markers,ZIP,0
XL-Synthetic_7_B__pptx_small__lsb1.bmp,extended_xl,PPTX,PPTX,small,1,full,PPTX,1
XL-Synthetic_7_B__pptx_small__lsb1.bmp,extended_xl,PPTX,PPTX,small,1,no_deinterleaving,PPTX,1
XL-Synthetic_7_B__pptx_small__lsb1.bmp,extended_xl,PPTX,PPTX,small,1,no_buffer,ZIP,0
XL-Synthetic_7_B__pptx_small__lsb1.bmp,extended_xl,PPTX,PPTX,small,1,no_markers,ZIP,0
XL-Synthetic_7_B__pptx_small__lsb2.bmp,extended_xl,PPTX,PPTX,small,2,full,PPTX,1
XL-Synthetic_7_B__pptx_small__lsb2.bmp,extended_xl,PPTX,PPTX,small,2,no_deinterleaving,UNKNOWN,0
XL-Synthetic_7_B__pptx_small__lsb2.bmp,extended_xl,PPTX,PPTX,small,2,no_buffer,ZIP,0
XL-Synthetic_7_B__pptx_small__lsb2.bmp,extended_xl,PPTX,PPTX,small,2,no_markers,ZIP,0
XL-Synthetic_7_B__pptx_small__lsb3.bmp,extended_xl,PPTX,PPTX,small,3,full,PPTX,1
XL-Synthetic_7_B__pptx_small__lsb3.bmp,extended_xl,PPTX,PPTX,small,3,no_deinterleaving,UNKNOWN,0
XL-Synthetic_7_B__pptx_small__lsb3.bmp,extended_xl,PPTX,PPTX,small,3,no_buffer,ZIP,0
XL-Synthetic_7_B__pptx_small__lsb3.bmp,extended_xl,PPTX,PPTX,small,3,no_markers,ZIP,0
XL-Synthetic_7_B__rtf_large__lsb1.bmp,extended_xl,RTF,RTF,large,1,full,RTF,1
XL-Synthetic_7_B__rtf_large__lsb1.bmp,extended_xl,RTF,RTF,large,1,no_deinterleaving,RTF,1
XL-Synthetic_7_B__rtf_large__lsb1.bmp,extended_xl,RTF,RTF,large,1,no_buffer,RTF,1
XL-Synthetic_7_B__rtf_large__lsb1.bmp,extended_xl,RTF,RTF,large,1,no_markers,RTF,1
XL-Synthetic_7_B__rtf_large__lsb2.bmp,extended_xl,RTF,RTF,large,2,full,RTF,1
XL-Synthetic_7_B__rtf_large__lsb2.bmp,extended_xl,RTF,RTF,large,2,no_deinterleaving,UNKNOWN,0
XL-Synthetic_7_B__rtf_large__lsb2.bmp,extended_xl,RTF,RTF,large,2,no_buffer,RTF,1
XL-Synthetic_7_B__rtf_large__lsb2.bmp,extended_xl,RTF,RTF,large,2,no_markers,RTF,1
XL-Synthetic_7_B__rtf_large__lsb3.bmp,extended_xl,RTF,RTF,large,3,full,RTF,1
XL-Synthetic_7_B__rtf_large__lsb3.bmp,extended_xl,RTF,RTF,large,3,no_deinterleaving,UNKNOWN,0
XL-Synthetic_7_B__rtf_large__lsb3.bmp,extended_xl,RTF,RTF,large,3,no_buffer,RTF,1
XL-Synthetic_7_B__rtf_large__lsb3.bmp,extended_xl,RTF,RTF,large,3,no_markers,RTF,1
XL-Synthetic_7_B__rtf_medium__lsb1.bmp,extended_xl,RTF,RTF,medium,1,full,RTF,1
XL-Synthetic_7_B__rtf_medium__lsb1.bmp,extended_xl,RTF,RTF,medium,1,no_deinterleaving,RTF,1
XL-Synthetic_7_B__rtf_medium__lsb1.bmp,extended_xl,RTF,RTF,medium,1,no_buffer,RTF,1
XL-Synthetic_7_B__rtf_medium__lsb1.bmp,extended_xl,RTF,RTF,medium,1,no_markers,RTF,1
XL-Synthetic_7_B__rtf_medium__lsb2.bmp,extended_xl,RTF,RTF,medium,2,full,RTF,1
XL-Synthetic_7_B__rtf_medium__lsb2.bmp,extended_xl,RTF,RTF,medium,2,no_deinterleaving,UNKNOWN,0
XL-Synthetic_7_B__rtf_medium__lsb2.bmp,extended_xl,RTF,RTF,medium,2,no_buffer,RTF,1
XL-Synthetic_7_B__rtf_medium__lsb2.bmp,extended_xl,RTF,RTF,medium,2,no_markers,RTF,1
XL-Synthetic_7_B__rtf_medium__lsb3.bmp,extended_xl,RTF,RTF,medium,3,full,RTF,1
XL-Synthetic_7_B__rtf_medium__lsb3.bmp,extended_xl,RTF,RTF,medium,3,no_deinterleaving,UNKNOWN,0
XL-Synthetic_7_B__rtf_medium__lsb3.bmp,extended_xl,RTF,RTF,medium,3,no_buffer,RTF,1
XL-Synthetic_7_B__rtf_medium__lsb3.bmp,extended_xl,RTF,RTF,medium,3,no_markers,RTF,1
XL-Synthetic_7_B__rtf_small__lsb1.bmp,extended_xl,RTF,RTF,small,1,full,RTF,1
XL-Synthetic_7_B__rtf_small__lsb1.bmp,extended_xl,RTF,RTF,small,1,no_deinterleaving,RTF,1
XL-Synthetic_7_B__rtf_small__lsb1.bmp,extended_xl,RTF,RTF,small,1,no_buffer,RTF,1
XL-Synthetic_7_B__rtf_small__lsb1.bmp,extended_xl,RTF,RTF,small,1,no_markers,RTF,1
XL-Synthetic_7_B__rtf_small__lsb2.bmp,extended_xl,RTF,RTF,small,2,full,RTF,1
XL-Synthetic_7_B__rtf_small__lsb2.bmp,extended_xl,RTF,RTF,small,2,no_deinterleaving,UNKNOWN,0
XL-Synthetic_7_B__rtf_small__lsb2.bmp,extended_xl,RTF,RTF,small,2,no_buffer,RTF,1
XL-Synthetic_7_B__rtf_small__lsb2.bmp,extended_xl,RTF,RTF,small,2,no_markers,RTF,1
XL-Synthetic_7_B__rtf_small__lsb3.bmp,extended_xl,RTF,RTF,small,3,full,RTF,1
XL-Synthetic_7_B__rtf_small__lsb3.bmp,extended_xl,RTF,RTF,small,3,no_deinterleaving,UNKNOWN,0
XL-Synthetic_7_B__rtf_small__lsb3.bmp,extended_xl,RTF,RTF,small,3,no_buffer,RTF,1
XL-Synthetic_7_B__rtf_small__lsb3.bmp,extended_xl,RTF,RTF,small,3,no_markers,RTF,1
XL-Synthetic_7_B__xlsx_large__lsb1.bmp,extended_xl,XLSX,XLSX,large,1,full,XLSX,1
XL-Synthetic_7_B__xlsx_large__lsb1.bmp,extended_xl,XLSX,XLSX,large,1,no_deinterleaving,XLSX,1
XL-Synthetic_7_B__xlsx_large__lsb1.bmp,extended_xl,XLSX,XLSX,large,1,no_buffer,ZIP,0
XL-Synthetic_7_B__xlsx_large__lsb1.bmp,extended_xl,XLSX,XLSX,large,1,no_markers,ZIP,0
XL-Synthetic_7_B__xlsx_large__lsb2.bmp,extended_xl,XLSX,XLSX,large,2,full,XLSX,1
XL-Synthetic_7_B__xlsx_large__lsb2.bmp,extended_xl,XLSX,XLSX,large,2,no_deinterleaving,UNKNOWN,0
XL-Synthetic_7_B__xlsx_large__lsb2.bmp,extended_xl,XLSX,XLSX,large,2,no_buffer,ZIP,0
XL-Synthetic_7_B__xlsx_large__lsb2.bmp,extended_xl,XLSX,XLSX,large,2,no_markers,ZIP,0
XL-Synthetic_7_B__xlsx_large__lsb3.bmp,extended_xl,XLSX,XLSX,large,3,full,XLSX,1
XL-Synthetic_7_B__xlsx_large__lsb3.bmp,extended_xl,XLSX,XLSX,large,3,no_deinterleaving,UNKNOWN,0
XL-Synthetic_7_B__xlsx_large__lsb3.bmp,extended_xl,XLSX,XLSX,large,3,no_buffer,ZIP,0
XL-Synthetic_7_B__xlsx_large__lsb3.bmp,extended_xl,XLSX,XLSX,large,3,no_markers,ZIP,0
XL-Synthetic_7_B__xlsx_medium__lsb1.bmp,extended_xl,XLSX,XLSX,medium,1,full,XLSX,1
XL-Synthetic_7_B__xlsx_medium__lsb1.bmp,extended_xl,XLSX,XLSX,medium,1,no_deinterleaving,XLSX,1
XL-Synthetic_7_B__xlsx_medium__lsb1.bmp,extended_xl,XLSX,XLSX,medium,1,no_buffer,ZIP,0
XL-Synthetic_7_B__xlsx_medium__lsb1.bmp,extended_xl,XLSX,XLSX,medium,1,no_markers,ZIP,0
XL-Synthetic_7_B__xlsx_medium__lsb2.bmp,extended_xl,XLSX,XLSX,medium,2,full,XLSX,1
XL-Synthetic_7_B__xlsx_medium__lsb2.bmp,extended_xl,XLSX,XLSX,medium,2,no_deinterleaving,UNKNOWN,0
XL-Synthetic_7_B__xlsx_medium__lsb2.bmp,extended_xl,XLSX,XLSX,medium,2,no_buffer,ZIP,0
XL-Synthetic_7_B__xlsx_medium__lsb2.bmp,extended_xl,XLSX,XLSX,medium,2,no_markers,ZIP,0
XL-Synthetic_7_B__xlsx_medium__lsb3.bmp,extended_xl,XLSX,XLSX,medium,3,full,XLSX,1
XL-Synthetic_7_B__xlsx_medium__lsb3.bmp,extended_xl,XLSX,XLSX,medium,3,no_deinterleaving,UNKNOWN,0
XL-Synthetic_7_B__xlsx_medium__lsb3.bmp,extended_xl,XLSX,XLSX,medium,3,no_buffer,ZIP,0
XL-Synthetic_7_B__xlsx_medium__lsb3.bmp,extended_xl,XLSX,XLSX,medium,3,no_markers,ZIP,0
XL-Synthetic_7_B__xlsx_small__lsb1.bmp,extended_xl,XLSX,XLSX,small,1,full,XLSX,1
XL-Synthetic_7_B__xlsx_small__lsb1.bmp,extended_xl,XLSX,XLSX,small,1,no_deinterleaving,XLSX,1
XL-Synthetic_7_B__xlsx_small__lsb1.bmp,extended_xl,XLSX,XLSX,small,1,no_buffer,ZIP,0
XL-Synthetic_7_B__xlsx_small__lsb1.bmp,extended_xl,XLSX,XLSX,small,1,no_markers,ZIP,0
XL-Synthetic_7_B__xlsx_small__lsb2.bmp,extended_xl,XLSX,XLSX,small,2,full,XLSX,1
XL-Synthetic_7_B__xlsx_small__lsb2.bmp,extended_xl,XLSX,XLSX,small,2,no_deinterleaving,UNKNOWN,0
XL-Synthetic_7_B__xlsx_small__lsb2.bmp,extended_xl,XLSX,XLSX,small,2,no_buffer,ZIP,0
XL-Synthetic_7_B__xlsx_small__lsb2.bmp,extended_xl,XLSX,XLSX,small,2,no_markers,ZIP,0
XL-Synthetic_7_B__xlsx_small__lsb3.bmp,extended_xl,XLSX,XLSX,small,3,full,XLSX,1
XL-Synthetic_7_B__xlsx_small__lsb3.bmp,extended_xl,XLSX,XLSX,small,3,no_deinterleaving,UNKNOWN,0
XL-Synthetic_7_B__xlsx_small__lsb3.bmp,extended_xl,XLSX,XLSX,small,3,no_buffer,ZIP,0
XL-Synthetic_7_B__xlsx_small__lsb3.bmp,extended_xl,XLSX,XLSX,small,3,no_markers,ZIP,0
XL-Synthetic_7_P__docx_large__lsb3.png,extended_xl,DOCX,DOCX,large,3,full,DOCX,1
XL-Synthetic_7_P__docx_large__lsb3.png,extended_xl,DOCX,DOCX,large,3,no_deinterleaving,UNKNOWN,0
XL-Synthetic_7_P__docx_large__lsb3.png,extended_xl,DOCX,DOCX,large,3,no_buffer,ZIP,0
XL-Synthetic_7_P__docx_large__lsb3.png,extended_xl,DOCX,DOCX,large,3,no_markers,ZIP,0
XL-Synthetic_7_P__docx_medium__lsb2.png,extended_xl,DOCX,DOCX,medium,2,full,DOCX,1
XL-Synthetic_7_P__docx_medium__lsb2.png,extended_xl,DOCX,DOCX,medium,2,no_deinterleaving,UNKNOWN,0
XL-Synthetic_7_P__docx_medium__lsb2.png,extended_xl,DOCX,DOCX,medium,2,no_buffer,ZIP,0
XL-Synthetic_7_P__docx_medium__lsb2.png,extended_xl,DOCX,DOCX,medium,2,no_markers,ZIP,0
XL-Synthetic_7_P__docx_medium__lsb3.png,extended_xl,DOCX,DOCX,medium,3,full,DOCX,1
XL-Synthetic_7_P__docx_medium__lsb3.png,extended_xl,DOCX,DOCX,medium,3,no_deinterleaving,UNKNOWN,0
XL-Synthetic_7_P__docx_medium__lsb3.png,extended_xl,DOCX,DOCX,medium,3,no_buffer,ZIP,0
XL-Synthetic_7_P__docx_medium__lsb3.png,extended_xl,DOCX,DOCX,medium,3,no_markers,ZIP,0
XL-Synthetic_7_P__docx_small__lsb1.png,extended_xl,DOCX,DOCX,small,1,full,DOCX,1
XL-Synthetic_7_P__docx_small__lsb1.png,extended_xl,DOCX,DOCX,small,1,no_deinterleaving,DOCX,1
XL-Synthetic_7_P__docx_small__lsb1.png,extended_xl,DOCX,DOCX,small,1,no_buffer,ZIP,0
XL-Synthetic_7_P__docx_small__lsb1.png,extended_xl,DOCX,DOCX,small,1,no_markers,ZIP,0
XL-Synthetic_7_P__docx_small__lsb2.png,extended_xl,DOCX,DOCX,small,2,full,DOCX,1
XL-Synthetic_7_P__docx_small__lsb2.png,extended_xl,DOCX,DOCX,small,2,no_deinterleaving,UNKNOWN,0
XL-Synthetic_7_P__docx_small__lsb2.png,extended_xl,DOCX,DOCX,small,2,no_buffer,ZIP,0
XL-Synthetic_7_P__docx_small__lsb2.png,extended_xl,DOCX,DOCX,small,2,no_markers,ZIP,0
XL-Synthetic_7_P__docx_small__lsb3.png,extended_xl,DOCX,DOCX,small,3,full,DOCX,1
XL-Synthetic_7_P__docx_small__lsb3.png,extended_xl,DOCX,DOCX,small,3,no_deinterleaving,UNKNOWN,0
XL-Synthetic_7_P__docx_small__lsb3.png,extended_xl,DOCX,DOCX,small,3,no_buffer,ZIP,0
XL-Synthetic_7_P__docx_small__lsb3.png,extended_xl,DOCX,DOCX,small,3,no_markers,ZIP,0
XL-Synthetic_7_P__exe_large__lsb3.png,extended_xl,EXE,EXE,large,3,full,EXE,1
XL-Synthetic_7_P__exe_large__lsb3.png,extended_xl,EXE,EXE,large,3,no_deinterleaving,UNKNOWN,0
XL-Synthetic_7_P__exe_large__lsb3.png,extended_xl,EXE,EXE,large,3,no_buffer,EXE,1
XL-Synthetic_7_P__exe_large__lsb3.png,extended_xl,EXE,EXE,large,3,no_markers,EXE,1
XL-Synthetic_7_P__exe_medium__lsb2.png,extended_xl,EXE,EXE,medium,2,full,EXE,1
XL-Synthetic_7_P__exe_medium__lsb2.png,extended_xl,EXE,EXE,medium,2,no_deinterleaving,UNKNOWN,0
XL-Synthetic_7_P__exe_medium__lsb2.png,extended_xl,EXE,EXE,medium,2,no_buffer,EXE,1
XL-Synthetic_7_P__exe_medium__lsb2.png,extended_xl,EXE,EXE,medium,2,no_markers,EXE,1
XL-Synthetic_7_P__exe_medium__lsb3.png,extended_xl,EXE,EXE,medium,3,full,EXE,1
XL-Synthetic_7_P__exe_medium__lsb3.png,extended_xl,EXE,EXE,medium,3,no_deinterleaving,UNKNOWN,0
XL-Synthetic_7_P__exe_medium__lsb3.png,extended_xl,EXE,EXE,medium,3,no_buffer,EXE,1
XL-Synthetic_7_P__exe_medium__lsb3.png,extended_xl,EXE,EXE,medium,3,no_markers,EXE,1
XL-Synthetic_7_P__exe_small__lsb1.png,extended_xl,EXE,EXE,small,1,full,EXE,1
XL-Synthetic_7_P__exe_small__lsb1.png,extended_xl,EXE,EXE,small,1,no_deinterleaving,EXE,1
XL-Synthetic_7_P__exe_small__lsb1.png,extended_xl,EXE,EXE,small,1,no_buffer,EXE,1
XL-Synthetic_7_P__exe_small__lsb1.png,extended_xl,EXE,EXE,small,1,no_markers,EXE,1
XL-Synthetic_7_P__exe_small__lsb2.png,extended_xl,EXE,EXE,small,2,full,EXE,1
XL-Synthetic_7_P__exe_small__lsb2.png,extended_xl,EXE,EXE,small,2,no_deinterleaving,UNKNOWN,0
XL-Synthetic_7_P__exe_small__lsb2.png,extended_xl,EXE,EXE,small,2,no_buffer,EXE,1
XL-Synthetic_7_P__exe_small__lsb2.png,extended_xl,EXE,EXE,small,2,no_markers,EXE,1
XL-Synthetic_7_P__exe_small__lsb3.png,extended_xl,EXE,EXE,small,3,full,EXE,1
XL-Synthetic_7_P__exe_small__lsb3.png,extended_xl,EXE,EXE,small,3,no_deinterleaving,UNKNOWN,0
XL-Synthetic_7_P__exe_small__lsb3.png,extended_xl,EXE,EXE,small,3,no_buffer,EXE,1
XL-Synthetic_7_P__exe_small__lsb3.png,extended_xl,EXE,EXE,small,3,no_markers,EXE,1
XL-Synthetic_7_P__pdf_large__lsb3.png,extended_xl,PDF,PDF,large,3,full,PDF,1
XL-Synthetic_7_P__pdf_large__lsb3.png,extended_xl,PDF,PDF,large,3,no_deinterleaving,UNKNOWN,0
XL-Synthetic_7_P__pdf_large__lsb3.png,extended_xl,PDF,PDF,large,3,no_buffer,PDF,1
XL-Synthetic_7_P__pdf_large__lsb3.png,extended_xl,PDF,PDF,large,3,no_markers,PDF,1
XL-Synthetic_7_P__pdf_medium__lsb2.png,extended_xl,PDF,PDF,medium,2,full,PDF,1
XL-Synthetic_7_P__pdf_medium__lsb2.png,extended_xl,PDF,PDF,medium,2,no_deinterleaving,UNKNOWN,0
XL-Synthetic_7_P__pdf_medium__lsb2.png,extended_xl,PDF,PDF,medium,2,no_buffer,PDF,1
XL-Synthetic_7_P__pdf_medium__lsb2.png,extended_xl,PDF,PDF,medium,2,no_markers,PDF,1
XL-Synthetic_7_P__pdf_medium__lsb3.png,extended_xl,PDF,PDF,medium,3,full,PDF,1
XL-Synthetic_7_P__pdf_medium__lsb3.png,extended_xl,PDF,PDF,medium,3,no_deinterleaving,UNKNOWN,0
XL-Synthetic_7_P__pdf_medium__lsb3.png,extended_xl,PDF,PDF,medium,3,no_buffer,PDF,1
XL-Synthetic_7_P__pdf_medium__lsb3.png,extended_xl,PDF,PDF,medium,3,no_markers,PDF,1
XL-Synthetic_7_P__pdf_small__lsb1.png,extended_xl,PDF,PDF,small,1,full,PDF,1
XL-Synthetic_7_P__pdf_small__lsb1.png,extended_xl,PDF,PDF,small,1,no_deinterleaving,PDF,1
XL-Synthetic_7_P__pdf_small__lsb1.png,extended_xl,PDF,PDF,small,1,no_buffer,PDF,1
XL-Synthetic_7_P__pdf_small__lsb1.png,extended_xl,PDF,PDF,small,1,no_markers,PDF,1
XL-Synthetic_7_P__pdf_small__lsb2.png,extended_xl,PDF,PDF,small,2,full,PDF,1
XL-Synthetic_7_P__pdf_small__lsb2.png,extended_xl,PDF,PDF,small,2,no_deinterleaving,UNKNOWN,0
XL-Synthetic_7_P__pdf_small__lsb2.png,extended_xl,PDF,PDF,small,2,no_buffer,PDF,1
XL-Synthetic_7_P__pdf_small__lsb2.png,extended_xl,PDF,PDF,small,2,no_markers,PDF,1
XL-Synthetic_7_P__pdf_small__lsb3.png,extended_xl,PDF,PDF,small,3,full,PDF,1
XL-Synthetic_7_P__pdf_small__lsb3.png,extended_xl,PDF,PDF,small,3,no_deinterleaving,UNKNOWN,0
XL-Synthetic_7_P__pdf_small__lsb3.png,extended_xl,PDF,PDF,small,3,no_buffer,PDF,1
XL-Synthetic_7_P__pdf_small__lsb3.png,extended_xl,PDF,PDF,small,3,no_markers,PDF,1
XL-Synthetic_7_P__pptx_large__lsb3.png,extended_xl,PPTX,PPTX,large,3,full,PPTX,1
XL-Synthetic_7_P__pptx_large__lsb3.png,extended_xl,PPTX,PPTX,large,3,no_deinterleaving,UNKNOWN,0
XL-Synthetic_7_P__pptx_large__lsb3.png,extended_xl,PPTX,PPTX,large,3,no_buffer,ZIP,0
XL-Synthetic_7_P__pptx_large__lsb3.png,extended_xl,PPTX,PPTX,large,3,no_markers,ZIP,0
XL-Synthetic_7_P__pptx_medium__lsb2.png,extended_xl,PPTX,PPTX,medium,2,full,PPTX,1
XL-Synthetic_7_P__pptx_medium__lsb2.png,extended_xl,PPTX,PPTX,medium,2,no_deinterleaving,UNKNOWN,0
XL-Synthetic_7_P__pptx_medium__lsb2.png,extended_xl,PPTX,PPTX,medium,2,no_buffer,ZIP,0
XL-Synthetic_7_P__pptx_medium__lsb2.png,extended_xl,PPTX,PPTX,medium,2,no_markers,ZIP,0
XL-Synthetic_7_P__pptx_medium__lsb3.png,extended_xl,PPTX,PPTX,medium,3,full,PPTX,1
XL-Synthetic_7_P__pptx_medium__lsb3.png,extended_xl,PPTX,PPTX,medium,3,no_deinterleaving,UNKNOWN,0
XL-Synthetic_7_P__pptx_medium__lsb3.png,extended_xl,PPTX,PPTX,medium,3,no_buffer,ZIP,0
XL-Synthetic_7_P__pptx_medium__lsb3.png,extended_xl,PPTX,PPTX,medium,3,no_markers,ZIP,0
XL-Synthetic_7_P__pptx_small__lsb1.png,extended_xl,PPTX,PPTX,small,1,full,PPTX,1
XL-Synthetic_7_P__pptx_small__lsb1.png,extended_xl,PPTX,PPTX,small,1,no_deinterleaving,PPTX,1
XL-Synthetic_7_P__pptx_small__lsb1.png,extended_xl,PPTX,PPTX,small,1,no_buffer,ZIP,0
XL-Synthetic_7_P__pptx_small__lsb1.png,extended_xl,PPTX,PPTX,small,1,no_markers,ZIP,0
XL-Synthetic_7_P__pptx_small__lsb2.png,extended_xl,PPTX,PPTX,small,2,full,PPTX,1
XL-Synthetic_7_P__pptx_small__lsb2.png,extended_xl,PPTX,PPTX,small,2,no_deinterleaving,UNKNOWN,0
XL-Synthetic_7_P__pptx_small__lsb2.png,extended_xl,PPTX,PPTX,small,2,no_buffer,ZIP,0
XL-Synthetic_7_P__pptx_small__lsb2.png,extended_xl,PPTX,PPTX,small,2,no_markers,ZIP,0
XL-Synthetic_7_P__pptx_small__lsb3.png,extended_xl,PPTX,PPTX,small,3,full,PPTX,1
XL-Synthetic_7_P__pptx_small__lsb3.png,extended_xl,PPTX,PPTX,small,3,no_deinterleaving,UNKNOWN,0
XL-Synthetic_7_P__pptx_small__lsb3.png,extended_xl,PPTX,PPTX,small,3,no_buffer,ZIP,0
XL-Synthetic_7_P__pptx_small__lsb3.png,extended_xl,PPTX,PPTX,small,3,no_markers,ZIP,0
XL-Synthetic_7_P__rtf_large__lsb3.png,extended_xl,RTF,RTF,large,3,full,RTF,1
XL-Synthetic_7_P__rtf_large__lsb3.png,extended_xl,RTF,RTF,large,3,no_deinterleaving,UNKNOWN,0
XL-Synthetic_7_P__rtf_large__lsb3.png,extended_xl,RTF,RTF,large,3,no_buffer,RTF,1
XL-Synthetic_7_P__rtf_large__lsb3.png,extended_xl,RTF,RTF,large,3,no_markers,RTF,1
XL-Synthetic_7_P__rtf_medium__lsb2.png,extended_xl,RTF,RTF,medium,2,full,RTF,1
XL-Synthetic_7_P__rtf_medium__lsb2.png,extended_xl,RTF,RTF,medium,2,no_deinterleaving,UNKNOWN,0
XL-Synthetic_7_P__rtf_medium__lsb2.png,extended_xl,RTF,RTF,medium,2,no_buffer,RTF,1
XL-Synthetic_7_P__rtf_medium__lsb2.png,extended_xl,RTF,RTF,medium,2,no_markers,RTF,1
XL-Synthetic_7_P__rtf_medium__lsb3.png,extended_xl,RTF,RTF,medium,3,full,RTF,1
XL-Synthetic_7_P__rtf_medium__lsb3.png,extended_xl,RTF,RTF,medium,3,no_deinterleaving,UNKNOWN,0
XL-Synthetic_7_P__rtf_medium__lsb3.png,extended_xl,RTF,RTF,medium,3,no_buffer,RTF,1
XL-Synthetic_7_P__rtf_medium__lsb3.png,extended_xl,RTF,RTF,medium,3,no_markers,RTF,1
XL-Synthetic_7_P__rtf_small__lsb1.png,extended_xl,RTF,RTF,small,1,full,RTF,1
XL-Synthetic_7_P__rtf_small__lsb1.png,extended_xl,RTF,RTF,small,1,no_deinterleaving,RTF,1
XL-Synthetic_7_P__rtf_small__lsb1.png,extended_xl,RTF,RTF,small,1,no_buffer,RTF,1
XL-Synthetic_7_P__rtf_small__lsb1.png,extended_xl,RTF,RTF,small,1,no_markers,RTF,1
XL-Synthetic_7_P__rtf_small__lsb2.png,extended_xl,RTF,RTF,small,2,full,RTF,1
XL-Synthetic_7_P__rtf_small__lsb2.png,extended_xl,RTF,RTF,small,2,no_deinterleaving,UNKNOWN,0
XL-Synthetic_7_P__rtf_small__lsb2.png,extended_xl,RTF,RTF,small,2,no_buffer,RTF,1
XL-Synthetic_7_P__rtf_small__lsb2.png,extended_xl,RTF,RTF,small,2,no_markers,RTF,1
XL-Synthetic_7_P__rtf_small__lsb3.png,extended_xl,RTF,RTF,small,3,full,RTF,1
XL-Synthetic_7_P__rtf_small__lsb3.png,extended_xl,RTF,RTF,small,3,no_deinterleaving,UNKNOWN,0
XL-Synthetic_7_P__rtf_small__lsb3.png,extended_xl,RTF,RTF,small,3,no_buffer,RTF,1
XL-Synthetic_7_P__rtf_small__lsb3.png,extended_xl,RTF,RTF,small,3,no_markers,RTF,1
XL-Synthetic_7_P__xlsx_large__lsb3.png,extended_xl,XLSX,XLSX,large,3,full,XLSX,1
XL-Synthetic_7_P__xlsx_large__lsb3.png,extended_xl,XLSX,XLSX,large,3,no_deinterleaving,UNKNOWN,0
XL-Synthetic_7_P__xlsx_large__lsb3.png,extended_xl,XLSX,XLSX,large,3,no_buffer,ZIP,0
XL-Synthetic_7_P__xlsx_large__lsb3.png,extended_xl,XLSX,XLSX,large,3,no_markers,ZIP,0
XL-Synthetic_7_P__xlsx_medium__lsb2.png,extended_xl,XLSX,XLSX,medium,2,full,XLSX,1
XL-Synthetic_7_P__xlsx_medium__lsb2.png,extended_xl,XLSX,XLSX,medium,2,no_deinterleaving,UNKNOWN,0
XL-Synthetic_7_P__xlsx_medium__lsb2.png,extended_xl,XLSX,XLSX,medium,2,no_buffer,ZIP,0
XL-Synthetic_7_P__xlsx_medium__lsb2.png,extended_xl,XLSX,XLSX,medium,2,no_markers,ZIP,0
XL-Synthetic_7_P__xlsx_medium__lsb3.png,extended_xl,XLSX,XLSX,medium,3,full,XLSX,1
XL-Synthetic_7_P__xlsx_medium__lsb3.png,extended_xl,XLSX,XLSX,medium,3,no_deinterleaving,UNKNOWN,0
XL-Synthetic_7_P__xlsx_medium__lsb3.png,extended_xl,XLSX,XLSX,medium,3,no_buffer,ZIP,0
XL-Synthetic_7_P__xlsx_medium__lsb3.png,extended_xl,XLSX,XLSX,medium,3,no_markers,ZIP,0
XL-Synthetic_7_P__xlsx_small__lsb1.png,extended_xl,XLSX,XLSX,small,1,full,XLSX,1
XL-Synthetic_7_P__xlsx_small__lsb1.png,extended_xl,XLSX,XLSX,small,1,no_deinterleaving,XLSX,1
XL-Synthetic_7_P__xlsx_small__lsb1.png,extended_xl,XLSX,XLSX,small,1,no_buffer,ZIP,0
XL-Synthetic_7_P__xlsx_small__lsb1.png,extended_xl,XLSX,XLSX,small,1,no_markers,ZIP,0
XL-Synthetic_7_P__xlsx_small__lsb2.png,extended_xl,XLSX,XLSX,small,2,full,XLSX,1
XL-Synthetic_7_P__xlsx_small__lsb2.png,extended_xl,XLSX,XLSX,small,2,no_deinterleaving,UNKNOWN,0
XL-Synthetic_7_P__xlsx_small__lsb2.png,extended_xl,XLSX,XLSX,small,2,no_buffer,ZIP,0
XL-Synthetic_7_P__xlsx_small__lsb2.png,extended_xl,XLSX,XLSX,small,2,no_markers,ZIP,0
XL-Synthetic_7_P__xlsx_small__lsb3.png,extended_xl,XLSX,XLSX,small,3,full,XLSX,1
XL-Synthetic_7_P__xlsx_small__lsb3.png,extended_xl,XLSX,XLSX,small,3,no_deinterleaving,UNKNOWN,0
XL-Synthetic_7_P__xlsx_small__lsb3.png,extended_xl,XLSX,XLSX,small,3,no_buffer,ZIP,0
XL-Synthetic_7_P__xlsx_small__lsb3.png,extended_xl,XLSX,XLSX,small,3,no_markers,ZIP,0
XL-Synthetic_8_B__docx_large__lsb1.bmp,extended_xl,DOCX,DOCX,large,1,full,DOCX,1
XL-Synthetic_8_B__docx_large__lsb1.bmp,extended_xl,DOCX,DOCX,large,1,no_deinterleaving,DOCX,1
XL-Synthetic_8_B__docx_large__lsb1.bmp,extended_xl,DOCX,DOCX,large,1,no_buffer,ZIP,0
XL-Synthetic_8_B__docx_large__lsb1.bmp,extended_xl,DOCX,DOCX,large,1,no_markers,ZIP,0
XL-Synthetic_8_B__docx_large__lsb2.bmp,extended_xl,DOCX,DOCX,large,2,full,DOCX,1
XL-Synthetic_8_B__docx_large__lsb2.bmp,extended_xl,DOCX,DOCX,large,2,no_deinterleaving,UNKNOWN,0
XL-Synthetic_8_B__docx_large__lsb2.bmp,extended_xl,DOCX,DOCX,large,2,no_buffer,ZIP,0
XL-Synthetic_8_B__docx_large__lsb2.bmp,extended_xl,DOCX,DOCX,large,2,no_markers,ZIP,0
XL-Synthetic_8_B__docx_large__lsb3.bmp,extended_xl,DOCX,DOCX,large,3,full,DOCX,1
XL-Synthetic_8_B__docx_large__lsb3.bmp,extended_xl,DOCX,DOCX,large,3,no_deinterleaving,UNKNOWN,0
XL-Synthetic_8_B__docx_large__lsb3.bmp,extended_xl,DOCX,DOCX,large,3,no_buffer,ZIP,0
XL-Synthetic_8_B__docx_large__lsb3.bmp,extended_xl,DOCX,DOCX,large,3,no_markers,ZIP,0
XL-Synthetic_8_B__docx_medium__lsb1.bmp,extended_xl,DOCX,DOCX,medium,1,full,DOCX,1
XL-Synthetic_8_B__docx_medium__lsb1.bmp,extended_xl,DOCX,DOCX,medium,1,no_deinterleaving,DOCX,1
XL-Synthetic_8_B__docx_medium__lsb1.bmp,extended_xl,DOCX,DOCX,medium,1,no_buffer,ZIP,0
XL-Synthetic_8_B__docx_medium__lsb1.bmp,extended_xl,DOCX,DOCX,medium,1,no_markers,ZIP,0
XL-Synthetic_8_B__docx_medium__lsb2.bmp,extended_xl,DOCX,DOCX,medium,2,full,DOCX,1
XL-Synthetic_8_B__docx_medium__lsb2.bmp,extended_xl,DOCX,DOCX,medium,2,no_deinterleaving,UNKNOWN,0
XL-Synthetic_8_B__docx_medium__lsb2.bmp,extended_xl,DOCX,DOCX,medium,2,no_buffer,ZIP,0
XL-Synthetic_8_B__docx_medium__lsb2.bmp,extended_xl,DOCX,DOCX,medium,2,no_markers,ZIP,0
XL-Synthetic_8_B__docx_medium__lsb3.bmp,extended_xl,DOCX,DOCX,medium,3,full,DOCX,1
XL-Synthetic_8_B__docx_medium__lsb3.bmp,extended_xl,DOCX,DOCX,medium,3,no_deinterleaving,UNKNOWN,0
XL-Synthetic_8_B__docx_medium__lsb3.bmp,extended_xl,DOCX,DOCX,medium,3,no_buffer,ZIP,0
XL-Synthetic_8_B__docx_medium__lsb3.bmp,extended_xl,DOCX,DOCX,medium,3,no_markers,ZIP,0
XL-Synthetic_8_B__docx_small__lsb1.bmp,extended_xl,DOCX,DOCX,small,1,full,DOCX,1
XL-Synthetic_8_B__docx_small__lsb1.bmp,extended_xl,DOCX,DOCX,small,1,no_deinterleaving,DOCX,1
XL-Synthetic_8_B__docx_small__lsb1.bmp,extended_xl,DOCX,DOCX,small,1,no_buffer,ZIP,0
XL-Synthetic_8_B__docx_small__lsb1.bmp,extended_xl,DOCX,DOCX,small,1,no_markers,ZIP,0
XL-Synthetic_8_B__docx_small__lsb2.bmp,extended_xl,DOCX,DOCX,small,2,full,DOCX,1
XL-Synthetic_8_B__docx_small__lsb2.bmp,extended_xl,DOCX,DOCX,small,2,no_deinterleaving,UNKNOWN,0
XL-Synthetic_8_B__docx_small__lsb2.bmp,extended_xl,DOCX,DOCX,small,2,no_buffer,ZIP,0
XL-Synthetic_8_B__docx_small__lsb2.bmp,extended_xl,DOCX,DOCX,small,2,no_markers,ZIP,0
XL-Synthetic_8_B__docx_small__lsb3.bmp,extended_xl,DOCX,DOCX,small,3,full,DOCX,1
XL-Synthetic_8_B__docx_small__lsb3.bmp,extended_xl,DOCX,DOCX,small,3,no_deinterleaving,UNKNOWN,0
XL-Synthetic_8_B__docx_small__lsb3.bmp,extended_xl,DOCX,DOCX,small,3,no_buffer,ZIP,0
XL-Synthetic_8_B__docx_small__lsb3.bmp,extended_xl,DOCX,DOCX,small,3,no_markers,ZIP,0
XL-Synthetic_8_B__exe_large__lsb1.bmp,extended_xl,EXE,EXE,large,1,full,EXE,1
XL-Synthetic_8_B__exe_large__lsb1.bmp,extended_xl,EXE,EXE,large,1,no_deinterleaving,EXE,1
XL-Synthetic_8_B__exe_large__lsb1.bmp,extended_xl,EXE,EXE,large,1,no_buffer,EXE,1
XL-Synthetic_8_B__exe_large__lsb1.bmp,extended_xl,EXE,EXE,large,1,no_markers,EXE,1
XL-Synthetic_8_B__exe_large__lsb2.bmp,extended_xl,EXE,EXE,large,2,full,EXE,1
XL-Synthetic_8_B__exe_large__lsb2.bmp,extended_xl,EXE,EXE,large,2,no_deinterleaving,UNKNOWN,0
XL-Synthetic_8_B__exe_large__lsb2.bmp,extended_xl,EXE,EXE,large,2,no_buffer,EXE,1
XL-Synthetic_8_B__exe_large__lsb2.bmp,extended_xl,EXE,EXE,large,2,no_markers,EXE,1
XL-Synthetic_8_B__exe_large__lsb3.bmp,extended_xl,EXE,EXE,large,3,full,EXE,1
XL-Synthetic_8_B__exe_large__lsb3.bmp,extended_xl,EXE,EXE,large,3,no_deinterleaving,UNKNOWN,0
XL-Synthetic_8_B__exe_large__lsb3.bmp,extended_xl,EXE,EXE,large,3,no_buffer,EXE,1
XL-Synthetic_8_B__exe_large__lsb3.bmp,extended_xl,EXE,EXE,large,3,no_markers,EXE,1
XL-Synthetic_8_B__exe_medium__lsb1.bmp,extended_xl,EXE,EXE,medium,1,full,EXE,1
XL-Synthetic_8_B__exe_medium__lsb1.bmp,extended_xl,EXE,EXE,medium,1,no_deinterleaving,EXE,1
XL-Synthetic_8_B__exe_medium__lsb1.bmp,extended_xl,EXE,EXE,medium,1,no_buffer,EXE,1
XL-Synthetic_8_B__exe_medium__lsb1.bmp,extended_xl,EXE,EXE,medium,1,no_markers,EXE,1
XL-Synthetic_8_B__exe_medium__lsb2.bmp,extended_xl,EXE,EXE,medium,2,full,EXE,1
XL-Synthetic_8_B__exe_medium__lsb2.bmp,extended_xl,EXE,EXE,medium,2,no_deinterleaving,UNKNOWN,0
XL-Synthetic_8_B__exe_medium__lsb2.bmp,extended_xl,EXE,EXE,medium,2,no_buffer,EXE,1
XL-Synthetic_8_B__exe_medium__lsb2.bmp,extended_xl,EXE,EXE,medium,2,no_markers,EXE,1
XL-Synthetic_8_B__exe_medium__lsb3.bmp,extended_xl,EXE,EXE,medium,3,full,EXE,1
XL-Synthetic_8_B__exe_medium__lsb3.bmp,extended_xl,EXE,EXE,medium,3,no_deinterleaving,UNKNOWN,0
XL-Synthetic_8_B__exe_medium__lsb3.bmp,extended_xl,EXE,EXE,medium,3,no_buffer,EXE,1
XL-Synthetic_8_B__exe_medium__lsb3.bmp,extended_xl,EXE,EXE,medium,3,no_markers,EXE,1
XL-Synthetic_8_B__exe_small__lsb1.bmp,extended_xl,EXE,EXE,small,1,full,EXE,1
XL-Synthetic_8_B__exe_small__lsb1.bmp,extended_xl,EXE,EXE,small,1,no_deinterleaving,EXE,1
XL-Synthetic_8_B__exe_small__lsb1.bmp,extended_xl,EXE,EXE,small,1,no_buffer,EXE,1
XL-Synthetic_8_B__exe_small__lsb1.bmp,extended_xl,EXE,EXE,small,1,no_markers,EXE,1
XL-Synthetic_8_B__exe_small__lsb2.bmp,extended_xl,EXE,EXE,small,2,full,EXE,1
XL-Synthetic_8_B__exe_small__lsb2.bmp,extended_xl,EXE,EXE,small,2,no_deinterleaving,UNKNOWN,0
XL-Synthetic_8_B__exe_small__lsb2.bmp,extended_xl,EXE,EXE,small,2,no_buffer,EXE,1
XL-Synthetic_8_B__exe_small__lsb2.bmp,extended_xl,EXE,EXE,small,2,no_markers,EXE,1
XL-Synthetic_8_B__exe_small__lsb3.bmp,extended_xl,EXE,EXE,small,3,full,EXE,1
XL-Synthetic_8_B__exe_small__lsb3.bmp,extended_xl,EXE,EXE,small,3,no_deinterleaving,UNKNOWN,0
XL-Synthetic_8_B__exe_small__lsb3.bmp,extended_xl,EXE,EXE,small,3,no_buffer,EXE,1
XL-Synthetic_8_B__exe_small__lsb3.bmp,extended_xl,EXE,EXE,small,3,no_markers,EXE,1
XL-Synthetic_8_B__pdf_large__lsb1.bmp,extended_xl,PDF,PDF,large,1,full,PDF,1
XL-Synthetic_8_B__pdf_large__lsb1.bmp,extended_xl,PDF,PDF,large,1,no_deinterleaving,PDF,1
XL-Synthetic_8_B__pdf_large__lsb1.bmp,extended_xl,PDF,PDF,large,1,no_buffer,PDF,1
XL-Synthetic_8_B__pdf_large__lsb1.bmp,extended_xl,PDF,PDF,large,1,no_markers,PDF,1
XL-Synthetic_8_B__pdf_large__lsb2.bmp,extended_xl,PDF,PDF,large,2,full,PDF,1
XL-Synthetic_8_B__pdf_large__lsb2.bmp,extended_xl,PDF,PDF,large,2,no_deinterleaving,UNKNOWN,0
XL-Synthetic_8_B__pdf_large__lsb2.bmp,extended_xl,PDF,PDF,large,2,no_buffer,PDF,1
XL-Synthetic_8_B__pdf_large__lsb2.bmp,extended_xl,PDF,PDF,large,2,no_markers,PDF,1
XL-Synthetic_8_B__pdf_large__lsb3.bmp,extended_xl,PDF,PDF,large,3,full,PDF,1
XL-Synthetic_8_B__pdf_large__lsb3.bmp,extended_xl,PDF,PDF,large,3,no_deinterleaving,UNKNOWN,0
XL-Synthetic_8_B__pdf_large__lsb3.bmp,extended_xl,PDF,PDF,large,3,no_buffer,PDF,1
XL-Synthetic_8_B__pdf_large__lsb3.bmp,extended_xl,PDF,PDF,large,3,no_markers,PDF,1
XL-Synthetic_8_B__pdf_medium__lsb1.bmp,extended_xl,PDF,PDF,medium,1,full,PDF,1
XL-Synthetic_8_B__pdf_medium__lsb1.bmp,extended_xl,PDF,PDF,medium,1,no_deinterleaving,PDF,1
XL-Synthetic_8_B__pdf_medium__lsb1.bmp,extended_xl,PDF,PDF,medium,1,no_buffer,PDF,1
XL-Synthetic_8_B__pdf_medium__lsb1.bmp,extended_xl,PDF,PDF,medium,1,no_markers,PDF,1
XL-Synthetic_8_B__pdf_medium__lsb2.bmp,extended_xl,PDF,PDF,medium,2,full,PDF,1
XL-Synthetic_8_B__pdf_medium__lsb2.bmp,extended_xl,PDF,PDF,medium,2,no_deinterleaving,UNKNOWN,0
XL-Synthetic_8_B__pdf_medium__lsb2.bmp,extended_xl,PDF,PDF,medium,2,no_buffer,PDF,1
XL-Synthetic_8_B__pdf_medium__lsb2.bmp,extended_xl,PDF,PDF,medium,2,no_markers,PDF,1
XL-Synthetic_8_B__pdf_medium__lsb3.bmp,extended_xl,PDF,PDF,medium,3,full,PDF,1
XL-Synthetic_8_B__pdf_medium__lsb3.bmp,extended_xl,PDF,PDF,medium,3,no_deinterleaving,UNKNOWN,0
XL-Synthetic_8_B__pdf_medium__lsb3.bmp,extended_xl,PDF,PDF,medium,3,no_buffer,PDF,1
XL-Synthetic_8_B__pdf_medium__lsb3.bmp,extended_xl,PDF,PDF,medium,3,no_markers,PDF,1
XL-Synthetic_8_B__pdf_small__lsb1.bmp,extended_xl,PDF,PDF,small,1,full,PDF,1
XL-Synthetic_8_B__pdf_small__lsb1.bmp,extended_xl,PDF,PDF,small,1,no_deinterleaving,PDF,1
XL-Synthetic_8_B__pdf_small__lsb1.bmp,extended_xl,PDF,PDF,small,1,no_buffer,PDF,1
XL-Synthetic_8_B__pdf_small__lsb1.bmp,extended_xl,PDF,PDF,small,1,no_markers,PDF,1
XL-Synthetic_8_B__pdf_small__lsb2.bmp,extended_xl,PDF,PDF,small,2,full,PDF,1
XL-Synthetic_8_B__pdf_small__lsb2.bmp,extended_xl,PDF,PDF,small,2,no_deinterleaving,UNKNOWN,0
XL-Synthetic_8_B__pdf_small__lsb2.bmp,extended_xl,PDF,PDF,small,2,no_buffer,PDF,1
XL-Synthetic_8_B__pdf_small__lsb2.bmp,extended_xl,PDF,PDF,small,2,no_markers,PDF,1
XL-Synthetic_8_B__pdf_small__lsb3.bmp,extended_xl,PDF,PDF,small,3,full,PDF,1
XL-Synthetic_8_B__pdf_small__lsb3.bmp,extended_xl,PDF,PDF,small,3,no_deinterleaving,UNKNOWN,0
XL-Synthetic_8_B__pdf_small__lsb3.bmp,extended_xl,PDF,PDF,small,3,no_buffer,PDF,1
XL-Synthetic_8_B__pdf_small__lsb3.bmp,extended_xl,PDF,PDF,small,3,no_markers,PDF,1
XL-Synthetic_8_B__pptx_large__lsb1.bmp,extended_xl,PPTX,PPTX,large,1,full,PPTX,1
XL-Synthetic_8_B__pptx_large__lsb1.bmp,extended_xl,PPTX,PPTX,large,1,no_deinterleaving,PPTX,1
XL-Synthetic_8_B__pptx_large__lsb1.bmp,extended_xl,PPTX,PPTX,large,1,no_buffer,ZIP,0
XL-Synthetic_8_B__pptx_large__lsb1.bmp,extended_xl,PPTX,PPTX,large,1,no_markers,ZIP,0
XL-Synthetic_8_B__pptx_large__lsb2.bmp,extended_xl,PPTX,PPTX,large,2,full,PPTX,1
XL-Synthetic_8_B__pptx_large__lsb2.bmp,extended_xl,PPTX,PPTX,large,2,no_deinterleaving,UNKNOWN,0
XL-Synthetic_8_B__pptx_large__lsb2.bmp,extended_xl,PPTX,PPTX,large,2,no_buffer,ZIP,0
XL-Synthetic_8_B__pptx_large__lsb2.bmp,extended_xl,PPTX,PPTX,large,2,no_markers,ZIP,0
XL-Synthetic_8_B__pptx_large__lsb3.bmp,extended_xl,PPTX,PPTX,large,3,full,PPTX,1
XL-Synthetic_8_B__pptx_large__lsb3.bmp,extended_xl,PPTX,PPTX,large,3,no_deinterleaving,UNKNOWN,0
XL-Synthetic_8_B__pptx_large__lsb3.bmp,extended_xl,PPTX,PPTX,large,3,no_buffer,ZIP,0
XL-Synthetic_8_B__pptx_large__lsb3.bmp,extended_xl,PPTX,PPTX,large,3,no_markers,ZIP,0
XL-Synthetic_8_B__pptx_medium__lsb1.bmp,extended_xl,PPTX,PPTX,medium,1,full,PPTX,1
XL-Synthetic_8_B__pptx_medium__lsb1.bmp,extended_xl,PPTX,PPTX,medium,1,no_deinterleaving,PPTX,1
XL-Synthetic_8_B__pptx_medium__lsb1.bmp,extended_xl,PPTX,PPTX,medium,1,no_buffer,ZIP,0
XL-Synthetic_8_B__pptx_medium__lsb1.bmp,extended_xl,PPTX,PPTX,medium,1,no_markers,ZIP,0
XL-Synthetic_8_B__pptx_medium__lsb2.bmp,extended_xl,PPTX,PPTX,medium,2,full,PPTX,1
XL-Synthetic_8_B__pptx_medium__lsb2.bmp,extended_xl,PPTX,PPTX,medium,2,no_deinterleaving,UNKNOWN,0
XL-Synthetic_8_B__pptx_medium__lsb2.bmp,extended_xl,PPTX,PPTX,medium,2,no_buffer,ZIP,0
XL-Synthetic_8_B__pptx_medium__lsb2.bmp,extended_xl,PPTX,PPTX,medium,2,no_markers,ZIP,0
XL-Synthetic_8_B__pptx_medium__lsb3.bmp,extended_xl,PPTX,PPTX,medium,3,full,PPTX,1
XL-Synthetic_8_B__pptx_medium__lsb3.bmp,extended_xl,PPTX,PPTX,medium,3,no_deinterleaving,UNKNOWN,0
XL-Synthetic_8_B__pptx_medium__lsb3.bmp,extended_xl,PPTX,PPTX,medium,3,no_buffer,ZIP,0
XL-Synthetic_8_B__pptx_medium__lsb3.bmp,extended_xl,PPTX,PPTX,medium,3,no_markers,ZIP,0
XL-Synthetic_8_B__pptx_small__lsb1.bmp,extended_xl,PPTX,PPTX,small,1,full,PPTX,1
XL-Synthetic_8_B__pptx_small__lsb1.bmp,extended_xl,PPTX,PPTX,small,1,no_deinterleaving,PPTX,1
XL-Synthetic_8_B__pptx_small__lsb1.bmp,extended_xl,PPTX,PPTX,small,1,no_buffer,ZIP,0
XL-Synthetic_8_B__pptx_small__lsb1.bmp,extended_xl,PPTX,PPTX,small,1,no_markers,ZIP,0
XL-Synthetic_8_B__pptx_small__lsb2.bmp,extended_xl,PPTX,PPTX,small,2,full,PPTX,1
XL-Synthetic_8_B__pptx_small__lsb2.bmp,extended_xl,PPTX,PPTX,small,2,no_deinterleaving,UNKNOWN,0
XL-Synthetic_8_B__pptx_small__lsb2.bmp,extended_xl,PPTX,PPTX,small,2,no_buffer,ZIP,0
XL-Synthetic_8_B__pptx_small__lsb2.bmp,extended_xl,PPTX,PPTX,small,2,no_markers,ZIP,0
XL-Synthetic_8_B__pptx_small__lsb3.bmp,extended_xl,PPTX,PPTX,small,3,full,PPTX,1
XL-Synthetic_8_B__pptx_small__lsb3.bmp,extended_xl,PPTX,PPTX,small,3,no_deinterleaving,UNKNOWN,0
XL-Synthetic_8_B__pptx_small__lsb3.bmp,extended_xl,PPTX,PPTX,small,3,no_buffer,ZIP,0
XL-Synthetic_8_B__pptx_small__lsb3.bmp,extended_xl,PPTX,PPTX,small,3,no_markers,ZIP,0
XL-Synthetic_8_B__rtf_large__lsb1.bmp,extended_xl,RTF,RTF,large,1,full,RTF,1
XL-Synthetic_8_B__rtf_large__lsb1.bmp,extended_xl,RTF,RTF,large,1,no_deinterleaving,RTF,1
XL-Synthetic_8_B__rtf_large__lsb1.bmp,extended_xl,RTF,RTF,large,1,no_buffer,RTF,1
XL-Synthetic_8_B__rtf_large__lsb1.bmp,extended_xl,RTF,RTF,large,1,no_markers,RTF,1
XL-Synthetic_8_B__rtf_large__lsb2.bmp,extended_xl,RTF,RTF,large,2,full,RTF,1
XL-Synthetic_8_B__rtf_large__lsb2.bmp,extended_xl,RTF,RTF,large,2,no_deinterleaving,UNKNOWN,0
XL-Synthetic_8_B__rtf_large__lsb2.bmp,extended_xl,RTF,RTF,large,2,no_buffer,RTF,1
XL-Synthetic_8_B__rtf_large__lsb2.bmp,extended_xl,RTF,RTF,large,2,no_markers,RTF,1
XL-Synthetic_8_B__rtf_large__lsb3.bmp,extended_xl,RTF,RTF,large,3,full,RTF,1
XL-Synthetic_8_B__rtf_large__lsb3.bmp,extended_xl,RTF,RTF,large,3,no_deinterleaving,UNKNOWN,0
XL-Synthetic_8_B__rtf_large__lsb3.bmp,extended_xl,RTF,RTF,large,3,no_buffer,RTF,1
XL-Synthetic_8_B__rtf_large__lsb3.bmp,extended_xl,RTF,RTF,large,3,no_markers,RTF,1
XL-Synthetic_8_B__rtf_medium__lsb1.bmp,extended_xl,RTF,RTF,medium,1,full,RTF,1
XL-Synthetic_8_B__rtf_medium__lsb1.bmp,extended_xl,RTF,RTF,medium,1,no_deinterleaving,RTF,1
XL-Synthetic_8_B__rtf_medium__lsb1.bmp,extended_xl,RTF,RTF,medium,1,no_buffer,RTF,1
XL-Synthetic_8_B__rtf_medium__lsb1.bmp,extended_xl,RTF,RTF,medium,1,no_markers,RTF,1
XL-Synthetic_8_B__rtf_medium__lsb2.bmp,extended_xl,RTF,RTF,medium,2,full,RTF,1
XL-Synthetic_8_B__rtf_medium__lsb2.bmp,extended_xl,RTF,RTF,medium,2,no_deinterleaving,UNKNOWN,0
XL-Synthetic_8_B__rtf_medium__lsb2.bmp,extended_xl,RTF,RTF,medium,2,no_buffer,RTF,1
XL-Synthetic_8_B__rtf_medium__lsb2.bmp,extended_xl,RTF,RTF,medium,2,no_markers,RTF,1
XL-Synthetic_8_B__rtf_medium__lsb3.bmp,extended_xl,RTF,RTF,medium,3,full,RTF,1
XL-Synthetic_8_B__rtf_medium__lsb3.bmp,extended_xl,RTF,RTF,medium,3,no_deinterleaving,UNKNOWN,0
XL-Synthetic_8_B__rtf_medium__lsb3.bmp,extended_xl,RTF,RTF,medium,3,no_buffer,RTF,1
XL-Synthetic_8_B__rtf_medium__lsb3.bmp,extended_xl,RTF,RTF,medium,3,no_markers,RTF,1
XL-Synthetic_8_B__rtf_small__lsb1.bmp,extended_xl,RTF,RTF,small,1,full,RTF,1
XL-Synthetic_8_B__rtf_small__lsb1.bmp,extended_xl,RTF,RTF,small,1,no_deinterleaving,RTF,1
XL-Synthetic_8_B__rtf_small__lsb1.bmp,extended_xl,RTF,RTF,small,1,no_buffer,RTF,1
XL-Synthetic_8_B__rtf_small__lsb1.bmp,extended_xl,RTF,RTF,small,1,no_markers,RTF,1
XL-Synthetic_8_B__rtf_small__lsb2.bmp,extended_xl,RTF,RTF,small,2,full,RTF,1
XL-Synthetic_8_B__rtf_small__lsb2.bmp,extended_xl,RTF,RTF,small,2,no_deinterleaving,UNKNOWN,0
XL-Synthetic_8_B__rtf_small__lsb2.bmp,extended_xl,RTF,RTF,small,2,no_buffer,RTF,1
XL-Synthetic_8_B__rtf_small__lsb2.bmp,extended_xl,RTF,RTF,small,2,no_markers,RTF,1
XL-Synthetic_8_B__rtf_small__lsb3.bmp,extended_xl,RTF,RTF,small,3,full,RTF,1
XL-Synthetic_8_B__rtf_small__lsb3.bmp,extended_xl,RTF,RTF,small,3,no_deinterleaving,UNKNOWN,0
XL-Synthetic_8_B__rtf_small__lsb3.bmp,extended_xl,RTF,RTF,small,3,no_buffer,RTF,1
XL-Synthetic_8_B__rtf_small__lsb3.bmp,extended_xl,RTF,RTF,small,3,no_markers,RTF,1
XL-Synthetic_8_B__xlsx_large__lsb1.bmp,extended_xl,XLSX,XLSX,large,1,full,XLSX,1
XL-Synthetic_8_B__xlsx_large__lsb1.bmp,extended_xl,XLSX,XLSX,large,1,no_deinterleaving,XLSX,1
XL-Synthetic_8_B__xlsx_large__lsb1.bmp,extended_xl,XLSX,XLSX,large,1,no_buffer,ZIP,0
XL-Synthetic_8_B__xlsx_large__lsb1.bmp,extended_xl,XLSX,XLSX,large,1,no_markers,ZIP,0
XL-Synthetic_8_B__xlsx_large__lsb2.bmp,extended_xl,XLSX,XLSX,large,2,full,XLSX,1
XL-Synthetic_8_B__xlsx_large__lsb2.bmp,extended_xl,XLSX,XLSX,large,2,no_deinterleaving,UNKNOWN,0
XL-Synthetic_8_B__xlsx_large__lsb2.bmp,extended_xl,XLSX,XLSX,large,2,no_buffer,ZIP,0
XL-Synthetic_8_B__xlsx_large__lsb2.bmp,extended_xl,XLSX,XLSX,large,2,no_markers,ZIP,0
XL-Synthetic_8_B__xlsx_large__lsb3.bmp,extended_xl,XLSX,XLSX,large,3,full,XLSX,1
XL-Synthetic_8_B__xlsx_large__lsb3.bmp,extended_xl,XLSX,XLSX,large,3,no_deinterleaving,UNKNOWN,0
XL-Synthetic_8_B__xlsx_large__lsb3.bmp,extended_xl,XLSX,XLSX,large,3,no_buffer,ZIP,0
XL-Synthetic_8_B__xlsx_large__lsb3.bmp,extended_xl,XLSX,XLSX,large,3,no_markers,ZIP,0
XL-Synthetic_8_B__xlsx_medium__lsb1.bmp,extended_xl,XLSX,XLSX,medium,1,full,XLSX,1
XL-Synthetic_8_B__xlsx_medium__lsb1.bmp,extended_xl,XLSX,XLSX,medium,1,no_deinterleaving,XLSX,1
XL-Synthetic_8_B__xlsx_medium__lsb1.bmp,extended_xl,XLSX,XLSX,medium,1,no_buffer,ZIP,0
XL-Synthetic_8_B__xlsx_medium__lsb1.bmp,extended_xl,XLSX,XLSX,medium,1,no_markers,ZIP,0
XL-Synthetic_8_B__xlsx_medium__lsb2.bmp,extended_xl,XLSX,XLSX,medium,2,full,XLSX,1
XL-Synthetic_8_B__xlsx_medium__lsb2.bmp,extended_xl,XLSX,XLSX,medium,2,no_deinterleaving,UNKNOWN,0
XL-Synthetic_8_B__xlsx_medium__lsb2.bmp,extended_xl,XLSX,XLSX,medium,2,no_buffer,ZIP,0
XL-Synthetic_8_B__xlsx_medium__lsb2.bmp,extended_xl,XLSX,XLSX,medium,2,no_markers,ZIP,0
XL-Synthetic_8_B__xlsx_medium__lsb3.bmp,extended_xl,XLSX,XLSX,medium,3,full,XLSX,1
XL-Synthetic_8_B__xlsx_medium__lsb3.bmp,extended_xl,XLSX,XLSX,medium,3,no_deinterleaving,UNKNOWN,0
XL-Synthetic_8_B__xlsx_medium__lsb3.bmp,extended_xl,XLSX,XLSX,medium,3,no_buffer,ZIP,0
XL-Synthetic_8_B__xlsx_medium__lsb3.bmp,extended_xl,XLSX,XLSX,medium,3,no_markers,ZIP,0
XL-Synthetic_8_B__xlsx_small__lsb1.bmp,extended_xl,XLSX,XLSX,small,1,full,XLSX,1
XL-Synthetic_8_B__xlsx_small__lsb1.bmp,extended_xl,XLSX,XLSX,small,1,no_deinterleaving,XLSX,1
XL-Synthetic_8_B__xlsx_small__lsb1.bmp,extended_xl,XLSX,XLSX,small,1,no_buffer,ZIP,0
XL-Synthetic_8_B__xlsx_small__lsb1.bmp,extended_xl,XLSX,XLSX,small,1,no_markers,ZIP,0
XL-Synthetic_8_B__xlsx_small__lsb2.bmp,extended_xl,XLSX,XLSX,small,2,full,XLSX,1
XL-Synthetic_8_B__xlsx_small__lsb2.bmp,extended_xl,XLSX,XLSX,small,2,no_deinterleaving,UNKNOWN,0
XL-Synthetic_8_B__xlsx_small__lsb2.bmp,extended_xl,XLSX,XLSX,small,2,no_buffer,ZIP,0
XL-Synthetic_8_B__xlsx_small__lsb2.bmp,extended_xl,XLSX,XLSX,small,2,no_markers,ZIP,0
XL-Synthetic_8_B__xlsx_small__lsb3.bmp,extended_xl,XLSX,XLSX,small,3,full,XLSX,1
XL-Synthetic_8_B__xlsx_small__lsb3.bmp,extended_xl,XLSX,XLSX,small,3,no_deinterleaving,UNKNOWN,0
XL-Synthetic_8_B__xlsx_small__lsb3.bmp,extended_xl,XLSX,XLSX,small,3,no_buffer,ZIP,0
XL-Synthetic_8_B__xlsx_small__lsb3.bmp,extended_xl,XLSX,XLSX,small,3,no_markers,ZIP,0
XL-Synthetic_8_P__docx_large__lsb3.png,extended_xl,DOCX,DOCX,large,3,full,DOCX,1
XL-Synthetic_8_P__docx_large__lsb3.png,extended_xl,DOCX,DOCX,large,3,no_deinterleaving,UNKNOWN,0
XL-Synthetic_8_P__docx_large__lsb3.png,extended_xl,DOCX,DOCX,large,3,no_buffer,ZIP,0
XL-Synthetic_8_P__docx_large__lsb3.png,extended_xl,DOCX,DOCX,large,3,no_markers,ZIP,0
XL-Synthetic_8_P__docx_medium__lsb2.png,extended_xl,DOCX,DOCX,medium,2,full,DOCX,1
XL-Synthetic_8_P__docx_medium__lsb2.png,extended_xl,DOCX,DOCX,medium,2,no_deinterleaving,UNKNOWN,0
XL-Synthetic_8_P__docx_medium__lsb2.png,extended_xl,DOCX,DOCX,medium,2,no_buffer,ZIP,0
XL-Synthetic_8_P__docx_medium__lsb2.png,extended_xl,DOCX,DOCX,medium,2,no_markers,ZIP,0
XL-Synthetic_8_P__docx_medium__lsb3.png,extended_xl,DOCX,DOCX,medium,3,full,DOCX,1
XL-Synthetic_8_P__docx_medium__lsb3.png,extended_xl,DOCX,DOCX,medium,3,no_deinterleaving,UNKNOWN,0
XL-Synthetic_8_P__docx_medium__lsb3.png,extended_xl,DOCX,DOCX,medium,3,no_buffer,ZIP,0
XL-Synthetic_8_P__docx_medium__lsb3.png,extended_xl,DOCX,DOCX,medium,3,no_markers,ZIP,0
XL-Synthetic_8_P__docx_small__lsb1.png,extended_xl,DOCX,DOCX,small,1,full,DOCX,1
XL-Synthetic_8_P__docx_small__lsb1.png,extended_xl,DOCX,DOCX,small,1,no_deinterleaving,DOCX,1
XL-Synthetic_8_P__docx_small__lsb1.png,extended_xl,DOCX,DOCX,small,1,no_buffer,ZIP,0
XL-Synthetic_8_P__docx_small__lsb1.png,extended_xl,DOCX,DOCX,small,1,no_markers,ZIP,0
XL-Synthetic_8_P__docx_small__lsb2.png,extended_xl,DOCX,DOCX,small,2,full,DOCX,1
XL-Synthetic_8_P__docx_small__lsb2.png,extended_xl,DOCX,DOCX,small,2,no_deinterleaving,UNKNOWN,0
XL-Synthetic_8_P__docx_small__lsb2.png,extended_xl,DOCX,DOCX,small,2,no_buffer,ZIP,0
XL-Synthetic_8_P__docx_small__lsb2.png,extended_xl,DOCX,DOCX,small,2,no_markers,ZIP,0
XL-Synthetic_8_P__docx_small__lsb3.png,extended_xl,DOCX,DOCX,small,3,full,DOCX,1
XL-Synthetic_8_P__docx_small__lsb3.png,extended_xl,DOCX,DOCX,small,3,no_deinterleaving,UNKNOWN,0
XL-Synthetic_8_P__docx_small__lsb3.png,extended_xl,DOCX,DOCX,small,3,no_buffer,ZIP,0
XL-Synthetic_8_P__docx_small__lsb3.png,extended_xl,DOCX,DOCX,small,3,no_markers,ZIP,0
XL-Synthetic_8_P__exe_large__lsb3.png,extended_xl,EXE,EXE,large,3,full,EXE,1
XL-Synthetic_8_P__exe_large__lsb3.png,extended_xl,EXE,EXE,large,3,no_deinterleaving,UNKNOWN,0
XL-Synthetic_8_P__exe_large__lsb3.png,extended_xl,EXE,EXE,large,3,no_buffer,EXE,1
XL-Synthetic_8_P__exe_large__lsb3.png,extended_xl,EXE,EXE,large,3,no_markers,EXE,1
XL-Synthetic_8_P__exe_medium__lsb2.png,extended_xl,EXE,EXE,medium,2,full,EXE,1
XL-Synthetic_8_P__exe_medium__lsb2.png,extended_xl,EXE,EXE,medium,2,no_deinterleaving,UNKNOWN,0
XL-Synthetic_8_P__exe_medium__lsb2.png,extended_xl,EXE,EXE,medium,2,no_buffer,EXE,1
XL-Synthetic_8_P__exe_medium__lsb2.png,extended_xl,EXE,EXE,medium,2,no_markers,EXE,1
XL-Synthetic_8_P__exe_medium__lsb3.png,extended_xl,EXE,EXE,medium,3,full,EXE,1
XL-Synthetic_8_P__exe_medium__lsb3.png,extended_xl,EXE,EXE,medium,3,no_deinterleaving,UNKNOWN,0
XL-Synthetic_8_P__exe_medium__lsb3.png,extended_xl,EXE,EXE,medium,3,no_buffer,EXE,1
XL-Synthetic_8_P__exe_medium__lsb3.png,extended_xl,EXE,EXE,medium,3,no_markers,EXE,1
XL-Synthetic_8_P__exe_small__lsb1.png,extended_xl,EXE,EXE,small,1,full,EXE,1
XL-Synthetic_8_P__exe_small__lsb1.png,extended_xl,EXE,EXE,small,1,no_deinterleaving,EXE,1
XL-Synthetic_8_P__exe_small__lsb1.png,extended_xl,EXE,EXE,small,1,no_buffer,EXE,1
XL-Synthetic_8_P__exe_small__lsb1.png,extended_xl,EXE,EXE,small,1,no_markers,EXE,1
XL-Synthetic_8_P__exe_small__lsb2.png,extended_xl,EXE,EXE,small,2,full,EXE,1
XL-Synthetic_8_P__exe_small__lsb2.png,extended_xl,EXE,EXE,small,2,no_deinterleaving,UNKNOWN,0
XL-Synthetic_8_P__exe_small__lsb2.png,extended_xl,EXE,EXE,small,2,no_buffer,EXE,1
XL-Synthetic_8_P__exe_small__lsb2.png,extended_xl,EXE,EXE,small,2,no_markers,EXE,1
XL-Synthetic_8_P__exe_small__lsb3.png,extended_xl,EXE,EXE,small,3,full,EXE,1
XL-Synthetic_8_P__exe_small__lsb3.png,extended_xl,EXE,EXE,small,3,no_deinterleaving,UNKNOWN,0
XL-Synthetic_8_P__exe_small__lsb3.png,extended_xl,EXE,EXE,small,3,no_buffer,EXE,1
XL-Synthetic_8_P__exe_small__lsb3.png,extended_xl,EXE,EXE,small,3,no_markers,EXE,1
XL-Synthetic_8_P__pdf_large__lsb3.png,extended_xl,PDF,PDF,large,3,full,PDF,1
XL-Synthetic_8_P__pdf_large__lsb3.png,extended_xl,PDF,PDF,large,3,no_deinterleaving,UNKNOWN,0
XL-Synthetic_8_P__pdf_large__lsb3.png,extended_xl,PDF,PDF,large,3,no_buffer,PDF,1
XL-Synthetic_8_P__pdf_large__lsb3.png,extended_xl,PDF,PDF,large,3,no_markers,PDF,1
XL-Synthetic_8_P__pdf_medium__lsb2.png,extended_xl,PDF,PDF,medium,2,full,PDF,1
XL-Synthetic_8_P__pdf_medium__lsb2.png,extended_xl,PDF,PDF,medium,2,no_deinterleaving,UNKNOWN,0
XL-Synthetic_8_P__pdf_medium__lsb2.png,extended_xl,PDF,PDF,medium,2,no_buffer,PDF,1
XL-Synthetic_8_P__pdf_medium__lsb2.png,extended_xl,PDF,PDF,medium,2,no_markers,PDF,1
XL-Synthetic_8_P__pdf_medium__lsb3.png,extended_xl,PDF,PDF,medium,3,full,PDF,1
XL-Synthetic_8_P__pdf_medium__lsb3.png,extended_xl,PDF,PDF,medium,3,no_deinterleaving,UNKNOWN,0
XL-Synthetic_8_P__pdf_medium__lsb3.png,extended_xl,PDF,PDF,medium,3,no_buffer,PDF,1
XL-Synthetic_8_P__pdf_medium__lsb3.png,extended_xl,PDF,PDF,medium,3,no_markers,PDF,1
XL-Synthetic_8_P__pdf_small__lsb1.png,extended_xl,PDF,PDF,small,1,full,PDF,1
XL-Synthetic_8_P__pdf_small__lsb1.png,extended_xl,PDF,PDF,small,1,no_deinterleaving,PDF,1
XL-Synthetic_8_P__pdf_small__lsb1.png,extended_xl,PDF,PDF,small,1,no_buffer,PDF,1
XL-Synthetic_8_P__pdf_small__lsb1.png,extended_xl,PDF,PDF,small,1,no_markers,PDF,1
XL-Synthetic_8_P__pdf_small__lsb2.png,extended_xl,PDF,PDF,small,2,full,PDF,1
XL-Synthetic_8_P__pdf_small__lsb2.png,extended_xl,PDF,PDF,small,2,no_deinterleaving,UNKNOWN,0
XL-Synthetic_8_P__pdf_small__lsb2.png,extended_xl,PDF,PDF,small,2,no_buffer,PDF,1
XL-Synthetic_8_P__pdf_small__lsb2.png,extended_xl,PDF,PDF,small,2,no_markers,PDF,1
XL-Synthetic_8_P__pdf_small__lsb3.png,extended_xl,PDF,PDF,small,3,full,PDF,1
XL-Synthetic_8_P__pdf_small__lsb3.png,extended_xl,PDF,PDF,small,3,no_deinterleaving,UNKNOWN,0
XL-Synthetic_8_P__pdf_small__lsb3.png,extended_xl,PDF,PDF,small,3,no_buffer,PDF,1
XL-Synthetic_8_P__pdf_small__lsb3.png,extended_xl,PDF,PDF,small,3,no_markers,PDF,1
XL-Synthetic_8_P__pptx_large__lsb3.png,extended_xl,PPTX,PPTX,large,3,full,PPTX,1
XL-Synthetic_8_P__pptx_large__lsb3.png,extended_xl,PPTX,PPTX,large,3,no_deinterleaving,UNKNOWN,0
XL-Synthetic_8_P__pptx_large__lsb3.png,extended_xl,PPTX,PPTX,large,3,no_buffer,ZIP,0
XL-Synthetic_8_P__pptx_large__lsb3.png,extended_xl,PPTX,PPTX,large,3,no_markers,ZIP,0
XL-Synthetic_8_P__pptx_medium__lsb2.png,extended_xl,PPTX,PPTX,medium,2,full,PPTX,1
XL-Synthetic_8_P__pptx_medium__lsb2.png,extended_xl,PPTX,PPTX,medium,2,no_deinterleaving,UNKNOWN,0
XL-Synthetic_8_P__pptx_medium__lsb2.png,extended_xl,PPTX,PPTX,medium,2,no_buffer,ZIP,0
XL-Synthetic_8_P__pptx_medium__lsb2.png,extended_xl,PPTX,PPTX,medium,2,no_markers,ZIP,0
XL-Synthetic_8_P__pptx_medium__lsb3.png,extended_xl,PPTX,PPTX,medium,3,full,PPTX,1
XL-Synthetic_8_P__pptx_medium__lsb3.png,extended_xl,PPTX,PPTX,medium,3,no_deinterleaving,UNKNOWN,0
XL-Synthetic_8_P__pptx_medium__lsb3.png,extended_xl,PPTX,PPTX,medium,3,no_buffer,ZIP,0
XL-Synthetic_8_P__pptx_medium__lsb3.png,extended_xl,PPTX,PPTX,medium,3,no_markers,ZIP,0
XL-Synthetic_8_P__pptx_small__lsb1.png,extended_xl,PPTX,PPTX,small,1,full,PPTX,1
XL-Synthetic_8_P__pptx_small__lsb1.png,extended_xl,PPTX,PPTX,small,1,no_deinterleaving,PPTX,1
XL-Synthetic_8_P__pptx_small__lsb1.png,extended_xl,PPTX,PPTX,small,1,no_buffer,ZIP,0
XL-Synthetic_8_P__pptx_small__lsb1.png,extended_xl,PPTX,PPTX,small,1,no_markers,ZIP,0
XL-Synthetic_8_P__pptx_small__lsb2.png,extended_xl,PPTX,PPTX,small,2,full,PPTX,1
XL-Synthetic_8_P__pptx_small__lsb2.png,extended_xl,PPTX,PPTX,small,2,no_deinterleaving,UNKNOWN,0
XL-Synthetic_8_P__pptx_small__lsb2.png,extended_xl,PPTX,PPTX,small,2,no_buffer,ZIP,0
XL-Synthetic_8_P__pptx_small__lsb2.png,extended_xl,PPTX,PPTX,small,2,no_markers,ZIP,0
XL-Synthetic_8_P__pptx_small__lsb3.png,extended_xl,PPTX,PPTX,small,3,full,PPTX,1
XL-Synthetic_8_P__pptx_small__lsb3.png,extended_xl,PPTX,PPTX,small,3,no_deinterleaving,UNKNOWN,0
XL-Synthetic_8_P__pptx_small__lsb3.png,extended_xl,PPTX,PPTX,small,3,no_buffer,ZIP,0
XL-Synthetic_8_P__pptx_small__lsb3.png,extended_xl,PPTX,PPTX,small,3,no_markers,ZIP,0
XL-Synthetic_8_P__rtf_large__lsb3.png,extended_xl,RTF,RTF,large,3,full,RTF,1
XL-Synthetic_8_P__rtf_large__lsb3.png,extended_xl,RTF,RTF,large,3,no_deinterleaving,UNKNOWN,0
XL-Synthetic_8_P__rtf_large__lsb3.png,extended_xl,RTF,RTF,large,3,no_buffer,RTF,1
XL-Synthetic_8_P__rtf_large__lsb3.png,extended_xl,RTF,RTF,large,3,no_markers,RTF,1
XL-Synthetic_8_P__rtf_medium__lsb2.png,extended_xl,RTF,RTF,medium,2,full,RTF,1
XL-Synthetic_8_P__rtf_medium__lsb2.png,extended_xl,RTF,RTF,medium,2,no_deinterleaving,UNKNOWN,0
XL-Synthetic_8_P__rtf_medium__lsb2.png,extended_xl,RTF,RTF,medium,2,no_buffer,RTF,1
XL-Synthetic_8_P__rtf_medium__lsb2.png,extended_xl,RTF,RTF,medium,2,no_markers,RTF,1
XL-Synthetic_8_P__rtf_medium__lsb3.png,extended_xl,RTF,RTF,medium,3,full,RTF,1
XL-Synthetic_8_P__rtf_medium__lsb3.png,extended_xl,RTF,RTF,medium,3,no_deinterleaving,UNKNOWN,0
XL-Synthetic_8_P__rtf_medium__lsb3.png,extended_xl,RTF,RTF,medium,3,no_buffer,RTF,1
XL-Synthetic_8_P__rtf_medium__lsb3.png,extended_xl,RTF,RTF,medium,3,no_markers,RTF,1
XL-Synthetic_8_P__rtf_small__lsb1.png,extended_xl,RTF,RTF,small,1,full,RTF,1
XL-Synthetic_8_P__rtf_small__lsb1.png,extended_xl,RTF,RTF,small,1,no_deinterleaving,RTF,1
XL-Synthetic_8_P__rtf_small__lsb1.png,extended_xl,RTF,RTF,small,1,no_buffer,RTF,1
XL-Synthetic_8_P__rtf_small__lsb1.png,extended_xl,RTF,RTF,small,1,no_markers,RTF,1
XL-Synthetic_8_P__rtf_small__lsb2.png,extended_xl,RTF,RTF,small,2,full,RTF,1
XL-Synthetic_8_P__rtf_small__lsb2.png,extended_xl,RTF,RTF,small,2,no_deinterleaving,UNKNOWN,0
XL-Synthetic_8_P__rtf_small__lsb2.png,extended_xl,RTF,RTF,small,2,no_buffer,RTF,1
XL-Synthetic_8_P__rtf_small__lsb2.png,extended_xl,RTF,RTF,small,2,no_markers,RTF,1
XL-Synthetic_8_P__rtf_small__lsb3.png,extended_xl,RTF,RTF,small,3,full,RTF,1
XL-Synthetic_8_P__rtf_small__lsb3.png,extended_xl,RTF,RTF,small,3,no_deinterleaving,UNKNOWN,0
XL-Synthetic_8_P__rtf_small__lsb3.png,extended_xl,RTF,RTF,small,3,no_buffer,RTF,1
XL-Synthetic_8_P__rtf_small__lsb3.png,extended_xl,RTF,RTF,small,3,no_markers,RTF,1
XL-Synthetic_8_P__xlsx_large__lsb3.png,extended_xl,XLSX,XLSX,large,3,full,XLSX,1
XL-Synthetic_8_P__xlsx_large__lsb3.png,extended_xl,XLSX,XLSX,large,3,no_deinterleaving,UNKNOWN,0
XL-Synthetic_8_P__xlsx_large__lsb3.png,extended_xl,XLSX,XLSX,large,3,no_buffer,ZIP,0
XL-Synthetic_8_P__xlsx_large__lsb3.png,extended_xl,XLSX,XLSX,large,3,no_markers,ZIP,0
XL-Synthetic_8_P__xlsx_medium__lsb2.png,extended_xl,XLSX,XLSX,medium,2,full,XLSX,1
XL-Synthetic_8_P__xlsx_medium__lsb2.png,extended_xl,XLSX,XLSX,medium,2,no_deinterleaving,UNKNOWN,0
XL-Synthetic_8_P__xlsx_medium__lsb2.png,extended_xl,XLSX,XLSX,medium,2,no_buffer,ZIP,0
XL-Synthetic_8_P__xlsx_medium__lsb2.png,extended_xl,XLSX,XLSX,medium,2,no_markers,ZIP,0
XL-Synthetic_8_P__xlsx_medium__lsb3.png,extended_xl,XLSX,XLSX,medium,3,full,XLSX,1
XL-Synthetic_8_P__xlsx_medium__lsb3.png,extended_xl,XLSX,XLSX,medium,3,no_deinterleaving,UNKNOWN,0
XL-Synthetic_8_P__xlsx_medium__lsb3.png,extended_xl,XLSX,XLSX,medium,3,no_buffer,ZIP,0
XL-Synthetic_8_P__xlsx_medium__lsb3.png,extended_xl,XLSX,XLSX,medium,3,no_markers,ZIP,0
XL-Synthetic_8_P__xlsx_small__lsb1.png,extended_xl,XLSX,XLSX,small,1,full,XLSX,1
XL-Synthetic_8_P__xlsx_small__lsb1.png,extended_xl,XLSX,XLSX,small,1,no_deinterleaving,XLSX,1
XL-Synthetic_8_P__xlsx_small__lsb1.png,extended_xl,XLSX,XLSX,small,1,no_buffer,ZIP,0
XL-Synthetic_8_P__xlsx_small__lsb1.png,extended_xl,XLSX,XLSX,small,1,no_markers,ZIP,0
XL-Synthetic_8_P__xlsx_small__lsb2.png,extended_xl,XLSX,XLSX,small,2,full,XLSX,1
XL-Synthetic_8_P__xlsx_small__lsb2.png,extended_xl,XLSX,XLSX,small,2,no_deinterleaving,UNKNOWN,0
XL-Synthetic_8_P__xlsx_small__lsb2.png,extended_xl,XLSX,XLSX,small,2,no_buffer,ZIP,0
XL-Synthetic_8_P__xlsx_small__lsb2.png,extended_xl,XLSX,XLSX,small,2,no_markers,ZIP,0
XL-Synthetic_8_P__xlsx_small__lsb3.png,extended_xl,XLSX,XLSX,small,3,full,XLSX,1
XL-Synthetic_8_P__xlsx_small__lsb3.png,extended_xl,XLSX,XLSX,small,3,no_deinterleaving,UNKNOWN,0
XL-Synthetic_8_P__xlsx_small__lsb3.png,extended_xl,XLSX,XLSX,small,3,no_buffer,ZIP,0
XL-Synthetic_8_P__xlsx_small__lsb3.png,extended_xl,XLSX,XLSX,small,3,no_markers,ZIP,0
XL-Synthetic_9_B__docx_large__lsb1.bmp,extended_xl,DOCX,DOCX,large,1,full,DOCX,1
XL-Synthetic_9_B__docx_large__lsb1.bmp,extended_xl,DOCX,DOCX,large,1,no_deinterleaving,DOCX,1
XL-Synthetic_9_B__docx_large__lsb1.bmp,extended_xl,DOCX,DOCX,large,1,no_buffer,ZIP,0
XL-Synthetic_9_B__docx_large__lsb1.bmp,extended_xl,DOCX,DOCX,large,1,no_markers,ZIP,0
XL-Synthetic_9_B__docx_large__lsb2.bmp,extended_xl,DOCX,DOCX,large,2,full,DOCX,1
XL-Synthetic_9_B__docx_large__lsb2.bmp,extended_xl,DOCX,DOCX,large,2,no_deinterleaving,UNKNOWN,0
XL-Synthetic_9_B__docx_large__lsb2.bmp,extended_xl,DOCX,DOCX,large,2,no_buffer,ZIP,0
XL-Synthetic_9_B__docx_large__lsb2.bmp,extended_xl,DOCX,DOCX,large,2,no_markers,ZIP,0
XL-Synthetic_9_B__docx_large__lsb3.bmp,extended_xl,DOCX,DOCX,large,3,full,DOCX,1
XL-Synthetic_9_B__docx_large__lsb3.bmp,extended_xl,DOCX,DOCX,large,3,no_deinterleaving,UNKNOWN,0
XL-Synthetic_9_B__docx_large__lsb3.bmp,extended_xl,DOCX,DOCX,large,3,no_buffer,ZIP,0
XL-Synthetic_9_B__docx_large__lsb3.bmp,extended_xl,DOCX,DOCX,large,3,no_markers,ZIP,0
XL-Synthetic_9_B__docx_medium__lsb1.bmp,extended_xl,DOCX,DOCX,medium,1,full,DOCX,1
XL-Synthetic_9_B__docx_medium__lsb1.bmp,extended_xl,DOCX,DOCX,medium,1,no_deinterleaving,DOCX,1
XL-Synthetic_9_B__docx_medium__lsb1.bmp,extended_xl,DOCX,DOCX,medium,1,no_buffer,ZIP,0
XL-Synthetic_9_B__docx_medium__lsb1.bmp,extended_xl,DOCX,DOCX,medium,1,no_markers,ZIP,0
XL-Synthetic_9_B__docx_medium__lsb2.bmp,extended_xl,DOCX,DOCX,medium,2,full,DOCX,1
XL-Synthetic_9_B__docx_medium__lsb2.bmp,extended_xl,DOCX,DOCX,medium,2,no_deinterleaving,UNKNOWN,0
XL-Synthetic_9_B__docx_medium__lsb2.bmp,extended_xl,DOCX,DOCX,medium,2,no_buffer,ZIP,0
XL-Synthetic_9_B__docx_medium__lsb2.bmp,extended_xl,DOCX,DOCX,medium,2,no_markers,ZIP,0
XL-Synthetic_9_B__docx_medium__lsb3.bmp,extended_xl,DOCX,DOCX,medium,3,full,DOCX,1
XL-Synthetic_9_B__docx_medium__lsb3.bmp,extended_xl,DOCX,DOCX,medium,3,no_deinterleaving,UNKNOWN,0
XL-Synthetic_9_B__docx_medium__lsb3.bmp,extended_xl,DOCX,DOCX,medium,3,no_buffer,ZIP,0
XL-Synthetic_9_B__docx_medium__lsb3.bmp,extended_xl,DOCX,DOCX,medium,3,no_markers,ZIP,0
XL-Synthetic_9_B__docx_small__lsb1.bmp,extended_xl,DOCX,DOCX,small,1,full,DOCX,1
XL-Synthetic_9_B__docx_small__lsb1.bmp,extended_xl,DOCX,DOCX,small,1,no_deinterleaving,DOCX,1
XL-Synthetic_9_B__docx_small__lsb1.bmp,extended_xl,DOCX,DOCX,small,1,no_buffer,ZIP,0
XL-Synthetic_9_B__docx_small__lsb1.bmp,extended_xl,DOCX,DOCX,small,1,no_markers,ZIP,0
XL-Synthetic_9_B__docx_small__lsb2.bmp,extended_xl,DOCX,DOCX,small,2,full,DOCX,1
XL-Synthetic_9_B__docx_small__lsb2.bmp,extended_xl,DOCX,DOCX,small,2,no_deinterleaving,UNKNOWN,0
XL-Synthetic_9_B__docx_small__lsb2.bmp,extended_xl,DOCX,DOCX,small,2,no_buffer,ZIP,0
XL-Synthetic_9_B__docx_small__lsb2.bmp,extended_xl,DOCX,DOCX,small,2,no_markers,ZIP,0
XL-Synthetic_9_B__docx_small__lsb3.bmp,extended_xl,DOCX,DOCX,small,3,full,DOCX,1
XL-Synthetic_9_B__docx_small__lsb3.bmp,extended_xl,DOCX,DOCX,small,3,no_deinterleaving,UNKNOWN,0
XL-Synthetic_9_B__docx_small__lsb3.bmp,extended_xl,DOCX,DOCX,small,3,no_buffer,ZIP,0
XL-Synthetic_9_B__docx_small__lsb3.bmp,extended_xl,DOCX,DOCX,small,3,no_markers,ZIP,0
XL-Synthetic_9_B__exe_large__lsb1.bmp,extended_xl,EXE,EXE,large,1,full,EXE,1
XL-Synthetic_9_B__exe_large__lsb1.bmp,extended_xl,EXE,EXE,large,1,no_deinterleaving,EXE,1
XL-Synthetic_9_B__exe_large__lsb1.bmp,extended_xl,EXE,EXE,large,1,no_buffer,EXE,1
XL-Synthetic_9_B__exe_large__lsb1.bmp,extended_xl,EXE,EXE,large,1,no_markers,EXE,1
XL-Synthetic_9_B__exe_large__lsb2.bmp,extended_xl,EXE,EXE,large,2,full,EXE,1
XL-Synthetic_9_B__exe_large__lsb2.bmp,extended_xl,EXE,EXE,large,2,no_deinterleaving,UNKNOWN,0
XL-Synthetic_9_B__exe_large__lsb2.bmp,extended_xl,EXE,EXE,large,2,no_buffer,EXE,1
XL-Synthetic_9_B__exe_large__lsb2.bmp,extended_xl,EXE,EXE,large,2,no_markers,EXE,1
XL-Synthetic_9_B__exe_large__lsb3.bmp,extended_xl,EXE,EXE,large,3,full,EXE,1
XL-Synthetic_9_B__exe_large__lsb3.bmp,extended_xl,EXE,EXE,large,3,no_deinterleaving,UNKNOWN,0
XL-Synthetic_9_B__exe_large__lsb3.bmp,extended_xl,EXE,EXE,large,3,no_buffer,EXE,1
XL-Synthetic_9_B__exe_large__lsb3.bmp,extended_xl,EXE,EXE,large,3,no_markers,EXE,1
XL-Synthetic_9_B__exe_medium__lsb1.bmp,extended_xl,EXE,EXE,medium,1,full,EXE,1
XL-Synthetic_9_B__exe_medium__lsb1.bmp,extended_xl,EXE,EXE,medium,1,no_deinterleaving,EXE,1
XL-Synthetic_9_B__exe_medium__lsb1.bmp,extended_xl,EXE,EXE,medium,1,no_buffer,EXE,1
XL-Synthetic_9_B__exe_medium__lsb1.bmp,extended_xl,EXE,EXE,medium,1,no_markers,EXE,1
XL-Synthetic_9_B__exe_medium__lsb2.bmp,extended_xl,EXE,EXE,medium,2,full,EXE,1
XL-Synthetic_9_B__exe_medium__lsb2.bmp,extended_xl,EXE,EXE,medium,2,no_deinterleaving,UNKNOWN,0
XL-Synthetic_9_B__exe_medium__lsb2.bmp,extended_xl,EXE,EXE,medium,2,no_buffer,EXE,1
XL-Synthetic_9_B__exe_medium__lsb2.bmp,extended_xl,EXE,EXE,medium,2,no_markers,EXE,1
XL-Synthetic_9_B__exe_medium__lsb3.bmp,extended_xl,EXE,EXE,medium,3,full,EXE,1
XL-Synthetic_9_B__exe_medium__lsb3.bmp,extended_xl,EXE,EXE,medium,3,no_deinterleaving,UNKNOWN,0
XL-Synthetic_9_B__exe_medium__lsb3.bmp,extended_xl,EXE,EXE,medium,3,no_buffer,EXE,1
XL-Synthetic_9_B__exe_medium__lsb3.bmp,extended_xl,EXE,EXE,medium,3,no_markers,EXE,1
XL-Synthetic_9_B__exe_small__lsb1.bmp,extended_xl,EXE,EXE,small,1,full,EXE,1
XL-Synthetic_9_B__exe_small__lsb1.bmp,extended_xl,EXE,EXE,small,1,no_deinterleaving,EXE,1
XL-Synthetic_9_B__exe_small__lsb1.bmp,extended_xl,EXE,EXE,small,1,no_buffer,EXE,1
XL-Synthetic_9_B__exe_small__lsb1.bmp,extended_xl,EXE,EXE,small,1,no_markers,EXE,1
XL-Synthetic_9_B__exe_small__lsb2.bmp,extended_xl,EXE,EXE,small,2,full,EXE,1
XL-Synthetic_9_B__exe_small__lsb2.bmp,extended_xl,EXE,EXE,small,2,no_deinterleaving,UNKNOWN,0
XL-Synthetic_9_B__exe_small__lsb2.bmp,extended_xl,EXE,EXE,small,2,no_buffer,EXE,1
XL-Synthetic_9_B__exe_small__lsb2.bmp,extended_xl,EXE,EXE,small,2,no_markers,EXE,1
XL-Synthetic_9_B__exe_small__lsb3.bmp,extended_xl,EXE,EXE,small,3,full,EXE,1
XL-Synthetic_9_B__exe_small__lsb3.bmp,extended_xl,EXE,EXE,small,3,no_deinterleaving,UNKNOWN,0
XL-Synthetic_9_B__exe_small__lsb3.bmp,extended_xl,EXE,EXE,small,3,no_buffer,EXE,1
XL-Synthetic_9_B__exe_small__lsb3.bmp,extended_xl,EXE,EXE,small,3,no_markers,EXE,1
XL-Synthetic_9_B__pdf_large__lsb1.bmp,extended_xl,PDF,PDF,large,1,full,PDF,1
XL-Synthetic_9_B__pdf_large__lsb1.bmp,extended_xl,PDF,PDF,large,1,no_deinterleaving,PDF,1
XL-Synthetic_9_B__pdf_large__lsb1.bmp,extended_xl,PDF,PDF,large,1,no_buffer,PDF,1
XL-Synthetic_9_B__pdf_large__lsb1.bmp,extended_xl,PDF,PDF,large,1,no_markers,PDF,1
XL-Synthetic_9_B__pdf_large__lsb2.bmp,extended_xl,PDF,PDF,large,2,full,PDF,1
XL-Synthetic_9_B__pdf_large__lsb2.bmp,extended_xl,PDF,PDF,large,2,no_deinterleaving,UNKNOWN,0
XL-Synthetic_9_B__pdf_large__lsb2.bmp,extended_xl,PDF,PDF,large,2,no_buffer,PDF,1
XL-Synthetic_9_B__pdf_large__lsb2.bmp,extended_xl,PDF,PDF,large,2,no_markers,PDF,1
XL-Synthetic_9_B__pdf_large__lsb3.bmp,extended_xl,PDF,PDF,large,3,full,PDF,1
XL-Synthetic_9_B__pdf_large__lsb3.bmp,extended_xl,PDF,PDF,large,3,no_deinterleaving,UNKNOWN,0
XL-Synthetic_9_B__pdf_large__lsb3.bmp,extended_xl,PDF,PDF,large,3,no_buffer,PDF,1
XL-Synthetic_9_B__pdf_large__lsb3.bmp,extended_xl,PDF,PDF,large,3,no_markers,PDF,1
XL-Synthetic_9_B__pdf_medium__lsb1.bmp,extended_xl,PDF,PDF,medium,1,full,PDF,1
XL-Synthetic_9_B__pdf_medium__lsb1.bmp,extended_xl,PDF,PDF,medium,1,no_deinterleaving,PDF,1
XL-Synthetic_9_B__pdf_medium__lsb1.bmp,extended_xl,PDF,PDF,medium,1,no_buffer,PDF,1
XL-Synthetic_9_B__pdf_medium__lsb1.bmp,extended_xl,PDF,PDF,medium,1,no_markers,PDF,1
XL-Synthetic_9_B__pdf_medium__lsb2.bmp,extended_xl,PDF,PDF,medium,2,full,PDF,1
XL-Synthetic_9_B__pdf_medium__lsb2.bmp,extended_xl,PDF,PDF,medium,2,no_deinterleaving,UNKNOWN,0
XL-Synthetic_9_B__pdf_medium__lsb2.bmp,extended_xl,PDF,PDF,medium,2,no_buffer,PDF,1
XL-Synthetic_9_B__pdf_medium__lsb2.bmp,extended_xl,PDF,PDF,medium,2,no_markers,PDF,1
XL-Synthetic_9_B__pdf_medium__lsb3.bmp,extended_xl,PDF,PDF,medium,3,full,PDF,1
XL-Synthetic_9_B__pdf_medium__lsb3.bmp,extended_xl,PDF,PDF,medium,3,no_deinterleaving,UNKNOWN,0
XL-Synthetic_9_B__pdf_medium__lsb3.bmp,extended_xl,PDF,PDF,medium,3,no_buffer,PDF,1
XL-Synthetic_9_B__pdf_medium__lsb3.bmp,extended_xl,PDF,PDF,medium,3,no_markers,PDF,1
XL-Synthetic_9_B__pdf_small__lsb1.bmp,extended_xl,PDF,PDF,small,1,full,PDF,1
XL-Synthetic_9_B__pdf_small__lsb1.bmp,extended_xl,PDF,PDF,small,1,no_deinterleaving,PDF,1
XL-Synthetic_9_B__pdf_small__lsb1.bmp,extended_xl,PDF,PDF,small,1,no_buffer,PDF,1
XL-Synthetic_9_B__pdf_small__lsb1.bmp,extended_xl,PDF,PDF,small,1,no_markers,PDF,1
XL-Synthetic_9_B__pdf_small__lsb2.bmp,extended_xl,PDF,PDF,small,2,full,PDF,1
XL-Synthetic_9_B__pdf_small__lsb2.bmp,extended_xl,PDF,PDF,small,2,no_deinterleaving,UNKNOWN,0
XL-Synthetic_9_B__pdf_small__lsb2.bmp,extended_xl,PDF,PDF,small,2,no_buffer,PDF,1
XL-Synthetic_9_B__pdf_small__lsb2.bmp,extended_xl,PDF,PDF,small,2,no_markers,PDF,1
XL-Synthetic_9_B__pdf_small__lsb3.bmp,extended_xl,PDF,PDF,small,3,full,PDF,1
XL-Synthetic_9_B__pdf_small__lsb3.bmp,extended_xl,PDF,PDF,small,3,no_deinterleaving,UNKNOWN,0
XL-Synthetic_9_B__pdf_small__lsb3.bmp,extended_xl,PDF,PDF,small,3,no_buffer,PDF,1
XL-Synthetic_9_B__pdf_small__lsb3.bmp,extended_xl,PDF,PDF,small,3,no_markers,PDF,1
XL-Synthetic_9_B__pptx_large__lsb1.bmp,extended_xl,PPTX,PPTX,large,1,full,PPTX,1
XL-Synthetic_9_B__pptx_large__lsb1.bmp,extended_xl,PPTX,PPTX,large,1,no_deinterleaving,PPTX,1
XL-Synthetic_9_B__pptx_large__lsb1.bmp,extended_xl,PPTX,PPTX,large,1,no_buffer,ZIP,0
XL-Synthetic_9_B__pptx_large__lsb1.bmp,extended_xl,PPTX,PPTX,large,1,no_markers,ZIP,0
XL-Synthetic_9_B__pptx_large__lsb2.bmp,extended_xl,PPTX,PPTX,large,2,full,PPTX,1
XL-Synthetic_9_B__pptx_large__lsb2.bmp,extended_xl,PPTX,PPTX,large,2,no_deinterleaving,UNKNOWN,0
XL-Synthetic_9_B__pptx_large__lsb2.bmp,extended_xl,PPTX,PPTX,large,2,no_buffer,ZIP,0
XL-Synthetic_9_B__pptx_large__lsb2.bmp,extended_xl,PPTX,PPTX,large,2,no_markers,ZIP,0
XL-Synthetic_9_B__pptx_large__lsb3.bmp,extended_xl,PPTX,PPTX,large,3,full,PPTX,1
XL-Synthetic_9_B__pptx_large__lsb3.bmp,extended_xl,PPTX,PPTX,large,3,no_deinterleaving,UNKNOWN,0
XL-Synthetic_9_B__pptx_large__lsb3.bmp,extended_xl,PPTX,PPTX,large,3,no_buffer,ZIP,0
XL-Synthetic_9_B__pptx_large__lsb3.bmp,extended_xl,PPTX,PPTX,large,3,no_markers,ZIP,0
XL-Synthetic_9_B__pptx_medium__lsb1.bmp,extended_xl,PPTX,PPTX,medium,1,full,PPTX,1
XL-Synthetic_9_B__pptx_medium__lsb1.bmp,extended_xl,PPTX,PPTX,medium,1,no_deinterleaving,PPTX,1
XL-Synthetic_9_B__pptx_medium__lsb1.bmp,extended_xl,PPTX,PPTX,medium,1,no_buffer,ZIP,0
XL-Synthetic_9_B__pptx_medium__lsb1.bmp,extended_xl,PPTX,PPTX,medium,1,no_markers,ZIP,0
XL-Synthetic_9_B__pptx_medium__lsb2.bmp,extended_xl,PPTX,PPTX,medium,2,full,PPTX,1
XL-Synthetic_9_B__pptx_medium__lsb2.bmp,extended_xl,PPTX,PPTX,medium,2,no_deinterleaving,UNKNOWN,0
XL-Synthetic_9_B__pptx_medium__lsb2.bmp,extended_xl,PPTX,PPTX,medium,2,no_buffer,ZIP,0
XL-Synthetic_9_B__pptx_medium__lsb2.bmp,extended_xl,PPTX,PPTX,medium,2,no_markers,ZIP,0
XL-Synthetic_9_B__pptx_medium__lsb3.bmp,extended_xl,PPTX,PPTX,medium,3,full,PPTX,1
XL-Synthetic_9_B__pptx_medium__lsb3.bmp,extended_xl,PPTX,PPTX,medium,3,no_deinterleaving,UNKNOWN,0
XL-Synthetic_9_B__pptx_medium__lsb3.bmp,extended_xl,PPTX,PPTX,medium,3,no_buffer,ZIP,0
XL-Synthetic_9_B__pptx_medium__lsb3.bmp,extended_xl,PPTX,PPTX,medium,3,no_markers,ZIP,0
XL-Synthetic_9_B__pptx_small__lsb1.bmp,extended_xl,PPTX,PPTX,small,1,full,PPTX,1
XL-Synthetic_9_B__pptx_small__lsb1.bmp,extended_xl,PPTX,PPTX,small,1,no_deinterleaving,PPTX,1
XL-Synthetic_9_B__pptx_small__lsb1.bmp,extended_xl,PPTX,PPTX,small,1,no_buffer,ZIP,0
XL-Synthetic_9_B__pptx_small__lsb1.bmp,extended_xl,PPTX,PPTX,small,1,no_markers,ZIP,0
XL-Synthetic_9_B__pptx_small__lsb2.bmp,extended_xl,PPTX,PPTX,small,2,full,PPTX,1
XL-Synthetic_9_B__pptx_small__lsb2.bmp,extended_xl,PPTX,PPTX,small,2,no_deinterleaving,UNKNOWN,0
XL-Synthetic_9_B__pptx_small__lsb2.bmp,extended_xl,PPTX,PPTX,small,2,no_buffer,ZIP,0
XL-Synthetic_9_B__pptx_small__lsb2.bmp,extended_xl,PPTX,PPTX,small,2,no_markers,ZIP,0
XL-Synthetic_9_B__pptx_small__lsb3.bmp,extended_xl,PPTX,PPTX,small,3,full,PPTX,1
XL-Synthetic_9_B__pptx_small__lsb3.bmp,extended_xl,PPTX,PPTX,small,3,no_deinterleaving,UNKNOWN,0
XL-Synthetic_9_B__pptx_small__lsb3.bmp,extended_xl,PPTX,PPTX,small,3,no_buffer,ZIP,0
XL-Synthetic_9_B__pptx_small__lsb3.bmp,extended_xl,PPTX,PPTX,small,3,no_markers,ZIP,0
XL-Synthetic_9_B__rtf_large__lsb1.bmp,extended_xl,RTF,RTF,large,1,full,RTF,1
XL-Synthetic_9_B__rtf_large__lsb1.bmp,extended_xl,RTF,RTF,large,1,no_deinterleaving,RTF,1
XL-Synthetic_9_B__rtf_large__lsb1.bmp,extended_xl,RTF,RTF,large,1,no_buffer,RTF,1
XL-Synthetic_9_B__rtf_large__lsb1.bmp,extended_xl,RTF,RTF,large,1,no_markers,RTF,1
XL-Synthetic_9_B__rtf_large__lsb2.bmp,extended_xl,RTF,RTF,large,2,full,RTF,1
XL-Synthetic_9_B__rtf_large__lsb2.bmp,extended_xl,RTF,RTF,large,2,no_deinterleaving,UNKNOWN,0
XL-Synthetic_9_B__rtf_large__lsb2.bmp,extended_xl,RTF,RTF,large,2,no_buffer,RTF,1
XL-Synthetic_9_B__rtf_large__lsb2.bmp,extended_xl,RTF,RTF,large,2,no_markers,RTF,1
XL-Synthetic_9_B__rtf_large__lsb3.bmp,extended_xl,RTF,RTF,large,3,full,RTF,1
XL-Synthetic_9_B__rtf_large__lsb3.bmp,extended_xl,RTF,RTF,large,3,no_deinterleaving,UNKNOWN,0
XL-Synthetic_9_B__rtf_large__lsb3.bmp,extended_xl,RTF,RTF,large,3,no_buffer,RTF,1
XL-Synthetic_9_B__rtf_large__lsb3.bmp,extended_xl,RTF,RTF,large,3,no_markers,RTF,1
XL-Synthetic_9_B__rtf_medium__lsb1.bmp,extended_xl,RTF,RTF,medium,1,full,RTF,1
XL-Synthetic_9_B__rtf_medium__lsb1.bmp,extended_xl,RTF,RTF,medium,1,no_deinterleaving,RTF,1
XL-Synthetic_9_B__rtf_medium__lsb1.bmp,extended_xl,RTF,RTF,medium,1,no_buffer,RTF,1
XL-Synthetic_9_B__rtf_medium__lsb1.bmp,extended_xl,RTF,RTF,medium,1,no_markers,RTF,1
XL-Synthetic_9_B__rtf_medium__lsb2.bmp,extended_xl,RTF,RTF,medium,2,full,RTF,1
XL-Synthetic_9_B__rtf_medium__lsb2.bmp,extended_xl,RTF,RTF,medium,2,no_deinterleaving,UNKNOWN,0
XL-Synthetic_9_B__rtf_medium__lsb2.bmp,extended_xl,RTF,RTF,medium,2,no_buffer,RTF,1
XL-Synthetic_9_B__rtf_medium__lsb2.bmp,extended_xl,RTF,RTF,medium,2,no_markers,RTF,1
XL-Synthetic_9_B__rtf_medium__lsb3.bmp,extended_xl,RTF,RTF,medium,3,full,RTF,1
XL-Synthetic_9_B__rtf_medium__lsb3.bmp,extended_xl,RTF,RTF,medium,3,no_deinterleaving,UNKNOWN,0
XL-Synthetic_9_B__rtf_medium__lsb3.bmp,extended_xl,RTF,RTF,medium,3,no_buffer,RTF,1
XL-Synthetic_9_B__rtf_medium__lsb3.bmp,extended_xl,RTF,RTF,medium,3,no_markers,RTF,1
XL-Synthetic_9_B__rtf_small__lsb1.bmp,extended_xl,RTF,RTF,small,1,full,RTF,1
XL-Synthetic_9_B__rtf_small__lsb1.bmp,extended_xl,RTF,RTF,small,1,no_deinterleaving,RTF,1
XL-Synthetic_9_B__rtf_small__lsb1.bmp,extended_xl,RTF,RTF,small,1,no_buffer,RTF,1
XL-Synthetic_9_B__rtf_small__lsb1.bmp,extended_xl,RTF,RTF,small,1,no_markers,RTF,1
XL-Synthetic_9_B__rtf_small__lsb2.bmp,extended_xl,RTF,RTF,small,2,full,RTF,1
XL-Synthetic_9_B__rtf_small__lsb2.bmp,extended_xl,RTF,RTF,small,2,no_deinterleaving,UNKNOWN,0
XL-Synthetic_9_B__rtf_small__lsb2.bmp,extended_xl,RTF,RTF,small,2,no_buffer,RTF,1
XL-Synthetic_9_B__rtf_small__lsb2.bmp,extended_xl,RTF,RTF,small,2,no_markers,RTF,1
XL-Synthetic_9_B__rtf_small__lsb3.bmp,extended_xl,RTF,RTF,small,3,full,RTF,1
XL-Synthetic_9_B__rtf_small__lsb3.bmp,extended_xl,RTF,RTF,small,3,no_deinterleaving,UNKNOWN,0
XL-Synthetic_9_B__rtf_small__lsb3.bmp,extended_xl,RTF,RTF,small,3,no_buffer,RTF,1
XL-Synthetic_9_B__rtf_small__lsb3.bmp,extended_xl,RTF,RTF,small,3,no_markers,RTF,1
XL-Synthetic_9_B__xlsx_large__lsb1.bmp,extended_xl,XLSX,XLSX,large,1,full,XLSX,1
XL-Synthetic_9_B__xlsx_large__lsb1.bmp,extended_xl,XLSX,XLSX,large,1,no_deinterleaving,XLSX,1
XL-Synthetic_9_B__xlsx_large__lsb1.bmp,extended_xl,XLSX,XLSX,large,1,no_buffer,ZIP,0
XL-Synthetic_9_B__xlsx_large__lsb1.bmp,extended_xl,XLSX,XLSX,large,1,no_markers,ZIP,0
XL-Synthetic_9_B__xlsx_large__lsb2.bmp,extended_xl,XLSX,XLSX,large,2,full,XLSX,1
XL-Synthetic_9_B__xlsx_large__lsb2.bmp,extended_xl,XLSX,XLSX,large,2,no_deinterleaving,UNKNOWN,0
XL-Synthetic_9_B__xlsx_large__lsb2.bmp,extended_xl,XLSX,XLSX,large,2,no_buffer,ZIP,0
XL-Synthetic_9_B__xlsx_large__lsb2.bmp,extended_xl,XLSX,XLSX,large,2,no_markers,ZIP,0
XL-Synthetic_9_B__xlsx_large__lsb3.bmp,extended_xl,XLSX,XLSX,large,3,full,XLSX,1
XL-Synthetic_9_B__xlsx_large__lsb3.bmp,extended_xl,XLSX,XLSX,large,3,no_deinterleaving,UNKNOWN,0
XL-Synthetic_9_B__xlsx_large__lsb3.bmp,extended_xl,XLSX,XLSX,large,3,no_buffer,ZIP,0
XL-Synthetic_9_B__xlsx_large__lsb3.bmp,extended_xl,XLSX,XLSX,large,3,no_markers,ZIP,0
XL-Synthetic_9_B__xlsx_medium__lsb1.bmp,extended_xl,XLSX,XLSX,medium,1,full,XLSX,1
XL-Synthetic_9_B__xlsx_medium__lsb1.bmp,extended_xl,XLSX,XLSX,medium,1,no_deinterleaving,XLSX,1
XL-Synthetic_9_B__xlsx_medium__lsb1.bmp,extended_xl,XLSX,XLSX,medium,1,no_buffer,ZIP,0
XL-Synthetic_9_B__xlsx_medium__lsb1.bmp,extended_xl,XLSX,XLSX,medium,1,no_markers,ZIP,0
XL-Synthetic_9_B__xlsx_medium__lsb2.bmp,extended_xl,XLSX,XLSX,medium,2,full,XLSX,1
XL-Synthetic_9_B__xlsx_medium__lsb2.bmp,extended_xl,XLSX,XLSX,medium,2,no_deinterleaving,UNKNOWN,0
XL-Synthetic_9_B__xlsx_medium__lsb2.bmp,extended_xl,XLSX,XLSX,medium,2,no_buffer,ZIP,0
XL-Synthetic_9_B__xlsx_medium__lsb2.bmp,extended_xl,XLSX,XLSX,medium,2,no_markers,ZIP,0
XL-Synthetic_9_B__xlsx_medium__lsb3.bmp,extended_xl,XLSX,XLSX,medium,3,full,XLSX,1
XL-Synthetic_9_B__xlsx_medium__lsb3.bmp,extended_xl,XLSX,XLSX,medium,3,no_deinterleaving,UNKNOWN,0
XL-Synthetic_9_B__xlsx_medium__lsb3.bmp,extended_xl,XLSX,XLSX,medium,3,no_buffer,ZIP,0
XL-Synthetic_9_B__xlsx_medium__lsb3.bmp,extended_xl,XLSX,XLSX,medium,3,no_markers,ZIP,0
XL-Synthetic_9_B__xlsx_small__lsb1.bmp,extended_xl,XLSX,XLSX,small,1,full,XLSX,1
XL-Synthetic_9_B__xlsx_small__lsb1.bmp,extended_xl,XLSX,XLSX,small,1,no_deinterleaving,XLSX,1
XL-Synthetic_9_B__xlsx_small__lsb1.bmp,extended_xl,XLSX,XLSX,small,1,no_buffer,ZIP,0
XL-Synthetic_9_B__xlsx_small__lsb1.bmp,extended_xl,XLSX,XLSX,small,1,no_markers,ZIP,0
XL-Synthetic_9_B__xlsx_small__lsb2.bmp,extended_xl,XLSX,XLSX,small,2,full,XLSX,1
XL-Synthetic_9_B__xlsx_small__lsb2.bmp,extended_xl,XLSX,XLSX,small,2,no_deinterleaving,UNKNOWN,0
XL-Synthetic_9_B__xlsx_small__lsb2.bmp,extended_xl,XLSX,XLSX,small,2,no_buffer,ZIP,0
XL-Synthetic_9_B__xlsx_small__lsb2.bmp,extended_xl,XLSX,XLSX,small,2,no_markers,ZIP,0
XL-Synthetic_9_B__xlsx_small__lsb3.bmp,extended_xl,XLSX,XLSX,small,3,full,XLSX,1
XL-Synthetic_9_B__xlsx_small__lsb3.bmp,extended_xl,XLSX,XLSX,small,3,no_deinterleaving,UNKNOWN,0
XL-Synthetic_9_B__xlsx_small__lsb3.bmp,extended_xl,XLSX,XLSX,small,3,no_buffer,ZIP,0
XL-Synthetic_9_B__xlsx_small__lsb3.bmp,extended_xl,XLSX,XLSX,small,3,no_markers,ZIP,0
XL-Synthetic_9_P__docx_large__lsb3.png,extended_xl,DOCX,DOCX,large,3,full,DOCX,1
XL-Synthetic_9_P__docx_large__lsb3.png,extended_xl,DOCX,DOCX,large,3,no_deinterleaving,UNKNOWN,0
XL-Synthetic_9_P__docx_large__lsb3.png,extended_xl,DOCX,DOCX,large,3,no_buffer,ZIP,0
XL-Synthetic_9_P__docx_large__lsb3.png,extended_xl,DOCX,DOCX,large,3,no_markers,ZIP,0
XL-Synthetic_9_P__docx_medium__lsb2.png,extended_xl,DOCX,DOCX,medium,2,full,DOCX,1
XL-Synthetic_9_P__docx_medium__lsb2.png,extended_xl,DOCX,DOCX,medium,2,no_deinterleaving,UNKNOWN,0
XL-Synthetic_9_P__docx_medium__lsb2.png,extended_xl,DOCX,DOCX,medium,2,no_buffer,ZIP,0
XL-Synthetic_9_P__docx_medium__lsb2.png,extended_xl,DOCX,DOCX,medium,2,no_markers,ZIP,0
XL-Synthetic_9_P__docx_medium__lsb3.png,extended_xl,DOCX,DOCX,medium,3,full,DOCX,1
XL-Synthetic_9_P__docx_medium__lsb3.png,extended_xl,DOCX,DOCX,medium,3,no_deinterleaving,UNKNOWN,0
XL-Synthetic_9_P__docx_medium__lsb3.png,extended_xl,DOCX,DOCX,medium,3,no_buffer,ZIP,0
XL-Synthetic_9_P__docx_medium__lsb3.png,extended_xl,DOCX,DOCX,medium,3,no_markers,ZIP,0
XL-Synthetic_9_P__docx_small__lsb1.png,extended_xl,DOCX,DOCX,small,1,full,DOCX,1
XL-Synthetic_9_P__docx_small__lsb1.png,extended_xl,DOCX,DOCX,small,1,no_deinterleaving,DOCX,1
XL-Synthetic_9_P__docx_small__lsb1.png,extended_xl,DOCX,DOCX,small,1,no_buffer,ZIP,0
XL-Synthetic_9_P__docx_small__lsb1.png,extended_xl,DOCX,DOCX,small,1,no_markers,ZIP,0
XL-Synthetic_9_P__docx_small__lsb2.png,extended_xl,DOCX,DOCX,small,2,full,DOCX,1
XL-Synthetic_9_P__docx_small__lsb2.png,extended_xl,DOCX,DOCX,small,2,no_deinterleaving,UNKNOWN,0
XL-Synthetic_9_P__docx_small__lsb2.png,extended_xl,DOCX,DOCX,small,2,no_buffer,ZIP,0
XL-Synthetic_9_P__docx_small__lsb2.png,extended_xl,DOCX,DOCX,small,2,no_markers,ZIP,0
XL-Synthetic_9_P__docx_small__lsb3.png,extended_xl,DOCX,DOCX,small,3,full,DOCX,1
XL-Synthetic_9_P__docx_small__lsb3.png,extended_xl,DOCX,DOCX,small,3,no_deinterleaving,UNKNOWN,0
XL-Synthetic_9_P__docx_small__lsb3.png,extended_xl,DOCX,DOCX,small,3,no_buffer,ZIP,0
XL-Synthetic_9_P__docx_small__lsb3.png,extended_xl,DOCX,DOCX,small,3,no_markers,ZIP,0
XL-Synthetic_9_P__exe_large__lsb3.png,extended_xl,EXE,EXE,large,3,full,EXE,1
XL-Synthetic_9_P__exe_large__lsb3.png,extended_xl,EXE,EXE,large,3,no_deinterleaving,UNKNOWN,0
XL-Synthetic_9_P__exe_large__lsb3.png,extended_xl,EXE,EXE,large,3,no_buffer,EXE,1
XL-Synthetic_9_P__exe_large__lsb3.png,extended_xl,EXE,EXE,large,3,no_markers,EXE,1
XL-Synthetic_9_P__exe_medium__lsb2.png,extended_xl,EXE,EXE,medium,2,full,EXE,1
XL-Synthetic_9_P__exe_medium__lsb2.png,extended_xl,EXE,EXE,medium,2,no_deinterleaving,UNKNOWN,0
XL-Synthetic_9_P__exe_medium__lsb2.png,extended_xl,EXE,EXE,medium,2,no_buffer,EXE,1
XL-Synthetic_9_P__exe_medium__lsb2.png,extended_xl,EXE,EXE,medium,2,no_markers,EXE,1
XL-Synthetic_9_P__exe_medium__lsb3.png,extended_xl,EXE,EXE,medium,3,full,EXE,1
XL-Synthetic_9_P__exe_medium__lsb3.png,extended_xl,EXE,EXE,medium,3,no_deinterleaving,UNKNOWN,0
XL-Synthetic_9_P__exe_medium__lsb3.png,extended_xl,EXE,EXE,medium,3,no_buffer,EXE,1
XL-Synthetic_9_P__exe_medium__lsb3.png,extended_xl,EXE,EXE,medium,3,no_markers,EXE,1
XL-Synthetic_9_P__exe_small__lsb1.png,extended_xl,EXE,EXE,small,1,full,EXE,1
XL-Synthetic_9_P__exe_small__lsb1.png,extended_xl,EXE,EXE,small,1,no_deinterleaving,EXE,1
XL-Synthetic_9_P__exe_small__lsb1.png,extended_xl,EXE,EXE,small,1,no_buffer,EXE,1
XL-Synthetic_9_P__exe_small__lsb1.png,extended_xl,EXE,EXE,small,1,no_markers,EXE,1
XL-Synthetic_9_P__exe_small__lsb2.png,extended_xl,EXE,EXE,small,2,full,EXE,1
XL-Synthetic_9_P__exe_small__lsb2.png,extended_xl,EXE,EXE,small,2,no_deinterleaving,UNKNOWN,0
XL-Synthetic_9_P__exe_small__lsb2.png,extended_xl,EXE,EXE,small,2,no_buffer,EXE,1
XL-Synthetic_9_P__exe_small__lsb2.png,extended_xl,EXE,EXE,small,2,no_markers,EXE,1
XL-Synthetic_9_P__exe_small__lsb3.png,extended_xl,EXE,EXE,small,3,full,EXE,1
XL-Synthetic_9_P__exe_small__lsb3.png,extended_xl,EXE,EXE,small,3,no_deinterleaving,UNKNOWN,0
XL-Synthetic_9_P__exe_small__lsb3.png,extended_xl,EXE,EXE,small,3,no_buffer,EXE,1
XL-Synthetic_9_P__exe_small__lsb3.png,extended_xl,EXE,EXE,small,3,no_markers,EXE,1
XL-Synthetic_9_P__pdf_large__lsb3.png,extended_xl,PDF,PDF,large,3,full,PDF,1
XL-Synthetic_9_P__pdf_large__lsb3.png,extended_xl,PDF,PDF,large,3,no_deinterleaving,UNKNOWN,0
XL-Synthetic_9_P__pdf_large__lsb3.png,extended_xl,PDF,PDF,large,3,no_buffer,PDF,1
XL-Synthetic_9_P__pdf_large__lsb3.png,extended_xl,PDF,PDF,large,3,no_markers,PDF,1
XL-Synthetic_9_P__pdf_medium__lsb2.png,extended_xl,PDF,PDF,medium,2,full,PDF,1
XL-Synthetic_9_P__pdf_medium__lsb2.png,extended_xl,PDF,PDF,medium,2,no_deinterleaving,UNKNOWN,0
XL-Synthetic_9_P__pdf_medium__lsb2.png,extended_xl,PDF,PDF,medium,2,no_buffer,PDF,1
XL-Synthetic_9_P__pdf_medium__lsb2.png,extended_xl,PDF,PDF,medium,2,no_markers,PDF,1
XL-Synthetic_9_P__pdf_medium__lsb3.png,extended_xl,PDF,PDF,medium,3,full,PDF,1
XL-Synthetic_9_P__pdf_medium__lsb3.png,extended_xl,PDF,PDF,medium,3,no_deinterleaving,UNKNOWN,0
XL-Synthetic_9_P__pdf_medium__lsb3.png,extended_xl,PDF,PDF,medium,3,no_buffer,PDF,1
XL-Synthetic_9_P__pdf_medium__lsb3.png,extended_xl,PDF,PDF,medium,3,no_markers,PDF,1
XL-Synthetic_9_P__pdf_small__lsb1.png,extended_xl,PDF,PDF,small,1,full,PDF,1
XL-Synthetic_9_P__pdf_small__lsb1.png,extended_xl,PDF,PDF,small,1,no_deinterleaving,PDF,1
XL-Synthetic_9_P__pdf_small__lsb1.png,extended_xl,PDF,PDF,small,1,no_buffer,PDF,1
XL-Synthetic_9_P__pdf_small__lsb1.png,extended_xl,PDF,PDF,small,1,no_markers,PDF,1
XL-Synthetic_9_P__pdf_small__lsb2.png,extended_xl,PDF,PDF,small,2,full,PDF,1
XL-Synthetic_9_P__pdf_small__lsb2.png,extended_xl,PDF,PDF,small,2,no_deinterleaving,UNKNOWN,0
XL-Synthetic_9_P__pdf_small__lsb2.png,extended_xl,PDF,PDF,small,2,no_buffer,PDF,1
XL-Synthetic_9_P__pdf_small__lsb2.png,extended_xl,PDF,PDF,small,2,no_markers,PDF,1
XL-Synthetic_9_P__pdf_small__lsb3.png,extended_xl,PDF,PDF,small,3,full,PDF,1
XL-Synthetic_9_P__pdf_small__lsb3.png,extended_xl,PDF,PDF,small,3,no_deinterleaving,UNKNOWN,0
XL-Synthetic_9_P__pdf_small__lsb3.png,extended_xl,PDF,PDF,small,3,no_buffer,PDF,1
XL-Synthetic_9_P__pdf_small__lsb3.png,extended_xl,PDF,PDF,small,3,no_markers,PDF,1
XL-Synthetic_9_P__pptx_large__lsb3.png,extended_xl,PPTX,PPTX,large,3,full,PPTX,1
XL-Synthetic_9_P__pptx_large__lsb3.png,extended_xl,PPTX,PPTX,large,3,no_deinterleaving,UNKNOWN,0
XL-Synthetic_9_P__pptx_large__lsb3.png,extended_xl,PPTX,PPTX,large,3,no_buffer,ZIP,0
XL-Synthetic_9_P__pptx_large__lsb3.png,extended_xl,PPTX,PPTX,large,3,no_markers,ZIP,0
XL-Synthetic_9_P__pptx_medium__lsb2.png,extended_xl,PPTX,PPTX,medium,2,full,PPTX,1
XL-Synthetic_9_P__pptx_medium__lsb2.png,extended_xl,PPTX,PPTX,medium,2,no_deinterleaving,UNKNOWN,0
XL-Synthetic_9_P__pptx_medium__lsb2.png,extended_xl,PPTX,PPTX,medium,2,no_buffer,ZIP,0
XL-Synthetic_9_P__pptx_medium__lsb2.png,extended_xl,PPTX,PPTX,medium,2,no_markers,ZIP,0
XL-Synthetic_9_P__pptx_medium__lsb3.png,extended_xl,PPTX,PPTX,medium,3,full,PPTX,1
XL-Synthetic_9_P__pptx_medium__lsb3.png,extended_xl,PPTX,PPTX,medium,3,no_deinterleaving,UNKNOWN,0
XL-Synthetic_9_P__pptx_medium__lsb3.png,extended_xl,PPTX,PPTX,medium,3,no_buffer,ZIP,0
XL-Synthetic_9_P__pptx_medium__lsb3.png,extended_xl,PPTX,PPTX,medium,3,no_markers,ZIP,0
XL-Synthetic_9_P__pptx_small__lsb1.png,extended_xl,PPTX,PPTX,small,1,full,PPTX,1
XL-Synthetic_9_P__pptx_small__lsb1.png,extended_xl,PPTX,PPTX,small,1,no_deinterleaving,PPTX,1
XL-Synthetic_9_P__pptx_small__lsb1.png,extended_xl,PPTX,PPTX,small,1,no_buffer,ZIP,0
XL-Synthetic_9_P__pptx_small__lsb1.png,extended_xl,PPTX,PPTX,small,1,no_markers,ZIP,0
XL-Synthetic_9_P__pptx_small__lsb2.png,extended_xl,PPTX,PPTX,small,2,full,PPTX,1
XL-Synthetic_9_P__pptx_small__lsb2.png,extended_xl,PPTX,PPTX,small,2,no_deinterleaving,UNKNOWN,0
XL-Synthetic_9_P__pptx_small__lsb2.png,extended_xl,PPTX,PPTX,small,2,no_buffer,ZIP,0
XL-Synthetic_9_P__pptx_small__lsb2.png,extended_xl,PPTX,PPTX,small,2,no_markers,ZIP,0
XL-Synthetic_9_P__pptx_small__lsb3.png,extended_xl,PPTX,PPTX,small,3,full,PPTX,1
XL-Synthetic_9_P__pptx_small__lsb3.png,extended_xl,PPTX,PPTX,small,3,no_deinterleaving,UNKNOWN,0
XL-Synthetic_9_P__pptx_small__lsb3.png,extended_xl,PPTX,PPTX,small,3,no_buffer,ZIP,0
XL-Synthetic_9_P__pptx_small__lsb3.png,extended_xl,PPTX,PPTX,small,3,no_markers,ZIP,0
XL-Synthetic_9_P__rtf_large__lsb3.png,extended_xl,RTF,RTF,large,3,full,RTF,1
XL-Synthetic_9_P__rtf_large__lsb3.png,extended_xl,RTF,RTF,large,3,no_deinterleaving,UNKNOWN,0
XL-Synthetic_9_P__rtf_large__lsb3.png,extended_xl,RTF,RTF,large,3,no_buffer,RTF,1
XL-Synthetic_9_P__rtf_large__lsb3.png,extended_xl,RTF,RTF,large,3,no_markers,RTF,1
XL-Synthetic_9_P__rtf_medium__lsb2.png,extended_xl,RTF,RTF,medium,2,full,RTF,1
XL-Synthetic_9_P__rtf_medium__lsb2.png,extended_xl,RTF,RTF,medium,2,no_deinterleaving,UNKNOWN,0
XL-Synthetic_9_P__rtf_medium__lsb2.png,extended_xl,RTF,RTF,medium,2,no_buffer,RTF,1
XL-Synthetic_9_P__rtf_medium__lsb2.png,extended_xl,RTF,RTF,medium,2,no_markers,RTF,1
XL-Synthetic_9_P__rtf_medium__lsb3.png,extended_xl,RTF,RTF,medium,3,full,RTF,1
XL-Synthetic_9_P__rtf_medium__lsb3.png,extended_xl,RTF,RTF,medium,3,no_deinterleaving,UNKNOWN,0
XL-Synthetic_9_P__rtf_medium__lsb3.png,extended_xl,RTF,RTF,medium,3,no_buffer,RTF,1
XL-Synthetic_9_P__rtf_medium__lsb3.png,extended_xl,RTF,RTF,medium,3,no_markers,RTF,1
XL-Synthetic_9_P__rtf_small__lsb1.png,extended_xl,RTF,RTF,small,1,full,RTF,1
XL-Synthetic_9_P__rtf_small__lsb1.png,extended_xl,RTF,RTF,small,1,no_deinterleaving,RTF,1
XL-Synthetic_9_P__rtf_small__lsb1.png,extended_xl,RTF,RTF,small,1,no_buffer,RTF,1
XL-Synthetic_9_P__rtf_small__lsb1.png,extended_xl,RTF,RTF,small,1,no_markers,RTF,1
XL-Synthetic_9_P__rtf_small__lsb2.png,extended_xl,RTF,RTF,small,2,full,RTF,1
XL-Synthetic_9_P__rtf_small__lsb2.png,extended_xl,RTF,RTF,small,2,no_deinterleaving,UNKNOWN,0
XL-Synthetic_9_P__rtf_small__lsb2.png,extended_xl,RTF,RTF,small,2,no_buffer,RTF,1
XL-Synthetic_9_P__rtf_small__lsb2.png,extended_xl,RTF,RTF,small,2,no_markers,RTF,1
XL-Synthetic_9_P__rtf_small__lsb3.png,extended_xl,RTF,RTF,small,3,full,RTF,1
XL-Synthetic_9_P__rtf_small__lsb3.png,extended_xl,RTF,RTF,small,3,no_deinterleaving,UNKNOWN,0
XL-Synthetic_9_P__rtf_small__lsb3.png,extended_xl,RTF,RTF,small,3,no_buffer,RTF,1
XL-Synthetic_9_P__rtf_small__lsb3.png,extended_xl,RTF,RTF,small,3,no_markers,RTF,1
XL-Synthetic_9_P__xlsx_large__lsb3.png,extended_xl,XLSX,XLSX,large,3,full,XLSX,1
XL-Synthetic_9_P__xlsx_large__lsb3.png,extended_xl,XLSX,XLSX,large,3,no_deinterleaving,UNKNOWN,0
XL-Synthetic_9_P__xlsx_large__lsb3.png,extended_xl,XLSX,XLSX,large,3,no_buffer,ZIP,0
XL-Synthetic_9_P__xlsx_large__lsb3.png,extended_xl,XLSX,XLSX,large,3,no_markers,ZIP,0
XL-Synthetic_9_P__xlsx_medium__lsb2.png,extended_xl,XLSX,XLSX,medium,2,full,XLSX,1
XL-Synthetic_9_P__xlsx_medium__lsb2.png,extended_xl,XLSX,XLSX,medium,2,no_deinterleaving,UNKNOWN,0
XL-Synthetic_9_P__xlsx_medium__lsb2.png,extended_xl,XLSX,XLSX,medium,2,no_buffer,ZIP,0
XL-Synthetic_9_P__xlsx_medium__lsb2.png,extended_xl,XLSX,XLSX,medium,2,no_markers,ZIP,0
XL-Synthetic_9_P__xlsx_medium__lsb3.png,extended_xl,XLSX,XLSX,medium,3,full,XLSX,1
XL-Synthetic_9_P__xlsx_medium__lsb3.png,extended_xl,XLSX,XLSX,medium,3,no_deinterleaving,UNKNOWN,0
XL-Synthetic_9_P__xlsx_medium__lsb3.png,extended_xl,XLSX,XLSX,medium,3,no_buffer,ZIP,0
XL-Synthetic_9_P__xlsx_medium__lsb3.png,extended_xl,XLSX,XLSX,medium,3,no_markers,ZIP,0
XL-Synthetic_9_P__xlsx_small__lsb1.png,extended_xl,XLSX,XLSX,small,1,full,XLSX,1
XL-Synthetic_9_P__xlsx_small__lsb1.png,extended_xl,XLSX,XLSX,small,1,no_deinterleaving,XLSX,1
XL-Synthetic_9_P__xlsx_small__lsb1.png,extended_xl,XLSX,XLSX,small,1,no_buffer,ZIP,0
XL-Synthetic_9_P__xlsx_small__lsb1.png,extended_xl,XLSX,XLSX,small,1,no_markers,ZIP,0
XL-Synthetic_9_P__xlsx_small__lsb2.png,extended_xl,XLSX,XLSX,small,2,full,XLSX,1
XL-Synthetic_9_P__xlsx_small__lsb2.png,extended_xl,XLSX,XLSX,small,2,no_deinterleaving,UNKNOWN,0
XL-Synthetic_9_P__xlsx_small__lsb2.png,extended_xl,XLSX,XLSX,small,2,no_buffer,ZIP,0
XL-Synthetic_9_P__xlsx_small__lsb2.png,extended_xl,XLSX,XLSX,small,2,no_markers,ZIP,0
XL-Synthetic_9_P__xlsx_small__lsb3.png,extended_xl,XLSX,XLSX,small,3,full,XLSX,1
XL-Synthetic_9_P__xlsx_small__lsb3.png,extended_xl,XLSX,XLSX,small,3,no_deinterleaving,UNKNOWN,0
XL-Synthetic_9_P__xlsx_small__lsb3.png,extended_xl,XLSX,XLSX,small,3,no_buffer,ZIP,0
XL-Synthetic_9_P__xlsx_small__lsb3.png,extended_xl,XLSX,XLSX,small,3,no_markers,ZIP,0
