subset,stego_filename,stego_path,cover_filename,cover_category,cover_variant,cover_size_label,cover_format,payload_filename,payload_type,payload_size_class,lsb,expected_type,resolved_stego_path,baseline_detected_type,baseline_status,baseline_exact_correct,structural_detected_type,structural_validation_status,structural_correct,tag_size,payload_length,tag_endian,header_hex,runtime_seconds,error
core,Flat-Color_1_S__docx_small__lsb1.bmp,/home/kali/Desktop/stego_dataset_expanded/stego_core_combined/Flat-Color_1_S__docx_small__lsb1.bmp,Flat-Color_1_S.bmp,Flat-Color,1,S,bmp,P01.docx,docx,small,1,DOCX,/home/kali/stego_dataset_expanded/stego_core_combined/Flat-Color_1_S__docx_small__lsb1.bmp,ZIP,signature_pk_zip,0,DOCX,validated_ooxml_docx,1,3,13432,little,50 4b 03 04 14 00 06 00,0.153080,
core,Flat-Color_1_S__docx_small__lsb2.bmp,/home/kali/Desktop/stego_dataset_expanded/stego_core_combined/Flat-Color_1_S__docx_small__lsb2.bmp,Flat-Color_1_S.bmp,Flat-Color,1,S,bmp,P01.docx,docx,small,2,DOCX,/home/kali/stego_dataset_expanded/stego_core_combined/Flat-Color_1_S__docx_small__lsb2.bmp,ZIP,signature_pk_zip,0,DOCX,validated_ooxml_docx,1,3,13432,little,50 4b 03 04 14 00 06 00,0.144969,
core,Flat-Color_1_S__docx_small__lsb3.bmp,/home/kali/Desktop/stego_dataset_expanded/stego_core_combined/Flat-Color_1_S__docx_small__lsb3.bmp,Flat-Color_1_S.bmp,Flat-Color,1,S,bmp,P01.docx,docx,small,3,DOCX,/home/kali/stego_dataset_expanded/stego_core_combined/Flat-Color_1_S__docx_small__lsb3.bmp,ZIP,signature_pk_zip,0,DOCX,validated_ooxml_docx,1,3,13432,little,50 4b 03 04 14 00 06 00,0.138593,
core,Flat-Color_1_S__exe_small__lsb1.bmp,/home/kali/Desktop/stego_dataset_expanded/stego_core_combined/Flat-Color_1_S__exe_small__lsb1.bmp,Flat-Color_1_S.bmp,Flat-Color,1,S,bmp,P06.exe,exe,small,1,EXE,/home/kali/stego_dataset_expanded/stego_core_combined/Flat-Color_1_S__exe_small__lsb1.bmp,EXE,signature_mz,1,EXE,validated_mz_pe_header,1,3,40448,little,4d 5a 90 00 03 00 00 00,0.135614,
core,Flat-Color_1_S__exe_small__lsb2.bmp,/home/kali/Desktop/stego_dataset_expanded/stego_core_combined/Flat-Color_1_S__exe_small__lsb2.bmp,Flat-Color_1_S.bmp,Flat-Color,1,S,bmp,P06.exe,exe,small,2,EXE,/home/kali/stego_dataset_expanded/stego_core_combined/Flat-Color_1_S__exe_small__lsb2.bmp,EXE,signature_mz,1,EXE,validated_mz_pe_header,1,3,40448,little,4d 5a 90 00 03 00 00 00,0.155223,
core,Flat-Color_1_S__exe_small__lsb3.bmp,/home/kali/Desktop/stego_dataset_expanded/stego_core_combined/Flat-Color_1_S__exe_small__lsb3.bmp,Flat-Color_1_S.bmp,Flat-Color,1,S,bmp,P06.exe,exe,small,3,EXE,/home/kali/stego_dataset_expanded/stego_core_combined/Flat-Color_1_S__exe_small__lsb3.bmp,EXE,signature_mz,1,EXE,validated_mz_pe_header,1,3,40448,little,4d 5a 90 00 03 00 00 00,0.145843,
core,Flat-Color_1_S__pdf_small__lsb1.bmp,/home/kali/Desktop/stego_dataset_expanded/stego_core_combined/Flat-Color_1_S__pdf_small__lsb1.bmp,Flat-Color_1_S.bmp,Flat-Color,1,S,bmp,P02.pdf,pdf,small,1,PDF,/home/kali/stego_dataset_expanded/stego_core_combined/Flat-Color_1_S__pdf_small__lsb1.bmp,PDF,signature_pdf,1,PDF,validated_pdf_startxref_eof,1,3,16620,little,25 50 44 46 2d 31 2e 37,0.156980,
core,Flat-Color_1_S__pdf_small__lsb2.bmp,/home/kali/Desktop/stego_dataset_expanded/stego_core_combined/Flat-Color_1_S__pdf_small__lsb2.bmp,Flat-Color_1_S.bmp,Flat-Color,1,S,bmp,P02.pdf,pdf,small,2,PDF,/home/kali/stego_dataset_expanded/stego_core_combined/Flat-Color_1_S__pdf_small__lsb2.bmp,PDF,signature_pdf,1,PDF,validated_pdf_startxref_eof,1,3,16620,little,25 50 44 46 2d 31 2e 37,0.140170,
core,Flat-Color_1_S__pdf_small__lsb3.bmp,/home/kali/Desktop/stego_dataset_expanded/stego_core_combined/Flat-Color_1_S__pdf_small__lsb3.bmp,Flat-Color_1_S.bmp,Flat-Color,1,S,bmp,P02.pdf,pdf,small,3,PDF,/home/kali/stego_dataset_expanded/stego_core_combined/Flat-Color_1_S__pdf_small__lsb3.bmp,PDF,signature_pdf,1,PDF,validated_pdf_startxref_eof,1,3,16620,little,25 50 44 46 2d 31 2e 37,0.143324,
core,Flat-Color_1_S__pptx_small__lsb1.bmp,/home/kali/Desktop/stego_dataset_expanded/stego_core_combined/Flat-Color_1_S__pptx_small__lsb1.bmp,Flat-Color_1_S.bmp,Flat-Color,1,S,bmp,P04.pptx,pptx,small,1,PPTX,/home/kali/stego_dataset_expanded/stego_core_combined/Flat-Color_1_S__pptx_small__lsb1.bmp,ZIP,signature_pk_zip,0,PPTX,validated_ooxml_pptx,1,3,32020,little,50 4b 03 04 14 00 06 00,0.148226,
core,Flat-Color_1_S__pptx_small__lsb2.bmp,/home/kali/Desktop/stego_dataset_expanded/stego_core_combined/Flat-Color_1_S__pptx_small__lsb2.bmp,Flat-Color_1_S.bmp,Flat-Color,1,S,bmp,P04.pptx,pptx,small,2,PPTX,/home/kali/stego_dataset_expanded/stego_core_combined/Flat-Color_1_S__pptx_small__lsb2.bmp,ZIP,signature_pk_zip,0,PPTX,validated_ooxml_pptx,1,3,32020,little,50 4b 03 04 14 00 06 00,0.144149,
core,Flat-Color_1_S__pptx_small__lsb3.bmp,/home/kali/Desktop/stego_dataset_expanded/stego_core_combined/Flat-Color_1_S__pptx_small__lsb3.bmp,Flat-Color_1_S.bmp,Flat-Color,1,S,bmp,P04.pptx,pptx,small,3,PPTX,/home/kali/stego_dataset_expanded/stego_core_combined/Flat-Color_1_S__pptx_small__lsb3.bmp,ZIP,signature_pk_zip,0,PPTX,validated_ooxml_pptx,1,3,32020,little,50 4b 03 04 14 00 06 00,0.157962,
core,Flat-Color_1_S__rtf_small__lsb1.bmp,/home/kali/Desktop/stego_dataset_expanded/stego_core_combined/Flat-Color_1_S__rtf_small__lsb1.bmp,Flat-Color_1_S.bmp,Flat-Color,1,S,bmp,P05.rtf,rtf,small,1,RTF,/home/kali/stego_dataset_expanded/stego_core_combined/Flat-Color_1_S__rtf_small__lsb1.bmp,RTF,signature_rtf,1,RTF,validated_rtf_structure,1,3,50275,little,7b 5c 72 74 66 31 5c 61,0.161181,
core,Flat-Color_1_S__rtf_small__lsb2.bmp,/home/kali/Desktop/stego_dataset_expanded/stego_core_combined/Flat-Color_1_S__rtf_small__lsb2.bmp,Flat-Color_1_S.bmp,Flat-Color,1,S,bmp,P05.rtf,rtf,small,2,RTF,/home/kali/stego_dataset_expanded/stego_core_combined/Flat-Color_1_S__rtf_small__lsb2.bmp,RTF,signature_rtf,1,RTF,validated_rtf_structure,1,3,50275,little,7b 5c 72 74 66 31 5c 61,0.251742,
core,Flat-Color_1_S__rtf_small__lsb3.bmp,/home/kali/Desktop/stego_dataset_expanded/stego_core_combined/Flat-Color_1_S__rtf_small__lsb3.bmp,Flat-Color_1_S.bmp,Flat-Color,1,S,bmp,P05.rtf,rtf,small,3,RTF,/home/kali/stego_dataset_expanded/stego_core_combined/Flat-Color_1_S__rtf_small__lsb3.bmp,RTF,signature_rtf,1,RTF,validated_rtf_structure,1,3,50275,little,7b 5c 72 74 66 31 5c 61,0.151235,
core,Flat-Color_1_S__xlsx_small__lsb1.bmp,/home/kali/Desktop/stego_dataset_expanded/stego_core_combined/Flat-Color_1_S__xlsx_small__lsb1.bmp,Flat-Color_1_S.bmp,Flat-Color,1,S,bmp,P03.xlsx,xlsx,small,1,XLSX,/home/kali/stego_dataset_expanded/stego_core_combined/Flat-Color_1_S__xlsx_small__lsb1.bmp,ZIP,signature_pk_zip,0,XLSX,validated_ooxml_xlsx,1,3,8899,little,50 4b 03 04 14 00 06 00,0.152290,
core,Flat-Color_1_S__xlsx_small__lsb2.bmp,/home/kali/Desktop/stego_dataset_expanded/stego_core_combined/Flat-Color_1_S__xlsx_small__lsb2.bmp,Flat-Color_1_S.bmp,Flat-Color,1,S,bmp,P03.xlsx,xlsx,small,2,XLSX,/home/kali/stego_dataset_expanded/stego_core_combined/Flat-Color_1_S__xlsx_small__lsb2.bmp,ZIP,signature_pk_zip,0,XLSX,validated_ooxml_xlsx,1,3,8899,little,50 4b 03 04 14 00 06 00,0.145341,
core,Flat-Color_1_S__xlsx_small__lsb3.bmp,/home/kali/Desktop/stego_dataset_expanded/stego_core_combined/Flat-Color_1_S__xlsx_small__lsb3.bmp,Flat-Color_1_S.bmp,Flat-Color,1,S,bmp,P03.xlsx,xlsx,small,3,XLSX,/home/kali/stego_dataset_expanded/stego_core_combined/Flat-Color_1_S__xlsx_small__lsb3.bmp,ZIP,signature_pk_zip,0,XLSX,validated_ooxml_xlsx,1,3,8899,little,50 4b 03 04 14 00 06 00,0.162549,
core,Flat-Color_2_M__docx_large__lsb3.png,/home/kali/Desktop/stego_dataset_expanded/stego_core_combined/Flat-Color_2_M__docx_large__lsb3.png,Flat-Color_2_M.png,Flat-Color,2,M,png,P01.docx,docx,large,3,DOCX,/home/kali/stego_dataset_expanded/stego_core_combined/Flat-Color_2_M__docx_large__lsb3.png,ZIP,signature_pk_zip,0,DOCX,validated_ooxml_docx,1,3,1121154,little,50 4b 03 04 14 00 06 00,0.811047,
core,Flat-Color_2_M__docx_medium__lsb2.png,/home/kali/Desktop/stego_dataset_expanded/stego_core_combined/Flat-Color_2_M__docx_medium__lsb2.png,Flat-Color_2_M.png,Flat-Color,2,M,png,P01.docx,docx,medium,2,DOCX,/home/kali/stego_dataset_expanded/stego_core_combined/Flat-Color_2_M__docx_medium__lsb2.png,ZIP,signature_pk_zip,0,DOCX,validated_ooxml_docx,1,3,511127,little,50 4b 03 04 14 00 06 00,1.059647,
core,Flat-Color_2_M__docx_medium__lsb3.png,/home/kali/Desktop/stego_dataset_expanded/stego_core_combined/Flat-Color_2_M__docx_medium__lsb3.png,Flat-Color_2_M.png,Flat-Color,2,M,png,P01.docx,docx,medium,3,DOCX,/home/kali/stego_dataset_expanded/stego_core_combined/Flat-Color_2_M__docx_medium__lsb3.png,ZIP,signature_pk_zip,0,DOCX,validated_ooxml_docx,1,3,511127,little,50 4b 03 04 14 00 06 00,0.665955,
core,Flat-Color_2_M__docx_small__lsb1.png,/home/kali/Desktop/stego_dataset_expanded/stego_core_combined/Flat-Color_2_M__docx_small__lsb1.png,Flat-Color_2_M.png,Flat-Color,2,M,png,P01.docx,docx,small,1,DOCX,/home/kali/stego_dataset_expanded/stego_core_combined/Flat-Color_2_M__docx_small__lsb1.png,ZIP,signature_pk_zip,0,DOCX,validated_ooxml_docx,1,3,13432,little,50 4b 03 04 14 00 06 00,0.627140,
core,Flat-Color_2_M__docx_small__lsb2.png,/home/kali/Desktop/stego_dataset_expanded/stego_core_combined/Flat-Color_2_M__docx_small__lsb2.png,Flat-Color_2_M.png,Flat-Color,2,M,png,P01.docx,docx,small,2,DOCX,/home/kali/stego_dataset_expanded/stego_core_combined/Flat-Color_2_M__docx_small__lsb2.png,ZIP,signature_pk_zip,0,DOCX,validated_ooxml_docx,1,3,13432,little,50 4b 03 04 14 00 06 00,0.616500,
core,Flat-Color_2_M__docx_small__lsb3.png,/home/kali/Desktop/stego_dataset_expanded/stego_core_combined/Flat-Color_2_M__docx_small__lsb3.png,Flat-Color_2_M.png,Flat-Color,2,M,png,P01.docx,docx,small,3,DOCX,/home/kali/stego_dataset_expanded/stego_core_combined/Flat-Color_2_M__docx_small__lsb3.png,ZIP,signature_pk_zip,0,DOCX,validated_ooxml_docx,1,3,13432,little,50 4b 03 04 14 00 06 00,0.581799,
core,Flat-Color_2_M__exe_large__lsb3.png,/home/kali/Desktop/stego_dataset_expanded/stego_core_combined/Flat-Color_2_M__exe_large__lsb3.png,Flat-Color_2_M.png,Flat-Color,2,M,png,P06.exe,exe,large,3,EXE,/home/kali/stego_dataset_expanded/stego_core_combined/Flat-Color_2_M__exe_large__lsb3.png,EXE,signature_mz,1,EXE,validated_mz_pe_header,1,3,1017856,little,4d 5a 90 00 03 00 00 00,0.778301,
core,Flat-Color_2_M__exe_medium__lsb2.png,/home/kali/Desktop/stego_dataset_expanded/stego_core_combined/Flat-Color_2_M__exe_medium__lsb2.png,Flat-Color_2_M.png,Flat-Color,2,M,png,P06.exe,exe,medium,2,EXE,/home/kali/stego_dataset_expanded/stego_core_combined/Flat-Color_2_M__exe_medium__lsb2.png,EXE,signature_mz,1,EXE,validated_mz_pe_header,1,3,505856,little,4d 5a 90 00 03 00 00 00,0.762716,
core,Flat-Color_2_M__exe_medium__lsb3.png,/home/kali/Desktop/stego_dataset_expanded/stego_core_combined/Flat-Color_2_M__exe_medium__lsb3.png,Flat-Color_2_M.png,Flat-Color,2,M,png,P06.exe,exe,medium,3,EXE,/home/kali/stego_dataset_expanded/stego_core_combined/Flat-Color_2_M__exe_medium__lsb3.png,EXE,signature_mz,1,EXE,validated_mz_pe_header,1,3,505856,little,4d 5a 90 00 03 00 00 00,0.724366,
core,Flat-Color_2_M__exe_small__lsb1.png,/home/kali/Desktop/stego_dataset_expanded/stego_core_combined/Flat-Color_2_M__exe_small__lsb1.png,Flat-Color_2_M.png,Flat-Color,2,M,png,P06.exe,exe,small,1,EXE,/home/kali/stego_dataset_expanded/stego_core_combined/Flat-Color_2_M__exe_small__lsb1.png,EXE,signature_mz,1,EXE,validated_mz_pe_header,1,3,40448,little,4d 5a 90 00 03 00 00 00,0.593163,
core,Flat-Color_2_M__exe_small__lsb2.png,/home/kali/Desktop/stego_dataset_expanded/stego_core_combined/Flat-Color_2_M__exe_small__lsb2.png,Flat-Color_2_M.png,Flat-Color,2,M,png,P06.exe,exe,small,2,EXE,/home/kali/stego_dataset_expanded/stego_core_combined/Flat-Color_2_M__exe_small__lsb2.png,EXE,signature_mz,1,EXE,validated_mz_pe_header,1,3,40448,little,4d 5a 90 00 03 00 00 00,0.597446,
core,Flat-Color_2_M__exe_small__lsb3.png,/home/kali/Desktop/stego_dataset_expanded/stego_core_combined/Flat-Color_2_M__exe_small__lsb3.png,Flat-Color_2_M.png,Flat-Color,2,M,png,P06.exe,exe,small,3,EXE,/home/kali/stego_dataset_expanded/stego_core_combined/Flat-Color_2_M__exe_small__lsb3.png,EXE,signature_mz,1,EXE,validated_mz_pe_header,1,3,40448,little,4d 5a 90 00 03 00 00 00,0.617689,
core,Flat-Color_2_M__pdf_large__lsb3.png,/home/kali/Desktop/stego_dataset_expanded/stego_core_combined/Flat-Color_2_M__pdf_large__lsb3.png,Flat-Color_2_M.png,Flat-Color,2,M,png,P02.pdf,pdf,large,3,PDF,/home/kali/stego_dataset_expanded/stego_core_combined/Flat-Color_2_M__pdf_large__lsb3.png,PDF,signature_pdf,1,PDF,validated_pdf_startxref_eof,1,3,1100144,little,25 50 44 46 2d 31 2e 33,0.764866,
core,Flat-Color_2_M__pdf_medium__lsb2.png,/home/kali/Desktop/stego_dataset_expanded/stego_core_combined/Flat-Color_2_M__pdf_medium__lsb2.png,Flat-Color_2_M.png,Flat-Color,2,M,png,P02.pdf,pdf,medium,2,PDF,/home/kali/stego_dataset_expanded/stego_core_combined/Flat-Color_2_M__pdf_medium__lsb2.png,PDF,signature_pdf,1,PDF,validated_pdf_startxref_eof,1,3,510410,little,25 50 44 46 2d 31 2e 37,0.710388,
core,Flat-Color_2_M__pdf_medium__lsb3.png,/home/kali/Desktop/stego_dataset_expanded/stego_core_combined/Flat-Color_2_M__pdf_medium__lsb3.png,Flat-Color_2_M.png,Flat-Color,2,M,png,P02.pdf,pdf,medium,3,PDF,/home/kali/stego_dataset_expanded/stego_core_combined/Flat-Color_2_M__pdf_medium__lsb3.png,PDF,signature_pdf,1,PDF,validated_pdf_startxref_eof,1,3,510410,little,25 50 44 46 2d 31 2e 37,0.715158,
core,Flat-Color_2_M__pdf_small__lsb1.png,/home/kali/Desktop/stego_dataset_expanded/stego_core_combined/Flat-Color_2_M__pdf_small__lsb1.png,Flat-Color_2_M.png,Flat-Color,2,M,png,P02.pdf,pdf,small,1,PDF,/home/kali/stego_dataset_expanded/stego_core_combined/Flat-Color_2_M__pdf_small__lsb1.png,PDF,signature_pdf,1,PDF,validated_pdf_startxref_eof,1,3,16620,little,25 50 44 46 2d 31 2e 37,0.657596,
core,Flat-Color_2_M__pdf_small__lsb2.png,/home/kali/Desktop/stego_dataset_expanded/stego_core_combined/Flat-Color_2_M__pdf_small__lsb2.png,Flat-Color_2_M.png,Flat-Color,2,M,png,P02.pdf,pdf,small,2,PDF,/home/kali/stego_dataset_expanded/stego_core_combined/Flat-Color_2_M__pdf_small__lsb2.png,PDF,signature_pdf,1,PDF,validated_pdf_startxref_eof,1,3,16620,little,25 50 44 46 2d 31 2e 37,0.666769,
core,Flat-Color_2_M__pdf_small__lsb3.png,/home/kali/Desktop/stego_dataset_expanded/stego_core_combined/Flat-Color_2_M__pdf_small__lsb3.png,Flat-Color_2_M.png,Flat-Color,2,M,png,P02.pdf,pdf,small,3,PDF,/home/kali/stego_dataset_expanded/stego_core_combined/Flat-Color_2_M__pdf_small__lsb3.png,PDF,signature_pdf,1,PDF,validated_pdf_startxref_eof,1,3,16620,little,25 50 44 46 2d 31 2e 37,0.720204,
core,Flat-Color_2_M__pptx_large__lsb3.png,/home/kali/Desktop/stego_dataset_expanded/stego_core_combined/Flat-Color_2_M__pptx_large__lsb3.png,Flat-Color_2_M.png,Flat-Color,2,M,png,P04.pptx,pptx,large,3,PPTX,/home/kali/stego_dataset_expanded/stego_core_combined/Flat-Color_2_M__pptx_large__lsb3.png,ZIP,signature_pk_zip,0,PPTX,validated_ooxml_pptx,1,3,1082610,little,50 4b 03 04 14 00 06 00,0.901282,
core,Flat-Color_2_M__pptx_medium__lsb2.png,/home/kali/Desktop/stego_dataset_expanded/stego_core_combined/Flat-Color_2_M__pptx_medium__lsb2.png,Flat-Color_2_M.png,Flat-Color,2,M,png,P04.pptx,pptx,medium,2,PPTX,/home/kali/stego_dataset_expanded/stego_core_combined/Flat-Color_2_M__pptx_medium__lsb2.png,ZIP,signature_pk_zip,0,PPTX,validated_ooxml_pptx,1,3,512113,little,50 4b 03 04 14 00 06 00,0.838783,
core,Flat-Color_2_M__pptx_medium__lsb3.png,/home/kali/Desktop/stego_dataset_expanded/stego_core_combined/Flat-Color_2_M__pptx_medium__lsb3.png,Flat-Color_2_M.png,Flat-Color,2,M,png,P04.pptx,pptx,medium,3,PPTX,/home/kali/stego_dataset_expanded/stego_core_combined/Flat-Color_2_M__pptx_medium__lsb3.png,ZIP,signature_pk_zip,0,PPTX,validated_ooxml_pptx,1,3,512113,little,50 4b 03 04 14 00 06 00,0.684584,
core,Flat-Color_2_M__pptx_small__lsb1.png,/home/kali/Desktop/stego_dataset_expanded/stego_core_combined/Flat-Color_2_M__pptx_small__lsb1.png,Flat-Color_2_M.png,Flat-Color,2,M,png,P04.pptx,pptx,small,1,PPTX,/home/kali/stego_dataset_expanded/stego_core_combined/Flat-Color_2_M__pptx_small__lsb1.png,ZIP,signature_pk_zip,0,PPTX,validated_ooxml_pptx,1,3,32020,little,50 4b 03 04 14 00 06 00,0.632672,
core,Flat-Color_2_M__pptx_small__lsb2.png,/home/kali/Desktop/stego_dataset_expanded/stego_core_combined/Flat-Color_2_M__pptx_small__lsb2.png,Flat-Color_2_M.png,Flat-Color,2,M,png,P04.pptx,pptx,small,2,PPTX,/home/kali/stego_dataset_expanded/stego_core_combined/Flat-Color_2_M__pptx_small__lsb2.png,ZIP,signature_pk_zip,0,PPTX,validated_ooxml_pptx,1,3,32020,little,50 4b 03 04 14 00 06 00,0.626119,
core,Flat-Color_2_M__pptx_small__lsb3.png,/home/kali/Desktop/stego_dataset_expanded/stego_core_combined/Flat-Color_2_M__pptx_small__lsb3.png,Flat-Color_2_M.png,Flat-Color,2,M,png,P04.pptx,pptx,small,3,PPTX,/home/kali/stego_dataset_expanded/stego_core_combined/Flat-Color_2_M__pptx_small__lsb3.png,ZIP,signature_pk_zip,0,PPTX,validated_ooxml_pptx,1,3,32020,little,50 4b 03 04 14 00 06 00,0.624476,
core,Flat-Color_2_M__rtf_large__lsb3.png,/home/kali/Desktop/stego_dataset_expanded/stego_core_combined/Flat-Color_2_M__rtf_large__lsb3.png,Flat-Color_2_M.png,Flat-Color,2,M,png,P05.rtf,rtf,large,3,RTF,/home/kali/stego_dataset_expanded/stego_core_combined/Flat-Color_2_M__rtf_large__lsb3.png,RTF,signature_rtf,1,RTF,validated_rtf_structure,1,3,1085026,little,7b 5c 72 74 66 31 5c 61,0.835755,
core,Flat-Color_2_M__rtf_medium__lsb2.png,/home/kali/Desktop/stego_dataset_expanded/stego_core_combined/Flat-Color_2_M__rtf_medium__lsb2.png,Flat-Color_2_M.png,Flat-Color,2,M,png,P05.rtf,rtf,medium,2,RTF,/home/kali/stego_dataset_expanded/stego_core_combined/Flat-Color_2_M__rtf_medium__lsb2.png,RTF,signature_rtf,1,RTF,validated_rtf_structure,1,3,511504,little,7b 5c 72 74 66 31 5c 61,0.918332,
core,Flat-Color_2_M__rtf_medium__lsb3.png,/home/kali/Desktop/stego_dataset_expanded/stego_core_combined/Flat-Color_2_M__rtf_medium__lsb3.png,Flat-Color_2_M.png,Flat-Color,2,M,png,P05.rtf,rtf,medium,3,RTF,/home/kali/stego_dataset_expanded/stego_core_combined/Flat-Color_2_M__rtf_medium__lsb3.png,RTF,signature_rtf,1,RTF,validated_rtf_structure,1,3,511504,little,7b 5c 72 74 66 31 5c 61,0.773698,
core,Flat-Color_2_M__rtf_small__lsb1.png,/home/kali/Desktop/stego_dataset_expanded/stego_core_combined/Flat-Color_2_M__rtf_small__lsb1.png,Flat-Color_2_M.png,Flat-Color,2,M,png,P05.rtf,rtf,small,1,RTF,/home/kali/stego_dataset_expanded/stego_core_combined/Flat-Color_2_M__rtf_small__lsb1.png,RTF,signature_rtf,1,RTF,validated_rtf_structure,1,3,50275,little,7b 5c 72 74 66 31 5c 61,0.843359,
core,Flat-Color_2_M__rtf_small__lsb2.png,/home/kali/Desktop/stego_dataset_expanded/stego_core_combined/Flat-Color_2_M__rtf_small__lsb2.png,Flat-Color_2_M.png,Flat-Color,2,M,png,P05.rtf,rtf,small,2,RTF,/home/kali/stego_dataset_expanded/stego_core_combined/Flat-Color_2_M__rtf_small__lsb2.png,RTF,signature_rtf,1,RTF,validated_rtf_structure,1,3,50275,little,7b 5c 72 74 66 31 5c 61,0.705634,
core,Flat-Color_2_M__rtf_small__lsb3.png,/home/kali/Desktop/stego_dataset_expanded/stego_core_combined/Flat-Color_2_M__rtf_small__lsb3.png,Flat-Color_2_M.png,Flat-Color,2,M,png,P05.rtf,rtf,small,3,RTF,/home/kali/stego_dataset_expanded/stego_core_combined/Flat-Color_2_M__rtf_small__lsb3.png,RTF,signature_rtf,1,RTF,validated_rtf_structure,1,3,50275,little,7b 5c 72 74 66 31 5c 61,0.605735,
core,Flat-Color_2_M__xlsx_large__lsb3.png,/home/kali/Desktop/stego_dataset_expanded/stego_core_combined/Flat-Color_2_M__xlsx_large__lsb3.png,Flat-Color_2_M.png,Flat-Color,2,M,png,P03.xlsx,xlsx,large,3,XLSX,/home/kali/stego_dataset_expanded/stego_core_combined/Flat-Color_2_M__xlsx_large__lsb3.png,ZIP,signature_pk_zip,0,XLSX,validated_ooxml_xlsx,1,3,1090468,little,50 4b 03 04 14 00 06 00,0.764507,
core,Flat-Color_2_M__xlsx_medium__lsb2.png,/home/kali/Desktop/stego_dataset_expanded/stego_core_combined/Flat-Color_2_M__xlsx_medium__lsb2.png,Flat-Color_2_M.png,Flat-Color,2,M,png,P03.xlsx,xlsx,medium,2,XLSX,/home/kali/stego_dataset_expanded/stego_core_combined/Flat-Color_2_M__xlsx_medium__lsb2.png,ZIP,signature_pk_zip,0,XLSX,validated_ooxml_xlsx,1,3,511280,little,50 4b 03 04 14 00 06 00,0.809967,
core,Flat-Color_2_M__xlsx_medium__lsb3.png,/home/kali/Desktop/stego_dataset_expanded/stego_core_combined/Flat-Color_2_M__xlsx_medium__lsb3.png,Flat-Color_2_M.png,Flat-Color,2,M,png,P03.xlsx,xlsx,medium,3,XLSX,/home/kali/stego_dataset_expanded/stego_core_combined/Flat-Color_2_M__xlsx_medium__lsb3.png,ZIP,signature_pk_zip,0,XLSX,validated_ooxml_xlsx,1,3,511280,little,50 4b 03 04 14 00 06 00,0.694058,
core,Flat-Color_2_M__xlsx_small__lsb1.png,/home/kali/Desktop/stego_dataset_expanded/stego_core_combined/Flat-Color_2_M__xlsx_small__lsb1.png,Flat-Color_2_M.png,Flat-Color,2,M,png,P03.xlsx,xlsx,small,1,XLSX,/home/kali/stego_dataset_expanded/stego_core_combined/Flat-Color_2_M__xlsx_small__lsb1.png,ZIP,signature_pk_zip,0,XLSX,validated_ooxml_xlsx,1,3,8899,little,50 4b 03 04 14 00 06 00,0.550570,
core,Flat-Color_2_M__xlsx_small__lsb2.png,/home/kali/Desktop/stego_dataset_expanded/stego_core_combined/Flat-Color_2_M__xlsx_small__lsb2.png,Flat-Color_2_M.png,Flat-Color,2,M,png,P03.xlsx,xlsx,small,2,XLSX,/home/kali/stego_dataset_expanded/stego_core_combined/Flat-Color_2_M__xlsx_small__lsb2.png,ZIP,signature_pk_zip,0,XLSX,validated_ooxml_xlsx,1,3,8899,little,50 4b 03 04 14 00 06 00,0.566755,
core,Flat-Color_2_M__xlsx_small__lsb3.png,/home/kali/Desktop/stego_dataset_expanded/stego_core_combined/Flat-Color_2_M__xlsx_small__lsb3.png,Flat-Color_2_M.png,Flat-Color,2,M,png,P03.xlsx,xlsx,small,3,XLSX,/home/kali/stego_dataset_expanded/stego_core_combined/Flat-Color_2_M__xlsx_small__lsb3.png,ZIP,signature_pk_zip,0,XLSX,validated_ooxml_xlsx,1,3,8899,little,50 4b 03 04 14 00 06 00,0.577037,
core,Grayscale_2_M__docx_large__lsb3.bmp,/home/kali/Desktop/stego_dataset_expanded/stego_core_combined/Grayscale_2_M__docx_large__lsb3.bmp,Grayscale_2_M.bmp,Grayscale,2,M,bmp,P01.docx,docx,large,3,DOCX,/home/kali/stego_dataset_expanded/stego_core_combined/Grayscale_2_M__docx_large__lsb3.bmp,ZIP,signature_pk_zip,0,DOCX,validated_ooxml_docx,1,3,1121154,little,50 4b 03 04 14 00 06 00,0.786493,
core,Grayscale_2_M__docx_medium__lsb2.bmp,/home/kali/Desktop/stego_dataset_expanded/stego_core_combined/Grayscale_2_M__docx_medium__lsb2.bmp,Grayscale_2_M.bmp,Grayscale,2,M,bmp,P01.docx,docx,medium,2,DOCX,/home/kali/stego_dataset_expanded/stego_core_combined/Grayscale_2_M__docx_medium__lsb2.bmp,ZIP,signature_pk_zip,0,DOCX,validated_ooxml_docx,1,3,511127,little,50 4b 03 04 14 00 06 00,0.683835,
core,Grayscale_2_M__docx_medium__lsb3.bmp,/home/kali/Desktop/stego_dataset_expanded/stego_core_combined/Grayscale_2_M__docx_medium__lsb3.bmp,Grayscale_2_M.bmp,Grayscale,2,M,bmp,P01.docx,docx,medium,3,DOCX,/home/kali/stego_dataset_expanded/stego_core_combined/Grayscale_2_M__docx_medium__lsb3.bmp,ZIP,signature_pk_zip,0,DOCX,validated_ooxml_docx,1,3,511127,little,50 4b 03 04 14 00 06 00,0.628640,
core,Grayscale_2_M__docx_small__lsb1.bmp,/home/kali/Desktop/stego_dataset_expanded/stego_core_combined/Grayscale_2_M__docx_small__lsb1.bmp,Grayscale_2_M.bmp,Grayscale,2,M,bmp,P01.docx,docx,small,1,DOCX,/home/kali/stego_dataset_expanded/stego_core_combined/Grayscale_2_M__docx_small__lsb1.bmp,ZIP,signature_pk_zip,0,DOCX,validated_ooxml_docx,1,3,13432,little,50 4b 03 04 14 00 06 00,0.689988,
core,Grayscale_2_M__docx_small__lsb2.bmp,/home/kali/Desktop/stego_dataset_expanded/stego_core_combined/Grayscale_2_M__docx_small__lsb2.bmp,Grayscale_2_M.bmp,Grayscale,2,M,bmp,P01.docx,docx,small,2,DOCX,/home/kali/stego_dataset_expanded/stego_core_combined/Grayscale_2_M__docx_small__lsb2.bmp,ZIP,signature_pk_zip,0,DOCX,validated_ooxml_docx,1,3,13432,little,50 4b 03 04 14 00 06 00,0.555815,
core,Grayscale_2_M__docx_small__lsb3.bmp,/home/kali/Desktop/stego_dataset_expanded/stego_core_combined/Grayscale_2_M__docx_small__lsb3.bmp,Grayscale_2_M.bmp,Grayscale,2,M,bmp,P01.docx,docx,small,3,DOCX,/home/kali/stego_dataset_expanded/stego_core_combined/Grayscale_2_M__docx_small__lsb3.bmp,ZIP,signature_pk_zip,0,DOCX,validated_ooxml_docx,1,3,13432,little,50 4b 03 04 14 00 06 00,0.637847,
core,Grayscale_2_M__exe_large__lsb3.bmp,/home/kali/Desktop/stego_dataset_expanded/stego_core_combined/Grayscale_2_M__exe_large__lsb3.bmp,Grayscale_2_M.bmp,Grayscale,2,M,bmp,P06.exe,exe,large,3,EXE,/home/kali/stego_dataset_expanded/stego_core_combined/Grayscale_2_M__exe_large__lsb3.bmp,EXE,signature_mz,1,EXE,validated_mz_pe_header,1,3,1017856,little,4d 5a 90 00 03 00 00 00,0.727030,
core,Grayscale_2_M__exe_medium__lsb2.bmp,/home/kali/Desktop/stego_dataset_expanded/stego_core_combined/Grayscale_2_M__exe_medium__lsb2.bmp,Grayscale_2_M.bmp,Grayscale,2,M,bmp,P06.exe,exe,medium,2,EXE,/home/kali/stego_dataset_expanded/stego_core_combined/Grayscale_2_M__exe_medium__lsb2.bmp,EXE,signature_mz,1,EXE,validated_mz_pe_header,1,3,505856,little,4d 5a 90 00 03 00 00 00,0.767681,
core,Grayscale_2_M__exe_medium__lsb3.bmp,/home/kali/Desktop/stego_dataset_expanded/stego_core_combined/Grayscale_2_M__exe_medium__lsb3.bmp,Grayscale_2_M.bmp,Grayscale,2,M,bmp,P06.exe,exe,medium,3,EXE,/home/kali/stego_dataset_expanded/stego_core_combined/Grayscale_2_M__exe_medium__lsb3.bmp,EXE,signature_mz,1,EXE,validated_mz_pe_header,1,3,505856,little,4d 5a 90 00 03 00 00 00,0.610719,
core,Grayscale_2_M__exe_small__lsb1.bmp,/home/kali/Desktop/stego_dataset_expanded/stego_core_combined/Grayscale_2_M__exe_small__lsb1.bmp,Grayscale_2_M.bmp,Grayscale,2,M,bmp,P06.exe,exe,small,1,EXE,/home/kali/stego_dataset_expanded/stego_core_combined/Grayscale_2_M__exe_small__lsb1.bmp,EXE,signature_mz,1,EXE,validated_mz_pe_header,1,3,40448,little,4d 5a 90 00 03 00 00 00,0.566735,
core,Grayscale_2_M__exe_small__lsb2.bmp,/home/kali/Desktop/stego_dataset_expanded/stego_core_combined/Grayscale_2_M__exe_small__lsb2.bmp,Grayscale_2_M.bmp,Grayscale,2,M,bmp,P06.exe,exe,small,2,EXE,/home/kali/stego_dataset_expanded/stego_core_combined/Grayscale_2_M__exe_small__lsb2.bmp,EXE,signature_mz,1,EXE,validated_mz_pe_header,1,3,40448,little,4d 5a 90 00 03 00 00 00,0.572689,
core,Grayscale_2_M__exe_small__lsb3.bmp,/home/kali/Desktop/stego_dataset_expanded/stego_core_combined/Grayscale_2_M__exe_small__lsb3.bmp,Grayscale_2_M.bmp,Grayscale,2,M,bmp,P06.exe,exe,small,3,EXE,/home/kali/stego_dataset_expanded/stego_core_combined/Grayscale_2_M__exe_small__lsb3.bmp,EXE,signature_mz,1,EXE,validated_mz_pe_header,1,3,40448,little,4d 5a 90 00 03 00 00 00,0.596733,
core,Grayscale_2_M__pdf_large__lsb3.bmp,/home/kali/Desktop/stego_dataset_expanded/stego_core_combined/Grayscale_2_M__pdf_large__lsb3.bmp,Grayscale_2_M.bmp,Grayscale,2,M,bmp,P02.pdf,pdf,large,3,PDF,/home/kali/stego_dataset_expanded/stego_core_combined/Grayscale_2_M__pdf_large__lsb3.bmp,PDF,signature_pdf,1,PDF,validated_pdf_startxref_eof,1,3,1100144,little,25 50 44 46 2d 31 2e 33,0.792966,
core,Grayscale_2_M__pdf_medium__lsb2.bmp,/home/kali/Desktop/stego_dataset_expanded/stego_core_combined/Grayscale_2_M__pdf_medium__lsb2.bmp,Grayscale_2_M.bmp,Grayscale,2,M,bmp,P02.pdf,pdf,medium,2,PDF,/home/kali/stego_dataset_expanded/stego_core_combined/Grayscale_2_M__pdf_medium__lsb2.bmp,PDF,signature_pdf,1,PDF,validated_pdf_startxref_eof,1,3,510410,little,25 50 44 46 2d 31 2e 37,0.967655,
core,Grayscale_2_M__pdf_medium__lsb3.bmp,/home/kali/Desktop/stego_dataset_expanded/stego_core_combined/Grayscale_2_M__pdf_medium__lsb3.bmp,Grayscale_2_M.bmp,Grayscale,2,M,bmp,P02.pdf,pdf,medium,3,PDF,/home/kali/stego_dataset_expanded/stego_core_combined/Grayscale_2_M__pdf_medium__lsb3.bmp,PDF,signature_pdf,1,PDF,validated_pdf_startxref_eof,1,3,510410,little,25 50 44 46 2d 31 2e 37,0.703600,
core,Grayscale_2_M__pdf_small__lsb1.bmp,/home/kali/Desktop/stego_dataset_expanded/stego_core_combined/Grayscale_2_M__pdf_small__lsb1.bmp,Grayscale_2_M.bmp,Grayscale,2,M,bmp,P02.pdf,pdf,small,1,PDF,/home/kali/stego_dataset_expanded/stego_core_combined/Grayscale_2_M__pdf_small__lsb1.bmp,PDF,signature_pdf,1,PDF,validated_pdf_startxref_eof,1,3,16620,little,25 50 44 46 2d 31 2e 37,0.667598,
core,Grayscale_2_M__pdf_small__lsb2.bmp,/home/kali/Desktop/stego_dataset_expanded/stego_core_combined/Grayscale_2_M__pdf_small__lsb2.bmp,Grayscale_2_M.bmp,Grayscale,2,M,bmp,P02.pdf,pdf,small,2,PDF,/home/kali/stego_dataset_expanded/stego_core_combined/Grayscale_2_M__pdf_small__lsb2.bmp,PDF,signature_pdf,1,PDF,validated_pdf_startxref_eof,1,3,16620,little,25 50 44 46 2d 31 2e 37,0.826965,
core,Grayscale_2_M__pdf_small__lsb3.bmp,/home/kali/Desktop/stego_dataset_expanded/stego_core_combined/Grayscale_2_M__pdf_small__lsb3.bmp,Grayscale_2_M.bmp,Grayscale,2,M,bmp,P02.pdf,pdf,small,3,PDF,/home/kali/stego_dataset_expanded/stego_core_combined/Grayscale_2_M__pdf_small__lsb3.bmp,PDF,signature_pdf,1,PDF,validated_pdf_startxref_eof,1,3,16620,little,25 50 44 46 2d 31 2e 37,0.549535,
core,Grayscale_2_M__pptx_large__lsb3.bmp,/home/kali/Desktop/stego_dataset_expanded/stego_core_combined/Grayscale_2_M__pptx_large__lsb3.bmp,Grayscale_2_M.bmp,Grayscale,2,M,bmp,P04.pptx,pptx,large,3,PPTX,/home/kali/stego_dataset_expanded/stego_core_combined/Grayscale_2_M__pptx_large__lsb3.bmp,ZIP,signature_pk_zip,0,PPTX,validated_ooxml_pptx,1,3,1082610,little,50 4b 03 04 14 00 06 00,0.795599,
core,Grayscale_2_M__pptx_medium__lsb2.bmp,/home/kali/Desktop/stego_dataset_expanded/stego_core_combined/Grayscale_2_M__pptx_medium__lsb2.bmp,Grayscale_2_M.bmp,Grayscale,2,M,bmp,P04.pptx,pptx,medium,2,PPTX,/home/kali/stego_dataset_expanded/stego_core_combined/Grayscale_2_M__pptx_medium__lsb2.bmp,ZIP,signature_pk_zip,0,PPTX,validated_ooxml_pptx,1,3,512113,little,50 4b 03 04 14 00 06 00,0.744028,
core,Grayscale_2_M__pptx_medium__lsb3.bmp,/home/kali/Desktop/stego_dataset_expanded/stego_core_combined/Grayscale_2_M__pptx_medium__lsb3.bmp,Grayscale_2_M.bmp,Grayscale,2,M,bmp,P04.pptx,pptx,medium,3,PPTX,/home/kali/stego_dataset_expanded/stego_core_combined/Grayscale_2_M__pptx_medium__lsb3.bmp,ZIP,signature_pk_zip,0,PPTX,validated_ooxml_pptx,1,3,512113,little,50 4b 03 04 14 00 06 00,0.702756,
core,Grayscale_2_M__pptx_small__lsb1.bmp,/home/kali/Desktop/stego_dataset_expanded/stego_core_combined/Grayscale_2_M__pptx_small__lsb1.bmp,Grayscale_2_M.bmp,Grayscale,2,M,bmp,P04.pptx,pptx,small,1,PPTX,/home/kali/stego_dataset_expanded/stego_core_combined/Grayscale_2_M__pptx_small__lsb1.bmp,ZIP,signature_pk_zip,0,PPTX,validated_ooxml_pptx,1,3,32020,little,50 4b 03 04 14 00 06 00,0.643047,
core,Grayscale_2_M__pptx_small__lsb2.bmp,/home/kali/Desktop/stego_dataset_expanded/stego_core_combined/Grayscale_2_M__pptx_small__lsb2.bmp,Grayscale_2_M.bmp,Grayscale,2,M,bmp,P04.pptx,pptx,small,2,PPTX,/home/kali/stego_dataset_expanded/stego_core_combined/Grayscale_2_M__pptx_small__lsb2.bmp,ZIP,signature_pk_zip,0,PPTX,validated_ooxml_pptx,1,3,32020,little,50 4b 03 04 14 00 06 00,0.661997,
core,Grayscale_2_M__pptx_small__lsb3.bmp,/home/kali/Desktop/stego_dataset_expanded/stego_core_combined/Grayscale_2_M__pptx_small__lsb3.bmp,Grayscale_2_M.bmp,Grayscale,2,M,bmp,P04.pptx,pptx,small,3,PPTX,/home/kali/stego_dataset_expanded/stego_core_combined/Grayscale_2_M__pptx_small__lsb3.bmp,ZIP,signature_pk_zip,0,PPTX,validated_ooxml_pptx,1,3,32020,little,50 4b 03 04 14 00 06 00,0.568027,
core,Grayscale_2_M__rtf_large__lsb3.bmp,/home/kali/Desktop/stego_dataset_expanded/stego_core_combined/Grayscale_2_M__rtf_large__lsb3.bmp,Grayscale_2_M.bmp,Grayscale,2,M,bmp,P05.rtf,rtf,large,3,RTF,/home/kali/stego_dataset_expanded/stego_core_combined/Grayscale_2_M__rtf_large__lsb3.bmp,RTF,signature_rtf,1,RTF,validated_rtf_structure,1,3,1085026,little,7b 5c 72 74 66 31 5c 61,0.787379,
core,Grayscale_2_M__rtf_medium__lsb2.bmp,/home/kali/Desktop/stego_dataset_expanded/stego_core_combined/Grayscale_2_M__rtf_medium__lsb2.bmp,Grayscale_2_M.bmp,Grayscale,2,M,bmp,P05.rtf,rtf,medium,2,RTF,/home/kali/stego_dataset_expanded/stego_core_combined/Grayscale_2_M__rtf_medium__lsb2.bmp,RTF,signature_rtf,1,RTF,validated_rtf_structure,1,3,511504,little,7b 5c 72 74 66 31 5c 61,1.141113,
core,Grayscale_2_M__rtf_medium__lsb3.bmp,/home/kali/Desktop/stego_dataset_expanded/stego_core_combined/Grayscale_2_M__rtf_medium__lsb3.bmp,Grayscale_2_M.bmp,Grayscale,2,M,bmp,P05.rtf,rtf,medium,3,RTF,/home/kali/stego_dataset_expanded/stego_core_combined/Grayscale_2_M__rtf_medium__lsb3.bmp,RTF,signature_rtf,1,RTF,validated_rtf_structure,1,3,511504,little,7b 5c 72 74 66 31 5c 61,0.638937,
core,Grayscale_2_M__rtf_small__lsb1.bmp,/home/kali/Desktop/stego_dataset_expanded/stego_core_combined/Grayscale_2_M__rtf_small__lsb1.bmp,Grayscale_2_M.bmp,Grayscale,2,M,bmp,P05.rtf,rtf,small,1,RTF,/home/kali/stego_dataset_expanded/stego_core_combined/Grayscale_2_M__rtf_small__lsb1.bmp,RTF,signature_rtf,1,RTF,validated_rtf_structure,1,3,50275,little,7b 5c 72 74 66 31 5c 61,0.562331,
core,Grayscale_2_M__rtf_small__lsb2.bmp,/home/kali/Desktop/stego_dataset_expanded/stego_core_combined/Grayscale_2_M__rtf_small__lsb2.bmp,Grayscale_2_M.bmp,Grayscale,2,M,bmp,P05.rtf,rtf,small,2,RTF,/home/kali/stego_dataset_expanded/stego_core_combined/Grayscale_2_M__rtf_small__lsb2.bmp,RTF,signature_rtf,1,RTF,validated_rtf_structure,1,3,50275,little,7b 5c 72 74 66 31 5c 61,0.548412,
core,Grayscale_2_M__rtf_small__lsb3.bmp,/home/kali/Desktop/stego_dataset_expanded/stego_core_combined/Grayscale_2_M__rtf_small__lsb3.bmp,Grayscale_2_M.bmp,Grayscale,2,M,bmp,P05.rtf,rtf,small,3,RTF,/home/kali/stego_dataset_expanded/stego_core_combined/Grayscale_2_M__rtf_small__lsb3.bmp,RTF,signature_rtf,1,RTF,validated_rtf_structure,1,3,50275,little,7b 5c 72 74 66 31 5c 61,0.521051,
core,Grayscale_2_M__xlsx_large__lsb3.bmp,/home/kali/Desktop/stego_dataset_expanded/stego_core_combined/Grayscale_2_M__xlsx_large__lsb3.bmp,Grayscale_2_M.bmp,Grayscale,2,M,bmp,P03.xlsx,xlsx,large,3,XLSX,/home/kali/stego_dataset_expanded/stego_core_combined/Grayscale_2_M__xlsx_large__lsb3.bmp,ZIP,signature_pk_zip,0,XLSX,validated_ooxml_xlsx,1,3,1090468,little,50 4b 03 04 14 00 06 00,0.770621,
core,Grayscale_2_M__xlsx_medium__lsb2.bmp,/home/kali/Desktop/stego_dataset_expanded/stego_core_combined/Grayscale_2_M__xlsx_medium__lsb2.bmp,Grayscale_2_M.bmp,Grayscale,2,M,bmp,P03.xlsx,xlsx,medium,2,XLSX,/home/kali/stego_dataset_expanded/stego_core_combined/Grayscale_2_M__xlsx_medium__lsb2.bmp,ZIP,signature_pk_zip,0,XLSX,validated_ooxml_xlsx,1,3,511280,little,50 4b 03 04 14 00 06 00,0.725451,
core,Grayscale_2_M__xlsx_medium__lsb3.bmp,/home/kali/Desktop/stego_dataset_expanded/stego_core_combined/Grayscale_2_M__xlsx_medium__lsb3.bmp,Grayscale_2_M.bmp,Grayscale,2,M,bmp,P03.xlsx,xlsx,medium,3,XLSX,/home/kali/stego_dataset_expanded/stego_core_combined/Grayscale_2_M__xlsx_medium__lsb3.bmp,ZIP,signature_pk_zip,0,XLSX,validated_ooxml_xlsx,1,3,511280,little,50 4b 03 04 14 00 06 00,0.739137,
core,Grayscale_2_M__xlsx_small__lsb1.bmp,/home/kali/Desktop/stego_dataset_expanded/stego_core_combined/Grayscale_2_M__xlsx_small__lsb1.bmp,Grayscale_2_M.bmp,Grayscale,2,M,bmp,P03.xlsx,xlsx,small,1,XLSX,/home/kali/stego_dataset_expanded/stego_core_combined/Grayscale_2_M__xlsx_small__lsb1.bmp,ZIP,signature_pk_zip,0,XLSX,validated_ooxml_xlsx,1,3,8899,little,50 4b 03 04 14 00 06 00,0.765569,
core,Grayscale_2_M__xlsx_small__lsb2.bmp,/home/kali/Desktop/stego_dataset_expanded/stego_core_combined/Grayscale_2_M__xlsx_small__lsb2.bmp,Grayscale_2_M.bmp,Grayscale,2,M,bmp,P03.xlsx,xlsx,small,2,XLSX,/home/kali/stego_dataset_expanded/stego_core_combined/Grayscale_2_M__xlsx_small__lsb2.bmp,ZIP,signature_pk_zip,0,XLSX,validated_ooxml_xlsx,1,3,8899,little,50 4b 03 04 14 00 06 00,0.725408,
core,Grayscale_2_M__xlsx_small__lsb3.bmp,/home/kali/Desktop/stego_dataset_expanded/stego_core_combined/Grayscale_2_M__xlsx_small__lsb3.bmp,Grayscale_2_M.bmp,Grayscale,2,M,bmp,P03.xlsx,xlsx,small,3,XLSX,/home/kali/stego_dataset_expanded/stego_core_combined/Grayscale_2_M__xlsx_small__lsb3.bmp,ZIP,signature_pk_zip,0,XLSX,validated_ooxml_xlsx,1,3,8899,little,50 4b 03 04 14 00 06 00,0.706967,
core,High-Detail_1_M__docx_large__lsb3.png,/home/kali/Desktop/stego_dataset_expanded/stego_core_combined/High-Detail_1_M__docx_large__lsb3.png,High-Detail_1_M.png,High-Detail,1,M,png,P01.docx,docx,large,3,DOCX,/home/kali/stego_dataset_expanded/stego_core_combined/High-Detail_1_M__docx_large__lsb3.png,ZIP,signature_pk_zip,0,DOCX,validated_ooxml_docx,1,3,1121154,little,50 4b 03 04 14 00 06 00,1.352413,
core,High-Detail_1_M__docx_medium__lsb2.png,/home/kali/Desktop/stego_dataset_expanded/stego_core_combined/High-Detail_1_M__docx_medium__lsb2.png,High-Detail_1_M.png,High-Detail,1,M,png,P01.docx,docx,medium,2,DOCX,/home/kali/stego_dataset_expanded/stego_core_combined/High-Detail_1_M__docx_medium__lsb2.png,ZIP,signature_pk_zip,0,DOCX,validated_ooxml_docx,1,3,511127,little,50 4b 03 04 14 00 06 00,0.821860,
core,High-Detail_1_M__docx_medium__lsb3.png,/home/kali/Desktop/stego_dataset_expanded/stego_core_combined/High-Detail_1_M__docx_medium__lsb3.png,High-Detail_1_M.png,High-Detail,1,M,png,P01.docx,docx,medium,3,DOCX,/home/kali/stego_dataset_expanded/stego_core_combined/High-Detail_1_M__docx_medium__lsb3.png,ZIP,signature_pk_zip,0,DOCX,validated_ooxml_docx,1,3,511127,little,50 4b 03 04 14 00 06 00,0.714578,
core,High-Detail_1_M__docx_small__lsb1.png,/home/kali/Desktop/stego_dataset_expanded/stego_core_combined/High-Detail_1_M__docx_small__lsb1.png,High-Detail_1_M.png,High-Detail,1,M,png,P01.docx,docx,small,1,DOCX,/home/kali/stego_dataset_expanded/stego_core_combined/High-Detail_1_M__docx_small__lsb1.png,ZIP,signature_pk_zip,0,DOCX,validated_ooxml_docx,1,3,13432,little,50 4b 03 04 14 00 06 00,0.575058,
core,High-Detail_1_M__docx_small__lsb2.png,/home/kali/Desktop/stego_dataset_expanded/stego_core_combined/High-Detail_1_M__docx_small__lsb2.png,High-Detail_1_M.png,High-Detail,1,M,png,P01.docx,docx,small,2,DOCX,/home/kali/stego_dataset_expanded/stego_core_combined/High-Detail_1_M__docx_small__lsb2.png,ZIP,signature_pk_zip,0,DOCX,validated_ooxml_docx,1,3,13432,little,50 4b 03 04 14 00 06 00,0.669943,
core,High-Detail_1_M__docx_small__lsb3.png,/home/kali/Desktop/stego_dataset_expanded/stego_core_combined/High-Detail_1_M__docx_small__lsb3.png,High-Detail_1_M.png,High-Detail,1,M,png,P01.docx,docx,small,3,DOCX,/home/kali/stego_dataset_expanded/stego_core_combined/High-Detail_1_M__docx_small__lsb3.png,ZIP,signature_pk_zip,0,DOCX,validated_ooxml_docx,1,3,13432,little,50 4b 03 04 14 00 06 00,0.583513,
core,High-Detail_1_M__exe_large__lsb3.png,/home/kali/Desktop/stego_dataset_expanded/stego_core_combined/High-Detail_1_M__exe_large__lsb3.png,High-Detail_1_M.png,High-Detail,1,M,png,P06.exe,exe,large,3,EXE,/home/kali/stego_dataset_expanded/stego_core_combined/High-Detail_1_M__exe_large__lsb3.png,EXE,signature_mz,1,EXE,validated_mz_pe_header,1,3,1017856,little,4d 5a 90 00 03 00 00 00,0.796201,
core,High-Detail_1_M__exe_medium__lsb2.png,/home/kali/Desktop/stego_dataset_expanded/stego_core_combined/High-Detail_1_M__exe_medium__lsb2.png,High-Detail_1_M.png,High-Detail,1,M,png,P06.exe,exe,medium,2,EXE,/home/kali/stego_dataset_expanded/stego_core_combined/High-Detail_1_M__exe_medium__lsb2.png,EXE,signature_mz,1,EXE,validated_mz_pe_header,1,3,505856,little,4d 5a 90 00 03 00 00 00,0.733948,
core,High-Detail_1_M__exe_medium__lsb3.png,/home/kali/Desktop/stego_dataset_expanded/stego_core_combined/High-Detail_1_M__exe_medium__lsb3.png,High-Detail_1_M.png,High-Detail,1,M,png,P06.exe,exe,medium,3,EXE,/home/kali/stego_dataset_expanded/stego_core_combined/High-Detail_1_M__exe_medium__lsb3.png,EXE,signature_mz,1,EXE,validated_mz_pe_header,1,3,505856,little,4d 5a 90 00 03 00 00 00,0.739722,
core,High-Detail_1_M__exe_small__lsb1.png,/home/kali/Desktop/stego_dataset_expanded/stego_core_combined/High-Detail_1_M__exe_small__lsb1.png,High-Detail_1_M.png,High-Detail,1,M,png,P06.exe,exe,small,1,EXE,/home/kali/stego_dataset_expanded/stego_core_combined/High-Detail_1_M__exe_small__lsb1.png,EXE,signature_mz,1,EXE,validated_mz_pe_header,1,3,40448,little,4d 5a 90 00 03 00 00 00,0.556748,
core,High-Detail_1_M__exe_small__lsb2.png,/home/kali/Desktop/stego_dataset_expanded/stego_core_combined/High-Detail_1_M__exe_small__lsb2.png,High-Detail_1_M.png,High-Detail,1,M,png,P06.exe,exe,small,2,EXE,/home/kali/stego_dataset_expanded/stego_core_combined/High-Detail_1_M__exe_small__lsb2.png,EXE,signature_mz,1,EXE,validated_mz_pe_header,1,3,40448,little,4d 5a 90 00 03 00 00 00,0.574562,
core,High-Detail_1_M__exe_small__lsb3.png,/home/kali/Desktop/stego_dataset_expanded/stego_core_combined/High-Detail_1_M__exe_small__lsb3.png,High-Detail_1_M.png,High-Detail,1,M,png,P06.exe,exe,small,3,EXE,/home/kali/stego_dataset_expanded/stego_core_combined/High-Detail_1_M__exe_small__lsb3.png,EXE,signature_mz,1,EXE,validated_mz_pe_header,1,3,40448,little,4d 5a 90 00 03 00 00 00,0.533498,
core,High-Detail_1_M__pdf_large__lsb3.png,/home/kali/Desktop/stego_dataset_expanded/stego_core_combined/High-Detail_1_M__pdf_large__lsb3.png,High-Detail_1_M.png,High-Detail,1,M,png,P02.pdf,pdf,large,3,PDF,/home/kali/stego_dataset_expanded/stego_core_combined/High-Detail_1_M__pdf_large__lsb3.png,PDF,signature_pdf,1,PDF,validated_pdf_startxref_eof,1,3,1100144,little,25 50 44 46 2d 31 2e 33,0.834871,
core,High-Detail_1_M__pdf_medium__lsb2.png,/home/kali/Desktop/stego_dataset_expanded/stego_core_combined/High-Detail_1_M__pdf_medium__lsb2.png,High-Detail_1_M.png,High-Detail,1,M,png,P02.pdf,pdf,medium,2,PDF,/home/kali/stego_dataset_expanded/stego_core_combined/High-Detail_1_M__pdf_medium__lsb2.png,PDF,signature_pdf,1,PDF,validated_pdf_startxref_eof,1,3,510410,little,25 50 44 46 2d 31 2e 37,0.729868,
core,High-Detail_1_M__pdf_medium__lsb3.png,/home/kali/Desktop/stego_dataset_expanded/stego_core_combined/High-Detail_1_M__pdf_medium__lsb3.png,High-Detail_1_M.png,High-Detail,1,M,png,P02.pdf,pdf,medium,3,PDF,/home/kali/stego_dataset_expanded/stego_core_combined/High-Detail_1_M__pdf_medium__lsb3.png,PDF,signature_pdf,1,PDF,validated_pdf_startxref_eof,1,3,510410,little,25 50 44 46 2d 31 2e 37,0.722084,
core,High-Detail_1_M__pdf_small__lsb1.png,/home/kali/Desktop/stego_dataset_expanded/stego_core_combined/High-Detail_1_M__pdf_small__lsb1.png,High-Detail_1_M.png,High-Detail,1,M,png,P02.pdf,pdf,small,1,PDF,/home/kali/stego_dataset_expanded/stego_core_combined/High-Detail_1_M__pdf_small__lsb1.png,PDF,signature_pdf,1,PDF,validated_pdf_startxref_eof,1,3,16620,little,25 50 44 46 2d 31 2e 37,1.014300,
core,High-Detail_1_M__pdf_small__lsb2.png,/home/kali/Desktop/stego_dataset_expanded/stego_core_combined/High-Detail_1_M__pdf_small__lsb2.png,High-Detail_1_M.png,High-Detail,1,M,png,P02.pdf,pdf,small,2,PDF,/home/kali/stego_dataset_expanded/stego_core_combined/High-Detail_1_M__pdf_small__lsb2.png,PDF,signature_pdf,1,PDF,validated_pdf_startxref_eof,1,3,16620,little,25 50 44 46 2d 31 2e 37,0.848597,
core,High-Detail_1_M__pdf_small__lsb3.png,/home/kali/Desktop/stego_dataset_expanded/stego_core_combined/High-Detail_1_M__pdf_small__lsb3.png,High-Detail_1_M.png,High-Detail,1,M,png,P02.pdf,pdf,small,3,PDF,/home/kali/stego_dataset_expanded/stego_core_combined/High-Detail_1_M__pdf_small__lsb3.png,PDF,signature_pdf,1,PDF,validated_pdf_startxref_eof,1,3,16620,little,25 50 44 46 2d 31 2e 37,0.600244,
core,High-Detail_1_M__pptx_large__lsb3.png,/home/kali/Desktop/stego_dataset_expanded/stego_core_combined/High-Detail_1_M__pptx_large__lsb3.png,High-Detail_1_M.png,High-Detail,1,M,png,P04.pptx,pptx,large,3,PPTX,/home/kali/stego_dataset_expanded/stego_core_combined/High-Detail_1_M__pptx_large__lsb3.png,ZIP,signature_pk_zip,0,PPTX,validated_ooxml_pptx,1,3,1082610,little,50 4b 03 04 14 00 06 00,0.885383,
core,High-Detail_1_M__pptx_medium__lsb2.png,/home/kali/Desktop/stego_dataset_expanded/stego_core_combined/High-Detail_1_M__pptx_medium__lsb2.png,High-Detail_1_M.png,High-Detail,1,M,png,P04.pptx,pptx,medium,2,PPTX,/home/kali/stego_dataset_expanded/stego_core_combined/High-Detail_1_M__pptx_medium__lsb2.png,ZIP,signature_pk_zip,0,PPTX,validated_ooxml_pptx,1,3,512113,little,50 4b 03 04 14 00 06 00,0.778709,
core,High-Detail_1_M__pptx_medium__lsb3.png,/home/kali/Desktop/stego_dataset_expanded/stego_core_combined/High-Detail_1_M__pptx_medium__lsb3.png,High-Detail_1_M.png,High-Detail,1,M,png,P04.pptx,pptx,medium,3,PPTX,/home/kali/stego_dataset_expanded/stego_core_combined/High-Detail_1_M__pptx_medium__lsb3.png,ZIP,signature_pk_zip,0,PPTX,validated_ooxml_pptx,1,3,512113,little,50 4b 03 04 14 00 06 00,0.789297,
core,High-Detail_1_M__pptx_small__lsb1.png,/home/kali/Desktop/stego_dataset_expanded/stego_core_combined/High-Detail_1_M__pptx_small__lsb1.png,High-Detail_1_M.png,High-Detail,1,M,png,P04.pptx,pptx,small,1,PPTX,/home/kali/stego_dataset_expanded/stego_core_combined/High-Detail_1_M__pptx_small__lsb1.png,ZIP,signature_pk_zip,0,PPTX,validated_ooxml_pptx,1,3,32020,little,50 4b 03 04 14 00 06 00,0.698428,
core,High-Detail_1_M__pptx_small__lsb2.png,/home/kali/Desktop/stego_dataset_expanded/stego_core_combined/High-Detail_1_M__pptx_small__lsb2.png,High-Detail_1_M.png,High-Detail,1,M,png,P04.pptx,pptx,small,2,PPTX,/home/kali/stego_dataset_expanded/stego_core_combined/High-Detail_1_M__pptx_small__lsb2.png,ZIP,signature_pk_zip,0,PPTX,validated_ooxml_pptx,1,3,32020,little,50 4b 03 04 14 00 06 00,0.593967,
core,High-Detail_1_M__pptx_small__lsb3.png,/home/kali/Desktop/stego_dataset_expanded/stego_core_combined/High-Detail_1_M__pptx_small__lsb3.png,High-Detail_1_M.png,High-Detail,1,M,png,P04.pptx,pptx,small,3,PPTX,/home/kali/stego_dataset_expanded/stego_core_combined/High-Detail_1_M__pptx_small__lsb3.png,ZIP,signature_pk_zip,0,PPTX,validated_ooxml_pptx,1,3,32020,little,50 4b 03 04 14 00 06 00,0.590109,
core,High-Detail_1_M__rtf_large__lsb3.png,/home/kali/Desktop/stego_dataset_expanded/stego_core_combined/High-Detail_1_M__rtf_large__lsb3.png,High-Detail_1_M.png,High-Detail,1,M,png,P05.rtf,rtf,large,3,RTF,/home/kali/stego_dataset_expanded/stego_core_combined/High-Detail_1_M__rtf_large__lsb3.png,RTF,signature_rtf,1,RTF,validated_rtf_structure,1,3,1085026,little,7b 5c 72 74 66 31 5c 61,1.098952,
core,High-Detail_1_M__rtf_medium__lsb2.png,/home/kali/Desktop/stego_dataset_expanded/stego_core_combined/High-Detail_1_M__rtf_medium__lsb2.png,High-Detail_1_M.png,High-Detail,1,M,png,P05.rtf,rtf,medium,2,RTF,/home/kali/stego_dataset_expanded/stego_core_combined/High-Detail_1_M__rtf_medium__lsb2.png,RTF,signature_rtf,1,RTF,validated_rtf_structure,1,3,511504,little,7b 5c 72 74 66 31 5c 61,0.814733,
core,High-Detail_1_M__rtf_medium__lsb3.png,/home/kali/Desktop/stego_dataset_expanded/stego_core_combined/High-Detail_1_M__rtf_medium__lsb3.png,High-Detail_1_M.png,High-Detail,1,M,png,P05.rtf,rtf,medium,3,RTF,/home/kali/stego_dataset_expanded/stego_core_combined/High-Detail_1_M__rtf_medium__lsb3.png,RTF,signature_rtf,1,RTF,validated_rtf_structure,1,3,511504,little,7b 5c 72 74 66 31 5c 61,0.695211,
core,High-Detail_1_M__rtf_small__lsb1.png,/home/kali/Desktop/stego_dataset_expanded/stego_core_combined/High-Detail_1_M__rtf_small__lsb1.png,High-Detail_1_M.png,High-Detail,1,M,png,P05.rtf,rtf,small,1,RTF,/home/kali/stego_dataset_expanded/stego_core_combined/High-Detail_1_M__rtf_small__lsb1.png,RTF,signature_rtf,1,RTF,validated_rtf_structure,1,3,50275,little,7b 5c 72 74 66 31 5c 61,0.616492,
core,High-Detail_1_M__rtf_small__lsb2.png,/home/kali/Desktop/stego_dataset_expanded/stego_core_combined/High-Detail_1_M__rtf_small__lsb2.png,High-Detail_1_M.png,High-Detail,1,M,png,P05.rtf,rtf,small,2,RTF,/home/kali/stego_dataset_expanded/stego_core_combined/High-Detail_1_M__rtf_small__lsb2.png,RTF,signature_rtf,1,RTF,validated_rtf_structure,1,3,50275,little,7b 5c 72 74 66 31 5c 61,0.606761,
core,High-Detail_1_M__rtf_small__lsb3.png,/home/kali/Desktop/stego_dataset_expanded/stego_core_combined/High-Detail_1_M__rtf_small__lsb3.png,High-Detail_1_M.png,High-Detail,1,M,png,P05.rtf,rtf,small,3,RTF,/home/kali/stego_dataset_expanded/stego_core_combined/High-Detail_1_M__rtf_small__lsb3.png,RTF,signature_rtf,1,RTF,validated_rtf_structure,1,3,50275,little,7b 5c 72 74 66 31 5c 61,0.564502,
core,High-Detail_1_M__xlsx_large__lsb3.png,/home/kali/Desktop/stego_dataset_expanded/stego_core_combined/High-Detail_1_M__xlsx_large__lsb3.png,High-Detail_1_M.png,High-Detail,1,M,png,P03.xlsx,xlsx,large,3,XLSX,/home/kali/stego_dataset_expanded/stego_core_combined/High-Detail_1_M__xlsx_large__lsb3.png,ZIP,signature_pk_zip,0,XLSX,validated_ooxml_xlsx,1,3,1090468,little,50 4b 03 04 14 00 06 00,0.853514,
core,High-Detail_1_M__xlsx_medium__lsb2.png,/home/kali/Desktop/stego_dataset_expanded/stego_core_combined/High-Detail_1_M__xlsx_medium__lsb2.png,High-Detail_1_M.png,High-Detail,1,M,png,P03.xlsx,xlsx,medium,2,XLSX,/home/kali/stego_dataset_expanded/stego_core_combined/High-Detail_1_M__xlsx_medium__lsb2.png,ZIP,signature_pk_zip,0,XLSX,validated_ooxml_xlsx,1,3,511280,little,50 4b 03 04 14 00 06 00,0.686512,
core,High-Detail_1_M__xlsx_medium__lsb3.png,/home/kali/Desktop/stego_dataset_expanded/stego_core_combined/High-Detail_1_M__xlsx_medium__lsb3.png,High-Detail_1_M.png,High-Detail,1,M,png,P03.xlsx,xlsx,medium,3,XLSX,/home/kali/stego_dataset_expanded/stego_core_combined/High-Detail_1_M__xlsx_medium__lsb3.png,ZIP,signature_pk_zip,0,XLSX,validated_ooxml_xlsx,1,3,511280,little,50 4b 03 04 14 00 06 00,0.641236,
core,High-Detail_1_M__xlsx_small__lsb1.png,/home/kali/Desktop/stego_dataset_expanded/stego_core_combined/High-Detail_1_M__xlsx_small__lsb1.png,High-Detail_1_M.png,High-Detail,1,M,png,P03.xlsx,xlsx,small,1,XLSX,/home/kali/stego_dataset_expanded/stego_core_combined/High-Detail_1_M__xlsx_small__lsb1.png,ZIP,signature_pk_zip,0,XLSX,validated_ooxml_xlsx,1,3,8899,little,50 4b 03 04 14 00 06 00,0.584729,
core,High-Detail_1_M__xlsx_small__lsb2.png,/home/kali/Desktop/stego_dataset_expanded/stego_core_combined/High-Detail_1_M__xlsx_small__lsb2.png,High-Detail_1_M.png,High-Detail,1,M,png,P03.xlsx,xlsx,small,2,XLSX,/home/kali/stego_dataset_expanded/stego_core_combined/High-Detail_1_M__xlsx_small__lsb2.png,ZIP,signature_pk_zip,0,XLSX,validated_ooxml_xlsx,1,3,8899,little,50 4b 03 04 14 00 06 00,0.698511,
core,High-Detail_1_M__xlsx_small__lsb3.png,/home/kali/Desktop/stego_dataset_expanded/stego_core_combined/High-Detail_1_M__xlsx_small__lsb3.png,High-Detail_1_M.png,High-Detail,1,M,png,P03.xlsx,xlsx,small,3,XLSX,/home/kali/stego_dataset_expanded/stego_core_combined/High-Detail_1_M__xlsx_small__lsb3.png,ZIP,signature_pk_zip,0,XLSX,validated_ooxml_xlsx,1,3,8899,little,50 4b 03 04 14 00 06 00,0.739488,
core,High-Detail_2_L__docx_large__lsb2.png,/home/kali/Desktop/stego_dataset_expanded/stego_core_combined/High-Detail_2_L__docx_large__lsb2.png,High-Detail_2_L.png,High-Detail,2,L,png,P01.docx,docx,large,2,DOCX,/home/kali/stego_dataset_expanded/stego_core_combined/High-Detail_2_L__docx_large__lsb2.png,ZIP,signature_pk_zip,0,DOCX,validated_ooxml_docx,1,3,1121154,little,50 4b 03 04 14 00 06 00,2.698187,
core,High-Detail_2_L__docx_large__lsb3.png,/home/kali/Desktop/stego_dataset_expanded/stego_core_combined/High-Detail_2_L__docx_large__lsb3.png,High-Detail_2_L.png,High-Detail,2,L,png,P01.docx,docx,large,3,DOCX,/home/kali/stego_dataset_expanded/stego_core_combined/High-Detail_2_L__docx_large__lsb3.png,ZIP,signature_pk_zip,0,DOCX,validated_ooxml_docx,1,4,1121154,little,50 4b 03 04 14 00 06 00,1.797253,
core,High-Detail_2_L__docx_medium__lsb1.png,/home/kali/Desktop/stego_dataset_expanded/stego_core_combined/High-Detail_2_L__docx_medium__lsb1.png,High-Detail_2_L.png,High-Detail,2,L,png,P01.docx,docx,medium,1,DOCX,/home/kali/stego_dataset_expanded/stego_core_combined/High-Detail_2_L__docx_medium__lsb1.png,ZIP,signature_pk_zip,0,DOCX,validated_ooxml_docx,1,3,511127,little,50 4b 03 04 14 00 06 00,1.406715,
core,High-Detail_2_L__docx_medium__lsb2.png,/home/kali/Desktop/stego_dataset_expanded/stego_core_combined/High-Detail_2_L__docx_medium__lsb2.png,High-Detail_2_L.png,High-Detail,2,L,png,P01.docx,docx,medium,2,DOCX,/home/kali/stego_dataset_expanded/stego_core_combined/High-Detail_2_L__docx_medium__lsb2.png,ZIP,signature_pk_zip,0,DOCX,validated_ooxml_docx,1,3,511127,little,50 4b 03 04 14 00 06 00,1.435016,
core,High-Detail_2_L__docx_medium__lsb3.png,/home/kali/Desktop/stego_dataset_expanded/stego_core_combined/High-Detail_2_L__docx_medium__lsb3.png,High-Detail_2_L.png,High-Detail,2,L,png,P01.docx,docx,medium,3,DOCX,/home/kali/stego_dataset_expanded/stego_core_combined/High-Detail_2_L__docx_medium__lsb3.png,ZIP,signature_pk_zip,0,DOCX,validated_ooxml_docx,1,4,511127,little,50 4b 03 04 14 00 06 00,1.410401,
core,High-Detail_2_L__docx_small__lsb1.png,/home/kali/Desktop/stego_dataset_expanded/stego_core_combined/High-Detail_2_L__docx_small__lsb1.png,High-Detail_2_L.png,High-Detail,2,L,png,P01.docx,docx,small,1,DOCX,/home/kali/stego_dataset_expanded/stego_core_combined/High-Detail_2_L__docx_small__lsb1.png,ZIP,signature_pk_zip,0,DOCX,validated_ooxml_docx,1,3,13432,little,50 4b 03 04 14 00 06 00,1.464428,
core,High-Detail_2_L__docx_small__lsb2.png,/home/kali/Desktop/stego_dataset_expanded/stego_core_combined/High-Detail_2_L__docx_small__lsb2.png,High-Detail_2_L.png,High-Detail,2,L,png,P01.docx,docx,small,2,DOCX,/home/kali/stego_dataset_expanded/stego_core_combined/High-Detail_2_L__docx_small__lsb2.png,ZIP,signature_pk_zip,0,DOCX,validated_ooxml_docx,1,3,13432,little,50 4b 03 04 14 00 06 00,1.279115,
core,High-Detail_2_L__docx_small__lsb3.png,/home/kali/Desktop/stego_dataset_expanded/stego_core_combined/High-Detail_2_L__docx_small__lsb3.png,High-Detail_2_L.png,High-Detail,2,L,png,P01.docx,docx,small,3,DOCX,/home/kali/stego_dataset_expanded/stego_core_combined/High-Detail_2_L__docx_small__lsb3.png,ZIP,signature_pk_zip,0,DOCX,validated_ooxml_docx,1,4,13432,little,50 4b 03 04 14 00 06 00,1.340990,
core,High-Detail_2_L__exe_large__lsb2.png,/home/kali/Desktop/stego_dataset_expanded/stego_core_combined/High-Detail_2_L__exe_large__lsb2.png,High-Detail_2_L.png,High-Detail,2,L,png,P06.exe,exe,large,2,EXE,/home/kali/stego_dataset_expanded/stego_core_combined/High-Detail_2_L__exe_large__lsb2.png,EXE,signature_mz,1,EXE,validated_mz_pe_header,1,3,1017856,little,4d 5a 90 00 03 00 00 00,1.530060,
core,High-Detail_2_L__exe_large__lsb3.png,/home/kali/Desktop/stego_dataset_expanded/stego_core_combined/High-Detail_2_L__exe_large__lsb3.png,High-Detail_2_L.png,High-Detail,2,L,png,P06.exe,exe,large,3,EXE,/home/kali/stego_dataset_expanded/stego_core_combined/High-Detail_2_L__exe_large__lsb3.png,EXE,signature_mz,1,EXE,validated_mz_pe_header,1,4,1017856,little,4d 5a 90 00 03 00 00 00,1.540221,
core,High-Detail_2_L__exe_medium__lsb1.png,/home/kali/Desktop/stego_dataset_expanded/stego_core_combined/High-Detail_2_L__exe_medium__lsb1.png,High-Detail_2_L.png,High-Detail,2,L,png,P06.exe,exe,medium,1,EXE,/home/kali/stego_dataset_expanded/stego_core_combined/High-Detail_2_L__exe_medium__lsb1.png,EXE,signature_mz,1,EXE,validated_mz_pe_header,1,3,505856,little,4d 5a 90 00 03 00 00 00,1.711191,
core,High-Detail_2_L__exe_medium__lsb2.png,/home/kali/Desktop/stego_dataset_expanded/stego_core_combined/High-Detail_2_L__exe_medium__lsb2.png,High-Detail_2_L.png,High-Detail,2,L,png,P06.exe,exe,medium,2,EXE,/home/kali/stego_dataset_expanded/stego_core_combined/High-Detail_2_L__exe_medium__lsb2.png,EXE,signature_mz,1,EXE,validated_mz_pe_header,1,3,505856,little,4d 5a 90 00 03 00 00 00,1.399556,
core,High-Detail_2_L__exe_medium__lsb3.png,/home/kali/Desktop/stego_dataset_expanded/stego_core_combined/High-Detail_2_L__exe_medium__lsb3.png,High-Detail_2_L.png,High-Detail,2,L,png,P06.exe,exe,medium,3,EXE,/home/kali/stego_dataset_expanded/stego_core_combined/High-Detail_2_L__exe_medium__lsb3.png,EXE,signature_mz,1,EXE,validated_mz_pe_header,1,4,505856,little,4d 5a 90 00 03 00 00 00,1.354076,
core,High-Detail_2_L__exe_small__lsb1.png,/home/kali/Desktop/stego_dataset_expanded/stego_core_combined/High-Detail_2_L__exe_small__lsb1.png,High-Detail_2_L.png,High-Detail,2,L,png,P06.exe,exe,small,1,EXE,/home/kali/stego_dataset_expanded/stego_core_combined/High-Detail_2_L__exe_small__lsb1.png,EXE,signature_mz,1,EXE,validated_mz_pe_header,1,3,40448,little,4d 5a 90 00 03 00 00 00,1.229514,
core,High-Detail_2_L__exe_small__lsb2.png,/home/kali/Desktop/stego_dataset_expanded/stego_core_combined/High-Detail_2_L__exe_small__lsb2.png,High-Detail_2_L.png,High-Detail,2,L,png,P06.exe,exe,small,2,EXE,/home/kali/stego_dataset_expanded/stego_core_combined/High-Detail_2_L__exe_small__lsb2.png,EXE,signature_mz,1,EXE,validated_mz_pe_header,1,3,40448,little,4d 5a 90 00 03 00 00 00,1.144648,
core,High-Detail_2_L__exe_small__lsb3.png,/home/kali/Desktop/stego_dataset_expanded/stego_core_combined/High-Detail_2_L__exe_small__lsb3.png,High-Detail_2_L.png,High-Detail,2,L,png,P06.exe,exe,small,3,EXE,/home/kali/stego_dataset_expanded/stego_core_combined/High-Detail_2_L__exe_small__lsb3.png,EXE,signature_mz,1,EXE,validated_mz_pe_header,1,4,40448,little,4d 5a 90 00 03 00 00 00,1.263275,
core,High-Detail_2_L__pdf_large__lsb2.png,/home/kali/Desktop/stego_dataset_expanded/stego_core_combined/High-Detail_2_L__pdf_large__lsb2.png,High-Detail_2_L.png,High-Detail,2,L,png,P02.pdf,pdf,large,2,PDF,/home/kali/stego_dataset_expanded/stego_core_combined/High-Detail_2_L__pdf_large__lsb2.png,PDF,signature_pdf,1,PDF,validated_pdf_startxref_eof,1,3,1100144,little,25 50 44 46 2d 31 2e 33,1.673430,
core,High-Detail_2_L__pdf_large__lsb3.png,/home/kali/Desktop/stego_dataset_expanded/stego_core_combined/High-Detail_2_L__pdf_large__lsb3.png,High-Detail_2_L.png,High-Detail,2,L,png,P02.pdf,pdf,large,3,PDF,/home/kali/stego_dataset_expanded/stego_core_combined/High-Detail_2_L__pdf_large__lsb3.png,PDF,signature_pdf,1,PDF,validated_pdf_startxref_eof,1,4,1100144,little,25 50 44 46 2d 31 2e 33,1.450266,
core,High-Detail_2_L__pdf_medium__lsb1.png,/home/kali/Desktop/stego_dataset_expanded/stego_core_combined/High-Detail_2_L__pdf_medium__lsb1.png,High-Detail_2_L.png,High-Detail,2,L,png,P02.pdf,pdf,medium,1,PDF,/home/kali/stego_dataset_expanded/stego_core_combined/High-Detail_2_L__pdf_medium__lsb1.png,PDF,signature_pdf,1,PDF,validated_pdf_startxref_eof,1,3,510410,little,25 50 44 46 2d 31 2e 37,1.511875,
core,High-Detail_2_L__pdf_medium__lsb2.png,/home/kali/Desktop/stego_dataset_expanded/stego_core_combined/High-Detail_2_L__pdf_medium__lsb2.png,High-Detail_2_L.png,High-Detail,2,L,png,P02.pdf,pdf,medium,2,PDF,/home/kali/stego_dataset_expanded/stego_core_combined/High-Detail_2_L__pdf_medium__lsb2.png,PDF,signature_pdf,1,PDF,validated_pdf_startxref_eof,1,3,510410,little,25 50 44 46 2d 31 2e 37,1.565203,
core,High-Detail_2_L__pdf_medium__lsb3.png,/home/kali/Desktop/stego_dataset_expanded/stego_core_combined/High-Detail_2_L__pdf_medium__lsb3.png,High-Detail_2_L.png,High-Detail,2,L,png,P02.pdf,pdf,medium,3,PDF,/home/kali/stego_dataset_expanded/stego_core_combined/High-Detail_2_L__pdf_medium__lsb3.png,PDF,signature_pdf,1,PDF,validated_pdf_startxref_eof,1,4,510410,little,25 50 44 46 2d 31 2e 37,1.408111,
core,High-Detail_2_L__pdf_small__lsb1.png,/home/kali/Desktop/stego_dataset_expanded/stego_core_combined/High-Detail_2_L__pdf_small__lsb1.png,High-Detail_2_L.png,High-Detail,2,L,png,P02.pdf,pdf,small,1,PDF,/home/kali/stego_dataset_expanded/stego_core_combined/High-Detail_2_L__pdf_small__lsb1.png,PDF,signature_pdf,1,PDF,validated_pdf_startxref_eof,1,3,16620,little,25 50 44 46 2d 31 2e 37,1.285677,
core,High-Detail_2_L__pdf_small__lsb2.png,/home/kali/Desktop/stego_dataset_expanded/stego_core_combined/High-Detail_2_L__pdf_small__lsb2.png,High-Detail_2_L.png,High-Detail,2,L,png,P02.pdf,pdf,small,2,PDF,/home/kali/stego_dataset_expanded/stego_core_combined/High-Detail_2_L__pdf_small__lsb2.png,PDF,signature_pdf,1,PDF,validated_pdf_startxref_eof,1,3,16620,little,25 50 44 46 2d 31 2e 37,1.120842,
core,High-Detail_2_L__pdf_small__lsb3.png,/home/kali/Desktop/stego_dataset_expanded/stego_core_combined/High-Detail_2_L__pdf_small__lsb3.png,High-Detail_2_L.png,High-Detail,2,L,png,P02.pdf,pdf,small,3,PDF,/home/kali/stego_dataset_expanded/stego_core_combined/High-Detail_2_L__pdf_small__lsb3.png,PDF,signature_pdf,1,PDF,validated_pdf_startxref_eof,1,4,16620,little,25 50 44 46 2d 31 2e 37,1.302955,
core,High-Detail_2_L__pptx_large__lsb2.png,/home/kali/Desktop/stego_dataset_expanded/stego_core_combined/High-Detail_2_L__pptx_large__lsb2.png,High-Detail_2_L.png,High-Detail,2,L,png,P04.pptx,pptx,large,2,PPTX,/home/kali/stego_dataset_expanded/stego_core_combined/High-Detail_2_L__pptx_large__lsb2.png,ZIP,signature_pk_zip,0,PPTX,validated_ooxml_pptx,1,3,1082610,little,50 4b 03 04 14 00 06 00,1.769072,
core,High-Detail_2_L__pptx_large__lsb3.png,/home/kali/Desktop/stego_dataset_expanded/stego_core_combined/High-Detail_2_L__pptx_large__lsb3.png,High-Detail_2_L.png,High-Detail,2,L,png,P04.pptx,pptx,large,3,PPTX,/home/kali/stego_dataset_expanded/stego_core_combined/High-Detail_2_L__pptx_large__lsb3.png,ZIP,signature_pk_zip,0,PPTX,validated_ooxml_pptx,1,4,1082610,little,50 4b 03 04 14 00 06 00,1.856452,
core,High-Detail_2_L__pptx_medium__lsb1.png,/home/kali/Desktop/stego_dataset_expanded/stego_core_combined/High-Detail_2_L__pptx_medium__lsb1.png,High-Detail_2_L.png,High-Detail,2,L,png,P04.pptx,pptx,medium,1,PPTX,/home/kali/stego_dataset_expanded/stego_core_combined/High-Detail_2_L__pptx_medium__lsb1.png,ZIP,signature_pk_zip,0,PPTX,validated_ooxml_pptx,1,3,512113,little,50 4b 03 04 14 00 06 00,1.683372,
core,High-Detail_2_L__pptx_medium__lsb2.png,/home/kali/Desktop/stego_dataset_expanded/stego_core_combined/High-Detail_2_L__pptx_medium__lsb2.png,High-Detail_2_L.png,High-Detail,2,L,png,P04.pptx,pptx,medium,2,PPTX,/home/kali/stego_dataset_expanded/stego_core_combined/High-Detail_2_L__pptx_medium__lsb2.png,ZIP,signature_pk_zip,0,PPTX,validated_ooxml_pptx,1,3,512113,little,50 4b 03 04 14 00 06 00,1.680741,
core,High-Detail_2_L__pptx_medium__lsb3.png,/home/kali/Desktop/stego_dataset_expanded/stego_core_combined/High-Detail_2_L__pptx_medium__lsb3.png,High-Detail_2_L.png,High-Detail,2,L,png,P04.pptx,pptx,medium,3,PPTX,/home/kali/stego_dataset_expanded/stego_core_combined/High-Detail_2_L__pptx_medium__lsb3.png,ZIP,signature_pk_zip,0,PPTX,validated_ooxml_pptx,1,4,512113,little,50 4b 03 04 14 00 06 00,1.509756,
core,High-Detail_2_L__pptx_small__lsb1.png,/home/kali/Desktop/stego_dataset_expanded/stego_core_combined/High-Detail_2_L__pptx_small__lsb1.png,High-Detail_2_L.png,High-Detail,2,L,png,P04.pptx,pptx,small,1,PPTX,/home/kali/stego_dataset_expanded/stego_core_combined/High-Detail_2_L__pptx_small__lsb1.png,ZIP,signature_pk_zip,0,PPTX,validated_ooxml_pptx,1,3,32020,little,50 4b 03 04 14 00 06 00,1.420248,
core,High-Detail_2_L__pptx_small__lsb2.png,/home/kali/Desktop/stego_dataset_expanded/stego_core_combined/High-Detail_2_L__pptx_small__lsb2.png,High-Detail_2_L.png,High-Detail,2,L,png,P04.pptx,pptx,small,2,PPTX,/home/kali/stego_dataset_expanded/stego_core_combined/High-Detail_2_L__pptx_small__lsb2.png,ZIP,signature_pk_zip,0,PPTX,validated_ooxml_pptx,1,3,32020,little,50 4b 03 04 14 00 06 00,1.296292,
core,High-Detail_2_L__pptx_small__lsb3.png,/home/kali/Desktop/stego_dataset_expanded/stego_core_combined/High-Detail_2_L__pptx_small__lsb3.png,High-Detail_2_L.png,High-Detail,2,L,png,P04.pptx,pptx,small,3,PPTX,/home/kali/stego_dataset_expanded/stego_core_combined/High-Detail_2_L__pptx_small__lsb3.png,ZIP,signature_pk_zip,0,PPTX,validated_ooxml_pptx,1,4,32020,little,50 4b 03 04 14 00 06 00,1.224915,
core,High-Detail_2_L__rtf_large__lsb2.png,/home/kali/Desktop/stego_dataset_expanded/stego_core_combined/High-Detail_2_L__rtf_large__lsb2.png,High-Detail_2_L.png,High-Detail,2,L,png,P05.rtf,rtf,large,2,RTF,/home/kali/stego_dataset_expanded/stego_core_combined/High-Detail_2_L__rtf_large__lsb2.png,RTF,signature_rtf,1,RTF,validated_rtf_structure,1,3,1085026,little,7b 5c 72 74 66 31 5c 61,1.466358,
core,High-Detail_2_L__rtf_large__lsb3.png,/home/kali/Desktop/stego_dataset_expanded/stego_core_combined/High-Detail_2_L__rtf_large__lsb3.png,High-Detail_2_L.png,High-Detail,2,L,png,P05.rtf,rtf,large,3,RTF,/home/kali/stego_dataset_expanded/stego_core_combined/High-Detail_2_L__rtf_large__lsb3.png,RTF,signature_rtf,1,RTF,validated_rtf_structure,1,4,1085026,little,7b 5c 72 74 66 31 5c 61,1.325317,
core,High-Detail_2_L__rtf_medium__lsb1.png,/home/kali/Desktop/stego_dataset_expanded/stego_core_combined/High-Detail_2_L__rtf_medium__lsb1.png,High-Detail_2_L.png,High-Detail,2,L,png,P05.rtf,rtf,medium,1,RTF,/home/kali/stego_dataset_expanded/stego_core_combined/High-Detail_2_L__rtf_medium__lsb1.png,RTF,signature_rtf,1,RTF,validated_rtf_structure,1,3,511504,little,7b 5c 72 74 66 31 5c 61,1.467932,
core,High-Detail_2_L__rtf_medium__lsb2.png,/home/kali/Desktop/stego_dataset_expanded/stego_core_combined/High-Detail_2_L__rtf_medium__lsb2.png,High-Detail_2_L.png,High-Detail,2,L,png,P05.rtf,rtf,medium,2,RTF,/home/kali/stego_dataset_expanded/stego_core_combined/High-Detail_2_L__rtf_medium__lsb2.png,RTF,signature_rtf,1,RTF,validated_rtf_structure,1,3,511504,little,7b 5c 72 74 66 31 5c 61,1.331484,
core,High-Detail_2_L__rtf_medium__lsb3.png,/home/kali/Desktop/stego_dataset_expanded/stego_core_combined/High-Detail_2_L__rtf_medium__lsb3.png,High-Detail_2_L.png,High-Detail,2,L,png,P05.rtf,rtf,medium,3,RTF,/home/kali/stego_dataset_expanded/stego_core_combined/High-Detail_2_L__rtf_medium__lsb3.png,RTF,signature_rtf,1,RTF,validated_rtf_structure,1,4,511504,little,7b 5c 72 74 66 31 5c 61,1.229128,
core,High-Detail_2_L__rtf_small__lsb1.png,/home/kali/Desktop/stego_dataset_expanded/stego_core_combined/High-Detail_2_L__rtf_small__lsb1.png,High-Detail_2_L.png,High-Detail,2,L,png,P05.rtf,rtf,small,1,RTF,/home/kali/stego_dataset_expanded/stego_core_combined/High-Detail_2_L__rtf_small__lsb1.png,RTF,signature_rtf,1,RTF,validated_rtf_structure,1,3,50275,little,7b 5c 72 74 66 31 5c 61,1.226491,
core,High-Detail_2_L__rtf_small__lsb2.png,/home/kali/Desktop/stego_dataset_expanded/stego_core_combined/High-Detail_2_L__rtf_small__lsb2.png,High-Detail_2_L.png,High-Detail,2,L,png,P05.rtf,rtf,small,2,RTF,/home/kali/stego_dataset_expanded/stego_core_combined/High-Detail_2_L__rtf_small__lsb2.png,RTF,signature_rtf,1,RTF,validated_rtf_structure,1,3,50275,little,7b 5c 72 74 66 31 5c 61,1.286153,
core,High-Detail_2_L__rtf_small__lsb3.png,/home/kali/Desktop/stego_dataset_expanded/stego_core_combined/High-Detail_2_L__rtf_small__lsb3.png,High-Detail_2_L.png,High-Detail,2,L,png,P05.rtf,rtf,small,3,RTF,/home/kali/stego_dataset_expanded/stego_core_combined/High-Detail_2_L__rtf_small__lsb3.png,RTF,signature_rtf,1,RTF,validated_rtf_structure,1,4,50275,little,7b 5c 72 74 66 31 5c 61,1.392591,
core,High-Detail_2_L__xlsx_large__lsb2.png,/home/kali/Desktop/stego_dataset_expanded/stego_core_combined/High-Detail_2_L__xlsx_large__lsb2.png,High-Detail_2_L.png,High-Detail,2,L,png,P03.xlsx,xlsx,large,2,XLSX,/home/kali/stego_dataset_expanded/stego_core_combined/High-Detail_2_L__xlsx_large__lsb2.png,ZIP,signature_pk_zip,0,XLSX,validated_ooxml_xlsx,1,3,1090468,little,50 4b 03 04 14 00 06 00,1.841415,
core,High-Detail_2_L__xlsx_large__lsb3.png,/home/kali/Desktop/stego_dataset_expanded/stego_core_combined/High-Detail_2_L__xlsx_large__lsb3.png,High-Detail_2_L.png,High-Detail,2,L,png,P03.xlsx,xlsx,large,3,XLSX,/home/kali/stego_dataset_expanded/stego_core_combined/High-Detail_2_L__xlsx_large__lsb3.png,ZIP,signature_pk_zip,0,XLSX,validated_ooxml_xlsx,1,4,1090468,little,50 4b 03 04 14 00 06 00,1.785017,
core,High-Detail_2_L__xlsx_medium__lsb1.png,/home/kali/Desktop/stego_dataset_expanded/stego_core_combined/High-Detail_2_L__xlsx_medium__lsb1.png,High-Detail_2_L.png,High-Detail,2,L,png,P03.xlsx,xlsx,medium,1,XLSX,/home/kali/stego_dataset_expanded/stego_core_combined/High-Detail_2_L__xlsx_medium__lsb1.png,ZIP,signature_pk_zip,0,XLSX,validated_ooxml_xlsx,1,3,511280,little,50 4b 03 04 14 00 06 00,1.779143,
core,High-Detail_2_L__xlsx_medium__lsb2.png,/home/kali/Desktop/stego_dataset_expanded/stego_core_combined/High-Detail_2_L__xlsx_medium__lsb2.png,High-Detail_2_L.png,High-Detail,2,L,png,P03.xlsx,xlsx,medium,2,XLSX,/home/kali/stego_dataset_expanded/stego_core_combined/High-Detail_2_L__xlsx_medium__lsb2.png,ZIP,signature_pk_zip,0,XLSX,validated_ooxml_xlsx,1,3,511280,little,50 4b 03 04 14 00 06 00,2.758443,
core,High-Detail_2_L__xlsx_medium__lsb3.png,/home/kali/Desktop/stego_dataset_expanded/stego_core_combined/High-Detail_2_L__xlsx_medium__lsb3.png,High-Detail_2_L.png,High-Detail,2,L,png,P03.xlsx,xlsx,medium,3,XLSX,/home/kali/stego_dataset_expanded/stego_core_combined/High-Detail_2_L__xlsx_medium__lsb3.png,ZIP,signature_pk_zip,0,XLSX,validated_ooxml_xlsx,1,4,511280,little,50 4b 03 04 14 00 06 00,1.437725,
core,High-Detail_2_L__xlsx_small__lsb1.png,/home/kali/Desktop/stego_dataset_expanded/stego_core_combined/High-Detail_2_L__xlsx_small__lsb1.png,High-Detail_2_L.png,High-Detail,2,L,png,P03.xlsx,xlsx,small,1,XLSX,/home/kali/stego_dataset_expanded/stego_core_combined/High-Detail_2_L__xlsx_small__lsb1.png,ZIP,signature_pk_zip,0,XLSX,validated_ooxml_xlsx,1,3,8899,little,50 4b 03 04 14 00 06 00,1.374677,
core,High-Detail_2_L__xlsx_small__lsb2.png,/home/kali/Desktop/stego_dataset_expanded/stego_core_combined/High-Detail_2_L__xlsx_small__lsb2.png,High-Detail_2_L.png,High-Detail,2,L,png,P03.xlsx,xlsx,small,2,XLSX,/home/kali/stego_dataset_expanded/stego_core_combined/High-Detail_2_L__xlsx_small__lsb2.png,ZIP,signature_pk_zip,0,XLSX,validated_ooxml_xlsx,1,3,8899,little,50 4b 03 04 14 00 06 00,1.373755,
core,High-Detail_2_L__xlsx_small__lsb3.png,/home/kali/Desktop/stego_dataset_expanded/stego_core_combined/High-Detail_2_L__xlsx_small__lsb3.png,High-Detail_2_L.png,High-Detail,2,L,png,P03.xlsx,xlsx,small,3,XLSX,/home/kali/stego_dataset_expanded/stego_core_combined/High-Detail_2_L__xlsx_small__lsb3.png,ZIP,signature_pk_zip,0,XLSX,validated_ooxml_xlsx,1,4,8899,little,50 4b 03 04 14 00 06 00,1.309569,
core,Low-Detail_1_M__docx_large__lsb3.bmp,/home/kali/Desktop/stego_dataset_expanded/stego_core_combined/Low-Detail_1_M__docx_large__lsb3.bmp,Low-Detail_1_M.bmp,Low-Detail,1,M,bmp,P01.docx,docx,large,3,DOCX,/home/kali/stego_dataset_expanded/stego_core_combined/Low-Detail_1_M__docx_large__lsb3.bmp,ZIP,signature_pk_zip,0,DOCX,validated_ooxml_docx,1,3,1121154,little,50 4b 03 04 14 00 06 00,0.802131,
core,Low-Detail_1_M__docx_medium__lsb2.bmp,/home/kali/Desktop/stego_dataset_expanded/stego_core_combined/Low-Detail_1_M__docx_medium__lsb2.bmp,Low-Detail_1_M.bmp,Low-Detail,1,M,bmp,P01.docx,docx,medium,2,DOCX,/home/kali/stego_dataset_expanded/stego_core_combined/Low-Detail_1_M__docx_medium__lsb2.bmp,ZIP,signature_pk_zip,0,DOCX,validated_ooxml_docx,1,3,511127,little,50 4b 03 04 14 00 06 00,0.739792,
core,Low-Detail_1_M__docx_medium__lsb3.bmp,/home/kali/Desktop/stego_dataset_expanded/stego_core_combined/Low-Detail_1_M__docx_medium__lsb3.bmp,Low-Detail_1_M.bmp,Low-Detail,1,M,bmp,P01.docx,docx,medium,3,DOCX,/home/kali/stego_dataset_expanded/stego_core_combined/Low-Detail_1_M__docx_medium__lsb3.bmp,ZIP,signature_pk_zip,0,DOCX,validated_ooxml_docx,1,3,511127,little,50 4b 03 04 14 00 06 00,0.752808,
core,Low-Detail_1_M__docx_small__lsb1.bmp,/home/kali/Desktop/stego_dataset_expanded/stego_core_combined/Low-Detail_1_M__docx_small__lsb1.bmp,Low-Detail_1_M.bmp,Low-Detail,1,M,bmp,P01.docx,docx,small,1,DOCX,/home/kali/stego_dataset_expanded/stego_core_combined/Low-Detail_1_M__docx_small__lsb1.bmp,ZIP,signature_pk_zip,0,DOCX,validated_ooxml_docx,1,3,13432,little,50 4b 03 04 14 00 06 00,0.617411,
core,Low-Detail_1_M__docx_small__lsb2.bmp,/home/kali/Desktop/stego_dataset_expanded/stego_core_combined/Low-Detail_1_M__docx_small__lsb2.bmp,Low-Detail_1_M.bmp,Low-Detail,1,M,bmp,P01.docx,docx,small,2,DOCX,/home/kali/stego_dataset_expanded/stego_core_combined/Low-Detail_1_M__docx_small__lsb2.bmp,ZIP,signature_pk_zip,0,DOCX,validated_ooxml_docx,1,3,13432,little,50 4b 03 04 14 00 06 00,0.624476,
core,Low-Detail_1_M__docx_small__lsb3.bmp,/home/kali/Desktop/stego_dataset_expanded/stego_core_combined/Low-Detail_1_M__docx_small__lsb3.bmp,Low-Detail_1_M.bmp,Low-Detail,1,M,bmp,P01.docx,docx,small,3,DOCX,/home/kali/stego_dataset_expanded/stego_core_combined/Low-Detail_1_M__docx_small__lsb3.bmp,ZIP,signature_pk_zip,0,DOCX,validated_ooxml_docx,1,3,13432,little,50 4b 03 04 14 00 06 00,0.595386,
core,Low-Detail_1_M__exe_large__lsb3.bmp,/home/kali/Desktop/stego_dataset_expanded/stego_core_combined/Low-Detail_1_M__exe_large__lsb3.bmp,Low-Detail_1_M.bmp,Low-Detail,1,M,bmp,P06.exe,exe,large,3,EXE,/home/kali/stego_dataset_expanded/stego_core_combined/Low-Detail_1_M__exe_large__lsb3.bmp,EXE,signature_mz,1,EXE,validated_mz_pe_header,1,3,1017856,little,4d 5a 90 00 03 00 00 00,0.824528,
core,Low-Detail_1_M__exe_medium__lsb2.bmp,/home/kali/Desktop/stego_dataset_expanded/stego_core_combined/Low-Detail_1_M__exe_medium__lsb2.bmp,Low-Detail_1_M.bmp,Low-Detail,1,M,bmp,P06.exe,exe,medium,2,EXE,/home/kali/stego_dataset_expanded/stego_core_combined/Low-Detail_1_M__exe_medium__lsb2.bmp,EXE,signature_mz,1,EXE,validated_mz_pe_header,1,3,505856,little,4d 5a 90 00 03 00 00 00,0.772017,
core,Low-Detail_1_M__exe_medium__lsb3.bmp,/home/kali/Desktop/stego_dataset_expanded/stego_core_combined/Low-Detail_1_M__exe_medium__lsb3.bmp,Low-Detail_1_M.bmp,Low-Detail,1,M,bmp,P06.exe,exe,medium,3,EXE,/home/kali/stego_dataset_expanded/stego_core_combined/Low-Detail_1_M__exe_medium__lsb3.bmp,EXE,signature_mz,1,EXE,validated_mz_pe_header,1,3,505856,little,4d 5a 90 00 03 00 00 00,0.747856,
core,Low-Detail_1_M__exe_small__lsb1.bmp,/home/kali/Desktop/stego_dataset_expanded/stego_core_combined/Low-Detail_1_M__exe_small__lsb1.bmp,Low-Detail_1_M.bmp,Low-Detail,1,M,bmp,P06.exe,exe,small,1,EXE,/home/kali/stego_dataset_expanded/stego_core_combined/Low-Detail_1_M__exe_small__lsb1.bmp,EXE,signature_mz,1,EXE,validated_mz_pe_header,1,3,40448,little,4d 5a 90 00 03 00 00 00,0.628688,
core,Low-Detail_1_M__exe_small__lsb2.bmp,/home/kali/Desktop/stego_dataset_expanded/stego_core_combined/Low-Detail_1_M__exe_small__lsb2.bmp,Low-Detail_1_M.bmp,Low-Detail,1,M,bmp,P06.exe,exe,small,2,EXE,/home/kali/stego_dataset_expanded/stego_core_combined/Low-Detail_1_M__exe_small__lsb2.bmp,EXE,signature_mz,1,EXE,validated_mz_pe_header,1,3,40448,little,4d 5a 90 00 03 00 00 00,0.638429,
core,Low-Detail_1_M__exe_small__lsb3.bmp,/home/kali/Desktop/stego_dataset_expanded/stego_core_combined/Low-Detail_1_M__exe_small__lsb3.bmp,Low-Detail_1_M.bmp,Low-Detail,1,M,bmp,P06.exe,exe,small,3,EXE,/home/kali/stego_dataset_expanded/stego_core_combined/Low-Detail_1_M__exe_small__lsb3.bmp,EXE,signature_mz,1,EXE,validated_mz_pe_header,1,3,40448,little,4d 5a 90 00 03 00 00 00,0.658351,
core,Low-Detail_1_M__pdf_large__lsb3.bmp,/home/kali/Desktop/stego_dataset_expanded/stego_core_combined/Low-Detail_1_M__pdf_large__lsb3.bmp,Low-Detail_1_M.bmp,Low-Detail,1,M,bmp,P02.pdf,pdf,large,3,PDF,/home/kali/stego_dataset_expanded/stego_core_combined/Low-Detail_1_M__pdf_large__lsb3.bmp,PDF,signature_pdf,1,PDF,validated_pdf_startxref_eof,1,3,1100144,little,25 50 44 46 2d 31 2e 33,0.807411,
core,Low-Detail_1_M__pdf_medium__lsb2.bmp,/home/kali/Desktop/stego_dataset_expanded/stego_core_combined/Low-Detail_1_M__pdf_medium__lsb2.bmp,Low-Detail_1_M.bmp,Low-Detail,1,M,bmp,P02.pdf,pdf,medium,2,PDF,/home/kali/stego_dataset_expanded/stego_core_combined/Low-Detail_1_M__pdf_medium__lsb2.bmp,PDF,signature_pdf,1,PDF,validated_pdf_startxref_eof,1,3,510410,little,25 50 44 46 2d 31 2e 37,0.737581,
core,Low-Detail_1_M__pdf_medium__lsb3.bmp,/home/kali/Desktop/stego_dataset_expanded/stego_core_combined/Low-Detail_1_M__pdf_medium__lsb3.bmp,Low-Detail_1_M.bmp,Low-Detail,1,M,bmp,P02.pdf,pdf,medium,3,PDF,/home/kali/stego_dataset_expanded/stego_core_combined/Low-Detail_1_M__pdf_medium__lsb3.bmp,PDF,signature_pdf,1,PDF,validated_pdf_startxref_eof,1,3,510410,little,25 50 44 46 2d 31 2e 37,0.810136,
core,Low-Detail_1_M__pdf_small__lsb1.bmp,/home/kali/Desktop/stego_dataset_expanded/stego_core_combined/Low-Detail_1_M__pdf_small__lsb1.bmp,Low-Detail_1_M.bmp,Low-Detail,1,M,bmp,P02.pdf,pdf,small,1,PDF,/home/kali/stego_dataset_expanded/stego_core_combined/Low-Detail_1_M__pdf_small__lsb1.bmp,PDF,signature_pdf,1,PDF,validated_pdf_startxref_eof,1,3,16620,little,25 50 44 46 2d 31 2e 37,0.618625,
core,Low-Detail_1_M__pdf_small__lsb2.bmp,/home/kali/Desktop/stego_dataset_expanded/stego_core_combined/Low-Detail_1_M__pdf_small__lsb2.bmp,Low-Detail_1_M.bmp,Low-Detail,1,M,bmp,P02.pdf,pdf,small,2,PDF,/home/kali/stego_dataset_expanded/stego_core_combined/Low-Detail_1_M__pdf_small__lsb2.bmp,PDF,signature_pdf,1,PDF,validated_pdf_startxref_eof,1,3,16620,little,25 50 44 46 2d 31 2e 37,0.646873,
core,Low-Detail_1_M__pdf_small__lsb3.bmp,/home/kali/Desktop/stego_dataset_expanded/stego_core_combined/Low-Detail_1_M__pdf_small__lsb3.bmp,Low-Detail_1_M.bmp,Low-Detail,1,M,bmp,P02.pdf,pdf,small,3,PDF,/home/kali/stego_dataset_expanded/stego_core_combined/Low-Detail_1_M__pdf_small__lsb3.bmp,PDF,signature_pdf,1,PDF,validated_pdf_startxref_eof,1,3,16620,little,25 50 44 46 2d 31 2e 37,0.630528,
core,Low-Detail_1_M__pptx_large__lsb3.bmp,/home/kali/Desktop/stego_dataset_expanded/stego_core_combined/Low-Detail_1_M__pptx_large__lsb3.bmp,Low-Detail_1_M.bmp,Low-Detail,1,M,bmp,P04.pptx,pptx,large,3,PPTX,/home/kali/stego_dataset_expanded/stego_core_combined/Low-Detail_1_M__pptx_large__lsb3.bmp,ZIP,signature_pk_zip,0,PPTX,validated_ooxml_pptx,1,3,1082610,little,50 4b 03 04 14 00 06 00,0.787070,
core,Low-Detail_1_M__pptx_medium__lsb2.bmp,/home/kali/Desktop/stego_dataset_expanded/stego_core_combined/Low-Detail_1_M__pptx_medium__lsb2.bmp,Low-Detail_1_M.bmp,Low-Detail,1,M,bmp,P04.pptx,pptx,medium,2,PPTX,/home/kali/stego_dataset_expanded/stego_core_combined/Low-Detail_1_M__pptx_medium__lsb2.bmp,ZIP,signature_pk_zip,0,PPTX,validated_ooxml_pptx,1,3,512113,little,50 4b 03 04 14 00 06 00,0.771577,
core,Low-Detail_1_M__pptx_medium__lsb3.bmp,/home/kali/Desktop/stego_dataset_expanded/stego_core_combined/Low-Detail_1_M__pptx_medium__lsb3.bmp,Low-Detail_1_M.bmp,Low-Detail,1,M,bmp,P04.pptx,pptx,medium,3,PPTX,/home/kali/stego_dataset_expanded/stego_core_combined/Low-Detail_1_M__pptx_medium__lsb3.bmp,ZIP,signature_pk_zip,0,PPTX,validated_ooxml_pptx,1,3,512113,little,50 4b 03 04 14 00 06 00,0.753480,
core,Low-Detail_1_M__pptx_small__lsb1.bmp,/home/kali/Desktop/stego_dataset_expanded/stego_core_combined/Low-Detail_1_M__pptx_small__lsb1.bmp,Low-Detail_1_M.bmp,Low-Detail,1,M,bmp,P04.pptx,pptx,small,1,PPTX,/home/kali/stego_dataset_expanded/stego_core_combined/Low-Detail_1_M__pptx_small__lsb1.bmp,ZIP,signature_pk_zip,0,PPTX,validated_ooxml_pptx,1,3,32020,little,50 4b 03 04 14 00 06 00,0.642767,
core,Low-Detail_1_M__pptx_small__lsb2.bmp,/home/kali/Desktop/stego_dataset_expanded/stego_core_combined/Low-Detail_1_M__pptx_small__lsb2.bmp,Low-Detail_1_M.bmp,Low-Detail,1,M,bmp,P04.pptx,pptx,small,2,PPTX,/home/kali/stego_dataset_expanded/stego_core_combined/Low-Detail_1_M__pptx_small__lsb2.bmp,ZIP,signature_pk_zip,0,PPTX,validated_ooxml_pptx,1,3,32020,little,50 4b 03 04 14 00 06 00,0.641096,
core,Low-Detail_1_M__pptx_small__lsb3.bmp,/home/kali/Desktop/stego_dataset_expanded/stego_core_combined/Low-Detail_1_M__pptx_small__lsb3.bmp,Low-Detail_1_M.bmp,Low-Detail,1,M,bmp,P04.pptx,pptx,small,3,PPTX,/home/kali/stego_dataset_expanded/stego_core_combined/Low-Detail_1_M__pptx_small__lsb3.bmp,ZIP,signature_pk_zip,0,PPTX,validated_ooxml_pptx,1,3,32020,little,50 4b 03 04 14 00 06 00,0.622701,
core,Low-Detail_1_M__rtf_large__lsb3.bmp,/home/kali/Desktop/stego_dataset_expanded/stego_core_combined/Low-Detail_1_M__rtf_large__lsb3.bmp,Low-Detail_1_M.bmp,Low-Detail,1,M,bmp,P05.rtf,rtf,large,3,RTF,/home/kali/stego_dataset_expanded/stego_core_combined/Low-Detail_1_M__rtf_large__lsb3.bmp,RTF,signature_rtf,1,RTF,validated_rtf_structure,1,3,1085026,little,7b 5c 72 74 66 31 5c 61,0.862548,
core,Low-Detail_1_M__rtf_medium__lsb2.bmp,/home/kali/Desktop/stego_dataset_expanded/stego_core_combined/Low-Detail_1_M__rtf_medium__lsb2.bmp,Low-Detail_1_M.bmp,Low-Detail,1,M,bmp,P05.rtf,rtf,medium,2,RTF,/home/kali/stego_dataset_expanded/stego_core_combined/Low-Detail_1_M__rtf_medium__lsb2.bmp,RTF,signature_rtf,1,RTF,validated_rtf_structure,1,3,511504,little,7b 5c 72 74 66 31 5c 61,0.767086,
core,Low-Detail_1_M__rtf_medium__lsb3.bmp,/home/kali/Desktop/stego_dataset_expanded/stego_core_combined/Low-Detail_1_M__rtf_medium__lsb3.bmp,Low-Detail_1_M.bmp,Low-Detail,1,M,bmp,P05.rtf,rtf,medium,3,RTF,/home/kali/stego_dataset_expanded/stego_core_combined/Low-Detail_1_M__rtf_medium__lsb3.bmp,RTF,signature_rtf,1,RTF,validated_rtf_structure,1,3,511504,little,7b 5c 72 74 66 31 5c 61,0.717549,
core,Low-Detail_1_M__rtf_small__lsb1.bmp,/home/kali/Desktop/stego_dataset_expanded/stego_core_combined/Low-Detail_1_M__rtf_small__lsb1.bmp,Low-Detail_1_M.bmp,Low-Detail,1,M,bmp,P05.rtf,rtf,small,1,RTF,/home/kali/stego_dataset_expanded/stego_core_combined/Low-Detail_1_M__rtf_small__lsb1.bmp,RTF,signature_rtf,1,RTF,validated_rtf_structure,1,3,50275,little,7b 5c 72 74 66 31 5c 61,0.668873,
core,Low-Detail_1_M__rtf_small__lsb2.bmp,/home/kali/Desktop/stego_dataset_expanded/stego_core_combined/Low-Detail_1_M__rtf_small__lsb2.bmp,Low-Detail_1_M.bmp,Low-Detail,1,M,bmp,P05.rtf,rtf,small,2,RTF,/home/kali/stego_dataset_expanded/stego_core_combined/Low-Detail_1_M__rtf_small__lsb2.bmp,RTF,signature_rtf,1,RTF,validated_rtf_structure,1,3,50275,little,7b 5c 72 74 66 31 5c 61,0.655833,
core,Low-Detail_1_M__rtf_small__lsb3.bmp,/home/kali/Desktop/stego_dataset_expanded/stego_core_combined/Low-Detail_1_M__rtf_small__lsb3.bmp,Low-Detail_1_M.bmp,Low-Detail,1,M,bmp,P05.rtf,rtf,small,3,RTF,/home/kali/stego_dataset_expanded/stego_core_combined/Low-Detail_1_M__rtf_small__lsb3.bmp,RTF,signature_rtf,1,RTF,validated_rtf_structure,1,3,50275,little,7b 5c 72 74 66 31 5c 61,0.629212,
core,Low-Detail_1_M__xlsx_large__lsb3.bmp,/home/kali/Desktop/stego_dataset_expanded/stego_core_combined/Low-Detail_1_M__xlsx_large__lsb3.bmp,Low-Detail_1_M.bmp,Low-Detail,1,M,bmp,P03.xlsx,xlsx,large,3,XLSX,/home/kali/stego_dataset_expanded/stego_core_combined/Low-Detail_1_M__xlsx_large__lsb3.bmp,ZIP,signature_pk_zip,0,XLSX,validated_ooxml_xlsx,1,3,1090468,little,50 4b 03 04 14 00 06 00,0.851786,
core,Low-Detail_1_M__xlsx_medium__lsb2.bmp,/home/kali/Desktop/stego_dataset_expanded/stego_core_combined/Low-Detail_1_M__xlsx_medium__lsb2.bmp,Low-Detail_1_M.bmp,Low-Detail,1,M,bmp,P03.xlsx,xlsx,medium,2,XLSX,/home/kali/stego_dataset_expanded/stego_core_combined/Low-Detail_1_M__xlsx_medium__lsb2.bmp,ZIP,signature_pk_zip,0,XLSX,validated_ooxml_xlsx,1,3,511280,little,50 4b 03 04 14 00 06 00,0.757059,
core,Low-Detail_1_M__xlsx_medium__lsb3.bmp,/home/kali/Desktop/stego_dataset_expanded/stego_core_combined/Low-Detail_1_M__xlsx_medium__lsb3.bmp,Low-Detail_1_M.bmp,Low-Detail,1,M,bmp,P03.xlsx,xlsx,medium,3,XLSX,/home/kali/stego_dataset_expanded/stego_core_combined/Low-Detail_1_M__xlsx_medium__lsb3.bmp,ZIP,signature_pk_zip,0,XLSX,validated_ooxml_xlsx,1,3,511280,little,50 4b 03 04 14 00 06 00,0.732194,
core,Low-Detail_1_M__xlsx_small__lsb1.bmp,/home/kali/Desktop/stego_dataset_expanded/stego_core_combined/Low-Detail_1_M__xlsx_small__lsb1.bmp,Low-Detail_1_M.bmp,Low-Detail,1,M,bmp,P03.xlsx,xlsx,small,1,XLSX,/home/kali/stego_dataset_expanded/stego_core_combined/Low-Detail_1_M__xlsx_small__lsb1.bmp,ZIP,signature_pk_zip,0,XLSX,validated_ooxml_xlsx,1,3,8899,little,50 4b 03 04 14 00 06 00,0.691206,
core,Low-Detail_1_M__xlsx_small__lsb2.bmp,/home/kali/Desktop/stego_dataset_expanded/stego_core_combined/Low-Detail_1_M__xlsx_small__lsb2.bmp,Low-Detail_1_M.bmp,Low-Detail,1,M,bmp,P03.xlsx,xlsx,small,2,XLSX,/home/kali/stego_dataset_expanded/stego_core_combined/Low-Detail_1_M__xlsx_small__lsb2.bmp,ZIP,signature_pk_zip,0,XLSX,validated_ooxml_xlsx,1,3,8899,little,50 4b 03 04 14 00 06 00,0.603257,
core,Low-Detail_1_M__xlsx_small__lsb3.bmp,/home/kali/Desktop/stego_dataset_expanded/stego_core_combined/Low-Detail_1_M__xlsx_small__lsb3.bmp,Low-Detail_1_M.bmp,Low-Detail,1,M,bmp,P03.xlsx,xlsx,small,3,XLSX,/home/kali/stego_dataset_expanded/stego_core_combined/Low-Detail_1_M__xlsx_small__lsb3.bmp,ZIP,signature_pk_zip,0,XLSX,validated_ooxml_xlsx,1,3,8899,little,50 4b 03 04 14 00 06 00,0.601058,
core,Low-Detail_2_L__docx_large__lsb2.bmp,/home/kali/Desktop/stego_dataset_expanded/stego_core_combined/Low-Detail_2_L__docx_large__lsb2.bmp,Low-Detail_2_L.bmp,Low-Detail,2,L,bmp,P01.docx,docx,large,2,DOCX,/home/kali/stego_dataset_expanded/stego_core_combined/Low-Detail_2_L__docx_large__lsb2.bmp,ZIP,signature_pk_zip,0,DOCX,validated_ooxml_docx,1,3,1121154,little,50 4b 03 04 14 00 06 00,2.626304,
core,Low-Detail_2_L__docx_large__lsb3.bmp,/home/kali/Desktop/stego_dataset_expanded/stego_core_combined/Low-Detail_2_L__docx_large__lsb3.bmp,Low-Detail_2_L.bmp,Low-Detail,2,L,bmp,P01.docx,docx,large,3,DOCX,/home/kali/stego_dataset_expanded/stego_core_combined/Low-Detail_2_L__docx_large__lsb3.bmp,ZIP,signature_pk_zip,0,DOCX,validated_ooxml_docx,1,4,1121154,little,50 4b 03 04 14 00 06 00,1.645600,
core,Low-Detail_2_L__docx_medium__lsb1.bmp,/home/kali/Desktop/stego_dataset_expanded/stego_core_combined/Low-Detail_2_L__docx_medium__lsb1.bmp,Low-Detail_2_L.bmp,Low-Detail,2,L,bmp,P01.docx,docx,medium,1,DOCX,/home/kali/stego_dataset_expanded/stego_core_combined/Low-Detail_2_L__docx_medium__lsb1.bmp,ZIP,signature_pk_zip,0,DOCX,validated_ooxml_docx,1,3,511127,little,50 4b 03 04 14 00 06 00,1.497747,
core,Low-Detail_2_L__docx_medium__lsb2.bmp,/home/kali/Desktop/stego_dataset_expanded/stego_core_combined/Low-Detail_2_L__docx_medium__lsb2.bmp,Low-Detail_2_L.bmp,Low-Detail,2,L,bmp,P01.docx,docx,medium,2,DOCX,/home/kali/stego_dataset_expanded/stego_core_combined/Low-Detail_2_L__docx_medium__lsb2.bmp,ZIP,signature_pk_zip,0,DOCX,validated_ooxml_docx,1,3,511127,little,50 4b 03 04 14 00 06 00,1.580419,
core,Low-Detail_2_L__docx_medium__lsb3.bmp,/home/kali/Desktop/stego_dataset_expanded/stego_core_combined/Low-Detail_2_L__docx_medium__lsb3.bmp,Low-Detail_2_L.bmp,Low-Detail,2,L,bmp,P01.docx,docx,medium,3,DOCX,/home/kali/stego_dataset_expanded/stego_core_combined/Low-Detail_2_L__docx_medium__lsb3.bmp,ZIP,signature_pk_zip,0,DOCX,validated_ooxml_docx,1,4,511127,little,50 4b 03 04 14 00 06 00,1.392243,
core,Low-Detail_2_L__docx_small__lsb1.bmp,/home/kali/Desktop/stego_dataset_expanded/stego_core_combined/Low-Detail_2_L__docx_small__lsb1.bmp,Low-Detail_2_L.bmp,Low-Detail,2,L,bmp,P01.docx,docx,small,1,DOCX,/home/kali/stego_dataset_expanded/stego_core_combined/Low-Detail_2_L__docx_small__lsb1.bmp,ZIP,signature_pk_zip,0,DOCX,validated_ooxml_docx,1,3,13432,little,50 4b 03 04 14 00 06 00,1.325023,
core,Low-Detail_2_L__docx_small__lsb2.bmp,/home/kali/Desktop/stego_dataset_expanded/stego_core_combined/Low-Detail_2_L__docx_small__lsb2.bmp,Low-Detail_2_L.bmp,Low-Detail,2,L,bmp,P01.docx,docx,small,2,DOCX,/home/kali/stego_dataset_expanded/stego_core_combined/Low-Detail_2_L__docx_small__lsb2.bmp,ZIP,signature_pk_zip,0,DOCX,validated_ooxml_docx,1,3,13432,little,50 4b 03 04 14 00 06 00,1.338675,
core,Low-Detail_2_L__docx_small__lsb3.bmp,/home/kali/Desktop/stego_dataset_expanded/stego_core_combined/Low-Detail_2_L__docx_small__lsb3.bmp,Low-Detail_2_L.bmp,Low-Detail,2,L,bmp,P01.docx,docx,small,3,DOCX,/home/kali/stego_dataset_expanded/stego_core_combined/Low-Detail_2_L__docx_small__lsb3.bmp,ZIP,signature_pk_zip,0,DOCX,validated_ooxml_docx,1,4,13432,little,50 4b 03 04 14 00 06 00,1.341646,
core,Low-Detail_2_L__exe_large__lsb2.bmp,/home/kali/Desktop/stego_dataset_expanded/stego_core_combined/Low-Detail_2_L__exe_large__lsb2.bmp,Low-Detail_2_L.bmp,Low-Detail,2,L,bmp,P06.exe,exe,large,2,EXE,/home/kali/stego_dataset_expanded/stego_core_combined/Low-Detail_2_L__exe_large__lsb2.bmp,EXE,signature_mz,1,EXE,validated_mz_pe_header,1,3,1017856,little,4d 5a 90 00 03 00 00 00,2.615467,
core,Low-Detail_2_L__exe_large__lsb3.bmp,/home/kali/Desktop/stego_dataset_expanded/stego_core_combined/Low-Detail_2_L__exe_large__lsb3.bmp,Low-Detail_2_L.bmp,Low-Detail,2,L,bmp,P06.exe,exe,large,3,EXE,/home/kali/stego_dataset_expanded/stego_core_combined/Low-Detail_2_L__exe_large__lsb3.bmp,EXE,signature_mz,1,EXE,validated_mz_pe_header,1,4,1017856,little,4d 5a 90 00 03 00 00 00,1.362549,
core,Low-Detail_2_L__exe_medium__lsb1.bmp,/home/kali/Desktop/stego_dataset_expanded/stego_core_combined/Low-Detail_2_L__exe_medium__lsb1.bmp,Low-Detail_2_L.bmp,Low-Detail,2,L,bmp,P06.exe,exe,medium,1,EXE,/home/kali/stego_dataset_expanded/stego_core_combined/Low-Detail_2_L__exe_medium__lsb1.bmp,EXE,signature_mz,1,EXE,validated_mz_pe_header,1,3,505856,little,4d 5a 90 00 03 00 00 00,1.489885,
core,Low-Detail_2_L__exe_medium__lsb2.bmp,/home/kali/Desktop/stego_dataset_expanded/stego_core_combined/Low-Detail_2_L__exe_medium__lsb2.bmp,Low-Detail_2_L.bmp,Low-Detail,2,L,bmp,P06.exe,exe,medium,2,EXE,/home/kali/stego_dataset_expanded/stego_core_combined/Low-Detail_2_L__exe_medium__lsb2.bmp,EXE,signature_mz,1,EXE,validated_mz_pe_header,1,3,505856,little,4d 5a 90 00 03 00 00 00,1.283373,
core,Low-Detail_2_L__exe_medium__lsb3.bmp,/home/kali/Desktop/stego_dataset_expanded/stego_core_combined/Low-Detail_2_L__exe_medium__lsb3.bmp,Low-Detail_2_L.bmp,Low-Detail,2,L,bmp,P06.exe,exe,medium,3,EXE,/home/kali/stego_dataset_expanded/stego_core_combined/Low-Detail_2_L__exe_medium__lsb3.bmp,EXE,signature_mz,1,EXE,validated_mz_pe_header,1,4,505856,little,4d 5a 90 00 03 00 00 00,1.300737,
core,Low-Detail_2_L__exe_small__lsb1.bmp,/home/kali/Desktop/stego_dataset_expanded/stego_core_combined/Low-Detail_2_L__exe_small__lsb1.bmp,Low-Detail_2_L.bmp,Low-Detail,2,L,bmp,P06.exe,exe,small,1,EXE,/home/kali/stego_dataset_expanded/stego_core_combined/Low-Detail_2_L__exe_small__lsb1.bmp,EXE,signature_mz,1,EXE,validated_mz_pe_header,1,3,40448,little,4d 5a 90 00 03 00 00 00,1.161229,
core,Low-Detail_2_L__exe_small__lsb2.bmp,/home/kali/Desktop/stego_dataset_expanded/stego_core_combined/Low-Detail_2_L__exe_small__lsb2.bmp,Low-Detail_2_L.bmp,Low-Detail,2,L,bmp,P06.exe,exe,small,2,EXE,/home/kali/stego_dataset_expanded/stego_core_combined/Low-Detail_2_L__exe_small__lsb2.bmp,EXE,signature_mz,1,EXE,validated_mz_pe_header,1,3,40448,little,4d 5a 90 00 03 00 00 00,1.187309,
core,Low-Detail_2_L__exe_small__lsb3.bmp,/home/kali/Desktop/stego_dataset_expanded/stego_core_combined/Low-Detail_2_L__exe_small__lsb3.bmp,Low-Detail_2_L.bmp,Low-Detail,2,L,bmp,P06.exe,exe,small,3,EXE,/home/kali/stego_dataset_expanded/stego_core_combined/Low-Detail_2_L__exe_small__lsb3.bmp,EXE,signature_mz,1,EXE,validated_mz_pe_header,1,4,40448,little,4d 5a 90 00 03 00 00 00,1.199345,
core,Low-Detail_2_L__pdf_large__lsb2.bmp,/home/kali/Desktop/stego_dataset_expanded/stego_core_combined/Low-Detail_2_L__pdf_large__lsb2.bmp,Low-Detail_2_L.bmp,Low-Detail,2,L,bmp,P02.pdf,pdf,large,2,PDF,/home/kali/stego_dataset_expanded/stego_core_combined/Low-Detail_2_L__pdf_large__lsb2.bmp,PDF,signature_pdf,1,PDF,validated_pdf_startxref_eof,1,3,1100144,little,25 50 44 46 2d 31 2e 33,1.426225,
core,Low-Detail_2_L__pdf_large__lsb3.bmp,/home/kali/Desktop/stego_dataset_expanded/stego_core_combined/Low-Detail_2_L__pdf_large__lsb3.bmp,Low-Detail_2_L.bmp,Low-Detail,2,L,bmp,P02.pdf,pdf,large,3,PDF,/home/kali/stego_dataset_expanded/stego_core_combined/Low-Detail_2_L__pdf_large__lsb3.bmp,PDF,signature_pdf,1,PDF,validated_pdf_startxref_eof,1,4,1100144,little,25 50 44 46 2d 31 2e 33,1.611478,
core,Low-Detail_2_L__pdf_medium__lsb1.bmp,/home/kali/Desktop/stego_dataset_expanded/stego_core_combined/Low-Detail_2_L__pdf_medium__lsb1.bmp,Low-Detail_2_L.bmp,Low-Detail,2,L,bmp,P02.pdf,pdf,medium,1,PDF,/home/kali/stego_dataset_expanded/stego_core_combined/Low-Detail_2_L__pdf_medium__lsb1.bmp,PDF,signature_pdf,1,PDF,validated_pdf_startxref_eof,1,3,510410,little,25 50 44 46 2d 31 2e 37,1.772215,
core,Low-Detail_2_L__pdf_medium__lsb2.bmp,/home/kali/Desktop/stego_dataset_expanded/stego_core_combined/Low-Detail_2_L__pdf_medium__lsb2.bmp,Low-Detail_2_L.bmp,Low-Detail,2,L,bmp,P02.pdf,pdf,medium,2,PDF,/home/kali/stego_dataset_expanded/stego_core_combined/Low-Detail_2_L__pdf_medium__lsb2.bmp,PDF,signature_pdf,1,PDF,validated_pdf_startxref_eof,1,3,510410,little,25 50 44 46 2d 31 2e 37,2.853238,
core,Low-Detail_2_L__pdf_medium__lsb3.bmp,/home/kali/Desktop/stego_dataset_expanded/stego_core_combined/Low-Detail_2_L__pdf_medium__lsb3.bmp,Low-Detail_2_L.bmp,Low-Detail,2,L,bmp,P02.pdf,pdf,medium,3,PDF,/home/kali/stego_dataset_expanded/stego_core_combined/Low-Detail_2_L__pdf_medium__lsb3.bmp,PDF,signature_pdf,1,PDF,validated_pdf_startxref_eof,1,4,510410,little,25 50 44 46 2d 31 2e 37,1.298169,
core,Low-Detail_2_L__pdf_small__lsb1.bmp,/home/kali/Desktop/stego_dataset_expanded/stego_core_combined/Low-Detail_2_L__pdf_small__lsb1.bmp,Low-Detail_2_L.bmp,Low-Detail,2,L,bmp,P02.pdf,pdf,small,1,PDF,/home/kali/stego_dataset_expanded/stego_core_combined/Low-Detail_2_L__pdf_small__lsb1.bmp,PDF,signature_pdf,1,PDF,validated_pdf_startxref_eof,1,3,16620,little,25 50 44 46 2d 31 2e 37,1.183383,
core,Low-Detail_2_L__pdf_small__lsb2.bmp,/home/kali/Desktop/stego_dataset_expanded/stego_core_combined/Low-Detail_2_L__pdf_small__lsb2.bmp,Low-Detail_2_L.bmp,Low-Detail,2,L,bmp,P02.pdf,pdf,small,2,PDF,/home/kali/stego_dataset_expanded/stego_core_combined/Low-Detail_2_L__pdf_small__lsb2.bmp,PDF,signature_pdf,1,PDF,validated_pdf_startxref_eof,1,3,16620,little,25 50 44 46 2d 31 2e 37,1.239032,
core,Low-Detail_2_L__pdf_small__lsb3.bmp,/home/kali/Desktop/stego_dataset_expanded/stego_core_combined/Low-Detail_2_L__pdf_small__lsb3.bmp,Low-Detail_2_L.bmp,Low-Detail,2,L,bmp,P02.pdf,pdf,small,3,PDF,/home/kali/stego_dataset_expanded/stego_core_combined/Low-Detail_2_L__pdf_small__lsb3.bmp,PDF,signature_pdf,1,PDF,validated_pdf_startxref_eof,1,4,16620,little,25 50 44 46 2d 31 2e 37,1.255869,
core,Low-Detail_2_L__pptx_large__lsb2.bmp,/home/kali/Desktop/stego_dataset_expanded/stego_core_combined/Low-Detail_2_L__pptx_large__lsb2.bmp,Low-Detail_2_L.bmp,Low-Detail,2,L,bmp,P04.pptx,pptx,large,2,PPTX,/home/kali/stego_dataset_expanded/stego_core_combined/Low-Detail_2_L__pptx_large__lsb2.bmp,ZIP,signature_pk_zip,0,PPTX,validated_ooxml_pptx,1,3,1082610,little,50 4b 03 04 14 00 06 00,1.630069,
core,Low-Detail_2_L__pptx_large__lsb3.bmp,/home/kali/Desktop/stego_dataset_expanded/stego_core_combined/Low-Detail_2_L__pptx_large__lsb3.bmp,Low-Detail_2_L.bmp,Low-Detail,2,L,bmp,P04.pptx,pptx,large,3,PPTX,/home/kali/stego_dataset_expanded/stego_core_combined/Low-Detail_2_L__pptx_large__lsb3.bmp,ZIP,signature_pk_zip,0,PPTX,validated_ooxml_pptx,1,4,1082610,little,50 4b 03 04 14 00 06 00,1.284657,
core,Low-Detail_2_L__pptx_medium__lsb1.bmp,/home/kali/Desktop/stego_dataset_expanded/stego_core_combined/Low-Detail_2_L__pptx_medium__lsb1.bmp,Low-Detail_2_L.bmp,Low-Detail,2,L,bmp,P04.pptx,pptx,medium,1,PPTX,/home/kali/stego_dataset_expanded/stego_core_combined/Low-Detail_2_L__pptx_medium__lsb1.bmp,ZIP,signature_pk_zip,0,PPTX,validated_ooxml_pptx,1,3,512113,little,50 4b 03 04 14 00 06 00,1.255905,
core,Low-Detail_2_L__pptx_medium__lsb2.bmp,/home/kali/Desktop/stego_dataset_expanded/stego_core_combined/Low-Detail_2_L__pptx_medium__lsb2.bmp,Low-Detail_2_L.bmp,Low-Detail,2,L,bmp,P04.pptx,pptx,medium,2,PPTX,/home/kali/stego_dataset_expanded/stego_core_combined/Low-Detail_2_L__pptx_medium__lsb2.bmp,ZIP,signature_pk_zip,0,PPTX,validated_ooxml_pptx,1,3,512113,little,50 4b 03 04 14 00 06 00,1.188828,
core,Low-Detail_2_L__pptx_medium__lsb3.bmp,/home/kali/Desktop/stego_dataset_expanded/stego_core_combined/Low-Detail_2_L__pptx_medium__lsb3.bmp,Low-Detail_2_L.bmp,Low-Detail,2,L,bmp,P04.pptx,pptx,medium,3,PPTX,/home/kali/stego_dataset_expanded/stego_core_combined/Low-Detail_2_L__pptx_medium__lsb3.bmp,ZIP,signature_pk_zip,0,PPTX,validated_ooxml_pptx,1,4,512113,little,50 4b 03 04 14 00 06 00,1.211380,
core,Low-Detail_2_L__pptx_small__lsb1.bmp,/home/kali/Desktop/stego_dataset_expanded/stego_core_combined/Low-Detail_2_L__pptx_small__lsb1.bmp,Low-Detail_2_L.bmp,Low-Detail,2,L,bmp,P04.pptx,pptx,small,1,PPTX,/home/kali/stego_dataset_expanded/stego_core_combined/Low-Detail_2_L__pptx_small__lsb1.bmp,ZIP,signature_pk_zip,0,PPTX,validated_ooxml_pptx,1,3,32020,little,50 4b 03 04 14 00 06 00,1.037689,
core,Low-Detail_2_L__pptx_small__lsb2.bmp,/home/kali/Desktop/stego_dataset_expanded/stego_core_combined/Low-Detail_2_L__pptx_small__lsb2.bmp,Low-Detail_2_L.bmp,Low-Detail,2,L,bmp,P04.pptx,pptx,small,2,PPTX,/home/kali/stego_dataset_expanded/stego_core_combined/Low-Detail_2_L__pptx_small__lsb2.bmp,ZIP,signature_pk_zip,0,PPTX,validated_ooxml_pptx,1,3,32020,little,50 4b 03 04 14 00 06 00,1.100866,
core,Low-Detail_2_L__pptx_small__lsb3.bmp,/home/kali/Desktop/stego_dataset_expanded/stego_core_combined/Low-Detail_2_L__pptx_small__lsb3.bmp,Low-Detail_2_L.bmp,Low-Detail,2,L,bmp,P04.pptx,pptx,small,3,PPTX,/home/kali/stego_dataset_expanded/stego_core_combined/Low-Detail_2_L__pptx_small__lsb3.bmp,ZIP,signature_pk_zip,0,PPTX,validated_ooxml_pptx,1,4,32020,little,50 4b 03 04 14 00 06 00,1.197374,
core,Low-Detail_2_L__rtf_large__lsb2.bmp,/home/kali/Desktop/stego_dataset_expanded/stego_core_combined/Low-Detail_2_L__rtf_large__lsb2.bmp,Low-Detail_2_L.bmp,Low-Detail,2,L,bmp,P05.rtf,rtf,large,2,RTF,/home/kali/stego_dataset_expanded/stego_core_combined/Low-Detail_2_L__rtf_large__lsb2.bmp,RTF,signature_rtf,1,RTF,validated_rtf_structure,1,3,1085026,little,7b 5c 72 74 66 31 5c 61,2.319623,
core,Low-Detail_2_L__rtf_large__lsb3.bmp,/home/kali/Desktop/stego_dataset_expanded/stego_core_combined/Low-Detail_2_L__rtf_large__lsb3.bmp,Low-Detail_2_L.bmp,Low-Detail,2,L,bmp,P05.rtf,rtf,large,3,RTF,/home/kali/stego_dataset_expanded/stego_core_combined/Low-Detail_2_L__rtf_large__lsb3.bmp,RTF,signature_rtf,1,RTF,validated_rtf_structure,1,4,1085026,little,7b 5c 72 74 66 31 5c 61,1.347493,
core,Low-Detail_2_L__rtf_medium__lsb1.bmp,/home/kali/Desktop/stego_dataset_expanded/stego_core_combined/Low-Detail_2_L__rtf_medium__lsb1.bmp,Low-Detail_2_L.bmp,Low-Detail,2,L,bmp,P05.rtf,rtf,medium,1,RTF,/home/kali/stego_dataset_expanded/stego_core_combined/Low-Detail_2_L__rtf_medium__lsb1.bmp,RTF,signature_rtf,1,RTF,validated_rtf_structure,1,3,511504,little,7b 5c 72 74 66 31 5c 61,1.300105,
core,Low-Detail_2_L__rtf_medium__lsb2.bmp,/home/kali/Desktop/stego_dataset_expanded/stego_core_combined/Low-Detail_2_L__rtf_medium__lsb2.bmp,Low-Detail_2_L.bmp,Low-Detail,2,L,bmp,P05.rtf,rtf,medium,2,RTF,/home/kali/stego_dataset_expanded/stego_core_combined/Low-Detail_2_L__rtf_medium__lsb2.bmp,RTF,signature_rtf,1,RTF,validated_rtf_structure,1,3,511504,little,7b 5c 72 74 66 31 5c 61,1.270971,
core,Low-Detail_2_L__rtf_medium__lsb3.bmp,/home/kali/Desktop/stego_dataset_expanded/stego_core_combined/Low-Detail_2_L__rtf_medium__lsb3.bmp,Low-Detail_2_L.bmp,Low-Detail,2,L,bmp,P05.rtf,rtf,medium,3,RTF,/home/kali/stego_dataset_expanded/stego_core_combined/Low-Detail_2_L__rtf_medium__lsb3.bmp,RTF,signature_rtf,1,RTF,validated_rtf_structure,1,4,511504,little,7b 5c 72 74 66 31 5c 61,1.123595,
core,Low-Detail_2_L__rtf_small__lsb1.bmp,/home/kali/Desktop/stego_dataset_expanded/stego_core_combined/Low-Detail_2_L__rtf_small__lsb1.bmp,Low-Detail_2_L.bmp,Low-Detail,2,L,bmp,P05.rtf,rtf,small,1,RTF,/home/kali/stego_dataset_expanded/stego_core_combined/Low-Detail_2_L__rtf_small__lsb1.bmp,RTF,signature_rtf,1,RTF,validated_rtf_structure,1,3,50275,little,7b 5c 72 74 66 31 5c 61,1.510493,
core,Low-Detail_2_L__rtf_small__lsb2.bmp,/home/kali/Desktop/stego_dataset_expanded/stego_core_combined/Low-Detail_2_L__rtf_small__lsb2.bmp,Low-Detail_2_L.bmp,Low-Detail,2,L,bmp,P05.rtf,rtf,small,2,RTF,/home/kali/stego_dataset_expanded/stego_core_combined/Low-Detail_2_L__rtf_small__lsb2.bmp,RTF,signature_rtf,1,RTF,validated_rtf_structure,1,3,50275,little,7b 5c 72 74 66 31 5c 61,1.040165,
core,Low-Detail_2_L__rtf_small__lsb3.bmp,/home/kali/Desktop/stego_dataset_expanded/stego_core_combined/Low-Detail_2_L__rtf_small__lsb3.bmp,Low-Detail_2_L.bmp,Low-Detail,2,L,bmp,P05.rtf,rtf,small,3,RTF,/home/kali/stego_dataset_expanded/stego_core_combined/Low-Detail_2_L__rtf_small__lsb3.bmp,RTF,signature_rtf,1,RTF,validated_rtf_structure,1,4,50275,little,7b 5c 72 74 66 31 5c 61,1.069917,
core,Low-Detail_2_L__xlsx_large__lsb2.bmp,/home/kali/Desktop/stego_dataset_expanded/stego_core_combined/Low-Detail_2_L__xlsx_large__lsb2.bmp,Low-Detail_2_L.bmp,Low-Detail,2,L,bmp,P03.xlsx,xlsx,large,2,XLSX,/home/kali/stego_dataset_expanded/stego_core_combined/Low-Detail_2_L__xlsx_large__lsb2.bmp,ZIP,signature_pk_zip,0,XLSX,validated_ooxml_xlsx,1,3,1090468,little,50 4b 03 04 14 00 06 00,1.326809,
core,Low-Detail_2_L__xlsx_large__lsb3.bmp,/home/kali/Desktop/stego_dataset_expanded/stego_core_combined/Low-Detail_2_L__xlsx_large__lsb3.bmp,Low-Detail_2_L.bmp,Low-Detail,2,L,bmp,P03.xlsx,xlsx,large,3,XLSX,/home/kali/stego_dataset_expanded/stego_core_combined/Low-Detail_2_L__xlsx_large__lsb3.bmp,ZIP,signature_pk_zip,0,XLSX,validated_ooxml_xlsx,1,4,1090468,little,50 4b 03 04 14 00 06 00,1.271008,
core,Low-Detail_2_L__xlsx_medium__lsb1.bmp,/home/kali/Desktop/stego_dataset_expanded/stego_core_combined/Low-Detail_2_L__xlsx_medium__lsb1.bmp,Low-Detail_2_L.bmp,Low-Detail,2,L,bmp,P03.xlsx,xlsx,medium,1,XLSX,/home/kali/stego_dataset_expanded/stego_core_combined/Low-Detail_2_L__xlsx_medium__lsb1.bmp,ZIP,signature_pk_zip,0,XLSX,validated_ooxml_xlsx,1,3,511280,little,50 4b 03 04 14 00 06 00,1.941680,
core,Low-Detail_2_L__xlsx_medium__lsb2.bmp,/home/kali/Desktop/stego_dataset_expanded/stego_core_combined/Low-Detail_2_L__xlsx_medium__lsb2.bmp,Low-Detail_2_L.bmp,Low-Detail,2,L,bmp,P03.xlsx,xlsx,medium,2,XLSX,/home/kali/stego_dataset_expanded/stego_core_combined/Low-Detail_2_L__xlsx_medium__lsb2.bmp,ZIP,signature_pk_zip,0,XLSX,validated_ooxml_xlsx,1,3,511280,little,50 4b 03 04 14 00 06 00,1.212530,
core,Low-Detail_2_L__xlsx_medium__lsb3.bmp,/home/kali/Desktop/stego_dataset_expanded/stego_core_combined/Low-Detail_2_L__xlsx_medium__lsb3.bmp,Low-Detail_2_L.bmp,Low-Detail,2,L,bmp,P03.xlsx,xlsx,medium,3,XLSX,/home/kali/stego_dataset_expanded/stego_core_combined/Low-Detail_2_L__xlsx_medium__lsb3.bmp,ZIP,signature_pk_zip,0,XLSX,validated_ooxml_xlsx,1,4,511280,little,50 4b 03 04 14 00 06 00,1.149451,
core,Low-Detail_2_L__xlsx_small__lsb1.bmp,/home/kali/Desktop/stego_dataset_expanded/stego_core_combined/Low-Detail_2_L__xlsx_small__lsb1.bmp,Low-Detail_2_L.bmp,Low-Detail,2,L,bmp,P03.xlsx,xlsx,small,1,XLSX,/home/kali/stego_dataset_expanded/stego_core_combined/Low-Detail_2_L__xlsx_small__lsb1.bmp,ZIP,signature_pk_zip,0,XLSX,validated_ooxml_xlsx,1,3,8899,little,50 4b 03 04 14 00 06 00,1.117173,
core,Low-Detail_2_L__xlsx_small__lsb2.bmp,/home/kali/Desktop/stego_dataset_expanded/stego_core_combined/Low-Detail_2_L__xlsx_small__lsb2.bmp,Low-Detail_2_L.bmp,Low-Detail,2,L,bmp,P03.xlsx,xlsx,small,2,XLSX,/home/kali/stego_dataset_expanded/stego_core_combined/Low-Detail_2_L__xlsx_small__lsb2.bmp,ZIP,signature_pk_zip,0,XLSX,validated_ooxml_xlsx,1,3,8899,little,50 4b 03 04 14 00 06 00,1.085715,
core,Low-Detail_2_L__xlsx_small__lsb3.bmp,/home/kali/Desktop/stego_dataset_expanded/stego_core_combined/Low-Detail_2_L__xlsx_small__lsb3.bmp,Low-Detail_2_L.bmp,Low-Detail,2,L,bmp,P03.xlsx,xlsx,small,3,XLSX,/home/kali/stego_dataset_expanded/stego_core_combined/Low-Detail_2_L__xlsx_small__lsb3.bmp,ZIP,signature_pk_zip,0,XLSX,validated_ooxml_xlsx,1,4,8899,little,50 4b 03 04 14 00 06 00,1.202670,
core,Mixed-Content_1_S__docx_small__lsb1.bmp,/home/kali/Desktop/stego_dataset_expanded/stego_core_combined/Mixed-Content_1_S__docx_small__lsb1.bmp,Mixed-Content_1_S.bmp,Mixed-Content,1,S,bmp,P01.docx,docx,small,1,DOCX,/home/kali/stego_dataset_expanded/stego_core_combined/Mixed-Content_1_S__docx_small__lsb1.bmp,ZIP,signature_pk_zip,0,DOCX,validated_ooxml_docx,1,3,13432,little,50 4b 03 04 14 00 06 00,0.157115,
core,Mixed-Content_1_S__docx_small__lsb2.bmp,/home/kali/Desktop/stego_dataset_expanded/stego_core_combined/Mixed-Content_1_S__docx_small__lsb2.bmp,Mixed-Content_1_S.bmp,Mixed-Content,1,S,bmp,P01.docx,docx,small,2,DOCX,/home/kali/stego_dataset_expanded/stego_core_combined/Mixed-Content_1_S__docx_small__lsb2.bmp,ZIP,signature_pk_zip,0,DOCX,validated_ooxml_docx,1,3,13432,little,50 4b 03 04 14 00 06 00,0.140238,
core,Mixed-Content_1_S__docx_small__lsb3.bmp,/home/kali/Desktop/stego_dataset_expanded/stego_core_combined/Mixed-Content_1_S__docx_small__lsb3.bmp,Mixed-Content_1_S.bmp,Mixed-Content,1,S,bmp,P01.docx,docx,small,3,DOCX,/home/kali/stego_dataset_expanded/stego_core_combined/Mixed-Content_1_S__docx_small__lsb3.bmp,ZIP,signature_pk_zip,0,DOCX,validated_ooxml_docx,1,3,13432,little,50 4b 03 04 14 00 06 00,0.163412,
core,Mixed-Content_1_S__exe_small__lsb1.bmp,/home/kali/Desktop/stego_dataset_expanded/stego_core_combined/Mixed-Content_1_S__exe_small__lsb1.bmp,Mixed-Content_1_S.bmp,Mixed-Content,1,S,bmp,P06.exe,exe,small,1,EXE,/home/kali/stego_dataset_expanded/stego_core_combined/Mixed-Content_1_S__exe_small__lsb1.bmp,EXE,signature_mz,1,EXE,validated_mz_pe_header,1,3,40448,little,4d 5a 90 00 03 00 00 00,0.144378,
core,Mixed-Content_1_S__exe_small__lsb2.bmp,/home/kali/Desktop/stego_dataset_expanded/stego_core_combined/Mixed-Content_1_S__exe_small__lsb2.bmp,Mixed-Content_1_S.bmp,Mixed-Content,1,S,bmp,P06.exe,exe,small,2,EXE,/home/kali/stego_dataset_expanded/stego_core_combined/Mixed-Content_1_S__exe_small__lsb2.bmp,EXE,signature_mz,1,EXE,validated_mz_pe_header,1,3,40448,little,4d 5a 90 00 03 00 00 00,0.150109,
core,Mixed-Content_1_S__exe_small__lsb3.bmp,/home/kali/Desktop/stego_dataset_expanded/stego_core_combined/Mixed-Content_1_S__exe_small__lsb3.bmp,Mixed-Content_1_S.bmp,Mixed-Content,1,S,bmp,P06.exe,exe,small,3,EXE,/home/kali/stego_dataset_expanded/stego_core_combined/Mixed-Content_1_S__exe_small__lsb3.bmp,EXE,signature_mz,1,EXE,validated_mz_pe_header,1,3,40448,little,4d 5a 90 00 03 00 00 00,0.143831,
core,Mixed-Content_1_S__pdf_small__lsb1.bmp,/home/kali/Desktop/stego_dataset_expanded/stego_core_combined/Mixed-Content_1_S__pdf_small__lsb1.bmp,Mixed-Content_1_S.bmp,Mixed-Content,1,S,bmp,P02.pdf,pdf,small,1,PDF,/home/kali/stego_dataset_expanded/stego_core_combined/Mixed-Content_1_S__pdf_small__lsb1.bmp,PDF,signature_pdf,1,PDF,validated_pdf_startxref_eof,1,3,16620,little,25 50 44 46 2d 31 2e 37,0.145174,
core,Mixed-Content_1_S__pdf_small__lsb2.bmp,/home/kali/Desktop/stego_dataset_expanded/stego_core_combined/Mixed-Content_1_S__pdf_small__lsb2.bmp,Mixed-Content_1_S.bmp,Mixed-Content,1,S,bmp,P02.pdf,pdf,small,2,PDF,/home/kali/stego_dataset_expanded/stego_core_combined/Mixed-Content_1_S__pdf_small__lsb2.bmp,PDF,signature_pdf,1,PDF,validated_pdf_startxref_eof,1,3,16620,little,25 50 44 46 2d 31 2e 37,0.135166,
core,Mixed-Content_1_S__pdf_small__lsb3.bmp,/home/kali/Desktop/stego_dataset_expanded/stego_core_combined/Mixed-Content_1_S__pdf_small__lsb3.bmp,Mixed-Content_1_S.bmp,Mixed-Content,1,S,bmp,P02.pdf,pdf,small,3,PDF,/home/kali/stego_dataset_expanded/stego_core_combined/Mixed-Content_1_S__pdf_small__lsb3.bmp,PDF,signature_pdf,1,PDF,validated_pdf_startxref_eof,1,3,16620,little,25 50 44 46 2d 31 2e 37,0.143504,
core,Mixed-Content_1_S__pptx_small__lsb1.bmp,/home/kali/Desktop/stego_dataset_expanded/stego_core_combined/Mixed-Content_1_S__pptx_small__lsb1.bmp,Mixed-Content_1_S.bmp,Mixed-Content,1,S,bmp,P04.pptx,pptx,small,1,PPTX,/home/kali/stego_dataset_expanded/stego_core_combined/Mixed-Content_1_S__pptx_small__lsb1.bmp,ZIP,signature_pk_zip,0,PPTX,validated_ooxml_pptx,1,3,32020,little,50 4b 03 04 14 00 06 00,0.135853,
core,Mixed-Content_1_S__pptx_small__lsb2.bmp,/home/kali/Desktop/stego_dataset_expanded/stego_core_combined/Mixed-Content_1_S__pptx_small__lsb2.bmp,Mixed-Content_1_S.bmp,Mixed-Content,1,S,bmp,P04.pptx,pptx,small,2,PPTX,/home/kali/stego_dataset_expanded/stego_core_combined/Mixed-Content_1_S__pptx_small__lsb2.bmp,ZIP,signature_pk_zip,0,PPTX,validated_ooxml_pptx,1,3,32020,little,50 4b 03 04 14 00 06 00,0.139165,
core,Mixed-Content_1_S__pptx_small__lsb3.bmp,/home/kali/Desktop/stego_dataset_expanded/stego_core_combined/Mixed-Content_1_S__pptx_small__lsb3.bmp,Mixed-Content_1_S.bmp,Mixed-Content,1,S,bmp,P04.pptx,pptx,small,3,PPTX,/home/kali/stego_dataset_expanded/stego_core_combined/Mixed-Content_1_S__pptx_small__lsb3.bmp,ZIP,signature_pk_zip,0,PPTX,validated_ooxml_pptx,1,3,32020,little,50 4b 03 04 14 00 06 00,0.129879,
core,Mixed-Content_1_S__rtf_small__lsb1.bmp,/home/kali/Desktop/stego_dataset_expanded/stego_core_combined/Mixed-Content_1_S__rtf_small__lsb1.bmp,Mixed-Content_1_S.bmp,Mixed-Content,1,S,bmp,P05.rtf,rtf,small,1,RTF,/home/kali/stego_dataset_expanded/stego_core_combined/Mixed-Content_1_S__rtf_small__lsb1.bmp,RTF,signature_rtf,1,RTF,validated_rtf_structure,1,3,50275,little,7b 5c 72 74 66 31 5c 61,0.149809,
core,Mixed-Content_1_S__rtf_small__lsb2.bmp,/home/kali/Desktop/stego_dataset_expanded/stego_core_combined/Mixed-Content_1_S__rtf_small__lsb2.bmp,Mixed-Content_1_S.bmp,Mixed-Content,1,S,bmp,P05.rtf,rtf,small,2,RTF,/home/kali/stego_dataset_expanded/stego_core_combined/Mixed-Content_1_S__rtf_small__lsb2.bmp,RTF,signature_rtf,1,RTF,validated_rtf_structure,1,3,50275,little,7b 5c 72 74 66 31 5c 61,0.142978,
core,Mixed-Content_1_S__rtf_small__lsb3.bmp,/home/kali/Desktop/stego_dataset_expanded/stego_core_combined/Mixed-Content_1_S__rtf_small__lsb3.bmp,Mixed-Content_1_S.bmp,Mixed-Content,1,S,bmp,P05.rtf,rtf,small,3,RTF,/home/kali/stego_dataset_expanded/stego_core_combined/Mixed-Content_1_S__rtf_small__lsb3.bmp,RTF,signature_rtf,1,RTF,validated_rtf_structure,1,3,50275,little,7b 5c 72 74 66 31 5c 61,0.136833,
core,Mixed-Content_1_S__xlsx_small__lsb1.bmp,/home/kali/Desktop/stego_dataset_expanded/stego_core_combined/Mixed-Content_1_S__xlsx_small__lsb1.bmp,Mixed-Content_1_S.bmp,Mixed-Content,1,S,bmp,P03.xlsx,xlsx,small,1,XLSX,/home/kali/stego_dataset_expanded/stego_core_combined/Mixed-Content_1_S__xlsx_small__lsb1.bmp,ZIP,signature_pk_zip,0,XLSX,validated_ooxml_xlsx,1,3,8899,little,50 4b 03 04 14 00 06 00,0.139263,
core,Mixed-Content_1_S__xlsx_small__lsb2.bmp,/home/kali/Desktop/stego_dataset_expanded/stego_core_combined/Mixed-Content_1_S__xlsx_small__lsb2.bmp,Mixed-Content_1_S.bmp,Mixed-Content,1,S,bmp,P03.xlsx,xlsx,small,2,XLSX,/home/kali/stego_dataset_expanded/stego_core_combined/Mixed-Content_1_S__xlsx_small__lsb2.bmp,ZIP,signature_pk_zip,0,XLSX,validated_ooxml_xlsx,1,3,8899,little,50 4b 03 04 14 00 06 00,0.146515,
core,Mixed-Content_1_S__xlsx_small__lsb3.bmp,/home/kali/Desktop/stego_dataset_expanded/stego_core_combined/Mixed-Content_1_S__xlsx_small__lsb3.bmp,Mixed-Content_1_S.bmp,Mixed-Content,1,S,bmp,P03.xlsx,xlsx,small,3,XLSX,/home/kali/stego_dataset_expanded/stego_core_combined/Mixed-Content_1_S__xlsx_small__lsb3.bmp,ZIP,signature_pk_zip,0,XLSX,validated_ooxml_xlsx,1,3,8899,little,50 4b 03 04 14 00 06 00,0.138681,
core,Mixed-Content_2_L__docx_large__lsb2.bmp,/home/kali/Desktop/stego_dataset_expanded/stego_core_combined/Mixed-Content_2_L__docx_large__lsb2.bmp,Mixed-Content_2_L.bmp,Mixed-Content,2,L,bmp,P01.docx,docx,large,2,DOCX,/home/kali/stego_dataset_expanded/stego_core_combined/Mixed-Content_2_L__docx_large__lsb2.bmp,ZIP,signature_pk_zip,0,DOCX,validated_ooxml_docx,1,3,1121154,little,50 4b 03 04 14 00 06 00,1.313655,
core,Mixed-Content_2_L__docx_large__lsb3.bmp,/home/kali/Desktop/stego_dataset_expanded/stego_core_combined/Mixed-Content_2_L__docx_large__lsb3.bmp,Mixed-Content_2_L.bmp,Mixed-Content,2,L,bmp,P01.docx,docx,large,3,DOCX,/home/kali/stego_dataset_expanded/stego_core_combined/Mixed-Content_2_L__docx_large__lsb3.bmp,ZIP,signature_pk_zip,0,DOCX,validated_ooxml_docx,1,4,1121154,little,50 4b 03 04 14 00 06 00,1.279555,
core,Mixed-Content_2_L__docx_medium__lsb1.bmp,/home/kali/Desktop/stego_dataset_expanded/stego_core_combined/Mixed-Content_2_L__docx_medium__lsb1.bmp,Mixed-Content_2_L.bmp,Mixed-Content,2,L,bmp,P01.docx,docx,medium,1,DOCX,/home/kali/stego_dataset_expanded/stego_core_combined/Mixed-Content_2_L__docx_medium__lsb1.bmp,ZIP,signature_pk_zip,0,DOCX,validated_ooxml_docx,1,3,511127,little,50 4b 03 04 14 00 06 00,1.254911,
core,Mixed-Content_2_L__docx_medium__lsb2.bmp,/home/kali/Desktop/stego_dataset_expanded/stego_core_combined/Mixed-Content_2_L__docx_medium__lsb2.bmp,Mixed-Content_2_L.bmp,Mixed-Content,2,L,bmp,P01.docx,docx,medium,2,DOCX,/home/kali/stego_dataset_expanded/stego_core_combined/Mixed-Content_2_L__docx_medium__lsb2.bmp,ZIP,signature_pk_zip,0,DOCX,validated_ooxml_docx,1,3,511127,little,50 4b 03 04 14 00 06 00,1.145035,
core,Mixed-Content_2_L__docx_medium__lsb3.bmp,/home/kali/Desktop/stego_dataset_expanded/stego_core_combined/Mixed-Content_2_L__docx_medium__lsb3.bmp,Mixed-Content_2_L.bmp,Mixed-Content,2,L,bmp,P01.docx,docx,medium,3,DOCX,/home/kali/stego_dataset_expanded/stego_core_combined/Mixed-Content_2_L__docx_medium__lsb3.bmp,ZIP,signature_pk_zip,0,DOCX,validated_ooxml_docx,1,4,511127,little,50 4b 03 04 14 00 06 00,1.145738,
core,Mixed-Content_2_L__docx_small__lsb1.bmp,/home/kali/Desktop/stego_dataset_expanded/stego_core_combined/Mixed-Content_2_L__docx_small__lsb1.bmp,Mixed-Content_2_L.bmp,Mixed-Content,2,L,bmp,P01.docx,docx,small,1,DOCX,/home/kali/stego_dataset_expanded/stego_core_combined/Mixed-Content_2_L__docx_small__lsb1.bmp,ZIP,signature_pk_zip,0,DOCX,validated_ooxml_docx,1,3,13432,little,50 4b 03 04 14 00 06 00,1.840661,
core,Mixed-Content_2_L__docx_small__lsb2.bmp,/home/kali/Desktop/stego_dataset_expanded/stego_core_combined/Mixed-Content_2_L__docx_small__lsb2.bmp,Mixed-Content_2_L.bmp,Mixed-Content,2,L,bmp,P01.docx,docx,small,2,DOCX,/home/kali/stego_dataset_expanded/stego_core_combined/Mixed-Content_2_L__docx_small__lsb2.bmp,ZIP,signature_pk_zip,0,DOCX,validated_ooxml_docx,1,3,13432,little,50 4b 03 04 14 00 06 00,1.127704,
core,Mixed-Content_2_L__docx_small__lsb3.bmp,/home/kali/Desktop/stego_dataset_expanded/stego_core_combined/Mixed-Content_2_L__docx_small__lsb3.bmp,Mixed-Content_2_L.bmp,Mixed-Content,2,L,bmp,P01.docx,docx,small,3,DOCX,/home/kali/stego_dataset_expanded/stego_core_combined/Mixed-Content_2_L__docx_small__lsb3.bmp,ZIP,signature_pk_zip,0,DOCX,validated_ooxml_docx,1,4,13432,little,50 4b 03 04 14 00 06 00,1.085443,
core,Mixed-Content_2_L__exe_large__lsb2.bmp,/home/kali/Desktop/stego_dataset_expanded/stego_core_combined/Mixed-Content_2_L__exe_large__lsb2.bmp,Mixed-Content_2_L.bmp,Mixed-Content,2,L,bmp,P06.exe,exe,large,2,EXE,/home/kali/stego_dataset_expanded/stego_core_combined/Mixed-Content_2_L__exe_large__lsb2.bmp,EXE,signature_mz,1,EXE,validated_mz_pe_header,1,3,1017856,little,4d 5a 90 00 03 00 00 00,1.300948,
core,Mixed-Content_2_L__exe_large__lsb3.bmp,/home/kali/Desktop/stego_dataset_expanded/stego_core_combined/Mixed-Content_2_L__exe_large__lsb3.bmp,Mixed-Content_2_L.bmp,Mixed-Content,2,L,bmp,P06.exe,exe,large,3,EXE,/home/kali/stego_dataset_expanded/stego_core_combined/Mixed-Content_2_L__exe_large__lsb3.bmp,EXE,signature_mz,1,EXE,validated_mz_pe_header,1,4,1017856,little,4d 5a 90 00 03 00 00 00,1.294189,
core,Mixed-Content_2_L__exe_medium__lsb1.bmp,/home/kali/Desktop/stego_dataset_expanded/stego_core_combined/Mixed-Content_2_L__exe_medium__lsb1.bmp,Mixed-Content_2_L.bmp,Mixed-Content,2,L,bmp,P06.exe,exe,medium,1,EXE,/home/kali/stego_dataset_expanded/stego_core_combined/Mixed-Content_2_L__exe_medium__lsb1.bmp,EXE,signature_mz,1,EXE,validated_mz_pe_header,1,3,505856,little,4d 5a 90 00 03 00 00 00,1.298369,
core,Mixed-Content_2_L__exe_medium__lsb2.bmp,/home/kali/Desktop/stego_dataset_expanded/stego_core_combined/Mixed-Content_2_L__exe_medium__lsb2.bmp,Mixed-Content_2_L.bmp,Mixed-Content,2,L,bmp,P06.exe,exe,medium,2,EXE,/home/kali/stego_dataset_expanded/stego_core_combined/Mixed-Content_2_L__exe_medium__lsb2.bmp,EXE,signature_mz,1,EXE,validated_mz_pe_header,1,3,505856,little,4d 5a 90 00 03 00 00 00,1.195613,
core,Mixed-Content_2_L__exe_medium__lsb3.bmp,/home/kali/Desktop/stego_dataset_expanded/stego_core_combined/Mixed-Content_2_L__exe_medium__lsb3.bmp,Mixed-Content_2_L.bmp,Mixed-Content,2,L,bmp,P06.exe,exe,medium,3,EXE,/home/kali/stego_dataset_expanded/stego_core_combined/Mixed-Content_2_L__exe_medium__lsb3.bmp,EXE,signature_mz,1,EXE,validated_mz_pe_header,1,4,505856,little,4d 5a 90 00 03 00 00 00,1.266692,
core,Mixed-Content_2_L__exe_small__lsb1.bmp,/home/kali/Desktop/stego_dataset_expanded/stego_core_combined/Mixed-Content_2_L__exe_small__lsb1.bmp,Mixed-Content_2_L.bmp,Mixed-Content,2,L,bmp,P06.exe,exe,small,1,EXE,/home/kali/stego_dataset_expanded/stego_core_combined/Mixed-Content_2_L__exe_small__lsb1.bmp,EXE,signature_mz,1,EXE,validated_mz_pe_header,1,3,40448,little,4d 5a 90 00 03 00 00 00,1.308668,
core,Mixed-Content_2_L__exe_small__lsb2.bmp,/home/kali/Desktop/stego_dataset_expanded/stego_core_combined/Mixed-Content_2_L__exe_small__lsb2.bmp,Mixed-Content_2_L.bmp,Mixed-Content,2,L,bmp,P06.exe,exe,small,2,EXE,/home/kali/stego_dataset_expanded/stego_core_combined/Mixed-Content_2_L__exe_small__lsb2.bmp,EXE,signature_mz,1,EXE,validated_mz_pe_header,1,3,40448,little,4d 5a 90 00 03 00 00 00,1.128691,
core,Mixed-Content_2_L__exe_small__lsb3.bmp,/home/kali/Desktop/stego_dataset_expanded/stego_core_combined/Mixed-Content_2_L__exe_small__lsb3.bmp,Mixed-Content_2_L.bmp,Mixed-Content,2,L,bmp,P06.exe,exe,small,3,EXE,/home/kali/stego_dataset_expanded/stego_core_combined/Mixed-Content_2_L__exe_small__lsb3.bmp,EXE,signature_mz,1,EXE,validated_mz_pe_header,1,4,40448,little,4d 5a 90 00 03 00 00 00,1.112843,
core,Mixed-Content_2_L__pdf_large__lsb2.bmp,/home/kali/Desktop/stego_dataset_expanded/stego_core_combined/Mixed-Content_2_L__pdf_large__lsb2.bmp,Mixed-Content_2_L.bmp,Mixed-Content,2,L,bmp,P02.pdf,pdf,large,2,PDF,/home/kali/stego_dataset_expanded/stego_core_combined/Mixed-Content_2_L__pdf_large__lsb2.bmp,PDF,signature_pdf,1,PDF,validated_pdf_startxref_eof,1,3,1100144,little,25 50 44 46 2d 31 2e 33,1.309252,
core,Mixed-Content_2_L__pdf_large__lsb3.bmp,/home/kali/Desktop/stego_dataset_expanded/stego_core_combined/Mixed-Content_2_L__pdf_large__lsb3.bmp,Mixed-Content_2_L.bmp,Mixed-Content,2,L,bmp,P02.pdf,pdf,large,3,PDF,/home/kali/stego_dataset_expanded/stego_core_combined/Mixed-Content_2_L__pdf_large__lsb3.bmp,PDF,signature_pdf,1,PDF,validated_pdf_startxref_eof,1,4,1100144,little,25 50 44 46 2d 31 2e 33,1.294436,
core,Mixed-Content_2_L__pdf_medium__lsb1.bmp,/home/kali/Desktop/stego_dataset_expanded/stego_core_combined/Mixed-Content_2_L__pdf_medium__lsb1.bmp,Mixed-Content_2_L.bmp,Mixed-Content,2,L,bmp,P02.pdf,pdf,medium,1,PDF,/home/kali/stego_dataset_expanded/stego_core_combined/Mixed-Content_2_L__pdf_medium__lsb1.bmp,PDF,signature_pdf,1,PDF,validated_pdf_startxref_eof,1,3,510410,little,25 50 44 46 2d 31 2e 37,1.320735,
core,Mixed-Content_2_L__pdf_medium__lsb2.bmp,/home/kali/Desktop/stego_dataset_expanded/stego_core_combined/Mixed-Content_2_L__pdf_medium__lsb2.bmp,Mixed-Content_2_L.bmp,Mixed-Content,2,L,bmp,P02.pdf,pdf,medium,2,PDF,/home/kali/stego_dataset_expanded/stego_core_combined/Mixed-Content_2_L__pdf_medium__lsb2.bmp,PDF,signature_pdf,1,PDF,validated_pdf_startxref_eof,1,3,510410,little,25 50 44 46 2d 31 2e 37,1.189251,
core,Mixed-Content_2_L__pdf_medium__lsb3.bmp,/home/kali/Desktop/stego_dataset_expanded/stego_core_combined/Mixed-Content_2_L__pdf_medium__lsb3.bmp,Mixed-Content_2_L.bmp,Mixed-Content,2,L,bmp,P02.pdf,pdf,medium,3,PDF,/home/kali/stego_dataset_expanded/stego_core_combined/Mixed-Content_2_L__pdf_medium__lsb3.bmp,PDF,signature_pdf,1,PDF,validated_pdf_startxref_eof,1,4,510410,little,25 50 44 46 2d 31 2e 37,1.201868,
core,Mixed-Content_2_L__pdf_small__lsb1.bmp,/home/kali/Desktop/stego_dataset_expanded/stego_core_combined/Mixed-Content_2_L__pdf_small__lsb1.bmp,Mixed-Content_2_L.bmp,Mixed-Content,2,L,bmp,P02.pdf,pdf,small,1,PDF,/home/kali/stego_dataset_expanded/stego_core_combined/Mixed-Content_2_L__pdf_small__lsb1.bmp,PDF,signature_pdf,1,PDF,validated_pdf_startxref_eof,1,3,16620,little,25 50 44 46 2d 31 2e 37,1.168276,
core,Mixed-Content_2_L__pdf_small__lsb2.bmp,/home/kali/Desktop/stego_dataset_expanded/stego_core_combined/Mixed-Content_2_L__pdf_small__lsb2.bmp,Mixed-Content_2_L.bmp,Mixed-Content,2,L,bmp,P02.pdf,pdf,small,2,PDF,/home/kali/stego_dataset_expanded/stego_core_combined/Mixed-Content_2_L__pdf_small__lsb2.bmp,PDF,signature_pdf,1,PDF,validated_pdf_startxref_eof,1,3,16620,little,25 50 44 46 2d 31 2e 37,1.160178,
core,Mixed-Content_2_L__pdf_small__lsb3.bmp,/home/kali/Desktop/stego_dataset_expanded/stego_core_combined/Mixed-Content_2_L__pdf_small__lsb3.bmp,Mixed-Content_2_L.bmp,Mixed-Content,2,L,bmp,P02.pdf,pdf,small,3,PDF,/home/kali/stego_dataset_expanded/stego_core_combined/Mixed-Content_2_L__pdf_small__lsb3.bmp,PDF,signature_pdf,1,PDF,validated_pdf_startxref_eof,1,4,16620,little,25 50 44 46 2d 31 2e 37,1.113171,
core,Mixed-Content_2_L__pptx_large__lsb2.bmp,/home/kali/Desktop/stego_dataset_expanded/stego_core_combined/Mixed-Content_2_L__pptx_large__lsb2.bmp,Mixed-Content_2_L.bmp,Mixed-Content,2,L,bmp,P04.pptx,pptx,large,2,PPTX,/home/kali/stego_dataset_expanded/stego_core_combined/Mixed-Content_2_L__pptx_large__lsb2.bmp,ZIP,signature_pk_zip,0,PPTX,validated_ooxml_pptx,1,3,1082610,little,50 4b 03 04 14 00 06 00,1.393003,
core,Mixed-Content_2_L__pptx_large__lsb3.bmp,/home/kali/Desktop/stego_dataset_expanded/stego_core_combined/Mixed-Content_2_L__pptx_large__lsb3.bmp,Mixed-Content_2_L.bmp,Mixed-Content,2,L,bmp,P04.pptx,pptx,large,3,PPTX,/home/kali/stego_dataset_expanded/stego_core_combined/Mixed-Content_2_L__pptx_large__lsb3.bmp,ZIP,signature_pk_zip,0,PPTX,validated_ooxml_pptx,1,4,1082610,little,50 4b 03 04 14 00 06 00,1.330818,
core,Mixed-Content_2_L__pptx_medium__lsb1.bmp,/home/kali/Desktop/stego_dataset_expanded/stego_core_combined/Mixed-Content_2_L__pptx_medium__lsb1.bmp,Mixed-Content_2_L.bmp,Mixed-Content,2,L,bmp,P04.pptx,pptx,medium,1,PPTX,/home/kali/stego_dataset_expanded/stego_core_combined/Mixed-Content_2_L__pptx_medium__lsb1.bmp,ZIP,signature_pk_zip,0,PPTX,validated_ooxml_pptx,1,3,512113,little,50 4b 03 04 14 00 06 00,1.339411,
core,Mixed-Content_2_L__pptx_medium__lsb2.bmp,/home/kali/Desktop/stego_dataset_expanded/stego_core_combined/Mixed-Content_2_L__pptx_medium__lsb2.bmp,Mixed-Content_2_L.bmp,Mixed-Content,2,L,bmp,P04.pptx,pptx,medium,2,PPTX,/home/kali/stego_dataset_expanded/stego_core_combined/Mixed-Content_2_L__pptx_medium__lsb2.bmp,ZIP,signature_pk_zip,0,PPTX,validated_ooxml_pptx,1,3,512113,little,50 4b 03 04 14 00 06 00,1.255539,
core,Mixed-Content_2_L__pptx_medium__lsb3.bmp,/home/kali/Desktop/stego_dataset_expanded/stego_core_combined/Mixed-Content_2_L__pptx_medium__lsb3.bmp,Mixed-Content_2_L.bmp,Mixed-Content,2,L,bmp,P04.pptx,pptx,medium,3,PPTX,/home/kali/stego_dataset_expanded/stego_core_combined/Mixed-Content_2_L__pptx_medium__lsb3.bmp,ZIP,signature_pk_zip,0,PPTX,validated_ooxml_pptx,1,4,512113,little,50 4b 03 04 14 00 06 00,1.163863,
core,Mixed-Content_2_L__pptx_small__lsb1.bmp,/home/kali/Desktop/stego_dataset_expanded/stego_core_combined/Mixed-Content_2_L__pptx_small__lsb1.bmp,Mixed-Content_2_L.bmp,Mixed-Content,2,L,bmp,P04.pptx,pptx,small,1,PPTX,/home/kali/stego_dataset_expanded/stego_core_combined/Mixed-Content_2_L__pptx_small__lsb1.bmp,ZIP,signature_pk_zip,0,PPTX,validated_ooxml_pptx,1,3,32020,little,50 4b 03 04 14 00 06 00,1.181654,
core,Mixed-Content_2_L__pptx_small__lsb2.bmp,/home/kali/Desktop/stego_dataset_expanded/stego_core_combined/Mixed-Content_2_L__pptx_small__lsb2.bmp,Mixed-Content_2_L.bmp,Mixed-Content,2,L,bmp,P04.pptx,pptx,small,2,PPTX,/home/kali/stego_dataset_expanded/stego_core_combined/Mixed-Content_2_L__pptx_small__lsb2.bmp,ZIP,signature_pk_zip,0,PPTX,validated_ooxml_pptx,1,3,32020,little,50 4b 03 04 14 00 06 00,1.206401,
core,Mixed-Content_2_L__pptx_small__lsb3.bmp,/home/kali/Desktop/stego_dataset_expanded/stego_core_combined/Mixed-Content_2_L__pptx_small__lsb3.bmp,Mixed-Content_2_L.bmp,Mixed-Content,2,L,bmp,P04.pptx,pptx,small,3,PPTX,/home/kali/stego_dataset_expanded/stego_core_combined/Mixed-Content_2_L__pptx_small__lsb3.bmp,ZIP,signature_pk_zip,0,PPTX,validated_ooxml_pptx,1,4,32020,little,50 4b 03 04 14 00 06 00,1.166707,
core,Mixed-Content_2_L__rtf_large__lsb2.bmp,/home/kali/Desktop/stego_dataset_expanded/stego_core_combined/Mixed-Content_2_L__rtf_large__lsb2.bmp,Mixed-Content_2_L.bmp,Mixed-Content,2,L,bmp,P05.rtf,rtf,large,2,RTF,/home/kali/stego_dataset_expanded/stego_core_combined/Mixed-Content_2_L__rtf_large__lsb2.bmp,RTF,signature_rtf,1,RTF,validated_rtf_structure,1,3,1085026,little,7b 5c 72 74 66 31 5c 61,1.407293,
core,Mixed-Content_2_L__rtf_large__lsb3.bmp,/home/kali/Desktop/stego_dataset_expanded/stego_core_combined/Mixed-Content_2_L__rtf_large__lsb3.bmp,Mixed-Content_2_L.bmp,Mixed-Content,2,L,bmp,P05.rtf,rtf,large,3,RTF,/home/kali/stego_dataset_expanded/stego_core_combined/Mixed-Content_2_L__rtf_large__lsb3.bmp,RTF,signature_rtf,1,RTF,validated_rtf_structure,1,4,1085026,little,7b 5c 72 74 66 31 5c 61,1.348192,
core,Mixed-Content_2_L__rtf_medium__lsb1.bmp,/home/kali/Desktop/stego_dataset_expanded/stego_core_combined/Mixed-Content_2_L__rtf_medium__lsb1.bmp,Mixed-Content_2_L.bmp,Mixed-Content,2,L,bmp,P05.rtf,rtf,medium,1,RTF,/home/kali/stego_dataset_expanded/stego_core_combined/Mixed-Content_2_L__rtf_medium__lsb1.bmp,RTF,signature_rtf,1,RTF,validated_rtf_structure,1,3,511504,little,7b 5c 72 74 66 31 5c 61,1.352179,
core,Mixed-Content_2_L__rtf_medium__lsb2.bmp,/home/kali/Desktop/stego_dataset_expanded/stego_core_combined/Mixed-Content_2_L__rtf_medium__lsb2.bmp,Mixed-Content_2_L.bmp,Mixed-Content,2,L,bmp,P05.rtf,rtf,medium,2,RTF,/home/kali/stego_dataset_expanded/stego_core_combined/Mixed-Content_2_L__rtf_medium__lsb2.bmp,RTF,signature_rtf,1,RTF,validated_rtf_structure,1,3,511504,little,7b 5c 72 74 66 31 5c 61,1.255625,
core,Mixed-Content_2_L__rtf_medium__lsb3.bmp,/home/kali/Desktop/stego_dataset_expanded/stego_core_combined/Mixed-Content_2_L__rtf_medium__lsb3.bmp,Mixed-Content_2_L.bmp,Mixed-Content,2,L,bmp,P05.rtf,rtf,medium,3,RTF,/home/kali/stego_dataset_expanded/stego_core_combined/Mixed-Content_2_L__rtf_medium__lsb3.bmp,RTF,signature_rtf,1,RTF,validated_rtf_structure,1,4,511504,little,7b 5c 72 74 66 31 5c 61,1.259127,
core,Mixed-Content_2_L__rtf_small__lsb1.bmp,/home/kali/Desktop/stego_dataset_expanded/stego_core_combined/Mixed-Content_2_L__rtf_small__lsb1.bmp,Mixed-Content_2_L.bmp,Mixed-Content,2,L,bmp,P05.rtf,rtf,small,1,RTF,/home/kali/stego_dataset_expanded/stego_core_combined/Mixed-Content_2_L__rtf_small__lsb1.bmp,RTF,signature_rtf,1,RTF,validated_rtf_structure,1,3,50275,little,7b 5c 72 74 66 31 5c 61,1.974577,
core,Mixed-Content_2_L__rtf_small__lsb2.bmp,/home/kali/Desktop/stego_dataset_expanded/stego_core_combined/Mixed-Content_2_L__rtf_small__lsb2.bmp,Mixed-Content_2_L.bmp,Mixed-Content,2,L,bmp,P05.rtf,rtf,small,2,RTF,/home/kali/stego_dataset_expanded/stego_core_combined/Mixed-Content_2_L__rtf_small__lsb2.bmp,RTF,signature_rtf,1,RTF,validated_rtf_structure,1,3,50275,little,7b 5c 72 74 66 31 5c 61,1.144364,
core,Mixed-Content_2_L__rtf_small__lsb3.bmp,/home/kali/Desktop/stego_dataset_expanded/stego_core_combined/Mixed-Content_2_L__rtf_small__lsb3.bmp,Mixed-Content_2_L.bmp,Mixed-Content,2,L,bmp,P05.rtf,rtf,small,3,RTF,/home/kali/stego_dataset_expanded/stego_core_combined/Mixed-Content_2_L__rtf_small__lsb3.bmp,RTF,signature_rtf,1,RTF,validated_rtf_structure,1,4,50275,little,7b 5c 72 74 66 31 5c 61,1.028266,
core,Mixed-Content_2_L__xlsx_large__lsb2.bmp,/home/kali/Desktop/stego_dataset_expanded/stego_core_combined/Mixed-Content_2_L__xlsx_large__lsb2.bmp,Mixed-Content_2_L.bmp,Mixed-Content,2,L,bmp,P03.xlsx,xlsx,large,2,XLSX,/home/kali/stego_dataset_expanded/stego_core_combined/Mixed-Content_2_L__xlsx_large__lsb2.bmp,ZIP,signature_pk_zip,0,XLSX,validated_ooxml_xlsx,1,3,1090468,little,50 4b 03 04 14 00 06 00,1.282477,
core,Mixed-Content_2_L__xlsx_large__lsb3.bmp,/home/kali/Desktop/stego_dataset_expanded/stego_core_combined/Mixed-Content_2_L__xlsx_large__lsb3.bmp,Mixed-Content_2_L.bmp,Mixed-Content,2,L,bmp,P03.xlsx,xlsx,large,3,XLSX,/home/kali/stego_dataset_expanded/stego_core_combined/Mixed-Content_2_L__xlsx_large__lsb3.bmp,ZIP,signature_pk_zip,0,XLSX,validated_ooxml_xlsx,1,4,1090468,little,50 4b 03 04 14 00 06 00,1.227597,
core,Mixed-Content_2_L__xlsx_medium__lsb1.bmp,/home/kali/Desktop/stego_dataset_expanded/stego_core_combined/Mixed-Content_2_L__xlsx_medium__lsb1.bmp,Mixed-Content_2_L.bmp,Mixed-Content,2,L,bmp,P03.xlsx,xlsx,medium,1,XLSX,/home/kali/stego_dataset_expanded/stego_core_combined/Mixed-Content_2_L__xlsx_medium__lsb1.bmp,ZIP,signature_pk_zip,0,XLSX,validated_ooxml_xlsx,1,3,511280,little,50 4b 03 04 14 00 06 00,1.235558,
core,Mixed-Content_2_L__xlsx_medium__lsb2.bmp,/home/kali/Desktop/stego_dataset_expanded/stego_core_combined/Mixed-Content_2_L__xlsx_medium__lsb2.bmp,Mixed-Content_2_L.bmp,Mixed-Content,2,L,bmp,P03.xlsx,xlsx,medium,2,XLSX,/home/kali/stego_dataset_expanded/stego_core_combined/Mixed-Content_2_L__xlsx_medium__lsb2.bmp,ZIP,signature_pk_zip,0,XLSX,validated_ooxml_xlsx,1,3,511280,little,50 4b 03 04 14 00 06 00,1.196703,
core,Mixed-Content_2_L__xlsx_medium__lsb3.bmp,/home/kali/Desktop/stego_dataset_expanded/stego_core_combined/Mixed-Content_2_L__xlsx_medium__lsb3.bmp,Mixed-Content_2_L.bmp,Mixed-Content,2,L,bmp,P03.xlsx,xlsx,medium,3,XLSX,/home/kali/stego_dataset_expanded/stego_core_combined/Mixed-Content_2_L__xlsx_medium__lsb3.bmp,ZIP,signature_pk_zip,0,XLSX,validated_ooxml_xlsx,1,4,511280,little,50 4b 03 04 14 00 06 00,1.174097,
core,Mixed-Content_2_L__xlsx_small__lsb1.bmp,/home/kali/Desktop/stego_dataset_expanded/stego_core_combined/Mixed-Content_2_L__xlsx_small__lsb1.bmp,Mixed-Content_2_L.bmp,Mixed-Content,2,L,bmp,P03.xlsx,xlsx,small,1,XLSX,/home/kali/stego_dataset_expanded/stego_core_combined/Mixed-Content_2_L__xlsx_small__lsb1.bmp,ZIP,signature_pk_zip,0,XLSX,validated_ooxml_xlsx,1,3,8899,little,50 4b 03 04 14 00 06 00,1.072448,
core,Mixed-Content_2_L__xlsx_small__lsb2.bmp,/home/kali/Desktop/stego_dataset_expanded/stego_core_combined/Mixed-Content_2_L__xlsx_small__lsb2.bmp,Mixed-Content_2_L.bmp,Mixed-Content,2,L,bmp,P03.xlsx,xlsx,small,2,XLSX,/home/kali/stego_dataset_expanded/stego_core_combined/Mixed-Content_2_L__xlsx_small__lsb2.bmp,ZIP,signature_pk_zip,0,XLSX,validated_ooxml_xlsx,1,3,8899,little,50 4b 03 04 14 00 06 00,1.110883,
core,Mixed-Content_2_L__xlsx_small__lsb3.bmp,/home/kali/Desktop/stego_dataset_expanded/stego_core_combined/Mixed-Content_2_L__xlsx_small__lsb3.bmp,Mixed-Content_2_L.bmp,Mixed-Content,2,L,bmp,P03.xlsx,xlsx,small,3,XLSX,/home/kali/stego_dataset_expanded/stego_core_combined/Mixed-Content_2_L__xlsx_small__lsb3.bmp,ZIP,signature_pk_zip,0,XLSX,validated_ooxml_xlsx,1,4,8899,little,50 4b 03 04 14 00 06 00,1.089008,
core,Noisy_1_S__docx_small__lsb1.bmp,/home/kali/Desktop/stego_dataset_expanded/stego_core_combined/Noisy_1_S__docx_small__lsb1.bmp,Noisy_1_S.bmp,Noisy,1,S,bmp,P01.docx,docx,small,1,DOCX,/home/kali/stego_dataset_expanded/stego_core_combined/Noisy_1_S__docx_small__lsb1.bmp,ZIP,signature_pk_zip,0,DOCX,validated_ooxml_docx,1,3,13432,little,50 4b 03 04 14 00 06 00,0.134546,
core,Noisy_1_S__docx_small__lsb2.bmp,/home/kali/Desktop/stego_dataset_expanded/stego_core_combined/Noisy_1_S__docx_small__lsb2.bmp,Noisy_1_S.bmp,Noisy,1,S,bmp,P01.docx,docx,small,2,DOCX,/home/kali/stego_dataset_expanded/stego_core_combined/Noisy_1_S__docx_small__lsb2.bmp,ZIP,signature_pk_zip,0,DOCX,validated_ooxml_docx,1,3,13432,little,50 4b 03 04 14 00 06 00,0.132680,
core,Noisy_1_S__docx_small__lsb3.bmp,/home/kali/Desktop/stego_dataset_expanded/stego_core_combined/Noisy_1_S__docx_small__lsb3.bmp,Noisy_1_S.bmp,Noisy,1,S,bmp,P01.docx,docx,small,3,DOCX,/home/kali/stego_dataset_expanded/stego_core_combined/Noisy_1_S__docx_small__lsb3.bmp,ZIP,signature_pk_zip,0,DOCX,validated_ooxml_docx,1,3,13432,little,50 4b 03 04 14 00 06 00,0.124609,
core,Noisy_1_S__exe_small__lsb1.bmp,/home/kali/Desktop/stego_dataset_expanded/stego_core_combined/Noisy_1_S__exe_small__lsb1.bmp,Noisy_1_S.bmp,Noisy,1,S,bmp,P06.exe,exe,small,1,EXE,/home/kali/stego_dataset_expanded/stego_core_combined/Noisy_1_S__exe_small__lsb1.bmp,EXE,signature_mz,1,EXE,validated_mz_pe_header,1,3,40448,little,4d 5a 90 00 03 00 00 00,0.136713,
core,Noisy_1_S__exe_small__lsb2.bmp,/home/kali/Desktop/stego_dataset_expanded/stego_core_combined/Noisy_1_S__exe_small__lsb2.bmp,Noisy_1_S.bmp,Noisy,1,S,bmp,P06.exe,exe,small,2,EXE,/home/kali/stego_dataset_expanded/stego_core_combined/Noisy_1_S__exe_small__lsb2.bmp,EXE,signature_mz,1,EXE,validated_mz_pe_header,1,3,40448,little,4d 5a 90 00 03 00 00 00,0.145861,
core,Noisy_1_S__exe_small__lsb3.bmp,/home/kali/Desktop/stego_dataset_expanded/stego_core_combined/Noisy_1_S__exe_small__lsb3.bmp,Noisy_1_S.bmp,Noisy,1,S,bmp,P06.exe,exe,small,3,EXE,/home/kali/stego_dataset_expanded/stego_core_combined/Noisy_1_S__exe_small__lsb3.bmp,EXE,signature_mz,1,EXE,validated_mz_pe_header,1,3,40448,little,4d 5a 90 00 03 00 00 00,0.137687,
core,Noisy_1_S__pdf_small__lsb1.bmp,/home/kali/Desktop/stego_dataset_expanded/stego_core_combined/Noisy_1_S__pdf_small__lsb1.bmp,Noisy_1_S.bmp,Noisy,1,S,bmp,P02.pdf,pdf,small,1,PDF,/home/kali/stego_dataset_expanded/stego_core_combined/Noisy_1_S__pdf_small__lsb1.bmp,PDF,signature_pdf,1,PDF,validated_pdf_startxref_eof,1,3,16620,little,25 50 44 46 2d 31 2e 37,0.128936,
core,Noisy_1_S__pdf_small__lsb2.bmp,/home/kali/Desktop/stego_dataset_expanded/stego_core_combined/Noisy_1_S__pdf_small__lsb2.bmp,Noisy_1_S.bmp,Noisy,1,S,bmp,P02.pdf,pdf,small,2,PDF,/home/kali/stego_dataset_expanded/stego_core_combined/Noisy_1_S__pdf_small__lsb2.bmp,PDF,signature_pdf,1,PDF,validated_pdf_startxref_eof,1,3,16620,little,25 50 44 46 2d 31 2e 37,0.140097,
core,Noisy_1_S__pdf_small__lsb3.bmp,/home/kali/Desktop/stego_dataset_expanded/stego_core_combined/Noisy_1_S__pdf_small__lsb3.bmp,Noisy_1_S.bmp,Noisy,1,S,bmp,P02.pdf,pdf,small,3,PDF,/home/kali/stego_dataset_expanded/stego_core_combined/Noisy_1_S__pdf_small__lsb3.bmp,PDF,signature_pdf,1,PDF,validated_pdf_startxref_eof,1,3,16620,little,25 50 44 46 2d 31 2e 37,0.133277,
core,Noisy_1_S__pptx_small__lsb1.bmp,/home/kali/Desktop/stego_dataset_expanded/stego_core_combined/Noisy_1_S__pptx_small__lsb1.bmp,Noisy_1_S.bmp,Noisy,1,S,bmp,P04.pptx,pptx,small,1,PPTX,/home/kali/stego_dataset_expanded/stego_core_combined/Noisy_1_S__pptx_small__lsb1.bmp,ZIP,signature_pk_zip,0,PPTX,validated_ooxml_pptx,1,3,32020,little,50 4b 03 04 14 00 06 00,0.136682,
core,Noisy_1_S__pptx_small__lsb2.bmp,/home/kali/Desktop/stego_dataset_expanded/stego_core_combined/Noisy_1_S__pptx_small__lsb2.bmp,Noisy_1_S.bmp,Noisy,1,S,bmp,P04.pptx,pptx,small,2,PPTX,/home/kali/stego_dataset_expanded/stego_core_combined/Noisy_1_S__pptx_small__lsb2.bmp,ZIP,signature_pk_zip,0,PPTX,validated_ooxml_pptx,1,3,32020,little,50 4b 03 04 14 00 06 00,0.136929,
core,Noisy_1_S__pptx_small__lsb3.bmp,/home/kali/Desktop/stego_dataset_expanded/stego_core_combined/Noisy_1_S__pptx_small__lsb3.bmp,Noisy_1_S.bmp,Noisy,1,S,bmp,P04.pptx,pptx,small,3,PPTX,/home/kali/stego_dataset_expanded/stego_core_combined/Noisy_1_S__pptx_small__lsb3.bmp,ZIP,signature_pk_zip,0,PPTX,validated_ooxml_pptx,1,3,32020,little,50 4b 03 04 14 00 06 00,0.129248,
core,Noisy_1_S__rtf_small__lsb1.bmp,/home/kali/Desktop/stego_dataset_expanded/stego_core_combined/Noisy_1_S__rtf_small__lsb1.bmp,Noisy_1_S.bmp,Noisy,1,S,bmp,P05.rtf,rtf,small,1,RTF,/home/kali/stego_dataset_expanded/stego_core_combined/Noisy_1_S__rtf_small__lsb1.bmp,RTF,signature_rtf,1,RTF,validated_rtf_structure,1,3,50275,little,7b 5c 72 74 66 31 5c 61,0.139073,
core,Noisy_1_S__rtf_small__lsb2.bmp,/home/kali/Desktop/stego_dataset_expanded/stego_core_combined/Noisy_1_S__rtf_small__lsb2.bmp,Noisy_1_S.bmp,Noisy,1,S,bmp,P05.rtf,rtf,small,2,RTF,/home/kali/stego_dataset_expanded/stego_core_combined/Noisy_1_S__rtf_small__lsb2.bmp,RTF,signature_rtf,1,RTF,validated_rtf_structure,1,3,50275,little,7b 5c 72 74 66 31 5c 61,0.143830,
core,Noisy_1_S__rtf_small__lsb3.bmp,/home/kali/Desktop/stego_dataset_expanded/stego_core_combined/Noisy_1_S__rtf_small__lsb3.bmp,Noisy_1_S.bmp,Noisy,1,S,bmp,P05.rtf,rtf,small,3,RTF,/home/kali/stego_dataset_expanded/stego_core_combined/Noisy_1_S__rtf_small__lsb3.bmp,RTF,signature_rtf,1,RTF,validated_rtf_structure,1,3,50275,little,7b 5c 72 74 66 31 5c 61,0.133989,
core,Noisy_1_S__xlsx_small__lsb1.bmp,/home/kali/Desktop/stego_dataset_expanded/stego_core_combined/Noisy_1_S__xlsx_small__lsb1.bmp,Noisy_1_S.bmp,Noisy,1,S,bmp,P03.xlsx,xlsx,small,1,XLSX,/home/kali/stego_dataset_expanded/stego_core_combined/Noisy_1_S__xlsx_small__lsb1.bmp,ZIP,signature_pk_zip,0,XLSX,validated_ooxml_xlsx,1,3,8899,little,50 4b 03 04 14 00 06 00,0.134817,
core,Noisy_1_S__xlsx_small__lsb2.bmp,/home/kali/Desktop/stego_dataset_expanded/stego_core_combined/Noisy_1_S__xlsx_small__lsb2.bmp,Noisy_1_S.bmp,Noisy,1,S,bmp,P03.xlsx,xlsx,small,2,XLSX,/home/kali/stego_dataset_expanded/stego_core_combined/Noisy_1_S__xlsx_small__lsb2.bmp,ZIP,signature_pk_zip,0,XLSX,validated_ooxml_xlsx,1,3,8899,little,50 4b 03 04 14 00 06 00,0.140574,
core,Noisy_1_S__xlsx_small__lsb3.bmp,/home/kali/Desktop/stego_dataset_expanded/stego_core_combined/Noisy_1_S__xlsx_small__lsb3.bmp,Noisy_1_S.bmp,Noisy,1,S,bmp,P03.xlsx,xlsx,small,3,XLSX,/home/kali/stego_dataset_expanded/stego_core_combined/Noisy_1_S__xlsx_small__lsb3.bmp,ZIP,signature_pk_zip,0,XLSX,validated_ooxml_xlsx,1,3,8899,little,50 4b 03 04 14 00 06 00,0.137015,
core,Noisy_2_M__docx_large__lsb3.png,/home/kali/Desktop/stego_dataset_expanded/stego_core_combined/Noisy_2_M__docx_large__lsb3.png,Noisy_2_M.png,Noisy,2,M,png,P01.docx,docx,large,3,DOCX,/home/kali/stego_dataset_expanded/stego_core_combined/Noisy_2_M__docx_large__lsb3.png,ZIP,signature_pk_zip,0,DOCX,validated_ooxml_docx,1,3,1121154,little,50 4b 03 04 14 00 06 00,0.714893,
core,Noisy_2_M__docx_medium__lsb2.png,/home/kali/Desktop/stego_dataset_expanded/stego_core_combined/Noisy_2_M__docx_medium__lsb2.png,Noisy_2_M.png,Noisy,2,M,png,P01.docx,docx,medium,2,DOCX,/home/kali/stego_dataset_expanded/stego_core_combined/Noisy_2_M__docx_medium__lsb2.png,ZIP,signature_pk_zip,0,DOCX,validated_ooxml_docx,1,3,511127,little,50 4b 03 04 14 00 06 00,0.681804,
core,Noisy_2_M__docx_medium__lsb3.png,/home/kali/Desktop/stego_dataset_expanded/stego_core_combined/Noisy_2_M__docx_medium__lsb3.png,Noisy_2_M.png,Noisy,2,M,png,P01.docx,docx,medium,3,DOCX,/home/kali/stego_dataset_expanded/stego_core_combined/Noisy_2_M__docx_medium__lsb3.png,ZIP,signature_pk_zip,0,DOCX,validated_ooxml_docx,1,3,511127,little,50 4b 03 04 14 00 06 00,0.615059,
core,Noisy_2_M__docx_small__lsb1.png,/home/kali/Desktop/stego_dataset_expanded/stego_core_combined/Noisy_2_M__docx_small__lsb1.png,Noisy_2_M.png,Noisy,2,M,png,P01.docx,docx,small,1,DOCX,/home/kali/stego_dataset_expanded/stego_core_combined/Noisy_2_M__docx_small__lsb1.png,ZIP,signature_pk_zip,0,DOCX,validated_ooxml_docx,1,3,13432,little,50 4b 03 04 14 00 06 00,0.558963,
core,Noisy_2_M__docx_small__lsb2.png,/home/kali/Desktop/stego_dataset_expanded/stego_core_combined/Noisy_2_M__docx_small__lsb2.png,Noisy_2_M.png,Noisy,2,M,png,P01.docx,docx,small,2,DOCX,/home/kali/stego_dataset_expanded/stego_core_combined/Noisy_2_M__docx_small__lsb2.png,ZIP,signature_pk_zip,0,DOCX,validated_ooxml_docx,1,3,13432,little,50 4b 03 04 14 00 06 00,0.570320,
core,Noisy_2_M__docx_small__lsb3.png,/home/kali/Desktop/stego_dataset_expanded/stego_core_combined/Noisy_2_M__docx_small__lsb3.png,Noisy_2_M.png,Noisy,2,M,png,P01.docx,docx,small,3,DOCX,/home/kali/stego_dataset_expanded/stego_core_combined/Noisy_2_M__docx_small__lsb3.png,ZIP,signature_pk_zip,0,DOCX,validated_ooxml_docx,1,3,13432,little,50 4b 03 04 14 00 06 00,0.553453,
core,Noisy_2_M__exe_large__lsb3.png,/home/kali/Desktop/stego_dataset_expanded/stego_core_combined/Noisy_2_M__exe_large__lsb3.png,Noisy_2_M.png,Noisy,2,M,png,P06.exe,exe,large,3,EXE,/home/kali/stego_dataset_expanded/stego_core_combined/Noisy_2_M__exe_large__lsb3.png,EXE,signature_mz,1,EXE,validated_mz_pe_header,1,3,1017856,little,4d 5a 90 00 03 00 00 00,0.699295,
core,Noisy_2_M__exe_medium__lsb2.png,/home/kali/Desktop/stego_dataset_expanded/stego_core_combined/Noisy_2_M__exe_medium__lsb2.png,Noisy_2_M.png,Noisy,2,M,png,P06.exe,exe,medium,2,EXE,/home/kali/stego_dataset_expanded/stego_core_combined/Noisy_2_M__exe_medium__lsb2.png,EXE,signature_mz,1,EXE,validated_mz_pe_header,1,3,505856,little,4d 5a 90 00 03 00 00 00,0.679424,
core,Noisy_2_M__exe_medium__lsb3.png,/home/kali/Desktop/stego_dataset_expanded/stego_core_combined/Noisy_2_M__exe_medium__lsb3.png,Noisy_2_M.png,Noisy,2,M,png,P06.exe,exe,medium,3,EXE,/home/kali/stego_dataset_expanded/stego_core_combined/Noisy_2_M__exe_medium__lsb3.png,EXE,signature_mz,1,EXE,validated_mz_pe_header,1,3,505856,little,4d 5a 90 00 03 00 00 00,0.641656,
core,Noisy_2_M__exe_small__lsb1.png,/home/kali/Desktop/stego_dataset_expanded/stego_core_combined/Noisy_2_M__exe_small__lsb1.png,Noisy_2_M.png,Noisy,2,M,png,P06.exe,exe,small,1,EXE,/home/kali/stego_dataset_expanded/stego_core_combined/Noisy_2_M__exe_small__lsb1.png,EXE,signature_mz,1,EXE,validated_mz_pe_header,1,3,40448,little,4d 5a 90 00 03 00 00 00,0.552472,
core,Noisy_2_M__exe_small__lsb2.png,/home/kali/Desktop/stego_dataset_expanded/stego_core_combined/Noisy_2_M__exe_small__lsb2.png,Noisy_2_M.png,Noisy,2,M,png,P06.exe,exe,small,2,EXE,/home/kali/stego_dataset_expanded/stego_core_combined/Noisy_2_M__exe_small__lsb2.png,EXE,signature_mz,1,EXE,validated_mz_pe_header,1,3,40448,little,4d 5a 90 00 03 00 00 00,0.584460,
core,Noisy_2_M__exe_small__lsb3.png,/home/kali/Desktop/stego_dataset_expanded/stego_core_combined/Noisy_2_M__exe_small__lsb3.png,Noisy_2_M.png,Noisy,2,M,png,P06.exe,exe,small,3,EXE,/home/kali/stego_dataset_expanded/stego_core_combined/Noisy_2_M__exe_small__lsb3.png,EXE,signature_mz,1,EXE,validated_mz_pe_header,1,3,40448,little,4d 5a 90 00 03 00 00 00,0.583098,
core,Noisy_2_M__pdf_large__lsb3.png,/home/kali/Desktop/stego_dataset_expanded/stego_core_combined/Noisy_2_M__pdf_large__lsb3.png,Noisy_2_M.png,Noisy,2,M,png,P02.pdf,pdf,large,3,PDF,/home/kali/stego_dataset_expanded/stego_core_combined/Noisy_2_M__pdf_large__lsb3.png,PDF,signature_pdf,1,PDF,validated_pdf_startxref_eof,1,3,1100144,little,25 50 44 46 2d 31 2e 33,0.753648,
core,Noisy_2_M__pdf_medium__lsb2.png,/home/kali/Desktop/stego_dataset_expanded/stego_core_combined/Noisy_2_M__pdf_medium__lsb2.png,Noisy_2_M.png,Noisy,2,M,png,P02.pdf,pdf,medium,2,PDF,/home/kali/stego_dataset_expanded/stego_core_combined/Noisy_2_M__pdf_medium__lsb2.png,PDF,signature_pdf,1,PDF,validated_pdf_startxref_eof,1,3,510410,little,25 50 44 46 2d 31 2e 37,0.671833,
core,Noisy_2_M__pdf_medium__lsb3.png,/home/kali/Desktop/stego_dataset_expanded/stego_core_combined/Noisy_2_M__pdf_medium__lsb3.png,Noisy_2_M.png,Noisy,2,M,png,P02.pdf,pdf,medium,3,PDF,/home/kali/stego_dataset_expanded/stego_core_combined/Noisy_2_M__pdf_medium__lsb3.png,PDF,signature_pdf,1,PDF,validated_pdf_startxref_eof,1,3,510410,little,25 50 44 46 2d 31 2e 37,0.636746,
core,Noisy_2_M__pdf_small__lsb1.png,/home/kali/Desktop/stego_dataset_expanded/stego_core_combined/Noisy_2_M__pdf_small__lsb1.png,Noisy_2_M.png,Noisy,2,M,png,P02.pdf,pdf,small,1,PDF,/home/kali/stego_dataset_expanded/stego_core_combined/Noisy_2_M__pdf_small__lsb1.png,PDF,signature_pdf,1,PDF,validated_pdf_startxref_eof,1,3,16620,little,25 50 44 46 2d 31 2e 37,0.592796,
core,Noisy_2_M__pdf_small__lsb2.png,/home/kali/Desktop/stego_dataset_expanded/stego_core_combined/Noisy_2_M__pdf_small__lsb2.png,Noisy_2_M.png,Noisy,2,M,png,P02.pdf,pdf,small,2,PDF,/home/kali/stego_dataset_expanded/stego_core_combined/Noisy_2_M__pdf_small__lsb2.png,PDF,signature_pdf,1,PDF,validated_pdf_startxref_eof,1,3,16620,little,25 50 44 46 2d 31 2e 37,0.581425,
core,Noisy_2_M__pdf_small__lsb3.png,/home/kali/Desktop/stego_dataset_expanded/stego_core_combined/Noisy_2_M__pdf_small__lsb3.png,Noisy_2_M.png,Noisy,2,M,png,P02.pdf,pdf,small,3,PDF,/home/kali/stego_dataset_expanded/stego_core_combined/Noisy_2_M__pdf_small__lsb3.png,PDF,signature_pdf,1,PDF,validated_pdf_startxref_eof,1,3,16620,little,25 50 44 46 2d 31 2e 37,0.558938,
core,Noisy_2_M__pptx_large__lsb3.png,/home/kali/Desktop/stego_dataset_expanded/stego_core_combined/Noisy_2_M__pptx_large__lsb3.png,Noisy_2_M.png,Noisy,2,M,png,P04.pptx,pptx,large,3,PPTX,/home/kali/stego_dataset_expanded/stego_core_combined/Noisy_2_M__pptx_large__lsb3.png,ZIP,signature_pk_zip,0,PPTX,validated_ooxml_pptx,1,3,1082610,little,50 4b 03 04 14 00 06 00,0.732806,
core,Noisy_2_M__pptx_medium__lsb2.png,/home/kali/Desktop/stego_dataset_expanded/stego_core_combined/Noisy_2_M__pptx_medium__lsb2.png,Noisy_2_M.png,Noisy,2,M,png,P04.pptx,pptx,medium,2,PPTX,/home/kali/stego_dataset_expanded/stego_core_combined/Noisy_2_M__pptx_medium__lsb2.png,ZIP,signature_pk_zip,0,PPTX,validated_ooxml_pptx,1,3,512113,little,50 4b 03 04 14 00 06 00,0.701995,
core,Noisy_2_M__pptx_medium__lsb3.png,/home/kali/Desktop/stego_dataset_expanded/stego_core_combined/Noisy_2_M__pptx_medium__lsb3.png,Noisy_2_M.png,Noisy,2,M,png,P04.pptx,pptx,medium,3,PPTX,/home/kali/stego_dataset_expanded/stego_core_combined/Noisy_2_M__pptx_medium__lsb3.png,ZIP,signature_pk_zip,0,PPTX,validated_ooxml_pptx,1,3,512113,little,50 4b 03 04 14 00 06 00,0.709722,
core,Noisy_2_M__pptx_small__lsb1.png,/home/kali/Desktop/stego_dataset_expanded/stego_core_combined/Noisy_2_M__pptx_small__lsb1.png,Noisy_2_M.png,Noisy,2,M,png,P04.pptx,pptx,small,1,PPTX,/home/kali/stego_dataset_expanded/stego_core_combined/Noisy_2_M__pptx_small__lsb1.png,ZIP,signature_pk_zip,0,PPTX,validated_ooxml_pptx,1,3,32020,little,50 4b 03 04 14 00 06 00,0.642041,
core,Noisy_2_M__pptx_small__lsb2.png,/home/kali/Desktop/stego_dataset_expanded/stego_core_combined/Noisy_2_M__pptx_small__lsb2.png,Noisy_2_M.png,Noisy,2,M,png,P04.pptx,pptx,small,2,PPTX,/home/kali/stego_dataset_expanded/stego_core_combined/Noisy_2_M__pptx_small__lsb2.png,ZIP,signature_pk_zip,0,PPTX,validated_ooxml_pptx,1,3,32020,little,50 4b 03 04 14 00 06 00,0.683158,
core,Noisy_2_M__pptx_small__lsb3.png,/home/kali/Desktop/stego_dataset_expanded/stego_core_combined/Noisy_2_M__pptx_small__lsb3.png,Noisy_2_M.png,Noisy,2,M,png,P04.pptx,pptx,small,3,PPTX,/home/kali/stego_dataset_expanded/stego_core_combined/Noisy_2_M__pptx_small__lsb3.png,ZIP,signature_pk_zip,0,PPTX,validated_ooxml_pptx,1,3,32020,little,50 4b 03 04 14 00 06 00,0.673494,
core,Noisy_2_M__rtf_large__lsb3.png,/home/kali/Desktop/stego_dataset_expanded/stego_core_combined/Noisy_2_M__rtf_large__lsb3.png,Noisy_2_M.png,Noisy,2,M,png,P05.rtf,rtf,large,3,RTF,/home/kali/stego_dataset_expanded/stego_core_combined/Noisy_2_M__rtf_large__lsb3.png,RTF,signature_rtf,1,RTF,validated_rtf_structure,1,3,1085026,little,7b 5c 72 74 66 31 5c 61,0.750475,
core,Noisy_2_M__rtf_medium__lsb2.png,/home/kali/Desktop/stego_dataset_expanded/stego_core_combined/Noisy_2_M__rtf_medium__lsb2.png,Noisy_2_M.png,Noisy,2,M,png,P05.rtf,rtf,medium,2,RTF,/home/kali/stego_dataset_expanded/stego_core_combined/Noisy_2_M__rtf_medium__lsb2.png,RTF,signature_rtf,1,RTF,validated_rtf_structure,1,3,511504,little,7b 5c 72 74 66 31 5c 61,0.683604,
core,Noisy_2_M__rtf_medium__lsb3.png,/home/kali/Desktop/stego_dataset_expanded/stego_core_combined/Noisy_2_M__rtf_medium__lsb3.png,Noisy_2_M.png,Noisy,2,M,png,P05.rtf,rtf,medium,3,RTF,/home/kali/stego_dataset_expanded/stego_core_combined/Noisy_2_M__rtf_medium__lsb3.png,RTF,signature_rtf,1,RTF,validated_rtf_structure,1,3,511504,little,7b 5c 72 74 66 31 5c 61,0.666485,
core,Noisy_2_M__rtf_small__lsb1.png,/home/kali/Desktop/stego_dataset_expanded/stego_core_combined/Noisy_2_M__rtf_small__lsb1.png,Noisy_2_M.png,Noisy,2,M,png,P05.rtf,rtf,small,1,RTF,/home/kali/stego_dataset_expanded/stego_core_combined/Noisy_2_M__rtf_small__lsb1.png,RTF,signature_rtf,1,RTF,validated_rtf_structure,1,3,50275,little,7b 5c 72 74 66 31 5c 61,0.601015,
core,Noisy_2_M__rtf_small__lsb2.png,/home/kali/Desktop/stego_dataset_expanded/stego_core_combined/Noisy_2_M__rtf_small__lsb2.png,Noisy_2_M.png,Noisy,2,M,png,P05.rtf,rtf,small,2,RTF,/home/kali/stego_dataset_expanded/stego_core_combined/Noisy_2_M__rtf_small__lsb2.png,RTF,signature_rtf,1,RTF,validated_rtf_structure,1,3,50275,little,7b 5c 72 74 66 31 5c 61,0.584511,
core,Noisy_2_M__rtf_small__lsb3.png,/home/kali/Desktop/stego_dataset_expanded/stego_core_combined/Noisy_2_M__rtf_small__lsb3.png,Noisy_2_M.png,Noisy,2,M,png,P05.rtf,rtf,small,3,RTF,/home/kali/stego_dataset_expanded/stego_core_combined/Noisy_2_M__rtf_small__lsb3.png,RTF,signature_rtf,1,RTF,validated_rtf_structure,1,3,50275,little,7b 5c 72 74 66 31 5c 61,0.575964,
core,Noisy_2_M__xlsx_large__lsb3.png,/home/kali/Desktop/stego_dataset_expanded/stego_core_combined/Noisy_2_M__xlsx_large__lsb3.png,Noisy_2_M.png,Noisy,2,M,png,P03.xlsx,xlsx,large,3,XLSX,/home/kali/stego_dataset_expanded/stego_core_combined/Noisy_2_M__xlsx_large__lsb3.png,ZIP,signature_pk_zip,0,XLSX,validated_ooxml_xlsx,1,3,1090468,little,50 4b 03 04 14 00 06 00,0.741503,
core,Noisy_2_M__xlsx_medium__lsb2.png,/home/kali/Desktop/stego_dataset_expanded/stego_core_combined/Noisy_2_M__xlsx_medium__lsb2.png,Noisy_2_M.png,Noisy,2,M,png,P03.xlsx,xlsx,medium,2,XLSX,/home/kali/stego_dataset_expanded/stego_core_combined/Noisy_2_M__xlsx_medium__lsb2.png,ZIP,signature_pk_zip,0,XLSX,validated_ooxml_xlsx,1,3,511280,little,50 4b 03 04 14 00 06 00,0.690147,
core,Noisy_2_M__xlsx_medium__lsb3.png,/home/kali/Desktop/stego_dataset_expanded/stego_core_combined/Noisy_2_M__xlsx_medium__lsb3.png,Noisy_2_M.png,Noisy,2,M,png,P03.xlsx,xlsx,medium,3,XLSX,/home/kali/stego_dataset_expanded/stego_core_combined/Noisy_2_M__xlsx_medium__lsb3.png,ZIP,signature_pk_zip,0,XLSX,validated_ooxml_xlsx,1,3,511280,little,50 4b 03 04 14 00 06 00,0.667811,
core,Noisy_2_M__xlsx_small__lsb1.png,/home/kali/Desktop/stego_dataset_expanded/stego_core_combined/Noisy_2_M__xlsx_small__lsb1.png,Noisy_2_M.png,Noisy,2,M,png,P03.xlsx,xlsx,small,1,XLSX,/home/kali/stego_dataset_expanded/stego_core_combined/Noisy_2_M__xlsx_small__lsb1.png,ZIP,signature_pk_zip,0,XLSX,validated_ooxml_xlsx,1,3,8899,little,50 4b 03 04 14 00 06 00,0.567141,
core,Noisy_2_M__xlsx_small__lsb2.png,/home/kali/Desktop/stego_dataset_expanded/stego_core_combined/Noisy_2_M__xlsx_small__lsb2.png,Noisy_2_M.png,Noisy,2,M,png,P03.xlsx,xlsx,small,2,XLSX,/home/kali/stego_dataset_expanded/stego_core_combined/Noisy_2_M__xlsx_small__lsb2.png,ZIP,signature_pk_zip,0,XLSX,validated_ooxml_xlsx,1,3,8899,little,50 4b 03 04 14 00 06 00,0.592564,
core,Noisy_2_M__xlsx_small__lsb3.png,/home/kali/Desktop/stego_dataset_expanded/stego_core_combined/Noisy_2_M__xlsx_small__lsb3.png,Noisy_2_M.png,Noisy,2,M,png,P03.xlsx,xlsx,small,3,XLSX,/home/kali/stego_dataset_expanded/stego_core_combined/Noisy_2_M__xlsx_small__lsb3.png,ZIP,signature_pk_zip,0,XLSX,validated_ooxml_xlsx,1,3,8899,little,50 4b 03 04 14 00 06 00,0.619719,
core,Photographic_1_S__docx_small__lsb1.png,/home/kali/Desktop/stego_dataset_expanded/stego_core_combined/Photographic_1_S__docx_small__lsb1.png,Photographic_1_S.png,Photographic,1,S,png,P01.docx,docx,small,1,DOCX,/home/kali/stego_dataset_expanded/stego_core_combined/Photographic_1_S__docx_small__lsb1.png,ZIP,signature_pk_zip,0,DOCX,validated_ooxml_docx,1,3,13432,little,50 4b 03 04 14 00 06 00,0.168229,
core,Photographic_1_S__docx_small__lsb2.png,/home/kali/Desktop/stego_dataset_expanded/stego_core_combined/Photographic_1_S__docx_small__lsb2.png,Photographic_1_S.png,Photographic,1,S,png,P01.docx,docx,small,2,DOCX,/home/kali/stego_dataset_expanded/stego_core_combined/Photographic_1_S__docx_small__lsb2.png,ZIP,signature_pk_zip,0,DOCX,validated_ooxml_docx,1,3,13432,little,50 4b 03 04 14 00 06 00,0.145817,
core,Photographic_1_S__docx_small__lsb3.png,/home/kali/Desktop/stego_dataset_expanded/stego_core_combined/Photographic_1_S__docx_small__lsb3.png,Photographic_1_S.png,Photographic,1,S,png,P01.docx,docx,small,3,DOCX,/home/kali/stego_dataset_expanded/stego_core_combined/Photographic_1_S__docx_small__lsb3.png,ZIP,signature_pk_zip,0,DOCX,validated_ooxml_docx,1,3,13432,little,50 4b 03 04 14 00 06 00,0.152290,
core,Photographic_1_S__exe_small__lsb1.png,/home/kali/Desktop/stego_dataset_expanded/stego_core_combined/Photographic_1_S__exe_small__lsb1.png,Photographic_1_S.png,Photographic,1,S,png,P06.exe,exe,small,1,EXE,/home/kali/stego_dataset_expanded/stego_core_combined/Photographic_1_S__exe_small__lsb1.png,EXE,signature_mz,1,EXE,validated_mz_pe_header,1,3,40448,little,4d 5a 90 00 03 00 00 00,0.169050,
core,Photographic_1_S__exe_small__lsb2.png,/home/kali/Desktop/stego_dataset_expanded/stego_core_combined/Photographic_1_S__exe_small__lsb2.png,Photographic_1_S.png,Photographic,1,S,png,P06.exe,exe,small,2,EXE,/home/kali/stego_dataset_expanded/stego_core_combined/Photographic_1_S__exe_small__lsb2.png,EXE,signature_mz,1,EXE,validated_mz_pe_header,1,3,40448,little,4d 5a 90 00 03 00 00 00,0.159673,
core,Photographic_1_S__exe_small__lsb3.png,/home/kali/Desktop/stego_dataset_expanded/stego_core_combined/Photographic_1_S__exe_small__lsb3.png,Photographic_1_S.png,Photographic,1,S,png,P06.exe,exe,small,3,EXE,/home/kali/stego_dataset_expanded/stego_core_combined/Photographic_1_S__exe_small__lsb3.png,EXE,signature_mz,1,EXE,validated_mz_pe_header,1,3,40448,little,4d 5a 90 00 03 00 00 00,0.147106,
core,Photographic_1_S__pdf_small__lsb1.png,/home/kali/Desktop/stego_dataset_expanded/stego_core_combined/Photographic_1_S__pdf_small__lsb1.png,Photographic_1_S.png,Photographic,1,S,png,P02.pdf,pdf,small,1,PDF,/home/kali/stego_dataset_expanded/stego_core_combined/Photographic_1_S__pdf_small__lsb1.png,PDF,signature_pdf,1,PDF,validated_pdf_startxref_eof,1,3,16620,little,25 50 44 46 2d 31 2e 37,0.155302,
core,Photographic_1_S__pdf_small__lsb2.png,/home/kali/Desktop/stego_dataset_expanded/stego_core_combined/Photographic_1_S__pdf_small__lsb2.png,Photographic_1_S.png,Photographic,1,S,png,P02.pdf,pdf,small,2,PDF,/home/kali/stego_dataset_expanded/stego_core_combined/Photographic_1_S__pdf_small__lsb2.png,PDF,signature_pdf,1,PDF,validated_pdf_startxref_eof,1,3,16620,little,25 50 44 46 2d 31 2e 37,0.140877,
core,Photographic_1_S__pdf_small__lsb3.png,/home/kali/Desktop/stego_dataset_expanded/stego_core_combined/Photographic_1_S__pdf_small__lsb3.png,Photographic_1_S.png,Photographic,1,S,png,P02.pdf,pdf,small,3,PDF,/home/kali/stego_dataset_expanded/stego_core_combined/Photographic_1_S__pdf_small__lsb3.png,PDF,signature_pdf,1,PDF,validated_pdf_startxref_eof,1,3,16620,little,25 50 44 46 2d 31 2e 37,0.159279,
core,Photographic_1_S__pptx_small__lsb1.png,/home/kali/Desktop/stego_dataset_expanded/stego_core_combined/Photographic_1_S__pptx_small__lsb1.png,Photographic_1_S.png,Photographic,1,S,png,P04.pptx,pptx,small,1,PPTX,/home/kali/stego_dataset_expanded/stego_core_combined/Photographic_1_S__pptx_small__lsb1.png,ZIP,signature_pk_zip,0,PPTX,validated_ooxml_pptx,1,3,32020,little,50 4b 03 04 14 00 06 00,0.161306,
core,Photographic_1_S__pptx_small__lsb2.png,/home/kali/Desktop/stego_dataset_expanded/stego_core_combined/Photographic_1_S__pptx_small__lsb2.png,Photographic_1_S.png,Photographic,1,S,png,P04.pptx,pptx,small,2,PPTX,/home/kali/stego_dataset_expanded/stego_core_combined/Photographic_1_S__pptx_small__lsb2.png,ZIP,signature_pk_zip,0,PPTX,validated_ooxml_pptx,1,3,32020,little,50 4b 03 04 14 00 06 00,0.149173,
core,Photographic_1_S__pptx_small__lsb3.png,/home/kali/Desktop/stego_dataset_expanded/stego_core_combined/Photographic_1_S__pptx_small__lsb3.png,Photographic_1_S.png,Photographic,1,S,png,P04.pptx,pptx,small,3,PPTX,/home/kali/stego_dataset_expanded/stego_core_combined/Photographic_1_S__pptx_small__lsb3.png,ZIP,signature_pk_zip,0,PPTX,validated_ooxml_pptx,1,3,32020,little,50 4b 03 04 14 00 06 00,0.156598,
core,Photographic_1_S__rtf_small__lsb1.png,/home/kali/Desktop/stego_dataset_expanded/stego_core_combined/Photographic_1_S__rtf_small__lsb1.png,Photographic_1_S.png,Photographic,1,S,png,P05.rtf,rtf,small,1,RTF,/home/kali/stego_dataset_expanded/stego_core_combined/Photographic_1_S__rtf_small__lsb1.png,RTF,signature_rtf,1,RTF,validated_rtf_structure,1,3,50275,little,7b 5c 72 74 66 31 5c 61,0.155428,
core,Photographic_1_S__rtf_small__lsb2.png,/home/kali/Desktop/stego_dataset_expanded/stego_core_combined/Photographic_1_S__rtf_small__lsb2.png,Photographic_1_S.png,Photographic,1,S,png,P05.rtf,rtf,small,2,RTF,/home/kali/stego_dataset_expanded/stego_core_combined/Photographic_1_S__rtf_small__lsb2.png,RTF,signature_rtf,1,RTF,validated_rtf_structure,1,3,50275,little,7b 5c 72 74 66 31 5c 61,0.168088,
core,Photographic_1_S__rtf_small__lsb3.png,/home/kali/Desktop/stego_dataset_expanded/stego_core_combined/Photographic_1_S__rtf_small__lsb3.png,Photographic_1_S.png,Photographic,1,S,png,P05.rtf,rtf,small,3,RTF,/home/kali/stego_dataset_expanded/stego_core_combined/Photographic_1_S__rtf_small__lsb3.png,RTF,signature_rtf,1,RTF,validated_rtf_structure,1,3,50275,little,7b 5c 72 74 66 31 5c 61,0.166263,
core,Photographic_1_S__xlsx_small__lsb1.png,/home/kali/Desktop/stego_dataset_expanded/stego_core_combined/Photographic_1_S__xlsx_small__lsb1.png,Photographic_1_S.png,Photographic,1,S,png,P03.xlsx,xlsx,small,1,XLSX,/home/kali/stego_dataset_expanded/stego_core_combined/Photographic_1_S__xlsx_small__lsb1.png,ZIP,signature_pk_zip,0,XLSX,validated_ooxml_xlsx,1,3,8899,little,50 4b 03 04 14 00 06 00,0.146238,
core,Photographic_1_S__xlsx_small__lsb2.png,/home/kali/Desktop/stego_dataset_expanded/stego_core_combined/Photographic_1_S__xlsx_small__lsb2.png,Photographic_1_S.png,Photographic,1,S,png,P03.xlsx,xlsx,small,2,XLSX,/home/kali/stego_dataset_expanded/stego_core_combined/Photographic_1_S__xlsx_small__lsb2.png,ZIP,signature_pk_zip,0,XLSX,validated_ooxml_xlsx,1,3,8899,little,50 4b 03 04 14 00 06 00,0.181684,
core,Photographic_1_S__xlsx_small__lsb3.png,/home/kali/Desktop/stego_dataset_expanded/stego_core_combined/Photographic_1_S__xlsx_small__lsb3.png,Photographic_1_S.png,Photographic,1,S,png,P03.xlsx,xlsx,small,3,XLSX,/home/kali/stego_dataset_expanded/stego_core_combined/Photographic_1_S__xlsx_small__lsb3.png,ZIP,signature_pk_zip,0,XLSX,validated_ooxml_xlsx,1,3,8899,little,50 4b 03 04 14 00 06 00,0.152936,
core,Photographic_2_M__docx_large__lsb3.bmp,/home/kali/Desktop/stego_dataset_expanded/stego_core_combined/Photographic_2_M__docx_large__lsb3.bmp,Photographic_2_M.bmp,Photographic,2,M,bmp,P01.docx,docx,large,3,DOCX,/home/kali/stego_dataset_expanded/stego_core_combined/Photographic_2_M__docx_large__lsb3.bmp,ZIP,signature_pk_zip,0,DOCX,validated_ooxml_docx,1,3,1121154,little,50 4b 03 04 14 00 06 00,0.734583,
core,Photographic_2_M__docx_medium__lsb2.bmp,/home/kali/Desktop/stego_dataset_expanded/stego_core_combined/Photographic_2_M__docx_medium__lsb2.bmp,Photographic_2_M.bmp,Photographic,2,M,bmp,P01.docx,docx,medium,2,DOCX,/home/kali/stego_dataset_expanded/stego_core_combined/Photographic_2_M__docx_medium__lsb2.bmp,ZIP,signature_pk_zip,0,DOCX,validated_ooxml_docx,1,3,511127,little,50 4b 03 04 14 00 06 00,0.680387,
core,Photographic_2_M__docx_medium__lsb3.bmp,/home/kali/Desktop/stego_dataset_expanded/stego_core_combined/Photographic_2_M__docx_medium__lsb3.bmp,Photographic_2_M.bmp,Photographic,2,M,bmp,P01.docx,docx,medium,3,DOCX,/home/kali/stego_dataset_expanded/stego_core_combined/Photographic_2_M__docx_medium__lsb3.bmp,ZIP,signature_pk_zip,0,DOCX,validated_ooxml_docx,1,3,511127,little,50 4b 03 04 14 00 06 00,0.670261,
core,Photographic_2_M__docx_small__lsb1.bmp,/home/kali/Desktop/stego_dataset_expanded/stego_core_combined/Photographic_2_M__docx_small__lsb1.bmp,Photographic_2_M.bmp,Photographic,2,M,bmp,P01.docx,docx,small,1,DOCX,/home/kali/stego_dataset_expanded/stego_core_combined/Photographic_2_M__docx_small__lsb1.bmp,ZIP,signature_pk_zip,0,DOCX,validated_ooxml_docx,1,3,13432,little,50 4b 03 04 14 00 06 00,0.567793,
core,Photographic_2_M__docx_small__lsb2.bmp,/home/kali/Desktop/stego_dataset_expanded/stego_core_combined/Photographic_2_M__docx_small__lsb2.bmp,Photographic_2_M.bmp,Photographic,2,M,bmp,P01.docx,docx,small,2,DOCX,/home/kali/stego_dataset_expanded/stego_core_combined/Photographic_2_M__docx_small__lsb2.bmp,ZIP,signature_pk_zip,0,DOCX,validated_ooxml_docx,1,3,13432,little,50 4b 03 04 14 00 06 00,0.558309,
core,Photographic_2_M__docx_small__lsb3.bmp,/home/kali/Desktop/stego_dataset_expanded/stego_core_combined/Photographic_2_M__docx_small__lsb3.bmp,Photographic_2_M.bmp,Photographic,2,M,bmp,P01.docx,docx,small,3,DOCX,/home/kali/stego_dataset_expanded/stego_core_combined/Photographic_2_M__docx_small__lsb3.bmp,ZIP,signature_pk_zip,0,DOCX,validated_ooxml_docx,1,3,13432,little,50 4b 03 04 14 00 06 00,0.590618,
core,Photographic_2_M__exe_large__lsb3.bmp,/home/kali/Desktop/stego_dataset_expanded/stego_core_combined/Photographic_2_M__exe_large__lsb3.bmp,Photographic_2_M.bmp,Photographic,2,M,bmp,P06.exe,exe,large,3,EXE,/home/kali/stego_dataset_expanded/stego_core_combined/Photographic_2_M__exe_large__lsb3.bmp,EXE,signature_mz,1,EXE,validated_mz_pe_header,1,3,1017856,little,4d 5a 90 00 03 00 00 00,0.726161,
core,Photographic_2_M__exe_medium__lsb2.bmp,/home/kali/Desktop/stego_dataset_expanded/stego_core_combined/Photographic_2_M__exe_medium__lsb2.bmp,Photographic_2_M.bmp,Photographic,2,M,bmp,P06.exe,exe,medium,2,EXE,/home/kali/stego_dataset_expanded/stego_core_combined/Photographic_2_M__exe_medium__lsb2.bmp,EXE,signature_mz,1,EXE,validated_mz_pe_header,1,3,505856,little,4d 5a 90 00 03 00 00 00,0.680029,
core,Photographic_2_M__exe_medium__lsb3.bmp,/home/kali/Desktop/stego_dataset_expanded/stego_core_combined/Photographic_2_M__exe_medium__lsb3.bmp,Photographic_2_M.bmp,Photographic,2,M,bmp,P06.exe,exe,medium,3,EXE,/home/kali/stego_dataset_expanded/stego_core_combined/Photographic_2_M__exe_medium__lsb3.bmp,EXE,signature_mz,1,EXE,validated_mz_pe_header,1,3,505856,little,4d 5a 90 00 03 00 00 00,0.636341,
core,Photographic_2_M__exe_small__lsb1.bmp,/home/kali/Desktop/stego_dataset_expanded/stego_core_combined/Photographic_2_M__exe_small__lsb1.bmp,Photographic_2_M.bmp,Photographic,2,M,bmp,P06.exe,exe,small,1,EXE,/home/kali/stego_dataset_expanded/stego_core_combined/Photographic_2_M__exe_small__lsb1.bmp,EXE,signature_mz,1,EXE,validated_mz_pe_header,1,3,40448,little,4d 5a 90 00 03 00 00 00,0.597894,
core,Photographic_2_M__exe_small__lsb2.bmp,/home/kali/Desktop/stego_dataset_expanded/stego_core_combined/Photographic_2_M__exe_small__lsb2.bmp,Photographic_2_M.bmp,Photographic,2,M,bmp,P06.exe,exe,small,2,EXE,/home/kali/stego_dataset_expanded/stego_core_combined/Photographic_2_M__exe_small__lsb2.bmp,EXE,signature_mz,1,EXE,validated_mz_pe_header,1,3,40448,little,4d 5a 90 00 03 00 00 00,0.850158,
core,Photographic_2_M__exe_small__lsb3.bmp,/home/kali/Desktop/stego_dataset_expanded/stego_core_combined/Photographic_2_M__exe_small__lsb3.bmp,Photographic_2_M.bmp,Photographic,2,M,bmp,P06.exe,exe,small,3,EXE,/home/kali/stego_dataset_expanded/stego_core_combined/Photographic_2_M__exe_small__lsb3.bmp,EXE,signature_mz,1,EXE,validated_mz_pe_header,1,3,40448,little,4d 5a 90 00 03 00 00 00,0.520549,
core,Photographic_2_M__pdf_large__lsb3.bmp,/home/kali/Desktop/stego_dataset_expanded/stego_core_combined/Photographic_2_M__pdf_large__lsb3.bmp,Photographic_2_M.bmp,Photographic,2,M,bmp,P02.pdf,pdf,large,3,PDF,/home/kali/stego_dataset_expanded/stego_core_combined/Photographic_2_M__pdf_large__lsb3.bmp,PDF,signature_pdf,1,PDF,validated_pdf_startxref_eof,1,3,1100144,little,25 50 44 46 2d 31 2e 33,0.705687,
core,Photographic_2_M__pdf_medium__lsb2.bmp,/home/kali/Desktop/stego_dataset_expanded/stego_core_combined/Photographic_2_M__pdf_medium__lsb2.bmp,Photographic_2_M.bmp,Photographic,2,M,bmp,P02.pdf,pdf,medium,2,PDF,/home/kali/stego_dataset_expanded/stego_core_combined/Photographic_2_M__pdf_medium__lsb2.bmp,PDF,signature_pdf,1,PDF,validated_pdf_startxref_eof,1,3,510410,little,25 50 44 46 2d 31 2e 37,0.667820,
core,Photographic_2_M__pdf_medium__lsb3.bmp,/home/kali/Desktop/stego_dataset_expanded/stego_core_combined/Photographic_2_M__pdf_medium__lsb3.bmp,Photographic_2_M.bmp,Photographic,2,M,bmp,P02.pdf,pdf,medium,3,PDF,/home/kali/stego_dataset_expanded/stego_core_combined/Photographic_2_M__pdf_medium__lsb3.bmp,PDF,signature_pdf,1,PDF,validated_pdf_startxref_eof,1,3,510410,little,25 50 44 46 2d 31 2e 37,0.670364,
core,Photographic_2_M__pdf_small__lsb1.bmp,/home/kali/Desktop/stego_dataset_expanded/stego_core_combined/Photographic_2_M__pdf_small__lsb1.bmp,Photographic_2_M.bmp,Photographic,2,M,bmp,P02.pdf,pdf,small,1,PDF,/home/kali/stego_dataset_expanded/stego_core_combined/Photographic_2_M__pdf_small__lsb1.bmp,PDF,signature_pdf,1,PDF,validated_pdf_startxref_eof,1,3,16620,little,25 50 44 46 2d 31 2e 37,0.606991,
core,Photographic_2_M__pdf_small__lsb2.bmp,/home/kali/Desktop/stego_dataset_expanded/stego_core_combined/Photographic_2_M__pdf_small__lsb2.bmp,Photographic_2_M.bmp,Photographic,2,M,bmp,P02.pdf,pdf,small,2,PDF,/home/kali/stego_dataset_expanded/stego_core_combined/Photographic_2_M__pdf_small__lsb2.bmp,PDF,signature_pdf,1,PDF,validated_pdf_startxref_eof,1,3,16620,little,25 50 44 46 2d 31 2e 37,0.615031,
core,Photographic_2_M__pdf_small__lsb3.bmp,/home/kali/Desktop/stego_dataset_expanded/stego_core_combined/Photographic_2_M__pdf_small__lsb3.bmp,Photographic_2_M.bmp,Photographic,2,M,bmp,P02.pdf,pdf,small,3,PDF,/home/kali/stego_dataset_expanded/stego_core_combined/Photographic_2_M__pdf_small__lsb3.bmp,PDF,signature_pdf,1,PDF,validated_pdf_startxref_eof,1,3,16620,little,25 50 44 46 2d 31 2e 37,0.614278,
core,Photographic_2_M__pptx_large__lsb3.bmp,/home/kali/Desktop/stego_dataset_expanded/stego_core_combined/Photographic_2_M__pptx_large__lsb3.bmp,Photographic_2_M.bmp,Photographic,2,M,bmp,P04.pptx,pptx,large,3,PPTX,/home/kali/stego_dataset_expanded/stego_core_combined/Photographic_2_M__pptx_large__lsb3.bmp,ZIP,signature_pk_zip,0,PPTX,validated_ooxml_pptx,1,3,1082610,little,50 4b 03 04 14 00 06 00,0.703313,
core,Photographic_2_M__pptx_medium__lsb2.bmp,/home/kali/Desktop/stego_dataset_expanded/stego_core_combined/Photographic_2_M__pptx_medium__lsb2.bmp,Photographic_2_M.bmp,Photographic,2,M,bmp,P04.pptx,pptx,medium,2,PPTX,/home/kali/stego_dataset_expanded/stego_core_combined/Photographic_2_M__pptx_medium__lsb2.bmp,ZIP,signature_pk_zip,0,PPTX,validated_ooxml_pptx,1,3,512113,little,50 4b 03 04 14 00 06 00,0.642789,
core,Photographic_2_M__pptx_medium__lsb3.bmp,/home/kali/Desktop/stego_dataset_expanded/stego_core_combined/Photographic_2_M__pptx_medium__lsb3.bmp,Photographic_2_M.bmp,Photographic,2,M,bmp,P04.pptx,pptx,medium,3,PPTX,/home/kali/stego_dataset_expanded/stego_core_combined/Photographic_2_M__pptx_medium__lsb3.bmp,ZIP,signature_pk_zip,0,PPTX,validated_ooxml_pptx,1,3,512113,little,50 4b 03 04 14 00 06 00,0.601739,
core,Photographic_2_M__pptx_small__lsb1.bmp,/home/kali/Desktop/stego_dataset_expanded/stego_core_combined/Photographic_2_M__pptx_small__lsb1.bmp,Photographic_2_M.bmp,Photographic,2,M,bmp,P04.pptx,pptx,small,1,PPTX,/home/kali/stego_dataset_expanded/stego_core_combined/Photographic_2_M__pptx_small__lsb1.bmp,ZIP,signature_pk_zip,0,PPTX,validated_ooxml_pptx,1,3,32020,little,50 4b 03 04 14 00 06 00,0.560820,
core,Photographic_2_M__pptx_small__lsb2.bmp,/home/kali/Desktop/stego_dataset_expanded/stego_core_combined/Photographic_2_M__pptx_small__lsb2.bmp,Photographic_2_M.bmp,Photographic,2,M,bmp,P04.pptx,pptx,small,2,PPTX,/home/kali/stego_dataset_expanded/stego_core_combined/Photographic_2_M__pptx_small__lsb2.bmp,ZIP,signature_pk_zip,0,PPTX,validated_ooxml_pptx,1,3,32020,little,50 4b 03 04 14 00 06 00,0.569092,
core,Photographic_2_M__pptx_small__lsb3.bmp,/home/kali/Desktop/stego_dataset_expanded/stego_core_combined/Photographic_2_M__pptx_small__lsb3.bmp,Photographic_2_M.bmp,Photographic,2,M,bmp,P04.pptx,pptx,small,3,PPTX,/home/kali/stego_dataset_expanded/stego_core_combined/Photographic_2_M__pptx_small__lsb3.bmp,ZIP,signature_pk_zip,0,PPTX,validated_ooxml_pptx,1,3,32020,little,50 4b 03 04 14 00 06 00,0.554250,
core,Photographic_2_M__rtf_large__lsb3.bmp,/home/kali/Desktop/stego_dataset_expanded/stego_core_combined/Photographic_2_M__rtf_large__lsb3.bmp,Photographic_2_M.bmp,Photographic,2,M,bmp,P05.rtf,rtf,large,3,RTF,/home/kali/stego_dataset_expanded/stego_core_combined/Photographic_2_M__rtf_large__lsb3.bmp,RTF,signature_rtf,1,RTF,validated_rtf_structure,1,3,1085026,little,7b 5c 72 74 66 31 5c 61,0.705593,
core,Photographic_2_M__rtf_medium__lsb2.bmp,/home/kali/Desktop/stego_dataset_expanded/stego_core_combined/Photographic_2_M__rtf_medium__lsb2.bmp,Photographic_2_M.bmp,Photographic,2,M,bmp,P05.rtf,rtf,medium,2,RTF,/home/kali/stego_dataset_expanded/stego_core_combined/Photographic_2_M__rtf_medium__lsb2.bmp,RTF,signature_rtf,1,RTF,validated_rtf_structure,1,3,511504,little,7b 5c 72 74 66 31 5c 61,0.670144,
core,Photographic_2_M__rtf_medium__lsb3.bmp,/home/kali/Desktop/stego_dataset_expanded/stego_core_combined/Photographic_2_M__rtf_medium__lsb3.bmp,Photographic_2_M.bmp,Photographic,2,M,bmp,P05.rtf,rtf,medium,3,RTF,/home/kali/stego_dataset_expanded/stego_core_combined/Photographic_2_M__rtf_medium__lsb3.bmp,RTF,signature_rtf,1,RTF,validated_rtf_structure,1,3,511504,little,7b 5c 72 74 66 31 5c 61,0.620408,
core,Photographic_2_M__rtf_small__lsb1.bmp,/home/kali/Desktop/stego_dataset_expanded/stego_core_combined/Photographic_2_M__rtf_small__lsb1.bmp,Photographic_2_M.bmp,Photographic,2,M,bmp,P05.rtf,rtf,small,1,RTF,/home/kali/stego_dataset_expanded/stego_core_combined/Photographic_2_M__rtf_small__lsb1.bmp,RTF,signature_rtf,1,RTF,validated_rtf_structure,1,3,50275,little,7b 5c 72 74 66 31 5c 61,0.563277,
core,Photographic_2_M__rtf_small__lsb2.bmp,/home/kali/Desktop/stego_dataset_expanded/stego_core_combined/Photographic_2_M__rtf_small__lsb2.bmp,Photographic_2_M.bmp,Photographic,2,M,bmp,P05.rtf,rtf,small,2,RTF,/home/kali/stego_dataset_expanded/stego_core_combined/Photographic_2_M__rtf_small__lsb2.bmp,RTF,signature_rtf,1,RTF,validated_rtf_structure,1,3,50275,little,7b 5c 72 74 66 31 5c 61,0.559832,
core,Photographic_2_M__rtf_small__lsb3.bmp,/home/kali/Desktop/stego_dataset_expanded/stego_core_combined/Photographic_2_M__rtf_small__lsb3.bmp,Photographic_2_M.bmp,Photographic,2,M,bmp,P05.rtf,rtf,small,3,RTF,/home/kali/stego_dataset_expanded/stego_core_combined/Photographic_2_M__rtf_small__lsb3.bmp,RTF,signature_rtf,1,RTF,validated_rtf_structure,1,3,50275,little,7b 5c 72 74 66 31 5c 61,0.572934,
core,Photographic_2_M__xlsx_large__lsb3.bmp,/home/kali/Desktop/stego_dataset_expanded/stego_core_combined/Photographic_2_M__xlsx_large__lsb3.bmp,Photographic_2_M.bmp,Photographic,2,M,bmp,P03.xlsx,xlsx,large,3,XLSX,/home/kali/stego_dataset_expanded/stego_core_combined/Photographic_2_M__xlsx_large__lsb3.bmp,ZIP,signature_pk_zip,0,XLSX,validated_ooxml_xlsx,1,3,1090468,little,50 4b 03 04 14 00 06 00,0.762746,
core,Photographic_2_M__xlsx_medium__lsb2.bmp,/home/kali/Desktop/stego_dataset_expanded/stego_core_combined/Photographic_2_M__xlsx_medium__lsb2.bmp,Photographic_2_M.bmp,Photographic,2,M,bmp,P03.xlsx,xlsx,medium,2,XLSX,/home/kali/stego_dataset_expanded/stego_core_combined/Photographic_2_M__xlsx_medium__lsb2.bmp,ZIP,signature_pk_zip,0,XLSX,validated_ooxml_xlsx,1,3,511280,little,50 4b 03 04 14 00 06 00,0.697197,
core,Photographic_2_M__xlsx_medium__lsb3.bmp,/home/kali/Desktop/stego_dataset_expanded/stego_core_combined/Photographic_2_M__xlsx_medium__lsb3.bmp,Photographic_2_M.bmp,Photographic,2,M,bmp,P03.xlsx,xlsx,medium,3,XLSX,/home/kali/stego_dataset_expanded/stego_core_combined/Photographic_2_M__xlsx_medium__lsb3.bmp,ZIP,signature_pk_zip,0,XLSX,validated_ooxml_xlsx,1,3,511280,little,50 4b 03 04 14 00 06 00,0.645103,
core,Photographic_2_M__xlsx_small__lsb1.bmp,/home/kali/Desktop/stego_dataset_expanded/stego_core_combined/Photographic_2_M__xlsx_small__lsb1.bmp,Photographic_2_M.bmp,Photographic,2,M,bmp,P03.xlsx,xlsx,small,1,XLSX,/home/kali/stego_dataset_expanded/stego_core_combined/Photographic_2_M__xlsx_small__lsb1.bmp,ZIP,signature_pk_zip,0,XLSX,validated_ooxml_xlsx,1,3,8899,little,50 4b 03 04 14 00 06 00,0.540240,
core,Photographic_2_M__xlsx_small__lsb2.bmp,/home/kali/Desktop/stego_dataset_expanded/stego_core_combined/Photographic_2_M__xlsx_small__lsb2.bmp,Photographic_2_M.bmp,Photographic,2,M,bmp,P03.xlsx,xlsx,small,2,XLSX,/home/kali/stego_dataset_expanded/stego_core_combined/Photographic_2_M__xlsx_small__lsb2.bmp,ZIP,signature_pk_zip,0,XLSX,validated_ooxml_xlsx,1,3,8899,little,50 4b 03 04 14 00 06 00,0.541979,
core,Photographic_2_M__xlsx_small__lsb3.bmp,/home/kali/Desktop/stego_dataset_expanded/stego_core_combined/Photographic_2_M__xlsx_small__lsb3.bmp,Photographic_2_M.bmp,Photographic,2,M,bmp,P03.xlsx,xlsx,small,3,XLSX,/home/kali/stego_dataset_expanded/stego_core_combined/Photographic_2_M__xlsx_small__lsb3.bmp,ZIP,signature_pk_zip,0,XLSX,validated_ooxml_xlsx,1,3,8899,little,50 4b 03 04 14 00 06 00,0.539085,
core,Transparency_1_S__docx_small__lsb1.png,/home/kali/Desktop/stego_dataset_expanded/stego_core_combined/Transparency_1_S__docx_small__lsb1.png,Transparency_1_S.png,Transparency,1,S,png,P01.docx,docx,small,1,DOCX,/home/kali/stego_dataset_expanded/stego_core_combined/Transparency_1_S__docx_small__lsb1.png,ZIP,signature_pk_zip,0,DOCX,validated_ooxml_docx,1,3,13432,little,50 4b 03 04 14 00 06 00,0.133192,
core,Transparency_1_S__docx_small__lsb2.png,/home/kali/Desktop/stego_dataset_expanded/stego_core_combined/Transparency_1_S__docx_small__lsb2.png,Transparency_1_S.png,Transparency,1,S,png,P01.docx,docx,small,2,DOCX,/home/kali/stego_dataset_expanded/stego_core_combined/Transparency_1_S__docx_small__lsb2.png,ZIP,signature_pk_zip,0,DOCX,validated_ooxml_docx,1,3,13432,little,50 4b 03 04 14 00 06 00,0.139560,
core,Transparency_1_S__docx_small__lsb3.png,/home/kali/Desktop/stego_dataset_expanded/stego_core_combined/Transparency_1_S__docx_small__lsb3.png,Transparency_1_S.png,Transparency,1,S,png,P01.docx,docx,small,3,DOCX,/home/kali/stego_dataset_expanded/stego_core_combined/Transparency_1_S__docx_small__lsb3.png,ZIP,signature_pk_zip,0,DOCX,validated_ooxml_docx,1,3,13432,little,50 4b 03 04 14 00 06 00,0.137376,
core,Transparency_1_S__exe_small__lsb1.png,/home/kali/Desktop/stego_dataset_expanded/stego_core_combined/Transparency_1_S__exe_small__lsb1.png,Transparency_1_S.png,Transparency,1,S,png,P06.exe,exe,small,1,EXE,/home/kali/stego_dataset_expanded/stego_core_combined/Transparency_1_S__exe_small__lsb1.png,EXE,signature_mz,1,EXE,validated_mz_pe_header,1,3,40448,little,4d 5a 90 00 03 00 00 00,0.149637,
core,Transparency_1_S__exe_small__lsb2.png,/home/kali/Desktop/stego_dataset_expanded/stego_core_combined/Transparency_1_S__exe_small__lsb2.png,Transparency_1_S.png,Transparency,1,S,png,P06.exe,exe,small,2,EXE,/home/kali/stego_dataset_expanded/stego_core_combined/Transparency_1_S__exe_small__lsb2.png,EXE,signature_mz,1,EXE,validated_mz_pe_header,1,3,40448,little,4d 5a 90 00 03 00 00 00,0.138156,
core,Transparency_1_S__exe_small__lsb3.png,/home/kali/Desktop/stego_dataset_expanded/stego_core_combined/Transparency_1_S__exe_small__lsb3.png,Transparency_1_S.png,Transparency,1,S,png,P06.exe,exe,small,3,EXE,/home/kali/stego_dataset_expanded/stego_core_combined/Transparency_1_S__exe_small__lsb3.png,EXE,signature_mz,1,EXE,validated_mz_pe_header,1,3,40448,little,4d 5a 90 00 03 00 00 00,0.136284,
core,Transparency_1_S__pdf_small__lsb1.png,/home/kali/Desktop/stego_dataset_expanded/stego_core_combined/Transparency_1_S__pdf_small__lsb1.png,Transparency_1_S.png,Transparency,1,S,png,P02.pdf,pdf,small,1,PDF,/home/kali/stego_dataset_expanded/stego_core_combined/Transparency_1_S__pdf_small__lsb1.png,PDF,signature_pdf,1,PDF,validated_pdf_startxref_eof,1,3,16620,little,25 50 44 46 2d 31 2e 37,0.143349,
core,Transparency_1_S__pdf_small__lsb2.png,/home/kali/Desktop/stego_dataset_expanded/stego_core_combined/Transparency_1_S__pdf_small__lsb2.png,Transparency_1_S.png,Transparency,1,S,png,P02.pdf,pdf,small,2,PDF,/home/kali/stego_dataset_expanded/stego_core_combined/Transparency_1_S__pdf_small__lsb2.png,PDF,signature_pdf,1,PDF,validated_pdf_startxref_eof,1,3,16620,little,25 50 44 46 2d 31 2e 37,0.138122,
core,Transparency_1_S__pdf_small__lsb3.png,/home/kali/Desktop/stego_dataset_expanded/stego_core_combined/Transparency_1_S__pdf_small__lsb3.png,Transparency_1_S.png,Transparency,1,S,png,P02.pdf,pdf,small,3,PDF,/home/kali/stego_dataset_expanded/stego_core_combined/Transparency_1_S__pdf_small__lsb3.png,PDF,signature_pdf,1,PDF,validated_pdf_startxref_eof,1,3,16620,little,25 50 44 46 2d 31 2e 37,0.141395,
core,Transparency_1_S__pptx_small__lsb1.png,/home/kali/Desktop/stego_dataset_expanded/stego_core_combined/Transparency_1_S__pptx_small__lsb1.png,Transparency_1_S.png,Transparency,1,S,png,P04.pptx,pptx,small,1,PPTX,/home/kali/stego_dataset_expanded/stego_core_combined/Transparency_1_S__pptx_small__lsb1.png,ZIP,signature_pk_zip,0,PPTX,validated_ooxml_pptx,1,3,32020,little,50 4b 03 04 14 00 06 00,0.169267,
core,Transparency_1_S__pptx_small__lsb2.png,/home/kali/Desktop/stego_dataset_expanded/stego_core_combined/Transparency_1_S__pptx_small__lsb2.png,Transparency_1_S.png,Transparency,1,S,png,P04.pptx,pptx,small,2,PPTX,/home/kali/stego_dataset_expanded/stego_core_combined/Transparency_1_S__pptx_small__lsb2.png,ZIP,signature_pk_zip,0,PPTX,validated_ooxml_pptx,1,3,32020,little,50 4b 03 04 14 00 06 00,0.136118,
core,Transparency_1_S__pptx_small__lsb3.png,/home/kali/Desktop/stego_dataset_expanded/stego_core_combined/Transparency_1_S__pptx_small__lsb3.png,Transparency_1_S.png,Transparency,1,S,png,P04.pptx,pptx,small,3,PPTX,/home/kali/stego_dataset_expanded/stego_core_combined/Transparency_1_S__pptx_small__lsb3.png,ZIP,signature_pk_zip,0,PPTX,validated_ooxml_pptx,1,3,32020,little,50 4b 03 04 14 00 06 00,0.140561,
core,Transparency_1_S__rtf_small__lsb1.png,/home/kali/Desktop/stego_dataset_expanded/stego_core_combined/Transparency_1_S__rtf_small__lsb1.png,Transparency_1_S.png,Transparency,1,S,png,P05.rtf,rtf,small,1,RTF,/home/kali/stego_dataset_expanded/stego_core_combined/Transparency_1_S__rtf_small__lsb1.png,RTF,signature_rtf,1,RTF,validated_rtf_structure,1,3,50275,little,7b 5c 72 74 66 31 5c 61,0.174549,
core,Transparency_1_S__rtf_small__lsb2.png,/home/kali/Desktop/stego_dataset_expanded/stego_core_combined/Transparency_1_S__rtf_small__lsb2.png,Transparency_1_S.png,Transparency,1,S,png,P05.rtf,rtf,small,2,RTF,/home/kali/stego_dataset_expanded/stego_core_combined/Transparency_1_S__rtf_small__lsb2.png,RTF,signature_rtf,1,RTF,validated_rtf_structure,1,3,50275,little,7b 5c 72 74 66 31 5c 61,0.155546,
core,Transparency_1_S__rtf_small__lsb3.png,/home/kali/Desktop/stego_dataset_expanded/stego_core_combined/Transparency_1_S__rtf_small__lsb3.png,Transparency_1_S.png,Transparency,1,S,png,P05.rtf,rtf,small,3,RTF,/home/kali/stego_dataset_expanded/stego_core_combined/Transparency_1_S__rtf_small__lsb3.png,RTF,signature_rtf,1,RTF,validated_rtf_structure,1,3,50275,little,7b 5c 72 74 66 31 5c 61,0.144162,
core,Transparency_1_S__xlsx_small__lsb1.png,/home/kali/Desktop/stego_dataset_expanded/stego_core_combined/Transparency_1_S__xlsx_small__lsb1.png,Transparency_1_S.png,Transparency,1,S,png,P03.xlsx,xlsx,small,1,XLSX,/home/kali/stego_dataset_expanded/stego_core_combined/Transparency_1_S__xlsx_small__lsb1.png,ZIP,signature_pk_zip,0,XLSX,validated_ooxml_xlsx,1,3,8899,little,50 4b 03 04 14 00 06 00,0.147076,
core,Transparency_1_S__xlsx_small__lsb2.png,/home/kali/Desktop/stego_dataset_expanded/stego_core_combined/Transparency_1_S__xlsx_small__lsb2.png,Transparency_1_S.png,Transparency,1,S,png,P03.xlsx,xlsx,small,2,XLSX,/home/kali/stego_dataset_expanded/stego_core_combined/Transparency_1_S__xlsx_small__lsb2.png,ZIP,signature_pk_zip,0,XLSX,validated_ooxml_xlsx,1,3,8899,little,50 4b 03 04 14 00 06 00,0.141978,
core,Transparency_1_S__xlsx_small__lsb3.png,/home/kali/Desktop/stego_dataset_expanded/stego_core_combined/Transparency_1_S__xlsx_small__lsb3.png,Transparency_1_S.png,Transparency,1,S,png,P03.xlsx,xlsx,small,3,XLSX,/home/kali/stego_dataset_expanded/stego_core_combined/Transparency_1_S__xlsx_small__lsb3.png,ZIP,signature_pk_zip,0,XLSX,validated_ooxml_xlsx,1,3,8899,little,50 4b 03 04 14 00 06 00,0.128355,
core,Transparency_2_L__docx_large__lsb2.png,/home/kali/Desktop/stego_dataset_expanded/stego_core_combined/Transparency_2_L__docx_large__lsb2.png,Transparency_2_L.png,Transparency,2,L,png,P01.docx,docx,large,2,DOCX,/home/kali/stego_dataset_expanded/stego_core_combined/Transparency_2_L__docx_large__lsb2.png,ZIP,signature_pk_zip,0,DOCX,validated_ooxml_docx,1,3,1121154,little,50 4b 03 04 14 00 06 00,2.613070,
core,Transparency_2_L__docx_large__lsb3.png,/home/kali/Desktop/stego_dataset_expanded/stego_core_combined/Transparency_2_L__docx_large__lsb3.png,Transparency_2_L.png,Transparency,2,L,png,P01.docx,docx,large,3,DOCX,/home/kali/stego_dataset_expanded/stego_core_combined/Transparency_2_L__docx_large__lsb3.png,ZIP,signature_pk_zip,0,DOCX,validated_ooxml_docx,1,4,1121154,little,50 4b 03 04 14 00 06 00,1.275215,
core,Transparency_2_L__docx_medium__lsb1.png,/home/kali/Desktop/stego_dataset_expanded/stego_core_combined/Transparency_2_L__docx_medium__lsb1.png,Transparency_2_L.png,Transparency,2,L,png,P01.docx,docx,medium,1,DOCX,/home/kali/stego_dataset_expanded/stego_core_combined/Transparency_2_L__docx_medium__lsb1.png,ZIP,signature_pk_zip,0,DOCX,validated_ooxml_docx,1,3,511127,little,50 4b 03 04 14 00 06 00,1.340055,
core,Transparency_2_L__docx_medium__lsb2.png,/home/kali/Desktop/stego_dataset_expanded/stego_core_combined/Transparency_2_L__docx_medium__lsb2.png,Transparency_2_L.png,Transparency,2,L,png,P01.docx,docx,medium,2,DOCX,/home/kali/stego_dataset_expanded/stego_core_combined/Transparency_2_L__docx_medium__lsb2.png,ZIP,signature_pk_zip,0,DOCX,validated_ooxml_docx,1,3,511127,little,50 4b 03 04 14 00 06 00,1.174002,
core,Transparency_2_L__docx_medium__lsb3.png,/home/kali/Desktop/stego_dataset_expanded/stego_core_combined/Transparency_2_L__docx_medium__lsb3.png,Transparency_2_L.png,Transparency,2,L,png,P01.docx,docx,medium,3,DOCX,/home/kali/stego_dataset_expanded/stego_core_combined/Transparency_2_L__docx_medium__lsb3.png,ZIP,signature_pk_zip,0,DOCX,validated_ooxml_docx,1,4,511127,little,50 4b 03 04 14 00 06 00,1.161071,
core,Transparency_2_L__docx_small__lsb1.png,/home/kali/Desktop/stego_dataset_expanded/stego_core_combined/Transparency_2_L__docx_small__lsb1.png,Transparency_2_L.png,Transparency,2,L,png,P01.docx,docx,small,1,DOCX,/home/kali/stego_dataset_expanded/stego_core_combined/Transparency_2_L__docx_small__lsb1.png,ZIP,signature_pk_zip,0,DOCX,validated_ooxml_docx,1,3,13432,little,50 4b 03 04 14 00 06 00,1.032579,
core,Transparency_2_L__docx_small__lsb2.png,/home/kali/Desktop/stego_dataset_expanded/stego_core_combined/Transparency_2_L__docx_small__lsb2.png,Transparency_2_L.png,Transparency,2,L,png,P01.docx,docx,small,2,DOCX,/home/kali/stego_dataset_expanded/stego_core_combined/Transparency_2_L__docx_small__lsb2.png,ZIP,signature_pk_zip,0,DOCX,validated_ooxml_docx,1,3,13432,little,50 4b 03 04 14 00 06 00,1.086072,
core,Transparency_2_L__docx_small__lsb3.png,/home/kali/Desktop/stego_dataset_expanded/stego_core_combined/Transparency_2_L__docx_small__lsb3.png,Transparency_2_L.png,Transparency,2,L,png,P01.docx,docx,small,3,DOCX,/home/kali/stego_dataset_expanded/stego_core_combined/Transparency_2_L__docx_small__lsb3.png,ZIP,signature_pk_zip,0,DOCX,validated_ooxml_docx,1,4,13432,little,50 4b 03 04 14 00 06 00,1.072498,
core,Transparency_2_L__exe_large__lsb2.png,/home/kali/Desktop/stego_dataset_expanded/stego_core_combined/Transparency_2_L__exe_large__lsb2.png,Transparency_2_L.png,Transparency,2,L,png,P06.exe,exe,large,2,EXE,/home/kali/stego_dataset_expanded/stego_core_combined/Transparency_2_L__exe_large__lsb2.png,EXE,signature_mz,1,EXE,validated_mz_pe_header,1,3,1017856,little,4d 5a 90 00 03 00 00 00,1.284910,
core,Transparency_2_L__exe_large__lsb3.png,/home/kali/Desktop/stego_dataset_expanded/stego_core_combined/Transparency_2_L__exe_large__lsb3.png,Transparency_2_L.png,Transparency,2,L,png,P06.exe,exe,large,3,EXE,/home/kali/stego_dataset_expanded/stego_core_combined/Transparency_2_L__exe_large__lsb3.png,EXE,signature_mz,1,EXE,validated_mz_pe_header,1,4,1017856,little,4d 5a 90 00 03 00 00 00,1.177686,
core,Transparency_2_L__exe_medium__lsb1.png,/home/kali/Desktop/stego_dataset_expanded/stego_core_combined/Transparency_2_L__exe_medium__lsb1.png,Transparency_2_L.png,Transparency,2,L,png,P06.exe,exe,medium,1,EXE,/home/kali/stego_dataset_expanded/stego_core_combined/Transparency_2_L__exe_medium__lsb1.png,EXE,signature_mz,1,EXE,validated_mz_pe_header,1,3,505856,little,4d 5a 90 00 03 00 00 00,1.221695,
core,Transparency_2_L__exe_medium__lsb2.png,/home/kali/Desktop/stego_dataset_expanded/stego_core_combined/Transparency_2_L__exe_medium__lsb2.png,Transparency_2_L.png,Transparency,2,L,png,P06.exe,exe,medium,2,EXE,/home/kali/stego_dataset_expanded/stego_core_combined/Transparency_2_L__exe_medium__lsb2.png,EXE,signature_mz,1,EXE,validated_mz_pe_header,1,3,505856,little,4d 5a 90 00 03 00 00 00,1.216300,
core,Transparency_2_L__exe_medium__lsb3.png,/home/kali/Desktop/stego_dataset_expanded/stego_core_combined/Transparency_2_L__exe_medium__lsb3.png,Transparency_2_L.png,Transparency,2,L,png,P06.exe,exe,medium,3,EXE,/home/kali/stego_dataset_expanded/stego_core_combined/Transparency_2_L__exe_medium__lsb3.png,EXE,signature_mz,1,EXE,validated_mz_pe_header,1,4,505856,little,4d 5a 90 00 03 00 00 00,1.063461,
core,Transparency_2_L__exe_small__lsb1.png,/home/kali/Desktop/stego_dataset_expanded/stego_core_combined/Transparency_2_L__exe_small__lsb1.png,Transparency_2_L.png,Transparency,2,L,png,P06.exe,exe,small,1,EXE,/home/kali/stego_dataset_expanded/stego_core_combined/Transparency_2_L__exe_small__lsb1.png,EXE,signature_mz,1,EXE,validated_mz_pe_header,1,3,40448,little,4d 5a 90 00 03 00 00 00,1.056886,
core,Transparency_2_L__exe_small__lsb2.png,/home/kali/Desktop/stego_dataset_expanded/stego_core_combined/Transparency_2_L__exe_small__lsb2.png,Transparency_2_L.png,Transparency,2,L,png,P06.exe,exe,small,2,EXE,/home/kali/stego_dataset_expanded/stego_core_combined/Transparency_2_L__exe_small__lsb2.png,EXE,signature_mz,1,EXE,validated_mz_pe_header,1,3,40448,little,4d 5a 90 00 03 00 00 00,1.039413,
core,Transparency_2_L__exe_small__lsb3.png,/home/kali/Desktop/stego_dataset_expanded/stego_core_combined/Transparency_2_L__exe_small__lsb3.png,Transparency_2_L.png,Transparency,2,L,png,P06.exe,exe,small,3,EXE,/home/kali/stego_dataset_expanded/stego_core_combined/Transparency_2_L__exe_small__lsb3.png,EXE,signature_mz,1,EXE,validated_mz_pe_header,1,4,40448,little,4d 5a 90 00 03 00 00 00,1.060912,
core,Transparency_2_L__pdf_large__lsb2.png,/home/kali/Desktop/stego_dataset_expanded/stego_core_combined/Transparency_2_L__pdf_large__lsb2.png,Transparency_2_L.png,Transparency,2,L,png,P02.pdf,pdf,large,2,PDF,/home/kali/stego_dataset_expanded/stego_core_combined/Transparency_2_L__pdf_large__lsb2.png,PDF,signature_pdf,1,PDF,validated_pdf_startxref_eof,1,3,1100144,little,25 50 44 46 2d 31 2e 33,1.332045,
core,Transparency_2_L__pdf_large__lsb3.png,/home/kali/Desktop/stego_dataset_expanded/stego_core_combined/Transparency_2_L__pdf_large__lsb3.png,Transparency_2_L.png,Transparency,2,L,png,P02.pdf,pdf,large,3,PDF,/home/kali/stego_dataset_expanded/stego_core_combined/Transparency_2_L__pdf_large__lsb3.png,PDF,signature_pdf,1,PDF,validated_pdf_startxref_eof,1,4,1100144,little,25 50 44 46 2d 31 2e 33,1.376482,
core,Transparency_2_L__pdf_medium__lsb1.png,/home/kali/Desktop/stego_dataset_expanded/stego_core_combined/Transparency_2_L__pdf_medium__lsb1.png,Transparency_2_L.png,Transparency,2,L,png,P02.pdf,pdf,medium,1,PDF,/home/kali/stego_dataset_expanded/stego_core_combined/Transparency_2_L__pdf_medium__lsb1.png,PDF,signature_pdf,1,PDF,validated_pdf_startxref_eof,1,3,510410,little,25 50 44 46 2d 31 2e 37,1.510345,
core,Transparency_2_L__pdf_medium__lsb2.png,/home/kali/Desktop/stego_dataset_expanded/stego_core_combined/Transparency_2_L__pdf_medium__lsb2.png,Transparency_2_L.png,Transparency,2,L,png,P02.pdf,pdf,medium,2,PDF,/home/kali/stego_dataset_expanded/stego_core_combined/Transparency_2_L__pdf_medium__lsb2.png,PDF,signature_pdf,1,PDF,validated_pdf_startxref_eof,1,3,510410,little,25 50 44 46 2d 31 2e 37,1.359220,
core,Transparency_2_L__pdf_medium__lsb3.png,/home/kali/Desktop/stego_dataset_expanded/stego_core_combined/Transparency_2_L__pdf_medium__lsb3.png,Transparency_2_L.png,Transparency,2,L,png,P02.pdf,pdf,medium,3,PDF,/home/kali/stego_dataset_expanded/stego_core_combined/Transparency_2_L__pdf_medium__lsb3.png,PDF,signature_pdf,1,PDF,validated_pdf_startxref_eof,1,4,510410,little,25 50 44 46 2d 31 2e 37,1.226436,
core,Transparency_2_L__pdf_small__lsb1.png,/home/kali/Desktop/stego_dataset_expanded/stego_core_combined/Transparency_2_L__pdf_small__lsb1.png,Transparency_2_L.png,Transparency,2,L,png,P02.pdf,pdf,small,1,PDF,/home/kali/stego_dataset_expanded/stego_core_combined/Transparency_2_L__pdf_small__lsb1.png,PDF,signature_pdf,1,PDF,validated_pdf_startxref_eof,1,3,16620,little,25 50 44 46 2d 31 2e 37,1.110037,
core,Transparency_2_L__pdf_small__lsb2.png,/home/kali/Desktop/stego_dataset_expanded/stego_core_combined/Transparency_2_L__pdf_small__lsb2.png,Transparency_2_L.png,Transparency,2,L,png,P02.pdf,pdf,small,2,PDF,/home/kali/stego_dataset_expanded/stego_core_combined/Transparency_2_L__pdf_small__lsb2.png,PDF,signature_pdf,1,PDF,validated_pdf_startxref_eof,1,3,16620,little,25 50 44 46 2d 31 2e 37,1.066147,
core,Transparency_2_L__pdf_small__lsb3.png,/home/kali/Desktop/stego_dataset_expanded/stego_core_combined/Transparency_2_L__pdf_small__lsb3.png,Transparency_2_L.png,Transparency,2,L,png,P02.pdf,pdf,small,3,PDF,/home/kali/stego_dataset_expanded/stego_core_combined/Transparency_2_L__pdf_small__lsb3.png,PDF,signature_pdf,1,PDF,validated_pdf_startxref_eof,1,4,16620,little,25 50 44 46 2d 31 2e 37,1.003012,
core,Transparency_2_L__pptx_large__lsb2.png,/home/kali/Desktop/stego_dataset_expanded/stego_core_combined/Transparency_2_L__pptx_large__lsb2.png,Transparency_2_L.png,Transparency,2,L,png,P04.pptx,pptx,large,2,PPTX,/home/kali/stego_dataset_expanded/stego_core_combined/Transparency_2_L__pptx_large__lsb2.png,ZIP,signature_pk_zip,0,PPTX,validated_ooxml_pptx,1,3,1082610,little,50 4b 03 04 14 00 06 00,1.279495,
core,Transparency_2_L__pptx_large__lsb3.png,/home/kali/Desktop/stego_dataset_expanded/stego_core_combined/Transparency_2_L__pptx_large__lsb3.png,Transparency_2_L.png,Transparency,2,L,png,P04.pptx,pptx,large,3,PPTX,/home/kali/stego_dataset_expanded/stego_core_combined/Transparency_2_L__pptx_large__lsb3.png,ZIP,signature_pk_zip,0,PPTX,validated_ooxml_pptx,1,4,1082610,little,50 4b 03 04 14 00 06 00,1.205021,
core,Transparency_2_L__pptx_medium__lsb1.png,/home/kali/Desktop/stego_dataset_expanded/stego_core_combined/Transparency_2_L__pptx_medium__lsb1.png,Transparency_2_L.png,Transparency,2,L,png,P04.pptx,pptx,medium,1,PPTX,/home/kali/stego_dataset_expanded/stego_core_combined/Transparency_2_L__pptx_medium__lsb1.png,ZIP,signature_pk_zip,0,PPTX,validated_ooxml_pptx,1,3,512113,little,50 4b 03 04 14 00 06 00,1.281821,
core,Transparency_2_L__pptx_medium__lsb2.png,/home/kali/Desktop/stego_dataset_expanded/stego_core_combined/Transparency_2_L__pptx_medium__lsb2.png,Transparency_2_L.png,Transparency,2,L,png,P04.pptx,pptx,medium,2,PPTX,/home/kali/stego_dataset_expanded/stego_core_combined/Transparency_2_L__pptx_medium__lsb2.png,ZIP,signature_pk_zip,0,PPTX,validated_ooxml_pptx,1,3,512113,little,50 4b 03 04 14 00 06 00,1.137962,
core,Transparency_2_L__pptx_medium__lsb3.png,/home/kali/Desktop/stego_dataset_expanded/stego_core_combined/Transparency_2_L__pptx_medium__lsb3.png,Transparency_2_L.png,Transparency,2,L,png,P04.pptx,pptx,medium,3,PPTX,/home/kali/stego_dataset_expanded/stego_core_combined/Transparency_2_L__pptx_medium__lsb3.png,ZIP,signature_pk_zip,0,PPTX,validated_ooxml_pptx,1,4,512113,little,50 4b 03 04 14 00 06 00,1.078965,
core,Transparency_2_L__pptx_small__lsb1.png,/home/kali/Desktop/stego_dataset_expanded/stego_core_combined/Transparency_2_L__pptx_small__lsb1.png,Transparency_2_L.png,Transparency,2,L,png,P04.pptx,pptx,small,1,PPTX,/home/kali/stego_dataset_expanded/stego_core_combined/Transparency_2_L__pptx_small__lsb1.png,ZIP,signature_pk_zip,0,PPTX,validated_ooxml_pptx,1,3,32020,little,50 4b 03 04 14 00 06 00,1.080541,
core,Transparency_2_L__pptx_small__lsb2.png,/home/kali/Desktop/stego_dataset_expanded/stego_core_combined/Transparency_2_L__pptx_small__lsb2.png,Transparency_2_L.png,Transparency,2,L,png,P04.pptx,pptx,small,2,PPTX,/home/kali/stego_dataset_expanded/stego_core_combined/Transparency_2_L__pptx_small__lsb2.png,ZIP,signature_pk_zip,0,PPTX,validated_ooxml_pptx,1,3,32020,little,50 4b 03 04 14 00 06 00,1.070611,
core,Transparency_2_L__pptx_small__lsb3.png,/home/kali/Desktop/stego_dataset_expanded/stego_core_combined/Transparency_2_L__pptx_small__lsb3.png,Transparency_2_L.png,Transparency,2,L,png,P04.pptx,pptx,small,3,PPTX,/home/kali/stego_dataset_expanded/stego_core_combined/Transparency_2_L__pptx_small__lsb3.png,ZIP,signature_pk_zip,0,PPTX,validated_ooxml_pptx,1,4,32020,little,50 4b 03 04 14 00 06 00,1.080483,
core,Transparency_2_L__rtf_large__lsb2.png,/home/kali/Desktop/stego_dataset_expanded/stego_core_combined/Transparency_2_L__rtf_large__lsb2.png,Transparency_2_L.png,Transparency,2,L,png,P05.rtf,rtf,large,2,RTF,/home/kali/stego_dataset_expanded/stego_core_combined/Transparency_2_L__rtf_large__lsb2.png,RTF,signature_rtf,1,RTF,validated_rtf_structure,1,3,1085026,little,7b 5c 72 74 66 31 5c 61,1.284144,
core,Transparency_2_L__rtf_large__lsb3.png,/home/kali/Desktop/stego_dataset_expanded/stego_core_combined/Transparency_2_L__rtf_large__lsb3.png,Transparency_2_L.png,Transparency,2,L,png,P05.rtf,rtf,large,3,RTF,/home/kali/stego_dataset_expanded/stego_core_combined/Transparency_2_L__rtf_large__lsb3.png,RTF,signature_rtf,1,RTF,validated_rtf_structure,1,4,1085026,little,7b 5c 72 74 66 31 5c 61,1.174876,
core,Transparency_2_L__rtf_medium__lsb1.png,/home/kali/Desktop/stego_dataset_expanded/stego_core_combined/Transparency_2_L__rtf_medium__lsb1.png,Transparency_2_L.png,Transparency,2,L,png,P05.rtf,rtf,medium,1,RTF,/home/kali/stego_dataset_expanded/stego_core_combined/Transparency_2_L__rtf_medium__lsb1.png,RTF,signature_rtf,1,RTF,validated_rtf_structure,1,3,511504,little,7b 5c 72 74 66 31 5c 61,1.259629,
core,Transparency_2_L__rtf_medium__lsb2.png,/home/kali/Desktop/stego_dataset_expanded/stego_core_combined/Transparency_2_L__rtf_medium__lsb2.png,Transparency_2_L.png,Transparency,2,L,png,P05.rtf,rtf,medium,2,RTF,/home/kali/stego_dataset_expanded/stego_core_combined/Transparency_2_L__rtf_medium__lsb2.png,RTF,signature_rtf,1,RTF,validated_rtf_structure,1,3,511504,little,7b 5c 72 74 66 31 5c 61,1.135565,
core,Transparency_2_L__rtf_medium__lsb3.png,/home/kali/Desktop/stego_dataset_expanded/stego_core_combined/Transparency_2_L__rtf_medium__lsb3.png,Transparency_2_L.png,Transparency,2,L,png,P05.rtf,rtf,medium,3,RTF,/home/kali/stego_dataset_expanded/stego_core_combined/Transparency_2_L__rtf_medium__lsb3.png,RTF,signature_rtf,1,RTF,validated_rtf_structure,1,4,511504,little,7b 5c 72 74 66 31 5c 61,1.153918,
core,Transparency_2_L__rtf_small__lsb1.png,/home/kali/Desktop/stego_dataset_expanded/stego_core_combined/Transparency_2_L__rtf_small__lsb1.png,Transparency_2_L.png,Transparency,2,L,png,P05.rtf,rtf,small,1,RTF,/home/kali/stego_dataset_expanded/stego_core_combined/Transparency_2_L__rtf_small__lsb1.png,RTF,signature_rtf,1,RTF,validated_rtf_structure,1,3,50275,little,7b 5c 72 74 66 31 5c 61,1.058599,
core,Transparency_2_L__rtf_small__lsb2.png,/home/kali/Desktop/stego_dataset_expanded/stego_core_combined/Transparency_2_L__rtf_small__lsb2.png,Transparency_2_L.png,Transparency,2,L,png,P05.rtf,rtf,small,2,RTF,/home/kali/stego_dataset_expanded/stego_core_combined/Transparency_2_L__rtf_small__lsb2.png,RTF,signature_rtf,1,RTF,validated_rtf_structure,1,3,50275,little,7b 5c 72 74 66 31 5c 61,1.050304,
core,Transparency_2_L__rtf_small__lsb3.png,/home/kali/Desktop/stego_dataset_expanded/stego_core_combined/Transparency_2_L__rtf_small__lsb3.png,Transparency_2_L.png,Transparency,2,L,png,P05.rtf,rtf,small,3,RTF,/home/kali/stego_dataset_expanded/stego_core_combined/Transparency_2_L__rtf_small__lsb3.png,RTF,signature_rtf,1,RTF,validated_rtf_structure,1,4,50275,little,7b 5c 72 74 66 31 5c 61,1.031625,
core,Transparency_2_L__xlsx_large__lsb2.png,/home/kali/Desktop/stego_dataset_expanded/stego_core_combined/Transparency_2_L__xlsx_large__lsb2.png,Transparency_2_L.png,Transparency,2,L,png,P03.xlsx,xlsx,large,2,XLSX,/home/kali/stego_dataset_expanded/stego_core_combined/Transparency_2_L__xlsx_large__lsb2.png,ZIP,signature_pk_zip,0,XLSX,validated_ooxml_xlsx,1,3,1090468,little,50 4b 03 04 14 00 06 00,1.397886,
core,Transparency_2_L__xlsx_large__lsb3.png,/home/kali/Desktop/stego_dataset_expanded/stego_core_combined/Transparency_2_L__xlsx_large__lsb3.png,Transparency_2_L.png,Transparency,2,L,png,P03.xlsx,xlsx,large,3,XLSX,/home/kali/stego_dataset_expanded/stego_core_combined/Transparency_2_L__xlsx_large__lsb3.png,ZIP,signature_pk_zip,0,XLSX,validated_ooxml_xlsx,1,4,1090468,little,50 4b 03 04 14 00 06 00,1.257085,
core,Transparency_2_L__xlsx_medium__lsb1.png,/home/kali/Desktop/stego_dataset_expanded/stego_core_combined/Transparency_2_L__xlsx_medium__lsb1.png,Transparency_2_L.png,Transparency,2,L,png,P03.xlsx,xlsx,medium,1,XLSX,/home/kali/stego_dataset_expanded/stego_core_combined/Transparency_2_L__xlsx_medium__lsb1.png,ZIP,signature_pk_zip,0,XLSX,validated_ooxml_xlsx,1,3,511280,little,50 4b 03 04 14 00 06 00,1.404271,
core,Transparency_2_L__xlsx_medium__lsb2.png,/home/kali/Desktop/stego_dataset_expanded/stego_core_combined/Transparency_2_L__xlsx_medium__lsb2.png,Transparency_2_L.png,Transparency,2,L,png,P03.xlsx,xlsx,medium,2,XLSX,/home/kali/stego_dataset_expanded/stego_core_combined/Transparency_2_L__xlsx_medium__lsb2.png,ZIP,signature_pk_zip,0,XLSX,validated_ooxml_xlsx,1,3,511280,little,50 4b 03 04 14 00 06 00,1.181891,
core,Transparency_2_L__xlsx_medium__lsb3.png,/home/kali/Desktop/stego_dataset_expanded/stego_core_combined/Transparency_2_L__xlsx_medium__lsb3.png,Transparency_2_L.png,Transparency,2,L,png,P03.xlsx,xlsx,medium,3,XLSX,/home/kali/stego_dataset_expanded/stego_core_combined/Transparency_2_L__xlsx_medium__lsb3.png,ZIP,signature_pk_zip,0,XLSX,validated_ooxml_xlsx,1,4,511280,little,50 4b 03 04 14 00 06 00,1.139670,
core,Transparency_2_L__xlsx_small__lsb1.png,/home/kali/Desktop/stego_dataset_expanded/stego_core_combined/Transparency_2_L__xlsx_small__lsb1.png,Transparency_2_L.png,Transparency,2,L,png,P03.xlsx,xlsx,small,1,XLSX,/home/kali/stego_dataset_expanded/stego_core_combined/Transparency_2_L__xlsx_small__lsb1.png,ZIP,signature_pk_zip,0,XLSX,validated_ooxml_xlsx,1,3,8899,little,50 4b 03 04 14 00 06 00,1.053753,
core,Transparency_2_L__xlsx_small__lsb2.png,/home/kali/Desktop/stego_dataset_expanded/stego_core_combined/Transparency_2_L__xlsx_small__lsb2.png,Transparency_2_L.png,Transparency,2,L,png,P03.xlsx,xlsx,small,2,XLSX,/home/kali/stego_dataset_expanded/stego_core_combined/Transparency_2_L__xlsx_small__lsb2.png,ZIP,signature_pk_zip,0,XLSX,validated_ooxml_xlsx,1,3,8899,little,50 4b 03 04 14 00 06 00,1.052865,
core,Transparency_2_L__xlsx_small__lsb3.png,/home/kali/Desktop/stego_dataset_expanded/stego_core_combined/Transparency_2_L__xlsx_small__lsb3.png,Transparency_2_L.png,Transparency,2,L,png,P03.xlsx,xlsx,small,3,XLSX,/home/kali/stego_dataset_expanded/stego_core_combined/Transparency_2_L__xlsx_small__lsb3.png,ZIP,signature_pk_zip,0,XLSX,validated_ooxml_xlsx,1,4,8899,little,50 4b 03 04 14 00 06 00,1.014186,
extended_xl,XL-Synthetic_10_B__docx_large__lsb1.bmp,/home/kali/Desktop/stego_dataset_expanded/stego_core_combined/XL-Synthetic_10_B__docx_large__lsb1.bmp,XL-Synthetic_10_B.bmp,XL-Synthetic,10,B,bmp,P01.docx,docx,large,1,DOCX,/home/kali/stego_dataset_expanded/stego_core_combined/XL-Synthetic_10_B__docx_large__lsb1.bmp,ZIP,signature_pk_zip,0,DOCX,validated_ooxml_docx,1,4,1121154,little,50 4b 03 04 14 00 06 00,30.456203,
extended_xl,XL-Synthetic_10_B__docx_large__lsb2.bmp,/home/kali/Desktop/stego_dataset_expanded/stego_core_combined/XL-Synthetic_10_B__docx_large__lsb2.bmp,XL-Synthetic_10_B.bmp,XL-Synthetic,10,B,bmp,P01.docx,docx,large,2,DOCX,/home/kali/stego_dataset_expanded/stego_core_combined/XL-Synthetic_10_B__docx_large__lsb2.bmp,ZIP,signature_pk_zip,0,DOCX,validated_ooxml_docx,1,4,1121154,little,50 4b 03 04 14 00 06 00,10.190959,
extended_xl,XL-Synthetic_10_B__docx_large__lsb3.bmp,/home/kali/Desktop/stego_dataset_expanded/stego_core_combined/XL-Synthetic_10_B__docx_large__lsb3.bmp,XL-Synthetic_10_B.bmp,XL-Synthetic,10,B,bmp,P01.docx,docx,large,3,DOCX,/home/kali/stego_dataset_expanded/stego_core_combined/XL-Synthetic_10_B__docx_large__lsb3.bmp,ZIP,signature_pk_zip,0,DOCX,validated_ooxml_docx,1,4,1121154,little,50 4b 03 04 14 00 06 00,9.076915,
extended_xl,XL-Synthetic_10_B__docx_medium__lsb1.bmp,/home/kali/Desktop/stego_dataset_expanded/stego_core_combined/XL-Synthetic_10_B__docx_medium__lsb1.bmp,XL-Synthetic_10_B.bmp,XL-Synthetic,10,B,bmp,P01.docx,docx,medium,1,DOCX,/home/kali/stego_dataset_expanded/stego_core_combined/XL-Synthetic_10_B__docx_medium__lsb1.bmp,ZIP,signature_pk_zip,0,DOCX,validated_ooxml_docx,1,4,511127,little,50 4b 03 04 14 00 06 00,9.653130,
extended_xl,XL-Synthetic_10_B__docx_medium__lsb2.bmp,/home/kali/Desktop/stego_dataset_expanded/stego_core_combined/XL-Synthetic_10_B__docx_medium__lsb2.bmp,XL-Synthetic_10_B.bmp,XL-Synthetic,10,B,bmp,P01.docx,docx,medium,2,DOCX,/home/kali/stego_dataset_expanded/stego_core_combined/XL-Synthetic_10_B__docx_medium__lsb2.bmp,ZIP,signature_pk_zip,0,DOCX,validated_ooxml_docx,1,4,511127,little,50 4b 03 04 14 00 06 00,10.811265,
extended_xl,XL-Synthetic_10_B__docx_medium__lsb3.bmp,/home/kali/Desktop/stego_dataset_expanded/stego_core_combined/XL-Synthetic_10_B__docx_medium__lsb3.bmp,XL-Synthetic_10_B.bmp,XL-Synthetic,10,B,bmp,P01.docx,docx,medium,3,DOCX,/home/kali/stego_dataset_expanded/stego_core_combined/XL-Synthetic_10_B__docx_medium__lsb3.bmp,ZIP,signature_pk_zip,0,DOCX,validated_ooxml_docx,1,4,511127,little,50 4b 03 04 14 00 06 00,9.832706,
extended_xl,XL-Synthetic_10_B__docx_small__lsb1.bmp,/home/kali/Desktop/stego_dataset_expanded/stego_core_combined/XL-Synthetic_10_B__docx_small__lsb1.bmp,XL-Synthetic_10_B.bmp,XL-Synthetic,10,B,bmp,P01.docx,docx,small,1,DOCX,/home/kali/stego_dataset_expanded/stego_core_combined/XL-Synthetic_10_B__docx_small__lsb1.bmp,ZIP,signature_pk_zip,0,DOCX,validated_ooxml_docx,1,4,13432,little,50 4b 03 04 14 00 06 00,9.107575,
extended_xl,XL-Synthetic_10_B__docx_small__lsb2.bmp,/home/kali/Desktop/stego_dataset_expanded/stego_core_combined/XL-Synthetic_10_B__docx_small__lsb2.bmp,XL-Synthetic_10_B.bmp,XL-Synthetic,10,B,bmp,P01.docx,docx,small,2,DOCX,/home/kali/stego_dataset_expanded/stego_core_combined/XL-Synthetic_10_B__docx_small__lsb2.bmp,ZIP,signature_pk_zip,0,DOCX,validated_ooxml_docx,1,4,13432,little,50 4b 03 04 14 00 06 00,8.915857,
extended_xl,XL-Synthetic_10_B__docx_small__lsb3.bmp,/home/kali/Desktop/stego_dataset_expanded/stego_core_combined/XL-Synthetic_10_B__docx_small__lsb3.bmp,XL-Synthetic_10_B.bmp,XL-Synthetic,10,B,bmp,P01.docx,docx,small,3,DOCX,/home/kali/stego_dataset_expanded/stego_core_combined/XL-Synthetic_10_B__docx_small__lsb3.bmp,ZIP,signature_pk_zip,0,DOCX,validated_ooxml_docx,1,4,13432,little,50 4b 03 04 14 00 06 00,10.388169,
extended_xl,XL-Synthetic_10_B__exe_large__lsb1.bmp,/home/kali/Desktop/stego_dataset_expanded/stego_core_combined/XL-Synthetic_10_B__exe_large__lsb1.bmp,XL-Synthetic_10_B.bmp,XL-Synthetic,10,B,bmp,P06.exe,exe,large,1,EXE,/home/kali/stego_dataset_expanded/stego_core_combined/XL-Synthetic_10_B__exe_large__lsb1.bmp,EXE,signature_mz,1,EXE,validated_mz_pe_header,1,4,1017856,little,4d 5a 90 00 03 00 00 00,10.167471,
extended_xl,XL-Synthetic_10_B__exe_large__lsb2.bmp,/home/kali/Desktop/stego_dataset_expanded/stego_core_combined/XL-Synthetic_10_B__exe_large__lsb2.bmp,XL-Synthetic_10_B.bmp,XL-Synthetic,10,B,bmp,P06.exe,exe,large,2,EXE,/home/kali/stego_dataset_expanded/stego_core_combined/XL-Synthetic_10_B__exe_large__lsb2.bmp,EXE,signature_mz,1,EXE,validated_mz_pe_header,1,4,1017856,little,4d 5a 90 00 03 00 00 00,9.918195,
extended_xl,XL-Synthetic_10_B__exe_large__lsb3.bmp,/home/kali/Desktop/stego_dataset_expanded/stego_core_combined/XL-Synthetic_10_B__exe_large__lsb3.bmp,XL-Synthetic_10_B.bmp,XL-Synthetic,10,B,bmp,P06.exe,exe,large,3,EXE,/home/kali/stego_dataset_expanded/stego_core_combined/XL-Synthetic_10_B__exe_large__lsb3.bmp,EXE,signature_mz,1,EXE,validated_mz_pe_header,1,4,1017856,little,4d 5a 90 00 03 00 00 00,9.888425,
extended_xl,XL-Synthetic_10_B__exe_medium__lsb1.bmp,/home/kali/Desktop/stego_dataset_expanded/stego_core_combined/XL-Synthetic_10_B__exe_medium__lsb1.bmp,XL-Synthetic_10_B.bmp,XL-Synthetic,10,B,bmp,P06.exe,exe,medium,1,EXE,/home/kali/stego_dataset_expanded/stego_core_combined/XL-Synthetic_10_B__exe_medium__lsb1.bmp,EXE,signature_mz,1,EXE,validated_mz_pe_header,1,4,505856,little,4d 5a 90 00 03 00 00 00,10.916282,
extended_xl,XL-Synthetic_10_B__exe_medium__lsb2.bmp,/home/kali/Desktop/stego_dataset_expanded/stego_core_combined/XL-Synthetic_10_B__exe_medium__lsb2.bmp,XL-Synthetic_10_B.bmp,XL-Synthetic,10,B,bmp,P06.exe,exe,medium,2,EXE,/home/kali/stego_dataset_expanded/stego_core_combined/XL-Synthetic_10_B__exe_medium__lsb2.bmp,EXE,signature_mz,1,EXE,validated_mz_pe_header,1,4,505856,little,4d 5a 90 00 03 00 00 00,12.335110,
extended_xl,XL-Synthetic_10_B__exe_medium__lsb3.bmp,/home/kali/Desktop/stego_dataset_expanded/stego_core_combined/XL-Synthetic_10_B__exe_medium__lsb3.bmp,XL-Synthetic_10_B.bmp,XL-Synthetic,10,B,bmp,P06.exe,exe,medium,3,EXE,/home/kali/stego_dataset_expanded/stego_core_combined/XL-Synthetic_10_B__exe_medium__lsb3.bmp,EXE,signature_mz,1,EXE,validated_mz_pe_header,1,4,505856,little,4d 5a 90 00 03 00 00 00,10.136173,
extended_xl,XL-Synthetic_10_B__exe_small__lsb1.bmp,/home/kali/Desktop/stego_dataset_expanded/stego_core_combined/XL-Synthetic_10_B__exe_small__lsb1.bmp,XL-Synthetic_10_B.bmp,XL-Synthetic,10,B,bmp,P06.exe,exe,small,1,EXE,/home/kali/stego_dataset_expanded/stego_core_combined/XL-Synthetic_10_B__exe_small__lsb1.bmp,EXE,signature_mz,1,EXE,validated_mz_pe_header,1,4,40448,little,4d 5a 90 00 03 00 00 00,10.414258,
extended_xl,XL-Synthetic_10_B__exe_small__lsb2.bmp,/home/kali/Desktop/stego_dataset_expanded/stego_core_combined/XL-Synthetic_10_B__exe_small__lsb2.bmp,XL-Synthetic_10_B.bmp,XL-Synthetic,10,B,bmp,P06.exe,exe,small,2,EXE,/home/kali/stego_dataset_expanded/stego_core_combined/XL-Synthetic_10_B__exe_small__lsb2.bmp,EXE,signature_mz,1,EXE,validated_mz_pe_header,1,4,40448,little,4d 5a 90 00 03 00 00 00,10.145208,
extended_xl,XL-Synthetic_10_B__exe_small__lsb3.bmp,/home/kali/Desktop/stego_dataset_expanded/stego_core_combined/XL-Synthetic_10_B__exe_small__lsb3.bmp,XL-Synthetic_10_B.bmp,XL-Synthetic,10,B,bmp,P06.exe,exe,small,3,EXE,/home/kali/stego_dataset_expanded/stego_core_combined/XL-Synthetic_10_B__exe_small__lsb3.bmp,EXE,signature_mz,1,EXE,validated_mz_pe_header,1,4,40448,little,4d 5a 90 00 03 00 00 00,10.094789,
extended_xl,XL-Synthetic_10_B__pdf_large__lsb1.bmp,/home/kali/Desktop/stego_dataset_expanded/stego_core_combined/XL-Synthetic_10_B__pdf_large__lsb1.bmp,XL-Synthetic_10_B.bmp,XL-Synthetic,10,B,bmp,P02.pdf,pdf,large,1,PDF,/home/kali/stego_dataset_expanded/stego_core_combined/XL-Synthetic_10_B__pdf_large__lsb1.bmp,PDF,signature_pdf,1,PDF,validated_pdf_startxref_eof,1,4,1100144,little,25 50 44 46 2d 31 2e 33,12.188089,
extended_xl,XL-Synthetic_10_B__pdf_large__lsb2.bmp,/home/kali/Desktop/stego_dataset_expanded/stego_core_combined/XL-Synthetic_10_B__pdf_large__lsb2.bmp,XL-Synthetic_10_B.bmp,XL-Synthetic,10,B,bmp,P02.pdf,pdf,large,2,PDF,/home/kali/stego_dataset_expanded/stego_core_combined/XL-Synthetic_10_B__pdf_large__lsb2.bmp,PDF,signature_pdf,1,PDF,validated_pdf_startxref_eof,1,4,1100144,little,25 50 44 46 2d 31 2e 33,14.539096,
extended_xl,XL-Synthetic_10_B__pdf_large__lsb3.bmp,/home/kali/Desktop/stego_dataset_expanded/stego_core_combined/XL-Synthetic_10_B__pdf_large__lsb3.bmp,XL-Synthetic_10_B.bmp,XL-Synthetic,10,B,bmp,P02.pdf,pdf,large,3,PDF,/home/kali/stego_dataset_expanded/stego_core_combined/XL-Synthetic_10_B__pdf_large__lsb3.bmp,PDF,signature_pdf,1,PDF,validated_pdf_startxref_eof,1,4,1100144,little,25 50 44 46 2d 31 2e 33,13.570591,
extended_xl,XL-Synthetic_10_B__pdf_medium__lsb1.bmp,/home/kali/Desktop/stego_dataset_expanded/stego_core_combined/XL-Synthetic_10_B__pdf_medium__lsb1.bmp,XL-Synthetic_10_B.bmp,XL-Synthetic,10,B,bmp,P02.pdf,pdf,medium,1,PDF,/home/kali/stego_dataset_expanded/stego_core_combined/XL-Synthetic_10_B__pdf_medium__lsb1.bmp,PDF,signature_pdf,1,PDF,validated_pdf_startxref_eof,1,4,510410,little,25 50 44 46 2d 31 2e 37,14.676228,
extended_xl,XL-Synthetic_10_B__pdf_medium__lsb2.bmp,/home/kali/Desktop/stego_dataset_expanded/stego_core_combined/XL-Synthetic_10_B__pdf_medium__lsb2.bmp,XL-Synthetic_10_B.bmp,XL-Synthetic,10,B,bmp,P02.pdf,pdf,medium,2,PDF,/home/kali/stego_dataset_expanded/stego_core_combined/XL-Synthetic_10_B__pdf_medium__lsb2.bmp,PDF,signature_pdf,1,PDF,validated_pdf_startxref_eof,1,4,510410,little,25 50 44 46 2d 31 2e 37,12.978844,
extended_xl,XL-Synthetic_10_B__pdf_medium__lsb3.bmp,/home/kali/Desktop/stego_dataset_expanded/stego_core_combined/XL-Synthetic_10_B__pdf_medium__lsb3.bmp,XL-Synthetic_10_B.bmp,XL-Synthetic,10,B,bmp,P02.pdf,pdf,medium,3,PDF,/home/kali/stego_dataset_expanded/stego_core_combined/XL-Synthetic_10_B__pdf_medium__lsb3.bmp,PDF,signature_pdf,1,PDF,validated_pdf_startxref_eof,1,4,510410,little,25 50 44 46 2d 31 2e 37,12.535180,
extended_xl,XL-Synthetic_10_B__pdf_small__lsb1.bmp,/home/kali/Desktop/stego_dataset_expanded/stego_core_combined/XL-Synthetic_10_B__pdf_small__lsb1.bmp,XL-Synthetic_10_B.bmp,XL-Synthetic,10,B,bmp,P02.pdf,pdf,small,1,PDF,/home/kali/stego_dataset_expanded/stego_core_combined/XL-Synthetic_10_B__pdf_small__lsb1.bmp,PDF,signature_pdf,1,PDF,validated_pdf_startxref_eof,1,4,16620,little,25 50 44 46 2d 31 2e 37,12.380682,
extended_xl,XL-Synthetic_10_B__pdf_small__lsb2.bmp,/home/kali/Desktop/stego_dataset_expanded/stego_core_combined/XL-Synthetic_10_B__pdf_small__lsb2.bmp,XL-Synthetic_10_B.bmp,XL-Synthetic,10,B,bmp,P02.pdf,pdf,small,2,PDF,/home/kali/stego_dataset_expanded/stego_core_combined/XL-Synthetic_10_B__pdf_small__lsb2.bmp,PDF,signature_pdf,1,PDF,validated_pdf_startxref_eof,1,4,16620,little,25 50 44 46 2d 31 2e 37,12.784221,
extended_xl,XL-Synthetic_10_B__pdf_small__lsb3.bmp,/home/kali/Desktop/stego_dataset_expanded/stego_core_combined/XL-Synthetic_10_B__pdf_small__lsb3.bmp,XL-Synthetic_10_B.bmp,XL-Synthetic,10,B,bmp,P02.pdf,pdf,small,3,PDF,/home/kali/stego_dataset_expanded/stego_core_combined/XL-Synthetic_10_B__pdf_small__lsb3.bmp,PDF,signature_pdf,1,PDF,validated_pdf_startxref_eof,1,4,16620,little,25 50 44 46 2d 31 2e 37,11.697962,
extended_xl,XL-Synthetic_10_B__pptx_large__lsb1.bmp,/home/kali/Desktop/stego_dataset_expanded/stego_core_combined/XL-Synthetic_10_B__pptx_large__lsb1.bmp,XL-Synthetic_10_B.bmp,XL-Synthetic,10,B,bmp,P04.pptx,pptx,large,1,PPTX,/home/kali/stego_dataset_expanded/stego_core_combined/XL-Synthetic_10_B__pptx_large__lsb1.bmp,ZIP,signature_pk_zip,0,PPTX,validated_ooxml_pptx,1,4,1082610,little,50 4b 03 04 14 00 06 00,14.420390,
extended_xl,XL-Synthetic_10_B__pptx_large__lsb2.bmp,/home/kali/Desktop/stego_dataset_expanded/stego_core_combined/XL-Synthetic_10_B__pptx_large__lsb2.bmp,XL-Synthetic_10_B.bmp,XL-Synthetic,10,B,bmp,P04.pptx,pptx,large,2,PPTX,/home/kali/stego_dataset_expanded/stego_core_combined/XL-Synthetic_10_B__pptx_large__lsb2.bmp,ZIP,signature_pk_zip,0,PPTX,validated_ooxml_pptx,1,4,1082610,little,50 4b 03 04 14 00 06 00,13.012411,
extended_xl,XL-Synthetic_10_B__pptx_large__lsb3.bmp,/home/kali/Desktop/stego_dataset_expanded/stego_core_combined/XL-Synthetic_10_B__pptx_large__lsb3.bmp,XL-Synthetic_10_B.bmp,XL-Synthetic,10,B,bmp,P04.pptx,pptx,large,3,PPTX,/home/kali/stego_dataset_expanded/stego_core_combined/XL-Synthetic_10_B__pptx_large__lsb3.bmp,ZIP,signature_pk_zip,0,PPTX,validated_ooxml_pptx,1,4,1082610,little,50 4b 03 04 14 00 06 00,13.890864,
extended_xl,XL-Synthetic_10_B__pptx_medium__lsb1.bmp,/home/kali/Desktop/stego_dataset_expanded/stego_core_combined/XL-Synthetic_10_B__pptx_medium__lsb1.bmp,XL-Synthetic_10_B.bmp,XL-Synthetic,10,B,bmp,P04.pptx,pptx,medium,1,PPTX,/home/kali/stego_dataset_expanded/stego_core_combined/XL-Synthetic_10_B__pptx_medium__lsb1.bmp,ZIP,signature_pk_zip,0,PPTX,validated_ooxml_pptx,1,4,512113,little,50 4b 03 04 14 00 06 00,13.481275,
extended_xl,XL-Synthetic_10_B__pptx_medium__lsb2.bmp,/home/kali/Desktop/stego_dataset_expanded/stego_core_combined/XL-Synthetic_10_B__pptx_medium__lsb2.bmp,XL-Synthetic_10_B.bmp,XL-Synthetic,10,B,bmp,P04.pptx,pptx,medium,2,PPTX,/home/kali/stego_dataset_expanded/stego_core_combined/XL-Synthetic_10_B__pptx_medium__lsb2.bmp,ZIP,signature_pk_zip,0,PPTX,validated_ooxml_pptx,1,4,512113,little,50 4b 03 04 14 00 06 00,15.567053,
extended_xl,XL-Synthetic_10_B__pptx_medium__lsb3.bmp,/home/kali/Desktop/stego_dataset_expanded/stego_core_combined/XL-Synthetic_10_B__pptx_medium__lsb3.bmp,XL-Synthetic_10_B.bmp,XL-Synthetic,10,B,bmp,P04.pptx,pptx,medium,3,PPTX,/home/kali/stego_dataset_expanded/stego_core_combined/XL-Synthetic_10_B__pptx_medium__lsb3.bmp,ZIP,signature_pk_zip,0,PPTX,validated_ooxml_pptx,1,4,512113,little,50 4b 03 04 14 00 06 00,13.601854,
extended_xl,XL-Synthetic_10_B__pptx_small__lsb1.bmp,/home/kali/Desktop/stego_dataset_expanded/stego_core_combined/XL-Synthetic_10_B__pptx_small__lsb1.bmp,XL-Synthetic_10_B.bmp,XL-Synthetic,10,B,bmp,P04.pptx,pptx,small,1,PPTX,/home/kali/stego_dataset_expanded/stego_core_combined/XL-Synthetic_10_B__pptx_small__lsb1.bmp,ZIP,signature_pk_zip,0,PPTX,validated_ooxml_pptx,1,4,32020,little,50 4b 03 04 14 00 06 00,14.612651,
extended_xl,XL-Synthetic_10_B__pptx_small__lsb2.bmp,/home/kali/Desktop/stego_dataset_expanded/stego_core_combined/XL-Synthetic_10_B__pptx_small__lsb2.bmp,XL-Synthetic_10_B.bmp,XL-Synthetic,10,B,bmp,P04.pptx,pptx,small,2,PPTX,/home/kali/stego_dataset_expanded/stego_core_combined/XL-Synthetic_10_B__pptx_small__lsb2.bmp,ZIP,signature_pk_zip,0,PPTX,validated_ooxml_pptx,1,4,32020,little,50 4b 03 04 14 00 06 00,15.666630,
extended_xl,XL-Synthetic_10_B__pptx_small__lsb3.bmp,/home/kali/Desktop/stego_dataset_expanded/stego_core_combined/XL-Synthetic_10_B__pptx_small__lsb3.bmp,XL-Synthetic_10_B.bmp,XL-Synthetic,10,B,bmp,P04.pptx,pptx,small,3,PPTX,/home/kali/stego_dataset_expanded/stego_core_combined/XL-Synthetic_10_B__pptx_small__lsb3.bmp,ZIP,signature_pk_zip,0,PPTX,validated_ooxml_pptx,1,4,32020,little,50 4b 03 04 14 00 06 00,14.590489,
extended_xl,XL-Synthetic_10_B__rtf_large__lsb1.bmp,/home/kali/Desktop/stego_dataset_expanded/stego_core_combined/XL-Synthetic_10_B__rtf_large__lsb1.bmp,XL-Synthetic_10_B.bmp,XL-Synthetic,10,B,bmp,P05.rtf,rtf,large,1,RTF,/home/kali/stego_dataset_expanded/stego_core_combined/XL-Synthetic_10_B__rtf_large__lsb1.bmp,RTF,signature_rtf,1,RTF,validated_rtf_structure,1,4,1085026,little,7b 5c 72 74 66 31 5c 61,12.375049,
extended_xl,XL-Synthetic_10_B__rtf_large__lsb2.bmp,/home/kali/Desktop/stego_dataset_expanded/stego_core_combined/XL-Synthetic_10_B__rtf_large__lsb2.bmp,XL-Synthetic_10_B.bmp,XL-Synthetic,10,B,bmp,P05.rtf,rtf,large,2,RTF,/home/kali/stego_dataset_expanded/stego_core_combined/XL-Synthetic_10_B__rtf_large__lsb2.bmp,RTF,signature_rtf,1,RTF,validated_rtf_structure,1,4,1085026,little,7b 5c 72 74 66 31 5c 61,12.008367,
extended_xl,XL-Synthetic_10_B__rtf_large__lsb3.bmp,/home/kali/Desktop/stego_dataset_expanded/stego_core_combined/XL-Synthetic_10_B__rtf_large__lsb3.bmp,XL-Synthetic_10_B.bmp,XL-Synthetic,10,B,bmp,P05.rtf,rtf,large,3,RTF,/home/kali/stego_dataset_expanded/stego_core_combined/XL-Synthetic_10_B__rtf_large__lsb3.bmp,RTF,signature_rtf,1,RTF,validated_rtf_structure,1,4,1085026,little,7b 5c 72 74 66 31 5c 61,12.136188,
extended_xl,XL-Synthetic_10_B__rtf_medium__lsb1.bmp,/home/kali/Desktop/stego_dataset_expanded/stego_core_combined/XL-Synthetic_10_B__rtf_medium__lsb1.bmp,XL-Synthetic_10_B.bmp,XL-Synthetic,10,B,bmp,P05.rtf,rtf,medium,1,RTF,/home/kali/stego_dataset_expanded/stego_core_combined/XL-Synthetic_10_B__rtf_medium__lsb1.bmp,RTF,signature_rtf,1,RTF,validated_rtf_structure,1,4,511504,little,7b 5c 72 74 66 31 5c 61,11.506062,
extended_xl,XL-Synthetic_10_B__rtf_medium__lsb2.bmp,/home/kali/Desktop/stego_dataset_expanded/stego_core_combined/XL-Synthetic_10_B__rtf_medium__lsb2.bmp,XL-Synthetic_10_B.bmp,XL-Synthetic,10,B,bmp,P05.rtf,rtf,medium,2,RTF,/home/kali/stego_dataset_expanded/stego_core_combined/XL-Synthetic_10_B__rtf_medium__lsb2.bmp,RTF,signature_rtf,1,RTF,validated_rtf_structure,1,4,511504,little,7b 5c 72 74 66 31 5c 61,12.035881,
extended_xl,XL-Synthetic_10_B__rtf_medium__lsb3.bmp,/home/kali/Desktop/stego_dataset_expanded/stego_core_combined/XL-Synthetic_10_B__rtf_medium__lsb3.bmp,XL-Synthetic_10_B.bmp,XL-Synthetic,10,B,bmp,P05.rtf,rtf,medium,3,RTF,/home/kali/stego_dataset_expanded/stego_core_combined/XL-Synthetic_10_B__rtf_medium__lsb3.bmp,RTF,signature_rtf,1,RTF,validated_rtf_structure,1,4,511504,little,7b 5c 72 74 66 31 5c 61,10.970290,
extended_xl,XL-Synthetic_10_B__rtf_small__lsb1.bmp,/home/kali/Desktop/stego_dataset_expanded/stego_core_combined/XL-Synthetic_10_B__rtf_small__lsb1.bmp,XL-Synthetic_10_B.bmp,XL-Synthetic,10,B,bmp,P05.rtf,rtf,small,1,RTF,/home/kali/stego_dataset_expanded/stego_core_combined/XL-Synthetic_10_B__rtf_small__lsb1.bmp,RTF,signature_rtf,1,RTF,validated_rtf_structure,1,4,50275,little,7b 5c 72 74 66 31 5c 61,10.874860,
extended_xl,XL-Synthetic_10_B__rtf_small__lsb2.bmp,/home/kali/Desktop/stego_dataset_expanded/stego_core_combined/XL-Synthetic_10_B__rtf_small__lsb2.bmp,XL-Synthetic_10_B.bmp,XL-Synthetic,10,B,bmp,P05.rtf,rtf,small,2,RTF,/home/kali/stego_dataset_expanded/stego_core_combined/XL-Synthetic_10_B__rtf_small__lsb2.bmp,RTF,signature_rtf,1,RTF,validated_rtf_structure,1,4,50275,little,7b 5c 72 74 66 31 5c 61,11.003542,
extended_xl,XL-Synthetic_10_B__rtf_small__lsb3.bmp,/home/kali/Desktop/stego_dataset_expanded/stego_core_combined/XL-Synthetic_10_B__rtf_small__lsb3.bmp,XL-Synthetic_10_B.bmp,XL-Synthetic,10,B,bmp,P05.rtf,rtf,small,3,RTF,/home/kali/stego_dataset_expanded/stego_core_combined/XL-Synthetic_10_B__rtf_small__lsb3.bmp,RTF,signature_rtf,1,RTF,validated_rtf_structure,1,4,50275,little,7b 5c 72 74 66 31 5c 61,11.521912,
extended_xl,XL-Synthetic_10_B__xlsx_large__lsb1.bmp,/home/kali/Desktop/stego_dataset_expanded/stego_core_combined/XL-Synthetic_10_B__xlsx_large__lsb1.bmp,XL-Synthetic_10_B.bmp,XL-Synthetic,10,B,bmp,P03.xlsx,xlsx,large,1,XLSX,/home/kali/stego_dataset_expanded/stego_core_combined/XL-Synthetic_10_B__xlsx_large__lsb1.bmp,ZIP,signature_pk_zip,0,XLSX,validated_ooxml_xlsx,1,4,1090468,little,50 4b 03 04 14 00 06 00,12.595460,
extended_xl,XL-Synthetic_10_B__xlsx_large__lsb2.bmp,/home/kali/Desktop/stego_dataset_expanded/stego_core_combined/XL-Synthetic_10_B__xlsx_large__lsb2.bmp,XL-Synthetic_10_B.bmp,XL-Synthetic,10,B,bmp,P03.xlsx,xlsx,large,2,XLSX,/home/kali/stego_dataset_expanded/stego_core_combined/XL-Synthetic_10_B__xlsx_large__lsb2.bmp,ZIP,signature_pk_zip,0,XLSX,validated_ooxml_xlsx,1,4,1090468,little,50 4b 03 04 14 00 06 00,12.934155,
extended_xl,XL-Synthetic_10_B__xlsx_large__lsb3.bmp,/home/kali/Desktop/stego_dataset_expanded/stego_core_combined/XL-Synthetic_10_B__xlsx_large__lsb3.bmp,XL-Synthetic_10_B.bmp,XL-Synthetic,10,B,bmp,P03.xlsx,xlsx,large,3,XLSX,/home/kali/stego_dataset_expanded/stego_core_combined/XL-Synthetic_10_B__xlsx_large__lsb3.bmp,ZIP,signature_pk_zip,0,XLSX,validated_ooxml_xlsx,1,4,1090468,little,50 4b 03 04 14 00 06 00,10.893335,
extended_xl,XL-Synthetic_10_B__xlsx_medium__lsb1.bmp,/home/kali/Desktop/stego_dataset_expanded/stego_core_combined/XL-Synthetic_10_B__xlsx_medium__lsb1.bmp,XL-Synthetic_10_B.bmp,XL-Synthetic,10,B,bmp,P03.xlsx,xlsx,medium,1,XLSX,/home/kali/stego_dataset_expanded/stego_core_combined/XL-Synthetic_10_B__xlsx_medium__lsb1.bmp,ZIP,signature_pk_zip,0,XLSX,validated_ooxml_xlsx,1,4,511280,little,50 4b 03 04 14 00 06 00,11.430877,
extended_xl,XL-Synthetic_10_B__xlsx_medium__lsb2.bmp,/home/kali/Desktop/stego_dataset_expanded/stego_core_combined/XL-Synthetic_10_B__xlsx_medium__lsb2.bmp,XL-Synthetic_10_B.bmp,XL-Synthetic,10,B,bmp,P03.xlsx,xlsx,medium,2,XLSX,/home/kali/stego_dataset_expanded/stego_core_combined/XL-Synthetic_10_B__xlsx_medium__lsb2.bmp,ZIP,signature_pk_zip,0,XLSX,validated_ooxml_xlsx,1,4,511280,little,50 4b 03 04 14 00 06 00,11.126798,
extended_xl,XL-Synthetic_10_B__xlsx_medium__lsb3.bmp,/home/kali/Desktop/stego_dataset_expanded/stego_core_combined/XL-Synthetic_10_B__xlsx_medium__lsb3.bmp,XL-Synthetic_10_B.bmp,XL-Synthetic,10,B,bmp,P03.xlsx,xlsx,medium,3,XLSX,/home/kali/stego_dataset_expanded/stego_core_combined/XL-Synthetic_10_B__xlsx_medium__lsb3.bmp,ZIP,signature_pk_zip,0,XLSX,validated_ooxml_xlsx,1,4,511280,little,50 4b 03 04 14 00 06 00,11.063720,
extended_xl,XL-Synthetic_10_B__xlsx_small__lsb1.bmp,/home/kali/Desktop/stego_dataset_expanded/stego_core_combined/XL-Synthetic_10_B__xlsx_small__lsb1.bmp,XL-Synthetic_10_B.bmp,XL-Synthetic,10,B,bmp,P03.xlsx,xlsx,small,1,XLSX,/home/kali/stego_dataset_expanded/stego_core_combined/XL-Synthetic_10_B__xlsx_small__lsb1.bmp,ZIP,signature_pk_zip,0,XLSX,validated_ooxml_xlsx,1,4,8899,little,50 4b 03 04 14 00 06 00,11.637236,
extended_xl,XL-Synthetic_10_B__xlsx_small__lsb2.bmp,/home/kali/Desktop/stego_dataset_expanded/stego_core_combined/XL-Synthetic_10_B__xlsx_small__lsb2.bmp,XL-Synthetic_10_B.bmp,XL-Synthetic,10,B,bmp,P03.xlsx,xlsx,small,2,XLSX,/home/kali/stego_dataset_expanded/stego_core_combined/XL-Synthetic_10_B__xlsx_small__lsb2.bmp,ZIP,signature_pk_zip,0,XLSX,validated_ooxml_xlsx,1,4,8899,little,50 4b 03 04 14 00 06 00,11.549801,
extended_xl,XL-Synthetic_10_B__xlsx_small__lsb3.bmp,/home/kali/Desktop/stego_dataset_expanded/stego_core_combined/XL-Synthetic_10_B__xlsx_small__lsb3.bmp,XL-Synthetic_10_B.bmp,XL-Synthetic,10,B,bmp,P03.xlsx,xlsx,small,3,XLSX,/home/kali/stego_dataset_expanded/stego_core_combined/XL-Synthetic_10_B__xlsx_small__lsb3.bmp,ZIP,signature_pk_zip,0,XLSX,validated_ooxml_xlsx,1,4,8899,little,50 4b 03 04 14 00 06 00,11.268435,
extended_xl,XL-Synthetic_10_P__docx_large__lsb3.png,/home/kali/Desktop/stego_dataset_expanded/stego_core_combined/XL-Synthetic_10_P__docx_large__lsb3.png,XL-Synthetic_10_P.png,XL-Synthetic,10,P,png,P01.docx,docx,large,3,DOCX,/home/kali/stego_dataset_expanded/stego_core_combined/XL-Synthetic_10_P__docx_large__lsb3.png,ZIP,signature_pk_zip,0,DOCX,validated_ooxml_docx,1,3,1121154,little,50 4b 03 04 14 00 06 00,0.920750,
extended_xl,XL-Synthetic_10_P__docx_medium__lsb2.png,/home/kali/Desktop/stego_dataset_expanded/stego_core_combined/XL-Synthetic_10_P__docx_medium__lsb2.png,XL-Synthetic_10_P.png,XL-Synthetic,10,P,png,P01.docx,docx,medium,2,DOCX,/home/kali/stego_dataset_expanded/stego_core_combined/XL-Synthetic_10_P__docx_medium__lsb2.png,ZIP,signature_pk_zip,0,DOCX,validated_ooxml_docx,1,3,511127,little,50 4b 03 04 14 00 06 00,0.768675,
extended_xl,XL-Synthetic_10_P__docx_medium__lsb3.png,/home/kali/Desktop/stego_dataset_expanded/stego_core_combined/XL-Synthetic_10_P__docx_medium__lsb3.png,XL-Synthetic_10_P.png,XL-Synthetic,10,P,png,P01.docx,docx,medium,3,DOCX,/home/kali/stego_dataset_expanded/stego_core_combined/XL-Synthetic_10_P__docx_medium__lsb3.png,ZIP,signature_pk_zip,0,DOCX,validated_ooxml_docx,1,3,511127,little,50 4b 03 04 14 00 06 00,0.700362,
extended_xl,XL-Synthetic_10_P__docx_small__lsb1.png,/home/kali/Desktop/stego_dataset_expanded/stego_core_combined/XL-Synthetic_10_P__docx_small__lsb1.png,XL-Synthetic_10_P.png,XL-Synthetic,10,P,png,P01.docx,docx,small,1,DOCX,/home/kali/stego_dataset_expanded/stego_core_combined/XL-Synthetic_10_P__docx_small__lsb1.png,ZIP,signature_pk_zip,0,DOCX,validated_ooxml_docx,1,3,13432,little,50 4b 03 04 14 00 06 00,0.676894,
extended_xl,XL-Synthetic_10_P__docx_small__lsb2.png,/home/kali/Desktop/stego_dataset_expanded/stego_core_combined/XL-Synthetic_10_P__docx_small__lsb2.png,XL-Synthetic_10_P.png,XL-Synthetic,10,P,png,P01.docx,docx,small,2,DOCX,/home/kali/stego_dataset_expanded/stego_core_combined/XL-Synthetic_10_P__docx_small__lsb2.png,ZIP,signature_pk_zip,0,DOCX,validated_ooxml_docx,1,3,13432,little,50 4b 03 04 14 00 06 00,0.633110,
extended_xl,XL-Synthetic_10_P__docx_small__lsb3.png,/home/kali/Desktop/stego_dataset_expanded/stego_core_combined/XL-Synthetic_10_P__docx_small__lsb3.png,XL-Synthetic_10_P.png,XL-Synthetic,10,P,png,P01.docx,docx,small,3,DOCX,/home/kali/stego_dataset_expanded/stego_core_combined/XL-Synthetic_10_P__docx_small__lsb3.png,ZIP,signature_pk_zip,0,DOCX,validated_ooxml_docx,1,3,13432,little,50 4b 03 04 14 00 06 00,0.647268,
extended_xl,XL-Synthetic_10_P__exe_large__lsb3.png,/home/kali/Desktop/stego_dataset_expanded/stego_core_combined/XL-Synthetic_10_P__exe_large__lsb3.png,XL-Synthetic_10_P.png,XL-Synthetic,10,P,png,P06.exe,exe,large,3,EXE,/home/kali/stego_dataset_expanded/stego_core_combined/XL-Synthetic_10_P__exe_large__lsb3.png,EXE,signature_mz,1,EXE,validated_mz_pe_header,1,3,1017856,little,4d 5a 90 00 03 00 00 00,0.858460,
extended_xl,XL-Synthetic_10_P__exe_medium__lsb2.png,/home/kali/Desktop/stego_dataset_expanded/stego_core_combined/XL-Synthetic_10_P__exe_medium__lsb2.png,XL-Synthetic_10_P.png,XL-Synthetic,10,P,png,P06.exe,exe,medium,2,EXE,/home/kali/stego_dataset_expanded/stego_core_combined/XL-Synthetic_10_P__exe_medium__lsb2.png,EXE,signature_mz,1,EXE,validated_mz_pe_header,1,3,505856,little,4d 5a 90 00 03 00 00 00,0.899877,
extended_xl,XL-Synthetic_10_P__exe_medium__lsb3.png,/home/kali/Desktop/stego_dataset_expanded/stego_core_combined/XL-Synthetic_10_P__exe_medium__lsb3.png,XL-Synthetic_10_P.png,XL-Synthetic,10,P,png,P06.exe,exe,medium,3,EXE,/home/kali/stego_dataset_expanded/stego_core_combined/XL-Synthetic_10_P__exe_medium__lsb3.png,EXE,signature_mz,1,EXE,validated_mz_pe_header,1,3,505856,little,4d 5a 90 00 03 00 00 00,0.655521,
extended_xl,XL-Synthetic_10_P__exe_small__lsb1.png,/home/kali/Desktop/stego_dataset_expanded/stego_core_combined/XL-Synthetic_10_P__exe_small__lsb1.png,XL-Synthetic_10_P.png,XL-Synthetic,10,P,png,P06.exe,exe,small,1,EXE,/home/kali/stego_dataset_expanded/stego_core_combined/XL-Synthetic_10_P__exe_small__lsb1.png,EXE,signature_mz,1,EXE,validated_mz_pe_header,1,3,40448,little,4d 5a 90 00 03 00 00 00,0.615103,
extended_xl,XL-Synthetic_10_P__exe_small__lsb2.png,/home/kali/Desktop/stego_dataset_expanded/stego_core_combined/XL-Synthetic_10_P__exe_small__lsb2.png,XL-Synthetic_10_P.png,XL-Synthetic,10,P,png,P06.exe,exe,small,2,EXE,/home/kali/stego_dataset_expanded/stego_core_combined/XL-Synthetic_10_P__exe_small__lsb2.png,EXE,signature_mz,1,EXE,validated_mz_pe_header,1,3,40448,little,4d 5a 90 00 03 00 00 00,0.623863,
extended_xl,XL-Synthetic_10_P__exe_small__lsb3.png,/home/kali/Desktop/stego_dataset_expanded/stego_core_combined/XL-Synthetic_10_P__exe_small__lsb3.png,XL-Synthetic_10_P.png,XL-Synthetic,10,P,png,P06.exe,exe,small,3,EXE,/home/kali/stego_dataset_expanded/stego_core_combined/XL-Synthetic_10_P__exe_small__lsb3.png,EXE,signature_mz,1,EXE,validated_mz_pe_header,1,3,40448,little,4d 5a 90 00 03 00 00 00,0.683195,
extended_xl,XL-Synthetic_10_P__pdf_large__lsb3.png,/home/kali/Desktop/stego_dataset_expanded/stego_core_combined/XL-Synthetic_10_P__pdf_large__lsb3.png,XL-Synthetic_10_P.png,XL-Synthetic,10,P,png,P02.pdf,pdf,large,3,PDF,/home/kali/stego_dataset_expanded/stego_core_combined/XL-Synthetic_10_P__pdf_large__lsb3.png,PDF,signature_pdf,1,PDF,validated_pdf_startxref_eof,1,3,1100144,little,25 50 44 46 2d 31 2e 33,0.834050,
extended_xl,XL-Synthetic_10_P__pdf_medium__lsb2.png,/home/kali/Desktop/stego_dataset_expanded/stego_core_combined/XL-Synthetic_10_P__pdf_medium__lsb2.png,XL-Synthetic_10_P.png,XL-Synthetic,10,P,png,P02.pdf,pdf,medium,2,PDF,/home/kali/stego_dataset_expanded/stego_core_combined/XL-Synthetic_10_P__pdf_medium__lsb2.png,PDF,signature_pdf,1,PDF,validated_pdf_startxref_eof,1,3,510410,little,25 50 44 46 2d 31 2e 37,0.833367,
extended_xl,XL-Synthetic_10_P__pdf_medium__lsb3.png,/home/kali/Desktop/stego_dataset_expanded/stego_core_combined/XL-Synthetic_10_P__pdf_medium__lsb3.png,XL-Synthetic_10_P.png,XL-Synthetic,10,P,png,P02.pdf,pdf,medium,3,PDF,/home/kali/stego_dataset_expanded/stego_core_combined/XL-Synthetic_10_P__pdf_medium__lsb3.png,PDF,signature_pdf,1,PDF,validated_pdf_startxref_eof,1,3,510410,little,25 50 44 46 2d 31 2e 37,0.783178,
extended_xl,XL-Synthetic_10_P__pdf_small__lsb1.png,/home/kali/Desktop/stego_dataset_expanded/stego_core_combined/XL-Synthetic_10_P__pdf_small__lsb1.png,XL-Synthetic_10_P.png,XL-Synthetic,10,P,png,P02.pdf,pdf,small,1,PDF,/home/kali/stego_dataset_expanded/stego_core_combined/XL-Synthetic_10_P__pdf_small__lsb1.png,PDF,signature_pdf,1,PDF,validated_pdf_startxref_eof,1,3,16620,little,25 50 44 46 2d 31 2e 37,0.605505,
extended_xl,XL-Synthetic_10_P__pdf_small__lsb2.png,/home/kali/Desktop/stego_dataset_expanded/stego_core_combined/XL-Synthetic_10_P__pdf_small__lsb2.png,XL-Synthetic_10_P.png,XL-Synthetic,10,P,png,P02.pdf,pdf,small,2,PDF,/home/kali/stego_dataset_expanded/stego_core_combined/XL-Synthetic_10_P__pdf_small__lsb2.png,PDF,signature_pdf,1,PDF,validated_pdf_startxref_eof,1,3,16620,little,25 50 44 46 2d 31 2e 37,0.592278,
extended_xl,XL-Synthetic_10_P__pdf_small__lsb3.png,/home/kali/Desktop/stego_dataset_expanded/stego_core_combined/XL-Synthetic_10_P__pdf_small__lsb3.png,XL-Synthetic_10_P.png,XL-Synthetic,10,P,png,P02.pdf,pdf,small,3,PDF,/home/kali/stego_dataset_expanded/stego_core_combined/XL-Synthetic_10_P__pdf_small__lsb3.png,PDF,signature_pdf,1,PDF,validated_pdf_startxref_eof,1,3,16620,little,25 50 44 46 2d 31 2e 37,0.589995,
extended_xl,XL-Synthetic_10_P__pptx_large__lsb3.png,/home/kali/Desktop/stego_dataset_expanded/stego_core_combined/XL-Synthetic_10_P__pptx_large__lsb3.png,XL-Synthetic_10_P.png,XL-Synthetic,10,P,png,P04.pptx,pptx,large,3,PPTX,/home/kali/stego_dataset_expanded/stego_core_combined/XL-Synthetic_10_P__pptx_large__lsb3.png,ZIP,signature_pk_zip,0,PPTX,validated_ooxml_pptx,1,3,1082610,little,50 4b 03 04 14 00 06 00,0.876359,
extended_xl,XL-Synthetic_10_P__pptx_medium__lsb2.png,/home/kali/Desktop/stego_dataset_expanded/stego_core_combined/XL-Synthetic_10_P__pptx_medium__lsb2.png,XL-Synthetic_10_P.png,XL-Synthetic,10,P,png,P04.pptx,pptx,medium,2,PPTX,/home/kali/stego_dataset_expanded/stego_core_combined/XL-Synthetic_10_P__pptx_medium__lsb2.png,ZIP,signature_pk_zip,0,PPTX,validated_ooxml_pptx,1,3,512113,little,50 4b 03 04 14 00 06 00,0.825104,
extended_xl,XL-Synthetic_10_P__pptx_medium__lsb3.png,/home/kali/Desktop/stego_dataset_expanded/stego_core_combined/XL-Synthetic_10_P__pptx_medium__lsb3.png,XL-Synthetic_10_P.png,XL-Synthetic,10,P,png,P04.pptx,pptx,medium,3,PPTX,/home/kali/stego_dataset_expanded/stego_core_combined/XL-Synthetic_10_P__pptx_medium__lsb3.png,ZIP,signature_pk_zip,0,PPTX,validated_ooxml_pptx,1,3,512113,little,50 4b 03 04 14 00 06 00,0.667022,
extended_xl,XL-Synthetic_10_P__pptx_small__lsb1.png,/home/kali/Desktop/stego_dataset_expanded/stego_core_combined/XL-Synthetic_10_P__pptx_small__lsb1.png,XL-Synthetic_10_P.png,XL-Synthetic,10,P,png,P04.pptx,pptx,small,1,PPTX,/home/kali/stego_dataset_expanded/stego_core_combined/XL-Synthetic_10_P__pptx_small__lsb1.png,ZIP,signature_pk_zip,0,PPTX,validated_ooxml_pptx,1,3,32020,little,50 4b 03 04 14 00 06 00,0.706086,
extended_xl,XL-Synthetic_10_P__pptx_small__lsb2.png,/home/kali/Desktop/stego_dataset_expanded/stego_core_combined/XL-Synthetic_10_P__pptx_small__lsb2.png,XL-Synthetic_10_P.png,XL-Synthetic,10,P,png,P04.pptx,pptx,small,2,PPTX,/home/kali/stego_dataset_expanded/stego_core_combined/XL-Synthetic_10_P__pptx_small__lsb2.png,ZIP,signature_pk_zip,0,PPTX,validated_ooxml_pptx,1,3,32020,little,50 4b 03 04 14 00 06 00,0.601549,
extended_xl,XL-Synthetic_10_P__pptx_small__lsb3.png,/home/kali/Desktop/stego_dataset_expanded/stego_core_combined/XL-Synthetic_10_P__pptx_small__lsb3.png,XL-Synthetic_10_P.png,XL-Synthetic,10,P,png,P04.pptx,pptx,small,3,PPTX,/home/kali/stego_dataset_expanded/stego_core_combined/XL-Synthetic_10_P__pptx_small__lsb3.png,ZIP,signature_pk_zip,0,PPTX,validated_ooxml_pptx,1,3,32020,little,50 4b 03 04 14 00 06 00,0.614803,
extended_xl,XL-Synthetic_10_P__rtf_large__lsb3.png,/home/kali/Desktop/stego_dataset_expanded/stego_core_combined/XL-Synthetic_10_P__rtf_large__lsb3.png,XL-Synthetic_10_P.png,XL-Synthetic,10,P,png,P05.rtf,rtf,large,3,RTF,/home/kali/stego_dataset_expanded/stego_core_combined/XL-Synthetic_10_P__rtf_large__lsb3.png,RTF,signature_rtf,1,RTF,validated_rtf_structure,1,3,1085026,little,7b 5c 72 74 66 31 5c 61,0.882278,
extended_xl,XL-Synthetic_10_P__rtf_medium__lsb2.png,/home/kali/Desktop/stego_dataset_expanded/stego_core_combined/XL-Synthetic_10_P__rtf_medium__lsb2.png,XL-Synthetic_10_P.png,XL-Synthetic,10,P,png,P05.rtf,rtf,medium,2,RTF,/home/kali/stego_dataset_expanded/stego_core_combined/XL-Synthetic_10_P__rtf_medium__lsb2.png,RTF,signature_rtf,1,RTF,validated_rtf_structure,1,3,511504,little,7b 5c 72 74 66 31 5c 61,0.835979,
extended_xl,XL-Synthetic_10_P__rtf_medium__lsb3.png,/home/kali/Desktop/stego_dataset_expanded/stego_core_combined/XL-Synthetic_10_P__rtf_medium__lsb3.png,XL-Synthetic_10_P.png,XL-Synthetic,10,P,png,P05.rtf,rtf,medium,3,RTF,/home/kali/stego_dataset_expanded/stego_core_combined/XL-Synthetic_10_P__rtf_medium__lsb3.png,RTF,signature_rtf,1,RTF,validated_rtf_structure,1,3,511504,little,7b 5c 72 74 66 31 5c 61,0.749580,
extended_xl,XL-Synthetic_10_P__rtf_small__lsb1.png,/home/kali/Desktop/stego_dataset_expanded/stego_core_combined/XL-Synthetic_10_P__rtf_small__lsb1.png,XL-Synthetic_10_P.png,XL-Synthetic,10,P,png,P05.rtf,rtf,small,1,RTF,/home/kali/stego_dataset_expanded/stego_core_combined/XL-Synthetic_10_P__rtf_small__lsb1.png,RTF,signature_rtf,1,RTF,validated_rtf_structure,1,3,50275,little,7b 5c 72 74 66 31 5c 61,0.640132,
extended_xl,XL-Synthetic_10_P__rtf_small__lsb2.png,/home/kali/Desktop/stego_dataset_expanded/stego_core_combined/XL-Synthetic_10_P__rtf_small__lsb2.png,XL-Synthetic_10_P.png,XL-Synthetic,10,P,png,P05.rtf,rtf,small,2,RTF,/home/kali/stego_dataset_expanded/stego_core_combined/XL-Synthetic_10_P__rtf_small__lsb2.png,RTF,signature_rtf,1,RTF,validated_rtf_structure,1,3,50275,little,7b 5c 72 74 66 31 5c 61,0.724946,
extended_xl,XL-Synthetic_10_P__rtf_small__lsb3.png,/home/kali/Desktop/stego_dataset_expanded/stego_core_combined/XL-Synthetic_10_P__rtf_small__lsb3.png,XL-Synthetic_10_P.png,XL-Synthetic,10,P,png,P05.rtf,rtf,small,3,RTF,/home/kali/stego_dataset_expanded/stego_core_combined/XL-Synthetic_10_P__rtf_small__lsb3.png,RTF,signature_rtf,1,RTF,validated_rtf_structure,1,3,50275,little,7b 5c 72 74 66 31 5c 61,0.635199,
extended_xl,XL-Synthetic_10_P__xlsx_large__lsb3.png,/home/kali/Desktop/stego_dataset_expanded/stego_core_combined/XL-Synthetic_10_P__xlsx_large__lsb3.png,XL-Synthetic_10_P.png,XL-Synthetic,10,P,png,P03.xlsx,xlsx,large,3,XLSX,/home/kali/stego_dataset_expanded/stego_core_combined/XL-Synthetic_10_P__xlsx_large__lsb3.png,ZIP,signature_pk_zip,0,XLSX,validated_ooxml_xlsx,1,3,1090468,little,50 4b 03 04 14 00 06 00,0.817985,
extended_xl,XL-Synthetic_10_P__xlsx_medium__lsb2.png,/home/kali/Desktop/stego_dataset_expanded/stego_core_combined/XL-Synthetic_10_P__xlsx_medium__lsb2.png,XL-Synthetic_10_P.png,XL-Synthetic,10,P,png,P03.xlsx,xlsx,medium,2,XLSX,/home/kali/stego_dataset_expanded/stego_core_combined/XL-Synthetic_10_P__xlsx_medium__lsb2.png,ZIP,signature_pk_zip,0,XLSX,validated_ooxml_xlsx,1,3,511280,little,50 4b 03 04 14 00 06 00,0.784979,
extended_xl,XL-Synthetic_10_P__xlsx_medium__lsb3.png,/home/kali/Desktop/stego_dataset_expanded/stego_core_combined/XL-Synthetic_10_P__xlsx_medium__lsb3.png,XL-Synthetic_10_P.png,XL-Synthetic,10,P,png,P03.xlsx,xlsx,medium,3,XLSX,/home/kali/stego_dataset_expanded/stego_core_combined/XL-Synthetic_10_P__xlsx_medium__lsb3.png,ZIP,signature_pk_zip,0,XLSX,validated_ooxml_xlsx,1,3,511280,little,50 4b 03 04 14 00 06 00,0.942128,
extended_xl,XL-Synthetic_10_P__xlsx_small__lsb1.png,/home/kali/Desktop/stego_dataset_expanded/stego_core_combined/XL-Synthetic_10_P__xlsx_small__lsb1.png,XL-Synthetic_10_P.png,XL-Synthetic,10,P,png,P03.xlsx,xlsx,small,1,XLSX,/home/kali/stego_dataset_expanded/stego_core_combined/XL-Synthetic_10_P__xlsx_small__lsb1.png,ZIP,signature_pk_zip,0,XLSX,validated_ooxml_xlsx,1,3,8899,little,50 4b 03 04 14 00 06 00,0.655818,
extended_xl,XL-Synthetic_10_P__xlsx_small__lsb2.png,/home/kali/Desktop/stego_dataset_expanded/stego_core_combined/XL-Synthetic_10_P__xlsx_small__lsb2.png,XL-Synthetic_10_P.png,XL-Synthetic,10,P,png,P03.xlsx,xlsx,small,2,XLSX,/home/kali/stego_dataset_expanded/stego_core_combined/XL-Synthetic_10_P__xlsx_small__lsb2.png,ZIP,signature_pk_zip,0,XLSX,validated_ooxml_xlsx,1,3,8899,little,50 4b 03 04 14 00 06 00,0.560485,
extended_xl,XL-Synthetic_10_P__xlsx_small__lsb3.png,/home/kali/Desktop/stego_dataset_expanded/stego_core_combined/XL-Synthetic_10_P__xlsx_small__lsb3.png,XL-Synthetic_10_P.png,XL-Synthetic,10,P,png,P03.xlsx,xlsx,small,3,XLSX,/home/kali/stego_dataset_expanded/stego_core_combined/XL-Synthetic_10_P__xlsx_small__lsb3.png,ZIP,signature_pk_zip,0,XLSX,validated_ooxml_xlsx,1,3,8899,little,50 4b 03 04 14 00 06 00,0.663012,
extended_xl,XL-Synthetic_11_B__docx_large__lsb1.bmp,/home/kali/Desktop/stego_dataset_expanded/stego_core_combined/XL-Synthetic_11_B__docx_large__lsb1.bmp,XL-Synthetic_11_B.bmp,XL-Synthetic,11,B,bmp,P01.docx,docx,large,1,DOCX,/home/kali/stego_dataset_expanded/stego_core_combined/XL-Synthetic_11_B__docx_large__lsb1.bmp,ZIP,signature_pk_zip,0,DOCX,validated_ooxml_docx,1,4,1121154,little,50 4b 03 04 14 00 06 00,14.069746,
extended_xl,XL-Synthetic_11_B__docx_large__lsb2.bmp,/home/kali/Desktop/stego_dataset_expanded/stego_core_combined/XL-Synthetic_11_B__docx_large__lsb2.bmp,XL-Synthetic_11_B.bmp,XL-Synthetic,11,B,bmp,P01.docx,docx,large,2,DOCX,/home/kali/stego_dataset_expanded/stego_core_combined/XL-Synthetic_11_B__docx_large__lsb2.bmp,ZIP,signature_pk_zip,0,DOCX,validated_ooxml_docx,1,4,1121154,little,50 4b 03 04 14 00 06 00,13.066505,
extended_xl,XL-Synthetic_11_B__docx_large__lsb3.bmp,/home/kali/Desktop/stego_dataset_expanded/stego_core_combined/XL-Synthetic_11_B__docx_large__lsb3.bmp,XL-Synthetic_11_B.bmp,XL-Synthetic,11,B,bmp,P01.docx,docx,large,3,DOCX,/home/kali/stego_dataset_expanded/stego_core_combined/XL-Synthetic_11_B__docx_large__lsb3.bmp,ZIP,signature_pk_zip,0,DOCX,validated_ooxml_docx,1,4,1121154,little,50 4b 03 04 14 00 06 00,12.773954,
extended_xl,XL-Synthetic_11_B__docx_medium__lsb1.bmp,/home/kali/Desktop/stego_dataset_expanded/stego_core_combined/XL-Synthetic_11_B__docx_medium__lsb1.bmp,XL-Synthetic_11_B.bmp,XL-Synthetic,11,B,bmp,P01.docx,docx,medium,1,DOCX,/home/kali/stego_dataset_expanded/stego_core_combined/XL-Synthetic_11_B__docx_medium__lsb1.bmp,ZIP,signature_pk_zip,0,DOCX,validated_ooxml_docx,1,4,511127,little,50 4b 03 04 14 00 06 00,13.385987,
extended_xl,XL-Synthetic_11_B__docx_medium__lsb2.bmp,/home/kali/Desktop/stego_dataset_expanded/stego_core_combined/XL-Synthetic_11_B__docx_medium__lsb2.bmp,XL-Synthetic_11_B.bmp,XL-Synthetic,11,B,bmp,P01.docx,docx,medium,2,DOCX,/home/kali/stego_dataset_expanded/stego_core_combined/XL-Synthetic_11_B__docx_medium__lsb2.bmp,ZIP,signature_pk_zip,0,DOCX,validated_ooxml_docx,1,4,511127,little,50 4b 03 04 14 00 06 00,13.643563,
extended_xl,XL-Synthetic_11_B__docx_medium__lsb3.bmp,/home/kali/Desktop/stego_dataset_expanded/stego_core_combined/XL-Synthetic_11_B__docx_medium__lsb3.bmp,XL-Synthetic_11_B.bmp,XL-Synthetic,11,B,bmp,P01.docx,docx,medium,3,DOCX,/home/kali/stego_dataset_expanded/stego_core_combined/XL-Synthetic_11_B__docx_medium__lsb3.bmp,ZIP,signature_pk_zip,0,DOCX,validated_ooxml_docx,1,4,511127,little,50 4b 03 04 14 00 06 00,12.697333,
extended_xl,XL-Synthetic_11_B__docx_small__lsb1.bmp,/home/kali/Desktop/stego_dataset_expanded/stego_core_combined/XL-Synthetic_11_B__docx_small__lsb1.bmp,XL-Synthetic_11_B.bmp,XL-Synthetic,11,B,bmp,P01.docx,docx,small,1,DOCX,/home/kali/stego_dataset_expanded/stego_core_combined/XL-Synthetic_11_B__docx_small__lsb1.bmp,ZIP,signature_pk_zip,0,DOCX,validated_ooxml_docx,1,4,13432,little,50 4b 03 04 14 00 06 00,13.107739,
extended_xl,XL-Synthetic_11_B__docx_small__lsb2.bmp,/home/kali/Desktop/stego_dataset_expanded/stego_core_combined/XL-Synthetic_11_B__docx_small__lsb2.bmp,XL-Synthetic_11_B.bmp,XL-Synthetic,11,B,bmp,P01.docx,docx,small,2,DOCX,/home/kali/stego_dataset_expanded/stego_core_combined/XL-Synthetic_11_B__docx_small__lsb2.bmp,ZIP,signature_pk_zip,0,DOCX,validated_ooxml_docx,1,4,13432,little,50 4b 03 04 14 00 06 00,12.943401,
extended_xl,XL-Synthetic_11_B__docx_small__lsb3.bmp,/home/kali/Desktop/stego_dataset_expanded/stego_core_combined/XL-Synthetic_11_B__docx_small__lsb3.bmp,XL-Synthetic_11_B.bmp,XL-Synthetic,11,B,bmp,P01.docx,docx,small,3,DOCX,/home/kali/stego_dataset_expanded/stego_core_combined/XL-Synthetic_11_B__docx_small__lsb3.bmp,ZIP,signature_pk_zip,0,DOCX,validated_ooxml_docx,1,4,13432,little,50 4b 03 04 14 00 06 00,12.606918,
extended_xl,XL-Synthetic_11_B__exe_large__lsb1.bmp,/home/kali/Desktop/stego_dataset_expanded/stego_core_combined/XL-Synthetic_11_B__exe_large__lsb1.bmp,XL-Synthetic_11_B.bmp,XL-Synthetic,11,B,bmp,P06.exe,exe,large,1,EXE,/home/kali/stego_dataset_expanded/stego_core_combined/XL-Synthetic_11_B__exe_large__lsb1.bmp,EXE,signature_mz,1,EXE,validated_mz_pe_header,1,4,1017856,little,4d 5a 90 00 03 00 00 00,15.099652,
extended_xl,XL-Synthetic_11_B__exe_large__lsb2.bmp,/home/kali/Desktop/stego_dataset_expanded/stego_core_combined/XL-Synthetic_11_B__exe_large__lsb2.bmp,XL-Synthetic_11_B.bmp,XL-Synthetic,11,B,bmp,P06.exe,exe,large,2,EXE,/home/kali/stego_dataset_expanded/stego_core_combined/XL-Synthetic_11_B__exe_large__lsb2.bmp,EXE,signature_mz,1,EXE,validated_mz_pe_header,1,4,1017856,little,4d 5a 90 00 03 00 00 00,12.487249,
extended_xl,XL-Synthetic_11_B__exe_large__lsb3.bmp,/home/kali/Desktop/stego_dataset_expanded/stego_core_combined/XL-Synthetic_11_B__exe_large__lsb3.bmp,XL-Synthetic_11_B.bmp,XL-Synthetic,11,B,bmp,P06.exe,exe,large,3,EXE,/home/kali/stego_dataset_expanded/stego_core_combined/XL-Synthetic_11_B__exe_large__lsb3.bmp,EXE,signature_mz,1,EXE,validated_mz_pe_header,1,4,1017856,little,4d 5a 90 00 03 00 00 00,12.727964,
extended_xl,XL-Synthetic_11_B__exe_medium__lsb1.bmp,/home/kali/Desktop/stego_dataset_expanded/stego_core_combined/XL-Synthetic_11_B__exe_medium__lsb1.bmp,XL-Synthetic_11_B.bmp,XL-Synthetic,11,B,bmp,P06.exe,exe,medium,1,EXE,/home/kali/stego_dataset_expanded/stego_core_combined/XL-Synthetic_11_B__exe_medium__lsb1.bmp,EXE,signature_mz,1,EXE,validated_mz_pe_header,1,4,505856,little,4d 5a 90 00 03 00 00 00,12.758597,
extended_xl,XL-Synthetic_11_B__exe_medium__lsb2.bmp,/home/kali/Desktop/stego_dataset_expanded/stego_core_combined/XL-Synthetic_11_B__exe_medium__lsb2.bmp,XL-Synthetic_11_B.bmp,XL-Synthetic,11,B,bmp,P06.exe,exe,medium,2,EXE,/home/kali/stego_dataset_expanded/stego_core_combined/XL-Synthetic_11_B__exe_medium__lsb2.bmp,EXE,signature_mz,1,EXE,validated_mz_pe_header,1,4,505856,little,4d 5a 90 00 03 00 00 00,13.338205,
extended_xl,XL-Synthetic_11_B__exe_medium__lsb3.bmp,/home/kali/Desktop/stego_dataset_expanded/stego_core_combined/XL-Synthetic_11_B__exe_medium__lsb3.bmp,XL-Synthetic_11_B.bmp,XL-Synthetic,11,B,bmp,P06.exe,exe,medium,3,EXE,/home/kali/stego_dataset_expanded/stego_core_combined/XL-Synthetic_11_B__exe_medium__lsb3.bmp,EXE,signature_mz,1,EXE,validated_mz_pe_header,1,4,505856,little,4d 5a 90 00 03 00 00 00,13.268260,
extended_xl,XL-Synthetic_11_B__exe_small__lsb1.bmp,/home/kali/Desktop/stego_dataset_expanded/stego_core_combined/XL-Synthetic_11_B__exe_small__lsb1.bmp,XL-Synthetic_11_B.bmp,XL-Synthetic,11,B,bmp,P06.exe,exe,small,1,EXE,/home/kali/stego_dataset_expanded/stego_core_combined/XL-Synthetic_11_B__exe_small__lsb1.bmp,EXE,signature_mz,1,EXE,validated_mz_pe_header,1,4,40448,little,4d 5a 90 00 03 00 00 00,13.861650,
extended_xl,XL-Synthetic_11_B__exe_small__lsb2.bmp,/home/kali/Desktop/stego_dataset_expanded/stego_core_combined/XL-Synthetic_11_B__exe_small__lsb2.bmp,XL-Synthetic_11_B.bmp,XL-Synthetic,11,B,bmp,P06.exe,exe,small,2,EXE,/home/kali/stego_dataset_expanded/stego_core_combined/XL-Synthetic_11_B__exe_small__lsb2.bmp,EXE,signature_mz,1,EXE,validated_mz_pe_header,1,4,40448,little,4d 5a 90 00 03 00 00 00,13.347551,
extended_xl,XL-Synthetic_11_B__exe_small__lsb3.bmp,/home/kali/Desktop/stego_dataset_expanded/stego_core_combined/XL-Synthetic_11_B__exe_small__lsb3.bmp,XL-Synthetic_11_B.bmp,XL-Synthetic,11,B,bmp,P06.exe,exe,small,3,EXE,/home/kali/stego_dataset_expanded/stego_core_combined/XL-Synthetic_11_B__exe_small__lsb3.bmp,EXE,signature_mz,1,EXE,validated_mz_pe_header,1,4,40448,little,4d 5a 90 00 03 00 00 00,13.936788,
extended_xl,XL-Synthetic_11_B__pdf_large__lsb1.bmp,/home/kali/Desktop/stego_dataset_expanded/stego_core_combined/XL-Synthetic_11_B__pdf_large__lsb1.bmp,XL-Synthetic_11_B.bmp,XL-Synthetic,11,B,bmp,P02.pdf,pdf,large,1,PDF,/home/kali/stego_dataset_expanded/stego_core_combined/XL-Synthetic_11_B__pdf_large__lsb1.bmp,PDF,signature_pdf,1,PDF,validated_pdf_startxref_eof,1,4,1100144,little,25 50 44 46 2d 31 2e 33,15.446792,
extended_xl,XL-Synthetic_11_B__pdf_large__lsb2.bmp,/home/kali/Desktop/stego_dataset_expanded/stego_core_combined/XL-Synthetic_11_B__pdf_large__lsb2.bmp,XL-Synthetic_11_B.bmp,XL-Synthetic,11,B,bmp,P02.pdf,pdf,large,2,PDF,/home/kali/stego_dataset_expanded/stego_core_combined/XL-Synthetic_11_B__pdf_large__lsb2.bmp,PDF,signature_pdf,1,PDF,validated_pdf_startxref_eof,1,4,1100144,little,25 50 44 46 2d 31 2e 33,13.312506,
extended_xl,XL-Synthetic_11_B__pdf_large__lsb3.bmp,/home/kali/Desktop/stego_dataset_expanded/stego_core_combined/XL-Synthetic_11_B__pdf_large__lsb3.bmp,XL-Synthetic_11_B.bmp,XL-Synthetic,11,B,bmp,P02.pdf,pdf,large,3,PDF,/home/kali/stego_dataset_expanded/stego_core_combined/XL-Synthetic_11_B__pdf_large__lsb3.bmp,PDF,signature_pdf,1,PDF,validated_pdf_startxref_eof,1,4,1100144,little,25 50 44 46 2d 31 2e 33,17.580779,
extended_xl,XL-Synthetic_11_B__pdf_medium__lsb1.bmp,/home/kali/Desktop/stego_dataset_expanded/stego_core_combined/XL-Synthetic_11_B__pdf_medium__lsb1.bmp,XL-Synthetic_11_B.bmp,XL-Synthetic,11,B,bmp,P02.pdf,pdf,medium,1,PDF,/home/kali/stego_dataset_expanded/stego_core_combined/XL-Synthetic_11_B__pdf_medium__lsb1.bmp,PDF,signature_pdf,1,PDF,validated_pdf_startxref_eof,1,4,510410,little,25 50 44 46 2d 31 2e 37,14.141841,
extended_xl,XL-Synthetic_11_B__pdf_medium__lsb2.bmp,/home/kali/Desktop/stego_dataset_expanded/stego_core_combined/XL-Synthetic_11_B__pdf_medium__lsb2.bmp,XL-Synthetic_11_B.bmp,XL-Synthetic,11,B,bmp,P02.pdf,pdf,medium,2,PDF,/home/kali/stego_dataset_expanded/stego_core_combined/XL-Synthetic_11_B__pdf_medium__lsb2.bmp,PDF,signature_pdf,1,PDF,validated_pdf_startxref_eof,1,4,510410,little,25 50 44 46 2d 31 2e 37,17.809344,
extended_xl,XL-Synthetic_11_B__pdf_medium__lsb3.bmp,/home/kali/Desktop/stego_dataset_expanded/stego_core_combined/XL-Synthetic_11_B__pdf_medium__lsb3.bmp,XL-Synthetic_11_B.bmp,XL-Synthetic,11,B,bmp,P02.pdf,pdf,medium,3,PDF,/home/kali/stego_dataset_expanded/stego_core_combined/XL-Synthetic_11_B__pdf_medium__lsb3.bmp,PDF,signature_pdf,1,PDF,validated_pdf_startxref_eof,1,4,510410,little,25 50 44 46 2d 31 2e 37,14.198899,
extended_xl,XL-Synthetic_11_B__pdf_small__lsb1.bmp,/home/kali/Desktop/stego_dataset_expanded/stego_core_combined/XL-Synthetic_11_B__pdf_small__lsb1.bmp,XL-Synthetic_11_B.bmp,XL-Synthetic,11,B,bmp,P02.pdf,pdf,small,1,PDF,/home/kali/stego_dataset_expanded/stego_core_combined/XL-Synthetic_11_B__pdf_small__lsb1.bmp,PDF,signature_pdf,1,PDF,validated_pdf_startxref_eof,1,4,16620,little,25 50 44 46 2d 31 2e 37,15.071885,
extended_xl,XL-Synthetic_11_B__pdf_small__lsb2.bmp,/home/kali/Desktop/stego_dataset_expanded/stego_core_combined/XL-Synthetic_11_B__pdf_small__lsb2.bmp,XL-Synthetic_11_B.bmp,XL-Synthetic,11,B,bmp,P02.pdf,pdf,small,2,PDF,/home/kali/stego_dataset_expanded/stego_core_combined/XL-Synthetic_11_B__pdf_small__lsb2.bmp,PDF,signature_pdf,1,PDF,validated_pdf_startxref_eof,1,4,16620,little,25 50 44 46 2d 31 2e 37,14.024591,
extended_xl,XL-Synthetic_11_B__pdf_small__lsb3.bmp,/home/kali/Desktop/stego_dataset_expanded/stego_core_combined/XL-Synthetic_11_B__pdf_small__lsb3.bmp,XL-Synthetic_11_B.bmp,XL-Synthetic,11,B,bmp,P02.pdf,pdf,small,3,PDF,/home/kali/stego_dataset_expanded/stego_core_combined/XL-Synthetic_11_B__pdf_small__lsb3.bmp,PDF,signature_pdf,1,PDF,validated_pdf_startxref_eof,1,4,16620,little,25 50 44 46 2d 31 2e 37,11.825363,
extended_xl,XL-Synthetic_11_B__pptx_large__lsb1.bmp,/home/kali/Desktop/stego_dataset_expanded/stego_core_combined/XL-Synthetic_11_B__pptx_large__lsb1.bmp,XL-Synthetic_11_B.bmp,XL-Synthetic,11,B,bmp,P04.pptx,pptx,large,1,PPTX,/home/kali/stego_dataset_expanded/stego_core_combined/XL-Synthetic_11_B__pptx_large__lsb1.bmp,ZIP,signature_pk_zip,0,PPTX,validated_ooxml_pptx,1,4,1082610,little,50 4b 03 04 14 00 06 00,11.534006,
extended_xl,XL-Synthetic_11_B__pptx_large__lsb2.bmp,/home/kali/Desktop/stego_dataset_expanded/stego_core_combined/XL-Synthetic_11_B__pptx_large__lsb2.bmp,XL-Synthetic_11_B.bmp,XL-Synthetic,11,B,bmp,P04.pptx,pptx,large,2,PPTX,/home/kali/stego_dataset_expanded/stego_core_combined/XL-Synthetic_11_B__pptx_large__lsb2.bmp,ZIP,signature_pk_zip,0,PPTX,validated_ooxml_pptx,1,4,1082610,little,50 4b 03 04 14 00 06 00,11.683129,
extended_xl,XL-Synthetic_11_B__pptx_large__lsb3.bmp,/home/kali/Desktop/stego_dataset_expanded/stego_core_combined/XL-Synthetic_11_B__pptx_large__lsb3.bmp,XL-Synthetic_11_B.bmp,XL-Synthetic,11,B,bmp,P04.pptx,pptx,large,3,PPTX,/home/kali/stego_dataset_expanded/stego_core_combined/XL-Synthetic_11_B__pptx_large__lsb3.bmp,ZIP,signature_pk_zip,0,PPTX,validated_ooxml_pptx,1,4,1082610,little,50 4b 03 04 14 00 06 00,11.421831,
extended_xl,XL-Synthetic_11_B__pptx_medium__lsb1.bmp,/home/kali/Desktop/stego_dataset_expanded/stego_core_combined/XL-Synthetic_11_B__pptx_medium__lsb1.bmp,XL-Synthetic_11_B.bmp,XL-Synthetic,11,B,bmp,P04.pptx,pptx,medium,1,PPTX,/home/kali/stego_dataset_expanded/stego_core_combined/XL-Synthetic_11_B__pptx_medium__lsb1.bmp,ZIP,signature_pk_zip,0,PPTX,validated_ooxml_pptx,1,4,512113,little,50 4b 03 04 14 00 06 00,11.629354,
extended_xl,XL-Synthetic_11_B__pptx_medium__lsb2.bmp,/home/kali/Desktop/stego_dataset_expanded/stego_core_combined/XL-Synthetic_11_B__pptx_medium__lsb2.bmp,XL-Synthetic_11_B.bmp,XL-Synthetic,11,B,bmp,P04.pptx,pptx,medium,2,PPTX,/home/kali/stego_dataset_expanded/stego_core_combined/XL-Synthetic_11_B__pptx_medium__lsb2.bmp,ZIP,signature_pk_zip,0,PPTX,validated_ooxml_pptx,1,4,512113,little,50 4b 03 04 14 00 06 00,12.169605,
extended_xl,XL-Synthetic_11_B__pptx_medium__lsb3.bmp,/home/kali/Desktop/stego_dataset_expanded/stego_core_combined/XL-Synthetic_11_B__pptx_medium__lsb3.bmp,XL-Synthetic_11_B.bmp,XL-Synthetic,11,B,bmp,P04.pptx,pptx,medium,3,PPTX,/home/kali/stego_dataset_expanded/stego_core_combined/XL-Synthetic_11_B__pptx_medium__lsb3.bmp,ZIP,signature_pk_zip,0,PPTX,validated_ooxml_pptx,1,4,512113,little,50 4b 03 04 14 00 06 00,11.422705,
extended_xl,XL-Synthetic_11_B__pptx_small__lsb1.bmp,/home/kali/Desktop/stego_dataset_expanded/stego_core_combined/XL-Synthetic_11_B__pptx_small__lsb1.bmp,XL-Synthetic_11_B.bmp,XL-Synthetic,11,B,bmp,P04.pptx,pptx,small,1,PPTX,/home/kali/stego_dataset_expanded/stego_core_combined/XL-Synthetic_11_B__pptx_small__lsb1.bmp,ZIP,signature_pk_zip,0,PPTX,validated_ooxml_pptx,1,4,32020,little,50 4b 03 04 14 00 06 00,12.351643,
extended_xl,XL-Synthetic_11_B__pptx_small__lsb2.bmp,/home/kali/Desktop/stego_dataset_expanded/stego_core_combined/XL-Synthetic_11_B__pptx_small__lsb2.bmp,XL-Synthetic_11_B.bmp,XL-Synthetic,11,B,bmp,P04.pptx,pptx,small,2,PPTX,/home/kali/stego_dataset_expanded/stego_core_combined/XL-Synthetic_11_B__pptx_small__lsb2.bmp,ZIP,signature_pk_zip,0,PPTX,validated_ooxml_pptx,1,4,32020,little,50 4b 03 04 14 00 06 00,11.009264,
extended_xl,XL-Synthetic_11_B__pptx_small__lsb3.bmp,/home/kali/Desktop/stego_dataset_expanded/stego_core_combined/XL-Synthetic_11_B__pptx_small__lsb3.bmp,XL-Synthetic_11_B.bmp,XL-Synthetic,11,B,bmp,P04.pptx,pptx,small,3,PPTX,/home/kali/stego_dataset_expanded/stego_core_combined/XL-Synthetic_11_B__pptx_small__lsb3.bmp,ZIP,signature_pk_zip,0,PPTX,validated_ooxml_pptx,1,4,32020,little,50 4b 03 04 14 00 06 00,10.775326,
extended_xl,XL-Synthetic_11_B__rtf_large__lsb1.bmp,/home/kali/Desktop/stego_dataset_expanded/stego_core_combined/XL-Synthetic_11_B__rtf_large__lsb1.bmp,XL-Synthetic_11_B.bmp,XL-Synthetic,11,B,bmp,P05.rtf,rtf,large,1,RTF,/home/kali/stego_dataset_expanded/stego_core_combined/XL-Synthetic_11_B__rtf_large__lsb1.bmp,RTF,signature_rtf,1,RTF,validated_rtf_structure,1,4,1085026,little,7b 5c 72 74 66 31 5c 61,12.062628,
extended_xl,XL-Synthetic_11_B__rtf_large__lsb2.bmp,/home/kali/Desktop/stego_dataset_expanded/stego_core_combined/XL-Synthetic_11_B__rtf_large__lsb2.bmp,XL-Synthetic_11_B.bmp,XL-Synthetic,11,B,bmp,P05.rtf,rtf,large,2,RTF,/home/kali/stego_dataset_expanded/stego_core_combined/XL-Synthetic_11_B__rtf_large__lsb2.bmp,RTF,signature_rtf,1,RTF,validated_rtf_structure,1,4,1085026,little,7b 5c 72 74 66 31 5c 61,12.193649,
extended_xl,XL-Synthetic_11_B__rtf_large__lsb3.bmp,/home/kali/Desktop/stego_dataset_expanded/stego_core_combined/XL-Synthetic_11_B__rtf_large__lsb3.bmp,XL-Synthetic_11_B.bmp,XL-Synthetic,11,B,bmp,P05.rtf,rtf,large,3,RTF,/home/kali/stego_dataset_expanded/stego_core_combined/XL-Synthetic_11_B__rtf_large__lsb3.bmp,RTF,signature_rtf,1,RTF,validated_rtf_structure,1,4,1085026,little,7b 5c 72 74 66 31 5c 61,11.500803,
extended_xl,XL-Synthetic_11_B__rtf_medium__lsb1.bmp,/home/kali/Desktop/stego_dataset_expanded/stego_core_combined/XL-Synthetic_11_B__rtf_medium__lsb1.bmp,XL-Synthetic_11_B.bmp,XL-Synthetic,11,B,bmp,P05.rtf,rtf,medium,1,RTF,/home/kali/stego_dataset_expanded/stego_core_combined/XL-Synthetic_11_B__rtf_medium__lsb1.bmp,RTF,signature_rtf,1,RTF,validated_rtf_structure,1,4,511504,little,7b 5c 72 74 66 31 5c 61,11.763982,
extended_xl,XL-Synthetic_11_B__rtf_medium__lsb2.bmp,/home/kali/Desktop/stego_dataset_expanded/stego_core_combined/XL-Synthetic_11_B__rtf_medium__lsb2.bmp,XL-Synthetic_11_B.bmp,XL-Synthetic,11,B,bmp,P05.rtf,rtf,medium,2,RTF,/home/kali/stego_dataset_expanded/stego_core_combined/XL-Synthetic_11_B__rtf_medium__lsb2.bmp,RTF,signature_rtf,1,RTF,validated_rtf_structure,1,4,511504,little,7b 5c 72 74 66 31 5c 61,11.349579,
extended_xl,XL-Synthetic_11_B__rtf_medium__lsb3.bmp,/home/kali/Desktop/stego_dataset_expanded/stego_core_combined/XL-Synthetic_11_B__rtf_medium__lsb3.bmp,XL-Synthetic_11_B.bmp,XL-Synthetic,11,B,bmp,P05.rtf,rtf,medium,3,RTF,/home/kali/stego_dataset_expanded/stego_core_combined/XL-Synthetic_11_B__rtf_medium__lsb3.bmp,RTF,signature_rtf,1,RTF,validated_rtf_structure,1,4,511504,little,7b 5c 72 74 66 31 5c 61,11.941071,
extended_xl,XL-Synthetic_11_B__rtf_small__lsb1.bmp,/home/kali/Desktop/stego_dataset_expanded/stego_core_combined/XL-Synthetic_11_B__rtf_small__lsb1.bmp,XL-Synthetic_11_B.bmp,XL-Synthetic,11,B,bmp,P05.rtf,rtf,small,1,RTF,/home/kali/stego_dataset_expanded/stego_core_combined/XL-Synthetic_11_B__rtf_small__lsb1.bmp,RTF,signature_rtf,1,RTF,validated_rtf_structure,1,4,50275,little,7b 5c 72 74 66 31 5c 61,10.982270,
extended_xl,XL-Synthetic_11_B__rtf_small__lsb2.bmp,/home/kali/Desktop/stego_dataset_expanded/stego_core_combined/XL-Synthetic_11_B__rtf_small__lsb2.bmp,XL-Synthetic_11_B.bmp,XL-Synthetic,11,B,bmp,P05.rtf,rtf,small,2,RTF,/home/kali/stego_dataset_expanded/stego_core_combined/XL-Synthetic_11_B__rtf_small__lsb2.bmp,RTF,signature_rtf,1,RTF,validated_rtf_structure,1,4,50275,little,7b 5c 72 74 66 31 5c 61,11.087107,
extended_xl,XL-Synthetic_11_B__rtf_small__lsb3.bmp,/home/kali/Desktop/stego_dataset_expanded/stego_core_combined/XL-Synthetic_11_B__rtf_small__lsb3.bmp,XL-Synthetic_11_B.bmp,XL-Synthetic,11,B,bmp,P05.rtf,rtf,small,3,RTF,/home/kali/stego_dataset_expanded/stego_core_combined/XL-Synthetic_11_B__rtf_small__lsb3.bmp,RTF,signature_rtf,1,RTF,validated_rtf_structure,1,4,50275,little,7b 5c 72 74 66 31 5c 61,11.577915,
extended_xl,XL-Synthetic_11_B__xlsx_large__lsb1.bmp,/home/kali/Desktop/stego_dataset_expanded/stego_core_combined/XL-Synthetic_11_B__xlsx_large__lsb1.bmp,XL-Synthetic_11_B.bmp,XL-Synthetic,11,B,bmp,P03.xlsx,xlsx,large,1,XLSX,/home/kali/stego_dataset_expanded/stego_core_combined/XL-Synthetic_11_B__xlsx_large__lsb1.bmp,ZIP,signature_pk_zip,0,XLSX,validated_ooxml_xlsx,1,4,1090468,little,50 4b 03 04 14 00 06 00,11.601562,
extended_xl,XL-Synthetic_11_B__xlsx_large__lsb2.bmp,/home/kali/Desktop/stego_dataset_expanded/stego_core_combined/XL-Synthetic_11_B__xlsx_large__lsb2.bmp,XL-Synthetic_11_B.bmp,XL-Synthetic,11,B,bmp,P03.xlsx,xlsx,large,2,XLSX,/home/kali/stego_dataset_expanded/stego_core_combined/XL-Synthetic_11_B__xlsx_large__lsb2.bmp,ZIP,signature_pk_zip,0,XLSX,validated_ooxml_xlsx,1,4,1090468,little,50 4b 03 04 14 00 06 00,12.117374,
extended_xl,XL-Synthetic_11_B__xlsx_large__lsb3.bmp,/home/kali/Desktop/stego_dataset_expanded/stego_core_combined/XL-Synthetic_11_B__xlsx_large__lsb3.bmp,XL-Synthetic_11_B.bmp,XL-Synthetic,11,B,bmp,P03.xlsx,xlsx,large,3,XLSX,/home/kali/stego_dataset_expanded/stego_core_combined/XL-Synthetic_11_B__xlsx_large__lsb3.bmp,ZIP,signature_pk_zip,0,XLSX,validated_ooxml_xlsx,1,4,1090468,little,50 4b 03 04 14 00 06 00,11.013852,
extended_xl,XL-Synthetic_11_B__xlsx_medium__lsb1.bmp,/home/kali/Desktop/stego_dataset_expanded/stego_core_combined/XL-Synthetic_11_B__xlsx_medium__lsb1.bmp,XL-Synthetic_11_B.bmp,XL-Synthetic,11,B,bmp,P03.xlsx,xlsx,medium,1,XLSX,/home/kali/stego_dataset_expanded/stego_core_combined/XL-Synthetic_11_B__xlsx_medium__lsb1.bmp,ZIP,signature_pk_zip,0,XLSX,validated_ooxml_xlsx,1,4,511280,little,50 4b 03 04 14 00 06 00,11.310646,
extended_xl,XL-Synthetic_11_B__xlsx_medium__lsb2.bmp,/home/kali/Desktop/stego_dataset_expanded/stego_core_combined/XL-Synthetic_11_B__xlsx_medium__lsb2.bmp,XL-Synthetic_11_B.bmp,XL-Synthetic,11,B,bmp,P03.xlsx,xlsx,medium,2,XLSX,/home/kali/stego_dataset_expanded/stego_core_combined/XL-Synthetic_11_B__xlsx_medium__lsb2.bmp,ZIP,signature_pk_zip,0,XLSX,validated_ooxml_xlsx,1,4,511280,little,50 4b 03 04 14 00 06 00,11.423660,
extended_xl,XL-Synthetic_11_B__xlsx_medium__lsb3.bmp,/home/kali/Desktop/stego_dataset_expanded/stego_core_combined/XL-Synthetic_11_B__xlsx_medium__lsb3.bmp,XL-Synthetic_11_B.bmp,XL-Synthetic,11,B,bmp,P03.xlsx,xlsx,medium,3,XLSX,/home/kali/stego_dataset_expanded/stego_core_combined/XL-Synthetic_11_B__xlsx_medium__lsb3.bmp,ZIP,signature_pk_zip,0,XLSX,validated_ooxml_xlsx,1,4,511280,little,50 4b 03 04 14 00 06 00,11.712107,
extended_xl,XL-Synthetic_11_B__xlsx_small__lsb1.bmp,/home/kali/Desktop/stego_dataset_expanded/stego_core_combined/XL-Synthetic_11_B__xlsx_small__lsb1.bmp,XL-Synthetic_11_B.bmp,XL-Synthetic,11,B,bmp,P03.xlsx,xlsx,small,1,XLSX,/home/kali/stego_dataset_expanded/stego_core_combined/XL-Synthetic_11_B__xlsx_small__lsb1.bmp,ZIP,signature_pk_zip,0,XLSX,validated_ooxml_xlsx,1,4,8899,little,50 4b 03 04 14 00 06 00,12.193902,
extended_xl,XL-Synthetic_11_B__xlsx_small__lsb2.bmp,/home/kali/Desktop/stego_dataset_expanded/stego_core_combined/XL-Synthetic_11_B__xlsx_small__lsb2.bmp,XL-Synthetic_11_B.bmp,XL-Synthetic,11,B,bmp,P03.xlsx,xlsx,small,2,XLSX,/home/kali/stego_dataset_expanded/stego_core_combined/XL-Synthetic_11_B__xlsx_small__lsb2.bmp,ZIP,signature_pk_zip,0,XLSX,validated_ooxml_xlsx,1,4,8899,little,50 4b 03 04 14 00 06 00,11.440426,
extended_xl,XL-Synthetic_11_B__xlsx_small__lsb3.bmp,/home/kali/Desktop/stego_dataset_expanded/stego_core_combined/XL-Synthetic_11_B__xlsx_small__lsb3.bmp,XL-Synthetic_11_B.bmp,XL-Synthetic,11,B,bmp,P03.xlsx,xlsx,small,3,XLSX,/home/kali/stego_dataset_expanded/stego_core_combined/XL-Synthetic_11_B__xlsx_small__lsb3.bmp,ZIP,signature_pk_zip,0,XLSX,validated_ooxml_xlsx,1,4,8899,little,50 4b 03 04 14 00 06 00,10.624090,
extended_xl,XL-Synthetic_11_P__docx_large__lsb3.png,/home/kali/Desktop/stego_dataset_expanded/stego_core_combined/XL-Synthetic_11_P__docx_large__lsb3.png,XL-Synthetic_11_P.png,XL-Synthetic,11,P,png,P01.docx,docx,large,3,DOCX,/home/kali/stego_dataset_expanded/stego_core_combined/XL-Synthetic_11_P__docx_large__lsb3.png,ZIP,signature_pk_zip,0,DOCX,validated_ooxml_docx,1,3,1121154,little,50 4b 03 04 14 00 06 00,0.717812,
extended_xl,XL-Synthetic_11_P__docx_medium__lsb2.png,/home/kali/Desktop/stego_dataset_expanded/stego_core_combined/XL-Synthetic_11_P__docx_medium__lsb2.png,XL-Synthetic_11_P.png,XL-Synthetic,11,P,png,P01.docx,docx,medium,2,DOCX,/home/kali/stego_dataset_expanded/stego_core_combined/XL-Synthetic_11_P__docx_medium__lsb2.png,ZIP,signature_pk_zip,0,DOCX,validated_ooxml_docx,1,3,511127,little,50 4b 03 04 14 00 06 00,0.642301,
extended_xl,XL-Synthetic_11_P__docx_medium__lsb3.png,/home/kali/Desktop/stego_dataset_expanded/stego_core_combined/XL-Synthetic_11_P__docx_medium__lsb3.png,XL-Synthetic_11_P.png,XL-Synthetic,11,P,png,P01.docx,docx,medium,3,DOCX,/home/kali/stego_dataset_expanded/stego_core_combined/XL-Synthetic_11_P__docx_medium__lsb3.png,ZIP,signature_pk_zip,0,DOCX,validated_ooxml_docx,1,3,511127,little,50 4b 03 04 14 00 06 00,0.580393,
extended_xl,XL-Synthetic_11_P__docx_small__lsb1.png,/home/kali/Desktop/stego_dataset_expanded/stego_core_combined/XL-Synthetic_11_P__docx_small__lsb1.png,XL-Synthetic_11_P.png,XL-Synthetic,11,P,png,P01.docx,docx,small,1,DOCX,/home/kali/stego_dataset_expanded/stego_core_combined/XL-Synthetic_11_P__docx_small__lsb1.png,ZIP,signature_pk_zip,0,DOCX,validated_ooxml_docx,1,3,13432,little,50 4b 03 04 14 00 06 00,0.536484,
extended_xl,XL-Synthetic_11_P__docx_small__lsb2.png,/home/kali/Desktop/stego_dataset_expanded/stego_core_combined/XL-Synthetic_11_P__docx_small__lsb2.png,XL-Synthetic_11_P.png,XL-Synthetic,11,P,png,P01.docx,docx,small,2,DOCX,/home/kali/stego_dataset_expanded/stego_core_combined/XL-Synthetic_11_P__docx_small__lsb2.png,ZIP,signature_pk_zip,0,DOCX,validated_ooxml_docx,1,3,13432,little,50 4b 03 04 14 00 06 00,0.509195,
extended_xl,XL-Synthetic_11_P__docx_small__lsb3.png,/home/kali/Desktop/stego_dataset_expanded/stego_core_combined/XL-Synthetic_11_P__docx_small__lsb3.png,XL-Synthetic_11_P.png,XL-Synthetic,11,P,png,P01.docx,docx,small,3,DOCX,/home/kali/stego_dataset_expanded/stego_core_combined/XL-Synthetic_11_P__docx_small__lsb3.png,ZIP,signature_pk_zip,0,DOCX,validated_ooxml_docx,1,3,13432,little,50 4b 03 04 14 00 06 00,0.510839,
extended_xl,XL-Synthetic_11_P__exe_large__lsb3.png,/home/kali/Desktop/stego_dataset_expanded/stego_core_combined/XL-Synthetic_11_P__exe_large__lsb3.png,XL-Synthetic_11_P.png,XL-Synthetic,11,P,png,P06.exe,exe,large,3,EXE,/home/kali/stego_dataset_expanded/stego_core_combined/XL-Synthetic_11_P__exe_large__lsb3.png,EXE,signature_mz,1,EXE,validated_mz_pe_header,1,3,1017856,little,4d 5a 90 00 03 00 00 00,0.741213,
extended_xl,XL-Synthetic_11_P__exe_medium__lsb2.png,/home/kali/Desktop/stego_dataset_expanded/stego_core_combined/XL-Synthetic_11_P__exe_medium__lsb2.png,XL-Synthetic_11_P.png,XL-Synthetic,11,P,png,P06.exe,exe,medium,2,EXE,/home/kali/stego_dataset_expanded/stego_core_combined/XL-Synthetic_11_P__exe_medium__lsb2.png,EXE,signature_mz,1,EXE,validated_mz_pe_header,1,3,505856,little,4d 5a 90 00 03 00 00 00,0.615953,
extended_xl,XL-Synthetic_11_P__exe_medium__lsb3.png,/home/kali/Desktop/stego_dataset_expanded/stego_core_combined/XL-Synthetic_11_P__exe_medium__lsb3.png,XL-Synthetic_11_P.png,XL-Synthetic,11,P,png,P06.exe,exe,medium,3,EXE,/home/kali/stego_dataset_expanded/stego_core_combined/XL-Synthetic_11_P__exe_medium__lsb3.png,EXE,signature_mz,1,EXE,validated_mz_pe_header,1,3,505856,little,4d 5a 90 00 03 00 00 00,0.640640,
extended_xl,XL-Synthetic_11_P__exe_small__lsb1.png,/home/kali/Desktop/stego_dataset_expanded/stego_core_combined/XL-Synthetic_11_P__exe_small__lsb1.png,XL-Synthetic_11_P.png,XL-Synthetic,11,P,png,P06.exe,exe,small,1,EXE,/home/kali/stego_dataset_expanded/stego_core_combined/XL-Synthetic_11_P__exe_small__lsb1.png,EXE,signature_mz,1,EXE,validated_mz_pe_header,1,3,40448,little,4d 5a 90 00 03 00 00 00,0.537876,
extended_xl,XL-Synthetic_11_P__exe_small__lsb2.png,/home/kali/Desktop/stego_dataset_expanded/stego_core_combined/XL-Synthetic_11_P__exe_small__lsb2.png,XL-Synthetic_11_P.png,XL-Synthetic,11,P,png,P06.exe,exe,small,2,EXE,/home/kali/stego_dataset_expanded/stego_core_combined/XL-Synthetic_11_P__exe_small__lsb2.png,EXE,signature_mz,1,EXE,validated_mz_pe_header,1,3,40448,little,4d 5a 90 00 03 00 00 00,0.560748,
extended_xl,XL-Synthetic_11_P__exe_small__lsb3.png,/home/kali/Desktop/stego_dataset_expanded/stego_core_combined/XL-Synthetic_11_P__exe_small__lsb3.png,XL-Synthetic_11_P.png,XL-Synthetic,11,P,png,P06.exe,exe,small,3,EXE,/home/kali/stego_dataset_expanded/stego_core_combined/XL-Synthetic_11_P__exe_small__lsb3.png,EXE,signature_mz,1,EXE,validated_mz_pe_header,1,3,40448,little,4d 5a 90 00 03 00 00 00,0.538561,
extended_xl,XL-Synthetic_11_P__pdf_large__lsb3.png,/home/kali/Desktop/stego_dataset_expanded/stego_core_combined/XL-Synthetic_11_P__pdf_large__lsb3.png,XL-Synthetic_11_P.png,XL-Synthetic,11,P,png,P02.pdf,pdf,large,3,PDF,/home/kali/stego_dataset_expanded/stego_core_combined/XL-Synthetic_11_P__pdf_large__lsb3.png,PDF,signature_pdf,1,PDF,validated_pdf_startxref_eof,1,3,1100144,little,25 50 44 46 2d 31 2e 33,0.724186,
extended_xl,XL-Synthetic_11_P__pdf_medium__lsb2.png,/home/kali/Desktop/stego_dataset_expanded/stego_core_combined/XL-Synthetic_11_P__pdf_medium__lsb2.png,XL-Synthetic_11_P.png,XL-Synthetic,11,P,png,P02.pdf,pdf,medium,2,PDF,/home/kali/stego_dataset_expanded/stego_core_combined/XL-Synthetic_11_P__pdf_medium__lsb2.png,PDF,signature_pdf,1,PDF,validated_pdf_startxref_eof,1,3,510410,little,25 50 44 46 2d 31 2e 37,0.730024,
extended_xl,XL-Synthetic_11_P__pdf_medium__lsb3.png,/home/kali/Desktop/stego_dataset_expanded/stego_core_combined/XL-Synthetic_11_P__pdf_medium__lsb3.png,XL-Synthetic_11_P.png,XL-Synthetic,11,P,png,P02.pdf,pdf,medium,3,PDF,/home/kali/stego_dataset_expanded/stego_core_combined/XL-Synthetic_11_P__pdf_medium__lsb3.png,PDF,signature_pdf,1,PDF,validated_pdf_startxref_eof,1,3,510410,little,25 50 44 46 2d 31 2e 37,0.620396,
extended_xl,XL-Synthetic_11_P__pdf_small__lsb1.png,/home/kali/Desktop/stego_dataset_expanded/stego_core_combined/XL-Synthetic_11_P__pdf_small__lsb1.png,XL-Synthetic_11_P.png,XL-Synthetic,11,P,png,P02.pdf,pdf,small,1,PDF,/home/kali/stego_dataset_expanded/stego_core_combined/XL-Synthetic_11_P__pdf_small__lsb1.png,PDF,signature_pdf,1,PDF,validated_pdf_startxref_eof,1,3,16620,little,25 50 44 46 2d 31 2e 37,0.536129,
extended_xl,XL-Synthetic_11_P__pdf_small__lsb2.png,/home/kali/Desktop/stego_dataset_expanded/stego_core_combined/XL-Synthetic_11_P__pdf_small__lsb2.png,XL-Synthetic_11_P.png,XL-Synthetic,11,P,png,P02.pdf,pdf,small,2,PDF,/home/kali/stego_dataset_expanded/stego_core_combined/XL-Synthetic_11_P__pdf_small__lsb2.png,PDF,signature_pdf,1,PDF,validated_pdf_startxref_eof,1,3,16620,little,25 50 44 46 2d 31 2e 37,0.487772,
extended_xl,XL-Synthetic_11_P__pdf_small__lsb3.png,/home/kali/Desktop/stego_dataset_expanded/stego_core_combined/XL-Synthetic_11_P__pdf_small__lsb3.png,XL-Synthetic_11_P.png,XL-Synthetic,11,P,png,P02.pdf,pdf,small,3,PDF,/home/kali/stego_dataset_expanded/stego_core_combined/XL-Synthetic_11_P__pdf_small__lsb3.png,PDF,signature_pdf,1,PDF,validated_pdf_startxref_eof,1,3,16620,little,25 50 44 46 2d 31 2e 37,0.543605,
extended_xl,XL-Synthetic_11_P__pptx_large__lsb3.png,/home/kali/Desktop/stego_dataset_expanded/stego_core_combined/XL-Synthetic_11_P__pptx_large__lsb3.png,XL-Synthetic_11_P.png,XL-Synthetic,11,P,png,P04.pptx,pptx,large,3,PPTX,/home/kali/stego_dataset_expanded/stego_core_combined/XL-Synthetic_11_P__pptx_large__lsb3.png,ZIP,signature_pk_zip,0,PPTX,validated_ooxml_pptx,1,3,1082610,little,50 4b 03 04 14 00 06 00,0.721865,
extended_xl,XL-Synthetic_11_P__pptx_medium__lsb2.png,/home/kali/Desktop/stego_dataset_expanded/stego_core_combined/XL-Synthetic_11_P__pptx_medium__lsb2.png,XL-Synthetic_11_P.png,XL-Synthetic,11,P,png,P04.pptx,pptx,medium,2,PPTX,/home/kali/stego_dataset_expanded/stego_core_combined/XL-Synthetic_11_P__pptx_medium__lsb2.png,ZIP,signature_pk_zip,0,PPTX,validated_ooxml_pptx,1,3,512113,little,50 4b 03 04 14 00 06 00,0.641181,
extended_xl,XL-Synthetic_11_P__pptx_medium__lsb3.png,/home/kali/Desktop/stego_dataset_expanded/stego_core_combined/XL-Synthetic_11_P__pptx_medium__lsb3.png,XL-Synthetic_11_P.png,XL-Synthetic,11,P,png,P04.pptx,pptx,medium,3,PPTX,/home/kali/stego_dataset_expanded/stego_core_combined/XL-Synthetic_11_P__pptx_medium__lsb3.png,ZIP,signature_pk_zip,0,PPTX,validated_ooxml_pptx,1,3,512113,little,50 4b 03 04 14 00 06 00,0.603199,
extended_xl,XL-Synthetic_11_P__pptx_small__lsb1.png,/home/kali/Desktop/stego_dataset_expanded/stego_core_combined/XL-Synthetic_11_P__pptx_small__lsb1.png,XL-Synthetic_11_P.png,XL-Synthetic,11,P,png,P04.pptx,pptx,small,1,PPTX,/home/kali/stego_dataset_expanded/stego_core_combined/XL-Synthetic_11_P__pptx_small__lsb1.png,ZIP,signature_pk_zip,0,PPTX,validated_ooxml_pptx,1,3,32020,little,50 4b 03 04 14 00 06 00,0.512183,
extended_xl,XL-Synthetic_11_P__pptx_small__lsb2.png,/home/kali/Desktop/stego_dataset_expanded/stego_core_combined/XL-Synthetic_11_P__pptx_small__lsb2.png,XL-Synthetic_11_P.png,XL-Synthetic,11,P,png,P04.pptx,pptx,small,2,PPTX,/home/kali/stego_dataset_expanded/stego_core_combined/XL-Synthetic_11_P__pptx_small__lsb2.png,ZIP,signature_pk_zip,0,PPTX,validated_ooxml_pptx,1,3,32020,little,50 4b 03 04 14 00 06 00,0.531678,
extended_xl,XL-Synthetic_11_P__pptx_small__lsb3.png,/home/kali/Desktop/stego_dataset_expanded/stego_core_combined/XL-Synthetic_11_P__pptx_small__lsb3.png,XL-Synthetic_11_P.png,XL-Synthetic,11,P,png,P04.pptx,pptx,small,3,PPTX,/home/kali/stego_dataset_expanded/stego_core_combined/XL-Synthetic_11_P__pptx_small__lsb3.png,ZIP,signature_pk_zip,0,PPTX,validated_ooxml_pptx,1,3,32020,little,50 4b 03 04 14 00 06 00,0.566578,
extended_xl,XL-Synthetic_11_P__rtf_large__lsb3.png,/home/kali/Desktop/stego_dataset_expanded/stego_core_combined/XL-Synthetic_11_P__rtf_large__lsb3.png,XL-Synthetic_11_P.png,XL-Synthetic,11,P,png,P05.rtf,rtf,large,3,RTF,/home/kali/stego_dataset_expanded/stego_core_combined/XL-Synthetic_11_P__rtf_large__lsb3.png,RTF,signature_rtf,1,RTF,validated_rtf_structure,1,3,1085026,little,7b 5c 72 74 66 31 5c 61,0.709838,
extended_xl,XL-Synthetic_11_P__rtf_medium__lsb2.png,/home/kali/Desktop/stego_dataset_expanded/stego_core_combined/XL-Synthetic_11_P__rtf_medium__lsb2.png,XL-Synthetic_11_P.png,XL-Synthetic,11,P,png,P05.rtf,rtf,medium,2,RTF,/home/kali/stego_dataset_expanded/stego_core_combined/XL-Synthetic_11_P__rtf_medium__lsb2.png,RTF,signature_rtf,1,RTF,validated_rtf_structure,1,3,511504,little,7b 5c 72 74 66 31 5c 61,0.672543,
extended_xl,XL-Synthetic_11_P__rtf_medium__lsb3.png,/home/kali/Desktop/stego_dataset_expanded/stego_core_combined/XL-Synthetic_11_P__rtf_medium__lsb3.png,XL-Synthetic_11_P.png,XL-Synthetic,11,P,png,P05.rtf,rtf,medium,3,RTF,/home/kali/stego_dataset_expanded/stego_core_combined/XL-Synthetic_11_P__rtf_medium__lsb3.png,RTF,signature_rtf,1,RTF,validated_rtf_structure,1,3,511504,little,7b 5c 72 74 66 31 5c 61,0.596770,
extended_xl,XL-Synthetic_11_P__rtf_small__lsb1.png,/home/kali/Desktop/stego_dataset_expanded/stego_core_combined/XL-Synthetic_11_P__rtf_small__lsb1.png,XL-Synthetic_11_P.png,XL-Synthetic,11,P,png,P05.rtf,rtf,small,1,RTF,/home/kali/stego_dataset_expanded/stego_core_combined/XL-Synthetic_11_P__rtf_small__lsb1.png,RTF,signature_rtf,1,RTF,validated_rtf_structure,1,3,50275,little,7b 5c 72 74 66 31 5c 61,0.549498,
extended_xl,XL-Synthetic_11_P__rtf_small__lsb2.png,/home/kali/Desktop/stego_dataset_expanded/stego_core_combined/XL-Synthetic_11_P__rtf_small__lsb2.png,XL-Synthetic_11_P.png,XL-Synthetic,11,P,png,P05.rtf,rtf,small,2,RTF,/home/kali/stego_dataset_expanded/stego_core_combined/XL-Synthetic_11_P__rtf_small__lsb2.png,RTF,signature_rtf,1,RTF,validated_rtf_structure,1,3,50275,little,7b 5c 72 74 66 31 5c 61,0.543359,
extended_xl,XL-Synthetic_11_P__rtf_small__lsb3.png,/home/kali/Desktop/stego_dataset_expanded/stego_core_combined/XL-Synthetic_11_P__rtf_small__lsb3.png,XL-Synthetic_11_P.png,XL-Synthetic,11,P,png,P05.rtf,rtf,small,3,RTF,/home/kali/stego_dataset_expanded/stego_core_combined/XL-Synthetic_11_P__rtf_small__lsb3.png,RTF,signature_rtf,1,RTF,validated_rtf_structure,1,3,50275,little,7b 5c 72 74 66 31 5c 61,0.497185,
extended_xl,XL-Synthetic_11_P__xlsx_large__lsb3.png,/home/kali/Desktop/stego_dataset_expanded/stego_core_combined/XL-Synthetic_11_P__xlsx_large__lsb3.png,XL-Synthetic_11_P.png,XL-Synthetic,11,P,png,P03.xlsx,xlsx,large,3,XLSX,/home/kali/stego_dataset_expanded/stego_core_combined/XL-Synthetic_11_P__xlsx_large__lsb3.png,ZIP,signature_pk_zip,0,XLSX,validated_ooxml_xlsx,1,3,1090468,little,50 4b 03 04 14 00 06 00,0.715350,
extended_xl,XL-Synthetic_11_P__xlsx_medium__lsb2.png,/home/kali/Desktop/stego_dataset_expanded/stego_core_combined/XL-Synthetic_11_P__xlsx_medium__lsb2.png,XL-Synthetic_11_P.png,XL-Synthetic,11,P,png,P03.xlsx,xlsx,medium,2,XLSX,/home/kali/stego_dataset_expanded/stego_core_combined/XL-Synthetic_11_P__xlsx_medium__lsb2.png,ZIP,signature_pk_zip,0,XLSX,validated_ooxml_xlsx,1,3,511280,little,50 4b 03 04 14 00 06 00,0.661229,
extended_xl,XL-Synthetic_11_P__xlsx_medium__lsb3.png,/home/kali/Desktop/stego_dataset_expanded/stego_core_combined/XL-Synthetic_11_P__xlsx_medium__lsb3.png,XL-Synthetic_11_P.png,XL-Synthetic,11,P,png,P03.xlsx,xlsx,medium,3,XLSX,/home/kali/stego_dataset_expanded/stego_core_combined/XL-Synthetic_11_P__xlsx_medium__lsb3.png,ZIP,signature_pk_zip,0,XLSX,validated_ooxml_xlsx,1,3,511280,little,50 4b 03 04 14 00 06 00,0.790555,
extended_xl,XL-Synthetic_11_P__xlsx_small__lsb1.png,/home/kali/Desktop/stego_dataset_expanded/stego_core_combined/XL-Synthetic_11_P__xlsx_small__lsb1.png,XL-Synthetic_11_P.png,XL-Synthetic,11,P,png,P03.xlsx,xlsx,small,1,XLSX,/home/kali/stego_dataset_expanded/stego_core_combined/XL-Synthetic_11_P__xlsx_small__lsb1.png,ZIP,signature_pk_zip,0,XLSX,validated_ooxml_xlsx,1,3,8899,little,50 4b 03 04 14 00 06 00,0.612528,
extended_xl,XL-Synthetic_11_P__xlsx_small__lsb2.png,/home/kali/Desktop/stego_dataset_expanded/stego_core_combined/XL-Synthetic_11_P__xlsx_small__lsb2.png,XL-Synthetic_11_P.png,XL-Synthetic,11,P,png,P03.xlsx,xlsx,small,2,XLSX,/home/kali/stego_dataset_expanded/stego_core_combined/XL-Synthetic_11_P__xlsx_small__lsb2.png,ZIP,signature_pk_zip,0,XLSX,validated_ooxml_xlsx,1,3,8899,little,50 4b 03 04 14 00 06 00,0.643378,
extended_xl,XL-Synthetic_11_P__xlsx_small__lsb3.png,/home/kali/Desktop/stego_dataset_expanded/stego_core_combined/XL-Synthetic_11_P__xlsx_small__lsb3.png,XL-Synthetic_11_P.png,XL-Synthetic,11,P,png,P03.xlsx,xlsx,small,3,XLSX,/home/kali/stego_dataset_expanded/stego_core_combined/XL-Synthetic_11_P__xlsx_small__lsb3.png,ZIP,signature_pk_zip,0,XLSX,validated_ooxml_xlsx,1,3,8899,little,50 4b 03 04 14 00 06 00,0.506876,
extended_xl,XL-Synthetic_12_B__docx_large__lsb1.bmp,/home/kali/Desktop/stego_dataset_expanded/stego_core_combined/XL-Synthetic_12_B__docx_large__lsb1.bmp,XL-Synthetic_12_B.bmp,XL-Synthetic,12,B,bmp,P01.docx,docx,large,1,DOCX,/home/kali/stego_dataset_expanded/stego_core_combined/XL-Synthetic_12_B__docx_large__lsb1.bmp,ZIP,signature_pk_zip,0,DOCX,validated_ooxml_docx,1,4,1121154,little,50 4b 03 04 14 00 06 00,14.682476,
extended_xl,XL-Synthetic_12_B__docx_large__lsb2.bmp,/home/kali/Desktop/stego_dataset_expanded/stego_core_combined/XL-Synthetic_12_B__docx_large__lsb2.bmp,XL-Synthetic_12_B.bmp,XL-Synthetic,12,B,bmp,P01.docx,docx,large,2,DOCX,/home/kali/stego_dataset_expanded/stego_core_combined/XL-Synthetic_12_B__docx_large__lsb2.bmp,ZIP,signature_pk_zip,0,DOCX,validated_ooxml_docx,1,4,1121154,little,50 4b 03 04 14 00 06 00,13.949279,
extended_xl,XL-Synthetic_12_B__docx_large__lsb3.bmp,/home/kali/Desktop/stego_dataset_expanded/stego_core_combined/XL-Synthetic_12_B__docx_large__lsb3.bmp,XL-Synthetic_12_B.bmp,XL-Synthetic,12,B,bmp,P01.docx,docx,large,3,DOCX,/home/kali/stego_dataset_expanded/stego_core_combined/XL-Synthetic_12_B__docx_large__lsb3.bmp,ZIP,signature_pk_zip,0,DOCX,validated_ooxml_docx,1,4,1121154,little,50 4b 03 04 14 00 06 00,12.831944,
extended_xl,XL-Synthetic_12_B__docx_medium__lsb1.bmp,/home/kali/Desktop/stego_dataset_expanded/stego_core_combined/XL-Synthetic_12_B__docx_medium__lsb1.bmp,XL-Synthetic_12_B.bmp,XL-Synthetic,12,B,bmp,P01.docx,docx,medium,1,DOCX,/home/kali/stego_dataset_expanded/stego_core_combined/XL-Synthetic_12_B__docx_medium__lsb1.bmp,ZIP,signature_pk_zip,0,DOCX,validated_ooxml_docx,1,4,511127,little,50 4b 03 04 14 00 06 00,13.827366,
extended_xl,XL-Synthetic_12_B__docx_medium__lsb2.bmp,/home/kali/Desktop/stego_dataset_expanded/stego_core_combined/XL-Synthetic_12_B__docx_medium__lsb2.bmp,XL-Synthetic_12_B.bmp,XL-Synthetic,12,B,bmp,P01.docx,docx,medium,2,DOCX,/home/kali/stego_dataset_expanded/stego_core_combined/XL-Synthetic_12_B__docx_medium__lsb2.bmp,ZIP,signature_pk_zip,0,DOCX,validated_ooxml_docx,1,4,511127,little,50 4b 03 04 14 00 06 00,13.341910,
extended_xl,XL-Synthetic_12_B__docx_medium__lsb3.bmp,/home/kali/Desktop/stego_dataset_expanded/stego_core_combined/XL-Synthetic_12_B__docx_medium__lsb3.bmp,XL-Synthetic_12_B.bmp,XL-Synthetic,12,B,bmp,P01.docx,docx,medium,3,DOCX,/home/kali/stego_dataset_expanded/stego_core_combined/XL-Synthetic_12_B__docx_medium__lsb3.bmp,ZIP,signature_pk_zip,0,DOCX,validated_ooxml_docx,1,4,511127,little,50 4b 03 04 14 00 06 00,13.542531,
extended_xl,XL-Synthetic_12_B__docx_small__lsb1.bmp,/home/kali/Desktop/stego_dataset_expanded/stego_core_combined/XL-Synthetic_12_B__docx_small__lsb1.bmp,XL-Synthetic_12_B.bmp,XL-Synthetic,12,B,bmp,P01.docx,docx,small,1,DOCX,/home/kali/stego_dataset_expanded/stego_core_combined/XL-Synthetic_12_B__docx_small__lsb1.bmp,ZIP,signature_pk_zip,0,DOCX,validated_ooxml_docx,1,4,13432,little,50 4b 03 04 14 00 06 00,12.666354,
extended_xl,XL-Synthetic_12_B__docx_small__lsb2.bmp,/home/kali/Desktop/stego_dataset_expanded/stego_core_combined/XL-Synthetic_12_B__docx_small__lsb2.bmp,XL-Synthetic_12_B.bmp,XL-Synthetic,12,B,bmp,P01.docx,docx,small,2,DOCX,/home/kali/stego_dataset_expanded/stego_core_combined/XL-Synthetic_12_B__docx_small__lsb2.bmp,ZIP,signature_pk_zip,0,DOCX,validated_ooxml_docx,1,4,13432,little,50 4b 03 04 14 00 06 00,13.011770,
extended_xl,XL-Synthetic_12_B__docx_small__lsb3.bmp,/home/kali/Desktop/stego_dataset_expanded/stego_core_combined/XL-Synthetic_12_B__docx_small__lsb3.bmp,XL-Synthetic_12_B.bmp,XL-Synthetic,12,B,bmp,P01.docx,docx,small,3,DOCX,/home/kali/stego_dataset_expanded/stego_core_combined/XL-Synthetic_12_B__docx_small__lsb3.bmp,ZIP,signature_pk_zip,0,DOCX,validated_ooxml_docx,1,4,13432,little,50 4b 03 04 14 00 06 00,13.295726,
extended_xl,XL-Synthetic_12_B__exe_large__lsb1.bmp,/home/kali/Desktop/stego_dataset_expanded/stego_core_combined/XL-Synthetic_12_B__exe_large__lsb1.bmp,XL-Synthetic_12_B.bmp,XL-Synthetic,12,B,bmp,P06.exe,exe,large,1,EXE,/home/kali/stego_dataset_expanded/stego_core_combined/XL-Synthetic_12_B__exe_large__lsb1.bmp,EXE,signature_mz,1,EXE,validated_mz_pe_header,1,4,1017856,little,4d 5a 90 00 03 00 00 00,13.720953,
extended_xl,XL-Synthetic_12_B__exe_large__lsb2.bmp,/home/kali/Desktop/stego_dataset_expanded/stego_core_combined/XL-Synthetic_12_B__exe_large__lsb2.bmp,XL-Synthetic_12_B.bmp,XL-Synthetic,12,B,bmp,P06.exe,exe,large,2,EXE,/home/kali/stego_dataset_expanded/stego_core_combined/XL-Synthetic_12_B__exe_large__lsb2.bmp,EXE,signature_mz,1,EXE,validated_mz_pe_header,1,4,1017856,little,4d 5a 90 00 03 00 00 00,13.658868,
extended_xl,XL-Synthetic_12_B__exe_large__lsb3.bmp,/home/kali/Desktop/stego_dataset_expanded/stego_core_combined/XL-Synthetic_12_B__exe_large__lsb3.bmp,XL-Synthetic_12_B.bmp,XL-Synthetic,12,B,bmp,P06.exe,exe,large,3,EXE,/home/kali/stego_dataset_expanded/stego_core_combined/XL-Synthetic_12_B__exe_large__lsb3.bmp,EXE,signature_mz,1,EXE,validated_mz_pe_header,1,4,1017856,little,4d 5a 90 00 03 00 00 00,13.095398,
extended_xl,XL-Synthetic_12_B__exe_medium__lsb1.bmp,/home/kali/Desktop/stego_dataset_expanded/stego_core_combined/XL-Synthetic_12_B__exe_medium__lsb1.bmp,XL-Synthetic_12_B.bmp,XL-Synthetic,12,B,bmp,P06.exe,exe,medium,1,EXE,/home/kali/stego_dataset_expanded/stego_core_combined/XL-Synthetic_12_B__exe_medium__lsb1.bmp,EXE,signature_mz,1,EXE,validated_mz_pe_header,1,4,505856,little,4d 5a 90 00 03 00 00 00,13.441725,
extended_xl,XL-Synthetic_12_B__exe_medium__lsb2.bmp,/home/kali/Desktop/stego_dataset_expanded/stego_core_combined/XL-Synthetic_12_B__exe_medium__lsb2.bmp,XL-Synthetic_12_B.bmp,XL-Synthetic,12,B,bmp,P06.exe,exe,medium,2,EXE,/home/kali/stego_dataset_expanded/stego_core_combined/XL-Synthetic_12_B__exe_medium__lsb2.bmp,EXE,signature_mz,1,EXE,validated_mz_pe_header,1,4,505856,little,4d 5a 90 00 03 00 00 00,12.923948,
extended_xl,XL-Synthetic_12_B__exe_medium__lsb3.bmp,/home/kali/Desktop/stego_dataset_expanded/stego_core_combined/XL-Synthetic_12_B__exe_medium__lsb3.bmp,XL-Synthetic_12_B.bmp,XL-Synthetic,12,B,bmp,P06.exe,exe,medium,3,EXE,/home/kali/stego_dataset_expanded/stego_core_combined/XL-Synthetic_12_B__exe_medium__lsb3.bmp,EXE,signature_mz,1,EXE,validated_mz_pe_header,1,4,505856,little,4d 5a 90 00 03 00 00 00,15.845000,
extended_xl,XL-Synthetic_12_B__exe_small__lsb1.bmp,/home/kali/Desktop/stego_dataset_expanded/stego_core_combined/XL-Synthetic_12_B__exe_small__lsb1.bmp,XL-Synthetic_12_B.bmp,XL-Synthetic,12,B,bmp,P06.exe,exe,small,1,EXE,/home/kali/stego_dataset_expanded/stego_core_combined/XL-Synthetic_12_B__exe_small__lsb1.bmp,EXE,signature_mz,1,EXE,validated_mz_pe_header,1,4,40448,little,4d 5a 90 00 03 00 00 00,13.301903,
extended_xl,XL-Synthetic_12_B__exe_small__lsb2.bmp,/home/kali/Desktop/stego_dataset_expanded/stego_core_combined/XL-Synthetic_12_B__exe_small__lsb2.bmp,XL-Synthetic_12_B.bmp,XL-Synthetic,12,B,bmp,P06.exe,exe,small,2,EXE,/home/kali/stego_dataset_expanded/stego_core_combined/XL-Synthetic_12_B__exe_small__lsb2.bmp,EXE,signature_mz,1,EXE,validated_mz_pe_header,1,4,40448,little,4d 5a 90 00 03 00 00 00,13.598002,
extended_xl,XL-Synthetic_12_B__exe_small__lsb3.bmp,/home/kali/Desktop/stego_dataset_expanded/stego_core_combined/XL-Synthetic_12_B__exe_small__lsb3.bmp,XL-Synthetic_12_B.bmp,XL-Synthetic,12,B,bmp,P06.exe,exe,small,3,EXE,/home/kali/stego_dataset_expanded/stego_core_combined/XL-Synthetic_12_B__exe_small__lsb3.bmp,EXE,signature_mz,1,EXE,validated_mz_pe_header,1,4,40448,little,4d 5a 90 00 03 00 00 00,13.272242,
extended_xl,XL-Synthetic_12_B__pdf_large__lsb1.bmp,/home/kali/Desktop/stego_dataset_expanded/stego_core_combined/XL-Synthetic_12_B__pdf_large__lsb1.bmp,XL-Synthetic_12_B.bmp,XL-Synthetic,12,B,bmp,P02.pdf,pdf,large,1,PDF,/home/kali/stego_dataset_expanded/stego_core_combined/XL-Synthetic_12_B__pdf_large__lsb1.bmp,PDF,signature_pdf,1,PDF,validated_pdf_startxref_eof,1,4,1100144,little,25 50 44 46 2d 31 2e 33,13.941277,
extended_xl,XL-Synthetic_12_B__pdf_large__lsb2.bmp,/home/kali/Desktop/stego_dataset_expanded/stego_core_combined/XL-Synthetic_12_B__pdf_large__lsb2.bmp,XL-Synthetic_12_B.bmp,XL-Synthetic,12,B,bmp,P02.pdf,pdf,large,2,PDF,/home/kali/stego_dataset_expanded/stego_core_combined/XL-Synthetic_12_B__pdf_large__lsb2.bmp,PDF,signature_pdf,1,PDF,validated_pdf_startxref_eof,1,4,1100144,little,25 50 44 46 2d 31 2e 33,12.923658,
extended_xl,XL-Synthetic_12_B__pdf_large__lsb3.bmp,/home/kali/Desktop/stego_dataset_expanded/stego_core_combined/XL-Synthetic_12_B__pdf_large__lsb3.bmp,XL-Synthetic_12_B.bmp,XL-Synthetic,12,B,bmp,P02.pdf,pdf,large,3,PDF,/home/kali/stego_dataset_expanded/stego_core_combined/XL-Synthetic_12_B__pdf_large__lsb3.bmp,PDF,signature_pdf,1,PDF,validated_pdf_startxref_eof,1,4,1100144,little,25 50 44 46 2d 31 2e 33,12.894028,
extended_xl,XL-Synthetic_12_B__pdf_medium__lsb1.bmp,/home/kali/Desktop/stego_dataset_expanded/stego_core_combined/XL-Synthetic_12_B__pdf_medium__lsb1.bmp,XL-Synthetic_12_B.bmp,XL-Synthetic,12,B,bmp,P02.pdf,pdf,medium,1,PDF,/home/kali/stego_dataset_expanded/stego_core_combined/XL-Synthetic_12_B__pdf_medium__lsb1.bmp,PDF,signature_pdf,1,PDF,validated_pdf_startxref_eof,1,4,510410,little,25 50 44 46 2d 31 2e 37,13.103803,
extended_xl,XL-Synthetic_12_B__pdf_medium__lsb2.bmp,/home/kali/Desktop/stego_dataset_expanded/stego_core_combined/XL-Synthetic_12_B__pdf_medium__lsb2.bmp,XL-Synthetic_12_B.bmp,XL-Synthetic,12,B,bmp,P02.pdf,pdf,medium,2,PDF,/home/kali/stego_dataset_expanded/stego_core_combined/XL-Synthetic_12_B__pdf_medium__lsb2.bmp,PDF,signature_pdf,1,PDF,validated_pdf_startxref_eof,1,4,510410,little,25 50 44 46 2d 31 2e 37,13.017841,
extended_xl,XL-Synthetic_12_B__pdf_medium__lsb3.bmp,/home/kali/Desktop/stego_dataset_expanded/stego_core_combined/XL-Synthetic_12_B__pdf_medium__lsb3.bmp,XL-Synthetic_12_B.bmp,XL-Synthetic,12,B,bmp,P02.pdf,pdf,medium,3,PDF,/home/kali/stego_dataset_expanded/stego_core_combined/XL-Synthetic_12_B__pdf_medium__lsb3.bmp,PDF,signature_pdf,1,PDF,validated_pdf_startxref_eof,1,4,510410,little,25 50 44 46 2d 31 2e 37,13.648603,
extended_xl,XL-Synthetic_12_B__pdf_small__lsb1.bmp,/home/kali/Desktop/stego_dataset_expanded/stego_core_combined/XL-Synthetic_12_B__pdf_small__lsb1.bmp,XL-Synthetic_12_B.bmp,XL-Synthetic,12,B,bmp,P02.pdf,pdf,small,1,PDF,/home/kali/stego_dataset_expanded/stego_core_combined/XL-Synthetic_12_B__pdf_small__lsb1.bmp,PDF,signature_pdf,1,PDF,validated_pdf_startxref_eof,1,4,16620,little,25 50 44 46 2d 31 2e 37,12.915598,
extended_xl,XL-Synthetic_12_B__pdf_small__lsb2.bmp,/home/kali/Desktop/stego_dataset_expanded/stego_core_combined/XL-Synthetic_12_B__pdf_small__lsb2.bmp,XL-Synthetic_12_B.bmp,XL-Synthetic,12,B,bmp,P02.pdf,pdf,small,2,PDF,/home/kali/stego_dataset_expanded/stego_core_combined/XL-Synthetic_12_B__pdf_small__lsb2.bmp,PDF,signature_pdf,1,PDF,validated_pdf_startxref_eof,1,4,16620,little,25 50 44 46 2d 31 2e 37,12.950695,
extended_xl,XL-Synthetic_12_B__pdf_small__lsb3.bmp,/home/kali/Desktop/stego_dataset_expanded/stego_core_combined/XL-Synthetic_12_B__pdf_small__lsb3.bmp,XL-Synthetic_12_B.bmp,XL-Synthetic,12,B,bmp,P02.pdf,pdf,small,3,PDF,/home/kali/stego_dataset_expanded/stego_core_combined/XL-Synthetic_12_B__pdf_small__lsb3.bmp,PDF,signature_pdf,1,PDF,validated_pdf_startxref_eof,1,4,16620,little,25 50 44 46 2d 31 2e 37,12.772366,
extended_xl,XL-Synthetic_12_B__pptx_large__lsb1.bmp,/home/kali/Desktop/stego_dataset_expanded/stego_core_combined/XL-Synthetic_12_B__pptx_large__lsb1.bmp,XL-Synthetic_12_B.bmp,XL-Synthetic,12,B,bmp,P04.pptx,pptx,large,1,PPTX,/home/kali/stego_dataset_expanded/stego_core_combined/XL-Synthetic_12_B__pptx_large__lsb1.bmp,ZIP,signature_pk_zip,0,PPTX,validated_ooxml_pptx,1,4,1082610,little,50 4b 03 04 14 00 06 00,13.632704,
extended_xl,XL-Synthetic_12_B__pptx_large__lsb2.bmp,/home/kali/Desktop/stego_dataset_expanded/stego_core_combined/XL-Synthetic_12_B__pptx_large__lsb2.bmp,XL-Synthetic_12_B.bmp,XL-Synthetic,12,B,bmp,P04.pptx,pptx,large,2,PPTX,/home/kali/stego_dataset_expanded/stego_core_combined/XL-Synthetic_12_B__pptx_large__lsb2.bmp,ZIP,signature_pk_zip,0,PPTX,validated_ooxml_pptx,1,4,1082610,little,50 4b 03 04 14 00 06 00,13.262210,
extended_xl,XL-Synthetic_12_B__pptx_large__lsb3.bmp,/home/kali/Desktop/stego_dataset_expanded/stego_core_combined/XL-Synthetic_12_B__pptx_large__lsb3.bmp,XL-Synthetic_12_B.bmp,XL-Synthetic,12,B,bmp,P04.pptx,pptx,large,3,PPTX,/home/kali/stego_dataset_expanded/stego_core_combined/XL-Synthetic_12_B__pptx_large__lsb3.bmp,ZIP,signature_pk_zip,0,PPTX,validated_ooxml_pptx,1,4,1082610,little,50 4b 03 04 14 00 06 00,12.716640,
extended_xl,XL-Synthetic_12_B__pptx_medium__lsb1.bmp,/home/kali/Desktop/stego_dataset_expanded/stego_core_combined/XL-Synthetic_12_B__pptx_medium__lsb1.bmp,XL-Synthetic_12_B.bmp,XL-Synthetic,12,B,bmp,P04.pptx,pptx,medium,1,PPTX,/home/kali/stego_dataset_expanded/stego_core_combined/XL-Synthetic_12_B__pptx_medium__lsb1.bmp,ZIP,signature_pk_zip,0,PPTX,validated_ooxml_pptx,1,4,512113,little,50 4b 03 04 14 00 06 00,13.399113,
extended_xl,XL-Synthetic_12_B__pptx_medium__lsb2.bmp,/home/kali/Desktop/stego_dataset_expanded/stego_core_combined/XL-Synthetic_12_B__pptx_medium__lsb2.bmp,XL-Synthetic_12_B.bmp,XL-Synthetic,12,B,bmp,P04.pptx,pptx,medium,2,PPTX,/home/kali/stego_dataset_expanded/stego_core_combined/XL-Synthetic_12_B__pptx_medium__lsb2.bmp,ZIP,signature_pk_zip,0,PPTX,validated_ooxml_pptx,1,4,512113,little,50 4b 03 04 14 00 06 00,12.943957,
extended_xl,XL-Synthetic_12_B__pptx_medium__lsb3.bmp,/home/kali/Desktop/stego_dataset_expanded/stego_core_combined/XL-Synthetic_12_B__pptx_medium__lsb3.bmp,XL-Synthetic_12_B.bmp,XL-Synthetic,12,B,bmp,P04.pptx,pptx,medium,3,PPTX,/home/kali/stego_dataset_expanded/stego_core_combined/XL-Synthetic_12_B__pptx_medium__lsb3.bmp,ZIP,signature_pk_zip,0,PPTX,validated_ooxml_pptx,1,4,512113,little,50 4b 03 04 14 00 06 00,13.537124,
extended_xl,XL-Synthetic_12_B__pptx_small__lsb1.bmp,/home/kali/Desktop/stego_dataset_expanded/stego_core_combined/XL-Synthetic_12_B__pptx_small__lsb1.bmp,XL-Synthetic_12_B.bmp,XL-Synthetic,12,B,bmp,P04.pptx,pptx,small,1,PPTX,/home/kali/stego_dataset_expanded/stego_core_combined/XL-Synthetic_12_B__pptx_small__lsb1.bmp,ZIP,signature_pk_zip,0,PPTX,validated_ooxml_pptx,1,4,32020,little,50 4b 03 04 14 00 06 00,12.650719,
extended_xl,XL-Synthetic_12_B__pptx_small__lsb2.bmp,/home/kali/Desktop/stego_dataset_expanded/stego_core_combined/XL-Synthetic_12_B__pptx_small__lsb2.bmp,XL-Synthetic_12_B.bmp,XL-Synthetic,12,B,bmp,P04.pptx,pptx,small,2,PPTX,/home/kali/stego_dataset_expanded/stego_core_combined/XL-Synthetic_12_B__pptx_small__lsb2.bmp,ZIP,signature_pk_zip,0,PPTX,validated_ooxml_pptx,1,4,32020,little,50 4b 03 04 14 00 06 00,12.888581,
extended_xl,XL-Synthetic_12_B__pptx_small__lsb3.bmp,/home/kali/Desktop/stego_dataset_expanded/stego_core_combined/XL-Synthetic_12_B__pptx_small__lsb3.bmp,XL-Synthetic_12_B.bmp,XL-Synthetic,12,B,bmp,P04.pptx,pptx,small,3,PPTX,/home/kali/stego_dataset_expanded/stego_core_combined/XL-Synthetic_12_B__pptx_small__lsb3.bmp,ZIP,signature_pk_zip,0,PPTX,validated_ooxml_pptx,1,4,32020,little,50 4b 03 04 14 00 06 00,13.004803,
extended_xl,XL-Synthetic_12_B__rtf_large__lsb1.bmp,/home/kali/Desktop/stego_dataset_expanded/stego_core_combined/XL-Synthetic_12_B__rtf_large__lsb1.bmp,XL-Synthetic_12_B.bmp,XL-Synthetic,12,B,bmp,P05.rtf,rtf,large,1,RTF,/home/kali/stego_dataset_expanded/stego_core_combined/XL-Synthetic_12_B__rtf_large__lsb1.bmp,RTF,signature_rtf,1,RTF,validated_rtf_structure,1,4,1085026,little,7b 5c 72 74 66 31 5c 61,13.118883,
extended_xl,XL-Synthetic_12_B__rtf_large__lsb2.bmp,/home/kali/Desktop/stego_dataset_expanded/stego_core_combined/XL-Synthetic_12_B__rtf_large__lsb2.bmp,XL-Synthetic_12_B.bmp,XL-Synthetic,12,B,bmp,P05.rtf,rtf,large,2,RTF,/home/kali/stego_dataset_expanded/stego_core_combined/XL-Synthetic_12_B__rtf_large__lsb2.bmp,RTF,signature_rtf,1,RTF,validated_rtf_structure,1,4,1085026,little,7b 5c 72 74 66 31 5c 61,13.514703,
extended_xl,XL-Synthetic_12_B__rtf_large__lsb3.bmp,/home/kali/Desktop/stego_dataset_expanded/stego_core_combined/XL-Synthetic_12_B__rtf_large__lsb3.bmp,XL-Synthetic_12_B.bmp,XL-Synthetic,12,B,bmp,P05.rtf,rtf,large,3,RTF,/home/kali/stego_dataset_expanded/stego_core_combined/XL-Synthetic_12_B__rtf_large__lsb3.bmp,RTF,signature_rtf,1,RTF,validated_rtf_structure,1,4,1085026,little,7b 5c 72 74 66 31 5c 61,13.065562,
extended_xl,XL-Synthetic_12_B__rtf_medium__lsb1.bmp,/home/kali/Desktop/stego_dataset_expanded/stego_core_combined/XL-Synthetic_12_B__rtf_medium__lsb1.bmp,XL-Synthetic_12_B.bmp,XL-Synthetic,12,B,bmp,P05.rtf,rtf,medium,1,RTF,/home/kali/stego_dataset_expanded/stego_core_combined/XL-Synthetic_12_B__rtf_medium__lsb1.bmp,RTF,signature_rtf,1,RTF,validated_rtf_structure,1,4,511504,little,7b 5c 72 74 66 31 5c 61,13.612687,
extended_xl,XL-Synthetic_12_B__rtf_medium__lsb2.bmp,/home/kali/Desktop/stego_dataset_expanded/stego_core_combined/XL-Synthetic_12_B__rtf_medium__lsb2.bmp,XL-Synthetic_12_B.bmp,XL-Synthetic,12,B,bmp,P05.rtf,rtf,medium,2,RTF,/home/kali/stego_dataset_expanded/stego_core_combined/XL-Synthetic_12_B__rtf_medium__lsb2.bmp,RTF,signature_rtf,1,RTF,validated_rtf_structure,1,4,511504,little,7b 5c 72 74 66 31 5c 61,14.219850,
extended_xl,XL-Synthetic_12_B__rtf_medium__lsb3.bmp,/home/kali/Desktop/stego_dataset_expanded/stego_core_combined/XL-Synthetic_12_B__rtf_medium__lsb3.bmp,XL-Synthetic_12_B.bmp,XL-Synthetic,12,B,bmp,P05.rtf,rtf,medium,3,RTF,/home/kali/stego_dataset_expanded/stego_core_combined/XL-Synthetic_12_B__rtf_medium__lsb3.bmp,RTF,signature_rtf,1,RTF,validated_rtf_structure,1,4,511504,little,7b 5c 72 74 66 31 5c 61,13.459359,
extended_xl,XL-Synthetic_12_B__rtf_small__lsb1.bmp,/home/kali/Desktop/stego_dataset_expanded/stego_core_combined/XL-Synthetic_12_B__rtf_small__lsb1.bmp,XL-Synthetic_12_B.bmp,XL-Synthetic,12,B,bmp,P05.rtf,rtf,small,1,RTF,/home/kali/stego_dataset_expanded/stego_core_combined/XL-Synthetic_12_B__rtf_small__lsb1.bmp,RTF,signature_rtf,1,RTF,validated_rtf_structure,1,4,50275,little,7b 5c 72 74 66 31 5c 61,12.736172,
extended_xl,XL-Synthetic_12_B__rtf_small__lsb2.bmp,/home/kali/Desktop/stego_dataset_expanded/stego_core_combined/XL-Synthetic_12_B__rtf_small__lsb2.bmp,XL-Synthetic_12_B.bmp,XL-Synthetic,12,B,bmp,P05.rtf,rtf,small,2,RTF,/home/kali/stego_dataset_expanded/stego_core_combined/XL-Synthetic_12_B__rtf_small__lsb2.bmp,RTF,signature_rtf,1,RTF,validated_rtf_structure,1,4,50275,little,7b 5c 72 74 66 31 5c 61,13.190805,
extended_xl,XL-Synthetic_12_B__rtf_small__lsb3.bmp,/home/kali/Desktop/stego_dataset_expanded/stego_core_combined/XL-Synthetic_12_B__rtf_small__lsb3.bmp,XL-Synthetic_12_B.bmp,XL-Synthetic,12,B,bmp,P05.rtf,rtf,small,3,RTF,/home/kali/stego_dataset_expanded/stego_core_combined/XL-Synthetic_12_B__rtf_small__lsb3.bmp,RTF,signature_rtf,1,RTF,validated_rtf_structure,1,4,50275,little,7b 5c 72 74 66 31 5c 61,13.951413,
extended_xl,XL-Synthetic_12_B__xlsx_large__lsb1.bmp,/home/kali/Desktop/stego_dataset_expanded/stego_core_combined/XL-Synthetic_12_B__xlsx_large__lsb1.bmp,XL-Synthetic_12_B.bmp,XL-Synthetic,12,B,bmp,P03.xlsx,xlsx,large,1,XLSX,/home/kali/stego_dataset_expanded/stego_core_combined/XL-Synthetic_12_B__xlsx_large__lsb1.bmp,ZIP,signature_pk_zip,0,XLSX,validated_ooxml_xlsx,1,4,1090468,little,50 4b 03 04 14 00 06 00,14.694114,
extended_xl,XL-Synthetic_12_B__xlsx_large__lsb2.bmp,/home/kali/Desktop/stego_dataset_expanded/stego_core_combined/XL-Synthetic_12_B__xlsx_large__lsb2.bmp,XL-Synthetic_12_B.bmp,XL-Synthetic,12,B,bmp,P03.xlsx,xlsx,large,2,XLSX,/home/kali/stego_dataset_expanded/stego_core_combined/XL-Synthetic_12_B__xlsx_large__lsb2.bmp,ZIP,signature_pk_zip,0,XLSX,validated_ooxml_xlsx,1,4,1090468,little,50 4b 03 04 14 00 06 00,14.277178,
extended_xl,XL-Synthetic_12_B__xlsx_large__lsb3.bmp,/home/kali/Desktop/stego_dataset_expanded/stego_core_combined/XL-Synthetic_12_B__xlsx_large__lsb3.bmp,XL-Synthetic_12_B.bmp,XL-Synthetic,12,B,bmp,P03.xlsx,xlsx,large,3,XLSX,/home/kali/stego_dataset_expanded/stego_core_combined/XL-Synthetic_12_B__xlsx_large__lsb3.bmp,ZIP,signature_pk_zip,0,XLSX,validated_ooxml_xlsx,1,4,1090468,little,50 4b 03 04 14 00 06 00,13.520488,
extended_xl,XL-Synthetic_12_B__xlsx_medium__lsb1.bmp,/home/kali/Desktop/stego_dataset_expanded/stego_core_combined/XL-Synthetic_12_B__xlsx_medium__lsb1.bmp,XL-Synthetic_12_B.bmp,XL-Synthetic,12,B,bmp,P03.xlsx,xlsx,medium,1,XLSX,/home/kali/stego_dataset_expanded/stego_core_combined/XL-Synthetic_12_B__xlsx_medium__lsb1.bmp,ZIP,signature_pk_zip,0,XLSX,validated_ooxml_xlsx,1,4,511280,little,50 4b 03 04 14 00 06 00,14.238272,
extended_xl,XL-Synthetic_12_B__xlsx_medium__lsb2.bmp,/home/kali/Desktop/stego_dataset_expanded/stego_core_combined/XL-Synthetic_12_B__xlsx_medium__lsb2.bmp,XL-Synthetic_12_B.bmp,XL-Synthetic,12,B,bmp,P03.xlsx,xlsx,medium,2,XLSX,/home/kali/stego_dataset_expanded/stego_core_combined/XL-Synthetic_12_B__xlsx_medium__lsb2.bmp,ZIP,signature_pk_zip,0,XLSX,validated_ooxml_xlsx,1,4,511280,little,50 4b 03 04 14 00 06 00,13.603752,
extended_xl,XL-Synthetic_12_B__xlsx_medium__lsb3.bmp,/home/kali/Desktop/stego_dataset_expanded/stego_core_combined/XL-Synthetic_12_B__xlsx_medium__lsb3.bmp,XL-Synthetic_12_B.bmp,XL-Synthetic,12,B,bmp,P03.xlsx,xlsx,medium,3,XLSX,/home/kali/stego_dataset_expanded/stego_core_combined/XL-Synthetic_12_B__xlsx_medium__lsb3.bmp,ZIP,signature_pk_zip,0,XLSX,validated_ooxml_xlsx,1,4,511280,little,50 4b 03 04 14 00 06 00,13.555687,
extended_xl,XL-Synthetic_12_B__xlsx_small__lsb1.bmp,/home/kali/Desktop/stego_dataset_expanded/stego_core_combined/XL-Synthetic_12_B__xlsx_small__lsb1.bmp,XL-Synthetic_12_B.bmp,XL-Synthetic,12,B,bmp,P03.xlsx,xlsx,small,1,XLSX,/home/kali/stego_dataset_expanded/stego_core_combined/XL-Synthetic_12_B__xlsx_small__lsb1.bmp,ZIP,signature_pk_zip,0,XLSX,validated_ooxml_xlsx,1,4,8899,little,50 4b 03 04 14 00 06 00,13.137242,
extended_xl,XL-Synthetic_12_B__xlsx_small__lsb2.bmp,/home/kali/Desktop/stego_dataset_expanded/stego_core_combined/XL-Synthetic_12_B__xlsx_small__lsb2.bmp,XL-Synthetic_12_B.bmp,XL-Synthetic,12,B,bmp,P03.xlsx,xlsx,small,2,XLSX,/home/kali/stego_dataset_expanded/stego_core_combined/XL-Synthetic_12_B__xlsx_small__lsb2.bmp,ZIP,signature_pk_zip,0,XLSX,validated_ooxml_xlsx,1,4,8899,little,50 4b 03 04 14 00 06 00,12.823350,
extended_xl,XL-Synthetic_12_B__xlsx_small__lsb3.bmp,/home/kali/Desktop/stego_dataset_expanded/stego_core_combined/XL-Synthetic_12_B__xlsx_small__lsb3.bmp,XL-Synthetic_12_B.bmp,XL-Synthetic,12,B,bmp,P03.xlsx,xlsx,small,3,XLSX,/home/kali/stego_dataset_expanded/stego_core_combined/XL-Synthetic_12_B__xlsx_small__lsb3.bmp,ZIP,signature_pk_zip,0,XLSX,validated_ooxml_xlsx,1,4,8899,little,50 4b 03 04 14 00 06 00,13.161109,
extended_xl,XL-Synthetic_12_P__docx_large__lsb3.png,/home/kali/Desktop/stego_dataset_expanded/stego_core_combined/XL-Synthetic_12_P__docx_large__lsb3.png,XL-Synthetic_12_P.png,XL-Synthetic,12,P,png,P01.docx,docx,large,3,DOCX,/home/kali/stego_dataset_expanded/stego_core_combined/XL-Synthetic_12_P__docx_large__lsb3.png,ZIP,signature_pk_zip,0,DOCX,validated_ooxml_docx,1,3,1121154,little,50 4b 03 04 14 00 06 00,0.766571,
extended_xl,XL-Synthetic_12_P__docx_medium__lsb2.png,/home/kali/Desktop/stego_dataset_expanded/stego_core_combined/XL-Synthetic_12_P__docx_medium__lsb2.png,XL-Synthetic_12_P.png,XL-Synthetic,12,P,png,P01.docx,docx,medium,2,DOCX,/home/kali/stego_dataset_expanded/stego_core_combined/XL-Synthetic_12_P__docx_medium__lsb2.png,ZIP,signature_pk_zip,0,DOCX,validated_ooxml_docx,1,3,511127,little,50 4b 03 04 14 00 06 00,0.675852,
extended_xl,XL-Synthetic_12_P__docx_medium__lsb3.png,/home/kali/Desktop/stego_dataset_expanded/stego_core_combined/XL-Synthetic_12_P__docx_medium__lsb3.png,XL-Synthetic_12_P.png,XL-Synthetic,12,P,png,P01.docx,docx,medium,3,DOCX,/home/kali/stego_dataset_expanded/stego_core_combined/XL-Synthetic_12_P__docx_medium__lsb3.png,ZIP,signature_pk_zip,0,DOCX,validated_ooxml_docx,1,3,511127,little,50 4b 03 04 14 00 06 00,0.598178,
extended_xl,XL-Synthetic_12_P__docx_small__lsb1.png,/home/kali/Desktop/stego_dataset_expanded/stego_core_combined/XL-Synthetic_12_P__docx_small__lsb1.png,XL-Synthetic_12_P.png,XL-Synthetic,12,P,png,P01.docx,docx,small,1,DOCX,/home/kali/stego_dataset_expanded/stego_core_combined/XL-Synthetic_12_P__docx_small__lsb1.png,ZIP,signature_pk_zip,0,DOCX,validated_ooxml_docx,1,3,13432,little,50 4b 03 04 14 00 06 00,0.561284,
extended_xl,XL-Synthetic_12_P__docx_small__lsb2.png,/home/kali/Desktop/stego_dataset_expanded/stego_core_combined/XL-Synthetic_12_P__docx_small__lsb2.png,XL-Synthetic_12_P.png,XL-Synthetic,12,P,png,P01.docx,docx,small,2,DOCX,/home/kali/stego_dataset_expanded/stego_core_combined/XL-Synthetic_12_P__docx_small__lsb2.png,ZIP,signature_pk_zip,0,DOCX,validated_ooxml_docx,1,3,13432,little,50 4b 03 04 14 00 06 00,0.559367,
extended_xl,XL-Synthetic_12_P__docx_small__lsb3.png,/home/kali/Desktop/stego_dataset_expanded/stego_core_combined/XL-Synthetic_12_P__docx_small__lsb3.png,XL-Synthetic_12_P.png,XL-Synthetic,12,P,png,P01.docx,docx,small,3,DOCX,/home/kali/stego_dataset_expanded/stego_core_combined/XL-Synthetic_12_P__docx_small__lsb3.png,ZIP,signature_pk_zip,0,DOCX,validated_ooxml_docx,1,3,13432,little,50 4b 03 04 14 00 06 00,0.543619,
extended_xl,XL-Synthetic_12_P__exe_large__lsb3.png,/home/kali/Desktop/stego_dataset_expanded/stego_core_combined/XL-Synthetic_12_P__exe_large__lsb3.png,XL-Synthetic_12_P.png,XL-Synthetic,12,P,png,P06.exe,exe,large,3,EXE,/home/kali/stego_dataset_expanded/stego_core_combined/XL-Synthetic_12_P__exe_large__lsb3.png,EXE,signature_mz,1,EXE,validated_mz_pe_header,1,3,1017856,little,4d 5a 90 00 03 00 00 00,0.744901,
extended_xl,XL-Synthetic_12_P__exe_medium__lsb2.png,/home/kali/Desktop/stego_dataset_expanded/stego_core_combined/XL-Synthetic_12_P__exe_medium__lsb2.png,XL-Synthetic_12_P.png,XL-Synthetic,12,P,png,P06.exe,exe,medium,2,EXE,/home/kali/stego_dataset_expanded/stego_core_combined/XL-Synthetic_12_P__exe_medium__lsb2.png,EXE,signature_mz,1,EXE,validated_mz_pe_header,1,3,505856,little,4d 5a 90 00 03 00 00 00,0.673160,
extended_xl,XL-Synthetic_12_P__exe_medium__lsb3.png,/home/kali/Desktop/stego_dataset_expanded/stego_core_combined/XL-Synthetic_12_P__exe_medium__lsb3.png,XL-Synthetic_12_P.png,XL-Synthetic,12,P,png,P06.exe,exe,medium,3,EXE,/home/kali/stego_dataset_expanded/stego_core_combined/XL-Synthetic_12_P__exe_medium__lsb3.png,EXE,signature_mz,1,EXE,validated_mz_pe_header,1,3,505856,little,4d 5a 90 00 03 00 00 00,0.587901,
extended_xl,XL-Synthetic_12_P__exe_small__lsb1.png,/home/kali/Desktop/stego_dataset_expanded/stego_core_combined/XL-Synthetic_12_P__exe_small__lsb1.png,XL-Synthetic_12_P.png,XL-Synthetic,12,P,png,P06.exe,exe,small,1,EXE,/home/kali/stego_dataset_expanded/stego_core_combined/XL-Synthetic_12_P__exe_small__lsb1.png,EXE,signature_mz,1,EXE,validated_mz_pe_header,1,3,40448,little,4d 5a 90 00 03 00 00 00,0.501077,
extended_xl,XL-Synthetic_12_P__exe_small__lsb2.png,/home/kali/Desktop/stego_dataset_expanded/stego_core_combined/XL-Synthetic_12_P__exe_small__lsb2.png,XL-Synthetic_12_P.png,XL-Synthetic,12,P,png,P06.exe,exe,small,2,EXE,/home/kali/stego_dataset_expanded/stego_core_combined/XL-Synthetic_12_P__exe_small__lsb2.png,EXE,signature_mz,1,EXE,validated_mz_pe_header,1,3,40448,little,4d 5a 90 00 03 00 00 00,0.514485,
extended_xl,XL-Synthetic_12_P__exe_small__lsb3.png,/home/kali/Desktop/stego_dataset_expanded/stego_core_combined/XL-Synthetic_12_P__exe_small__lsb3.png,XL-Synthetic_12_P.png,XL-Synthetic,12,P,png,P06.exe,exe,small,3,EXE,/home/kali/stego_dataset_expanded/stego_core_combined/XL-Synthetic_12_P__exe_small__lsb3.png,EXE,signature_mz,1,EXE,validated_mz_pe_header,1,3,40448,little,4d 5a 90 00 03 00 00 00,0.508977,
extended_xl,XL-Synthetic_12_P__pdf_large__lsb3.png,/home/kali/Desktop/stego_dataset_expanded/stego_core_combined/XL-Synthetic_12_P__pdf_large__lsb3.png,XL-Synthetic_12_P.png,XL-Synthetic,12,P,png,P02.pdf,pdf,large,3,PDF,/home/kali/stego_dataset_expanded/stego_core_combined/XL-Synthetic_12_P__pdf_large__lsb3.png,PDF,signature_pdf,1,PDF,validated_pdf_startxref_eof,1,3,1100144,little,25 50 44 46 2d 31 2e 33,0.696612,
extended_xl,XL-Synthetic_12_P__pdf_medium__lsb2.png,/home/kali/Desktop/stego_dataset_expanded/stego_core_combined/XL-Synthetic_12_P__pdf_medium__lsb2.png,XL-Synthetic_12_P.png,XL-Synthetic,12,P,png,P02.pdf,pdf,medium,2,PDF,/home/kali/stego_dataset_expanded/stego_core_combined/XL-Synthetic_12_P__pdf_medium__lsb2.png,PDF,signature_pdf,1,PDF,validated_pdf_startxref_eof,1,3,510410,little,25 50 44 46 2d 31 2e 37,0.600518,
extended_xl,XL-Synthetic_12_P__pdf_medium__lsb3.png,/home/kali/Desktop/stego_dataset_expanded/stego_core_combined/XL-Synthetic_12_P__pdf_medium__lsb3.png,XL-Synthetic_12_P.png,XL-Synthetic,12,P,png,P02.pdf,pdf,medium,3,PDF,/home/kali/stego_dataset_expanded/stego_core_combined/XL-Synthetic_12_P__pdf_medium__lsb3.png,PDF,signature_pdf,1,PDF,validated_pdf_startxref_eof,1,3,510410,little,25 50 44 46 2d 31 2e 37,0.582545,
extended_xl,XL-Synthetic_12_P__pdf_small__lsb1.png,/home/kali/Desktop/stego_dataset_expanded/stego_core_combined/XL-Synthetic_12_P__pdf_small__lsb1.png,XL-Synthetic_12_P.png,XL-Synthetic,12,P,png,P02.pdf,pdf,small,1,PDF,/home/kali/stego_dataset_expanded/stego_core_combined/XL-Synthetic_12_P__pdf_small__lsb1.png,PDF,signature_pdf,1,PDF,validated_pdf_startxref_eof,1,3,16620,little,25 50 44 46 2d 31 2e 37,0.516343,
extended_xl,XL-Synthetic_12_P__pdf_small__lsb2.png,/home/kali/Desktop/stego_dataset_expanded/stego_core_combined/XL-Synthetic_12_P__pdf_small__lsb2.png,XL-Synthetic_12_P.png,XL-Synthetic,12,P,png,P02.pdf,pdf,small,2,PDF,/home/kali/stego_dataset_expanded/stego_core_combined/XL-Synthetic_12_P__pdf_small__lsb2.png,PDF,signature_pdf,1,PDF,validated_pdf_startxref_eof,1,3,16620,little,25 50 44 46 2d 31 2e 37,0.580867,
extended_xl,XL-Synthetic_12_P__pdf_small__lsb3.png,/home/kali/Desktop/stego_dataset_expanded/stego_core_combined/XL-Synthetic_12_P__pdf_small__lsb3.png,XL-Synthetic_12_P.png,XL-Synthetic,12,P,png,P02.pdf,pdf,small,3,PDF,/home/kali/stego_dataset_expanded/stego_core_combined/XL-Synthetic_12_P__pdf_small__lsb3.png,PDF,signature_pdf,1,PDF,validated_pdf_startxref_eof,1,3,16620,little,25 50 44 46 2d 31 2e 37,0.611462,
extended_xl,XL-Synthetic_12_P__pptx_large__lsb3.png,/home/kali/Desktop/stego_dataset_expanded/stego_core_combined/XL-Synthetic_12_P__pptx_large__lsb3.png,XL-Synthetic_12_P.png,XL-Synthetic,12,P,png,P04.pptx,pptx,large,3,PPTX,/home/kali/stego_dataset_expanded/stego_core_combined/XL-Synthetic_12_P__pptx_large__lsb3.png,ZIP,signature_pk_zip,0,PPTX,validated_ooxml_pptx,1,3,1082610,little,50 4b 03 04 14 00 06 00,0.765327,
extended_xl,XL-Synthetic_12_P__pptx_medium__lsb2.png,/home/kali/Desktop/stego_dataset_expanded/stego_core_combined/XL-Synthetic_12_P__pptx_medium__lsb2.png,XL-Synthetic_12_P.png,XL-Synthetic,12,P,png,P04.pptx,pptx,medium,2,PPTX,/home/kali/stego_dataset_expanded/stego_core_combined/XL-Synthetic_12_P__pptx_medium__lsb2.png,ZIP,signature_pk_zip,0,PPTX,validated_ooxml_pptx,1,3,512113,little,50 4b 03 04 14 00 06 00,0.778052,
extended_xl,XL-Synthetic_12_P__pptx_medium__lsb3.png,/home/kali/Desktop/stego_dataset_expanded/stego_core_combined/XL-Synthetic_12_P__pptx_medium__lsb3.png,XL-Synthetic_12_P.png,XL-Synthetic,12,P,png,P04.pptx,pptx,medium,3,PPTX,/home/kali/stego_dataset_expanded/stego_core_combined/XL-Synthetic_12_P__pptx_medium__lsb3.png,ZIP,signature_pk_zip,0,PPTX,validated_ooxml_pptx,1,3,512113,little,50 4b 03 04 14 00 06 00,0.628855,
extended_xl,XL-Synthetic_12_P__pptx_small__lsb1.png,/home/kali/Desktop/stego_dataset_expanded/stego_core_combined/XL-Synthetic_12_P__pptx_small__lsb1.png,XL-Synthetic_12_P.png,XL-Synthetic,12,P,png,P04.pptx,pptx,small,1,PPTX,/home/kali/stego_dataset_expanded/stego_core_combined/XL-Synthetic_12_P__pptx_small__lsb1.png,ZIP,signature_pk_zip,0,PPTX,validated_ooxml_pptx,1,3,32020,little,50 4b 03 04 14 00 06 00,0.554988,
extended_xl,XL-Synthetic_12_P__pptx_small__lsb2.png,/home/kali/Desktop/stego_dataset_expanded/stego_core_combined/XL-Synthetic_12_P__pptx_small__lsb2.png,XL-Synthetic_12_P.png,XL-Synthetic,12,P,png,P04.pptx,pptx,small,2,PPTX,/home/kali/stego_dataset_expanded/stego_core_combined/XL-Synthetic_12_P__pptx_small__lsb2.png,ZIP,signature_pk_zip,0,PPTX,validated_ooxml_pptx,1,3,32020,little,50 4b 03 04 14 00 06 00,0.522987,
extended_xl,XL-Synthetic_12_P__pptx_small__lsb3.png,/home/kali/Desktop/stego_dataset_expanded/stego_core_combined/XL-Synthetic_12_P__pptx_small__lsb3.png,XL-Synthetic_12_P.png,XL-Synthetic,12,P,png,P04.pptx,pptx,small,3,PPTX,/home/kali/stego_dataset_expanded/stego_core_combined/XL-Synthetic_12_P__pptx_small__lsb3.png,ZIP,signature_pk_zip,0,PPTX,validated_ooxml_pptx,1,3,32020,little,50 4b 03 04 14 00 06 00,0.623126,
extended_xl,XL-Synthetic_12_P__rtf_large__lsb3.png,/home/kali/Desktop/stego_dataset_expanded/stego_core_combined/XL-Synthetic_12_P__rtf_large__lsb3.png,XL-Synthetic_12_P.png,XL-Synthetic,12,P,png,P05.rtf,rtf,large,3,RTF,/home/kali/stego_dataset_expanded/stego_core_combined/XL-Synthetic_12_P__rtf_large__lsb3.png,RTF,signature_rtf,1,RTF,validated_rtf_structure,1,3,1085026,little,7b 5c 72 74 66 31 5c 61,0.727424,
extended_xl,XL-Synthetic_12_P__rtf_medium__lsb2.png,/home/kali/Desktop/stego_dataset_expanded/stego_core_combined/XL-Synthetic_12_P__rtf_medium__lsb2.png,XL-Synthetic_12_P.png,XL-Synthetic,12,P,png,P05.rtf,rtf,medium,2,RTF,/home/kali/stego_dataset_expanded/stego_core_combined/XL-Synthetic_12_P__rtf_medium__lsb2.png,RTF,signature_rtf,1,RTF,validated_rtf_structure,1,3,511504,little,7b 5c 72 74 66 31 5c 61,0.659641,
extended_xl,XL-Synthetic_12_P__rtf_medium__lsb3.png,/home/kali/Desktop/stego_dataset_expanded/stego_core_combined/XL-Synthetic_12_P__rtf_medium__lsb3.png,XL-Synthetic_12_P.png,XL-Synthetic,12,P,png,P05.rtf,rtf,medium,3,RTF,/home/kali/stego_dataset_expanded/stego_core_combined/XL-Synthetic_12_P__rtf_medium__lsb3.png,RTF,signature_rtf,1,RTF,validated_rtf_structure,1,3,511504,little,7b 5c 72 74 66 31 5c 61,0.603454,
extended_xl,XL-Synthetic_12_P__rtf_small__lsb1.png,/home/kali/Desktop/stego_dataset_expanded/stego_core_combined/XL-Synthetic_12_P__rtf_small__lsb1.png,XL-Synthetic_12_P.png,XL-Synthetic,12,P,png,P05.rtf,rtf,small,1,RTF,/home/kali/stego_dataset_expanded/stego_core_combined/XL-Synthetic_12_P__rtf_small__lsb1.png,RTF,signature_rtf,1,RTF,validated_rtf_structure,1,3,50275,little,7b 5c 72 74 66 31 5c 61,0.542010,
extended_xl,XL-Synthetic_12_P__rtf_small__lsb2.png,/home/kali/Desktop/stego_dataset_expanded/stego_core_combined/XL-Synthetic_12_P__rtf_small__lsb2.png,XL-Synthetic_12_P.png,XL-Synthetic,12,P,png,P05.rtf,rtf,small,2,RTF,/home/kali/stego_dataset_expanded/stego_core_combined/XL-Synthetic_12_P__rtf_small__lsb2.png,RTF,signature_rtf,1,RTF,validated_rtf_structure,1,3,50275,little,7b 5c 72 74 66 31 5c 61,0.545781,
extended_xl,XL-Synthetic_12_P__rtf_small__lsb3.png,/home/kali/Desktop/stego_dataset_expanded/stego_core_combined/XL-Synthetic_12_P__rtf_small__lsb3.png,XL-Synthetic_12_P.png,XL-Synthetic,12,P,png,P05.rtf,rtf,small,3,RTF,/home/kali/stego_dataset_expanded/stego_core_combined/XL-Synthetic_12_P__rtf_small__lsb3.png,RTF,signature_rtf,1,RTF,validated_rtf_structure,1,3,50275,little,7b 5c 72 74 66 31 5c 61,0.499810,
extended_xl,XL-Synthetic_12_P__xlsx_large__lsb3.png,/home/kali/Desktop/stego_dataset_expanded/stego_core_combined/XL-Synthetic_12_P__xlsx_large__lsb3.png,XL-Synthetic_12_P.png,XL-Synthetic,12,P,png,P03.xlsx,xlsx,large,3,XLSX,/home/kali/stego_dataset_expanded/stego_core_combined/XL-Synthetic_12_P__xlsx_large__lsb3.png,ZIP,signature_pk_zip,0,XLSX,validated_ooxml_xlsx,1,3,1090468,little,50 4b 03 04 14 00 06 00,0.681142,
extended_xl,XL-Synthetic_12_P__xlsx_medium__lsb2.png,/home/kali/Desktop/stego_dataset_expanded/stego_core_combined/XL-Synthetic_12_P__xlsx_medium__lsb2.png,XL-Synthetic_12_P.png,XL-Synthetic,12,P,png,P03.xlsx,xlsx,medium,2,XLSX,/home/kali/stego_dataset_expanded/stego_core_combined/XL-Synthetic_12_P__xlsx_medium__lsb2.png,ZIP,signature_pk_zip,0,XLSX,validated_ooxml_xlsx,1,3,511280,little,50 4b 03 04 14 00 06 00,0.651044,
extended_xl,XL-Synthetic_12_P__xlsx_medium__lsb3.png,/home/kali/Desktop/stego_dataset_expanded/stego_core_combined/XL-Synthetic_12_P__xlsx_medium__lsb3.png,XL-Synthetic_12_P.png,XL-Synthetic,12,P,png,P03.xlsx,xlsx,medium,3,XLSX,/home/kali/stego_dataset_expanded/stego_core_combined/XL-Synthetic_12_P__xlsx_medium__lsb3.png,ZIP,signature_pk_zip,0,XLSX,validated_ooxml_xlsx,1,3,511280,little,50 4b 03 04 14 00 06 00,0.637803,
extended_xl,XL-Synthetic_12_P__xlsx_small__lsb1.png,/home/kali/Desktop/stego_dataset_expanded/stego_core_combined/XL-Synthetic_12_P__xlsx_small__lsb1.png,XL-Synthetic_12_P.png,XL-Synthetic,12,P,png,P03.xlsx,xlsx,small,1,XLSX,/home/kali/stego_dataset_expanded/stego_core_combined/XL-Synthetic_12_P__xlsx_small__lsb1.png,ZIP,signature_pk_zip,0,XLSX,validated_ooxml_xlsx,1,3,8899,little,50 4b 03 04 14 00 06 00,0.545319,
extended_xl,XL-Synthetic_12_P__xlsx_small__lsb2.png,/home/kali/Desktop/stego_dataset_expanded/stego_core_combined/XL-Synthetic_12_P__xlsx_small__lsb2.png,XL-Synthetic_12_P.png,XL-Synthetic,12,P,png,P03.xlsx,xlsx,small,2,XLSX,/home/kali/stego_dataset_expanded/stego_core_combined/XL-Synthetic_12_P__xlsx_small__lsb2.png,ZIP,signature_pk_zip,0,XLSX,validated_ooxml_xlsx,1,3,8899,little,50 4b 03 04 14 00 06 00,0.529338,
extended_xl,XL-Synthetic_12_P__xlsx_small__lsb3.png,/home/kali/Desktop/stego_dataset_expanded/stego_core_combined/XL-Synthetic_12_P__xlsx_small__lsb3.png,XL-Synthetic_12_P.png,XL-Synthetic,12,P,png,P03.xlsx,xlsx,small,3,XLSX,/home/kali/stego_dataset_expanded/stego_core_combined/XL-Synthetic_12_P__xlsx_small__lsb3.png,ZIP,signature_pk_zip,0,XLSX,validated_ooxml_xlsx,1,3,8899,little,50 4b 03 04 14 00 06 00,0.523819,
extended_xl,XL-Synthetic_13_B__docx_large__lsb1.bmp,/home/kali/Desktop/stego_dataset_expanded/stego_core_combined/XL-Synthetic_13_B__docx_large__lsb1.bmp,XL-Synthetic_13_B.bmp,XL-Synthetic,13,B,bmp,P01.docx,docx,large,1,DOCX,/home/kali/stego_dataset_expanded/stego_core_combined/XL-Synthetic_13_B__docx_large__lsb1.bmp,ZIP,signature_pk_zip,0,DOCX,validated_ooxml_docx,1,4,1121154,little,50 4b 03 04 14 00 06 00,15.162755,
extended_xl,XL-Synthetic_13_B__docx_large__lsb2.bmp,/home/kali/Desktop/stego_dataset_expanded/stego_core_combined/XL-Synthetic_13_B__docx_large__lsb2.bmp,XL-Synthetic_13_B.bmp,XL-Synthetic,13,B,bmp,P01.docx,docx,large,2,DOCX,/home/kali/stego_dataset_expanded/stego_core_combined/XL-Synthetic_13_B__docx_large__lsb2.bmp,ZIP,signature_pk_zip,0,DOCX,validated_ooxml_docx,1,4,1121154,little,50 4b 03 04 14 00 06 00,15.550536,
extended_xl,XL-Synthetic_13_B__docx_large__lsb3.bmp,/home/kali/Desktop/stego_dataset_expanded/stego_core_combined/XL-Synthetic_13_B__docx_large__lsb3.bmp,XL-Synthetic_13_B.bmp,XL-Synthetic,13,B,bmp,P01.docx,docx,large,3,DOCX,/home/kali/stego_dataset_expanded/stego_core_combined/XL-Synthetic_13_B__docx_large__lsb3.bmp,ZIP,signature_pk_zip,0,DOCX,validated_ooxml_docx,1,4,1121154,little,50 4b 03 04 14 00 06 00,14.455914,
extended_xl,XL-Synthetic_13_B__docx_medium__lsb1.bmp,/home/kali/Desktop/stego_dataset_expanded/stego_core_combined/XL-Synthetic_13_B__docx_medium__lsb1.bmp,XL-Synthetic_13_B.bmp,XL-Synthetic,13,B,bmp,P01.docx,docx,medium,1,DOCX,/home/kali/stego_dataset_expanded/stego_core_combined/XL-Synthetic_13_B__docx_medium__lsb1.bmp,ZIP,signature_pk_zip,0,DOCX,validated_ooxml_docx,1,4,511127,little,50 4b 03 04 14 00 06 00,17.418115,
extended_xl,XL-Synthetic_13_B__docx_medium__lsb2.bmp,/home/kali/Desktop/stego_dataset_expanded/stego_core_combined/XL-Synthetic_13_B__docx_medium__lsb2.bmp,XL-Synthetic_13_B.bmp,XL-Synthetic,13,B,bmp,P01.docx,docx,medium,2,DOCX,/home/kali/stego_dataset_expanded/stego_core_combined/XL-Synthetic_13_B__docx_medium__lsb2.bmp,ZIP,signature_pk_zip,0,DOCX,validated_ooxml_docx,1,4,511127,little,50 4b 03 04 14 00 06 00,16.360627,
extended_xl,XL-Synthetic_13_B__docx_medium__lsb3.bmp,/home/kali/Desktop/stego_dataset_expanded/stego_core_combined/XL-Synthetic_13_B__docx_medium__lsb3.bmp,XL-Synthetic_13_B.bmp,XL-Synthetic,13,B,bmp,P01.docx,docx,medium,3,DOCX,/home/kali/stego_dataset_expanded/stego_core_combined/XL-Synthetic_13_B__docx_medium__lsb3.bmp,ZIP,signature_pk_zip,0,DOCX,validated_ooxml_docx,1,4,511127,little,50 4b 03 04 14 00 06 00,16.740321,
extended_xl,XL-Synthetic_13_B__docx_small__lsb1.bmp,/home/kali/Desktop/stego_dataset_expanded/stego_core_combined/XL-Synthetic_13_B__docx_small__lsb1.bmp,XL-Synthetic_13_B.bmp,XL-Synthetic,13,B,bmp,P01.docx,docx,small,1,DOCX,/home/kali/stego_dataset_expanded/stego_core_combined/XL-Synthetic_13_B__docx_small__lsb1.bmp,ZIP,signature_pk_zip,0,DOCX,validated_ooxml_docx,1,4,13432,little,50 4b 03 04 14 00 06 00,16.687954,
extended_xl,XL-Synthetic_13_B__docx_small__lsb2.bmp,/home/kali/Desktop/stego_dataset_expanded/stego_core_combined/XL-Synthetic_13_B__docx_small__lsb2.bmp,XL-Synthetic_13_B.bmp,XL-Synthetic,13,B,bmp,P01.docx,docx,small,2,DOCX,/home/kali/stego_dataset_expanded/stego_core_combined/XL-Synthetic_13_B__docx_small__lsb2.bmp,ZIP,signature_pk_zip,0,DOCX,validated_ooxml_docx,1,4,13432,little,50 4b 03 04 14 00 06 00,15.587233,
extended_xl,XL-Synthetic_13_B__docx_small__lsb3.bmp,/home/kali/Desktop/stego_dataset_expanded/stego_core_combined/XL-Synthetic_13_B__docx_small__lsb3.bmp,XL-Synthetic_13_B.bmp,XL-Synthetic,13,B,bmp,P01.docx,docx,small,3,DOCX,/home/kali/stego_dataset_expanded/stego_core_combined/XL-Synthetic_13_B__docx_small__lsb3.bmp,ZIP,signature_pk_zip,0,DOCX,validated_ooxml_docx,1,4,13432,little,50 4b 03 04 14 00 06 00,15.794301,
extended_xl,XL-Synthetic_13_B__exe_large__lsb1.bmp,/home/kali/Desktop/stego_dataset_expanded/stego_core_combined/XL-Synthetic_13_B__exe_large__lsb1.bmp,XL-Synthetic_13_B.bmp,XL-Synthetic,13,B,bmp,P06.exe,exe,large,1,EXE,/home/kali/stego_dataset_expanded/stego_core_combined/XL-Synthetic_13_B__exe_large__lsb1.bmp,EXE,signature_mz,1,EXE,validated_mz_pe_header,1,4,1017856,little,4d 5a 90 00 03 00 00 00,15.987297,
extended_xl,XL-Synthetic_13_B__exe_large__lsb2.bmp,/home/kali/Desktop/stego_dataset_expanded/stego_core_combined/XL-Synthetic_13_B__exe_large__lsb2.bmp,XL-Synthetic_13_B.bmp,XL-Synthetic,13,B,bmp,P06.exe,exe,large,2,EXE,/home/kali/stego_dataset_expanded/stego_core_combined/XL-Synthetic_13_B__exe_large__lsb2.bmp,EXE,signature_mz,1,EXE,validated_mz_pe_header,1,4,1017856,little,4d 5a 90 00 03 00 00 00,14.988224,
extended_xl,XL-Synthetic_13_B__exe_large__lsb3.bmp,/home/kali/Desktop/stego_dataset_expanded/stego_core_combined/XL-Synthetic_13_B__exe_large__lsb3.bmp,XL-Synthetic_13_B.bmp,XL-Synthetic,13,B,bmp,P06.exe,exe,large,3,EXE,/home/kali/stego_dataset_expanded/stego_core_combined/XL-Synthetic_13_B__exe_large__lsb3.bmp,EXE,signature_mz,1,EXE,validated_mz_pe_header,1,4,1017856,little,4d 5a 90 00 03 00 00 00,15.257786,
extended_xl,XL-Synthetic_13_B__exe_medium__lsb1.bmp,/home/kali/Desktop/stego_dataset_expanded/stego_core_combined/XL-Synthetic_13_B__exe_medium__lsb1.bmp,XL-Synthetic_13_B.bmp,XL-Synthetic,13,B,bmp,P06.exe,exe,medium,1,EXE,/home/kali/stego_dataset_expanded/stego_core_combined/XL-Synthetic_13_B__exe_medium__lsb1.bmp,EXE,signature_mz,1,EXE,validated_mz_pe_header,1,4,505856,little,4d 5a 90 00 03 00 00 00,15.432237,
extended_xl,XL-Synthetic_13_B__exe_medium__lsb2.bmp,/home/kali/Desktop/stego_dataset_expanded/stego_core_combined/XL-Synthetic_13_B__exe_medium__lsb2.bmp,XL-Synthetic_13_B.bmp,XL-Synthetic,13,B,bmp,P06.exe,exe,medium,2,EXE,/home/kali/stego_dataset_expanded/stego_core_combined/XL-Synthetic_13_B__exe_medium__lsb2.bmp,EXE,signature_mz,1,EXE,validated_mz_pe_header,1,4,505856,little,4d 5a 90 00 03 00 00 00,14.739360,
extended_xl,XL-Synthetic_13_B__exe_medium__lsb3.bmp,/home/kali/Desktop/stego_dataset_expanded/stego_core_combined/XL-Synthetic_13_B__exe_medium__lsb3.bmp,XL-Synthetic_13_B.bmp,XL-Synthetic,13,B,bmp,P06.exe,exe,medium,3,EXE,/home/kali/stego_dataset_expanded/stego_core_combined/XL-Synthetic_13_B__exe_medium__lsb3.bmp,EXE,signature_mz,1,EXE,validated_mz_pe_header,1,4,505856,little,4d 5a 90 00 03 00 00 00,14.811058,
extended_xl,XL-Synthetic_13_B__exe_small__lsb1.bmp,/home/kali/Desktop/stego_dataset_expanded/stego_core_combined/XL-Synthetic_13_B__exe_small__lsb1.bmp,XL-Synthetic_13_B.bmp,XL-Synthetic,13,B,bmp,P06.exe,exe,small,1,EXE,/home/kali/stego_dataset_expanded/stego_core_combined/XL-Synthetic_13_B__exe_small__lsb1.bmp,EXE,signature_mz,1,EXE,validated_mz_pe_header,1,4,40448,little,4d 5a 90 00 03 00 00 00,14.982481,
extended_xl,XL-Synthetic_13_B__exe_small__lsb2.bmp,/home/kali/Desktop/stego_dataset_expanded/stego_core_combined/XL-Synthetic_13_B__exe_small__lsb2.bmp,XL-Synthetic_13_B.bmp,XL-Synthetic,13,B,bmp,P06.exe,exe,small,2,EXE,/home/kali/stego_dataset_expanded/stego_core_combined/XL-Synthetic_13_B__exe_small__lsb2.bmp,EXE,signature_mz,1,EXE,validated_mz_pe_header,1,4,40448,little,4d 5a 90 00 03 00 00 00,14.227890,
extended_xl,XL-Synthetic_13_B__exe_small__lsb3.bmp,/home/kali/Desktop/stego_dataset_expanded/stego_core_combined/XL-Synthetic_13_B__exe_small__lsb3.bmp,XL-Synthetic_13_B.bmp,XL-Synthetic,13,B,bmp,P06.exe,exe,small,3,EXE,/home/kali/stego_dataset_expanded/stego_core_combined/XL-Synthetic_13_B__exe_small__lsb3.bmp,EXE,signature_mz,1,EXE,validated_mz_pe_header,1,4,40448,little,4d 5a 90 00 03 00 00 00,14.706959,
extended_xl,XL-Synthetic_13_B__pdf_large__lsb1.bmp,/home/kali/Desktop/stego_dataset_expanded/stego_core_combined/XL-Synthetic_13_B__pdf_large__lsb1.bmp,XL-Synthetic_13_B.bmp,XL-Synthetic,13,B,bmp,P02.pdf,pdf,large,1,PDF,/home/kali/stego_dataset_expanded/stego_core_combined/XL-Synthetic_13_B__pdf_large__lsb1.bmp,PDF,signature_pdf,1,PDF,validated_pdf_startxref_eof,1,4,1100144,little,25 50 44 46 2d 31 2e 33,14.702772,
extended_xl,XL-Synthetic_13_B__pdf_large__lsb2.bmp,/home/kali/Desktop/stego_dataset_expanded/stego_core_combined/XL-Synthetic_13_B__pdf_large__lsb2.bmp,XL-Synthetic_13_B.bmp,XL-Synthetic,13,B,bmp,P02.pdf,pdf,large,2,PDF,/home/kali/stego_dataset_expanded/stego_core_combined/XL-Synthetic_13_B__pdf_large__lsb2.bmp,PDF,signature_pdf,1,PDF,validated_pdf_startxref_eof,1,4,1100144,little,25 50 44 46 2d 31 2e 33,15.147840,
extended_xl,XL-Synthetic_13_B__pdf_large__lsb3.bmp,/home/kali/Desktop/stego_dataset_expanded/stego_core_combined/XL-Synthetic_13_B__pdf_large__lsb3.bmp,XL-Synthetic_13_B.bmp,XL-Synthetic,13,B,bmp,P02.pdf,pdf,large,3,PDF,/home/kali/stego_dataset_expanded/stego_core_combined/XL-Synthetic_13_B__pdf_large__lsb3.bmp,PDF,signature_pdf,1,PDF,validated_pdf_startxref_eof,1,4,1100144,little,25 50 44 46 2d 31 2e 33,14.682941,
extended_xl,XL-Synthetic_13_B__pdf_medium__lsb1.bmp,/home/kali/Desktop/stego_dataset_expanded/stego_core_combined/XL-Synthetic_13_B__pdf_medium__lsb1.bmp,XL-Synthetic_13_B.bmp,XL-Synthetic,13,B,bmp,P02.pdf,pdf,medium,1,PDF,/home/kali/stego_dataset_expanded/stego_core_combined/XL-Synthetic_13_B__pdf_medium__lsb1.bmp,PDF,signature_pdf,1,PDF,validated_pdf_startxref_eof,1,4,510410,little,25 50 44 46 2d 31 2e 37,14.324861,
extended_xl,XL-Synthetic_13_B__pdf_medium__lsb2.bmp,/home/kali/Desktop/stego_dataset_expanded/stego_core_combined/XL-Synthetic_13_B__pdf_medium__lsb2.bmp,XL-Synthetic_13_B.bmp,XL-Synthetic,13,B,bmp,P02.pdf,pdf,medium,2,PDF,/home/kali/stego_dataset_expanded/stego_core_combined/XL-Synthetic_13_B__pdf_medium__lsb2.bmp,PDF,signature_pdf,1,PDF,validated_pdf_startxref_eof,1,4,510410,little,25 50 44 46 2d 31 2e 37,15.909864,
extended_xl,XL-Synthetic_13_B__pdf_medium__lsb3.bmp,/home/kali/Desktop/stego_dataset_expanded/stego_core_combined/XL-Synthetic_13_B__pdf_medium__lsb3.bmp,XL-Synthetic_13_B.bmp,XL-Synthetic,13,B,bmp,P02.pdf,pdf,medium,3,PDF,/home/kali/stego_dataset_expanded/stego_core_combined/XL-Synthetic_13_B__pdf_medium__lsb3.bmp,PDF,signature_pdf,1,PDF,validated_pdf_startxref_eof,1,4,510410,little,25 50 44 46 2d 31 2e 37,15.157900,
extended_xl,XL-Synthetic_13_B__pdf_small__lsb1.bmp,/home/kali/Desktop/stego_dataset_expanded/stego_core_combined/XL-Synthetic_13_B__pdf_small__lsb1.bmp,XL-Synthetic_13_B.bmp,XL-Synthetic,13,B,bmp,P02.pdf,pdf,small,1,PDF,/home/kali/stego_dataset_expanded/stego_core_combined/XL-Synthetic_13_B__pdf_small__lsb1.bmp,PDF,signature_pdf,1,PDF,validated_pdf_startxref_eof,1,4,16620,little,25 50 44 46 2d 31 2e 37,15.372076,
extended_xl,XL-Synthetic_13_B__pdf_small__lsb2.bmp,/home/kali/Desktop/stego_dataset_expanded/stego_core_combined/XL-Synthetic_13_B__pdf_small__lsb2.bmp,XL-Synthetic_13_B.bmp,XL-Synthetic,13,B,bmp,P02.pdf,pdf,small,2,PDF,/home/kali/stego_dataset_expanded/stego_core_combined/XL-Synthetic_13_B__pdf_small__lsb2.bmp,PDF,signature_pdf,1,PDF,validated_pdf_startxref_eof,1,4,16620,little,25 50 44 46 2d 31 2e 37,14.972787,
extended_xl,XL-Synthetic_13_B__pdf_small__lsb3.bmp,/home/kali/Desktop/stego_dataset_expanded/stego_core_combined/XL-Synthetic_13_B__pdf_small__lsb3.bmp,XL-Synthetic_13_B.bmp,XL-Synthetic,13,B,bmp,P02.pdf,pdf,small,3,PDF,/home/kali/stego_dataset_expanded/stego_core_combined/XL-Synthetic_13_B__pdf_small__lsb3.bmp,PDF,signature_pdf,1,PDF,validated_pdf_startxref_eof,1,4,16620,little,25 50 44 46 2d 31 2e 37,16.225759,
extended_xl,XL-Synthetic_13_B__pptx_large__lsb1.bmp,/home/kali/Desktop/stego_dataset_expanded/stego_core_combined/XL-Synthetic_13_B__pptx_large__lsb1.bmp,XL-Synthetic_13_B.bmp,XL-Synthetic,13,B,bmp,P04.pptx,pptx,large,1,PPTX,/home/kali/stego_dataset_expanded/stego_core_combined/XL-Synthetic_13_B__pptx_large__lsb1.bmp,ZIP,signature_pk_zip,0,PPTX,validated_ooxml_pptx,1,4,1082610,little,50 4b 03 04 14 00 06 00,15.852611,
extended_xl,XL-Synthetic_13_B__pptx_large__lsb2.bmp,/home/kali/Desktop/stego_dataset_expanded/stego_core_combined/XL-Synthetic_13_B__pptx_large__lsb2.bmp,XL-Synthetic_13_B.bmp,XL-Synthetic,13,B,bmp,P04.pptx,pptx,large,2,PPTX,/home/kali/stego_dataset_expanded/stego_core_combined/XL-Synthetic_13_B__pptx_large__lsb2.bmp,ZIP,signature_pk_zip,0,PPTX,validated_ooxml_pptx,1,4,1082610,little,50 4b 03 04 14 00 06 00,15.623805,
extended_xl,XL-Synthetic_13_B__pptx_large__lsb3.bmp,/home/kali/Desktop/stego_dataset_expanded/stego_core_combined/XL-Synthetic_13_B__pptx_large__lsb3.bmp,XL-Synthetic_13_B.bmp,XL-Synthetic,13,B,bmp,P04.pptx,pptx,large,3,PPTX,/home/kali/stego_dataset_expanded/stego_core_combined/XL-Synthetic_13_B__pptx_large__lsb3.bmp,ZIP,signature_pk_zip,0,PPTX,validated_ooxml_pptx,1,4,1082610,little,50 4b 03 04 14 00 06 00,15.190132,
extended_xl,XL-Synthetic_13_B__pptx_medium__lsb1.bmp,/home/kali/Desktop/stego_dataset_expanded/stego_core_combined/XL-Synthetic_13_B__pptx_medium__lsb1.bmp,XL-Synthetic_13_B.bmp,XL-Synthetic,13,B,bmp,P04.pptx,pptx,medium,1,PPTX,/home/kali/stego_dataset_expanded/stego_core_combined/XL-Synthetic_13_B__pptx_medium__lsb1.bmp,ZIP,signature_pk_zip,0,PPTX,validated_ooxml_pptx,1,4,512113,little,50 4b 03 04 14 00 06 00,15.155711,
extended_xl,XL-Synthetic_13_B__pptx_medium__lsb2.bmp,/home/kali/Desktop/stego_dataset_expanded/stego_core_combined/XL-Synthetic_13_B__pptx_medium__lsb2.bmp,XL-Synthetic_13_B.bmp,XL-Synthetic,13,B,bmp,P04.pptx,pptx,medium,2,PPTX,/home/kali/stego_dataset_expanded/stego_core_combined/XL-Synthetic_13_B__pptx_medium__lsb2.bmp,ZIP,signature_pk_zip,0,PPTX,validated_ooxml_pptx,1,4,512113,little,50 4b 03 04 14 00 06 00,13.988283,
extended_xl,XL-Synthetic_13_B__pptx_medium__lsb3.bmp,/home/kali/Desktop/stego_dataset_expanded/stego_core_combined/XL-Synthetic_13_B__pptx_medium__lsb3.bmp,XL-Synthetic_13_B.bmp,XL-Synthetic,13,B,bmp,P04.pptx,pptx,medium,3,PPTX,/home/kali/stego_dataset_expanded/stego_core_combined/XL-Synthetic_13_B__pptx_medium__lsb3.bmp,ZIP,signature_pk_zip,0,PPTX,validated_ooxml_pptx,1,4,512113,little,50 4b 03 04 14 00 06 00,13.895776,
extended_xl,XL-Synthetic_13_B__pptx_small__lsb1.bmp,/home/kali/Desktop/stego_dataset_expanded/stego_core_combined/XL-Synthetic_13_B__pptx_small__lsb1.bmp,XL-Synthetic_13_B.bmp,XL-Synthetic,13,B,bmp,P04.pptx,pptx,small,1,PPTX,/home/kali/stego_dataset_expanded/stego_core_combined/XL-Synthetic_13_B__pptx_small__lsb1.bmp,ZIP,signature_pk_zip,0,PPTX,validated_ooxml_pptx,1,4,32020,little,50 4b 03 04 14 00 06 00,14.000108,
extended_xl,XL-Synthetic_13_B__pptx_small__lsb2.bmp,/home/kali/Desktop/stego_dataset_expanded/stego_core_combined/XL-Synthetic_13_B__pptx_small__lsb2.bmp,XL-Synthetic_13_B.bmp,XL-Synthetic,13,B,bmp,P04.pptx,pptx,small,2,PPTX,/home/kali/stego_dataset_expanded/stego_core_combined/XL-Synthetic_13_B__pptx_small__lsb2.bmp,ZIP,signature_pk_zip,0,PPTX,validated_ooxml_pptx,1,4,32020,little,50 4b 03 04 14 00 06 00,14.433692,
extended_xl,XL-Synthetic_13_B__pptx_small__lsb3.bmp,/home/kali/Desktop/stego_dataset_expanded/stego_core_combined/XL-Synthetic_13_B__pptx_small__lsb3.bmp,XL-Synthetic_13_B.bmp,XL-Synthetic,13,B,bmp,P04.pptx,pptx,small,3,PPTX,/home/kali/stego_dataset_expanded/stego_core_combined/XL-Synthetic_13_B__pptx_small__lsb3.bmp,ZIP,signature_pk_zip,0,PPTX,validated_ooxml_pptx,1,4,32020,little,50 4b 03 04 14 00 06 00,14.311523,
extended_xl,XL-Synthetic_13_B__rtf_large__lsb1.bmp,/home/kali/Desktop/stego_dataset_expanded/stego_core_combined/XL-Synthetic_13_B__rtf_large__lsb1.bmp,XL-Synthetic_13_B.bmp,XL-Synthetic,13,B,bmp,P05.rtf,rtf,large,1,RTF,/home/kali/stego_dataset_expanded/stego_core_combined/XL-Synthetic_13_B__rtf_large__lsb1.bmp,RTF,signature_rtf,1,RTF,validated_rtf_structure,1,4,1085026,little,7b 5c 72 74 66 31 5c 61,15.087449,
extended_xl,XL-Synthetic_13_B__rtf_large__lsb2.bmp,/home/kali/Desktop/stego_dataset_expanded/stego_core_combined/XL-Synthetic_13_B__rtf_large__lsb2.bmp,XL-Synthetic_13_B.bmp,XL-Synthetic,13,B,bmp,P05.rtf,rtf,large,2,RTF,/home/kali/stego_dataset_expanded/stego_core_combined/XL-Synthetic_13_B__rtf_large__lsb2.bmp,RTF,signature_rtf,1,RTF,validated_rtf_structure,1,4,1085026,little,7b 5c 72 74 66 31 5c 61,14.998299,
extended_xl,XL-Synthetic_13_B__rtf_large__lsb3.bmp,/home/kali/Desktop/stego_dataset_expanded/stego_core_combined/XL-Synthetic_13_B__rtf_large__lsb3.bmp,XL-Synthetic_13_B.bmp,XL-Synthetic,13,B,bmp,P05.rtf,rtf,large,3,RTF,/home/kali/stego_dataset_expanded/stego_core_combined/XL-Synthetic_13_B__rtf_large__lsb3.bmp,RTF,signature_rtf,1,RTF,validated_rtf_structure,1,4,1085026,little,7b 5c 72 74 66 31 5c 61,16.423417,
extended_xl,XL-Synthetic_13_B__rtf_medium__lsb1.bmp,/home/kali/Desktop/stego_dataset_expanded/stego_core_combined/XL-Synthetic_13_B__rtf_medium__lsb1.bmp,XL-Synthetic_13_B.bmp,XL-Synthetic,13,B,bmp,P05.rtf,rtf,medium,1,RTF,/home/kali/stego_dataset_expanded/stego_core_combined/XL-Synthetic_13_B__rtf_medium__lsb1.bmp,RTF,signature_rtf,1,RTF,validated_rtf_structure,1,4,511504,little,7b 5c 72 74 66 31 5c 61,15.364706,
extended_xl,XL-Synthetic_13_B__rtf_medium__lsb2.bmp,/home/kali/Desktop/stego_dataset_expanded/stego_core_combined/XL-Synthetic_13_B__rtf_medium__lsb2.bmp,XL-Synthetic_13_B.bmp,XL-Synthetic,13,B,bmp,P05.rtf,rtf,medium,2,RTF,/home/kali/stego_dataset_expanded/stego_core_combined/XL-Synthetic_13_B__rtf_medium__lsb2.bmp,RTF,signature_rtf,1,RTF,validated_rtf_structure,1,4,511504,little,7b 5c 72 74 66 31 5c 61,15.759839,
extended_xl,XL-Synthetic_13_B__rtf_medium__lsb3.bmp,/home/kali/Desktop/stego_dataset_expanded/stego_core_combined/XL-Synthetic_13_B__rtf_medium__lsb3.bmp,XL-Synthetic_13_B.bmp,XL-Synthetic,13,B,bmp,P05.rtf,rtf,medium,3,RTF,/home/kali/stego_dataset_expanded/stego_core_combined/XL-Synthetic_13_B__rtf_medium__lsb3.bmp,RTF,signature_rtf,1,RTF,validated_rtf_structure,1,4,511504,little,7b 5c 72 74 66 31 5c 61,15.206172,
extended_xl,XL-Synthetic_13_B__rtf_small__lsb1.bmp,/home/kali/Desktop/stego_dataset_expanded/stego_core_combined/XL-Synthetic_13_B__rtf_small__lsb1.bmp,XL-Synthetic_13_B.bmp,XL-Synthetic,13,B,bmp,P05.rtf,rtf,small,1,RTF,/home/kali/stego_dataset_expanded/stego_core_combined/XL-Synthetic_13_B__rtf_small__lsb1.bmp,RTF,signature_rtf,1,RTF,validated_rtf_structure,1,4,50275,little,7b 5c 72 74 66 31 5c 61,18.696414,
extended_xl,XL-Synthetic_13_B__rtf_small__lsb2.bmp,/home/kali/Desktop/stego_dataset_expanded/stego_core_combined/XL-Synthetic_13_B__rtf_small__lsb2.bmp,XL-Synthetic_13_B.bmp,XL-Synthetic,13,B,bmp,P05.rtf,rtf,small,2,RTF,/home/kali/stego_dataset_expanded/stego_core_combined/XL-Synthetic_13_B__rtf_small__lsb2.bmp,RTF,signature_rtf,1,RTF,validated_rtf_structure,1,4,50275,little,7b 5c 72 74 66 31 5c 61,14.190044,
extended_xl,XL-Synthetic_13_B__rtf_small__lsb3.bmp,/home/kali/Desktop/stego_dataset_expanded/stego_core_combined/XL-Synthetic_13_B__rtf_small__lsb3.bmp,XL-Synthetic_13_B.bmp,XL-Synthetic,13,B,bmp,P05.rtf,rtf,small,3,RTF,/home/kali/stego_dataset_expanded/stego_core_combined/XL-Synthetic_13_B__rtf_small__lsb3.bmp,RTF,signature_rtf,1,RTF,validated_rtf_structure,1,4,50275,little,7b 5c 72 74 66 31 5c 61,15.099126,
extended_xl,XL-Synthetic_13_B__xlsx_large__lsb1.bmp,/home/kali/Desktop/stego_dataset_expanded/stego_core_combined/XL-Synthetic_13_B__xlsx_large__lsb1.bmp,XL-Synthetic_13_B.bmp,XL-Synthetic,13,B,bmp,P03.xlsx,xlsx,large,1,XLSX,/home/kali/stego_dataset_expanded/stego_core_combined/XL-Synthetic_13_B__xlsx_large__lsb1.bmp,ZIP,signature_pk_zip,0,XLSX,validated_ooxml_xlsx,1,4,1090468,little,50 4b 03 04 14 00 06 00,15.567495,
extended_xl,XL-Synthetic_13_B__xlsx_large__lsb2.bmp,/home/kali/Desktop/stego_dataset_expanded/stego_core_combined/XL-Synthetic_13_B__xlsx_large__lsb2.bmp,XL-Synthetic_13_B.bmp,XL-Synthetic,13,B,bmp,P03.xlsx,xlsx,large,2,XLSX,/home/kali/stego_dataset_expanded/stego_core_combined/XL-Synthetic_13_B__xlsx_large__lsb2.bmp,ZIP,signature_pk_zip,0,XLSX,validated_ooxml_xlsx,1,4,1090468,little,50 4b 03 04 14 00 06 00,15.398826,
extended_xl,XL-Synthetic_13_B__xlsx_large__lsb3.bmp,/home/kali/Desktop/stego_dataset_expanded/stego_core_combined/XL-Synthetic_13_B__xlsx_large__lsb3.bmp,XL-Synthetic_13_B.bmp,XL-Synthetic,13,B,bmp,P03.xlsx,xlsx,large,3,XLSX,/home/kali/stego_dataset_expanded/stego_core_combined/XL-Synthetic_13_B__xlsx_large__lsb3.bmp,ZIP,signature_pk_zip,0,XLSX,validated_ooxml_xlsx,1,4,1090468,little,50 4b 03 04 14 00 06 00,14.939950,
extended_xl,XL-Synthetic_13_B__xlsx_medium__lsb1.bmp,/home/kali/Desktop/stego_dataset_expanded/stego_core_combined/XL-Synthetic_13_B__xlsx_medium__lsb1.bmp,XL-Synthetic_13_B.bmp,XL-Synthetic,13,B,bmp,P03.xlsx,xlsx,medium,1,XLSX,/home/kali/stego_dataset_expanded/stego_core_combined/XL-Synthetic_13_B__xlsx_medium__lsb1.bmp,ZIP,signature_pk_zip,0,XLSX,validated_ooxml_xlsx,1,4,511280,little,50 4b 03 04 14 00 06 00,14.807025,
extended_xl,XL-Synthetic_13_B__xlsx_medium__lsb2.bmp,/home/kali/Desktop/stego_dataset_expanded/stego_core_combined/XL-Synthetic_13_B__xlsx_medium__lsb2.bmp,XL-Synthetic_13_B.bmp,XL-Synthetic,13,B,bmp,P03.xlsx,xlsx,medium,2,XLSX,/home/kali/stego_dataset_expanded/stego_core_combined/XL-Synthetic_13_B__xlsx_medium__lsb2.bmp,ZIP,signature_pk_zip,0,XLSX,validated_ooxml_xlsx,1,4,511280,little,50 4b 03 04 14 00 06 00,14.706587,
extended_xl,XL-Synthetic_13_B__xlsx_medium__lsb3.bmp,/home/kali/Desktop/stego_dataset_expanded/stego_core_combined/XL-Synthetic_13_B__xlsx_medium__lsb3.bmp,XL-Synthetic_13_B.bmp,XL-Synthetic,13,B,bmp,P03.xlsx,xlsx,medium,3,XLSX,/home/kali/stego_dataset_expanded/stego_core_combined/XL-Synthetic_13_B__xlsx_medium__lsb3.bmp,ZIP,signature_pk_zip,0,XLSX,validated_ooxml_xlsx,1,4,511280,little,50 4b 03 04 14 00 06 00,14.262282,
extended_xl,XL-Synthetic_13_B__xlsx_small__lsb1.bmp,/home/kali/Desktop/stego_dataset_expanded/stego_core_combined/XL-Synthetic_13_B__xlsx_small__lsb1.bmp,XL-Synthetic_13_B.bmp,XL-Synthetic,13,B,bmp,P03.xlsx,xlsx,small,1,XLSX,/home/kali/stego_dataset_expanded/stego_core_combined/XL-Synthetic_13_B__xlsx_small__lsb1.bmp,ZIP,signature_pk_zip,0,XLSX,validated_ooxml_xlsx,1,4,8899,little,50 4b 03 04 14 00 06 00,14.498122,
extended_xl,XL-Synthetic_13_B__xlsx_small__lsb2.bmp,/home/kali/Desktop/stego_dataset_expanded/stego_core_combined/XL-Synthetic_13_B__xlsx_small__lsb2.bmp,XL-Synthetic_13_B.bmp,XL-Synthetic,13,B,bmp,P03.xlsx,xlsx,small,2,XLSX,/home/kali/stego_dataset_expanded/stego_core_combined/XL-Synthetic_13_B__xlsx_small__lsb2.bmp,ZIP,signature_pk_zip,0,XLSX,validated_ooxml_xlsx,1,4,8899,little,50 4b 03 04 14 00 06 00,15.289230,
extended_xl,XL-Synthetic_13_B__xlsx_small__lsb3.bmp,/home/kali/Desktop/stego_dataset_expanded/stego_core_combined/XL-Synthetic_13_B__xlsx_small__lsb3.bmp,XL-Synthetic_13_B.bmp,XL-Synthetic,13,B,bmp,P03.xlsx,xlsx,small,3,XLSX,/home/kali/stego_dataset_expanded/stego_core_combined/XL-Synthetic_13_B__xlsx_small__lsb3.bmp,ZIP,signature_pk_zip,0,XLSX,validated_ooxml_xlsx,1,4,8899,little,50 4b 03 04 14 00 06 00,15.096489,
extended_xl,XL-Synthetic_13_P__docx_large__lsb3.png,/home/kali/Desktop/stego_dataset_expanded/stego_core_combined/XL-Synthetic_13_P__docx_large__lsb3.png,XL-Synthetic_13_P.png,XL-Synthetic,13,P,png,P01.docx,docx,large,3,DOCX,/home/kali/stego_dataset_expanded/stego_core_combined/XL-Synthetic_13_P__docx_large__lsb3.png,ZIP,signature_pk_zip,0,DOCX,validated_ooxml_docx,1,3,1121154,little,50 4b 03 04 14 00 06 00,0.761464,
extended_xl,XL-Synthetic_13_P__docx_medium__lsb2.png,/home/kali/Desktop/stego_dataset_expanded/stego_core_combined/XL-Synthetic_13_P__docx_medium__lsb2.png,XL-Synthetic_13_P.png,XL-Synthetic,13,P,png,P01.docx,docx,medium,2,DOCX,/home/kali/stego_dataset_expanded/stego_core_combined/XL-Synthetic_13_P__docx_medium__lsb2.png,ZIP,signature_pk_zip,0,DOCX,validated_ooxml_docx,1,3,511127,little,50 4b 03 04 14 00 06 00,0.696975,
extended_xl,XL-Synthetic_13_P__docx_medium__lsb3.png,/home/kali/Desktop/stego_dataset_expanded/stego_core_combined/XL-Synthetic_13_P__docx_medium__lsb3.png,XL-Synthetic_13_P.png,XL-Synthetic,13,P,png,P01.docx,docx,medium,3,DOCX,/home/kali/stego_dataset_expanded/stego_core_combined/XL-Synthetic_13_P__docx_medium__lsb3.png,ZIP,signature_pk_zip,0,DOCX,validated_ooxml_docx,1,3,511127,little,50 4b 03 04 14 00 06 00,0.679148,
extended_xl,XL-Synthetic_13_P__docx_small__lsb1.png,/home/kali/Desktop/stego_dataset_expanded/stego_core_combined/XL-Synthetic_13_P__docx_small__lsb1.png,XL-Synthetic_13_P.png,XL-Synthetic,13,P,png,P01.docx,docx,small,1,DOCX,/home/kali/stego_dataset_expanded/stego_core_combined/XL-Synthetic_13_P__docx_small__lsb1.png,ZIP,signature_pk_zip,0,DOCX,validated_ooxml_docx,1,3,13432,little,50 4b 03 04 14 00 06 00,0.534606,
extended_xl,XL-Synthetic_13_P__docx_small__lsb2.png,/home/kali/Desktop/stego_dataset_expanded/stego_core_combined/XL-Synthetic_13_P__docx_small__lsb2.png,XL-Synthetic_13_P.png,XL-Synthetic,13,P,png,P01.docx,docx,small,2,DOCX,/home/kali/stego_dataset_expanded/stego_core_combined/XL-Synthetic_13_P__docx_small__lsb2.png,ZIP,signature_pk_zip,0,DOCX,validated_ooxml_docx,1,3,13432,little,50 4b 03 04 14 00 06 00,0.545702,
extended_xl,XL-Synthetic_13_P__docx_small__lsb3.png,/home/kali/Desktop/stego_dataset_expanded/stego_core_combined/XL-Synthetic_13_P__docx_small__lsb3.png,XL-Synthetic_13_P.png,XL-Synthetic,13,P,png,P01.docx,docx,small,3,DOCX,/home/kali/stego_dataset_expanded/stego_core_combined/XL-Synthetic_13_P__docx_small__lsb3.png,ZIP,signature_pk_zip,0,DOCX,validated_ooxml_docx,1,3,13432,little,50 4b 03 04 14 00 06 00,0.553860,
extended_xl,XL-Synthetic_13_P__exe_large__lsb3.png,/home/kali/Desktop/stego_dataset_expanded/stego_core_combined/XL-Synthetic_13_P__exe_large__lsb3.png,XL-Synthetic_13_P.png,XL-Synthetic,13,P,png,P06.exe,exe,large,3,EXE,/home/kali/stego_dataset_expanded/stego_core_combined/XL-Synthetic_13_P__exe_large__lsb3.png,EXE,signature_mz,1,EXE,validated_mz_pe_header,1,3,1017856,little,4d 5a 90 00 03 00 00 00,0.759760,
extended_xl,XL-Synthetic_13_P__exe_medium__lsb2.png,/home/kali/Desktop/stego_dataset_expanded/stego_core_combined/XL-Synthetic_13_P__exe_medium__lsb2.png,XL-Synthetic_13_P.png,XL-Synthetic,13,P,png,P06.exe,exe,medium,2,EXE,/home/kali/stego_dataset_expanded/stego_core_combined/XL-Synthetic_13_P__exe_medium__lsb2.png,EXE,signature_mz,1,EXE,validated_mz_pe_header,1,3,505856,little,4d 5a 90 00 03 00 00 00,0.773582,
extended_xl,XL-Synthetic_13_P__exe_medium__lsb3.png,/home/kali/Desktop/stego_dataset_expanded/stego_core_combined/XL-Synthetic_13_P__exe_medium__lsb3.png,XL-Synthetic_13_P.png,XL-Synthetic,13,P,png,P06.exe,exe,medium,3,EXE,/home/kali/stego_dataset_expanded/stego_core_combined/XL-Synthetic_13_P__exe_medium__lsb3.png,EXE,signature_mz,1,EXE,validated_mz_pe_header,1,3,505856,little,4d 5a 90 00 03 00 00 00,0.856670,
extended_xl,XL-Synthetic_13_P__exe_small__lsb1.png,/home/kali/Desktop/stego_dataset_expanded/stego_core_combined/XL-Synthetic_13_P__exe_small__lsb1.png,XL-Synthetic_13_P.png,XL-Synthetic,13,P,png,P06.exe,exe,small,1,EXE,/home/kali/stego_dataset_expanded/stego_core_combined/XL-Synthetic_13_P__exe_small__lsb1.png,EXE,signature_mz,1,EXE,validated_mz_pe_header,1,3,40448,little,4d 5a 90 00 03 00 00 00,0.817800,
extended_xl,XL-Synthetic_13_P__exe_small__lsb2.png,/home/kali/Desktop/stego_dataset_expanded/stego_core_combined/XL-Synthetic_13_P__exe_small__lsb2.png,XL-Synthetic_13_P.png,XL-Synthetic,13,P,png,P06.exe,exe,small,2,EXE,/home/kali/stego_dataset_expanded/stego_core_combined/XL-Synthetic_13_P__exe_small__lsb2.png,EXE,signature_mz,1,EXE,validated_mz_pe_header,1,3,40448,little,4d 5a 90 00 03 00 00 00,0.685193,
extended_xl,XL-Synthetic_13_P__exe_small__lsb3.png,/home/kali/Desktop/stego_dataset_expanded/stego_core_combined/XL-Synthetic_13_P__exe_small__lsb3.png,XL-Synthetic_13_P.png,XL-Synthetic,13,P,png,P06.exe,exe,small,3,EXE,/home/kali/stego_dataset_expanded/stego_core_combined/XL-Synthetic_13_P__exe_small__lsb3.png,EXE,signature_mz,1,EXE,validated_mz_pe_header,1,3,40448,little,4d 5a 90 00 03 00 00 00,0.555097,
extended_xl,XL-Synthetic_13_P__pdf_large__lsb3.png,/home/kali/Desktop/stego_dataset_expanded/stego_core_combined/XL-Synthetic_13_P__pdf_large__lsb3.png,XL-Synthetic_13_P.png,XL-Synthetic,13,P,png,P02.pdf,pdf,large,3,PDF,/home/kali/stego_dataset_expanded/stego_core_combined/XL-Synthetic_13_P__pdf_large__lsb3.png,PDF,signature_pdf,1,PDF,validated_pdf_startxref_eof,1,3,1100144,little,25 50 44 46 2d 31 2e 33,0.753377,
extended_xl,XL-Synthetic_13_P__pdf_medium__lsb2.png,/home/kali/Desktop/stego_dataset_expanded/stego_core_combined/XL-Synthetic_13_P__pdf_medium__lsb2.png,XL-Synthetic_13_P.png,XL-Synthetic,13,P,png,P02.pdf,pdf,medium,2,PDF,/home/kali/stego_dataset_expanded/stego_core_combined/XL-Synthetic_13_P__pdf_medium__lsb2.png,PDF,signature_pdf,1,PDF,validated_pdf_startxref_eof,1,3,510410,little,25 50 44 46 2d 31 2e 37,0.678165,
extended_xl,XL-Synthetic_13_P__pdf_medium__lsb3.png,/home/kali/Desktop/stego_dataset_expanded/stego_core_combined/XL-Synthetic_13_P__pdf_medium__lsb3.png,XL-Synthetic_13_P.png,XL-Synthetic,13,P,png,P02.pdf,pdf,medium,3,PDF,/home/kali/stego_dataset_expanded/stego_core_combined/XL-Synthetic_13_P__pdf_medium__lsb3.png,PDF,signature_pdf,1,PDF,validated_pdf_startxref_eof,1,3,510410,little,25 50 44 46 2d 31 2e 37,0.626072,
extended_xl,XL-Synthetic_13_P__pdf_small__lsb1.png,/home/kali/Desktop/stego_dataset_expanded/stego_core_combined/XL-Synthetic_13_P__pdf_small__lsb1.png,XL-Synthetic_13_P.png,XL-Synthetic,13,P,png,P02.pdf,pdf,small,1,PDF,/home/kali/stego_dataset_expanded/stego_core_combined/XL-Synthetic_13_P__pdf_small__lsb1.png,PDF,signature_pdf,1,PDF,validated_pdf_startxref_eof,1,3,16620,little,25 50 44 46 2d 31 2e 37,0.560829,
extended_xl,XL-Synthetic_13_P__pdf_small__lsb2.png,/home/kali/Desktop/stego_dataset_expanded/stego_core_combined/XL-Synthetic_13_P__pdf_small__lsb2.png,XL-Synthetic_13_P.png,XL-Synthetic,13,P,png,P02.pdf,pdf,small,2,PDF,/home/kali/stego_dataset_expanded/stego_core_combined/XL-Synthetic_13_P__pdf_small__lsb2.png,PDF,signature_pdf,1,PDF,validated_pdf_startxref_eof,1,3,16620,little,25 50 44 46 2d 31 2e 37,0.570924,
extended_xl,XL-Synthetic_13_P__pdf_small__lsb3.png,/home/kali/Desktop/stego_dataset_expanded/stego_core_combined/XL-Synthetic_13_P__pdf_small__lsb3.png,XL-Synthetic_13_P.png,XL-Synthetic,13,P,png,P02.pdf,pdf,small,3,PDF,/home/kali/stego_dataset_expanded/stego_core_combined/XL-Synthetic_13_P__pdf_small__lsb3.png,PDF,signature_pdf,1,PDF,validated_pdf_startxref_eof,1,3,16620,little,25 50 44 46 2d 31 2e 37,0.610761,
extended_xl,XL-Synthetic_13_P__pptx_large__lsb3.png,/home/kali/Desktop/stego_dataset_expanded/stego_core_combined/XL-Synthetic_13_P__pptx_large__lsb3.png,XL-Synthetic_13_P.png,XL-Synthetic,13,P,png,P04.pptx,pptx,large,3,PPTX,/home/kali/stego_dataset_expanded/stego_core_combined/XL-Synthetic_13_P__pptx_large__lsb3.png,ZIP,signature_pk_zip,0,PPTX,validated_ooxml_pptx,1,3,1082610,little,50 4b 03 04 14 00 06 00,0.725781,
extended_xl,XL-Synthetic_13_P__pptx_medium__lsb2.png,/home/kali/Desktop/stego_dataset_expanded/stego_core_combined/XL-Synthetic_13_P__pptx_medium__lsb2.png,XL-Synthetic_13_P.png,XL-Synthetic,13,P,png,P04.pptx,pptx,medium,2,PPTX,/home/kali/stego_dataset_expanded/stego_core_combined/XL-Synthetic_13_P__pptx_medium__lsb2.png,ZIP,signature_pk_zip,0,PPTX,validated_ooxml_pptx,1,3,512113,little,50 4b 03 04 14 00 06 00,0.671066,
extended_xl,XL-Synthetic_13_P__pptx_medium__lsb3.png,/home/kali/Desktop/stego_dataset_expanded/stego_core_combined/XL-Synthetic_13_P__pptx_medium__lsb3.png,XL-Synthetic_13_P.png,XL-Synthetic,13,P,png,P04.pptx,pptx,medium,3,PPTX,/home/kali/stego_dataset_expanded/stego_core_combined/XL-Synthetic_13_P__pptx_medium__lsb3.png,ZIP,signature_pk_zip,0,PPTX,validated_ooxml_pptx,1,3,512113,little,50 4b 03 04 14 00 06 00,0.663767,
extended_xl,XL-Synthetic_13_P__pptx_small__lsb1.png,/home/kali/Desktop/stego_dataset_expanded/stego_core_combined/XL-Synthetic_13_P__pptx_small__lsb1.png,XL-Synthetic_13_P.png,XL-Synthetic,13,P,png,P04.pptx,pptx,small,1,PPTX,/home/kali/stego_dataset_expanded/stego_core_combined/XL-Synthetic_13_P__pptx_small__lsb1.png,ZIP,signature_pk_zip,0,PPTX,validated_ooxml_pptx,1,3,32020,little,50 4b 03 04 14 00 06 00,0.551155,
extended_xl,XL-Synthetic_13_P__pptx_small__lsb2.png,/home/kali/Desktop/stego_dataset_expanded/stego_core_combined/XL-Synthetic_13_P__pptx_small__lsb2.png,XL-Synthetic_13_P.png,XL-Synthetic,13,P,png,P04.pptx,pptx,small,2,PPTX,/home/kali/stego_dataset_expanded/stego_core_combined/XL-Synthetic_13_P__pptx_small__lsb2.png,ZIP,signature_pk_zip,0,PPTX,validated_ooxml_pptx,1,3,32020,little,50 4b 03 04 14 00 06 00,0.559562,
extended_xl,XL-Synthetic_13_P__pptx_small__lsb3.png,/home/kali/Desktop/stego_dataset_expanded/stego_core_combined/XL-Synthetic_13_P__pptx_small__lsb3.png,XL-Synthetic_13_P.png,XL-Synthetic,13,P,png,P04.pptx,pptx,small,3,PPTX,/home/kali/stego_dataset_expanded/stego_core_combined/XL-Synthetic_13_P__pptx_small__lsb3.png,ZIP,signature_pk_zip,0,PPTX,validated_ooxml_pptx,1,3,32020,little,50 4b 03 04 14 00 06 00,0.532055,
extended_xl,XL-Synthetic_13_P__rtf_large__lsb3.png,/home/kali/Desktop/stego_dataset_expanded/stego_core_combined/XL-Synthetic_13_P__rtf_large__lsb3.png,XL-Synthetic_13_P.png,XL-Synthetic,13,P,png,P05.rtf,rtf,large,3,RTF,/home/kali/stego_dataset_expanded/stego_core_combined/XL-Synthetic_13_P__rtf_large__lsb3.png,RTF,signature_rtf,1,RTF,validated_rtf_structure,1,3,1085026,little,7b 5c 72 74 66 31 5c 61,0.830720,
extended_xl,XL-Synthetic_13_P__rtf_medium__lsb2.png,/home/kali/Desktop/stego_dataset_expanded/stego_core_combined/XL-Synthetic_13_P__rtf_medium__lsb2.png,XL-Synthetic_13_P.png,XL-Synthetic,13,P,png,P05.rtf,rtf,medium,2,RTF,/home/kali/stego_dataset_expanded/stego_core_combined/XL-Synthetic_13_P__rtf_medium__lsb2.png,RTF,signature_rtf,1,RTF,validated_rtf_structure,1,3,511504,little,7b 5c 72 74 66 31 5c 61,0.697744,
extended_xl,XL-Synthetic_13_P__rtf_medium__lsb3.png,/home/kali/Desktop/stego_dataset_expanded/stego_core_combined/XL-Synthetic_13_P__rtf_medium__lsb3.png,XL-Synthetic_13_P.png,XL-Synthetic,13,P,png,P05.rtf,rtf,medium,3,RTF,/home/kali/stego_dataset_expanded/stego_core_combined/XL-Synthetic_13_P__rtf_medium__lsb3.png,RTF,signature_rtf,1,RTF,validated_rtf_structure,1,3,511504,little,7b 5c 72 74 66 31 5c 61,0.652392,
extended_xl,XL-Synthetic_13_P__rtf_small__lsb1.png,/home/kali/Desktop/stego_dataset_expanded/stego_core_combined/XL-Synthetic_13_P__rtf_small__lsb1.png,XL-Synthetic_13_P.png,XL-Synthetic,13,P,png,P05.rtf,rtf,small,1,RTF,/home/kali/stego_dataset_expanded/stego_core_combined/XL-Synthetic_13_P__rtf_small__lsb1.png,RTF,signature_rtf,1,RTF,validated_rtf_structure,1,3,50275,little,7b 5c 72 74 66 31 5c 61,0.560409,
extended_xl,XL-Synthetic_13_P__rtf_small__lsb2.png,/home/kali/Desktop/stego_dataset_expanded/stego_core_combined/XL-Synthetic_13_P__rtf_small__lsb2.png,XL-Synthetic_13_P.png,XL-Synthetic,13,P,png,P05.rtf,rtf,small,2,RTF,/home/kali/stego_dataset_expanded/stego_core_combined/XL-Synthetic_13_P__rtf_small__lsb2.png,RTF,signature_rtf,1,RTF,validated_rtf_structure,1,3,50275,little,7b 5c 72 74 66 31 5c 61,0.565409,
extended_xl,XL-Synthetic_13_P__rtf_small__lsb3.png,/home/kali/Desktop/stego_dataset_expanded/stego_core_combined/XL-Synthetic_13_P__rtf_small__lsb3.png,XL-Synthetic_13_P.png,XL-Synthetic,13,P,png,P05.rtf,rtf,small,3,RTF,/home/kali/stego_dataset_expanded/stego_core_combined/XL-Synthetic_13_P__rtf_small__lsb3.png,RTF,signature_rtf,1,RTF,validated_rtf_structure,1,3,50275,little,7b 5c 72 74 66 31 5c 61,0.555000,
extended_xl,XL-Synthetic_13_P__xlsx_large__lsb3.png,/home/kali/Desktop/stego_dataset_expanded/stego_core_combined/XL-Synthetic_13_P__xlsx_large__lsb3.png,XL-Synthetic_13_P.png,XL-Synthetic,13,P,png,P03.xlsx,xlsx,large,3,XLSX,/home/kali/stego_dataset_expanded/stego_core_combined/XL-Synthetic_13_P__xlsx_large__lsb3.png,ZIP,signature_pk_zip,0,XLSX,validated_ooxml_xlsx,1,3,1090468,little,50 4b 03 04 14 00 06 00,0.717919,
extended_xl,XL-Synthetic_13_P__xlsx_medium__lsb2.png,/home/kali/Desktop/stego_dataset_expanded/stego_core_combined/XL-Synthetic_13_P__xlsx_medium__lsb2.png,XL-Synthetic_13_P.png,XL-Synthetic,13,P,png,P03.xlsx,xlsx,medium,2,XLSX,/home/kali/stego_dataset_expanded/stego_core_combined/XL-Synthetic_13_P__xlsx_medium__lsb2.png,ZIP,signature_pk_zip,0,XLSX,validated_ooxml_xlsx,1,3,511280,little,50 4b 03 04 14 00 06 00,0.654265,
extended_xl,XL-Synthetic_13_P__xlsx_medium__lsb3.png,/home/kali/Desktop/stego_dataset_expanded/stego_core_combined/XL-Synthetic_13_P__xlsx_medium__lsb3.png,XL-Synthetic_13_P.png,XL-Synthetic,13,P,png,P03.xlsx,xlsx,medium,3,XLSX,/home/kali/stego_dataset_expanded/stego_core_combined/XL-Synthetic_13_P__xlsx_medium__lsb3.png,ZIP,signature_pk_zip,0,XLSX,validated_ooxml_xlsx,1,3,511280,little,50 4b 03 04 14 00 06 00,0.643202,
extended_xl,XL-Synthetic_13_P__xlsx_small__lsb1.png,/home/kali/Desktop/stego_dataset_expanded/stego_core_combined/XL-Synthetic_13_P__xlsx_small__lsb1.png,XL-Synthetic_13_P.png,XL-Synthetic,13,P,png,P03.xlsx,xlsx,small,1,XLSX,/home/kali/stego_dataset_expanded/stego_core_combined/XL-Synthetic_13_P__xlsx_small__lsb1.png,ZIP,signature_pk_zip,0,XLSX,validated_ooxml_xlsx,1,3,8899,little,50 4b 03 04 14 00 06 00,0.615882,
extended_xl,XL-Synthetic_13_P__xlsx_small__lsb2.png,/home/kali/Desktop/stego_dataset_expanded/stego_core_combined/XL-Synthetic_13_P__xlsx_small__lsb2.png,XL-Synthetic_13_P.png,XL-Synthetic,13,P,png,P03.xlsx,xlsx,small,2,XLSX,/home/kali/stego_dataset_expanded/stego_core_combined/XL-Synthetic_13_P__xlsx_small__lsb2.png,ZIP,signature_pk_zip,0,XLSX,validated_ooxml_xlsx,1,3,8899,little,50 4b 03 04 14 00 06 00,0.528147,
extended_xl,XL-Synthetic_13_P__xlsx_small__lsb3.png,/home/kali/Desktop/stego_dataset_expanded/stego_core_combined/XL-Synthetic_13_P__xlsx_small__lsb3.png,XL-Synthetic_13_P.png,XL-Synthetic,13,P,png,P03.xlsx,xlsx,small,3,XLSX,/home/kali/stego_dataset_expanded/stego_core_combined/XL-Synthetic_13_P__xlsx_small__lsb3.png,ZIP,signature_pk_zip,0,XLSX,validated_ooxml_xlsx,1,3,8899,little,50 4b 03 04 14 00 06 00,0.539407,
extended_xl,XL-Synthetic_14_B__docx_large__lsb1.bmp,/home/kali/Desktop/stego_dataset_expanded/stego_core_combined/XL-Synthetic_14_B__docx_large__lsb1.bmp,XL-Synthetic_14_B.bmp,XL-Synthetic,14,B,bmp,P01.docx,docx,large,1,DOCX,/home/kali/stego_dataset_expanded/stego_core_combined/XL-Synthetic_14_B__docx_large__lsb1.bmp,ZIP,signature_pk_zip,0,DOCX,validated_ooxml_docx,1,4,1121154,little,50 4b 03 04 14 00 06 00,16.991744,
extended_xl,XL-Synthetic_14_B__docx_large__lsb2.bmp,/home/kali/Desktop/stego_dataset_expanded/stego_core_combined/XL-Synthetic_14_B__docx_large__lsb2.bmp,XL-Synthetic_14_B.bmp,XL-Synthetic,14,B,bmp,P01.docx,docx,large,2,DOCX,/home/kali/stego_dataset_expanded/stego_core_combined/XL-Synthetic_14_B__docx_large__lsb2.bmp,ZIP,signature_pk_zip,0,DOCX,validated_ooxml_docx,1,4,1121154,little,50 4b 03 04 14 00 06 00,15.827166,
extended_xl,XL-Synthetic_14_B__docx_large__lsb3.bmp,/home/kali/Desktop/stego_dataset_expanded/stego_core_combined/XL-Synthetic_14_B__docx_large__lsb3.bmp,XL-Synthetic_14_B.bmp,XL-Synthetic,14,B,bmp,P01.docx,docx,large,3,DOCX,/home/kali/stego_dataset_expanded/stego_core_combined/XL-Synthetic_14_B__docx_large__lsb3.bmp,ZIP,signature_pk_zip,0,DOCX,validated_ooxml_docx,1,4,1121154,little,50 4b 03 04 14 00 06 00,17.021698,
extended_xl,XL-Synthetic_14_B__docx_medium__lsb1.bmp,/home/kali/Desktop/stego_dataset_expanded/stego_core_combined/XL-Synthetic_14_B__docx_medium__lsb1.bmp,XL-Synthetic_14_B.bmp,XL-Synthetic,14,B,bmp,P01.docx,docx,medium,1,DOCX,/home/kali/stego_dataset_expanded/stego_core_combined/XL-Synthetic_14_B__docx_medium__lsb1.bmp,ZIP,signature_pk_zip,0,DOCX,validated_ooxml_docx,1,4,511127,little,50 4b 03 04 14 00 06 00,16.572257,
extended_xl,XL-Synthetic_14_B__docx_medium__lsb2.bmp,/home/kali/Desktop/stego_dataset_expanded/stego_core_combined/XL-Synthetic_14_B__docx_medium__lsb2.bmp,XL-Synthetic_14_B.bmp,XL-Synthetic,14,B,bmp,P01.docx,docx,medium,2,DOCX,/home/kali/stego_dataset_expanded/stego_core_combined/XL-Synthetic_14_B__docx_medium__lsb2.bmp,ZIP,signature_pk_zip,0,DOCX,validated_ooxml_docx,1,4,511127,little,50 4b 03 04 14 00 06 00,15.695515,
extended_xl,XL-Synthetic_14_B__docx_medium__lsb3.bmp,/home/kali/Desktop/stego_dataset_expanded/stego_core_combined/XL-Synthetic_14_B__docx_medium__lsb3.bmp,XL-Synthetic_14_B.bmp,XL-Synthetic,14,B,bmp,P01.docx,docx,medium,3,DOCX,/home/kali/stego_dataset_expanded/stego_core_combined/XL-Synthetic_14_B__docx_medium__lsb3.bmp,ZIP,signature_pk_zip,0,DOCX,validated_ooxml_docx,1,4,511127,little,50 4b 03 04 14 00 06 00,15.643893,
extended_xl,XL-Synthetic_14_B__docx_small__lsb1.bmp,/home/kali/Desktop/stego_dataset_expanded/stego_core_combined/XL-Synthetic_14_B__docx_small__lsb1.bmp,XL-Synthetic_14_B.bmp,XL-Synthetic,14,B,bmp,P01.docx,docx,small,1,DOCX,/home/kali/stego_dataset_expanded/stego_core_combined/XL-Synthetic_14_B__docx_small__lsb1.bmp,ZIP,signature_pk_zip,0,DOCX,validated_ooxml_docx,1,4,13432,little,50 4b 03 04 14 00 06 00,15.825522,
extended_xl,XL-Synthetic_14_B__docx_small__lsb2.bmp,/home/kali/Desktop/stego_dataset_expanded/stego_core_combined/XL-Synthetic_14_B__docx_small__lsb2.bmp,XL-Synthetic_14_B.bmp,XL-Synthetic,14,B,bmp,P01.docx,docx,small,2,DOCX,/home/kali/stego_dataset_expanded/stego_core_combined/XL-Synthetic_14_B__docx_small__lsb2.bmp,ZIP,signature_pk_zip,0,DOCX,validated_ooxml_docx,1,4,13432,little,50 4b 03 04 14 00 06 00,16.026546,
extended_xl,XL-Synthetic_14_B__docx_small__lsb3.bmp,/home/kali/Desktop/stego_dataset_expanded/stego_core_combined/XL-Synthetic_14_B__docx_small__lsb3.bmp,XL-Synthetic_14_B.bmp,XL-Synthetic,14,B,bmp,P01.docx,docx,small,3,DOCX,/home/kali/stego_dataset_expanded/stego_core_combined/XL-Synthetic_14_B__docx_small__lsb3.bmp,ZIP,signature_pk_zip,0,DOCX,validated_ooxml_docx,1,4,13432,little,50 4b 03 04 14 00 06 00,17.564007,
extended_xl,XL-Synthetic_14_B__exe_large__lsb1.bmp,/home/kali/Desktop/stego_dataset_expanded/stego_core_combined/XL-Synthetic_14_B__exe_large__lsb1.bmp,XL-Synthetic_14_B.bmp,XL-Synthetic,14,B,bmp,P06.exe,exe,large,1,EXE,/home/kali/stego_dataset_expanded/stego_core_combined/XL-Synthetic_14_B__exe_large__lsb1.bmp,EXE,signature_mz,1,EXE,validated_mz_pe_header,1,4,1017856,little,4d 5a 90 00 03 00 00 00,18.665110,
extended_xl,XL-Synthetic_14_B__exe_large__lsb2.bmp,/home/kali/Desktop/stego_dataset_expanded/stego_core_combined/XL-Synthetic_14_B__exe_large__lsb2.bmp,XL-Synthetic_14_B.bmp,XL-Synthetic,14,B,bmp,P06.exe,exe,large,2,EXE,/home/kali/stego_dataset_expanded/stego_core_combined/XL-Synthetic_14_B__exe_large__lsb2.bmp,EXE,signature_mz,1,EXE,validated_mz_pe_header,1,4,1017856,little,4d 5a 90 00 03 00 00 00,17.250474,
extended_xl,XL-Synthetic_14_B__exe_large__lsb3.bmp,/home/kali/Desktop/stego_dataset_expanded/stego_core_combined/XL-Synthetic_14_B__exe_large__lsb3.bmp,XL-Synthetic_14_B.bmp,XL-Synthetic,14,B,bmp,P06.exe,exe,large,3,EXE,/home/kali/stego_dataset_expanded/stego_core_combined/XL-Synthetic_14_B__exe_large__lsb3.bmp,EXE,signature_mz,1,EXE,validated_mz_pe_header,1,4,1017856,little,4d 5a 90 00 03 00 00 00,17.375682,
extended_xl,XL-Synthetic_14_B__exe_medium__lsb1.bmp,/home/kali/Desktop/stego_dataset_expanded/stego_core_combined/XL-Synthetic_14_B__exe_medium__lsb1.bmp,XL-Synthetic_14_B.bmp,XL-Synthetic,14,B,bmp,P06.exe,exe,medium,1,EXE,/home/kali/stego_dataset_expanded/stego_core_combined/XL-Synthetic_14_B__exe_medium__lsb1.bmp,EXE,signature_mz,1,EXE,validated_mz_pe_header,1,4,505856,little,4d 5a 90 00 03 00 00 00,17.376264,
extended_xl,XL-Synthetic_14_B__exe_medium__lsb2.bmp,/home/kali/Desktop/stego_dataset_expanded/stego_core_combined/XL-Synthetic_14_B__exe_medium__lsb2.bmp,XL-Synthetic_14_B.bmp,XL-Synthetic,14,B,bmp,P06.exe,exe,medium,2,EXE,/home/kali/stego_dataset_expanded/stego_core_combined/XL-Synthetic_14_B__exe_medium__lsb2.bmp,EXE,signature_mz,1,EXE,validated_mz_pe_header,1,4,505856,little,4d 5a 90 00 03 00 00 00,16.382420,
extended_xl,XL-Synthetic_14_B__exe_medium__lsb3.bmp,/home/kali/Desktop/stego_dataset_expanded/stego_core_combined/XL-Synthetic_14_B__exe_medium__lsb3.bmp,XL-Synthetic_14_B.bmp,XL-Synthetic,14,B,bmp,P06.exe,exe,medium,3,EXE,/home/kali/stego_dataset_expanded/stego_core_combined/XL-Synthetic_14_B__exe_medium__lsb3.bmp,EXE,signature_mz,1,EXE,validated_mz_pe_header,1,4,505856,little,4d 5a 90 00 03 00 00 00,16.061822,
extended_xl,XL-Synthetic_14_B__exe_small__lsb1.bmp,/home/kali/Desktop/stego_dataset_expanded/stego_core_combined/XL-Synthetic_14_B__exe_small__lsb1.bmp,XL-Synthetic_14_B.bmp,XL-Synthetic,14,B,bmp,P06.exe,exe,small,1,EXE,/home/kali/stego_dataset_expanded/stego_core_combined/XL-Synthetic_14_B__exe_small__lsb1.bmp,EXE,signature_mz,1,EXE,validated_mz_pe_header,1,4,40448,little,4d 5a 90 00 03 00 00 00,16.801673,
extended_xl,XL-Synthetic_14_B__exe_small__lsb2.bmp,/home/kali/Desktop/stego_dataset_expanded/stego_core_combined/XL-Synthetic_14_B__exe_small__lsb2.bmp,XL-Synthetic_14_B.bmp,XL-Synthetic,14,B,bmp,P06.exe,exe,small,2,EXE,/home/kali/stego_dataset_expanded/stego_core_combined/XL-Synthetic_14_B__exe_small__lsb2.bmp,EXE,signature_mz,1,EXE,validated_mz_pe_header,1,4,40448,little,4d 5a 90 00 03 00 00 00,16.927178,
extended_xl,XL-Synthetic_14_B__exe_small__lsb3.bmp,/home/kali/Desktop/stego_dataset_expanded/stego_core_combined/XL-Synthetic_14_B__exe_small__lsb3.bmp,XL-Synthetic_14_B.bmp,XL-Synthetic,14,B,bmp,P06.exe,exe,small,3,EXE,/home/kali/stego_dataset_expanded/stego_core_combined/XL-Synthetic_14_B__exe_small__lsb3.bmp,EXE,signature_mz,1,EXE,validated_mz_pe_header,1,4,40448,little,4d 5a 90 00 03 00 00 00,15.863431,
extended_xl,XL-Synthetic_14_B__pdf_large__lsb1.bmp,/home/kali/Desktop/stego_dataset_expanded/stego_core_combined/XL-Synthetic_14_B__pdf_large__lsb1.bmp,XL-Synthetic_14_B.bmp,XL-Synthetic,14,B,bmp,P02.pdf,pdf,large,1,PDF,/home/kali/stego_dataset_expanded/stego_core_combined/XL-Synthetic_14_B__pdf_large__lsb1.bmp,PDF,signature_pdf,1,PDF,validated_pdf_startxref_eof,1,4,1100144,little,25 50 44 46 2d 31 2e 33,16.333698,
extended_xl,XL-Synthetic_14_B__pdf_large__lsb2.bmp,/home/kali/Desktop/stego_dataset_expanded/stego_core_combined/XL-Synthetic_14_B__pdf_large__lsb2.bmp,XL-Synthetic_14_B.bmp,XL-Synthetic,14,B,bmp,P02.pdf,pdf,large,2,PDF,/home/kali/stego_dataset_expanded/stego_core_combined/XL-Synthetic_14_B__pdf_large__lsb2.bmp,PDF,signature_pdf,1,PDF,validated_pdf_startxref_eof,1,4,1100144,little,25 50 44 46 2d 31 2e 33,15.768161,
extended_xl,XL-Synthetic_14_B__pdf_large__lsb3.bmp,/home/kali/Desktop/stego_dataset_expanded/stego_core_combined/XL-Synthetic_14_B__pdf_large__lsb3.bmp,XL-Synthetic_14_B.bmp,XL-Synthetic,14,B,bmp,P02.pdf,pdf,large,3,PDF,/home/kali/stego_dataset_expanded/stego_core_combined/XL-Synthetic_14_B__pdf_large__lsb3.bmp,PDF,signature_pdf,1,PDF,validated_pdf_startxref_eof,1,4,1100144,little,25 50 44 46 2d 31 2e 33,16.287392,
extended_xl,XL-Synthetic_14_B__pdf_medium__lsb1.bmp,/home/kali/Desktop/stego_dataset_expanded/stego_core_combined/XL-Synthetic_14_B__pdf_medium__lsb1.bmp,XL-Synthetic_14_B.bmp,XL-Synthetic,14,B,bmp,P02.pdf,pdf,medium,1,PDF,/home/kali/stego_dataset_expanded/stego_core_combined/XL-Synthetic_14_B__pdf_medium__lsb1.bmp,PDF,signature_pdf,1,PDF,validated_pdf_startxref_eof,1,4,510410,little,25 50 44 46 2d 31 2e 37,17.195296,
extended_xl,XL-Synthetic_14_B__pdf_medium__lsb2.bmp,/home/kali/Desktop/stego_dataset_expanded/stego_core_combined/XL-Synthetic_14_B__pdf_medium__lsb2.bmp,XL-Synthetic_14_B.bmp,XL-Synthetic,14,B,bmp,P02.pdf,pdf,medium,2,PDF,/home/kali/stego_dataset_expanded/stego_core_combined/XL-Synthetic_14_B__pdf_medium__lsb2.bmp,PDF,signature_pdf,1,PDF,validated_pdf_startxref_eof,1,4,510410,little,25 50 44 46 2d 31 2e 37,17.479639,
extended_xl,XL-Synthetic_14_B__pdf_medium__lsb3.bmp,/home/kali/Desktop/stego_dataset_expanded/stego_core_combined/XL-Synthetic_14_B__pdf_medium__lsb3.bmp,XL-Synthetic_14_B.bmp,XL-Synthetic,14,B,bmp,P02.pdf,pdf,medium,3,PDF,/home/kali/stego_dataset_expanded/stego_core_combined/XL-Synthetic_14_B__pdf_medium__lsb3.bmp,PDF,signature_pdf,1,PDF,validated_pdf_startxref_eof,1,4,510410,little,25 50 44 46 2d 31 2e 37,17.230719,
extended_xl,XL-Synthetic_14_B__pdf_small__lsb1.bmp,/home/kali/Desktop/stego_dataset_expanded/stego_core_combined/XL-Synthetic_14_B__pdf_small__lsb1.bmp,XL-Synthetic_14_B.bmp,XL-Synthetic,14,B,bmp,P02.pdf,pdf,small,1,PDF,/home/kali/stego_dataset_expanded/stego_core_combined/XL-Synthetic_14_B__pdf_small__lsb1.bmp,PDF,signature_pdf,1,PDF,validated_pdf_startxref_eof,1,4,16620,little,25 50 44 46 2d 31 2e 37,20.982966,
extended_xl,XL-Synthetic_14_B__pdf_small__lsb2.bmp,/home/kali/Desktop/stego_dataset_expanded/stego_core_combined/XL-Synthetic_14_B__pdf_small__lsb2.bmp,XL-Synthetic_14_B.bmp,XL-Synthetic,14,B,bmp,P02.pdf,pdf,small,2,PDF,/home/kali/stego_dataset_expanded/stego_core_combined/XL-Synthetic_14_B__pdf_small__lsb2.bmp,PDF,signature_pdf,1,PDF,validated_pdf_startxref_eof,1,4,16620,little,25 50 44 46 2d 31 2e 37,18.123342,
extended_xl,XL-Synthetic_14_B__pdf_small__lsb3.bmp,/home/kali/Desktop/stego_dataset_expanded/stego_core_combined/XL-Synthetic_14_B__pdf_small__lsb3.bmp,XL-Synthetic_14_B.bmp,XL-Synthetic,14,B,bmp,P02.pdf,pdf,small,3,PDF,/home/kali/stego_dataset_expanded/stego_core_combined/XL-Synthetic_14_B__pdf_small__lsb3.bmp,PDF,signature_pdf,1,PDF,validated_pdf_startxref_eof,1,4,16620,little,25 50 44 46 2d 31 2e 37,17.277249,
extended_xl,XL-Synthetic_14_B__pptx_large__lsb1.bmp,/home/kali/Desktop/stego_dataset_expanded/stego_core_combined/XL-Synthetic_14_B__pptx_large__lsb1.bmp,XL-Synthetic_14_B.bmp,XL-Synthetic,14,B,bmp,P04.pptx,pptx,large,1,PPTX,/home/kali/stego_dataset_expanded/stego_core_combined/XL-Synthetic_14_B__pptx_large__lsb1.bmp,ZIP,signature_pk_zip,0,PPTX,validated_ooxml_pptx,1,4,1082610,little,50 4b 03 04 14 00 06 00,17.264349,
extended_xl,XL-Synthetic_14_B__pptx_large__lsb2.bmp,/home/kali/Desktop/stego_dataset_expanded/stego_core_combined/XL-Synthetic_14_B__pptx_large__lsb2.bmp,XL-Synthetic_14_B.bmp,XL-Synthetic,14,B,bmp,P04.pptx,pptx,large,2,PPTX,/home/kali/stego_dataset_expanded/stego_core_combined/XL-Synthetic_14_B__pptx_large__lsb2.bmp,ZIP,signature_pk_zip,0,PPTX,validated_ooxml_pptx,1,4,1082610,little,50 4b 03 04 14 00 06 00,15.974810,
extended_xl,XL-Synthetic_14_B__pptx_large__lsb3.bmp,/home/kali/Desktop/stego_dataset_expanded/stego_core_combined/XL-Synthetic_14_B__pptx_large__lsb3.bmp,XL-Synthetic_14_B.bmp,XL-Synthetic,14,B,bmp,P04.pptx,pptx,large,3,PPTX,/home/kali/stego_dataset_expanded/stego_core_combined/XL-Synthetic_14_B__pptx_large__lsb3.bmp,ZIP,signature_pk_zip,0,PPTX,validated_ooxml_pptx,1,4,1082610,little,50 4b 03 04 14 00 06 00,16.157493,
extended_xl,XL-Synthetic_14_B__pptx_medium__lsb1.bmp,/home/kali/Desktop/stego_dataset_expanded/stego_core_combined/XL-Synthetic_14_B__pptx_medium__lsb1.bmp,XL-Synthetic_14_B.bmp,XL-Synthetic,14,B,bmp,P04.pptx,pptx,medium,1,PPTX,/home/kali/stego_dataset_expanded/stego_core_combined/XL-Synthetic_14_B__pptx_medium__lsb1.bmp,ZIP,signature_pk_zip,0,PPTX,validated_ooxml_pptx,1,4,512113,little,50 4b 03 04 14 00 06 00,15.851274,
extended_xl,XL-Synthetic_14_B__pptx_medium__lsb2.bmp,/home/kali/Desktop/stego_dataset_expanded/stego_core_combined/XL-Synthetic_14_B__pptx_medium__lsb2.bmp,XL-Synthetic_14_B.bmp,XL-Synthetic,14,B,bmp,P04.pptx,pptx,medium,2,PPTX,/home/kali/stego_dataset_expanded/stego_core_combined/XL-Synthetic_14_B__pptx_medium__lsb2.bmp,ZIP,signature_pk_zip,0,PPTX,validated_ooxml_pptx,1,4,512113,little,50 4b 03 04 14 00 06 00,15.907420,
extended_xl,XL-Synthetic_14_B__pptx_medium__lsb3.bmp,/home/kali/Desktop/stego_dataset_expanded/stego_core_combined/XL-Synthetic_14_B__pptx_medium__lsb3.bmp,XL-Synthetic_14_B.bmp,XL-Synthetic,14,B,bmp,P04.pptx,pptx,medium,3,PPTX,/home/kali/stego_dataset_expanded/stego_core_combined/XL-Synthetic_14_B__pptx_medium__lsb3.bmp,ZIP,signature_pk_zip,0,PPTX,validated_ooxml_pptx,1,4,512113,little,50 4b 03 04 14 00 06 00,15.433913,
extended_xl,XL-Synthetic_14_B__pptx_small__lsb1.bmp,/home/kali/Desktop/stego_dataset_expanded/stego_core_combined/XL-Synthetic_14_B__pptx_small__lsb1.bmp,XL-Synthetic_14_B.bmp,XL-Synthetic,14,B,bmp,P04.pptx,pptx,small,1,PPTX,/home/kali/stego_dataset_expanded/stego_core_combined/XL-Synthetic_14_B__pptx_small__lsb1.bmp,ZIP,signature_pk_zip,0,PPTX,validated_ooxml_pptx,1,4,32020,little,50 4b 03 04 14 00 06 00,15.430707,
extended_xl,XL-Synthetic_14_B__pptx_small__lsb2.bmp,/home/kali/Desktop/stego_dataset_expanded/stego_core_combined/XL-Synthetic_14_B__pptx_small__lsb2.bmp,XL-Synthetic_14_B.bmp,XL-Synthetic,14,B,bmp,P04.pptx,pptx,small,2,PPTX,/home/kali/stego_dataset_expanded/stego_core_combined/XL-Synthetic_14_B__pptx_small__lsb2.bmp,ZIP,signature_pk_zip,0,PPTX,validated_ooxml_pptx,1,4,32020,little,50 4b 03 04 14 00 06 00,16.861606,
extended_xl,XL-Synthetic_14_B__pptx_small__lsb3.bmp,/home/kali/Desktop/stego_dataset_expanded/stego_core_combined/XL-Synthetic_14_B__pptx_small__lsb3.bmp,XL-Synthetic_14_B.bmp,XL-Synthetic,14,B,bmp,P04.pptx,pptx,small,3,PPTX,/home/kali/stego_dataset_expanded/stego_core_combined/XL-Synthetic_14_B__pptx_small__lsb3.bmp,ZIP,signature_pk_zip,0,PPTX,validated_ooxml_pptx,1,4,32020,little,50 4b 03 04 14 00 06 00,17.185460,
extended_xl,XL-Synthetic_14_B__rtf_large__lsb1.bmp,/home/kali/Desktop/stego_dataset_expanded/stego_core_combined/XL-Synthetic_14_B__rtf_large__lsb1.bmp,XL-Synthetic_14_B.bmp,XL-Synthetic,14,B,bmp,P05.rtf,rtf,large,1,RTF,/home/kali/stego_dataset_expanded/stego_core_combined/XL-Synthetic_14_B__rtf_large__lsb1.bmp,RTF,signature_rtf,1,RTF,validated_rtf_structure,1,4,1085026,little,7b 5c 72 74 66 31 5c 61,18.201656,
extended_xl,XL-Synthetic_14_B__rtf_large__lsb2.bmp,/home/kali/Desktop/stego_dataset_expanded/stego_core_combined/XL-Synthetic_14_B__rtf_large__lsb2.bmp,XL-Synthetic_14_B.bmp,XL-Synthetic,14,B,bmp,P05.rtf,rtf,large,2,RTF,/home/kali/stego_dataset_expanded/stego_core_combined/XL-Synthetic_14_B__rtf_large__lsb2.bmp,RTF,signature_rtf,1,RTF,validated_rtf_structure,1,4,1085026,little,7b 5c 72 74 66 31 5c 61,17.163747,
extended_xl,XL-Synthetic_14_B__rtf_large__lsb3.bmp,/home/kali/Desktop/stego_dataset_expanded/stego_core_combined/XL-Synthetic_14_B__rtf_large__lsb3.bmp,XL-Synthetic_14_B.bmp,XL-Synthetic,14,B,bmp,P05.rtf,rtf,large,3,RTF,/home/kali/stego_dataset_expanded/stego_core_combined/XL-Synthetic_14_B__rtf_large__lsb3.bmp,RTF,signature_rtf,1,RTF,validated_rtf_structure,1,4,1085026,little,7b 5c 72 74 66 31 5c 61,17.844571,
extended_xl,XL-Synthetic_14_B__rtf_medium__lsb1.bmp,/home/kali/Desktop/stego_dataset_expanded/stego_core_combined/XL-Synthetic_14_B__rtf_medium__lsb1.bmp,XL-Synthetic_14_B.bmp,XL-Synthetic,14,B,bmp,P05.rtf,rtf,medium,1,RTF,/home/kali/stego_dataset_expanded/stego_core_combined/XL-Synthetic_14_B__rtf_medium__lsb1.bmp,RTF,signature_rtf,1,RTF,validated_rtf_structure,1,4,511504,little,7b 5c 72 74 66 31 5c 61,15.901637,
extended_xl,XL-Synthetic_14_B__rtf_medium__lsb2.bmp,/home/kali/Desktop/stego_dataset_expanded/stego_core_combined/XL-Synthetic_14_B__rtf_medium__lsb2.bmp,XL-Synthetic_14_B.bmp,XL-Synthetic,14,B,bmp,P05.rtf,rtf,medium,2,RTF,/home/kali/stego_dataset_expanded/stego_core_combined/XL-Synthetic_14_B__rtf_medium__lsb2.bmp,RTF,signature_rtf,1,RTF,validated_rtf_structure,1,4,511504,little,7b 5c 72 74 66 31 5c 61,15.625295,
extended_xl,XL-Synthetic_14_B__rtf_medium__lsb3.bmp,/home/kali/Desktop/stego_dataset_expanded/stego_core_combined/XL-Synthetic_14_B__rtf_medium__lsb3.bmp,XL-Synthetic_14_B.bmp,XL-Synthetic,14,B,bmp,P05.rtf,rtf,medium,3,RTF,/home/kali/stego_dataset_expanded/stego_core_combined/XL-Synthetic_14_B__rtf_medium__lsb3.bmp,RTF,signature_rtf,1,RTF,validated_rtf_structure,1,4,511504,little,7b 5c 72 74 66 31 5c 61,15.683215,
extended_xl,XL-Synthetic_14_B__rtf_small__lsb1.bmp,/home/kali/Desktop/stego_dataset_expanded/stego_core_combined/XL-Synthetic_14_B__rtf_small__lsb1.bmp,XL-Synthetic_14_B.bmp,XL-Synthetic,14,B,bmp,P05.rtf,rtf,small,1,RTF,/home/kali/stego_dataset_expanded/stego_core_combined/XL-Synthetic_14_B__rtf_small__lsb1.bmp,RTF,signature_rtf,1,RTF,validated_rtf_structure,1,4,50275,little,7b 5c 72 74 66 31 5c 61,15.515066,
extended_xl,XL-Synthetic_14_B__rtf_small__lsb2.bmp,/home/kali/Desktop/stego_dataset_expanded/stego_core_combined/XL-Synthetic_14_B__rtf_small__lsb2.bmp,XL-Synthetic_14_B.bmp,XL-Synthetic,14,B,bmp,P05.rtf,rtf,small,2,RTF,/home/kali/stego_dataset_expanded/stego_core_combined/XL-Synthetic_14_B__rtf_small__lsb2.bmp,RTF,signature_rtf,1,RTF,validated_rtf_structure,1,4,50275,little,7b 5c 72 74 66 31 5c 61,15.695197,
extended_xl,XL-Synthetic_14_B__rtf_small__lsb3.bmp,/home/kali/Desktop/stego_dataset_expanded/stego_core_combined/XL-Synthetic_14_B__rtf_small__lsb3.bmp,XL-Synthetic_14_B.bmp,XL-Synthetic,14,B,bmp,P05.rtf,rtf,small,3,RTF,/home/kali/stego_dataset_expanded/stego_core_combined/XL-Synthetic_14_B__rtf_small__lsb3.bmp,RTF,signature_rtf,1,RTF,validated_rtf_structure,1,4,50275,little,7b 5c 72 74 66 31 5c 61,15.608029,
extended_xl,XL-Synthetic_14_B__xlsx_large__lsb1.bmp,/home/kali/Desktop/stego_dataset_expanded/stego_core_combined/XL-Synthetic_14_B__xlsx_large__lsb1.bmp,XL-Synthetic_14_B.bmp,XL-Synthetic,14,B,bmp,P03.xlsx,xlsx,large,1,XLSX,/home/kali/stego_dataset_expanded/stego_core_combined/XL-Synthetic_14_B__xlsx_large__lsb1.bmp,ZIP,signature_pk_zip,0,XLSX,validated_ooxml_xlsx,1,4,1090468,little,50 4b 03 04 14 00 06 00,16.414480,
extended_xl,XL-Synthetic_14_B__xlsx_large__lsb2.bmp,/home/kali/Desktop/stego_dataset_expanded/stego_core_combined/XL-Synthetic_14_B__xlsx_large__lsb2.bmp,XL-Synthetic_14_B.bmp,XL-Synthetic,14,B,bmp,P03.xlsx,xlsx,large,2,XLSX,/home/kali/stego_dataset_expanded/stego_core_combined/XL-Synthetic_14_B__xlsx_large__lsb2.bmp,ZIP,signature_pk_zip,0,XLSX,validated_ooxml_xlsx,1,4,1090468,little,50 4b 03 04 14 00 06 00,16.577132,
extended_xl,XL-Synthetic_14_B__xlsx_large__lsb3.bmp,/home/kali/Desktop/stego_dataset_expanded/stego_core_combined/XL-Synthetic_14_B__xlsx_large__lsb3.bmp,XL-Synthetic_14_B.bmp,XL-Synthetic,14,B,bmp,P03.xlsx,xlsx,large,3,XLSX,/home/kali/stego_dataset_expanded/stego_core_combined/XL-Synthetic_14_B__xlsx_large__lsb3.bmp,ZIP,signature_pk_zip,0,XLSX,validated_ooxml_xlsx,1,4,1090468,little,50 4b 03 04 14 00 06 00,17.417845,
extended_xl,XL-Synthetic_14_B__xlsx_medium__lsb1.bmp,/home/kali/Desktop/stego_dataset_expanded/stego_core_combined/XL-Synthetic_14_B__xlsx_medium__lsb1.bmp,XL-Synthetic_14_B.bmp,XL-Synthetic,14,B,bmp,P03.xlsx,xlsx,medium,1,XLSX,/home/kali/stego_dataset_expanded/stego_core_combined/XL-Synthetic_14_B__xlsx_medium__lsb1.bmp,ZIP,signature_pk_zip,0,XLSX,validated_ooxml_xlsx,1,4,511280,little,50 4b 03 04 14 00 06 00,17.242118,
extended_xl,XL-Synthetic_14_B__xlsx_medium__lsb2.bmp,/home/kali/Desktop/stego_dataset_expanded/stego_core_combined/XL-Synthetic_14_B__xlsx_medium__lsb2.bmp,XL-Synthetic_14_B.bmp,XL-Synthetic,14,B,bmp,P03.xlsx,xlsx,medium,2,XLSX,/home/kali/stego_dataset_expanded/stego_core_combined/XL-Synthetic_14_B__xlsx_medium__lsb2.bmp,ZIP,signature_pk_zip,0,XLSX,validated_ooxml_xlsx,1,4,511280,little,50 4b 03 04 14 00 06 00,17.705898,
extended_xl,XL-Synthetic_14_B__xlsx_medium__lsb3.bmp,/home/kali/Desktop/stego_dataset_expanded/stego_core_combined/XL-Synthetic_14_B__xlsx_medium__lsb3.bmp,XL-Synthetic_14_B.bmp,XL-Synthetic,14,B,bmp,P03.xlsx,xlsx,medium,3,XLSX,/home/kali/stego_dataset_expanded/stego_core_combined/XL-Synthetic_14_B__xlsx_medium__lsb3.bmp,ZIP,signature_pk_zip,0,XLSX,validated_ooxml_xlsx,1,4,511280,little,50 4b 03 04 14 00 06 00,16.811960,
extended_xl,XL-Synthetic_14_B__xlsx_small__lsb1.bmp,/home/kali/Desktop/stego_dataset_expanded/stego_core_combined/XL-Synthetic_14_B__xlsx_small__lsb1.bmp,XL-Synthetic_14_B.bmp,XL-Synthetic,14,B,bmp,P03.xlsx,xlsx,small,1,XLSX,/home/kali/stego_dataset_expanded/stego_core_combined/XL-Synthetic_14_B__xlsx_small__lsb1.bmp,ZIP,signature_pk_zip,0,XLSX,validated_ooxml_xlsx,1,4,8899,little,50 4b 03 04 14 00 06 00,16.772315,
extended_xl,XL-Synthetic_14_B__xlsx_small__lsb2.bmp,/home/kali/Desktop/stego_dataset_expanded/stego_core_combined/XL-Synthetic_14_B__xlsx_small__lsb2.bmp,XL-Synthetic_14_B.bmp,XL-Synthetic,14,B,bmp,P03.xlsx,xlsx,small,2,XLSX,/home/kali/stego_dataset_expanded/stego_core_combined/XL-Synthetic_14_B__xlsx_small__lsb2.bmp,ZIP,signature_pk_zip,0,XLSX,validated_ooxml_xlsx,1,4,8899,little,50 4b 03 04 14 00 06 00,15.946511,
extended_xl,XL-Synthetic_14_B__xlsx_small__lsb3.bmp,/home/kali/Desktop/stego_dataset_expanded/stego_core_combined/XL-Synthetic_14_B__xlsx_small__lsb3.bmp,XL-Synthetic_14_B.bmp,XL-Synthetic,14,B,bmp,P03.xlsx,xlsx,small,3,XLSX,/home/kali/stego_dataset_expanded/stego_core_combined/XL-Synthetic_14_B__xlsx_small__lsb3.bmp,ZIP,signature_pk_zip,0,XLSX,validated_ooxml_xlsx,1,4,8899,little,50 4b 03 04 14 00 06 00,15.630633,
extended_xl,XL-Synthetic_14_P__docx_large__lsb3.png,/home/kali/Desktop/stego_dataset_expanded/stego_core_combined/XL-Synthetic_14_P__docx_large__lsb3.png,XL-Synthetic_14_P.png,XL-Synthetic,14,P,png,P01.docx,docx,large,3,DOCX,/home/kali/stego_dataset_expanded/stego_core_combined/XL-Synthetic_14_P__docx_large__lsb3.png,ZIP,signature_pk_zip,0,DOCX,validated_ooxml_docx,1,3,1121154,little,50 4b 03 04 14 00 06 00,0.713183,
extended_xl,XL-Synthetic_14_P__docx_medium__lsb2.png,/home/kali/Desktop/stego_dataset_expanded/stego_core_combined/XL-Synthetic_14_P__docx_medium__lsb2.png,XL-Synthetic_14_P.png,XL-Synthetic,14,P,png,P01.docx,docx,medium,2,DOCX,/home/kali/stego_dataset_expanded/stego_core_combined/XL-Synthetic_14_P__docx_medium__lsb2.png,ZIP,signature_pk_zip,0,DOCX,validated_ooxml_docx,1,3,511127,little,50 4b 03 04 14 00 06 00,0.656339,
extended_xl,XL-Synthetic_14_P__docx_medium__lsb3.png,/home/kali/Desktop/stego_dataset_expanded/stego_core_combined/XL-Synthetic_14_P__docx_medium__lsb3.png,XL-Synthetic_14_P.png,XL-Synthetic,14,P,png,P01.docx,docx,medium,3,DOCX,/home/kali/stego_dataset_expanded/stego_core_combined/XL-Synthetic_14_P__docx_medium__lsb3.png,ZIP,signature_pk_zip,0,DOCX,validated_ooxml_docx,1,3,511127,little,50 4b 03 04 14 00 06 00,0.625048,
extended_xl,XL-Synthetic_14_P__docx_small__lsb1.png,/home/kali/Desktop/stego_dataset_expanded/stego_core_combined/XL-Synthetic_14_P__docx_small__lsb1.png,XL-Synthetic_14_P.png,XL-Synthetic,14,P,png,P01.docx,docx,small,1,DOCX,/home/kali/stego_dataset_expanded/stego_core_combined/XL-Synthetic_14_P__docx_small__lsb1.png,ZIP,signature_pk_zip,0,DOCX,validated_ooxml_docx,1,3,13432,little,50 4b 03 04 14 00 06 00,0.534840,
extended_xl,XL-Synthetic_14_P__docx_small__lsb2.png,/home/kali/Desktop/stego_dataset_expanded/stego_core_combined/XL-Synthetic_14_P__docx_small__lsb2.png,XL-Synthetic_14_P.png,XL-Synthetic,14,P,png,P01.docx,docx,small,2,DOCX,/home/kali/stego_dataset_expanded/stego_core_combined/XL-Synthetic_14_P__docx_small__lsb2.png,ZIP,signature_pk_zip,0,DOCX,validated_ooxml_docx,1,3,13432,little,50 4b 03 04 14 00 06 00,0.512514,
extended_xl,XL-Synthetic_14_P__docx_small__lsb3.png,/home/kali/Desktop/stego_dataset_expanded/stego_core_combined/XL-Synthetic_14_P__docx_small__lsb3.png,XL-Synthetic_14_P.png,XL-Synthetic,14,P,png,P01.docx,docx,small,3,DOCX,/home/kali/stego_dataset_expanded/stego_core_combined/XL-Synthetic_14_P__docx_small__lsb3.png,ZIP,signature_pk_zip,0,DOCX,validated_ooxml_docx,1,3,13432,little,50 4b 03 04 14 00 06 00,0.517629,
extended_xl,XL-Synthetic_14_P__exe_large__lsb3.png,/home/kali/Desktop/stego_dataset_expanded/stego_core_combined/XL-Synthetic_14_P__exe_large__lsb3.png,XL-Synthetic_14_P.png,XL-Synthetic,14,P,png,P06.exe,exe,large,3,EXE,/home/kali/stego_dataset_expanded/stego_core_combined/XL-Synthetic_14_P__exe_large__lsb3.png,EXE,signature_mz,1,EXE,validated_mz_pe_header,1,3,1017856,little,4d 5a 90 00 03 00 00 00,0.684741,
extended_xl,XL-Synthetic_14_P__exe_medium__lsb2.png,/home/kali/Desktop/stego_dataset_expanded/stego_core_combined/XL-Synthetic_14_P__exe_medium__lsb2.png,XL-Synthetic_14_P.png,XL-Synthetic,14,P,png,P06.exe,exe,medium,2,EXE,/home/kali/stego_dataset_expanded/stego_core_combined/XL-Synthetic_14_P__exe_medium__lsb2.png,EXE,signature_mz,1,EXE,validated_mz_pe_header,1,3,505856,little,4d 5a 90 00 03 00 00 00,0.667624,
extended_xl,XL-Synthetic_14_P__exe_medium__lsb3.png,/home/kali/Desktop/stego_dataset_expanded/stego_core_combined/XL-Synthetic_14_P__exe_medium__lsb3.png,XL-Synthetic_14_P.png,XL-Synthetic,14,P,png,P06.exe,exe,medium,3,EXE,/home/kali/stego_dataset_expanded/stego_core_combined/XL-Synthetic_14_P__exe_medium__lsb3.png,EXE,signature_mz,1,EXE,validated_mz_pe_header,1,3,505856,little,4d 5a 90 00 03 00 00 00,0.654707,
extended_xl,XL-Synthetic_14_P__exe_small__lsb1.png,/home/kali/Desktop/stego_dataset_expanded/stego_core_combined/XL-Synthetic_14_P__exe_small__lsb1.png,XL-Synthetic_14_P.png,XL-Synthetic,14,P,png,P06.exe,exe,small,1,EXE,/home/kali/stego_dataset_expanded/stego_core_combined/XL-Synthetic_14_P__exe_small__lsb1.png,EXE,signature_mz,1,EXE,validated_mz_pe_header,1,3,40448,little,4d 5a 90 00 03 00 00 00,0.527679,
extended_xl,XL-Synthetic_14_P__exe_small__lsb2.png,/home/kali/Desktop/stego_dataset_expanded/stego_core_combined/XL-Synthetic_14_P__exe_small__lsb2.png,XL-Synthetic_14_P.png,XL-Synthetic,14,P,png,P06.exe,exe,small,2,EXE,/home/kali/stego_dataset_expanded/stego_core_combined/XL-Synthetic_14_P__exe_small__lsb2.png,EXE,signature_mz,1,EXE,validated_mz_pe_header,1,3,40448,little,4d 5a 90 00 03 00 00 00,0.528367,
extended_xl,XL-Synthetic_14_P__exe_small__lsb3.png,/home/kali/Desktop/stego_dataset_expanded/stego_core_combined/XL-Synthetic_14_P__exe_small__lsb3.png,XL-Synthetic_14_P.png,XL-Synthetic,14,P,png,P06.exe,exe,small,3,EXE,/home/kali/stego_dataset_expanded/stego_core_combined/XL-Synthetic_14_P__exe_small__lsb3.png,EXE,signature_mz,1,EXE,validated_mz_pe_header,1,3,40448,little,4d 5a 90 00 03 00 00 00,0.540248,
extended_xl,XL-Synthetic_14_P__pdf_large__lsb3.png,/home/kali/Desktop/stego_dataset_expanded/stego_core_combined/XL-Synthetic_14_P__pdf_large__lsb3.png,XL-Synthetic_14_P.png,XL-Synthetic,14,P,png,P02.pdf,pdf,large,3,PDF,/home/kali/stego_dataset_expanded/stego_core_combined/XL-Synthetic_14_P__pdf_large__lsb3.png,PDF,signature_pdf,1,PDF,validated_pdf_startxref_eof,1,3,1100144,little,25 50 44 46 2d 31 2e 33,0.726397,
extended_xl,XL-Synthetic_14_P__pdf_medium__lsb2.png,/home/kali/Desktop/stego_dataset_expanded/stego_core_combined/XL-Synthetic_14_P__pdf_medium__lsb2.png,XL-Synthetic_14_P.png,XL-Synthetic,14,P,png,P02.pdf,pdf,medium,2,PDF,/home/kali/stego_dataset_expanded/stego_core_combined/XL-Synthetic_14_P__pdf_medium__lsb2.png,PDF,signature_pdf,1,PDF,validated_pdf_startxref_eof,1,3,510410,little,25 50 44 46 2d 31 2e 37,0.632694,
extended_xl,XL-Synthetic_14_P__pdf_medium__lsb3.png,/home/kali/Desktop/stego_dataset_expanded/stego_core_combined/XL-Synthetic_14_P__pdf_medium__lsb3.png,XL-Synthetic_14_P.png,XL-Synthetic,14,P,png,P02.pdf,pdf,medium,3,PDF,/home/kali/stego_dataset_expanded/stego_core_combined/XL-Synthetic_14_P__pdf_medium__lsb3.png,PDF,signature_pdf,1,PDF,validated_pdf_startxref_eof,1,3,510410,little,25 50 44 46 2d 31 2e 37,0.594850,
extended_xl,XL-Synthetic_14_P__pdf_small__lsb1.png,/home/kali/Desktop/stego_dataset_expanded/stego_core_combined/XL-Synthetic_14_P__pdf_small__lsb1.png,XL-Synthetic_14_P.png,XL-Synthetic,14,P,png,P02.pdf,pdf,small,1,PDF,/home/kali/stego_dataset_expanded/stego_core_combined/XL-Synthetic_14_P__pdf_small__lsb1.png,PDF,signature_pdf,1,PDF,validated_pdf_startxref_eof,1,3,16620,little,25 50 44 46 2d 31 2e 37,0.532798,
extended_xl,XL-Synthetic_14_P__pdf_small__lsb2.png,/home/kali/Desktop/stego_dataset_expanded/stego_core_combined/XL-Synthetic_14_P__pdf_small__lsb2.png,XL-Synthetic_14_P.png,XL-Synthetic,14,P,png,P02.pdf,pdf,small,2,PDF,/home/kali/stego_dataset_expanded/stego_core_combined/XL-Synthetic_14_P__pdf_small__lsb2.png,PDF,signature_pdf,1,PDF,validated_pdf_startxref_eof,1,3,16620,little,25 50 44 46 2d 31 2e 37,0.511505,
extended_xl,XL-Synthetic_14_P__pdf_small__lsb3.png,/home/kali/Desktop/stego_dataset_expanded/stego_core_combined/XL-Synthetic_14_P__pdf_small__lsb3.png,XL-Synthetic_14_P.png,XL-Synthetic,14,P,png,P02.pdf,pdf,small,3,PDF,/home/kali/stego_dataset_expanded/stego_core_combined/XL-Synthetic_14_P__pdf_small__lsb3.png,PDF,signature_pdf,1,PDF,validated_pdf_startxref_eof,1,3,16620,little,25 50 44 46 2d 31 2e 37,0.516042,
extended_xl,XL-Synthetic_14_P__pptx_large__lsb3.png,/home/kali/Desktop/stego_dataset_expanded/stego_core_combined/XL-Synthetic_14_P__pptx_large__lsb3.png,XL-Synthetic_14_P.png,XL-Synthetic,14,P,png,P04.pptx,pptx,large,3,PPTX,/home/kali/stego_dataset_expanded/stego_core_combined/XL-Synthetic_14_P__pptx_large__lsb3.png,ZIP,signature_pk_zip,0,PPTX,validated_ooxml_pptx,1,3,1082610,little,50 4b 03 04 14 00 06 00,0.688283,
extended_xl,XL-Synthetic_14_P__pptx_medium__lsb2.png,/home/kali/Desktop/stego_dataset_expanded/stego_core_combined/XL-Synthetic_14_P__pptx_medium__lsb2.png,XL-Synthetic_14_P.png,XL-Synthetic,14,P,png,P04.pptx,pptx,medium,2,PPTX,/home/kali/stego_dataset_expanded/stego_core_combined/XL-Synthetic_14_P__pptx_medium__lsb2.png,ZIP,signature_pk_zip,0,PPTX,validated_ooxml_pptx,1,3,512113,little,50 4b 03 04 14 00 06 00,0.649567,
extended_xl,XL-Synthetic_14_P__pptx_medium__lsb3.png,/home/kali/Desktop/stego_dataset_expanded/stego_core_combined/XL-Synthetic_14_P__pptx_medium__lsb3.png,XL-Synthetic_14_P.png,XL-Synthetic,14,P,png,P04.pptx,pptx,medium,3,PPTX,/home/kali/stego_dataset_expanded/stego_core_combined/XL-Synthetic_14_P__pptx_medium__lsb3.png,ZIP,signature_pk_zip,0,PPTX,validated_ooxml_pptx,1,3,512113,little,50 4b 03 04 14 00 06 00,0.608587,
extended_xl,XL-Synthetic_14_P__pptx_small__lsb1.png,/home/kali/Desktop/stego_dataset_expanded/stego_core_combined/XL-Synthetic_14_P__pptx_small__lsb1.png,XL-Synthetic_14_P.png,XL-Synthetic,14,P,png,P04.pptx,pptx,small,1,PPTX,/home/kali/stego_dataset_expanded/stego_core_combined/XL-Synthetic_14_P__pptx_small__lsb1.png,ZIP,signature_pk_zip,0,PPTX,validated_ooxml_pptx,1,3,32020,little,50 4b 03 04 14 00 06 00,0.540558,
extended_xl,XL-Synthetic_14_P__pptx_small__lsb2.png,/home/kali/Desktop/stego_dataset_expanded/stego_core_combined/XL-Synthetic_14_P__pptx_small__lsb2.png,XL-Synthetic_14_P.png,XL-Synthetic,14,P,png,P04.pptx,pptx,small,2,PPTX,/home/kali/stego_dataset_expanded/stego_core_combined/XL-Synthetic_14_P__pptx_small__lsb2.png,ZIP,signature_pk_zip,0,PPTX,validated_ooxml_pptx,1,3,32020,little,50 4b 03 04 14 00 06 00,0.562430,
extended_xl,XL-Synthetic_14_P__pptx_small__lsb3.png,/home/kali/Desktop/stego_dataset_expanded/stego_core_combined/XL-Synthetic_14_P__pptx_small__lsb3.png,XL-Synthetic_14_P.png,XL-Synthetic,14,P,png,P04.pptx,pptx,small,3,PPTX,/home/kali/stego_dataset_expanded/stego_core_combined/XL-Synthetic_14_P__pptx_small__lsb3.png,ZIP,signature_pk_zip,0,PPTX,validated_ooxml_pptx,1,3,32020,little,50 4b 03 04 14 00 06 00,0.524217,
extended_xl,XL-Synthetic_14_P__rtf_large__lsb3.png,/home/kali/Desktop/stego_dataset_expanded/stego_core_combined/XL-Synthetic_14_P__rtf_large__lsb3.png,XL-Synthetic_14_P.png,XL-Synthetic,14,P,png,P05.rtf,rtf,large,3,RTF,/home/kali/stego_dataset_expanded/stego_core_combined/XL-Synthetic_14_P__rtf_large__lsb3.png,RTF,signature_rtf,1,RTF,validated_rtf_structure,1,3,1085026,little,7b 5c 72 74 66 31 5c 61,0.683093,
extended_xl,XL-Synthetic_14_P__rtf_medium__lsb2.png,/home/kali/Desktop/stego_dataset_expanded/stego_core_combined/XL-Synthetic_14_P__rtf_medium__lsb2.png,XL-Synthetic_14_P.png,XL-Synthetic,14,P,png,P05.rtf,rtf,medium,2,RTF,/home/kali/stego_dataset_expanded/stego_core_combined/XL-Synthetic_14_P__rtf_medium__lsb2.png,RTF,signature_rtf,1,RTF,validated_rtf_structure,1,3,511504,little,7b 5c 72 74 66 31 5c 61,0.661327,
extended_xl,XL-Synthetic_14_P__rtf_medium__lsb3.png,/home/kali/Desktop/stego_dataset_expanded/stego_core_combined/XL-Synthetic_14_P__rtf_medium__lsb3.png,XL-Synthetic_14_P.png,XL-Synthetic,14,P,png,P05.rtf,rtf,medium,3,RTF,/home/kali/stego_dataset_expanded/stego_core_combined/XL-Synthetic_14_P__rtf_medium__lsb3.png,RTF,signature_rtf,1,RTF,validated_rtf_structure,1,3,511504,little,7b 5c 72 74 66 31 5c 61,0.583968,
extended_xl,XL-Synthetic_14_P__rtf_small__lsb1.png,/home/kali/Desktop/stego_dataset_expanded/stego_core_combined/XL-Synthetic_14_P__rtf_small__lsb1.png,XL-Synthetic_14_P.png,XL-Synthetic,14,P,png,P05.rtf,rtf,small,1,RTF,/home/kali/stego_dataset_expanded/stego_core_combined/XL-Synthetic_14_P__rtf_small__lsb1.png,RTF,signature_rtf,1,RTF,validated_rtf_structure,1,3,50275,little,7b 5c 72 74 66 31 5c 61,0.531591,
extended_xl,XL-Synthetic_14_P__rtf_small__lsb2.png,/home/kali/Desktop/stego_dataset_expanded/stego_core_combined/XL-Synthetic_14_P__rtf_small__lsb2.png,XL-Synthetic_14_P.png,XL-Synthetic,14,P,png,P05.rtf,rtf,small,2,RTF,/home/kali/stego_dataset_expanded/stego_core_combined/XL-Synthetic_14_P__rtf_small__lsb2.png,RTF,signature_rtf,1,RTF,validated_rtf_structure,1,3,50275,little,7b 5c 72 74 66 31 5c 61,0.506482,
extended_xl,XL-Synthetic_14_P__rtf_small__lsb3.png,/home/kali/Desktop/stego_dataset_expanded/stego_core_combined/XL-Synthetic_14_P__rtf_small__lsb3.png,XL-Synthetic_14_P.png,XL-Synthetic,14,P,png,P05.rtf,rtf,small,3,RTF,/home/kali/stego_dataset_expanded/stego_core_combined/XL-Synthetic_14_P__rtf_small__lsb3.png,RTF,signature_rtf,1,RTF,validated_rtf_structure,1,3,50275,little,7b 5c 72 74 66 31 5c 61,0.530227,
extended_xl,XL-Synthetic_14_P__xlsx_large__lsb3.png,/home/kali/Desktop/stego_dataset_expanded/stego_core_combined/XL-Synthetic_14_P__xlsx_large__lsb3.png,XL-Synthetic_14_P.png,XL-Synthetic,14,P,png,P03.xlsx,xlsx,large,3,XLSX,/home/kali/stego_dataset_expanded/stego_core_combined/XL-Synthetic_14_P__xlsx_large__lsb3.png,ZIP,signature_pk_zip,0,XLSX,validated_ooxml_xlsx,1,3,1090468,little,50 4b 03 04 14 00 06 00,0.693263,
extended_xl,XL-Synthetic_14_P__xlsx_medium__lsb2.png,/home/kali/Desktop/stego_dataset_expanded/stego_core_combined/XL-Synthetic_14_P__xlsx_medium__lsb2.png,XL-Synthetic_14_P.png,XL-Synthetic,14,P,png,P03.xlsx,xlsx,medium,2,XLSX,/home/kali/stego_dataset_expanded/stego_core_combined/XL-Synthetic_14_P__xlsx_medium__lsb2.png,ZIP,signature_pk_zip,0,XLSX,validated_ooxml_xlsx,1,3,511280,little,50 4b 03 04 14 00 06 00,0.632577,
extended_xl,XL-Synthetic_14_P__xlsx_medium__lsb3.png,/home/kali/Desktop/stego_dataset_expanded/stego_core_combined/XL-Synthetic_14_P__xlsx_medium__lsb3.png,XL-Synthetic_14_P.png,XL-Synthetic,14,P,png,P03.xlsx,xlsx,medium,3,XLSX,/home/kali/stego_dataset_expanded/stego_core_combined/XL-Synthetic_14_P__xlsx_medium__lsb3.png,ZIP,signature_pk_zip,0,XLSX,validated_ooxml_xlsx,1,3,511280,little,50 4b 03 04 14 00 06 00,0.612878,
extended_xl,XL-Synthetic_14_P__xlsx_small__lsb1.png,/home/kali/Desktop/stego_dataset_expanded/stego_core_combined/XL-Synthetic_14_P__xlsx_small__lsb1.png,XL-Synthetic_14_P.png,XL-Synthetic,14,P,png,P03.xlsx,xlsx,small,1,XLSX,/home/kali/stego_dataset_expanded/stego_core_combined/XL-Synthetic_14_P__xlsx_small__lsb1.png,ZIP,signature_pk_zip,0,XLSX,validated_ooxml_xlsx,1,3,8899,little,50 4b 03 04 14 00 06 00,0.489078,
extended_xl,XL-Synthetic_14_P__xlsx_small__lsb2.png,/home/kali/Desktop/stego_dataset_expanded/stego_core_combined/XL-Synthetic_14_P__xlsx_small__lsb2.png,XL-Synthetic_14_P.png,XL-Synthetic,14,P,png,P03.xlsx,xlsx,small,2,XLSX,/home/kali/stego_dataset_expanded/stego_core_combined/XL-Synthetic_14_P__xlsx_small__lsb2.png,ZIP,signature_pk_zip,0,XLSX,validated_ooxml_xlsx,1,3,8899,little,50 4b 03 04 14 00 06 00,0.514402,
extended_xl,XL-Synthetic_14_P__xlsx_small__lsb3.png,/home/kali/Desktop/stego_dataset_expanded/stego_core_combined/XL-Synthetic_14_P__xlsx_small__lsb3.png,XL-Synthetic_14_P.png,XL-Synthetic,14,P,png,P03.xlsx,xlsx,small,3,XLSX,/home/kali/stego_dataset_expanded/stego_core_combined/XL-Synthetic_14_P__xlsx_small__lsb3.png,ZIP,signature_pk_zip,0,XLSX,validated_ooxml_xlsx,1,3,8899,little,50 4b 03 04 14 00 06 00,0.494963,
extended_xl,XL-Synthetic_15_B__docx_large__lsb1.bmp,/home/kali/Desktop/stego_dataset_expanded/stego_core_combined/XL-Synthetic_15_B__docx_large__lsb1.bmp,XL-Synthetic_15_B.bmp,XL-Synthetic,15,B,bmp,P01.docx,docx,large,1,DOCX,/home/kali/stego_dataset_expanded/stego_core_combined/XL-Synthetic_15_B__docx_large__lsb1.bmp,ZIP,signature_pk_zip,0,DOCX,validated_ooxml_docx,1,4,1121154,little,50 4b 03 04 14 00 06 00,18.028056,
extended_xl,XL-Synthetic_15_B__docx_large__lsb2.bmp,/home/kali/Desktop/stego_dataset_expanded/stego_core_combined/XL-Synthetic_15_B__docx_large__lsb2.bmp,XL-Synthetic_15_B.bmp,XL-Synthetic,15,B,bmp,P01.docx,docx,large,2,DOCX,/home/kali/stego_dataset_expanded/stego_core_combined/XL-Synthetic_15_B__docx_large__lsb2.bmp,ZIP,signature_pk_zip,0,DOCX,validated_ooxml_docx,1,4,1121154,little,50 4b 03 04 14 00 06 00,18.100754,
extended_xl,XL-Synthetic_15_B__docx_large__lsb3.bmp,/home/kali/Desktop/stego_dataset_expanded/stego_core_combined/XL-Synthetic_15_B__docx_large__lsb3.bmp,XL-Synthetic_15_B.bmp,XL-Synthetic,15,B,bmp,P01.docx,docx,large,3,DOCX,/home/kali/stego_dataset_expanded/stego_core_combined/XL-Synthetic_15_B__docx_large__lsb3.bmp,ZIP,signature_pk_zip,0,DOCX,validated_ooxml_docx,1,4,1121154,little,50 4b 03 04 14 00 06 00,17.796494,
extended_xl,XL-Synthetic_15_B__docx_medium__lsb1.bmp,/home/kali/Desktop/stego_dataset_expanded/stego_core_combined/XL-Synthetic_15_B__docx_medium__lsb1.bmp,XL-Synthetic_15_B.bmp,XL-Synthetic,15,B,bmp,P01.docx,docx,medium,1,DOCX,/home/kali/stego_dataset_expanded/stego_core_combined/XL-Synthetic_15_B__docx_medium__lsb1.bmp,ZIP,signature_pk_zip,0,DOCX,validated_ooxml_docx,1,4,511127,little,50 4b 03 04 14 00 06 00,17.627975,
extended_xl,XL-Synthetic_15_B__docx_medium__lsb2.bmp,/home/kali/Desktop/stego_dataset_expanded/stego_core_combined/XL-Synthetic_15_B__docx_medium__lsb2.bmp,XL-Synthetic_15_B.bmp,XL-Synthetic,15,B,bmp,P01.docx,docx,medium,2,DOCX,/home/kali/stego_dataset_expanded/stego_core_combined/XL-Synthetic_15_B__docx_medium__lsb2.bmp,ZIP,signature_pk_zip,0,DOCX,validated_ooxml_docx,1,4,511127,little,50 4b 03 04 14 00 06 00,20.402142,
extended_xl,XL-Synthetic_15_B__docx_medium__lsb3.bmp,/home/kali/Desktop/stego_dataset_expanded/stego_core_combined/XL-Synthetic_15_B__docx_medium__lsb3.bmp,XL-Synthetic_15_B.bmp,XL-Synthetic,15,B,bmp,P01.docx,docx,medium,3,DOCX,/home/kali/stego_dataset_expanded/stego_core_combined/XL-Synthetic_15_B__docx_medium__lsb3.bmp,ZIP,signature_pk_zip,0,DOCX,validated_ooxml_docx,1,4,511127,little,50 4b 03 04 14 00 06 00,20.162887,
extended_xl,XL-Synthetic_15_B__docx_small__lsb1.bmp,/home/kali/Desktop/stego_dataset_expanded/stego_core_combined/XL-Synthetic_15_B__docx_small__lsb1.bmp,XL-Synthetic_15_B.bmp,XL-Synthetic,15,B,bmp,P01.docx,docx,small,1,DOCX,/home/kali/stego_dataset_expanded/stego_core_combined/XL-Synthetic_15_B__docx_small__lsb1.bmp,ZIP,signature_pk_zip,0,DOCX,validated_ooxml_docx,1,4,13432,little,50 4b 03 04 14 00 06 00,19.760853,
extended_xl,XL-Synthetic_15_B__docx_small__lsb2.bmp,/home/kali/Desktop/stego_dataset_expanded/stego_core_combined/XL-Synthetic_15_B__docx_small__lsb2.bmp,XL-Synthetic_15_B.bmp,XL-Synthetic,15,B,bmp,P01.docx,docx,small,2,DOCX,/home/kali/stego_dataset_expanded/stego_core_combined/XL-Synthetic_15_B__docx_small__lsb2.bmp,ZIP,signature_pk_zip,0,DOCX,validated_ooxml_docx,1,4,13432,little,50 4b 03 04 14 00 06 00,20.651765,
extended_xl,XL-Synthetic_15_B__docx_small__lsb3.bmp,/home/kali/Desktop/stego_dataset_expanded/stego_core_combined/XL-Synthetic_15_B__docx_small__lsb3.bmp,XL-Synthetic_15_B.bmp,XL-Synthetic,15,B,bmp,P01.docx,docx,small,3,DOCX,/home/kali/stego_dataset_expanded/stego_core_combined/XL-Synthetic_15_B__docx_small__lsb3.bmp,ZIP,signature_pk_zip,0,DOCX,validated_ooxml_docx,1,4,13432,little,50 4b 03 04 14 00 06 00,18.651105,
extended_xl,XL-Synthetic_15_B__exe_large__lsb1.bmp,/home/kali/Desktop/stego_dataset_expanded/stego_core_combined/XL-Synthetic_15_B__exe_large__lsb1.bmp,XL-Synthetic_15_B.bmp,XL-Synthetic,15,B,bmp,P06.exe,exe,large,1,EXE,/home/kali/stego_dataset_expanded/stego_core_combined/XL-Synthetic_15_B__exe_large__lsb1.bmp,EXE,signature_mz,1,EXE,validated_mz_pe_header,1,4,1017856,little,4d 5a 90 00 03 00 00 00,18.250142,
extended_xl,XL-Synthetic_15_B__exe_large__lsb2.bmp,/home/kali/Desktop/stego_dataset_expanded/stego_core_combined/XL-Synthetic_15_B__exe_large__lsb2.bmp,XL-Synthetic_15_B.bmp,XL-Synthetic,15,B,bmp,P06.exe,exe,large,2,EXE,/home/kali/stego_dataset_expanded/stego_core_combined/XL-Synthetic_15_B__exe_large__lsb2.bmp,EXE,signature_mz,1,EXE,validated_mz_pe_header,1,4,1017856,little,4d 5a 90 00 03 00 00 00,18.051267,
extended_xl,XL-Synthetic_15_B__exe_large__lsb3.bmp,/home/kali/Desktop/stego_dataset_expanded/stego_core_combined/XL-Synthetic_15_B__exe_large__lsb3.bmp,XL-Synthetic_15_B.bmp,XL-Synthetic,15,B,bmp,P06.exe,exe,large,3,EXE,/home/kali/stego_dataset_expanded/stego_core_combined/XL-Synthetic_15_B__exe_large__lsb3.bmp,EXE,signature_mz,1,EXE,validated_mz_pe_header,1,4,1017856,little,4d 5a 90 00 03 00 00 00,17.612297,
extended_xl,XL-Synthetic_15_B__exe_medium__lsb1.bmp,/home/kali/Desktop/stego_dataset_expanded/stego_core_combined/XL-Synthetic_15_B__exe_medium__lsb1.bmp,XL-Synthetic_15_B.bmp,XL-Synthetic,15,B,bmp,P06.exe,exe,medium,1,EXE,/home/kali/stego_dataset_expanded/stego_core_combined/XL-Synthetic_15_B__exe_medium__lsb1.bmp,EXE,signature_mz,1,EXE,validated_mz_pe_header,1,4,505856,little,4d 5a 90 00 03 00 00 00,17.342765,
extended_xl,XL-Synthetic_15_B__exe_medium__lsb2.bmp,/home/kali/Desktop/stego_dataset_expanded/stego_core_combined/XL-Synthetic_15_B__exe_medium__lsb2.bmp,XL-Synthetic_15_B.bmp,XL-Synthetic,15,B,bmp,P06.exe,exe,medium,2,EXE,/home/kali/stego_dataset_expanded/stego_core_combined/XL-Synthetic_15_B__exe_medium__lsb2.bmp,EXE,signature_mz,1,EXE,validated_mz_pe_header,1,4,505856,little,4d 5a 90 00 03 00 00 00,17.092537,
extended_xl,XL-Synthetic_15_B__exe_medium__lsb3.bmp,/home/kali/Desktop/stego_dataset_expanded/stego_core_combined/XL-Synthetic_15_B__exe_medium__lsb3.bmp,XL-Synthetic_15_B.bmp,XL-Synthetic,15,B,bmp,P06.exe,exe,medium,3,EXE,/home/kali/stego_dataset_expanded/stego_core_combined/XL-Synthetic_15_B__exe_medium__lsb3.bmp,EXE,signature_mz,1,EXE,validated_mz_pe_header,1,4,505856,little,4d 5a 90 00 03 00 00 00,17.407619,
extended_xl,XL-Synthetic_15_B__exe_small__lsb1.bmp,/home/kali/Desktop/stego_dataset_expanded/stego_core_combined/XL-Synthetic_15_B__exe_small__lsb1.bmp,XL-Synthetic_15_B.bmp,XL-Synthetic,15,B,bmp,P06.exe,exe,small,1,EXE,/home/kali/stego_dataset_expanded/stego_core_combined/XL-Synthetic_15_B__exe_small__lsb1.bmp,EXE,signature_mz,1,EXE,validated_mz_pe_header,1,4,40448,little,4d 5a 90 00 03 00 00 00,17.848355,
extended_xl,XL-Synthetic_15_B__exe_small__lsb2.bmp,/home/kali/Desktop/stego_dataset_expanded/stego_core_combined/XL-Synthetic_15_B__exe_small__lsb2.bmp,XL-Synthetic_15_B.bmp,XL-Synthetic,15,B,bmp,P06.exe,exe,small,2,EXE,/home/kali/stego_dataset_expanded/stego_core_combined/XL-Synthetic_15_B__exe_small__lsb2.bmp,EXE,signature_mz,1,EXE,validated_mz_pe_header,1,4,40448,little,4d 5a 90 00 03 00 00 00,18.739702,
extended_xl,XL-Synthetic_15_B__exe_small__lsb3.bmp,/home/kali/Desktop/stego_dataset_expanded/stego_core_combined/XL-Synthetic_15_B__exe_small__lsb3.bmp,XL-Synthetic_15_B.bmp,XL-Synthetic,15,B,bmp,P06.exe,exe,small,3,EXE,/home/kali/stego_dataset_expanded/stego_core_combined/XL-Synthetic_15_B__exe_small__lsb3.bmp,EXE,signature_mz,1,EXE,validated_mz_pe_header,1,4,40448,little,4d 5a 90 00 03 00 00 00,21.101714,
extended_xl,XL-Synthetic_15_B__pdf_large__lsb1.bmp,/home/kali/Desktop/stego_dataset_expanded/stego_core_combined/XL-Synthetic_15_B__pdf_large__lsb1.bmp,XL-Synthetic_15_B.bmp,XL-Synthetic,15,B,bmp,P02.pdf,pdf,large,1,PDF,/home/kali/stego_dataset_expanded/stego_core_combined/XL-Synthetic_15_B__pdf_large__lsb1.bmp,PDF,signature_pdf,1,PDF,validated_pdf_startxref_eof,1,4,1100144,little,25 50 44 46 2d 31 2e 33,19.347852,
extended_xl,XL-Synthetic_15_B__pdf_large__lsb2.bmp,/home/kali/Desktop/stego_dataset_expanded/stego_core_combined/XL-Synthetic_15_B__pdf_large__lsb2.bmp,XL-Synthetic_15_B.bmp,XL-Synthetic,15,B,bmp,P02.pdf,pdf,large,2,PDF,/home/kali/stego_dataset_expanded/stego_core_combined/XL-Synthetic_15_B__pdf_large__lsb2.bmp,PDF,signature_pdf,1,PDF,validated_pdf_startxref_eof,1,4,1100144,little,25 50 44 46 2d 31 2e 33,19.290996,
extended_xl,XL-Synthetic_15_B__pdf_large__lsb3.bmp,/home/kali/Desktop/stego_dataset_expanded/stego_core_combined/XL-Synthetic_15_B__pdf_large__lsb3.bmp,XL-Synthetic_15_B.bmp,XL-Synthetic,15,B,bmp,P02.pdf,pdf,large,3,PDF,/home/kali/stego_dataset_expanded/stego_core_combined/XL-Synthetic_15_B__pdf_large__lsb3.bmp,PDF,signature_pdf,1,PDF,validated_pdf_startxref_eof,1,4,1100144,little,25 50 44 46 2d 31 2e 33,19.247167,
extended_xl,XL-Synthetic_15_B__pdf_medium__lsb1.bmp,/home/kali/Desktop/stego_dataset_expanded/stego_core_combined/XL-Synthetic_15_B__pdf_medium__lsb1.bmp,XL-Synthetic_15_B.bmp,XL-Synthetic,15,B,bmp,P02.pdf,pdf,medium,1,PDF,/home/kali/stego_dataset_expanded/stego_core_combined/XL-Synthetic_15_B__pdf_medium__lsb1.bmp,PDF,signature_pdf,1,PDF,validated_pdf_startxref_eof,1,4,510410,little,25 50 44 46 2d 31 2e 37,18.208103,
extended_xl,XL-Synthetic_15_B__pdf_medium__lsb2.bmp,/home/kali/Desktop/stego_dataset_expanded/stego_core_combined/XL-Synthetic_15_B__pdf_medium__lsb2.bmp,XL-Synthetic_15_B.bmp,XL-Synthetic,15,B,bmp,P02.pdf,pdf,medium,2,PDF,/home/kali/stego_dataset_expanded/stego_core_combined/XL-Synthetic_15_B__pdf_medium__lsb2.bmp,PDF,signature_pdf,1,PDF,validated_pdf_startxref_eof,1,4,510410,little,25 50 44 46 2d 31 2e 37,17.787031,
extended_xl,XL-Synthetic_15_B__pdf_medium__lsb3.bmp,/home/kali/Desktop/stego_dataset_expanded/stego_core_combined/XL-Synthetic_15_B__pdf_medium__lsb3.bmp,XL-Synthetic_15_B.bmp,XL-Synthetic,15,B,bmp,P02.pdf,pdf,medium,3,PDF,/home/kali/stego_dataset_expanded/stego_core_combined/XL-Synthetic_15_B__pdf_medium__lsb3.bmp,PDF,signature_pdf,1,PDF,validated_pdf_startxref_eof,1,4,510410,little,25 50 44 46 2d 31 2e 37,17.580532,
extended_xl,XL-Synthetic_15_B__pdf_small__lsb1.bmp,/home/kali/Desktop/stego_dataset_expanded/stego_core_combined/XL-Synthetic_15_B__pdf_small__lsb1.bmp,XL-Synthetic_15_B.bmp,XL-Synthetic,15,B,bmp,P02.pdf,pdf,small,1,PDF,/home/kali/stego_dataset_expanded/stego_core_combined/XL-Synthetic_15_B__pdf_small__lsb1.bmp,PDF,signature_pdf,1,PDF,validated_pdf_startxref_eof,1,4,16620,little,25 50 44 46 2d 31 2e 37,18.006662,
extended_xl,XL-Synthetic_15_B__pdf_small__lsb2.bmp,/home/kali/Desktop/stego_dataset_expanded/stego_core_combined/XL-Synthetic_15_B__pdf_small__lsb2.bmp,XL-Synthetic_15_B.bmp,XL-Synthetic,15,B,bmp,P02.pdf,pdf,small,2,PDF,/home/kali/stego_dataset_expanded/stego_core_combined/XL-Synthetic_15_B__pdf_small__lsb2.bmp,PDF,signature_pdf,1,PDF,validated_pdf_startxref_eof,1,4,16620,little,25 50 44 46 2d 31 2e 37,29.471907,
extended_xl,XL-Synthetic_15_B__pdf_small__lsb3.bmp,/home/kali/Desktop/stego_dataset_expanded/stego_core_combined/XL-Synthetic_15_B__pdf_small__lsb3.bmp,XL-Synthetic_15_B.bmp,XL-Synthetic,15,B,bmp,P02.pdf,pdf,small,3,PDF,/home/kali/stego_dataset_expanded/stego_core_combined/XL-Synthetic_15_B__pdf_small__lsb3.bmp,PDF,signature_pdf,1,PDF,validated_pdf_startxref_eof,1,4,16620,little,25 50 44 46 2d 31 2e 37,23.792014,
extended_xl,XL-Synthetic_15_B__pptx_large__lsb1.bmp,/home/kali/Desktop/stego_dataset_expanded/stego_core_combined/XL-Synthetic_15_B__pptx_large__lsb1.bmp,XL-Synthetic_15_B.bmp,XL-Synthetic,15,B,bmp,P04.pptx,pptx,large,1,PPTX,/home/kali/stego_dataset_expanded/stego_core_combined/XL-Synthetic_15_B__pptx_large__lsb1.bmp,ZIP,signature_pk_zip,0,PPTX,validated_ooxml_pptx,1,4,1082610,little,50 4b 03 04 14 00 06 00,19.430776,
extended_xl,XL-Synthetic_15_B__pptx_large__lsb2.bmp,/home/kali/Desktop/stego_dataset_expanded/stego_core_combined/XL-Synthetic_15_B__pptx_large__lsb2.bmp,XL-Synthetic_15_B.bmp,XL-Synthetic,15,B,bmp,P04.pptx,pptx,large,2,PPTX,/home/kali/stego_dataset_expanded/stego_core_combined/XL-Synthetic_15_B__pptx_large__lsb2.bmp,ZIP,signature_pk_zip,0,PPTX,validated_ooxml_pptx,1,4,1082610,little,50 4b 03 04 14 00 06 00,18.909201,
extended_xl,XL-Synthetic_15_B__pptx_large__lsb3.bmp,/home/kali/Desktop/stego_dataset_expanded/stego_core_combined/XL-Synthetic_15_B__pptx_large__lsb3.bmp,XL-Synthetic_15_B.bmp,XL-Synthetic,15,B,bmp,P04.pptx,pptx,large,3,PPTX,/home/kali/stego_dataset_expanded/stego_core_combined/XL-Synthetic_15_B__pptx_large__lsb3.bmp,ZIP,signature_pk_zip,0,PPTX,validated_ooxml_pptx,1,4,1082610,little,50 4b 03 04 14 00 06 00,18.487916,
extended_xl,XL-Synthetic_15_B__pptx_medium__lsb1.bmp,/home/kali/Desktop/stego_dataset_expanded/stego_core_combined/XL-Synthetic_15_B__pptx_medium__lsb1.bmp,XL-Synthetic_15_B.bmp,XL-Synthetic,15,B,bmp,P04.pptx,pptx,medium,1,PPTX,/home/kali/stego_dataset_expanded/stego_core_combined/XL-Synthetic_15_B__pptx_medium__lsb1.bmp,ZIP,signature_pk_zip,0,PPTX,validated_ooxml_pptx,1,4,512113,little,50 4b 03 04 14 00 06 00,17.327623,
extended_xl,XL-Synthetic_15_B__pptx_medium__lsb2.bmp,/home/kali/Desktop/stego_dataset_expanded/stego_core_combined/XL-Synthetic_15_B__pptx_medium__lsb2.bmp,XL-Synthetic_15_B.bmp,XL-Synthetic,15,B,bmp,P04.pptx,pptx,medium,2,PPTX,/home/kali/stego_dataset_expanded/stego_core_combined/XL-Synthetic_15_B__pptx_medium__lsb2.bmp,ZIP,signature_pk_zip,0,PPTX,validated_ooxml_pptx,1,4,512113,little,50 4b 03 04 14 00 06 00,17.208111,
extended_xl,XL-Synthetic_15_B__pptx_medium__lsb3.bmp,/home/kali/Desktop/stego_dataset_expanded/stego_core_combined/XL-Synthetic_15_B__pptx_medium__lsb3.bmp,XL-Synthetic_15_B.bmp,XL-Synthetic,15,B,bmp,P04.pptx,pptx,medium,3,PPTX,/home/kali/stego_dataset_expanded/stego_core_combined/XL-Synthetic_15_B__pptx_medium__lsb3.bmp,ZIP,signature_pk_zip,0,PPTX,validated_ooxml_pptx,1,4,512113,little,50 4b 03 04 14 00 06 00,17.587630,
extended_xl,XL-Synthetic_15_B__pptx_small__lsb1.bmp,/home/kali/Desktop/stego_dataset_expanded/stego_core_combined/XL-Synthetic_15_B__pptx_small__lsb1.bmp,XL-Synthetic_15_B.bmp,XL-Synthetic,15,B,bmp,P04.pptx,pptx,small,1,PPTX,/home/kali/stego_dataset_expanded/stego_core_combined/XL-Synthetic_15_B__pptx_small__lsb1.bmp,ZIP,signature_pk_zip,0,PPTX,validated_ooxml_pptx,1,4,32020,little,50 4b 03 04 14 00 06 00,18.076888,
extended_xl,XL-Synthetic_15_B__pptx_small__lsb2.bmp,/home/kali/Desktop/stego_dataset_expanded/stego_core_combined/XL-Synthetic_15_B__pptx_small__lsb2.bmp,XL-Synthetic_15_B.bmp,XL-Synthetic,15,B,bmp,P04.pptx,pptx,small,2,PPTX,/home/kali/stego_dataset_expanded/stego_core_combined/XL-Synthetic_15_B__pptx_small__lsb2.bmp,ZIP,signature_pk_zip,0,PPTX,validated_ooxml_pptx,1,4,32020,little,50 4b 03 04 14 00 06 00,18.968419,
extended_xl,XL-Synthetic_15_B__pptx_small__lsb3.bmp,/home/kali/Desktop/stego_dataset_expanded/stego_core_combined/XL-Synthetic_15_B__pptx_small__lsb3.bmp,XL-Synthetic_15_B.bmp,XL-Synthetic,15,B,bmp,P04.pptx,pptx,small,3,PPTX,/home/kali/stego_dataset_expanded/stego_core_combined/XL-Synthetic_15_B__pptx_small__lsb3.bmp,ZIP,signature_pk_zip,0,PPTX,validated_ooxml_pptx,1,4,32020,little,50 4b 03 04 14 00 06 00,20.248298,
extended_xl,XL-Synthetic_15_B__rtf_large__lsb1.bmp,/home/kali/Desktop/stego_dataset_expanded/stego_core_combined/XL-Synthetic_15_B__rtf_large__lsb1.bmp,XL-Synthetic_15_B.bmp,XL-Synthetic,15,B,bmp,P05.rtf,rtf,large,1,RTF,/home/kali/stego_dataset_expanded/stego_core_combined/XL-Synthetic_15_B__rtf_large__lsb1.bmp,RTF,signature_rtf,1,RTF,validated_rtf_structure,1,4,1085026,little,7b 5c 72 74 66 31 5c 61,21.724335,
extended_xl,XL-Synthetic_15_B__rtf_large__lsb2.bmp,/home/kali/Desktop/stego_dataset_expanded/stego_core_combined/XL-Synthetic_15_B__rtf_large__lsb2.bmp,XL-Synthetic_15_B.bmp,XL-Synthetic,15,B,bmp,P05.rtf,rtf,large,2,RTF,/home/kali/stego_dataset_expanded/stego_core_combined/XL-Synthetic_15_B__rtf_large__lsb2.bmp,RTF,signature_rtf,1,RTF,validated_rtf_structure,1,4,1085026,little,7b 5c 72 74 66 31 5c 61,19.985595,
extended_xl,XL-Synthetic_15_B__rtf_large__lsb3.bmp,/home/kali/Desktop/stego_dataset_expanded/stego_core_combined/XL-Synthetic_15_B__rtf_large__lsb3.bmp,XL-Synthetic_15_B.bmp,XL-Synthetic,15,B,bmp,P05.rtf,rtf,large,3,RTF,/home/kali/stego_dataset_expanded/stego_core_combined/XL-Synthetic_15_B__rtf_large__lsb3.bmp,RTF,signature_rtf,1,RTF,validated_rtf_structure,1,4,1085026,little,7b 5c 72 74 66 31 5c 61,17.801752,
extended_xl,XL-Synthetic_15_B__rtf_medium__lsb1.bmp,/home/kali/Desktop/stego_dataset_expanded/stego_core_combined/XL-Synthetic_15_B__rtf_medium__lsb1.bmp,XL-Synthetic_15_B.bmp,XL-Synthetic,15,B,bmp,P05.rtf,rtf,medium,1,RTF,/home/kali/stego_dataset_expanded/stego_core_combined/XL-Synthetic_15_B__rtf_medium__lsb1.bmp,RTF,signature_rtf,1,RTF,validated_rtf_structure,1,4,511504,little,7b 5c 72 74 66 31 5c 61,17.205909,
extended_xl,XL-Synthetic_15_B__rtf_medium__lsb2.bmp,/home/kali/Desktop/stego_dataset_expanded/stego_core_combined/XL-Synthetic_15_B__rtf_medium__lsb2.bmp,XL-Synthetic_15_B.bmp,XL-Synthetic,15,B,bmp,P05.rtf,rtf,medium,2,RTF,/home/kali/stego_dataset_expanded/stego_core_combined/XL-Synthetic_15_B__rtf_medium__lsb2.bmp,RTF,signature_rtf,1,RTF,validated_rtf_structure,1,4,511504,little,7b 5c 72 74 66 31 5c 61,17.366623,
extended_xl,XL-Synthetic_15_B__rtf_medium__lsb3.bmp,/home/kali/Desktop/stego_dataset_expanded/stego_core_combined/XL-Synthetic_15_B__rtf_medium__lsb3.bmp,XL-Synthetic_15_B.bmp,XL-Synthetic,15,B,bmp,P05.rtf,rtf,medium,3,RTF,/home/kali/stego_dataset_expanded/stego_core_combined/XL-Synthetic_15_B__rtf_medium__lsb3.bmp,RTF,signature_rtf,1,RTF,validated_rtf_structure,1,4,511504,little,7b 5c 72 74 66 31 5c 61,17.034889,
extended_xl,XL-Synthetic_15_B__rtf_small__lsb1.bmp,/home/kali/Desktop/stego_dataset_expanded/stego_core_combined/XL-Synthetic_15_B__rtf_small__lsb1.bmp,XL-Synthetic_15_B.bmp,XL-Synthetic,15,B,bmp,P05.rtf,rtf,small,1,RTF,/home/kali/stego_dataset_expanded/stego_core_combined/XL-Synthetic_15_B__rtf_small__lsb1.bmp,RTF,signature_rtf,1,RTF,validated_rtf_structure,1,4,50275,little,7b 5c 72 74 66 31 5c 61,17.520070,
extended_xl,XL-Synthetic_15_B__rtf_small__lsb2.bmp,/home/kali/Desktop/stego_dataset_expanded/stego_core_combined/XL-Synthetic_15_B__rtf_small__lsb2.bmp,XL-Synthetic_15_B.bmp,XL-Synthetic,15,B,bmp,P05.rtf,rtf,small,2,RTF,/home/kali/stego_dataset_expanded/stego_core_combined/XL-Synthetic_15_B__rtf_small__lsb2.bmp,RTF,signature_rtf,1,RTF,validated_rtf_structure,1,4,50275,little,7b 5c 72 74 66 31 5c 61,17.182780,
extended_xl,XL-Synthetic_15_B__rtf_small__lsb3.bmp,/home/kali/Desktop/stego_dataset_expanded/stego_core_combined/XL-Synthetic_15_B__rtf_small__lsb3.bmp,XL-Synthetic_15_B.bmp,XL-Synthetic,15,B,bmp,P05.rtf,rtf,small,3,RTF,/home/kali/stego_dataset_expanded/stego_core_combined/XL-Synthetic_15_B__rtf_small__lsb3.bmp,RTF,signature_rtf,1,RTF,validated_rtf_structure,1,4,50275,little,7b 5c 72 74 66 31 5c 61,18.661457,
extended_xl,XL-Synthetic_15_B__xlsx_large__lsb1.bmp,/home/kali/Desktop/stego_dataset_expanded/stego_core_combined/XL-Synthetic_15_B__xlsx_large__lsb1.bmp,XL-Synthetic_15_B.bmp,XL-Synthetic,15,B,bmp,P03.xlsx,xlsx,large,1,XLSX,/home/kali/stego_dataset_expanded/stego_core_combined/XL-Synthetic_15_B__xlsx_large__lsb1.bmp,ZIP,signature_pk_zip,0,XLSX,validated_ooxml_xlsx,1,4,1090468,little,50 4b 03 04 14 00 06 00,19.841867,
extended_xl,XL-Synthetic_15_B__xlsx_large__lsb2.bmp,/home/kali/Desktop/stego_dataset_expanded/stego_core_combined/XL-Synthetic_15_B__xlsx_large__lsb2.bmp,XL-Synthetic_15_B.bmp,XL-Synthetic,15,B,bmp,P03.xlsx,xlsx,large,2,XLSX,/home/kali/stego_dataset_expanded/stego_core_combined/XL-Synthetic_15_B__xlsx_large__lsb2.bmp,ZIP,signature_pk_zip,0,XLSX,validated_ooxml_xlsx,1,4,1090468,little,50 4b 03 04 14 00 06 00,19.086142,
extended_xl,XL-Synthetic_15_B__xlsx_large__lsb3.bmp,/home/kali/Desktop/stego_dataset_expanded/stego_core_combined/XL-Synthetic_15_B__xlsx_large__lsb3.bmp,XL-Synthetic_15_B.bmp,XL-Synthetic,15,B,bmp,P03.xlsx,xlsx,large,3,XLSX,/home/kali/stego_dataset_expanded/stego_core_combined/XL-Synthetic_15_B__xlsx_large__lsb3.bmp,ZIP,signature_pk_zip,0,XLSX,validated_ooxml_xlsx,1,4,1090468,little,50 4b 03 04 14 00 06 00,19.113327,
extended_xl,XL-Synthetic_15_B__xlsx_medium__lsb1.bmp,/home/kali/Desktop/stego_dataset_expanded/stego_core_combined/XL-Synthetic_15_B__xlsx_medium__lsb1.bmp,XL-Synthetic_15_B.bmp,XL-Synthetic,15,B,bmp,P03.xlsx,xlsx,medium,1,XLSX,/home/kali/stego_dataset_expanded/stego_core_combined/XL-Synthetic_15_B__xlsx_medium__lsb1.bmp,ZIP,signature_pk_zip,0,XLSX,validated_ooxml_xlsx,1,4,511280,little,50 4b 03 04 14 00 06 00,19.213662,
extended_xl,XL-Synthetic_15_B__xlsx_medium__lsb2.bmp,/home/kali/Desktop/stego_dataset_expanded/stego_core_combined/XL-Synthetic_15_B__xlsx_medium__lsb2.bmp,XL-Synthetic_15_B.bmp,XL-Synthetic,15,B,bmp,P03.xlsx,xlsx,medium,2,XLSX,/home/kali/stego_dataset_expanded/stego_core_combined/XL-Synthetic_15_B__xlsx_medium__lsb2.bmp,ZIP,signature_pk_zip,0,XLSX,validated_ooxml_xlsx,1,4,511280,little,50 4b 03 04 14 00 06 00,18.770135,
extended_xl,XL-Synthetic_15_B__xlsx_medium__lsb3.bmp,/home/kali/Desktop/stego_dataset_expanded/stego_core_combined/XL-Synthetic_15_B__xlsx_medium__lsb3.bmp,XL-Synthetic_15_B.bmp,XL-Synthetic,15,B,bmp,P03.xlsx,xlsx,medium,3,XLSX,/home/kali/stego_dataset_expanded/stego_core_combined/XL-Synthetic_15_B__xlsx_medium__lsb3.bmp,ZIP,signature_pk_zip,0,XLSX,validated_ooxml_xlsx,1,4,511280,little,50 4b 03 04 14 00 06 00,18.685961,
extended_xl,XL-Synthetic_15_B__xlsx_small__lsb1.bmp,/home/kali/Desktop/stego_dataset_expanded/stego_core_combined/XL-Synthetic_15_B__xlsx_small__lsb1.bmp,XL-Synthetic_15_B.bmp,XL-Synthetic,15,B,bmp,P03.xlsx,xlsx,small,1,XLSX,/home/kali/stego_dataset_expanded/stego_core_combined/XL-Synthetic_15_B__xlsx_small__lsb1.bmp,ZIP,signature_pk_zip,0,XLSX,validated_ooxml_xlsx,1,4,8899,little,50 4b 03 04 14 00 06 00,18.806458,
extended_xl,XL-Synthetic_15_B__xlsx_small__lsb2.bmp,/home/kali/Desktop/stego_dataset_expanded/stego_core_combined/XL-Synthetic_15_B__xlsx_small__lsb2.bmp,XL-Synthetic_15_B.bmp,XL-Synthetic,15,B,bmp,P03.xlsx,xlsx,small,2,XLSX,/home/kali/stego_dataset_expanded/stego_core_combined/XL-Synthetic_15_B__xlsx_small__lsb2.bmp,ZIP,signature_pk_zip,0,XLSX,validated_ooxml_xlsx,1,4,8899,little,50 4b 03 04 14 00 06 00,18.512518,
extended_xl,XL-Synthetic_15_B__xlsx_small__lsb3.bmp,/home/kali/Desktop/stego_dataset_expanded/stego_core_combined/XL-Synthetic_15_B__xlsx_small__lsb3.bmp,XL-Synthetic_15_B.bmp,XL-Synthetic,15,B,bmp,P03.xlsx,xlsx,small,3,XLSX,/home/kali/stego_dataset_expanded/stego_core_combined/XL-Synthetic_15_B__xlsx_small__lsb3.bmp,ZIP,signature_pk_zip,0,XLSX,validated_ooxml_xlsx,1,4,8899,little,50 4b 03 04 14 00 06 00,17.836328,
extended_xl,XL-Synthetic_15_P__docx_large__lsb3.png,/home/kali/Desktop/stego_dataset_expanded/stego_core_combined/XL-Synthetic_15_P__docx_large__lsb3.png,XL-Synthetic_15_P.png,XL-Synthetic,15,P,png,P01.docx,docx,large,3,DOCX,/home/kali/stego_dataset_expanded/stego_core_combined/XL-Synthetic_15_P__docx_large__lsb3.png,ZIP,signature_pk_zip,0,DOCX,validated_ooxml_docx,1,3,1121154,little,50 4b 03 04 14 00 06 00,0.701797,
extended_xl,XL-Synthetic_15_P__docx_medium__lsb2.png,/home/kali/Desktop/stego_dataset_expanded/stego_core_combined/XL-Synthetic_15_P__docx_medium__lsb2.png,XL-Synthetic_15_P.png,XL-Synthetic,15,P,png,P01.docx,docx,medium,2,DOCX,/home/kali/stego_dataset_expanded/stego_core_combined/XL-Synthetic_15_P__docx_medium__lsb2.png,ZIP,signature_pk_zip,0,DOCX,validated_ooxml_docx,1,3,511127,little,50 4b 03 04 14 00 06 00,0.631801,
extended_xl,XL-Synthetic_15_P__docx_medium__lsb3.png,/home/kali/Desktop/stego_dataset_expanded/stego_core_combined/XL-Synthetic_15_P__docx_medium__lsb3.png,XL-Synthetic_15_P.png,XL-Synthetic,15,P,png,P01.docx,docx,medium,3,DOCX,/home/kali/stego_dataset_expanded/stego_core_combined/XL-Synthetic_15_P__docx_medium__lsb3.png,ZIP,signature_pk_zip,0,DOCX,validated_ooxml_docx,1,3,511127,little,50 4b 03 04 14 00 06 00,0.601446,
extended_xl,XL-Synthetic_15_P__docx_small__lsb1.png,/home/kali/Desktop/stego_dataset_expanded/stego_core_combined/XL-Synthetic_15_P__docx_small__lsb1.png,XL-Synthetic_15_P.png,XL-Synthetic,15,P,png,P01.docx,docx,small,1,DOCX,/home/kali/stego_dataset_expanded/stego_core_combined/XL-Synthetic_15_P__docx_small__lsb1.png,ZIP,signature_pk_zip,0,DOCX,validated_ooxml_docx,1,3,13432,little,50 4b 03 04 14 00 06 00,0.497582,
extended_xl,XL-Synthetic_15_P__docx_small__lsb2.png,/home/kali/Desktop/stego_dataset_expanded/stego_core_combined/XL-Synthetic_15_P__docx_small__lsb2.png,XL-Synthetic_15_P.png,XL-Synthetic,15,P,png,P01.docx,docx,small,2,DOCX,/home/kali/stego_dataset_expanded/stego_core_combined/XL-Synthetic_15_P__docx_small__lsb2.png,ZIP,signature_pk_zip,0,DOCX,validated_ooxml_docx,1,3,13432,little,50 4b 03 04 14 00 06 00,0.503068,
extended_xl,XL-Synthetic_15_P__docx_small__lsb3.png,/home/kali/Desktop/stego_dataset_expanded/stego_core_combined/XL-Synthetic_15_P__docx_small__lsb3.png,XL-Synthetic_15_P.png,XL-Synthetic,15,P,png,P01.docx,docx,small,3,DOCX,/home/kali/stego_dataset_expanded/stego_core_combined/XL-Synthetic_15_P__docx_small__lsb3.png,ZIP,signature_pk_zip,0,DOCX,validated_ooxml_docx,1,3,13432,little,50 4b 03 04 14 00 06 00,0.495413,
extended_xl,XL-Synthetic_15_P__exe_large__lsb3.png,/home/kali/Desktop/stego_dataset_expanded/stego_core_combined/XL-Synthetic_15_P__exe_large__lsb3.png,XL-Synthetic_15_P.png,XL-Synthetic,15,P,png,P06.exe,exe,large,3,EXE,/home/kali/stego_dataset_expanded/stego_core_combined/XL-Synthetic_15_P__exe_large__lsb3.png,EXE,signature_mz,1,EXE,validated_mz_pe_header,1,3,1017856,little,4d 5a 90 00 03 00 00 00,0.679236,
extended_xl,XL-Synthetic_15_P__exe_medium__lsb2.png,/home/kali/Desktop/stego_dataset_expanded/stego_core_combined/XL-Synthetic_15_P__exe_medium__lsb2.png,XL-Synthetic_15_P.png,XL-Synthetic,15,P,png,P06.exe,exe,medium,2,EXE,/home/kali/stego_dataset_expanded/stego_core_combined/XL-Synthetic_15_P__exe_medium__lsb2.png,EXE,signature_mz,1,EXE,validated_mz_pe_header,1,3,505856,little,4d 5a 90 00 03 00 00 00,0.607141,
extended_xl,XL-Synthetic_15_P__exe_medium__lsb3.png,/home/kali/Desktop/stego_dataset_expanded/stego_core_combined/XL-Synthetic_15_P__exe_medium__lsb3.png,XL-Synthetic_15_P.png,XL-Synthetic,15,P,png,P06.exe,exe,medium,3,EXE,/home/kali/stego_dataset_expanded/stego_core_combined/XL-Synthetic_15_P__exe_medium__lsb3.png,EXE,signature_mz,1,EXE,validated_mz_pe_header,1,3,505856,little,4d 5a 90 00 03 00 00 00,0.603957,
extended_xl,XL-Synthetic_15_P__exe_small__lsb1.png,/home/kali/Desktop/stego_dataset_expanded/stego_core_combined/XL-Synthetic_15_P__exe_small__lsb1.png,XL-Synthetic_15_P.png,XL-Synthetic,15,P,png,P06.exe,exe,small,1,EXE,/home/kali/stego_dataset_expanded/stego_core_combined/XL-Synthetic_15_P__exe_small__lsb1.png,EXE,signature_mz,1,EXE,validated_mz_pe_header,1,3,40448,little,4d 5a 90 00 03 00 00 00,0.535987,
extended_xl,XL-Synthetic_15_P__exe_small__lsb2.png,/home/kali/Desktop/stego_dataset_expanded/stego_core_combined/XL-Synthetic_15_P__exe_small__lsb2.png,XL-Synthetic_15_P.png,XL-Synthetic,15,P,png,P06.exe,exe,small,2,EXE,/home/kali/stego_dataset_expanded/stego_core_combined/XL-Synthetic_15_P__exe_small__lsb2.png,EXE,signature_mz,1,EXE,validated_mz_pe_header,1,3,40448,little,4d 5a 90 00 03 00 00 00,0.515134,
extended_xl,XL-Synthetic_15_P__exe_small__lsb3.png,/home/kali/Desktop/stego_dataset_expanded/stego_core_combined/XL-Synthetic_15_P__exe_small__lsb3.png,XL-Synthetic_15_P.png,XL-Synthetic,15,P,png,P06.exe,exe,small,3,EXE,/home/kali/stego_dataset_expanded/stego_core_combined/XL-Synthetic_15_P__exe_small__lsb3.png,EXE,signature_mz,1,EXE,validated_mz_pe_header,1,3,40448,little,4d 5a 90 00 03 00 00 00,0.509373,
extended_xl,XL-Synthetic_15_P__pdf_large__lsb3.png,/home/kali/Desktop/stego_dataset_expanded/stego_core_combined/XL-Synthetic_15_P__pdf_large__lsb3.png,XL-Synthetic_15_P.png,XL-Synthetic,15,P,png,P02.pdf,pdf,large,3,PDF,/home/kali/stego_dataset_expanded/stego_core_combined/XL-Synthetic_15_P__pdf_large__lsb3.png,PDF,signature_pdf,1,PDF,validated_pdf_startxref_eof,1,3,1100144,little,25 50 44 46 2d 31 2e 33,0.674274,
extended_xl,XL-Synthetic_15_P__pdf_medium__lsb2.png,/home/kali/Desktop/stego_dataset_expanded/stego_core_combined/XL-Synthetic_15_P__pdf_medium__lsb2.png,XL-Synthetic_15_P.png,XL-Synthetic,15,P,png,P02.pdf,pdf,medium,2,PDF,/home/kali/stego_dataset_expanded/stego_core_combined/XL-Synthetic_15_P__pdf_medium__lsb2.png,PDF,signature_pdf,1,PDF,validated_pdf_startxref_eof,1,3,510410,little,25 50 44 46 2d 31 2e 37,0.633433,
extended_xl,XL-Synthetic_15_P__pdf_medium__lsb3.png,/home/kali/Desktop/stego_dataset_expanded/stego_core_combined/XL-Synthetic_15_P__pdf_medium__lsb3.png,XL-Synthetic_15_P.png,XL-Synthetic,15,P,png,P02.pdf,pdf,medium,3,PDF,/home/kali/stego_dataset_expanded/stego_core_combined/XL-Synthetic_15_P__pdf_medium__lsb3.png,PDF,signature_pdf,1,PDF,validated_pdf_startxref_eof,1,3,510410,little,25 50 44 46 2d 31 2e 37,0.591259,
extended_xl,XL-Synthetic_15_P__pdf_small__lsb1.png,/home/kali/Desktop/stego_dataset_expanded/stego_core_combined/XL-Synthetic_15_P__pdf_small__lsb1.png,XL-Synthetic_15_P.png,XL-Synthetic,15,P,png,P02.pdf,pdf,small,1,PDF,/home/kali/stego_dataset_expanded/stego_core_combined/XL-Synthetic_15_P__pdf_small__lsb1.png,PDF,signature_pdf,1,PDF,validated_pdf_startxref_eof,1,3,16620,little,25 50 44 46 2d 31 2e 37,0.545230,
extended_xl,XL-Synthetic_15_P__pdf_small__lsb2.png,/home/kali/Desktop/stego_dataset_expanded/stego_core_combined/XL-Synthetic_15_P__pdf_small__lsb2.png,XL-Synthetic_15_P.png,XL-Synthetic,15,P,png,P02.pdf,pdf,small,2,PDF,/home/kali/stego_dataset_expanded/stego_core_combined/XL-Synthetic_15_P__pdf_small__lsb2.png,PDF,signature_pdf,1,PDF,validated_pdf_startxref_eof,1,3,16620,little,25 50 44 46 2d 31 2e 37,0.531632,
extended_xl,XL-Synthetic_15_P__pdf_small__lsb3.png,/home/kali/Desktop/stego_dataset_expanded/stego_core_combined/XL-Synthetic_15_P__pdf_small__lsb3.png,XL-Synthetic_15_P.png,XL-Synthetic,15,P,png,P02.pdf,pdf,small,3,PDF,/home/kali/stego_dataset_expanded/stego_core_combined/XL-Synthetic_15_P__pdf_small__lsb3.png,PDF,signature_pdf,1,PDF,validated_pdf_startxref_eof,1,3,16620,little,25 50 44 46 2d 31 2e 37,0.506872,
extended_xl,XL-Synthetic_15_P__pptx_large__lsb3.png,/home/kali/Desktop/stego_dataset_expanded/stego_core_combined/XL-Synthetic_15_P__pptx_large__lsb3.png,XL-Synthetic_15_P.png,XL-Synthetic,15,P,png,P04.pptx,pptx,large,3,PPTX,/home/kali/stego_dataset_expanded/stego_core_combined/XL-Synthetic_15_P__pptx_large__lsb3.png,ZIP,signature_pk_zip,0,PPTX,validated_ooxml_pptx,1,3,1082610,little,50 4b 03 04 14 00 06 00,0.692166,
extended_xl,XL-Synthetic_15_P__pptx_medium__lsb2.png,/home/kali/Desktop/stego_dataset_expanded/stego_core_combined/XL-Synthetic_15_P__pptx_medium__lsb2.png,XL-Synthetic_15_P.png,XL-Synthetic,15,P,png,P04.pptx,pptx,medium,2,PPTX,/home/kali/stego_dataset_expanded/stego_core_combined/XL-Synthetic_15_P__pptx_medium__lsb2.png,ZIP,signature_pk_zip,0,PPTX,validated_ooxml_pptx,1,3,512113,little,50 4b 03 04 14 00 06 00,0.631242,
extended_xl,XL-Synthetic_15_P__pptx_medium__lsb3.png,/home/kali/Desktop/stego_dataset_expanded/stego_core_combined/XL-Synthetic_15_P__pptx_medium__lsb3.png,XL-Synthetic_15_P.png,XL-Synthetic,15,P,png,P04.pptx,pptx,medium,3,PPTX,/home/kali/stego_dataset_expanded/stego_core_combined/XL-Synthetic_15_P__pptx_medium__lsb3.png,ZIP,signature_pk_zip,0,PPTX,validated_ooxml_pptx,1,3,512113,little,50 4b 03 04 14 00 06 00,0.603438,
extended_xl,XL-Synthetic_15_P__pptx_small__lsb1.png,/home/kali/Desktop/stego_dataset_expanded/stego_core_combined/XL-Synthetic_15_P__pptx_small__lsb1.png,XL-Synthetic_15_P.png,XL-Synthetic,15,P,png,P04.pptx,pptx,small,1,PPTX,/home/kali/stego_dataset_expanded/stego_core_combined/XL-Synthetic_15_P__pptx_small__lsb1.png,ZIP,signature_pk_zip,0,PPTX,validated_ooxml_pptx,1,3,32020,little,50 4b 03 04 14 00 06 00,0.513104,
extended_xl,XL-Synthetic_15_P__pptx_small__lsb2.png,/home/kali/Desktop/stego_dataset_expanded/stego_core_combined/XL-Synthetic_15_P__pptx_small__lsb2.png,XL-Synthetic_15_P.png,XL-Synthetic,15,P,png,P04.pptx,pptx,small,2,PPTX,/home/kali/stego_dataset_expanded/stego_core_combined/XL-Synthetic_15_P__pptx_small__lsb2.png,ZIP,signature_pk_zip,0,PPTX,validated_ooxml_pptx,1,3,32020,little,50 4b 03 04 14 00 06 00,0.508028,
extended_xl,XL-Synthetic_15_P__pptx_small__lsb3.png,/home/kali/Desktop/stego_dataset_expanded/stego_core_combined/XL-Synthetic_15_P__pptx_small__lsb3.png,XL-Synthetic_15_P.png,XL-Synthetic,15,P,png,P04.pptx,pptx,small,3,PPTX,/home/kali/stego_dataset_expanded/stego_core_combined/XL-Synthetic_15_P__pptx_small__lsb3.png,ZIP,signature_pk_zip,0,PPTX,validated_ooxml_pptx,1,3,32020,little,50 4b 03 04 14 00 06 00,0.529098,
extended_xl,XL-Synthetic_15_P__rtf_large__lsb3.png,/home/kali/Desktop/stego_dataset_expanded/stego_core_combined/XL-Synthetic_15_P__rtf_large__lsb3.png,XL-Synthetic_15_P.png,XL-Synthetic,15,P,png,P05.rtf,rtf,large,3,RTF,/home/kali/stego_dataset_expanded/stego_core_combined/XL-Synthetic_15_P__rtf_large__lsb3.png,RTF,signature_rtf,1,RTF,validated_rtf_structure,1,3,1085026,little,7b 5c 72 74 66 31 5c 61,0.668429,
extended_xl,XL-Synthetic_15_P__rtf_medium__lsb2.png,/home/kali/Desktop/stego_dataset_expanded/stego_core_combined/XL-Synthetic_15_P__rtf_medium__lsb2.png,XL-Synthetic_15_P.png,XL-Synthetic,15,P,png,P05.rtf,rtf,medium,2,RTF,/home/kali/stego_dataset_expanded/stego_core_combined/XL-Synthetic_15_P__rtf_medium__lsb2.png,RTF,signature_rtf,1,RTF,validated_rtf_structure,1,3,511504,little,7b 5c 72 74 66 31 5c 61,0.612867,
extended_xl,XL-Synthetic_15_P__rtf_medium__lsb3.png,/home/kali/Desktop/stego_dataset_expanded/stego_core_combined/XL-Synthetic_15_P__rtf_medium__lsb3.png,XL-Synthetic_15_P.png,XL-Synthetic,15,P,png,P05.rtf,rtf,medium,3,RTF,/home/kali/stego_dataset_expanded/stego_core_combined/XL-Synthetic_15_P__rtf_medium__lsb3.png,RTF,signature_rtf,1,RTF,validated_rtf_structure,1,3,511504,little,7b 5c 72 74 66 31 5c 61,0.584150,
extended_xl,XL-Synthetic_15_P__rtf_small__lsb1.png,/home/kali/Desktop/stego_dataset_expanded/stego_core_combined/XL-Synthetic_15_P__rtf_small__lsb1.png,XL-Synthetic_15_P.png,XL-Synthetic,15,P,png,P05.rtf,rtf,small,1,RTF,/home/kali/stego_dataset_expanded/stego_core_combined/XL-Synthetic_15_P__rtf_small__lsb1.png,RTF,signature_rtf,1,RTF,validated_rtf_structure,1,3,50275,little,7b 5c 72 74 66 31 5c 61,0.529638,
extended_xl,XL-Synthetic_15_P__rtf_small__lsb2.png,/home/kali/Desktop/stego_dataset_expanded/stego_core_combined/XL-Synthetic_15_P__rtf_small__lsb2.png,XL-Synthetic_15_P.png,XL-Synthetic,15,P,png,P05.rtf,rtf,small,2,RTF,/home/kali/stego_dataset_expanded/stego_core_combined/XL-Synthetic_15_P__rtf_small__lsb2.png,RTF,signature_rtf,1,RTF,validated_rtf_structure,1,3,50275,little,7b 5c 72 74 66 31 5c 61,0.509004,
extended_xl,XL-Synthetic_15_P__rtf_small__lsb3.png,/home/kali/Desktop/stego_dataset_expanded/stego_core_combined/XL-Synthetic_15_P__rtf_small__lsb3.png,XL-Synthetic_15_P.png,XL-Synthetic,15,P,png,P05.rtf,rtf,small,3,RTF,/home/kali/stego_dataset_expanded/stego_core_combined/XL-Synthetic_15_P__rtf_small__lsb3.png,RTF,signature_rtf,1,RTF,validated_rtf_structure,1,3,50275,little,7b 5c 72 74 66 31 5c 61,0.515770,
extended_xl,XL-Synthetic_15_P__xlsx_large__lsb3.png,/home/kali/Desktop/stego_dataset_expanded/stego_core_combined/XL-Synthetic_15_P__xlsx_large__lsb3.png,XL-Synthetic_15_P.png,XL-Synthetic,15,P,png,P03.xlsx,xlsx,large,3,XLSX,/home/kali/stego_dataset_expanded/stego_core_combined/XL-Synthetic_15_P__xlsx_large__lsb3.png,ZIP,signature_pk_zip,0,XLSX,validated_ooxml_xlsx,1,3,1090468,little,50 4b 03 04 14 00 06 00,0.695888,
extended_xl,XL-Synthetic_15_P__xlsx_medium__lsb2.png,/home/kali/Desktop/stego_dataset_expanded/stego_core_combined/XL-Synthetic_15_P__xlsx_medium__lsb2.png,XL-Synthetic_15_P.png,XL-Synthetic,15,P,png,P03.xlsx,xlsx,medium,2,XLSX,/home/kali/stego_dataset_expanded/stego_core_combined/XL-Synthetic_15_P__xlsx_medium__lsb2.png,ZIP,signature_pk_zip,0,XLSX,validated_ooxml_xlsx,1,3,511280,little,50 4b 03 04 14 00 06 00,0.669943,
extended_xl,XL-Synthetic_15_P__xlsx_medium__lsb3.png,/home/kali/Desktop/stego_dataset_expanded/stego_core_combined/XL-Synthetic_15_P__xlsx_medium__lsb3.png,XL-Synthetic_15_P.png,XL-Synthetic,15,P,png,P03.xlsx,xlsx,medium,3,XLSX,/home/kali/stego_dataset_expanded/stego_core_combined/XL-Synthetic_15_P__xlsx_medium__lsb3.png,ZIP,signature_pk_zip,0,XLSX,validated_ooxml_xlsx,1,3,511280,little,50 4b 03 04 14 00 06 00,0.625821,
extended_xl,XL-Synthetic_15_P__xlsx_small__lsb1.png,/home/kali/Desktop/stego_dataset_expanded/stego_core_combined/XL-Synthetic_15_P__xlsx_small__lsb1.png,XL-Synthetic_15_P.png,XL-Synthetic,15,P,png,P03.xlsx,xlsx,small,1,XLSX,/home/kali/stego_dataset_expanded/stego_core_combined/XL-Synthetic_15_P__xlsx_small__lsb1.png,ZIP,signature_pk_zip,0,XLSX,validated_ooxml_xlsx,1,3,8899,little,50 4b 03 04 14 00 06 00,0.529348,
extended_xl,XL-Synthetic_15_P__xlsx_small__lsb2.png,/home/kali/Desktop/stego_dataset_expanded/stego_core_combined/XL-Synthetic_15_P__xlsx_small__lsb2.png,XL-Synthetic_15_P.png,XL-Synthetic,15,P,png,P03.xlsx,xlsx,small,2,XLSX,/home/kali/stego_dataset_expanded/stego_core_combined/XL-Synthetic_15_P__xlsx_small__lsb2.png,ZIP,signature_pk_zip,0,XLSX,validated_ooxml_xlsx,1,3,8899,little,50 4b 03 04 14 00 06 00,0.529319,
extended_xl,XL-Synthetic_15_P__xlsx_small__lsb3.png,/home/kali/Desktop/stego_dataset_expanded/stego_core_combined/XL-Synthetic_15_P__xlsx_small__lsb3.png,XL-Synthetic_15_P.png,XL-Synthetic,15,P,png,P03.xlsx,xlsx,small,3,XLSX,/home/kali/stego_dataset_expanded/stego_core_combined/XL-Synthetic_15_P__xlsx_small__lsb3.png,ZIP,signature_pk_zip,0,XLSX,validated_ooxml_xlsx,1,3,8899,little,50 4b 03 04 14 00 06 00,0.529885,
extended_xl,XL-Synthetic_1_B__docx_large__lsb1.bmp,/home/kali/Desktop/stego_dataset_expanded/stego_core_combined/XL-Synthetic_1_B__docx_large__lsb1.bmp,XL-Synthetic_1_B.bmp,XL-Synthetic,1,B,bmp,P01.docx,docx,large,1,DOCX,/home/kali/stego_dataset_expanded/stego_core_combined/XL-Synthetic_1_B__docx_large__lsb1.bmp,ZIP,signature_pk_zip,0,DOCX,validated_ooxml_docx,1,3,1121154,little,50 4b 03 04 14 00 06 00,3.314822,
extended_xl,XL-Synthetic_1_B__docx_large__lsb2.bmp,/home/kali/Desktop/stego_dataset_expanded/stego_core_combined/XL-Synthetic_1_B__docx_large__lsb2.bmp,XL-Synthetic_1_B.bmp,XL-Synthetic,1,B,bmp,P01.docx,docx,large,2,DOCX,/home/kali/stego_dataset_expanded/stego_core_combined/XL-Synthetic_1_B__docx_large__lsb2.bmp,ZIP,signature_pk_zip,0,DOCX,validated_ooxml_docx,1,4,1121154,little,50 4b 03 04 14 00 06 00,2.810627,
extended_xl,XL-Synthetic_1_B__docx_large__lsb3.bmp,/home/kali/Desktop/stego_dataset_expanded/stego_core_combined/XL-Synthetic_1_B__docx_large__lsb3.bmp,XL-Synthetic_1_B.bmp,XL-Synthetic,1,B,bmp,P01.docx,docx,large,3,DOCX,/home/kali/stego_dataset_expanded/stego_core_combined/XL-Synthetic_1_B__docx_large__lsb3.bmp,ZIP,signature_pk_zip,0,DOCX,validated_ooxml_docx,1,4,1121154,little,50 4b 03 04 14 00 06 00,2.641365,
extended_xl,XL-Synthetic_1_B__docx_medium__lsb1.bmp,/home/kali/Desktop/stego_dataset_expanded/stego_core_combined/XL-Synthetic_1_B__docx_medium__lsb1.bmp,XL-Synthetic_1_B.bmp,XL-Synthetic,1,B,bmp,P01.docx,docx,medium,1,DOCX,/home/kali/stego_dataset_expanded/stego_core_combined/XL-Synthetic_1_B__docx_medium__lsb1.bmp,ZIP,signature_pk_zip,0,DOCX,validated_ooxml_docx,1,3,511127,little,50 4b 03 04 14 00 06 00,2.718843,
extended_xl,XL-Synthetic_1_B__docx_medium__lsb2.bmp,/home/kali/Desktop/stego_dataset_expanded/stego_core_combined/XL-Synthetic_1_B__docx_medium__lsb2.bmp,XL-Synthetic_1_B.bmp,XL-Synthetic,1,B,bmp,P01.docx,docx,medium,2,DOCX,/home/kali/stego_dataset_expanded/stego_core_combined/XL-Synthetic_1_B__docx_medium__lsb2.bmp,ZIP,signature_pk_zip,0,DOCX,validated_ooxml_docx,1,4,511127,little,50 4b 03 04 14 00 06 00,2.603987,
extended_xl,XL-Synthetic_1_B__docx_medium__lsb3.bmp,/home/kali/Desktop/stego_dataset_expanded/stego_core_combined/XL-Synthetic_1_B__docx_medium__lsb3.bmp,XL-Synthetic_1_B.bmp,XL-Synthetic,1,B,bmp,P01.docx,docx,medium,3,DOCX,/home/kali/stego_dataset_expanded/stego_core_combined/XL-Synthetic_1_B__docx_medium__lsb3.bmp,ZIP,signature_pk_zip,0,DOCX,validated_ooxml_docx,1,4,511127,little,50 4b 03 04 14 00 06 00,2.567442,
extended_xl,XL-Synthetic_1_B__docx_small__lsb1.bmp,/home/kali/Desktop/stego_dataset_expanded/stego_core_combined/XL-Synthetic_1_B__docx_small__lsb1.bmp,XL-Synthetic_1_B.bmp,XL-Synthetic,1,B,bmp,P01.docx,docx,small,1,DOCX,/home/kali/stego_dataset_expanded/stego_core_combined/XL-Synthetic_1_B__docx_small__lsb1.bmp,ZIP,signature_pk_zip,0,DOCX,validated_ooxml_docx,1,3,13432,little,50 4b 03 04 14 00 06 00,2.557466,
extended_xl,XL-Synthetic_1_B__docx_small__lsb2.bmp,/home/kali/Desktop/stego_dataset_expanded/stego_core_combined/XL-Synthetic_1_B__docx_small__lsb2.bmp,XL-Synthetic_1_B.bmp,XL-Synthetic,1,B,bmp,P01.docx,docx,small,2,DOCX,/home/kali/stego_dataset_expanded/stego_core_combined/XL-Synthetic_1_B__docx_small__lsb2.bmp,ZIP,signature_pk_zip,0,DOCX,validated_ooxml_docx,1,4,13432,little,50 4b 03 04 14 00 06 00,2.502998,
extended_xl,XL-Synthetic_1_B__docx_small__lsb3.bmp,/home/kali/Desktop/stego_dataset_expanded/stego_core_combined/XL-Synthetic_1_B__docx_small__lsb3.bmp,XL-Synthetic_1_B.bmp,XL-Synthetic,1,B,bmp,P01.docx,docx,small,3,DOCX,/home/kali/stego_dataset_expanded/stego_core_combined/XL-Synthetic_1_B__docx_small__lsb3.bmp,ZIP,signature_pk_zip,0,DOCX,validated_ooxml_docx,1,4,13432,little,50 4b 03 04 14 00 06 00,2.486317,
extended_xl,XL-Synthetic_1_B__exe_large__lsb1.bmp,/home/kali/Desktop/stego_dataset_expanded/stego_core_combined/XL-Synthetic_1_B__exe_large__lsb1.bmp,XL-Synthetic_1_B.bmp,XL-Synthetic,1,B,bmp,P06.exe,exe,large,1,EXE,/home/kali/stego_dataset_expanded/stego_core_combined/XL-Synthetic_1_B__exe_large__lsb1.bmp,EXE,signature_mz,1,EXE,validated_mz_pe_header,1,3,1017856,little,4d 5a 90 00 03 00 00 00,2.938234,
extended_xl,XL-Synthetic_1_B__exe_large__lsb2.bmp,/home/kali/Desktop/stego_dataset_expanded/stego_core_combined/XL-Synthetic_1_B__exe_large__lsb2.bmp,XL-Synthetic_1_B.bmp,XL-Synthetic,1,B,bmp,P06.exe,exe,large,2,EXE,/home/kali/stego_dataset_expanded/stego_core_combined/XL-Synthetic_1_B__exe_large__lsb2.bmp,EXE,signature_mz,1,EXE,validated_mz_pe_header,1,4,1017856,little,4d 5a 90 00 03 00 00 00,2.772374,
extended_xl,XL-Synthetic_1_B__exe_large__lsb3.bmp,/home/kali/Desktop/stego_dataset_expanded/stego_core_combined/XL-Synthetic_1_B__exe_large__lsb3.bmp,XL-Synthetic_1_B.bmp,XL-Synthetic,1,B,bmp,P06.exe,exe,large,3,EXE,/home/kali/stego_dataset_expanded/stego_core_combined/XL-Synthetic_1_B__exe_large__lsb3.bmp,EXE,signature_mz,1,EXE,validated_mz_pe_header,1,4,1017856,little,4d 5a 90 00 03 00 00 00,2.696168,
extended_xl,XL-Synthetic_1_B__exe_medium__lsb1.bmp,/home/kali/Desktop/stego_dataset_expanded/stego_core_combined/XL-Synthetic_1_B__exe_medium__lsb1.bmp,XL-Synthetic_1_B.bmp,XL-Synthetic,1,B,bmp,P06.exe,exe,medium,1,EXE,/home/kali/stego_dataset_expanded/stego_core_combined/XL-Synthetic_1_B__exe_medium__lsb1.bmp,EXE,signature_mz,1,EXE,validated_mz_pe_header,1,3,505856,little,4d 5a 90 00 03 00 00 00,2.738648,
extended_xl,XL-Synthetic_1_B__exe_medium__lsb2.bmp,/home/kali/Desktop/stego_dataset_expanded/stego_core_combined/XL-Synthetic_1_B__exe_medium__lsb2.bmp,XL-Synthetic_1_B.bmp,XL-Synthetic,1,B,bmp,P06.exe,exe,medium,2,EXE,/home/kali/stego_dataset_expanded/stego_core_combined/XL-Synthetic_1_B__exe_medium__lsb2.bmp,EXE,signature_mz,1,EXE,validated_mz_pe_header,1,4,505856,little,4d 5a 90 00 03 00 00 00,2.572845,
extended_xl,XL-Synthetic_1_B__exe_medium__lsb3.bmp,/home/kali/Desktop/stego_dataset_expanded/stego_core_combined/XL-Synthetic_1_B__exe_medium__lsb3.bmp,XL-Synthetic_1_B.bmp,XL-Synthetic,1,B,bmp,P06.exe,exe,medium,3,EXE,/home/kali/stego_dataset_expanded/stego_core_combined/XL-Synthetic_1_B__exe_medium__lsb3.bmp,EXE,signature_mz,1,EXE,validated_mz_pe_header,1,4,505856,little,4d 5a 90 00 03 00 00 00,2.656952,
extended_xl,XL-Synthetic_1_B__exe_small__lsb1.bmp,/home/kali/Desktop/stego_dataset_expanded/stego_core_combined/XL-Synthetic_1_B__exe_small__lsb1.bmp,XL-Synthetic_1_B.bmp,XL-Synthetic,1,B,bmp,P06.exe,exe,small,1,EXE,/home/kali/stego_dataset_expanded/stego_core_combined/XL-Synthetic_1_B__exe_small__lsb1.bmp,EXE,signature_mz,1,EXE,validated_mz_pe_header,1,3,40448,little,4d 5a 90 00 03 00 00 00,2.584733,
extended_xl,XL-Synthetic_1_B__exe_small__lsb2.bmp,/home/kali/Desktop/stego_dataset_expanded/stego_core_combined/XL-Synthetic_1_B__exe_small__lsb2.bmp,XL-Synthetic_1_B.bmp,XL-Synthetic,1,B,bmp,P06.exe,exe,small,2,EXE,/home/kali/stego_dataset_expanded/stego_core_combined/XL-Synthetic_1_B__exe_small__lsb2.bmp,EXE,signature_mz,1,EXE,validated_mz_pe_header,1,4,40448,little,4d 5a 90 00 03 00 00 00,2.704141,
extended_xl,XL-Synthetic_1_B__exe_small__lsb3.bmp,/home/kali/Desktop/stego_dataset_expanded/stego_core_combined/XL-Synthetic_1_B__exe_small__lsb3.bmp,XL-Synthetic_1_B.bmp,XL-Synthetic,1,B,bmp,P06.exe,exe,small,3,EXE,/home/kali/stego_dataset_expanded/stego_core_combined/XL-Synthetic_1_B__exe_small__lsb3.bmp,EXE,signature_mz,1,EXE,validated_mz_pe_header,1,4,40448,little,4d 5a 90 00 03 00 00 00,2.480165,
extended_xl,XL-Synthetic_1_B__pdf_large__lsb1.bmp,/home/kali/Desktop/stego_dataset_expanded/stego_core_combined/XL-Synthetic_1_B__pdf_large__lsb1.bmp,XL-Synthetic_1_B.bmp,XL-Synthetic,1,B,bmp,P02.pdf,pdf,large,1,PDF,/home/kali/stego_dataset_expanded/stego_core_combined/XL-Synthetic_1_B__pdf_large__lsb1.bmp,PDF,signature_pdf,1,PDF,validated_pdf_startxref_eof,1,3,1100144,little,25 50 44 46 2d 31 2e 33,2.982384,
extended_xl,XL-Synthetic_1_B__pdf_large__lsb2.bmp,/home/kali/Desktop/stego_dataset_expanded/stego_core_combined/XL-Synthetic_1_B__pdf_large__lsb2.bmp,XL-Synthetic_1_B.bmp,XL-Synthetic,1,B,bmp,P02.pdf,pdf,large,2,PDF,/home/kali/stego_dataset_expanded/stego_core_combined/XL-Synthetic_1_B__pdf_large__lsb2.bmp,PDF,signature_pdf,1,PDF,validated_pdf_startxref_eof,1,4,1100144,little,25 50 44 46 2d 31 2e 33,2.944109,
extended_xl,XL-Synthetic_1_B__pdf_large__lsb3.bmp,/home/kali/Desktop/stego_dataset_expanded/stego_core_combined/XL-Synthetic_1_B__pdf_large__lsb3.bmp,XL-Synthetic_1_B.bmp,XL-Synthetic,1,B,bmp,P02.pdf,pdf,large,3,PDF,/home/kali/stego_dataset_expanded/stego_core_combined/XL-Synthetic_1_B__pdf_large__lsb3.bmp,PDF,signature_pdf,1,PDF,validated_pdf_startxref_eof,1,4,1100144,little,25 50 44 46 2d 31 2e 33,2.845469,
extended_xl,XL-Synthetic_1_B__pdf_medium__lsb1.bmp,/home/kali/Desktop/stego_dataset_expanded/stego_core_combined/XL-Synthetic_1_B__pdf_medium__lsb1.bmp,XL-Synthetic_1_B.bmp,XL-Synthetic,1,B,bmp,P02.pdf,pdf,medium,1,PDF,/home/kali/stego_dataset_expanded/stego_core_combined/XL-Synthetic_1_B__pdf_medium__lsb1.bmp,PDF,signature_pdf,1,PDF,validated_pdf_startxref_eof,1,3,510410,little,25 50 44 46 2d 31 2e 37,3.085684,
extended_xl,XL-Synthetic_1_B__pdf_medium__lsb2.bmp,/home/kali/Desktop/stego_dataset_expanded/stego_core_combined/XL-Synthetic_1_B__pdf_medium__lsb2.bmp,XL-Synthetic_1_B.bmp,XL-Synthetic,1,B,bmp,P02.pdf,pdf,medium,2,PDF,/home/kali/stego_dataset_expanded/stego_core_combined/XL-Synthetic_1_B__pdf_medium__lsb2.bmp,PDF,signature_pdf,1,PDF,validated_pdf_startxref_eof,1,4,510410,little,25 50 44 46 2d 31 2e 37,3.896218,
extended_xl,XL-Synthetic_1_B__pdf_medium__lsb3.bmp,/home/kali/Desktop/stego_dataset_expanded/stego_core_combined/XL-Synthetic_1_B__pdf_medium__lsb3.bmp,XL-Synthetic_1_B.bmp,XL-Synthetic,1,B,bmp,P02.pdf,pdf,medium,3,PDF,/home/kali/stego_dataset_expanded/stego_core_combined/XL-Synthetic_1_B__pdf_medium__lsb3.bmp,PDF,signature_pdf,1,PDF,validated_pdf_startxref_eof,1,4,510410,little,25 50 44 46 2d 31 2e 37,2.874615,
extended_xl,XL-Synthetic_1_B__pdf_small__lsb1.bmp,/home/kali/Desktop/stego_dataset_expanded/stego_core_combined/XL-Synthetic_1_B__pdf_small__lsb1.bmp,XL-Synthetic_1_B.bmp,XL-Synthetic,1,B,bmp,P02.pdf,pdf,small,1,PDF,/home/kali/stego_dataset_expanded/stego_core_combined/XL-Synthetic_1_B__pdf_small__lsb1.bmp,PDF,signature_pdf,1,PDF,validated_pdf_startxref_eof,1,3,16620,little,25 50 44 46 2d 31 2e 37,2.764925,
extended_xl,XL-Synthetic_1_B__pdf_small__lsb2.bmp,/home/kali/Desktop/stego_dataset_expanded/stego_core_combined/XL-Synthetic_1_B__pdf_small__lsb2.bmp,XL-Synthetic_1_B.bmp,XL-Synthetic,1,B,bmp,P02.pdf,pdf,small,2,PDF,/home/kali/stego_dataset_expanded/stego_core_combined/XL-Synthetic_1_B__pdf_small__lsb2.bmp,PDF,signature_pdf,1,PDF,validated_pdf_startxref_eof,1,4,16620,little,25 50 44 46 2d 31 2e 37,2.642163,
extended_xl,XL-Synthetic_1_B__pdf_small__lsb3.bmp,/home/kali/Desktop/stego_dataset_expanded/stego_core_combined/XL-Synthetic_1_B__pdf_small__lsb3.bmp,XL-Synthetic_1_B.bmp,XL-Synthetic,1,B,bmp,P02.pdf,pdf,small,3,PDF,/home/kali/stego_dataset_expanded/stego_core_combined/XL-Synthetic_1_B__pdf_small__lsb3.bmp,PDF,signature_pdf,1,PDF,validated_pdf_startxref_eof,1,4,16620,little,25 50 44 46 2d 31 2e 37,2.670698,
extended_xl,XL-Synthetic_1_B__pptx_large__lsb1.bmp,/home/kali/Desktop/stego_dataset_expanded/stego_core_combined/XL-Synthetic_1_B__pptx_large__lsb1.bmp,XL-Synthetic_1_B.bmp,XL-Synthetic,1,B,bmp,P04.pptx,pptx,large,1,PPTX,/home/kali/stego_dataset_expanded/stego_core_combined/XL-Synthetic_1_B__pptx_large__lsb1.bmp,ZIP,signature_pk_zip,0,PPTX,validated_ooxml_pptx,1,3,1082610,little,50 4b 03 04 14 00 06 00,3.100407,
extended_xl,XL-Synthetic_1_B__pptx_large__lsb2.bmp,/home/kali/Desktop/stego_dataset_expanded/stego_core_combined/XL-Synthetic_1_B__pptx_large__lsb2.bmp,XL-Synthetic_1_B.bmp,XL-Synthetic,1,B,bmp,P04.pptx,pptx,large,2,PPTX,/home/kali/stego_dataset_expanded/stego_core_combined/XL-Synthetic_1_B__pptx_large__lsb2.bmp,ZIP,signature_pk_zip,0,PPTX,validated_ooxml_pptx,1,4,1082610,little,50 4b 03 04 14 00 06 00,2.942277,
extended_xl,XL-Synthetic_1_B__pptx_large__lsb3.bmp,/home/kali/Desktop/stego_dataset_expanded/stego_core_combined/XL-Synthetic_1_B__pptx_large__lsb3.bmp,XL-Synthetic_1_B.bmp,XL-Synthetic,1,B,bmp,P04.pptx,pptx,large,3,PPTX,/home/kali/stego_dataset_expanded/stego_core_combined/XL-Synthetic_1_B__pptx_large__lsb3.bmp,ZIP,signature_pk_zip,0,PPTX,validated_ooxml_pptx,1,4,1082610,little,50 4b 03 04 14 00 06 00,2.842358,
extended_xl,XL-Synthetic_1_B__pptx_medium__lsb1.bmp,/home/kali/Desktop/stego_dataset_expanded/stego_core_combined/XL-Synthetic_1_B__pptx_medium__lsb1.bmp,XL-Synthetic_1_B.bmp,XL-Synthetic,1,B,bmp,P04.pptx,pptx,medium,1,PPTX,/home/kali/stego_dataset_expanded/stego_core_combined/XL-Synthetic_1_B__pptx_medium__lsb1.bmp,ZIP,signature_pk_zip,0,PPTX,validated_ooxml_pptx,1,3,512113,little,50 4b 03 04 14 00 06 00,2.917888,
extended_xl,XL-Synthetic_1_B__pptx_medium__lsb2.bmp,/home/kali/Desktop/stego_dataset_expanded/stego_core_combined/XL-Synthetic_1_B__pptx_medium__lsb2.bmp,XL-Synthetic_1_B.bmp,XL-Synthetic,1,B,bmp,P04.pptx,pptx,medium,2,PPTX,/home/kali/stego_dataset_expanded/stego_core_combined/XL-Synthetic_1_B__pptx_medium__lsb2.bmp,ZIP,signature_pk_zip,0,PPTX,validated_ooxml_pptx,1,4,512113,little,50 4b 03 04 14 00 06 00,2.872893,
extended_xl,XL-Synthetic_1_B__pptx_medium__lsb3.bmp,/home/kali/Desktop/stego_dataset_expanded/stego_core_combined/XL-Synthetic_1_B__pptx_medium__lsb3.bmp,XL-Synthetic_1_B.bmp,XL-Synthetic,1,B,bmp,P04.pptx,pptx,medium,3,PPTX,/home/kali/stego_dataset_expanded/stego_core_combined/XL-Synthetic_1_B__pptx_medium__lsb3.bmp,ZIP,signature_pk_zip,0,PPTX,validated_ooxml_pptx,1,4,512113,little,50 4b 03 04 14 00 06 00,2.824466,
extended_xl,XL-Synthetic_1_B__pptx_small__lsb1.bmp,/home/kali/Desktop/stego_dataset_expanded/stego_core_combined/XL-Synthetic_1_B__pptx_small__lsb1.bmp,XL-Synthetic_1_B.bmp,XL-Synthetic,1,B,bmp,P04.pptx,pptx,small,1,PPTX,/home/kali/stego_dataset_expanded/stego_core_combined/XL-Synthetic_1_B__pptx_small__lsb1.bmp,ZIP,signature_pk_zip,0,PPTX,validated_ooxml_pptx,1,3,32020,little,50 4b 03 04 14 00 06 00,2.756645,
extended_xl,XL-Synthetic_1_B__pptx_small__lsb2.bmp,/home/kali/Desktop/stego_dataset_expanded/stego_core_combined/XL-Synthetic_1_B__pptx_small__lsb2.bmp,XL-Synthetic_1_B.bmp,XL-Synthetic,1,B,bmp,P04.pptx,pptx,small,2,PPTX,/home/kali/stego_dataset_expanded/stego_core_combined/XL-Synthetic_1_B__pptx_small__lsb2.bmp,ZIP,signature_pk_zip,0,PPTX,validated_ooxml_pptx,1,4,32020,little,50 4b 03 04 14 00 06 00,2.717019,
extended_xl,XL-Synthetic_1_B__pptx_small__lsb3.bmp,/home/kali/Desktop/stego_dataset_expanded/stego_core_combined/XL-Synthetic_1_B__pptx_small__lsb3.bmp,XL-Synthetic_1_B.bmp,XL-Synthetic,1,B,bmp,P04.pptx,pptx,small,3,PPTX,/home/kali/stego_dataset_expanded/stego_core_combined/XL-Synthetic_1_B__pptx_small__lsb3.bmp,ZIP,signature_pk_zip,0,PPTX,validated_ooxml_pptx,1,4,32020,little,50 4b 03 04 14 00 06 00,2.775781,
extended_xl,XL-Synthetic_1_B__rtf_large__lsb1.bmp,/home/kali/Desktop/stego_dataset_expanded/stego_core_combined/XL-Synthetic_1_B__rtf_large__lsb1.bmp,XL-Synthetic_1_B.bmp,XL-Synthetic,1,B,bmp,P05.rtf,rtf,large,1,RTF,/home/kali/stego_dataset_expanded/stego_core_combined/XL-Synthetic_1_B__rtf_large__lsb1.bmp,RTF,signature_rtf,1,RTF,validated_rtf_structure,1,3,1085026,little,7b 5c 72 74 66 31 5c 61,3.160999,
extended_xl,XL-Synthetic_1_B__rtf_large__lsb2.bmp,/home/kali/Desktop/stego_dataset_expanded/stego_core_combined/XL-Synthetic_1_B__rtf_large__lsb2.bmp,XL-Synthetic_1_B.bmp,XL-Synthetic,1,B,bmp,P05.rtf,rtf,large,2,RTF,/home/kali/stego_dataset_expanded/stego_core_combined/XL-Synthetic_1_B__rtf_large__lsb2.bmp,RTF,signature_rtf,1,RTF,validated_rtf_structure,1,4,1085026,little,7b 5c 72 74 66 31 5c 61,2.972819,
extended_xl,XL-Synthetic_1_B__rtf_large__lsb3.bmp,/home/kali/Desktop/stego_dataset_expanded/stego_core_combined/XL-Synthetic_1_B__rtf_large__lsb3.bmp,XL-Synthetic_1_B.bmp,XL-Synthetic,1,B,bmp,P05.rtf,rtf,large,3,RTF,/home/kali/stego_dataset_expanded/stego_core_combined/XL-Synthetic_1_B__rtf_large__lsb3.bmp,RTF,signature_rtf,1,RTF,validated_rtf_structure,1,4,1085026,little,7b 5c 72 74 66 31 5c 61,2.971439,
extended_xl,XL-Synthetic_1_B__rtf_medium__lsb1.bmp,/home/kali/Desktop/stego_dataset_expanded/stego_core_combined/XL-Synthetic_1_B__rtf_medium__lsb1.bmp,XL-Synthetic_1_B.bmp,XL-Synthetic,1,B,bmp,P05.rtf,rtf,medium,1,RTF,/home/kali/stego_dataset_expanded/stego_core_combined/XL-Synthetic_1_B__rtf_medium__lsb1.bmp,RTF,signature_rtf,1,RTF,validated_rtf_structure,1,3,511504,little,7b 5c 72 74 66 31 5c 61,2.932692,
extended_xl,XL-Synthetic_1_B__rtf_medium__lsb2.bmp,/home/kali/Desktop/stego_dataset_expanded/stego_core_combined/XL-Synthetic_1_B__rtf_medium__lsb2.bmp,XL-Synthetic_1_B.bmp,XL-Synthetic,1,B,bmp,P05.rtf,rtf,medium,2,RTF,/home/kali/stego_dataset_expanded/stego_core_combined/XL-Synthetic_1_B__rtf_medium__lsb2.bmp,RTF,signature_rtf,1,RTF,validated_rtf_structure,1,4,511504,little,7b 5c 72 74 66 31 5c 61,2.825734,
extended_xl,XL-Synthetic_1_B__rtf_medium__lsb3.bmp,/home/kali/Desktop/stego_dataset_expanded/stego_core_combined/XL-Synthetic_1_B__rtf_medium__lsb3.bmp,XL-Synthetic_1_B.bmp,XL-Synthetic,1,B,bmp,P05.rtf,rtf,medium,3,RTF,/home/kali/stego_dataset_expanded/stego_core_combined/XL-Synthetic_1_B__rtf_medium__lsb3.bmp,RTF,signature_rtf,1,RTF,validated_rtf_structure,1,4,511504,little,7b 5c 72 74 66 31 5c 61,2.837587,
extended_xl,XL-Synthetic_1_B__rtf_small__lsb1.bmp,/home/kali/Desktop/stego_dataset_expanded/stego_core_combined/XL-Synthetic_1_B__rtf_small__lsb1.bmp,XL-Synthetic_1_B.bmp,XL-Synthetic,1,B,bmp,P05.rtf,rtf,small,1,RTF,/home/kali/stego_dataset_expanded/stego_core_combined/XL-Synthetic_1_B__rtf_small__lsb1.bmp,RTF,signature_rtf,1,RTF,validated_rtf_structure,1,3,50275,little,7b 5c 72 74 66 31 5c 61,2.810464,
extended_xl,XL-Synthetic_1_B__rtf_small__lsb2.bmp,/home/kali/Desktop/stego_dataset_expanded/stego_core_combined/XL-Synthetic_1_B__rtf_small__lsb2.bmp,XL-Synthetic_1_B.bmp,XL-Synthetic,1,B,bmp,P05.rtf,rtf,small,2,RTF,/home/kali/stego_dataset_expanded/stego_core_combined/XL-Synthetic_1_B__rtf_small__lsb2.bmp,RTF,signature_rtf,1,RTF,validated_rtf_structure,1,4,50275,little,7b 5c 72 74 66 31 5c 61,3.414760,
extended_xl,XL-Synthetic_1_B__rtf_small__lsb3.bmp,/home/kali/Desktop/stego_dataset_expanded/stego_core_combined/XL-Synthetic_1_B__rtf_small__lsb3.bmp,XL-Synthetic_1_B.bmp,XL-Synthetic,1,B,bmp,P05.rtf,rtf,small,3,RTF,/home/kali/stego_dataset_expanded/stego_core_combined/XL-Synthetic_1_B__rtf_small__lsb3.bmp,RTF,signature_rtf,1,RTF,validated_rtf_structure,1,4,50275,little,7b 5c 72 74 66 31 5c 61,2.735155,
extended_xl,XL-Synthetic_1_B__xlsx_large__lsb1.bmp,/home/kali/Desktop/stego_dataset_expanded/stego_core_combined/XL-Synthetic_1_B__xlsx_large__lsb1.bmp,XL-Synthetic_1_B.bmp,XL-Synthetic,1,B,bmp,P03.xlsx,xlsx,large,1,XLSX,/home/kali/stego_dataset_expanded/stego_core_combined/XL-Synthetic_1_B__xlsx_large__lsb1.bmp,ZIP,signature_pk_zip,0,XLSX,validated_ooxml_xlsx,1,3,1090468,little,50 4b 03 04 14 00 06 00,3.343342,
extended_xl,XL-Synthetic_1_B__xlsx_large__lsb2.bmp,/home/kali/Desktop/stego_dataset_expanded/stego_core_combined/XL-Synthetic_1_B__xlsx_large__lsb2.bmp,XL-Synthetic_1_B.bmp,XL-Synthetic,1,B,bmp,P03.xlsx,xlsx,large,2,XLSX,/home/kali/stego_dataset_expanded/stego_core_combined/XL-Synthetic_1_B__xlsx_large__lsb2.bmp,ZIP,signature_pk_zip,0,XLSX,validated_ooxml_xlsx,1,4,1090468,little,50 4b 03 04 14 00 06 00,3.039191,
extended_xl,XL-Synthetic_1_B__xlsx_large__lsb3.bmp,/home/kali/Desktop/stego_dataset_expanded/stego_core_combined/XL-Synthetic_1_B__xlsx_large__lsb3.bmp,XL-Synthetic_1_B.bmp,XL-Synthetic,1,B,bmp,P03.xlsx,xlsx,large,3,XLSX,/home/kali/stego_dataset_expanded/stego_core_combined/XL-Synthetic_1_B__xlsx_large__lsb3.bmp,ZIP,signature_pk_zip,0,XLSX,validated_ooxml_xlsx,1,4,1090468,little,50 4b 03 04 14 00 06 00,2.913672,
extended_xl,XL-Synthetic_1_B__xlsx_medium__lsb1.bmp,/home/kali/Desktop/stego_dataset_expanded/stego_core_combined/XL-Synthetic_1_B__xlsx_medium__lsb1.bmp,XL-Synthetic_1_B.bmp,XL-Synthetic,1,B,bmp,P03.xlsx,xlsx,medium,1,XLSX,/home/kali/stego_dataset_expanded/stego_core_combined/XL-Synthetic_1_B__xlsx_medium__lsb1.bmp,ZIP,signature_pk_zip,0,XLSX,validated_ooxml_xlsx,1,3,511280,little,50 4b 03 04 14 00 06 00,3.000304,
extended_xl,XL-Synthetic_1_B__xlsx_medium__lsb2.bmp,/home/kali/Desktop/stego_dataset_expanded/stego_core_combined/XL-Synthetic_1_B__xlsx_medium__lsb2.bmp,XL-Synthetic_1_B.bmp,XL-Synthetic,1,B,bmp,P03.xlsx,xlsx,medium,2,XLSX,/home/kali/stego_dataset_expanded/stego_core_combined/XL-Synthetic_1_B__xlsx_medium__lsb2.bmp,ZIP,signature_pk_zip,0,XLSX,validated_ooxml_xlsx,1,4,511280,little,50 4b 03 04 14 00 06 00,2.865202,
extended_xl,XL-Synthetic_1_B__xlsx_medium__lsb3.bmp,/home/kali/Desktop/stego_dataset_expanded/stego_core_combined/XL-Synthetic_1_B__xlsx_medium__lsb3.bmp,XL-Synthetic_1_B.bmp,XL-Synthetic,1,B,bmp,P03.xlsx,xlsx,medium,3,XLSX,/home/kali/stego_dataset_expanded/stego_core_combined/XL-Synthetic_1_B__xlsx_medium__lsb3.bmp,ZIP,signature_pk_zip,0,XLSX,validated_ooxml_xlsx,1,4,511280,little,50 4b 03 04 14 00 06 00,2.801356,
extended_xl,XL-Synthetic_1_B__xlsx_small__lsb1.bmp,/home/kali/Desktop/stego_dataset_expanded/stego_core_combined/XL-Synthetic_1_B__xlsx_small__lsb1.bmp,XL-Synthetic_1_B.bmp,XL-Synthetic,1,B,bmp,P03.xlsx,xlsx,small,1,XLSX,/home/kali/stego_dataset_expanded/stego_core_combined/XL-Synthetic_1_B__xlsx_small__lsb1.bmp,ZIP,signature_pk_zip,0,XLSX,validated_ooxml_xlsx,1,3,8899,little,50 4b 03 04 14 00 06 00,2.742833,
extended_xl,XL-Synthetic_1_B__xlsx_small__lsb2.bmp,/home/kali/Desktop/stego_dataset_expanded/stego_core_combined/XL-Synthetic_1_B__xlsx_small__lsb2.bmp,XL-Synthetic_1_B.bmp,XL-Synthetic,1,B,bmp,P03.xlsx,xlsx,small,2,XLSX,/home/kali/stego_dataset_expanded/stego_core_combined/XL-Synthetic_1_B__xlsx_small__lsb2.bmp,ZIP,signature_pk_zip,0,XLSX,validated_ooxml_xlsx,1,4,8899,little,50 4b 03 04 14 00 06 00,2.511531,
extended_xl,XL-Synthetic_1_B__xlsx_small__lsb3.bmp,/home/kali/Desktop/stego_dataset_expanded/stego_core_combined/XL-Synthetic_1_B__xlsx_small__lsb3.bmp,XL-Synthetic_1_B.bmp,XL-Synthetic,1,B,bmp,P03.xlsx,xlsx,small,3,XLSX,/home/kali/stego_dataset_expanded/stego_core_combined/XL-Synthetic_1_B__xlsx_small__lsb3.bmp,ZIP,signature_pk_zip,0,XLSX,validated_ooxml_xlsx,1,4,8899,little,50 4b 03 04 14 00 06 00,2.661869,
extended_xl,XL-Synthetic_1_P__docx_large__lsb3.png,/home/kali/Desktop/stego_dataset_expanded/stego_core_combined/XL-Synthetic_1_P__docx_large__lsb3.png,XL-Synthetic_1_P.png,XL-Synthetic,1,P,png,P01.docx,docx,large,3,DOCX,/home/kali/stego_dataset_expanded/stego_core_combined/XL-Synthetic_1_P__docx_large__lsb3.png,ZIP,signature_pk_zip,0,DOCX,validated_ooxml_docx,1,3,1121154,little,50 4b 03 04 14 00 06 00,0.702000,
extended_xl,XL-Synthetic_1_P__docx_medium__lsb2.png,/home/kali/Desktop/stego_dataset_expanded/stego_core_combined/XL-Synthetic_1_P__docx_medium__lsb2.png,XL-Synthetic_1_P.png,XL-Synthetic,1,P,png,P01.docx,docx,medium,2,DOCX,/home/kali/stego_dataset_expanded/stego_core_combined/XL-Synthetic_1_P__docx_medium__lsb2.png,ZIP,signature_pk_zip,0,DOCX,validated_ooxml_docx,1,3,511127,little,50 4b 03 04 14 00 06 00,0.612132,
extended_xl,XL-Synthetic_1_P__docx_medium__lsb3.png,/home/kali/Desktop/stego_dataset_expanded/stego_core_combined/XL-Synthetic_1_P__docx_medium__lsb3.png,XL-Synthetic_1_P.png,XL-Synthetic,1,P,png,P01.docx,docx,medium,3,DOCX,/home/kali/stego_dataset_expanded/stego_core_combined/XL-Synthetic_1_P__docx_medium__lsb3.png,ZIP,signature_pk_zip,0,DOCX,validated_ooxml_docx,1,3,511127,little,50 4b 03 04 14 00 06 00,0.580581,
extended_xl,XL-Synthetic_1_P__docx_small__lsb1.png,/home/kali/Desktop/stego_dataset_expanded/stego_core_combined/XL-Synthetic_1_P__docx_small__lsb1.png,XL-Synthetic_1_P.png,XL-Synthetic,1,P,png,P01.docx,docx,small,1,DOCX,/home/kali/stego_dataset_expanded/stego_core_combined/XL-Synthetic_1_P__docx_small__lsb1.png,ZIP,signature_pk_zip,0,DOCX,validated_ooxml_docx,1,3,13432,little,50 4b 03 04 14 00 06 00,0.544147,
extended_xl,XL-Synthetic_1_P__docx_small__lsb2.png,/home/kali/Desktop/stego_dataset_expanded/stego_core_combined/XL-Synthetic_1_P__docx_small__lsb2.png,XL-Synthetic_1_P.png,XL-Synthetic,1,P,png,P01.docx,docx,small,2,DOCX,/home/kali/stego_dataset_expanded/stego_core_combined/XL-Synthetic_1_P__docx_small__lsb2.png,ZIP,signature_pk_zip,0,DOCX,validated_ooxml_docx,1,3,13432,little,50 4b 03 04 14 00 06 00,0.488316,
extended_xl,XL-Synthetic_1_P__docx_small__lsb3.png,/home/kali/Desktop/stego_dataset_expanded/stego_core_combined/XL-Synthetic_1_P__docx_small__lsb3.png,XL-Synthetic_1_P.png,XL-Synthetic,1,P,png,P01.docx,docx,small,3,DOCX,/home/kali/stego_dataset_expanded/stego_core_combined/XL-Synthetic_1_P__docx_small__lsb3.png,ZIP,signature_pk_zip,0,DOCX,validated_ooxml_docx,1,3,13432,little,50 4b 03 04 14 00 06 00,0.497366,
extended_xl,XL-Synthetic_1_P__exe_large__lsb3.png,/home/kali/Desktop/stego_dataset_expanded/stego_core_combined/XL-Synthetic_1_P__exe_large__lsb3.png,XL-Synthetic_1_P.png,XL-Synthetic,1,P,png,P06.exe,exe,large,3,EXE,/home/kali/stego_dataset_expanded/stego_core_combined/XL-Synthetic_1_P__exe_large__lsb3.png,EXE,signature_mz,1,EXE,validated_mz_pe_header,1,3,1017856,little,4d 5a 90 00 03 00 00 00,0.664933,
extended_xl,XL-Synthetic_1_P__exe_medium__lsb2.png,/home/kali/Desktop/stego_dataset_expanded/stego_core_combined/XL-Synthetic_1_P__exe_medium__lsb2.png,XL-Synthetic_1_P.png,XL-Synthetic,1,P,png,P06.exe,exe,medium,2,EXE,/home/kali/stego_dataset_expanded/stego_core_combined/XL-Synthetic_1_P__exe_medium__lsb2.png,EXE,signature_mz,1,EXE,validated_mz_pe_header,1,3,505856,little,4d 5a 90 00 03 00 00 00,0.638761,
extended_xl,XL-Synthetic_1_P__exe_medium__lsb3.png,/home/kali/Desktop/stego_dataset_expanded/stego_core_combined/XL-Synthetic_1_P__exe_medium__lsb3.png,XL-Synthetic_1_P.png,XL-Synthetic,1,P,png,P06.exe,exe,medium,3,EXE,/home/kali/stego_dataset_expanded/stego_core_combined/XL-Synthetic_1_P__exe_medium__lsb3.png,EXE,signature_mz,1,EXE,validated_mz_pe_header,1,3,505856,little,4d 5a 90 00 03 00 00 00,0.597899,
extended_xl,XL-Synthetic_1_P__exe_small__lsb1.png,/home/kali/Desktop/stego_dataset_expanded/stego_core_combined/XL-Synthetic_1_P__exe_small__lsb1.png,XL-Synthetic_1_P.png,XL-Synthetic,1,P,png,P06.exe,exe,small,1,EXE,/home/kali/stego_dataset_expanded/stego_core_combined/XL-Synthetic_1_P__exe_small__lsb1.png,EXE,signature_mz,1,EXE,validated_mz_pe_header,1,3,40448,little,4d 5a 90 00 03 00 00 00,0.531923,
extended_xl,XL-Synthetic_1_P__exe_small__lsb2.png,/home/kali/Desktop/stego_dataset_expanded/stego_core_combined/XL-Synthetic_1_P__exe_small__lsb2.png,XL-Synthetic_1_P.png,XL-Synthetic,1,P,png,P06.exe,exe,small,2,EXE,/home/kali/stego_dataset_expanded/stego_core_combined/XL-Synthetic_1_P__exe_small__lsb2.png,EXE,signature_mz,1,EXE,validated_mz_pe_header,1,3,40448,little,4d 5a 90 00 03 00 00 00,0.535434,
extended_xl,XL-Synthetic_1_P__exe_small__lsb3.png,/home/kali/Desktop/stego_dataset_expanded/stego_core_combined/XL-Synthetic_1_P__exe_small__lsb3.png,XL-Synthetic_1_P.png,XL-Synthetic,1,P,png,P06.exe,exe,small,3,EXE,/home/kali/stego_dataset_expanded/stego_core_combined/XL-Synthetic_1_P__exe_small__lsb3.png,EXE,signature_mz,1,EXE,validated_mz_pe_header,1,3,40448,little,4d 5a 90 00 03 00 00 00,0.483843,
extended_xl,XL-Synthetic_1_P__pdf_large__lsb3.png,/home/kali/Desktop/stego_dataset_expanded/stego_core_combined/XL-Synthetic_1_P__pdf_large__lsb3.png,XL-Synthetic_1_P.png,XL-Synthetic,1,P,png,P02.pdf,pdf,large,3,PDF,/home/kali/stego_dataset_expanded/stego_core_combined/XL-Synthetic_1_P__pdf_large__lsb3.png,PDF,signature_pdf,1,PDF,validated_pdf_startxref_eof,1,3,1100144,little,25 50 44 46 2d 31 2e 33,0.702548,
extended_xl,XL-Synthetic_1_P__pdf_medium__lsb2.png,/home/kali/Desktop/stego_dataset_expanded/stego_core_combined/XL-Synthetic_1_P__pdf_medium__lsb2.png,XL-Synthetic_1_P.png,XL-Synthetic,1,P,png,P02.pdf,pdf,medium,2,PDF,/home/kali/stego_dataset_expanded/stego_core_combined/XL-Synthetic_1_P__pdf_medium__lsb2.png,PDF,signature_pdf,1,PDF,validated_pdf_startxref_eof,1,3,510410,little,25 50 44 46 2d 31 2e 37,0.646354,
extended_xl,XL-Synthetic_1_P__pdf_medium__lsb3.png,/home/kali/Desktop/stego_dataset_expanded/stego_core_combined/XL-Synthetic_1_P__pdf_medium__lsb3.png,XL-Synthetic_1_P.png,XL-Synthetic,1,P,png,P02.pdf,pdf,medium,3,PDF,/home/kali/stego_dataset_expanded/stego_core_combined/XL-Synthetic_1_P__pdf_medium__lsb3.png,PDF,signature_pdf,1,PDF,validated_pdf_startxref_eof,1,3,510410,little,25 50 44 46 2d 31 2e 37,0.597293,
extended_xl,XL-Synthetic_1_P__pdf_small__lsb1.png,/home/kali/Desktop/stego_dataset_expanded/stego_core_combined/XL-Synthetic_1_P__pdf_small__lsb1.png,XL-Synthetic_1_P.png,XL-Synthetic,1,P,png,P02.pdf,pdf,small,1,PDF,/home/kali/stego_dataset_expanded/stego_core_combined/XL-Synthetic_1_P__pdf_small__lsb1.png,PDF,signature_pdf,1,PDF,validated_pdf_startxref_eof,1,3,16620,little,25 50 44 46 2d 31 2e 37,0.501701,
extended_xl,XL-Synthetic_1_P__pdf_small__lsb2.png,/home/kali/Desktop/stego_dataset_expanded/stego_core_combined/XL-Synthetic_1_P__pdf_small__lsb2.png,XL-Synthetic_1_P.png,XL-Synthetic,1,P,png,P02.pdf,pdf,small,2,PDF,/home/kali/stego_dataset_expanded/stego_core_combined/XL-Synthetic_1_P__pdf_small__lsb2.png,PDF,signature_pdf,1,PDF,validated_pdf_startxref_eof,1,3,16620,little,25 50 44 46 2d 31 2e 37,0.543628,
extended_xl,XL-Synthetic_1_P__pdf_small__lsb3.png,/home/kali/Desktop/stego_dataset_expanded/stego_core_combined/XL-Synthetic_1_P__pdf_small__lsb3.png,XL-Synthetic_1_P.png,XL-Synthetic,1,P,png,P02.pdf,pdf,small,3,PDF,/home/kali/stego_dataset_expanded/stego_core_combined/XL-Synthetic_1_P__pdf_small__lsb3.png,PDF,signature_pdf,1,PDF,validated_pdf_startxref_eof,1,3,16620,little,25 50 44 46 2d 31 2e 37,0.491178,
extended_xl,XL-Synthetic_1_P__pptx_large__lsb3.png,/home/kali/Desktop/stego_dataset_expanded/stego_core_combined/XL-Synthetic_1_P__pptx_large__lsb3.png,XL-Synthetic_1_P.png,XL-Synthetic,1,P,png,P04.pptx,pptx,large,3,PPTX,/home/kali/stego_dataset_expanded/stego_core_combined/XL-Synthetic_1_P__pptx_large__lsb3.png,ZIP,signature_pk_zip,0,PPTX,validated_ooxml_pptx,1,3,1082610,little,50 4b 03 04 14 00 06 00,0.663630,
extended_xl,XL-Synthetic_1_P__pptx_medium__lsb2.png,/home/kali/Desktop/stego_dataset_expanded/stego_core_combined/XL-Synthetic_1_P__pptx_medium__lsb2.png,XL-Synthetic_1_P.png,XL-Synthetic,1,P,png,P04.pptx,pptx,medium,2,PPTX,/home/kali/stego_dataset_expanded/stego_core_combined/XL-Synthetic_1_P__pptx_medium__lsb2.png,ZIP,signature_pk_zip,0,PPTX,validated_ooxml_pptx,1,3,512113,little,50 4b 03 04 14 00 06 00,0.638771,
extended_xl,XL-Synthetic_1_P__pptx_medium__lsb3.png,/home/kali/Desktop/stego_dataset_expanded/stego_core_combined/XL-Synthetic_1_P__pptx_medium__lsb3.png,XL-Synthetic_1_P.png,XL-Synthetic,1,P,png,P04.pptx,pptx,medium,3,PPTX,/home/kali/stego_dataset_expanded/stego_core_combined/XL-Synthetic_1_P__pptx_medium__lsb3.png,ZIP,signature_pk_zip,0,PPTX,validated_ooxml_pptx,1,3,512113,little,50 4b 03 04 14 00 06 00,0.632922,
extended_xl,XL-Synthetic_1_P__pptx_small__lsb1.png,/home/kali/Desktop/stego_dataset_expanded/stego_core_combined/XL-Synthetic_1_P__pptx_small__lsb1.png,XL-Synthetic_1_P.png,XL-Synthetic,1,P,png,P04.pptx,pptx,small,1,PPTX,/home/kali/stego_dataset_expanded/stego_core_combined/XL-Synthetic_1_P__pptx_small__lsb1.png,ZIP,signature_pk_zip,0,PPTX,validated_ooxml_pptx,1,3,32020,little,50 4b 03 04 14 00 06 00,0.518949,
extended_xl,XL-Synthetic_1_P__pptx_small__lsb2.png,/home/kali/Desktop/stego_dataset_expanded/stego_core_combined/XL-Synthetic_1_P__pptx_small__lsb2.png,XL-Synthetic_1_P.png,XL-Synthetic,1,P,png,P04.pptx,pptx,small,2,PPTX,/home/kali/stego_dataset_expanded/stego_core_combined/XL-Synthetic_1_P__pptx_small__lsb2.png,ZIP,signature_pk_zip,0,PPTX,validated_ooxml_pptx,1,3,32020,little,50 4b 03 04 14 00 06 00,0.505066,
extended_xl,XL-Synthetic_1_P__pptx_small__lsb3.png,/home/kali/Desktop/stego_dataset_expanded/stego_core_combined/XL-Synthetic_1_P__pptx_small__lsb3.png,XL-Synthetic_1_P.png,XL-Synthetic,1,P,png,P04.pptx,pptx,small,3,PPTX,/home/kali/stego_dataset_expanded/stego_core_combined/XL-Synthetic_1_P__pptx_small__lsb3.png,ZIP,signature_pk_zip,0,PPTX,validated_ooxml_pptx,1,3,32020,little,50 4b 03 04 14 00 06 00,0.520697,
extended_xl,XL-Synthetic_1_P__rtf_large__lsb3.png,/home/kali/Desktop/stego_dataset_expanded/stego_core_combined/XL-Synthetic_1_P__rtf_large__lsb3.png,XL-Synthetic_1_P.png,XL-Synthetic,1,P,png,P05.rtf,rtf,large,3,RTF,/home/kali/stego_dataset_expanded/stego_core_combined/XL-Synthetic_1_P__rtf_large__lsb3.png,RTF,signature_rtf,1,RTF,validated_rtf_structure,1,3,1085026,little,7b 5c 72 74 66 31 5c 61,0.677926,
extended_xl,XL-Synthetic_1_P__rtf_medium__lsb2.png,/home/kali/Desktop/stego_dataset_expanded/stego_core_combined/XL-Synthetic_1_P__rtf_medium__lsb2.png,XL-Synthetic_1_P.png,XL-Synthetic,1,P,png,P05.rtf,rtf,medium,2,RTF,/home/kali/stego_dataset_expanded/stego_core_combined/XL-Synthetic_1_P__rtf_medium__lsb2.png,RTF,signature_rtf,1,RTF,validated_rtf_structure,1,3,511504,little,7b 5c 72 74 66 31 5c 61,0.648187,
extended_xl,XL-Synthetic_1_P__rtf_medium__lsb3.png,/home/kali/Desktop/stego_dataset_expanded/stego_core_combined/XL-Synthetic_1_P__rtf_medium__lsb3.png,XL-Synthetic_1_P.png,XL-Synthetic,1,P,png,P05.rtf,rtf,medium,3,RTF,/home/kali/stego_dataset_expanded/stego_core_combined/XL-Synthetic_1_P__rtf_medium__lsb3.png,RTF,signature_rtf,1,RTF,validated_rtf_structure,1,3,511504,little,7b 5c 72 74 66 31 5c 61,0.614103,
extended_xl,XL-Synthetic_1_P__rtf_small__lsb1.png,/home/kali/Desktop/stego_dataset_expanded/stego_core_combined/XL-Synthetic_1_P__rtf_small__lsb1.png,XL-Synthetic_1_P.png,XL-Synthetic,1,P,png,P05.rtf,rtf,small,1,RTF,/home/kali/stego_dataset_expanded/stego_core_combined/XL-Synthetic_1_P__rtf_small__lsb1.png,RTF,signature_rtf,1,RTF,validated_rtf_structure,1,3,50275,little,7b 5c 72 74 66 31 5c 61,0.516753,
extended_xl,XL-Synthetic_1_P__rtf_small__lsb2.png,/home/kali/Desktop/stego_dataset_expanded/stego_core_combined/XL-Synthetic_1_P__rtf_small__lsb2.png,XL-Synthetic_1_P.png,XL-Synthetic,1,P,png,P05.rtf,rtf,small,2,RTF,/home/kali/stego_dataset_expanded/stego_core_combined/XL-Synthetic_1_P__rtf_small__lsb2.png,RTF,signature_rtf,1,RTF,validated_rtf_structure,1,3,50275,little,7b 5c 72 74 66 31 5c 61,0.516549,
extended_xl,XL-Synthetic_1_P__rtf_small__lsb3.png,/home/kali/Desktop/stego_dataset_expanded/stego_core_combined/XL-Synthetic_1_P__rtf_small__lsb3.png,XL-Synthetic_1_P.png,XL-Synthetic,1,P,png,P05.rtf,rtf,small,3,RTF,/home/kali/stego_dataset_expanded/stego_core_combined/XL-Synthetic_1_P__rtf_small__lsb3.png,RTF,signature_rtf,1,RTF,validated_rtf_structure,1,3,50275,little,7b 5c 72 74 66 31 5c 61,0.521442,
extended_xl,XL-Synthetic_1_P__xlsx_large__lsb3.png,/home/kali/Desktop/stego_dataset_expanded/stego_core_combined/XL-Synthetic_1_P__xlsx_large__lsb3.png,XL-Synthetic_1_P.png,XL-Synthetic,1,P,png,P03.xlsx,xlsx,large,3,XLSX,/home/kali/stego_dataset_expanded/stego_core_combined/XL-Synthetic_1_P__xlsx_large__lsb3.png,ZIP,signature_pk_zip,0,XLSX,validated_ooxml_xlsx,1,3,1090468,little,50 4b 03 04 14 00 06 00,0.687104,
extended_xl,XL-Synthetic_1_P__xlsx_medium__lsb2.png,/home/kali/Desktop/stego_dataset_expanded/stego_core_combined/XL-Synthetic_1_P__xlsx_medium__lsb2.png,XL-Synthetic_1_P.png,XL-Synthetic,1,P,png,P03.xlsx,xlsx,medium,2,XLSX,/home/kali/stego_dataset_expanded/stego_core_combined/XL-Synthetic_1_P__xlsx_medium__lsb2.png,ZIP,signature_pk_zip,0,XLSX,validated_ooxml_xlsx,1,3,511280,little,50 4b 03 04 14 00 06 00,0.634305,
extended_xl,XL-Synthetic_1_P__xlsx_medium__lsb3.png,/home/kali/Desktop/stego_dataset_expanded/stego_core_combined/XL-Synthetic_1_P__xlsx_medium__lsb3.png,XL-Synthetic_1_P.png,XL-Synthetic,1,P,png,P03.xlsx,xlsx,medium,3,XLSX,/home/kali/stego_dataset_expanded/stego_core_combined/XL-Synthetic_1_P__xlsx_medium__lsb3.png,ZIP,signature_pk_zip,0,XLSX,validated_ooxml_xlsx,1,3,511280,little,50 4b 03 04 14 00 06 00,0.578155,
extended_xl,XL-Synthetic_1_P__xlsx_small__lsb1.png,/home/kali/Desktop/stego_dataset_expanded/stego_core_combined/XL-Synthetic_1_P__xlsx_small__lsb1.png,XL-Synthetic_1_P.png,XL-Synthetic,1,P,png,P03.xlsx,xlsx,small,1,XLSX,/home/kali/stego_dataset_expanded/stego_core_combined/XL-Synthetic_1_P__xlsx_small__lsb1.png,ZIP,signature_pk_zip,0,XLSX,validated_ooxml_xlsx,1,3,8899,little,50 4b 03 04 14 00 06 00,0.537692,
extended_xl,XL-Synthetic_1_P__xlsx_small__lsb2.png,/home/kali/Desktop/stego_dataset_expanded/stego_core_combined/XL-Synthetic_1_P__xlsx_small__lsb2.png,XL-Synthetic_1_P.png,XL-Synthetic,1,P,png,P03.xlsx,xlsx,small,2,XLSX,/home/kali/stego_dataset_expanded/stego_core_combined/XL-Synthetic_1_P__xlsx_small__lsb2.png,ZIP,signature_pk_zip,0,XLSX,validated_ooxml_xlsx,1,3,8899,little,50 4b 03 04 14 00 06 00,0.526758,
extended_xl,XL-Synthetic_1_P__xlsx_small__lsb3.png,/home/kali/Desktop/stego_dataset_expanded/stego_core_combined/XL-Synthetic_1_P__xlsx_small__lsb3.png,XL-Synthetic_1_P.png,XL-Synthetic,1,P,png,P03.xlsx,xlsx,small,3,XLSX,/home/kali/stego_dataset_expanded/stego_core_combined/XL-Synthetic_1_P__xlsx_small__lsb3.png,ZIP,signature_pk_zip,0,XLSX,validated_ooxml_xlsx,1,3,8899,little,50 4b 03 04 14 00 06 00,0.536042,
extended_xl,XL-Synthetic_2_B__docx_large__lsb1.bmp,/home/kali/Desktop/stego_dataset_expanded/stego_core_combined/XL-Synthetic_2_B__docx_large__lsb1.bmp,XL-Synthetic_2_B.bmp,XL-Synthetic,2,B,bmp,P01.docx,docx,large,1,DOCX,/home/kali/stego_dataset_expanded/stego_core_combined/XL-Synthetic_2_B__docx_large__lsb1.bmp,ZIP,signature_pk_zip,0,DOCX,validated_ooxml_docx,1,3,1121154,little,50 4b 03 04 14 00 06 00,3.147788,
extended_xl,XL-Synthetic_2_B__docx_large__lsb2.bmp,/home/kali/Desktop/stego_dataset_expanded/stego_core_combined/XL-Synthetic_2_B__docx_large__lsb2.bmp,XL-Synthetic_2_B.bmp,XL-Synthetic,2,B,bmp,P01.docx,docx,large,2,DOCX,/home/kali/stego_dataset_expanded/stego_core_combined/XL-Synthetic_2_B__docx_large__lsb2.bmp,ZIP,signature_pk_zip,0,DOCX,validated_ooxml_docx,1,4,1121154,little,50 4b 03 04 14 00 06 00,2.975244,
extended_xl,XL-Synthetic_2_B__docx_large__lsb3.bmp,/home/kali/Desktop/stego_dataset_expanded/stego_core_combined/XL-Synthetic_2_B__docx_large__lsb3.bmp,XL-Synthetic_2_B.bmp,XL-Synthetic,2,B,bmp,P01.docx,docx,large,3,DOCX,/home/kali/stego_dataset_expanded/stego_core_combined/XL-Synthetic_2_B__docx_large__lsb3.bmp,ZIP,signature_pk_zip,0,DOCX,validated_ooxml_docx,1,4,1121154,little,50 4b 03 04 14 00 06 00,3.153655,
extended_xl,XL-Synthetic_2_B__docx_medium__lsb1.bmp,/home/kali/Desktop/stego_dataset_expanded/stego_core_combined/XL-Synthetic_2_B__docx_medium__lsb1.bmp,XL-Synthetic_2_B.bmp,XL-Synthetic,2,B,bmp,P01.docx,docx,medium,1,DOCX,/home/kali/stego_dataset_expanded/stego_core_combined/XL-Synthetic_2_B__docx_medium__lsb1.bmp,ZIP,signature_pk_zip,0,DOCX,validated_ooxml_docx,1,3,511127,little,50 4b 03 04 14 00 06 00,2.902730,
extended_xl,XL-Synthetic_2_B__docx_medium__lsb2.bmp,/home/kali/Desktop/stego_dataset_expanded/stego_core_combined/XL-Synthetic_2_B__docx_medium__lsb2.bmp,XL-Synthetic_2_B.bmp,XL-Synthetic,2,B,bmp,P01.docx,docx,medium,2,DOCX,/home/kali/stego_dataset_expanded/stego_core_combined/XL-Synthetic_2_B__docx_medium__lsb2.bmp,ZIP,signature_pk_zip,0,DOCX,validated_ooxml_docx,1,4,511127,little,50 4b 03 04 14 00 06 00,2.809476,
extended_xl,XL-Synthetic_2_B__docx_medium__lsb3.bmp,/home/kali/Desktop/stego_dataset_expanded/stego_core_combined/XL-Synthetic_2_B__docx_medium__lsb3.bmp,XL-Synthetic_2_B.bmp,XL-Synthetic,2,B,bmp,P01.docx,docx,medium,3,DOCX,/home/kali/stego_dataset_expanded/stego_core_combined/XL-Synthetic_2_B__docx_medium__lsb3.bmp,ZIP,signature_pk_zip,0,DOCX,validated_ooxml_docx,1,4,511127,little,50 4b 03 04 14 00 06 00,2.805194,
extended_xl,XL-Synthetic_2_B__docx_small__lsb1.bmp,/home/kali/Desktop/stego_dataset_expanded/stego_core_combined/XL-Synthetic_2_B__docx_small__lsb1.bmp,XL-Synthetic_2_B.bmp,XL-Synthetic,2,B,bmp,P01.docx,docx,small,1,DOCX,/home/kali/stego_dataset_expanded/stego_core_combined/XL-Synthetic_2_B__docx_small__lsb1.bmp,ZIP,signature_pk_zip,0,DOCX,validated_ooxml_docx,1,3,13432,little,50 4b 03 04 14 00 06 00,2.689772,
extended_xl,XL-Synthetic_2_B__docx_small__lsb2.bmp,/home/kali/Desktop/stego_dataset_expanded/stego_core_combined/XL-Synthetic_2_B__docx_small__lsb2.bmp,XL-Synthetic_2_B.bmp,XL-Synthetic,2,B,bmp,P01.docx,docx,small,2,DOCX,/home/kali/stego_dataset_expanded/stego_core_combined/XL-Synthetic_2_B__docx_small__lsb2.bmp,ZIP,signature_pk_zip,0,DOCX,validated_ooxml_docx,1,4,13432,little,50 4b 03 04 14 00 06 00,2.687711,
extended_xl,XL-Synthetic_2_B__docx_small__lsb3.bmp,/home/kali/Desktop/stego_dataset_expanded/stego_core_combined/XL-Synthetic_2_B__docx_small__lsb3.bmp,XL-Synthetic_2_B.bmp,XL-Synthetic,2,B,bmp,P01.docx,docx,small,3,DOCX,/home/kali/stego_dataset_expanded/stego_core_combined/XL-Synthetic_2_B__docx_small__lsb3.bmp,ZIP,signature_pk_zip,0,DOCX,validated_ooxml_docx,1,4,13432,little,50 4b 03 04 14 00 06 00,2.685471,
extended_xl,XL-Synthetic_2_B__exe_large__lsb1.bmp,/home/kali/Desktop/stego_dataset_expanded/stego_core_combined/XL-Synthetic_2_B__exe_large__lsb1.bmp,XL-Synthetic_2_B.bmp,XL-Synthetic,2,B,bmp,P06.exe,exe,large,1,EXE,/home/kali/stego_dataset_expanded/stego_core_combined/XL-Synthetic_2_B__exe_large__lsb1.bmp,EXE,signature_mz,1,EXE,validated_mz_pe_header,1,3,1017856,little,4d 5a 90 00 03 00 00 00,3.099354,
extended_xl,XL-Synthetic_2_B__exe_large__lsb2.bmp,/home/kali/Desktop/stego_dataset_expanded/stego_core_combined/XL-Synthetic_2_B__exe_large__lsb2.bmp,XL-Synthetic_2_B.bmp,XL-Synthetic,2,B,bmp,P06.exe,exe,large,2,EXE,/home/kali/stego_dataset_expanded/stego_core_combined/XL-Synthetic_2_B__exe_large__lsb2.bmp,EXE,signature_mz,1,EXE,validated_mz_pe_header,1,4,1017856,little,4d 5a 90 00 03 00 00 00,2.899648,
extended_xl,XL-Synthetic_2_B__exe_large__lsb3.bmp,/home/kali/Desktop/stego_dataset_expanded/stego_core_combined/XL-Synthetic_2_B__exe_large__lsb3.bmp,XL-Synthetic_2_B.bmp,XL-Synthetic,2,B,bmp,P06.exe,exe,large,3,EXE,/home/kali/stego_dataset_expanded/stego_core_combined/XL-Synthetic_2_B__exe_large__lsb3.bmp,EXE,signature_mz,1,EXE,validated_mz_pe_header,1,4,1017856,little,4d 5a 90 00 03 00 00 00,2.837778,
extended_xl,XL-Synthetic_2_B__exe_medium__lsb1.bmp,/home/kali/Desktop/stego_dataset_expanded/stego_core_combined/XL-Synthetic_2_B__exe_medium__lsb1.bmp,XL-Synthetic_2_B.bmp,XL-Synthetic,2,B,bmp,P06.exe,exe,medium,1,EXE,/home/kali/stego_dataset_expanded/stego_core_combined/XL-Synthetic_2_B__exe_medium__lsb1.bmp,EXE,signature_mz,1,EXE,validated_mz_pe_header,1,3,505856,little,4d 5a 90 00 03 00 00 00,2.870873,
extended_xl,XL-Synthetic_2_B__exe_medium__lsb2.bmp,/home/kali/Desktop/stego_dataset_expanded/stego_core_combined/XL-Synthetic_2_B__exe_medium__lsb2.bmp,XL-Synthetic_2_B.bmp,XL-Synthetic,2,B,bmp,P06.exe,exe,medium,2,EXE,/home/kali/stego_dataset_expanded/stego_core_combined/XL-Synthetic_2_B__exe_medium__lsb2.bmp,EXE,signature_mz,1,EXE,validated_mz_pe_header,1,4,505856,little,4d 5a 90 00 03 00 00 00,2.850954,
extended_xl,XL-Synthetic_2_B__exe_medium__lsb3.bmp,/home/kali/Desktop/stego_dataset_expanded/stego_core_combined/XL-Synthetic_2_B__exe_medium__lsb3.bmp,XL-Synthetic_2_B.bmp,XL-Synthetic,2,B,bmp,P06.exe,exe,medium,3,EXE,/home/kali/stego_dataset_expanded/stego_core_combined/XL-Synthetic_2_B__exe_medium__lsb3.bmp,EXE,signature_mz,1,EXE,validated_mz_pe_header,1,4,505856,little,4d 5a 90 00 03 00 00 00,2.787878,
extended_xl,XL-Synthetic_2_B__exe_small__lsb1.bmp,/home/kali/Desktop/stego_dataset_expanded/stego_core_combined/XL-Synthetic_2_B__exe_small__lsb1.bmp,XL-Synthetic_2_B.bmp,XL-Synthetic,2,B,bmp,P06.exe,exe,small,1,EXE,/home/kali/stego_dataset_expanded/stego_core_combined/XL-Synthetic_2_B__exe_small__lsb1.bmp,EXE,signature_mz,1,EXE,validated_mz_pe_header,1,3,40448,little,4d 5a 90 00 03 00 00 00,2.725814,
extended_xl,XL-Synthetic_2_B__exe_small__lsb2.bmp,/home/kali/Desktop/stego_dataset_expanded/stego_core_combined/XL-Synthetic_2_B__exe_small__lsb2.bmp,XL-Synthetic_2_B.bmp,XL-Synthetic,2,B,bmp,P06.exe,exe,small,2,EXE,/home/kali/stego_dataset_expanded/stego_core_combined/XL-Synthetic_2_B__exe_small__lsb2.bmp,EXE,signature_mz,1,EXE,validated_mz_pe_header,1,4,40448,little,4d 5a 90 00 03 00 00 00,2.915069,
extended_xl,XL-Synthetic_2_B__exe_small__lsb3.bmp,/home/kali/Desktop/stego_dataset_expanded/stego_core_combined/XL-Synthetic_2_B__exe_small__lsb3.bmp,XL-Synthetic_2_B.bmp,XL-Synthetic,2,B,bmp,P06.exe,exe,small,3,EXE,/home/kali/stego_dataset_expanded/stego_core_combined/XL-Synthetic_2_B__exe_small__lsb3.bmp,EXE,signature_mz,1,EXE,validated_mz_pe_header,1,4,40448,little,4d 5a 90 00 03 00 00 00,2.890764,
extended_xl,XL-Synthetic_2_B__pdf_large__lsb1.bmp,/home/kali/Desktop/stego_dataset_expanded/stego_core_combined/XL-Synthetic_2_B__pdf_large__lsb1.bmp,XL-Synthetic_2_B.bmp,XL-Synthetic,2,B,bmp,P02.pdf,pdf,large,1,PDF,/home/kali/stego_dataset_expanded/stego_core_combined/XL-Synthetic_2_B__pdf_large__lsb1.bmp,PDF,signature_pdf,1,PDF,validated_pdf_startxref_eof,1,3,1100144,little,25 50 44 46 2d 31 2e 33,3.342934,
extended_xl,XL-Synthetic_2_B__pdf_large__lsb2.bmp,/home/kali/Desktop/stego_dataset_expanded/stego_core_combined/XL-Synthetic_2_B__pdf_large__lsb2.bmp,XL-Synthetic_2_B.bmp,XL-Synthetic,2,B,bmp,P02.pdf,pdf,large,2,PDF,/home/kali/stego_dataset_expanded/stego_core_combined/XL-Synthetic_2_B__pdf_large__lsb2.bmp,PDF,signature_pdf,1,PDF,validated_pdf_startxref_eof,1,4,1100144,little,25 50 44 46 2d 31 2e 33,3.208744,
extended_xl,XL-Synthetic_2_B__pdf_large__lsb3.bmp,/home/kali/Desktop/stego_dataset_expanded/stego_core_combined/XL-Synthetic_2_B__pdf_large__lsb3.bmp,XL-Synthetic_2_B.bmp,XL-Synthetic,2,B,bmp,P02.pdf,pdf,large,3,PDF,/home/kali/stego_dataset_expanded/stego_core_combined/XL-Synthetic_2_B__pdf_large__lsb3.bmp,PDF,signature_pdf,1,PDF,validated_pdf_startxref_eof,1,4,1100144,little,25 50 44 46 2d 31 2e 33,3.036452,
extended_xl,XL-Synthetic_2_B__pdf_medium__lsb1.bmp,/home/kali/Desktop/stego_dataset_expanded/stego_core_combined/XL-Synthetic_2_B__pdf_medium__lsb1.bmp,XL-Synthetic_2_B.bmp,XL-Synthetic,2,B,bmp,P02.pdf,pdf,medium,1,PDF,/home/kali/stego_dataset_expanded/stego_core_combined/XL-Synthetic_2_B__pdf_medium__lsb1.bmp,PDF,signature_pdf,1,PDF,validated_pdf_startxref_eof,1,3,510410,little,25 50 44 46 2d 31 2e 37,3.136806,
extended_xl,XL-Synthetic_2_B__pdf_medium__lsb2.bmp,/home/kali/Desktop/stego_dataset_expanded/stego_core_combined/XL-Synthetic_2_B__pdf_medium__lsb2.bmp,XL-Synthetic_2_B.bmp,XL-Synthetic,2,B,bmp,P02.pdf,pdf,medium,2,PDF,/home/kali/stego_dataset_expanded/stego_core_combined/XL-Synthetic_2_B__pdf_medium__lsb2.bmp,PDF,signature_pdf,1,PDF,validated_pdf_startxref_eof,1,4,510410,little,25 50 44 46 2d 31 2e 37,2.875385,
extended_xl,XL-Synthetic_2_B__pdf_medium__lsb3.bmp,/home/kali/Desktop/stego_dataset_expanded/stego_core_combined/XL-Synthetic_2_B__pdf_medium__lsb3.bmp,XL-Synthetic_2_B.bmp,XL-Synthetic,2,B,bmp,P02.pdf,pdf,medium,3,PDF,/home/kali/stego_dataset_expanded/stego_core_combined/XL-Synthetic_2_B__pdf_medium__lsb3.bmp,PDF,signature_pdf,1,PDF,validated_pdf_startxref_eof,1,4,510410,little,25 50 44 46 2d 31 2e 37,4.436342,
extended_xl,XL-Synthetic_2_B__pdf_small__lsb1.bmp,/home/kali/Desktop/stego_dataset_expanded/stego_core_combined/XL-Synthetic_2_B__pdf_small__lsb1.bmp,XL-Synthetic_2_B.bmp,XL-Synthetic,2,B,bmp,P02.pdf,pdf,small,1,PDF,/home/kali/stego_dataset_expanded/stego_core_combined/XL-Synthetic_2_B__pdf_small__lsb1.bmp,PDF,signature_pdf,1,PDF,validated_pdf_startxref_eof,1,3,16620,little,25 50 44 46 2d 31 2e 37,2.769202,
extended_xl,XL-Synthetic_2_B__pdf_small__lsb2.bmp,/home/kali/Desktop/stego_dataset_expanded/stego_core_combined/XL-Synthetic_2_B__pdf_small__lsb2.bmp,XL-Synthetic_2_B.bmp,XL-Synthetic,2,B,bmp,P02.pdf,pdf,small,2,PDF,/home/kali/stego_dataset_expanded/stego_core_combined/XL-Synthetic_2_B__pdf_small__lsb2.bmp,PDF,signature_pdf,1,PDF,validated_pdf_startxref_eof,1,4,16620,little,25 50 44 46 2d 31 2e 37,2.643323,
extended_xl,XL-Synthetic_2_B__pdf_small__lsb3.bmp,/home/kali/Desktop/stego_dataset_expanded/stego_core_combined/XL-Synthetic_2_B__pdf_small__lsb3.bmp,XL-Synthetic_2_B.bmp,XL-Synthetic,2,B,bmp,P02.pdf,pdf,small,3,PDF,/home/kali/stego_dataset_expanded/stego_core_combined/XL-Synthetic_2_B__pdf_small__lsb3.bmp,PDF,signature_pdf,1,PDF,validated_pdf_startxref_eof,1,4,16620,little,25 50 44 46 2d 31 2e 37,2.881219,
extended_xl,XL-Synthetic_2_B__pptx_large__lsb1.bmp,/home/kali/Desktop/stego_dataset_expanded/stego_core_combined/XL-Synthetic_2_B__pptx_large__lsb1.bmp,XL-Synthetic_2_B.bmp,XL-Synthetic,2,B,bmp,P04.pptx,pptx,large,1,PPTX,/home/kali/stego_dataset_expanded/stego_core_combined/XL-Synthetic_2_B__pptx_large__lsb1.bmp,ZIP,signature_pk_zip,0,PPTX,validated_ooxml_pptx,1,3,1082610,little,50 4b 03 04 14 00 06 00,3.301229,
extended_xl,XL-Synthetic_2_B__pptx_large__lsb2.bmp,/home/kali/Desktop/stego_dataset_expanded/stego_core_combined/XL-Synthetic_2_B__pptx_large__lsb2.bmp,XL-Synthetic_2_B.bmp,XL-Synthetic,2,B,bmp,P04.pptx,pptx,large,2,PPTX,/home/kali/stego_dataset_expanded/stego_core_combined/XL-Synthetic_2_B__pptx_large__lsb2.bmp,ZIP,signature_pk_zip,0,PPTX,validated_ooxml_pptx,1,4,1082610,little,50 4b 03 04 14 00 06 00,3.683264,
extended_xl,XL-Synthetic_2_B__pptx_large__lsb3.bmp,/home/kali/Desktop/stego_dataset_expanded/stego_core_combined/XL-Synthetic_2_B__pptx_large__lsb3.bmp,XL-Synthetic_2_B.bmp,XL-Synthetic,2,B,bmp,P04.pptx,pptx,large,3,PPTX,/home/kali/stego_dataset_expanded/stego_core_combined/XL-Synthetic_2_B__pptx_large__lsb3.bmp,ZIP,signature_pk_zip,0,PPTX,validated_ooxml_pptx,1,4,1082610,little,50 4b 03 04 14 00 06 00,3.174901,
extended_xl,XL-Synthetic_2_B__pptx_medium__lsb1.bmp,/home/kali/Desktop/stego_dataset_expanded/stego_core_combined/XL-Synthetic_2_B__pptx_medium__lsb1.bmp,XL-Synthetic_2_B.bmp,XL-Synthetic,2,B,bmp,P04.pptx,pptx,medium,1,PPTX,/home/kali/stego_dataset_expanded/stego_core_combined/XL-Synthetic_2_B__pptx_medium__lsb1.bmp,ZIP,signature_pk_zip,0,PPTX,validated_ooxml_pptx,1,3,512113,little,50 4b 03 04 14 00 06 00,3.128220,
extended_xl,XL-Synthetic_2_B__pptx_medium__lsb2.bmp,/home/kali/Desktop/stego_dataset_expanded/stego_core_combined/XL-Synthetic_2_B__pptx_medium__lsb2.bmp,XL-Synthetic_2_B.bmp,XL-Synthetic,2,B,bmp,P04.pptx,pptx,medium,2,PPTX,/home/kali/stego_dataset_expanded/stego_core_combined/XL-Synthetic_2_B__pptx_medium__lsb2.bmp,ZIP,signature_pk_zip,0,PPTX,validated_ooxml_pptx,1,4,512113,little,50 4b 03 04 14 00 06 00,3.578869,
extended_xl,XL-Synthetic_2_B__pptx_medium__lsb3.bmp,/home/kali/Desktop/stego_dataset_expanded/stego_core_combined/XL-Synthetic_2_B__pptx_medium__lsb3.bmp,XL-Synthetic_2_B.bmp,XL-Synthetic,2,B,bmp,P04.pptx,pptx,medium,3,PPTX,/home/kali/stego_dataset_expanded/stego_core_combined/XL-Synthetic_2_B__pptx_medium__lsb3.bmp,ZIP,signature_pk_zip,0,PPTX,validated_ooxml_pptx,1,4,512113,little,50 4b 03 04 14 00 06 00,3.122027,
extended_xl,XL-Synthetic_2_B__pptx_small__lsb1.bmp,/home/kali/Desktop/stego_dataset_expanded/stego_core_combined/XL-Synthetic_2_B__pptx_small__lsb1.bmp,XL-Synthetic_2_B.bmp,XL-Synthetic,2,B,bmp,P04.pptx,pptx,small,1,PPTX,/home/kali/stego_dataset_expanded/stego_core_combined/XL-Synthetic_2_B__pptx_small__lsb1.bmp,ZIP,signature_pk_zip,0,PPTX,validated_ooxml_pptx,1,3,32020,little,50 4b 03 04 14 00 06 00,3.262794,
extended_xl,XL-Synthetic_2_B__pptx_small__lsb2.bmp,/home/kali/Desktop/stego_dataset_expanded/stego_core_combined/XL-Synthetic_2_B__pptx_small__lsb2.bmp,XL-Synthetic_2_B.bmp,XL-Synthetic,2,B,bmp,P04.pptx,pptx,small,2,PPTX,/home/kali/stego_dataset_expanded/stego_core_combined/XL-Synthetic_2_B__pptx_small__lsb2.bmp,ZIP,signature_pk_zip,0,PPTX,validated_ooxml_pptx,1,4,32020,little,50 4b 03 04 14 00 06 00,2.959117,
extended_xl,XL-Synthetic_2_B__pptx_small__lsb3.bmp,/home/kali/Desktop/stego_dataset_expanded/stego_core_combined/XL-Synthetic_2_B__pptx_small__lsb3.bmp,XL-Synthetic_2_B.bmp,XL-Synthetic,2,B,bmp,P04.pptx,pptx,small,3,PPTX,/home/kali/stego_dataset_expanded/stego_core_combined/XL-Synthetic_2_B__pptx_small__lsb3.bmp,ZIP,signature_pk_zip,0,PPTX,validated_ooxml_pptx,1,4,32020,little,50 4b 03 04 14 00 06 00,3.259247,
extended_xl,XL-Synthetic_2_B__rtf_large__lsb1.bmp,/home/kali/Desktop/stego_dataset_expanded/stego_core_combined/XL-Synthetic_2_B__rtf_large__lsb1.bmp,XL-Synthetic_2_B.bmp,XL-Synthetic,2,B,bmp,P05.rtf,rtf,large,1,RTF,/home/kali/stego_dataset_expanded/stego_core_combined/XL-Synthetic_2_B__rtf_large__lsb1.bmp,RTF,signature_rtf,1,RTF,validated_rtf_structure,1,3,1085026,little,7b 5c 72 74 66 31 5c 61,3.371109,
extended_xl,XL-Synthetic_2_B__rtf_large__lsb2.bmp,/home/kali/Desktop/stego_dataset_expanded/stego_core_combined/XL-Synthetic_2_B__rtf_large__lsb2.bmp,XL-Synthetic_2_B.bmp,XL-Synthetic,2,B,bmp,P05.rtf,rtf,large,2,RTF,/home/kali/stego_dataset_expanded/stego_core_combined/XL-Synthetic_2_B__rtf_large__lsb2.bmp,RTF,signature_rtf,1,RTF,validated_rtf_structure,1,4,1085026,little,7b 5c 72 74 66 31 5c 61,3.161795,
extended_xl,XL-Synthetic_2_B__rtf_large__lsb3.bmp,/home/kali/Desktop/stego_dataset_expanded/stego_core_combined/XL-Synthetic_2_B__rtf_large__lsb3.bmp,XL-Synthetic_2_B.bmp,XL-Synthetic,2,B,bmp,P05.rtf,rtf,large,3,RTF,/home/kali/stego_dataset_expanded/stego_core_combined/XL-Synthetic_2_B__rtf_large__lsb3.bmp,RTF,signature_rtf,1,RTF,validated_rtf_structure,1,4,1085026,little,7b 5c 72 74 66 31 5c 61,3.120916,
extended_xl,XL-Synthetic_2_B__rtf_medium__lsb1.bmp,/home/kali/Desktop/stego_dataset_expanded/stego_core_combined/XL-Synthetic_2_B__rtf_medium__lsb1.bmp,XL-Synthetic_2_B.bmp,XL-Synthetic,2,B,bmp,P05.rtf,rtf,medium,1,RTF,/home/kali/stego_dataset_expanded/stego_core_combined/XL-Synthetic_2_B__rtf_medium__lsb1.bmp,RTF,signature_rtf,1,RTF,validated_rtf_structure,1,3,511504,little,7b 5c 72 74 66 31 5c 61,3.114247,
extended_xl,XL-Synthetic_2_B__rtf_medium__lsb2.bmp,/home/kali/Desktop/stego_dataset_expanded/stego_core_combined/XL-Synthetic_2_B__rtf_medium__lsb2.bmp,XL-Synthetic_2_B.bmp,XL-Synthetic,2,B,bmp,P05.rtf,rtf,medium,2,RTF,/home/kali/stego_dataset_expanded/stego_core_combined/XL-Synthetic_2_B__rtf_medium__lsb2.bmp,RTF,signature_rtf,1,RTF,validated_rtf_structure,1,4,511504,little,7b 5c 72 74 66 31 5c 61,3.078125,
extended_xl,XL-Synthetic_2_B__rtf_medium__lsb3.bmp,/home/kali/Desktop/stego_dataset_expanded/stego_core_combined/XL-Synthetic_2_B__rtf_medium__lsb3.bmp,XL-Synthetic_2_B.bmp,XL-Synthetic,2,B,bmp,P05.rtf,rtf,medium,3,RTF,/home/kali/stego_dataset_expanded/stego_core_combined/XL-Synthetic_2_B__rtf_medium__lsb3.bmp,RTF,signature_rtf,1,RTF,validated_rtf_structure,1,4,511504,little,7b 5c 72 74 66 31 5c 61,3.527495,
extended_xl,XL-Synthetic_2_B__rtf_small__lsb1.bmp,/home/kali/Desktop/stego_dataset_expanded/stego_core_combined/XL-Synthetic_2_B__rtf_small__lsb1.bmp,XL-Synthetic_2_B.bmp,XL-Synthetic,2,B,bmp,P05.rtf,rtf,small,1,RTF,/home/kali/stego_dataset_expanded/stego_core_combined/XL-Synthetic_2_B__rtf_small__lsb1.bmp,RTF,signature_rtf,1,RTF,validated_rtf_structure,1,3,50275,little,7b 5c 72 74 66 31 5c 61,3.104838,
extended_xl,XL-Synthetic_2_B__rtf_small__lsb2.bmp,/home/kali/Desktop/stego_dataset_expanded/stego_core_combined/XL-Synthetic_2_B__rtf_small__lsb2.bmp,XL-Synthetic_2_B.bmp,XL-Synthetic,2,B,bmp,P05.rtf,rtf,small,2,RTF,/home/kali/stego_dataset_expanded/stego_core_combined/XL-Synthetic_2_B__rtf_small__lsb2.bmp,RTF,signature_rtf,1,RTF,validated_rtf_structure,1,4,50275,little,7b 5c 72 74 66 31 5c 61,2.909375,
extended_xl,XL-Synthetic_2_B__rtf_small__lsb3.bmp,/home/kali/Desktop/stego_dataset_expanded/stego_core_combined/XL-Synthetic_2_B__rtf_small__lsb3.bmp,XL-Synthetic_2_B.bmp,XL-Synthetic,2,B,bmp,P05.rtf,rtf,small,3,RTF,/home/kali/stego_dataset_expanded/stego_core_combined/XL-Synthetic_2_B__rtf_small__lsb3.bmp,RTF,signature_rtf,1,RTF,validated_rtf_structure,1,4,50275,little,7b 5c 72 74 66 31 5c 61,2.871102,
extended_xl,XL-Synthetic_2_B__xlsx_large__lsb1.bmp,/home/kali/Desktop/stego_dataset_expanded/stego_core_combined/XL-Synthetic_2_B__xlsx_large__lsb1.bmp,XL-Synthetic_2_B.bmp,XL-Synthetic,2,B,bmp,P03.xlsx,xlsx,large,1,XLSX,/home/kali/stego_dataset_expanded/stego_core_combined/XL-Synthetic_2_B__xlsx_large__lsb1.bmp,ZIP,signature_pk_zip,0,XLSX,validated_ooxml_xlsx,1,3,1090468,little,50 4b 03 04 14 00 06 00,3.352115,
extended_xl,XL-Synthetic_2_B__xlsx_large__lsb2.bmp,/home/kali/Desktop/stego_dataset_expanded/stego_core_combined/XL-Synthetic_2_B__xlsx_large__lsb2.bmp,XL-Synthetic_2_B.bmp,XL-Synthetic,2,B,bmp,P03.xlsx,xlsx,large,2,XLSX,/home/kali/stego_dataset_expanded/stego_core_combined/XL-Synthetic_2_B__xlsx_large__lsb2.bmp,ZIP,signature_pk_zip,0,XLSX,validated_ooxml_xlsx,1,4,1090468,little,50 4b 03 04 14 00 06 00,3.165444,
extended_xl,XL-Synthetic_2_B__xlsx_large__lsb3.bmp,/home/kali/Desktop/stego_dataset_expanded/stego_core_combined/XL-Synthetic_2_B__xlsx_large__lsb3.bmp,XL-Synthetic_2_B.bmp,XL-Synthetic,2,B,bmp,P03.xlsx,xlsx,large,3,XLSX,/home/kali/stego_dataset_expanded/stego_core_combined/XL-Synthetic_2_B__xlsx_large__lsb3.bmp,ZIP,signature_pk_zip,0,XLSX,validated_ooxml_xlsx,1,4,1090468,little,50 4b 03 04 14 00 06 00,3.104458,
extended_xl,XL-Synthetic_2_B__xlsx_medium__lsb1.bmp,/home/kali/Desktop/stego_dataset_expanded/stego_core_combined/XL-Synthetic_2_B__xlsx_medium__lsb1.bmp,XL-Synthetic_2_B.bmp,XL-Synthetic,2,B,bmp,P03.xlsx,xlsx,medium,1,XLSX,/home/kali/stego_dataset_expanded/stego_core_combined/XL-Synthetic_2_B__xlsx_medium__lsb1.bmp,ZIP,signature_pk_zip,0,XLSX,validated_ooxml_xlsx,1,3,511280,little,50 4b 03 04 14 00 06 00,3.061274,
extended_xl,XL-Synthetic_2_B__xlsx_medium__lsb2.bmp,/home/kali/Desktop/stego_dataset_expanded/stego_core_combined/XL-Synthetic_2_B__xlsx_medium__lsb2.bmp,XL-Synthetic_2_B.bmp,XL-Synthetic,2,B,bmp,P03.xlsx,xlsx,medium,2,XLSX,/home/kali/stego_dataset_expanded/stego_core_combined/XL-Synthetic_2_B__xlsx_medium__lsb2.bmp,ZIP,signature_pk_zip,0,XLSX,validated_ooxml_xlsx,1,4,511280,little,50 4b 03 04 14 00 06 00,3.008134,
extended_xl,XL-Synthetic_2_B__xlsx_medium__lsb3.bmp,/home/kali/Desktop/stego_dataset_expanded/stego_core_combined/XL-Synthetic_2_B__xlsx_medium__lsb3.bmp,XL-Synthetic_2_B.bmp,XL-Synthetic,2,B,bmp,P03.xlsx,xlsx,medium,3,XLSX,/home/kali/stego_dataset_expanded/stego_core_combined/XL-Synthetic_2_B__xlsx_medium__lsb3.bmp,ZIP,signature_pk_zip,0,XLSX,validated_ooxml_xlsx,1,4,511280,little,50 4b 03 04 14 00 06 00,2.985540,
extended_xl,XL-Synthetic_2_B__xlsx_small__lsb1.bmp,/home/kali/Desktop/stego_dataset_expanded/stego_core_combined/XL-Synthetic_2_B__xlsx_small__lsb1.bmp,XL-Synthetic_2_B.bmp,XL-Synthetic,2,B,bmp,P03.xlsx,xlsx,small,1,XLSX,/home/kali/stego_dataset_expanded/stego_core_combined/XL-Synthetic_2_B__xlsx_small__lsb1.bmp,ZIP,signature_pk_zip,0,XLSX,validated_ooxml_xlsx,1,3,8899,little,50 4b 03 04 14 00 06 00,2.939256,
extended_xl,XL-Synthetic_2_B__xlsx_small__lsb2.bmp,/home/kali/Desktop/stego_dataset_expanded/stego_core_combined/XL-Synthetic_2_B__xlsx_small__lsb2.bmp,XL-Synthetic_2_B.bmp,XL-Synthetic,2,B,bmp,P03.xlsx,xlsx,small,2,XLSX,/home/kali/stego_dataset_expanded/stego_core_combined/XL-Synthetic_2_B__xlsx_small__lsb2.bmp,ZIP,signature_pk_zip,0,XLSX,validated_ooxml_xlsx,1,4,8899,little,50 4b 03 04 14 00 06 00,3.192536,
extended_xl,XL-Synthetic_2_B__xlsx_small__lsb3.bmp,/home/kali/Desktop/stego_dataset_expanded/stego_core_combined/XL-Synthetic_2_B__xlsx_small__lsb3.bmp,XL-Synthetic_2_B.bmp,XL-Synthetic,2,B,bmp,P03.xlsx,xlsx,small,3,XLSX,/home/kali/stego_dataset_expanded/stego_core_combined/XL-Synthetic_2_B__xlsx_small__lsb3.bmp,ZIP,signature_pk_zip,0,XLSX,validated_ooxml_xlsx,1,4,8899,little,50 4b 03 04 14 00 06 00,2.936814,
extended_xl,XL-Synthetic_2_P__docx_large__lsb3.png,/home/kali/Desktop/stego_dataset_expanded/stego_core_combined/XL-Synthetic_2_P__docx_large__lsb3.png,XL-Synthetic_2_P.png,XL-Synthetic,2,P,png,P01.docx,docx,large,3,DOCX,/home/kali/stego_dataset_expanded/stego_core_combined/XL-Synthetic_2_P__docx_large__lsb3.png,ZIP,signature_pk_zip,0,DOCX,validated_ooxml_docx,1,3,1121154,little,50 4b 03 04 14 00 06 00,0.860220,
extended_xl,XL-Synthetic_2_P__docx_medium__lsb2.png,/home/kali/Desktop/stego_dataset_expanded/stego_core_combined/XL-Synthetic_2_P__docx_medium__lsb2.png,XL-Synthetic_2_P.png,XL-Synthetic,2,P,png,P01.docx,docx,medium,2,DOCX,/home/kali/stego_dataset_expanded/stego_core_combined/XL-Synthetic_2_P__docx_medium__lsb2.png,ZIP,signature_pk_zip,0,DOCX,validated_ooxml_docx,1,3,511127,little,50 4b 03 04 14 00 06 00,0.762567,
extended_xl,XL-Synthetic_2_P__docx_medium__lsb3.png,/home/kali/Desktop/stego_dataset_expanded/stego_core_combined/XL-Synthetic_2_P__docx_medium__lsb3.png,XL-Synthetic_2_P.png,XL-Synthetic,2,P,png,P01.docx,docx,medium,3,DOCX,/home/kali/stego_dataset_expanded/stego_core_combined/XL-Synthetic_2_P__docx_medium__lsb3.png,ZIP,signature_pk_zip,0,DOCX,validated_ooxml_docx,1,3,511127,little,50 4b 03 04 14 00 06 00,0.639756,
extended_xl,XL-Synthetic_2_P__docx_small__lsb1.png,/home/kali/Desktop/stego_dataset_expanded/stego_core_combined/XL-Synthetic_2_P__docx_small__lsb1.png,XL-Synthetic_2_P.png,XL-Synthetic,2,P,png,P01.docx,docx,small,1,DOCX,/home/kali/stego_dataset_expanded/stego_core_combined/XL-Synthetic_2_P__docx_small__lsb1.png,ZIP,signature_pk_zip,0,DOCX,validated_ooxml_docx,1,3,13432,little,50 4b 03 04 14 00 06 00,0.536783,
extended_xl,XL-Synthetic_2_P__docx_small__lsb2.png,/home/kali/Desktop/stego_dataset_expanded/stego_core_combined/XL-Synthetic_2_P__docx_small__lsb2.png,XL-Synthetic_2_P.png,XL-Synthetic,2,P,png,P01.docx,docx,small,2,DOCX,/home/kali/stego_dataset_expanded/stego_core_combined/XL-Synthetic_2_P__docx_small__lsb2.png,ZIP,signature_pk_zip,0,DOCX,validated_ooxml_docx,1,3,13432,little,50 4b 03 04 14 00 06 00,0.555905,
extended_xl,XL-Synthetic_2_P__docx_small__lsb3.png,/home/kali/Desktop/stego_dataset_expanded/stego_core_combined/XL-Synthetic_2_P__docx_small__lsb3.png,XL-Synthetic_2_P.png,XL-Synthetic,2,P,png,P01.docx,docx,small,3,DOCX,/home/kali/stego_dataset_expanded/stego_core_combined/XL-Synthetic_2_P__docx_small__lsb3.png,ZIP,signature_pk_zip,0,DOCX,validated_ooxml_docx,1,3,13432,little,50 4b 03 04 14 00 06 00,0.537213,
extended_xl,XL-Synthetic_2_P__exe_large__lsb3.png,/home/kali/Desktop/stego_dataset_expanded/stego_core_combined/XL-Synthetic_2_P__exe_large__lsb3.png,XL-Synthetic_2_P.png,XL-Synthetic,2,P,png,P06.exe,exe,large,3,EXE,/home/kali/stego_dataset_expanded/stego_core_combined/XL-Synthetic_2_P__exe_large__lsb3.png,EXE,signature_mz,1,EXE,validated_mz_pe_header,1,3,1017856,little,4d 5a 90 00 03 00 00 00,0.665264,
extended_xl,XL-Synthetic_2_P__exe_medium__lsb2.png,/home/kali/Desktop/stego_dataset_expanded/stego_core_combined/XL-Synthetic_2_P__exe_medium__lsb2.png,XL-Synthetic_2_P.png,XL-Synthetic,2,P,png,P06.exe,exe,medium,2,EXE,/home/kali/stego_dataset_expanded/stego_core_combined/XL-Synthetic_2_P__exe_medium__lsb2.png,EXE,signature_mz,1,EXE,validated_mz_pe_header,1,3,505856,little,4d 5a 90 00 03 00 00 00,0.642422,
extended_xl,XL-Synthetic_2_P__exe_medium__lsb3.png,/home/kali/Desktop/stego_dataset_expanded/stego_core_combined/XL-Synthetic_2_P__exe_medium__lsb3.png,XL-Synthetic_2_P.png,XL-Synthetic,2,P,png,P06.exe,exe,medium,3,EXE,/home/kali/stego_dataset_expanded/stego_core_combined/XL-Synthetic_2_P__exe_medium__lsb3.png,EXE,signature_mz,1,EXE,validated_mz_pe_header,1,3,505856,little,4d 5a 90 00 03 00 00 00,0.646065,
extended_xl,XL-Synthetic_2_P__exe_small__lsb1.png,/home/kali/Desktop/stego_dataset_expanded/stego_core_combined/XL-Synthetic_2_P__exe_small__lsb1.png,XL-Synthetic_2_P.png,XL-Synthetic,2,P,png,P06.exe,exe,small,1,EXE,/home/kali/stego_dataset_expanded/stego_core_combined/XL-Synthetic_2_P__exe_small__lsb1.png,EXE,signature_mz,1,EXE,validated_mz_pe_header,1,3,40448,little,4d 5a 90 00 03 00 00 00,0.589794,
extended_xl,XL-Synthetic_2_P__exe_small__lsb2.png,/home/kali/Desktop/stego_dataset_expanded/stego_core_combined/XL-Synthetic_2_P__exe_small__lsb2.png,XL-Synthetic_2_P.png,XL-Synthetic,2,P,png,P06.exe,exe,small,2,EXE,/home/kali/stego_dataset_expanded/stego_core_combined/XL-Synthetic_2_P__exe_small__lsb2.png,EXE,signature_mz,1,EXE,validated_mz_pe_header,1,3,40448,little,4d 5a 90 00 03 00 00 00,0.523556,
extended_xl,XL-Synthetic_2_P__exe_small__lsb3.png,/home/kali/Desktop/stego_dataset_expanded/stego_core_combined/XL-Synthetic_2_P__exe_small__lsb3.png,XL-Synthetic_2_P.png,XL-Synthetic,2,P,png,P06.exe,exe,small,3,EXE,/home/kali/stego_dataset_expanded/stego_core_combined/XL-Synthetic_2_P__exe_small__lsb3.png,EXE,signature_mz,1,EXE,validated_mz_pe_header,1,3,40448,little,4d 5a 90 00 03 00 00 00,0.521479,
extended_xl,XL-Synthetic_2_P__pdf_large__lsb3.png,/home/kali/Desktop/stego_dataset_expanded/stego_core_combined/XL-Synthetic_2_P__pdf_large__lsb3.png,XL-Synthetic_2_P.png,XL-Synthetic,2,P,png,P02.pdf,pdf,large,3,PDF,/home/kali/stego_dataset_expanded/stego_core_combined/XL-Synthetic_2_P__pdf_large__lsb3.png,PDF,signature_pdf,1,PDF,validated_pdf_startxref_eof,1,3,1100144,little,25 50 44 46 2d 31 2e 33,0.671184,
extended_xl,XL-Synthetic_2_P__pdf_medium__lsb2.png,/home/kali/Desktop/stego_dataset_expanded/stego_core_combined/XL-Synthetic_2_P__pdf_medium__lsb2.png,XL-Synthetic_2_P.png,XL-Synthetic,2,P,png,P02.pdf,pdf,medium,2,PDF,/home/kali/stego_dataset_expanded/stego_core_combined/XL-Synthetic_2_P__pdf_medium__lsb2.png,PDF,signature_pdf,1,PDF,validated_pdf_startxref_eof,1,3,510410,little,25 50 44 46 2d 31 2e 37,0.646250,
extended_xl,XL-Synthetic_2_P__pdf_medium__lsb3.png,/home/kali/Desktop/stego_dataset_expanded/stego_core_combined/XL-Synthetic_2_P__pdf_medium__lsb3.png,XL-Synthetic_2_P.png,XL-Synthetic,2,P,png,P02.pdf,pdf,medium,3,PDF,/home/kali/stego_dataset_expanded/stego_core_combined/XL-Synthetic_2_P__pdf_medium__lsb3.png,PDF,signature_pdf,1,PDF,validated_pdf_startxref_eof,1,3,510410,little,25 50 44 46 2d 31 2e 37,0.585928,
extended_xl,XL-Synthetic_2_P__pdf_small__lsb1.png,/home/kali/Desktop/stego_dataset_expanded/stego_core_combined/XL-Synthetic_2_P__pdf_small__lsb1.png,XL-Synthetic_2_P.png,XL-Synthetic,2,P,png,P02.pdf,pdf,small,1,PDF,/home/kali/stego_dataset_expanded/stego_core_combined/XL-Synthetic_2_P__pdf_small__lsb1.png,PDF,signature_pdf,1,PDF,validated_pdf_startxref_eof,1,3,16620,little,25 50 44 46 2d 31 2e 37,0.521336,
extended_xl,XL-Synthetic_2_P__pdf_small__lsb2.png,/home/kali/Desktop/stego_dataset_expanded/stego_core_combined/XL-Synthetic_2_P__pdf_small__lsb2.png,XL-Synthetic_2_P.png,XL-Synthetic,2,P,png,P02.pdf,pdf,small,2,PDF,/home/kali/stego_dataset_expanded/stego_core_combined/XL-Synthetic_2_P__pdf_small__lsb2.png,PDF,signature_pdf,1,PDF,validated_pdf_startxref_eof,1,3,16620,little,25 50 44 46 2d 31 2e 37,0.520114,
extended_xl,XL-Synthetic_2_P__pdf_small__lsb3.png,/home/kali/Desktop/stego_dataset_expanded/stego_core_combined/XL-Synthetic_2_P__pdf_small__lsb3.png,XL-Synthetic_2_P.png,XL-Synthetic,2,P,png,P02.pdf,pdf,small,3,PDF,/home/kali/stego_dataset_expanded/stego_core_combined/XL-Synthetic_2_P__pdf_small__lsb3.png,PDF,signature_pdf,1,PDF,validated_pdf_startxref_eof,1,3,16620,little,25 50 44 46 2d 31 2e 37,0.559261,
extended_xl,XL-Synthetic_2_P__pptx_large__lsb3.png,/home/kali/Desktop/stego_dataset_expanded/stego_core_combined/XL-Synthetic_2_P__pptx_large__lsb3.png,XL-Synthetic_2_P.png,XL-Synthetic,2,P,png,P04.pptx,pptx,large,3,PPTX,/home/kali/stego_dataset_expanded/stego_core_combined/XL-Synthetic_2_P__pptx_large__lsb3.png,ZIP,signature_pk_zip,0,PPTX,validated_ooxml_pptx,1,3,1082610,little,50 4b 03 04 14 00 06 00,0.772848,
extended_xl,XL-Synthetic_2_P__pptx_medium__lsb2.png,/home/kali/Desktop/stego_dataset_expanded/stego_core_combined/XL-Synthetic_2_P__pptx_medium__lsb2.png,XL-Synthetic_2_P.png,XL-Synthetic,2,P,png,P04.pptx,pptx,medium,2,PPTX,/home/kali/stego_dataset_expanded/stego_core_combined/XL-Synthetic_2_P__pptx_medium__lsb2.png,ZIP,signature_pk_zip,0,PPTX,validated_ooxml_pptx,1,3,512113,little,50 4b 03 04 14 00 06 00,0.625221,
extended_xl,XL-Synthetic_2_P__pptx_medium__lsb3.png,/home/kali/Desktop/stego_dataset_expanded/stego_core_combined/XL-Synthetic_2_P__pptx_medium__lsb3.png,XL-Synthetic_2_P.png,XL-Synthetic,2,P,png,P04.pptx,pptx,medium,3,PPTX,/home/kali/stego_dataset_expanded/stego_core_combined/XL-Synthetic_2_P__pptx_medium__lsb3.png,ZIP,signature_pk_zip,0,PPTX,validated_ooxml_pptx,1,3,512113,little,50 4b 03 04 14 00 06 00,0.583859,
extended_xl,XL-Synthetic_2_P__pptx_small__lsb1.png,/home/kali/Desktop/stego_dataset_expanded/stego_core_combined/XL-Synthetic_2_P__pptx_small__lsb1.png,XL-Synthetic_2_P.png,XL-Synthetic,2,P,png,P04.pptx,pptx,small,1,PPTX,/home/kali/stego_dataset_expanded/stego_core_combined/XL-Synthetic_2_P__pptx_small__lsb1.png,ZIP,signature_pk_zip,0,PPTX,validated_ooxml_pptx,1,3,32020,little,50 4b 03 04 14 00 06 00,0.542702,
extended_xl,XL-Synthetic_2_P__pptx_small__lsb2.png,/home/kali/Desktop/stego_dataset_expanded/stego_core_combined/XL-Synthetic_2_P__pptx_small__lsb2.png,XL-Synthetic_2_P.png,XL-Synthetic,2,P,png,P04.pptx,pptx,small,2,PPTX,/home/kali/stego_dataset_expanded/stego_core_combined/XL-Synthetic_2_P__pptx_small__lsb2.png,ZIP,signature_pk_zip,0,PPTX,validated_ooxml_pptx,1,3,32020,little,50 4b 03 04 14 00 06 00,0.529796,
extended_xl,XL-Synthetic_2_P__pptx_small__lsb3.png,/home/kali/Desktop/stego_dataset_expanded/stego_core_combined/XL-Synthetic_2_P__pptx_small__lsb3.png,XL-Synthetic_2_P.png,XL-Synthetic,2,P,png,P04.pptx,pptx,small,3,PPTX,/home/kali/stego_dataset_expanded/stego_core_combined/XL-Synthetic_2_P__pptx_small__lsb3.png,ZIP,signature_pk_zip,0,PPTX,validated_ooxml_pptx,1,3,32020,little,50 4b 03 04 14 00 06 00,0.499898,
extended_xl,XL-Synthetic_2_P__rtf_large__lsb3.png,/home/kali/Desktop/stego_dataset_expanded/stego_core_combined/XL-Synthetic_2_P__rtf_large__lsb3.png,XL-Synthetic_2_P.png,XL-Synthetic,2,P,png,P05.rtf,rtf,large,3,RTF,/home/kali/stego_dataset_expanded/stego_core_combined/XL-Synthetic_2_P__rtf_large__lsb3.png,RTF,signature_rtf,1,RTF,validated_rtf_structure,1,3,1085026,little,7b 5c 72 74 66 31 5c 61,0.678393,
extended_xl,XL-Synthetic_2_P__rtf_medium__lsb2.png,/home/kali/Desktop/stego_dataset_expanded/stego_core_combined/XL-Synthetic_2_P__rtf_medium__lsb2.png,XL-Synthetic_2_P.png,XL-Synthetic,2,P,png,P05.rtf,rtf,medium,2,RTF,/home/kali/stego_dataset_expanded/stego_core_combined/XL-Synthetic_2_P__rtf_medium__lsb2.png,RTF,signature_rtf,1,RTF,validated_rtf_structure,1,3,511504,little,7b 5c 72 74 66 31 5c 61,0.633229,
extended_xl,XL-Synthetic_2_P__rtf_medium__lsb3.png,/home/kali/Desktop/stego_dataset_expanded/stego_core_combined/XL-Synthetic_2_P__rtf_medium__lsb3.png,XL-Synthetic_2_P.png,XL-Synthetic,2,P,png,P05.rtf,rtf,medium,3,RTF,/home/kali/stego_dataset_expanded/stego_core_combined/XL-Synthetic_2_P__rtf_medium__lsb3.png,RTF,signature_rtf,1,RTF,validated_rtf_structure,1,3,511504,little,7b 5c 72 74 66 31 5c 61,0.608648,
extended_xl,XL-Synthetic_2_P__rtf_small__lsb1.png,/home/kali/Desktop/stego_dataset_expanded/stego_core_combined/XL-Synthetic_2_P__rtf_small__lsb1.png,XL-Synthetic_2_P.png,XL-Synthetic,2,P,png,P05.rtf,rtf,small,1,RTF,/home/kali/stego_dataset_expanded/stego_core_combined/XL-Synthetic_2_P__rtf_small__lsb1.png,RTF,signature_rtf,1,RTF,validated_rtf_structure,1,3,50275,little,7b 5c 72 74 66 31 5c 61,0.537981,
extended_xl,XL-Synthetic_2_P__rtf_small__lsb2.png,/home/kali/Desktop/stego_dataset_expanded/stego_core_combined/XL-Synthetic_2_P__rtf_small__lsb2.png,XL-Synthetic_2_P.png,XL-Synthetic,2,P,png,P05.rtf,rtf,small,2,RTF,/home/kali/stego_dataset_expanded/stego_core_combined/XL-Synthetic_2_P__rtf_small__lsb2.png,RTF,signature_rtf,1,RTF,validated_rtf_structure,1,3,50275,little,7b 5c 72 74 66 31 5c 61,0.507198,
extended_xl,XL-Synthetic_2_P__rtf_small__lsb3.png,/home/kali/Desktop/stego_dataset_expanded/stego_core_combined/XL-Synthetic_2_P__rtf_small__lsb3.png,XL-Synthetic_2_P.png,XL-Synthetic,2,P,png,P05.rtf,rtf,small,3,RTF,/home/kali/stego_dataset_expanded/stego_core_combined/XL-Synthetic_2_P__rtf_small__lsb3.png,RTF,signature_rtf,1,RTF,validated_rtf_structure,1,3,50275,little,7b 5c 72 74 66 31 5c 61,0.506216,
extended_xl,XL-Synthetic_2_P__xlsx_large__lsb3.png,/home/kali/Desktop/stego_dataset_expanded/stego_core_combined/XL-Synthetic_2_P__xlsx_large__lsb3.png,XL-Synthetic_2_P.png,XL-Synthetic,2,P,png,P03.xlsx,xlsx,large,3,XLSX,/home/kali/stego_dataset_expanded/stego_core_combined/XL-Synthetic_2_P__xlsx_large__lsb3.png,ZIP,signature_pk_zip,0,XLSX,validated_ooxml_xlsx,1,3,1090468,little,50 4b 03 04 14 00 06 00,0.736980,
extended_xl,XL-Synthetic_2_P__xlsx_medium__lsb2.png,/home/kali/Desktop/stego_dataset_expanded/stego_core_combined/XL-Synthetic_2_P__xlsx_medium__lsb2.png,XL-Synthetic_2_P.png,XL-Synthetic,2,P,png,P03.xlsx,xlsx,medium,2,XLSX,/home/kali/stego_dataset_expanded/stego_core_combined/XL-Synthetic_2_P__xlsx_medium__lsb2.png,ZIP,signature_pk_zip,0,XLSX,validated_ooxml_xlsx,1,3,511280,little,50 4b 03 04 14 00 06 00,0.623063,
extended_xl,XL-Synthetic_2_P__xlsx_medium__lsb3.png,/home/kali/Desktop/stego_dataset_expanded/stego_core_combined/XL-Synthetic_2_P__xlsx_medium__lsb3.png,XL-Synthetic_2_P.png,XL-Synthetic,2,P,png,P03.xlsx,xlsx,medium,3,XLSX,/home/kali/stego_dataset_expanded/stego_core_combined/XL-Synthetic_2_P__xlsx_medium__lsb3.png,ZIP,signature_pk_zip,0,XLSX,validated_ooxml_xlsx,1,3,511280,little,50 4b 03 04 14 00 06 00,0.587908,
extended_xl,XL-Synthetic_2_P__xlsx_small__lsb1.png,/home/kali/Desktop/stego_dataset_expanded/stego_core_combined/XL-Synthetic_2_P__xlsx_small__lsb1.png,XL-Synthetic_2_P.png,XL-Synthetic,2,P,png,P03.xlsx,xlsx,small,1,XLSX,/home/kali/stego_dataset_expanded/stego_core_combined/XL-Synthetic_2_P__xlsx_small__lsb1.png,ZIP,signature_pk_zip,0,XLSX,validated_ooxml_xlsx,1,3,8899,little,50 4b 03 04 14 00 06 00,0.518139,
extended_xl,XL-Synthetic_2_P__xlsx_small__lsb2.png,/home/kali/Desktop/stego_dataset_expanded/stego_core_combined/XL-Synthetic_2_P__xlsx_small__lsb2.png,XL-Synthetic_2_P.png,XL-Synthetic,2,P,png,P03.xlsx,xlsx,small,2,XLSX,/home/kali/stego_dataset_expanded/stego_core_combined/XL-Synthetic_2_P__xlsx_small__lsb2.png,ZIP,signature_pk_zip,0,XLSX,validated_ooxml_xlsx,1,3,8899,little,50 4b 03 04 14 00 06 00,0.535547,
extended_xl,XL-Synthetic_2_P__xlsx_small__lsb3.png,/home/kali/Desktop/stego_dataset_expanded/stego_core_combined/XL-Synthetic_2_P__xlsx_small__lsb3.png,XL-Synthetic_2_P.png,XL-Synthetic,2,P,png,P03.xlsx,xlsx,small,3,XLSX,/home/kali/stego_dataset_expanded/stego_core_combined/XL-Synthetic_2_P__xlsx_small__lsb3.png,ZIP,signature_pk_zip,0,XLSX,validated_ooxml_xlsx,1,3,8899,little,50 4b 03 04 14 00 06 00,0.613167,
extended_xl,XL-Synthetic_3_B__docx_large__lsb1.bmp,/home/kali/Desktop/stego_dataset_expanded/stego_core_combined/XL-Synthetic_3_B__docx_large__lsb1.bmp,XL-Synthetic_3_B.bmp,XL-Synthetic,3,B,bmp,P01.docx,docx,large,1,DOCX,/home/kali/stego_dataset_expanded/stego_core_combined/XL-Synthetic_3_B__docx_large__lsb1.bmp,ZIP,signature_pk_zip,0,DOCX,validated_ooxml_docx,1,4,1121154,little,50 4b 03 04 14 00 06 00,3.689899,
extended_xl,XL-Synthetic_3_B__docx_large__lsb2.bmp,/home/kali/Desktop/stego_dataset_expanded/stego_core_combined/XL-Synthetic_3_B__docx_large__lsb2.bmp,XL-Synthetic_3_B.bmp,XL-Synthetic,3,B,bmp,P01.docx,docx,large,2,DOCX,/home/kali/stego_dataset_expanded/stego_core_combined/XL-Synthetic_3_B__docx_large__lsb2.bmp,ZIP,signature_pk_zip,0,DOCX,validated_ooxml_docx,1,4,1121154,little,50 4b 03 04 14 00 06 00,3.187182,
extended_xl,XL-Synthetic_3_B__docx_large__lsb3.bmp,/home/kali/Desktop/stego_dataset_expanded/stego_core_combined/XL-Synthetic_3_B__docx_large__lsb3.bmp,XL-Synthetic_3_B.bmp,XL-Synthetic,3,B,bmp,P01.docx,docx,large,3,DOCX,/home/kali/stego_dataset_expanded/stego_core_combined/XL-Synthetic_3_B__docx_large__lsb3.bmp,ZIP,signature_pk_zip,0,DOCX,validated_ooxml_docx,1,4,1121154,little,50 4b 03 04 14 00 06 00,3.102935,
extended_xl,XL-Synthetic_3_B__docx_medium__lsb1.bmp,/home/kali/Desktop/stego_dataset_expanded/stego_core_combined/XL-Synthetic_3_B__docx_medium__lsb1.bmp,XL-Synthetic_3_B.bmp,XL-Synthetic,3,B,bmp,P01.docx,docx,medium,1,DOCX,/home/kali/stego_dataset_expanded/stego_core_combined/XL-Synthetic_3_B__docx_medium__lsb1.bmp,ZIP,signature_pk_zip,0,DOCX,validated_ooxml_docx,1,4,511127,little,50 4b 03 04 14 00 06 00,3.135580,
extended_xl,XL-Synthetic_3_B__docx_medium__lsb2.bmp,/home/kali/Desktop/stego_dataset_expanded/stego_core_combined/XL-Synthetic_3_B__docx_medium__lsb2.bmp,XL-Synthetic_3_B.bmp,XL-Synthetic,3,B,bmp,P01.docx,docx,medium,2,DOCX,/home/kali/stego_dataset_expanded/stego_core_combined/XL-Synthetic_3_B__docx_medium__lsb2.bmp,ZIP,signature_pk_zip,0,DOCX,validated_ooxml_docx,1,4,511127,little,50 4b 03 04 14 00 06 00,3.060324,
extended_xl,XL-Synthetic_3_B__docx_medium__lsb3.bmp,/home/kali/Desktop/stego_dataset_expanded/stego_core_combined/XL-Synthetic_3_B__docx_medium__lsb3.bmp,XL-Synthetic_3_B.bmp,XL-Synthetic,3,B,bmp,P01.docx,docx,medium,3,DOCX,/home/kali/stego_dataset_expanded/stego_core_combined/XL-Synthetic_3_B__docx_medium__lsb3.bmp,ZIP,signature_pk_zip,0,DOCX,validated_ooxml_docx,1,4,511127,little,50 4b 03 04 14 00 06 00,3.075824,
extended_xl,XL-Synthetic_3_B__docx_small__lsb1.bmp,/home/kali/Desktop/stego_dataset_expanded/stego_core_combined/XL-Synthetic_3_B__docx_small__lsb1.bmp,XL-Synthetic_3_B.bmp,XL-Synthetic,3,B,bmp,P01.docx,docx,small,1,DOCX,/home/kali/stego_dataset_expanded/stego_core_combined/XL-Synthetic_3_B__docx_small__lsb1.bmp,ZIP,signature_pk_zip,0,DOCX,validated_ooxml_docx,1,4,13432,little,50 4b 03 04 14 00 06 00,2.985313,
extended_xl,XL-Synthetic_3_B__docx_small__lsb2.bmp,/home/kali/Desktop/stego_dataset_expanded/stego_core_combined/XL-Synthetic_3_B__docx_small__lsb2.bmp,XL-Synthetic_3_B.bmp,XL-Synthetic,3,B,bmp,P01.docx,docx,small,2,DOCX,/home/kali/stego_dataset_expanded/stego_core_combined/XL-Synthetic_3_B__docx_small__lsb2.bmp,ZIP,signature_pk_zip,0,DOCX,validated_ooxml_docx,1,4,13432,little,50 4b 03 04 14 00 06 00,2.851056,
extended_xl,XL-Synthetic_3_B__docx_small__lsb3.bmp,/home/kali/Desktop/stego_dataset_expanded/stego_core_combined/XL-Synthetic_3_B__docx_small__lsb3.bmp,XL-Synthetic_3_B.bmp,XL-Synthetic,3,B,bmp,P01.docx,docx,small,3,DOCX,/home/kali/stego_dataset_expanded/stego_core_combined/XL-Synthetic_3_B__docx_small__lsb3.bmp,ZIP,signature_pk_zip,0,DOCX,validated_ooxml_docx,1,4,13432,little,50 4b 03 04 14 00 06 00,2.843609,
extended_xl,XL-Synthetic_3_B__exe_large__lsb1.bmp,/home/kali/Desktop/stego_dataset_expanded/stego_core_combined/XL-Synthetic_3_B__exe_large__lsb1.bmp,XL-Synthetic_3_B.bmp,XL-Synthetic,3,B,bmp,P06.exe,exe,large,1,EXE,/home/kali/stego_dataset_expanded/stego_core_combined/XL-Synthetic_3_B__exe_large__lsb1.bmp,EXE,signature_mz,1,EXE,validated_mz_pe_header,1,4,1017856,little,4d 5a 90 00 03 00 00 00,3.386425,
extended_xl,XL-Synthetic_3_B__exe_large__lsb2.bmp,/home/kali/Desktop/stego_dataset_expanded/stego_core_combined/XL-Synthetic_3_B__exe_large__lsb2.bmp,XL-Synthetic_3_B.bmp,XL-Synthetic,3,B,bmp,P06.exe,exe,large,2,EXE,/home/kali/stego_dataset_expanded/stego_core_combined/XL-Synthetic_3_B__exe_large__lsb2.bmp,EXE,signature_mz,1,EXE,validated_mz_pe_header,1,4,1017856,little,4d 5a 90 00 03 00 00 00,3.122122,
extended_xl,XL-Synthetic_3_B__exe_large__lsb3.bmp,/home/kali/Desktop/stego_dataset_expanded/stego_core_combined/XL-Synthetic_3_B__exe_large__lsb3.bmp,XL-Synthetic_3_B.bmp,XL-Synthetic,3,B,bmp,P06.exe,exe,large,3,EXE,/home/kali/stego_dataset_expanded/stego_core_combined/XL-Synthetic_3_B__exe_large__lsb3.bmp,EXE,signature_mz,1,EXE,validated_mz_pe_header,1,4,1017856,little,4d 5a 90 00 03 00 00 00,3.015784,
extended_xl,XL-Synthetic_3_B__exe_medium__lsb1.bmp,/home/kali/Desktop/stego_dataset_expanded/stego_core_combined/XL-Synthetic_3_B__exe_medium__lsb1.bmp,XL-Synthetic_3_B.bmp,XL-Synthetic,3,B,bmp,P06.exe,exe,medium,1,EXE,/home/kali/stego_dataset_expanded/stego_core_combined/XL-Synthetic_3_B__exe_medium__lsb1.bmp,EXE,signature_mz,1,EXE,validated_mz_pe_header,1,4,505856,little,4d 5a 90 00 03 00 00 00,3.075154,
extended_xl,XL-Synthetic_3_B__exe_medium__lsb2.bmp,/home/kali/Desktop/stego_dataset_expanded/stego_core_combined/XL-Synthetic_3_B__exe_medium__lsb2.bmp,XL-Synthetic_3_B.bmp,XL-Synthetic,3,B,bmp,P06.exe,exe,medium,2,EXE,/home/kali/stego_dataset_expanded/stego_core_combined/XL-Synthetic_3_B__exe_medium__lsb2.bmp,EXE,signature_mz,1,EXE,validated_mz_pe_header,1,4,505856,little,4d 5a 90 00 03 00 00 00,2.933824,
extended_xl,XL-Synthetic_3_B__exe_medium__lsb3.bmp,/home/kali/Desktop/stego_dataset_expanded/stego_core_combined/XL-Synthetic_3_B__exe_medium__lsb3.bmp,XL-Synthetic_3_B.bmp,XL-Synthetic,3,B,bmp,P06.exe,exe,medium,3,EXE,/home/kali/stego_dataset_expanded/stego_core_combined/XL-Synthetic_3_B__exe_medium__lsb3.bmp,EXE,signature_mz,1,EXE,validated_mz_pe_header,1,4,505856,little,4d 5a 90 00 03 00 00 00,2.917413,
extended_xl,XL-Synthetic_3_B__exe_small__lsb1.bmp,/home/kali/Desktop/stego_dataset_expanded/stego_core_combined/XL-Synthetic_3_B__exe_small__lsb1.bmp,XL-Synthetic_3_B.bmp,XL-Synthetic,3,B,bmp,P06.exe,exe,small,1,EXE,/home/kali/stego_dataset_expanded/stego_core_combined/XL-Synthetic_3_B__exe_small__lsb1.bmp,EXE,signature_mz,1,EXE,validated_mz_pe_header,1,4,40448,little,4d 5a 90 00 03 00 00 00,2.819945,
extended_xl,XL-Synthetic_3_B__exe_small__lsb2.bmp,/home/kali/Desktop/stego_dataset_expanded/stego_core_combined/XL-Synthetic_3_B__exe_small__lsb2.bmp,XL-Synthetic_3_B.bmp,XL-Synthetic,3,B,bmp,P06.exe,exe,small,2,EXE,/home/kali/stego_dataset_expanded/stego_core_combined/XL-Synthetic_3_B__exe_small__lsb2.bmp,EXE,signature_mz,1,EXE,validated_mz_pe_header,1,4,40448,little,4d 5a 90 00 03 00 00 00,2.855877,
extended_xl,XL-Synthetic_3_B__exe_small__lsb3.bmp,/home/kali/Desktop/stego_dataset_expanded/stego_core_combined/XL-Synthetic_3_B__exe_small__lsb3.bmp,XL-Synthetic_3_B.bmp,XL-Synthetic,3,B,bmp,P06.exe,exe,small,3,EXE,/home/kali/stego_dataset_expanded/stego_core_combined/XL-Synthetic_3_B__exe_small__lsb3.bmp,EXE,signature_mz,1,EXE,validated_mz_pe_header,1,4,40448,little,4d 5a 90 00 03 00 00 00,2.794935,
extended_xl,XL-Synthetic_3_B__pdf_large__lsb1.bmp,/home/kali/Desktop/stego_dataset_expanded/stego_core_combined/XL-Synthetic_3_B__pdf_large__lsb1.bmp,XL-Synthetic_3_B.bmp,XL-Synthetic,3,B,bmp,P02.pdf,pdf,large,1,PDF,/home/kali/stego_dataset_expanded/stego_core_combined/XL-Synthetic_3_B__pdf_large__lsb1.bmp,PDF,signature_pdf,1,PDF,validated_pdf_startxref_eof,1,4,1100144,little,25 50 44 46 2d 31 2e 33,3.293172,
extended_xl,XL-Synthetic_3_B__pdf_large__lsb2.bmp,/home/kali/Desktop/stego_dataset_expanded/stego_core_combined/XL-Synthetic_3_B__pdf_large__lsb2.bmp,XL-Synthetic_3_B.bmp,XL-Synthetic,3,B,bmp,P02.pdf,pdf,large,2,PDF,/home/kali/stego_dataset_expanded/stego_core_combined/XL-Synthetic_3_B__pdf_large__lsb2.bmp,PDF,signature_pdf,1,PDF,validated_pdf_startxref_eof,1,4,1100144,little,25 50 44 46 2d 31 2e 33,3.324253,
extended_xl,XL-Synthetic_3_B__pdf_large__lsb3.bmp,/home/kali/Desktop/stego_dataset_expanded/stego_core_combined/XL-Synthetic_3_B__pdf_large__lsb3.bmp,XL-Synthetic_3_B.bmp,XL-Synthetic,3,B,bmp,P02.pdf,pdf,large,3,PDF,/home/kali/stego_dataset_expanded/stego_core_combined/XL-Synthetic_3_B__pdf_large__lsb3.bmp,PDF,signature_pdf,1,PDF,validated_pdf_startxref_eof,1,4,1100144,little,25 50 44 46 2d 31 2e 33,3.125828,
extended_xl,XL-Synthetic_3_B__pdf_medium__lsb1.bmp,/home/kali/Desktop/stego_dataset_expanded/stego_core_combined/XL-Synthetic_3_B__pdf_medium__lsb1.bmp,XL-Synthetic_3_B.bmp,XL-Synthetic,3,B,bmp,P02.pdf,pdf,medium,1,PDF,/home/kali/stego_dataset_expanded/stego_core_combined/XL-Synthetic_3_B__pdf_medium__lsb1.bmp,PDF,signature_pdf,1,PDF,validated_pdf_startxref_eof,1,4,510410,little,25 50 44 46 2d 31 2e 37,3.111574,
extended_xl,XL-Synthetic_3_B__pdf_medium__lsb2.bmp,/home/kali/Desktop/stego_dataset_expanded/stego_core_combined/XL-Synthetic_3_B__pdf_medium__lsb2.bmp,XL-Synthetic_3_B.bmp,XL-Synthetic,3,B,bmp,P02.pdf,pdf,medium,2,PDF,/home/kali/stego_dataset_expanded/stego_core_combined/XL-Synthetic_3_B__pdf_medium__lsb2.bmp,PDF,signature_pdf,1,PDF,validated_pdf_startxref_eof,1,4,510410,little,25 50 44 46 2d 31 2e 37,3.023493,
extended_xl,XL-Synthetic_3_B__pdf_medium__lsb3.bmp,/home/kali/Desktop/stego_dataset_expanded/stego_core_combined/XL-Synthetic_3_B__pdf_medium__lsb3.bmp,XL-Synthetic_3_B.bmp,XL-Synthetic,3,B,bmp,P02.pdf,pdf,medium,3,PDF,/home/kali/stego_dataset_expanded/stego_core_combined/XL-Synthetic_3_B__pdf_medium__lsb3.bmp,PDF,signature_pdf,1,PDF,validated_pdf_startxref_eof,1,4,510410,little,25 50 44 46 2d 31 2e 37,2.864567,
extended_xl,XL-Synthetic_3_B__pdf_small__lsb1.bmp,/home/kali/Desktop/stego_dataset_expanded/stego_core_combined/XL-Synthetic_3_B__pdf_small__lsb1.bmp,XL-Synthetic_3_B.bmp,XL-Synthetic,3,B,bmp,P02.pdf,pdf,small,1,PDF,/home/kali/stego_dataset_expanded/stego_core_combined/XL-Synthetic_3_B__pdf_small__lsb1.bmp,PDF,signature_pdf,1,PDF,validated_pdf_startxref_eof,1,4,16620,little,25 50 44 46 2d 31 2e 37,2.806471,
extended_xl,XL-Synthetic_3_B__pdf_small__lsb2.bmp,/home/kali/Desktop/stego_dataset_expanded/stego_core_combined/XL-Synthetic_3_B__pdf_small__lsb2.bmp,XL-Synthetic_3_B.bmp,XL-Synthetic,3,B,bmp,P02.pdf,pdf,small,2,PDF,/home/kali/stego_dataset_expanded/stego_core_combined/XL-Synthetic_3_B__pdf_small__lsb2.bmp,PDF,signature_pdf,1,PDF,validated_pdf_startxref_eof,1,4,16620,little,25 50 44 46 2d 31 2e 37,2.814939,
extended_xl,XL-Synthetic_3_B__pdf_small__lsb3.bmp,/home/kali/Desktop/stego_dataset_expanded/stego_core_combined/XL-Synthetic_3_B__pdf_small__lsb3.bmp,XL-Synthetic_3_B.bmp,XL-Synthetic,3,B,bmp,P02.pdf,pdf,small,3,PDF,/home/kali/stego_dataset_expanded/stego_core_combined/XL-Synthetic_3_B__pdf_small__lsb3.bmp,PDF,signature_pdf,1,PDF,validated_pdf_startxref_eof,1,4,16620,little,25 50 44 46 2d 31 2e 37,2.816627,
extended_xl,XL-Synthetic_3_B__pptx_large__lsb1.bmp,/home/kali/Desktop/stego_dataset_expanded/stego_core_combined/XL-Synthetic_3_B__pptx_large__lsb1.bmp,XL-Synthetic_3_B.bmp,XL-Synthetic,3,B,bmp,P04.pptx,pptx,large,1,PPTX,/home/kali/stego_dataset_expanded/stego_core_combined/XL-Synthetic_3_B__pptx_large__lsb1.bmp,ZIP,signature_pk_zip,0,PPTX,validated_ooxml_pptx,1,4,1082610,little,50 4b 03 04 14 00 06 00,3.239911,
extended_xl,XL-Synthetic_3_B__pptx_large__lsb2.bmp,/home/kali/Desktop/stego_dataset_expanded/stego_core_combined/XL-Synthetic_3_B__pptx_large__lsb2.bmp,XL-Synthetic_3_B.bmp,XL-Synthetic,3,B,bmp,P04.pptx,pptx,large,2,PPTX,/home/kali/stego_dataset_expanded/stego_core_combined/XL-Synthetic_3_B__pptx_large__lsb2.bmp,ZIP,signature_pk_zip,0,PPTX,validated_ooxml_pptx,1,4,1082610,little,50 4b 03 04 14 00 06 00,3.167392,
extended_xl,XL-Synthetic_3_B__pptx_large__lsb3.bmp,/home/kali/Desktop/stego_dataset_expanded/stego_core_combined/XL-Synthetic_3_B__pptx_large__lsb3.bmp,XL-Synthetic_3_B.bmp,XL-Synthetic,3,B,bmp,P04.pptx,pptx,large,3,PPTX,/home/kali/stego_dataset_expanded/stego_core_combined/XL-Synthetic_3_B__pptx_large__lsb3.bmp,ZIP,signature_pk_zip,0,PPTX,validated_ooxml_pptx,1,4,1082610,little,50 4b 03 04 14 00 06 00,3.209181,
extended_xl,XL-Synthetic_3_B__pptx_medium__lsb1.bmp,/home/kali/Desktop/stego_dataset_expanded/stego_core_combined/XL-Synthetic_3_B__pptx_medium__lsb1.bmp,XL-Synthetic_3_B.bmp,XL-Synthetic,3,B,bmp,P04.pptx,pptx,medium,1,PPTX,/home/kali/stego_dataset_expanded/stego_core_combined/XL-Synthetic_3_B__pptx_medium__lsb1.bmp,ZIP,signature_pk_zip,0,PPTX,validated_ooxml_pptx,1,4,512113,little,50 4b 03 04 14 00 06 00,3.237934,
extended_xl,XL-Synthetic_3_B__pptx_medium__lsb2.bmp,/home/kali/Desktop/stego_dataset_expanded/stego_core_combined/XL-Synthetic_3_B__pptx_medium__lsb2.bmp,XL-Synthetic_3_B.bmp,XL-Synthetic,3,B,bmp,P04.pptx,pptx,medium,2,PPTX,/home/kali/stego_dataset_expanded/stego_core_combined/XL-Synthetic_3_B__pptx_medium__lsb2.bmp,ZIP,signature_pk_zip,0,PPTX,validated_ooxml_pptx,1,4,512113,little,50 4b 03 04 14 00 06 00,3.015811,
extended_xl,XL-Synthetic_3_B__pptx_medium__lsb3.bmp,/home/kali/Desktop/stego_dataset_expanded/stego_core_combined/XL-Synthetic_3_B__pptx_medium__lsb3.bmp,XL-Synthetic_3_B.bmp,XL-Synthetic,3,B,bmp,P04.pptx,pptx,medium,3,PPTX,/home/kali/stego_dataset_expanded/stego_core_combined/XL-Synthetic_3_B__pptx_medium__lsb3.bmp,ZIP,signature_pk_zip,0,PPTX,validated_ooxml_pptx,1,4,512113,little,50 4b 03 04 14 00 06 00,3.074890,
extended_xl,XL-Synthetic_3_B__pptx_small__lsb1.bmp,/home/kali/Desktop/stego_dataset_expanded/stego_core_combined/XL-Synthetic_3_B__pptx_small__lsb1.bmp,XL-Synthetic_3_B.bmp,XL-Synthetic,3,B,bmp,P04.pptx,pptx,small,1,PPTX,/home/kali/stego_dataset_expanded/stego_core_combined/XL-Synthetic_3_B__pptx_small__lsb1.bmp,ZIP,signature_pk_zip,0,PPTX,validated_ooxml_pptx,1,4,32020,little,50 4b 03 04 14 00 06 00,2.985035,
extended_xl,XL-Synthetic_3_B__pptx_small__lsb2.bmp,/home/kali/Desktop/stego_dataset_expanded/stego_core_combined/XL-Synthetic_3_B__pptx_small__lsb2.bmp,XL-Synthetic_3_B.bmp,XL-Synthetic,3,B,bmp,P04.pptx,pptx,small,2,PPTX,/home/kali/stego_dataset_expanded/stego_core_combined/XL-Synthetic_3_B__pptx_small__lsb2.bmp,ZIP,signature_pk_zip,0,PPTX,validated_ooxml_pptx,1,4,32020,little,50 4b 03 04 14 00 06 00,3.080883,
extended_xl,XL-Synthetic_3_B__pptx_small__lsb3.bmp,/home/kali/Desktop/stego_dataset_expanded/stego_core_combined/XL-Synthetic_3_B__pptx_small__lsb3.bmp,XL-Synthetic_3_B.bmp,XL-Synthetic,3,B,bmp,P04.pptx,pptx,small,3,PPTX,/home/kali/stego_dataset_expanded/stego_core_combined/XL-Synthetic_3_B__pptx_small__lsb3.bmp,ZIP,signature_pk_zip,0,PPTX,validated_ooxml_pptx,1,4,32020,little,50 4b 03 04 14 00 06 00,2.851474,
extended_xl,XL-Synthetic_3_B__rtf_large__lsb1.bmp,/home/kali/Desktop/stego_dataset_expanded/stego_core_combined/XL-Synthetic_3_B__rtf_large__lsb1.bmp,XL-Synthetic_3_B.bmp,XL-Synthetic,3,B,bmp,P05.rtf,rtf,large,1,RTF,/home/kali/stego_dataset_expanded/stego_core_combined/XL-Synthetic_3_B__rtf_large__lsb1.bmp,RTF,signature_rtf,1,RTF,validated_rtf_structure,1,4,1085026,little,7b 5c 72 74 66 31 5c 61,3.220005,
extended_xl,XL-Synthetic_3_B__rtf_large__lsb2.bmp,/home/kali/Desktop/stego_dataset_expanded/stego_core_combined/XL-Synthetic_3_B__rtf_large__lsb2.bmp,XL-Synthetic_3_B.bmp,XL-Synthetic,3,B,bmp,P05.rtf,rtf,large,2,RTF,/home/kali/stego_dataset_expanded/stego_core_combined/XL-Synthetic_3_B__rtf_large__lsb2.bmp,RTF,signature_rtf,1,RTF,validated_rtf_structure,1,4,1085026,little,7b 5c 72 74 66 31 5c 61,3.267475,
extended_xl,XL-Synthetic_3_B__rtf_large__lsb3.bmp,/home/kali/Desktop/stego_dataset_expanded/stego_core_combined/XL-Synthetic_3_B__rtf_large__lsb3.bmp,XL-Synthetic_3_B.bmp,XL-Synthetic,3,B,bmp,P05.rtf,rtf,large,3,RTF,/home/kali/stego_dataset_expanded/stego_core_combined/XL-Synthetic_3_B__rtf_large__lsb3.bmp,RTF,signature_rtf,1,RTF,validated_rtf_structure,1,4,1085026,little,7b 5c 72 74 66 31 5c 61,3.272591,
extended_xl,XL-Synthetic_3_B__rtf_medium__lsb1.bmp,/home/kali/Desktop/stego_dataset_expanded/stego_core_combined/XL-Synthetic_3_B__rtf_medium__lsb1.bmp,XL-Synthetic_3_B.bmp,XL-Synthetic,3,B,bmp,P05.rtf,rtf,medium,1,RTF,/home/kali/stego_dataset_expanded/stego_core_combined/XL-Synthetic_3_B__rtf_medium__lsb1.bmp,RTF,signature_rtf,1,RTF,validated_rtf_structure,1,4,511504,little,7b 5c 72 74 66 31 5c 61,4.100547,
extended_xl,XL-Synthetic_3_B__rtf_medium__lsb2.bmp,/home/kali/Desktop/stego_dataset_expanded/stego_core_combined/XL-Synthetic_3_B__rtf_medium__lsb2.bmp,XL-Synthetic_3_B.bmp,XL-Synthetic,3,B,bmp,P05.rtf,rtf,medium,2,RTF,/home/kali/stego_dataset_expanded/stego_core_combined/XL-Synthetic_3_B__rtf_medium__lsb2.bmp,RTF,signature_rtf,1,RTF,validated_rtf_structure,1,4,511504,little,7b 5c 72 74 66 31 5c 61,3.226721,
extended_xl,XL-Synthetic_3_B__rtf_medium__lsb3.bmp,/home/kali/Desktop/stego_dataset_expanded/stego_core_combined/XL-Synthetic_3_B__rtf_medium__lsb3.bmp,XL-Synthetic_3_B.bmp,XL-Synthetic,3,B,bmp,P05.rtf,rtf,medium,3,RTF,/home/kali/stego_dataset_expanded/stego_core_combined/XL-Synthetic_3_B__rtf_medium__lsb3.bmp,RTF,signature_rtf,1,RTF,validated_rtf_structure,1,4,511504,little,7b 5c 72 74 66 31 5c 61,3.243822,
extended_xl,XL-Synthetic_3_B__rtf_small__lsb1.bmp,/home/kali/Desktop/stego_dataset_expanded/stego_core_combined/XL-Synthetic_3_B__rtf_small__lsb1.bmp,XL-Synthetic_3_B.bmp,XL-Synthetic,3,B,bmp,P05.rtf,rtf,small,1,RTF,/home/kali/stego_dataset_expanded/stego_core_combined/XL-Synthetic_3_B__rtf_small__lsb1.bmp,RTF,signature_rtf,1,RTF,validated_rtf_structure,1,4,50275,little,7b 5c 72 74 66 31 5c 61,3.076846,
extended_xl,XL-Synthetic_3_B__rtf_small__lsb2.bmp,/home/kali/Desktop/stego_dataset_expanded/stego_core_combined/XL-Synthetic_3_B__rtf_small__lsb2.bmp,XL-Synthetic_3_B.bmp,XL-Synthetic,3,B,bmp,P05.rtf,rtf,small,2,RTF,/home/kali/stego_dataset_expanded/stego_core_combined/XL-Synthetic_3_B__rtf_small__lsb2.bmp,RTF,signature_rtf,1,RTF,validated_rtf_structure,1,4,50275,little,7b 5c 72 74 66 31 5c 61,3.138093,
extended_xl,XL-Synthetic_3_B__rtf_small__lsb3.bmp,/home/kali/Desktop/stego_dataset_expanded/stego_core_combined/XL-Synthetic_3_B__rtf_small__lsb3.bmp,XL-Synthetic_3_B.bmp,XL-Synthetic,3,B,bmp,P05.rtf,rtf,small,3,RTF,/home/kali/stego_dataset_expanded/stego_core_combined/XL-Synthetic_3_B__rtf_small__lsb3.bmp,RTF,signature_rtf,1,RTF,validated_rtf_structure,1,4,50275,little,7b 5c 72 74 66 31 5c 61,3.219941,
extended_xl,XL-Synthetic_3_B__xlsx_large__lsb1.bmp,/home/kali/Desktop/stego_dataset_expanded/stego_core_combined/XL-Synthetic_3_B__xlsx_large__lsb1.bmp,XL-Synthetic_3_B.bmp,XL-Synthetic,3,B,bmp,P03.xlsx,xlsx,large,1,XLSX,/home/kali/stego_dataset_expanded/stego_core_combined/XL-Synthetic_3_B__xlsx_large__lsb1.bmp,ZIP,signature_pk_zip,0,XLSX,validated_ooxml_xlsx,1,4,1090468,little,50 4b 03 04 14 00 06 00,3.662118,
extended_xl,XL-Synthetic_3_B__xlsx_large__lsb2.bmp,/home/kali/Desktop/stego_dataset_expanded/stego_core_combined/XL-Synthetic_3_B__xlsx_large__lsb2.bmp,XL-Synthetic_3_B.bmp,XL-Synthetic,3,B,bmp,P03.xlsx,xlsx,large,2,XLSX,/home/kali/stego_dataset_expanded/stego_core_combined/XL-Synthetic_3_B__xlsx_large__lsb2.bmp,ZIP,signature_pk_zip,0,XLSX,validated_ooxml_xlsx,1,4,1090468,little,50 4b 03 04 14 00 06 00,3.389084,
extended_xl,XL-Synthetic_3_B__xlsx_large__lsb3.bmp,/home/kali/Desktop/stego_dataset_expanded/stego_core_combined/XL-Synthetic_3_B__xlsx_large__lsb3.bmp,XL-Synthetic_3_B.bmp,XL-Synthetic,3,B,bmp,P03.xlsx,xlsx,large,3,XLSX,/home/kali/stego_dataset_expanded/stego_core_combined/XL-Synthetic_3_B__xlsx_large__lsb3.bmp,ZIP,signature_pk_zip,0,XLSX,validated_ooxml_xlsx,1,4,1090468,little,50 4b 03 04 14 00 06 00,3.314939,
extended_xl,XL-Synthetic_3_B__xlsx_medium__lsb1.bmp,/home/kali/Desktop/stego_dataset_expanded/stego_core_combined/XL-Synthetic_3_B__xlsx_medium__lsb1.bmp,XL-Synthetic_3_B.bmp,XL-Synthetic,3,B,bmp,P03.xlsx,xlsx,medium,1,XLSX,/home/kali/stego_dataset_expanded/stego_core_combined/XL-Synthetic_3_B__xlsx_medium__lsb1.bmp,ZIP,signature_pk_zip,0,XLSX,validated_ooxml_xlsx,1,4,511280,little,50 4b 03 04 14 00 06 00,4.118291,
extended_xl,XL-Synthetic_3_B__xlsx_medium__lsb2.bmp,/home/kali/Desktop/stego_dataset_expanded/stego_core_combined/XL-Synthetic_3_B__xlsx_medium__lsb2.bmp,XL-Synthetic_3_B.bmp,XL-Synthetic,3,B,bmp,P03.xlsx,xlsx,medium,2,XLSX,/home/kali/stego_dataset_expanded/stego_core_combined/XL-Synthetic_3_B__xlsx_medium__lsb2.bmp,ZIP,signature_pk_zip,0,XLSX,validated_ooxml_xlsx,1,4,511280,little,50 4b 03 04 14 00 06 00,3.316775,
extended_xl,XL-Synthetic_3_B__xlsx_medium__lsb3.bmp,/home/kali/Desktop/stego_dataset_expanded/stego_core_combined/XL-Synthetic_3_B__xlsx_medium__lsb3.bmp,XL-Synthetic_3_B.bmp,XL-Synthetic,3,B,bmp,P03.xlsx,xlsx,medium,3,XLSX,/home/kali/stego_dataset_expanded/stego_core_combined/XL-Synthetic_3_B__xlsx_medium__lsb3.bmp,ZIP,signature_pk_zip,0,XLSX,validated_ooxml_xlsx,1,4,511280,little,50 4b 03 04 14 00 06 00,3.194002,
extended_xl,XL-Synthetic_3_B__xlsx_small__lsb1.bmp,/home/kali/Desktop/stego_dataset_expanded/stego_core_combined/XL-Synthetic_3_B__xlsx_small__lsb1.bmp,XL-Synthetic_3_B.bmp,XL-Synthetic,3,B,bmp,P03.xlsx,xlsx,small,1,XLSX,/home/kali/stego_dataset_expanded/stego_core_combined/XL-Synthetic_3_B__xlsx_small__lsb1.bmp,ZIP,signature_pk_zip,0,XLSX,validated_ooxml_xlsx,1,4,8899,little,50 4b 03 04 14 00 06 00,3.186659,
extended_xl,XL-Synthetic_3_B__xlsx_small__lsb2.bmp,/home/kali/Desktop/stego_dataset_expanded/stego_core_combined/XL-Synthetic_3_B__xlsx_small__lsb2.bmp,XL-Synthetic_3_B.bmp,XL-Synthetic,3,B,bmp,P03.xlsx,xlsx,small,2,XLSX,/home/kali/stego_dataset_expanded/stego_core_combined/XL-Synthetic_3_B__xlsx_small__lsb2.bmp,ZIP,signature_pk_zip,0,XLSX,validated_ooxml_xlsx,1,4,8899,little,50 4b 03 04 14 00 06 00,3.068226,
extended_xl,XL-Synthetic_3_B__xlsx_small__lsb3.bmp,/home/kali/Desktop/stego_dataset_expanded/stego_core_combined/XL-Synthetic_3_B__xlsx_small__lsb3.bmp,XL-Synthetic_3_B.bmp,XL-Synthetic,3,B,bmp,P03.xlsx,xlsx,small,3,XLSX,/home/kali/stego_dataset_expanded/stego_core_combined/XL-Synthetic_3_B__xlsx_small__lsb3.bmp,ZIP,signature_pk_zip,0,XLSX,validated_ooxml_xlsx,1,4,8899,little,50 4b 03 04 14 00 06 00,3.092987,
extended_xl,XL-Synthetic_3_P__docx_large__lsb3.png,/home/kali/Desktop/stego_dataset_expanded/stego_core_combined/XL-Synthetic_3_P__docx_large__lsb3.png,XL-Synthetic_3_P.png,XL-Synthetic,3,P,png,P01.docx,docx,large,3,DOCX,/home/kali/stego_dataset_expanded/stego_core_combined/XL-Synthetic_3_P__docx_large__lsb3.png,ZIP,signature_pk_zip,0,DOCX,validated_ooxml_docx,1,3,1121154,little,50 4b 03 04 14 00 06 00,0.790077,
extended_xl,XL-Synthetic_3_P__docx_medium__lsb2.png,/home/kali/Desktop/stego_dataset_expanded/stego_core_combined/XL-Synthetic_3_P__docx_medium__lsb2.png,XL-Synthetic_3_P.png,XL-Synthetic,3,P,png,P01.docx,docx,medium,2,DOCX,/home/kali/stego_dataset_expanded/stego_core_combined/XL-Synthetic_3_P__docx_medium__lsb2.png,ZIP,signature_pk_zip,0,DOCX,validated_ooxml_docx,1,3,511127,little,50 4b 03 04 14 00 06 00,0.657990,
extended_xl,XL-Synthetic_3_P__docx_medium__lsb3.png,/home/kali/Desktop/stego_dataset_expanded/stego_core_combined/XL-Synthetic_3_P__docx_medium__lsb3.png,XL-Synthetic_3_P.png,XL-Synthetic,3,P,png,P01.docx,docx,medium,3,DOCX,/home/kali/stego_dataset_expanded/stego_core_combined/XL-Synthetic_3_P__docx_medium__lsb3.png,ZIP,signature_pk_zip,0,DOCX,validated_ooxml_docx,1,3,511127,little,50 4b 03 04 14 00 06 00,0.654748,
extended_xl,XL-Synthetic_3_P__docx_small__lsb1.png,/home/kali/Desktop/stego_dataset_expanded/stego_core_combined/XL-Synthetic_3_P__docx_small__lsb1.png,XL-Synthetic_3_P.png,XL-Synthetic,3,P,png,P01.docx,docx,small,1,DOCX,/home/kali/stego_dataset_expanded/stego_core_combined/XL-Synthetic_3_P__docx_small__lsb1.png,ZIP,signature_pk_zip,0,DOCX,validated_ooxml_docx,1,3,13432,little,50 4b 03 04 14 00 06 00,0.542527,
extended_xl,XL-Synthetic_3_P__docx_small__lsb2.png,/home/kali/Desktop/stego_dataset_expanded/stego_core_combined/XL-Synthetic_3_P__docx_small__lsb2.png,XL-Synthetic_3_P.png,XL-Synthetic,3,P,png,P01.docx,docx,small,2,DOCX,/home/kali/stego_dataset_expanded/stego_core_combined/XL-Synthetic_3_P__docx_small__lsb2.png,ZIP,signature_pk_zip,0,DOCX,validated_ooxml_docx,1,3,13432,little,50 4b 03 04 14 00 06 00,0.551084,
extended_xl,XL-Synthetic_3_P__docx_small__lsb3.png,/home/kali/Desktop/stego_dataset_expanded/stego_core_combined/XL-Synthetic_3_P__docx_small__lsb3.png,XL-Synthetic_3_P.png,XL-Synthetic,3,P,png,P01.docx,docx,small,3,DOCX,/home/kali/stego_dataset_expanded/stego_core_combined/XL-Synthetic_3_P__docx_small__lsb3.png,ZIP,signature_pk_zip,0,DOCX,validated_ooxml_docx,1,3,13432,little,50 4b 03 04 14 00 06 00,0.534248,
extended_xl,XL-Synthetic_3_P__exe_large__lsb3.png,/home/kali/Desktop/stego_dataset_expanded/stego_core_combined/XL-Synthetic_3_P__exe_large__lsb3.png,XL-Synthetic_3_P.png,XL-Synthetic,3,P,png,P06.exe,exe,large,3,EXE,/home/kali/stego_dataset_expanded/stego_core_combined/XL-Synthetic_3_P__exe_large__lsb3.png,EXE,signature_mz,1,EXE,validated_mz_pe_header,1,3,1017856,little,4d 5a 90 00 03 00 00 00,0.727565,
extended_xl,XL-Synthetic_3_P__exe_medium__lsb2.png,/home/kali/Desktop/stego_dataset_expanded/stego_core_combined/XL-Synthetic_3_P__exe_medium__lsb2.png,XL-Synthetic_3_P.png,XL-Synthetic,3,P,png,P06.exe,exe,medium,2,EXE,/home/kali/stego_dataset_expanded/stego_core_combined/XL-Synthetic_3_P__exe_medium__lsb2.png,EXE,signature_mz,1,EXE,validated_mz_pe_header,1,3,505856,little,4d 5a 90 00 03 00 00 00,0.732451,
extended_xl,XL-Synthetic_3_P__exe_medium__lsb3.png,/home/kali/Desktop/stego_dataset_expanded/stego_core_combined/XL-Synthetic_3_P__exe_medium__lsb3.png,XL-Synthetic_3_P.png,XL-Synthetic,3,P,png,P06.exe,exe,medium,3,EXE,/home/kali/stego_dataset_expanded/stego_core_combined/XL-Synthetic_3_P__exe_medium__lsb3.png,EXE,signature_mz,1,EXE,validated_mz_pe_header,1,3,505856,little,4d 5a 90 00 03 00 00 00,0.617524,
extended_xl,XL-Synthetic_3_P__exe_small__lsb1.png,/home/kali/Desktop/stego_dataset_expanded/stego_core_combined/XL-Synthetic_3_P__exe_small__lsb1.png,XL-Synthetic_3_P.png,XL-Synthetic,3,P,png,P06.exe,exe,small,1,EXE,/home/kali/stego_dataset_expanded/stego_core_combined/XL-Synthetic_3_P__exe_small__lsb1.png,EXE,signature_mz,1,EXE,validated_mz_pe_header,1,3,40448,little,4d 5a 90 00 03 00 00 00,0.552274,
extended_xl,XL-Synthetic_3_P__exe_small__lsb2.png,/home/kali/Desktop/stego_dataset_expanded/stego_core_combined/XL-Synthetic_3_P__exe_small__lsb2.png,XL-Synthetic_3_P.png,XL-Synthetic,3,P,png,P06.exe,exe,small,2,EXE,/home/kali/stego_dataset_expanded/stego_core_combined/XL-Synthetic_3_P__exe_small__lsb2.png,EXE,signature_mz,1,EXE,validated_mz_pe_header,1,3,40448,little,4d 5a 90 00 03 00 00 00,0.552378,
extended_xl,XL-Synthetic_3_P__exe_small__lsb3.png,/home/kali/Desktop/stego_dataset_expanded/stego_core_combined/XL-Synthetic_3_P__exe_small__lsb3.png,XL-Synthetic_3_P.png,XL-Synthetic,3,P,png,P06.exe,exe,small,3,EXE,/home/kali/stego_dataset_expanded/stego_core_combined/XL-Synthetic_3_P__exe_small__lsb3.png,EXE,signature_mz,1,EXE,validated_mz_pe_header,1,3,40448,little,4d 5a 90 00 03 00 00 00,0.578932,
extended_xl,XL-Synthetic_3_P__pdf_large__lsb3.png,/home/kali/Desktop/stego_dataset_expanded/stego_core_combined/XL-Synthetic_3_P__pdf_large__lsb3.png,XL-Synthetic_3_P.png,XL-Synthetic,3,P,png,P02.pdf,pdf,large,3,PDF,/home/kali/stego_dataset_expanded/stego_core_combined/XL-Synthetic_3_P__pdf_large__lsb3.png,PDF,signature_pdf,1,PDF,validated_pdf_startxref_eof,1,3,1100144,little,25 50 44 46 2d 31 2e 33,0.741388,
extended_xl,XL-Synthetic_3_P__pdf_medium__lsb2.png,/home/kali/Desktop/stego_dataset_expanded/stego_core_combined/XL-Synthetic_3_P__pdf_medium__lsb2.png,XL-Synthetic_3_P.png,XL-Synthetic,3,P,png,P02.pdf,pdf,medium,2,PDF,/home/kali/stego_dataset_expanded/stego_core_combined/XL-Synthetic_3_P__pdf_medium__lsb2.png,PDF,signature_pdf,1,PDF,validated_pdf_startxref_eof,1,3,510410,little,25 50 44 46 2d 31 2e 37,0.669397,
extended_xl,XL-Synthetic_3_P__pdf_medium__lsb3.png,/home/kali/Desktop/stego_dataset_expanded/stego_core_combined/XL-Synthetic_3_P__pdf_medium__lsb3.png,XL-Synthetic_3_P.png,XL-Synthetic,3,P,png,P02.pdf,pdf,medium,3,PDF,/home/kali/stego_dataset_expanded/stego_core_combined/XL-Synthetic_3_P__pdf_medium__lsb3.png,PDF,signature_pdf,1,PDF,validated_pdf_startxref_eof,1,3,510410,little,25 50 44 46 2d 31 2e 37,0.620115,
extended_xl,XL-Synthetic_3_P__pdf_small__lsb1.png,/home/kali/Desktop/stego_dataset_expanded/stego_core_combined/XL-Synthetic_3_P__pdf_small__lsb1.png,XL-Synthetic_3_P.png,XL-Synthetic,3,P,png,P02.pdf,pdf,small,1,PDF,/home/kali/stego_dataset_expanded/stego_core_combined/XL-Synthetic_3_P__pdf_small__lsb1.png,PDF,signature_pdf,1,PDF,validated_pdf_startxref_eof,1,3,16620,little,25 50 44 46 2d 31 2e 37,0.714568,
extended_xl,XL-Synthetic_3_P__pdf_small__lsb2.png,/home/kali/Desktop/stego_dataset_expanded/stego_core_combined/XL-Synthetic_3_P__pdf_small__lsb2.png,XL-Synthetic_3_P.png,XL-Synthetic,3,P,png,P02.pdf,pdf,small,2,PDF,/home/kali/stego_dataset_expanded/stego_core_combined/XL-Synthetic_3_P__pdf_small__lsb2.png,PDF,signature_pdf,1,PDF,validated_pdf_startxref_eof,1,3,16620,little,25 50 44 46 2d 31 2e 37,0.810444,
extended_xl,XL-Synthetic_3_P__pdf_small__lsb3.png,/home/kali/Desktop/stego_dataset_expanded/stego_core_combined/XL-Synthetic_3_P__pdf_small__lsb3.png,XL-Synthetic_3_P.png,XL-Synthetic,3,P,png,P02.pdf,pdf,small,3,PDF,/home/kali/stego_dataset_expanded/stego_core_combined/XL-Synthetic_3_P__pdf_small__lsb3.png,PDF,signature_pdf,1,PDF,validated_pdf_startxref_eof,1,3,16620,little,25 50 44 46 2d 31 2e 37,0.812206,
extended_xl,XL-Synthetic_3_P__pptx_large__lsb3.png,/home/kali/Desktop/stego_dataset_expanded/stego_core_combined/XL-Synthetic_3_P__pptx_large__lsb3.png,XL-Synthetic_3_P.png,XL-Synthetic,3,P,png,P04.pptx,pptx,large,3,PPTX,/home/kali/stego_dataset_expanded/stego_core_combined/XL-Synthetic_3_P__pptx_large__lsb3.png,ZIP,signature_pk_zip,0,PPTX,validated_ooxml_pptx,1,3,1082610,little,50 4b 03 04 14 00 06 00,0.882678,
extended_xl,XL-Synthetic_3_P__pptx_medium__lsb2.png,/home/kali/Desktop/stego_dataset_expanded/stego_core_combined/XL-Synthetic_3_P__pptx_medium__lsb2.png,XL-Synthetic_3_P.png,XL-Synthetic,3,P,png,P04.pptx,pptx,medium,2,PPTX,/home/kali/stego_dataset_expanded/stego_core_combined/XL-Synthetic_3_P__pptx_medium__lsb2.png,ZIP,signature_pk_zip,0,PPTX,validated_ooxml_pptx,1,3,512113,little,50 4b 03 04 14 00 06 00,0.691863,
extended_xl,XL-Synthetic_3_P__pptx_medium__lsb3.png,/home/kali/Desktop/stego_dataset_expanded/stego_core_combined/XL-Synthetic_3_P__pptx_medium__lsb3.png,XL-Synthetic_3_P.png,XL-Synthetic,3,P,png,P04.pptx,pptx,medium,3,PPTX,/home/kali/stego_dataset_expanded/stego_core_combined/XL-Synthetic_3_P__pptx_medium__lsb3.png,ZIP,signature_pk_zip,0,PPTX,validated_ooxml_pptx,1,3,512113,little,50 4b 03 04 14 00 06 00,0.630971,
extended_xl,XL-Synthetic_3_P__pptx_small__lsb1.png,/home/kali/Desktop/stego_dataset_expanded/stego_core_combined/XL-Synthetic_3_P__pptx_small__lsb1.png,XL-Synthetic_3_P.png,XL-Synthetic,3,P,png,P04.pptx,pptx,small,1,PPTX,/home/kali/stego_dataset_expanded/stego_core_combined/XL-Synthetic_3_P__pptx_small__lsb1.png,ZIP,signature_pk_zip,0,PPTX,validated_ooxml_pptx,1,3,32020,little,50 4b 03 04 14 00 06 00,0.561246,
extended_xl,XL-Synthetic_3_P__pptx_small__lsb2.png,/home/kali/Desktop/stego_dataset_expanded/stego_core_combined/XL-Synthetic_3_P__pptx_small__lsb2.png,XL-Synthetic_3_P.png,XL-Synthetic,3,P,png,P04.pptx,pptx,small,2,PPTX,/home/kali/stego_dataset_expanded/stego_core_combined/XL-Synthetic_3_P__pptx_small__lsb2.png,ZIP,signature_pk_zip,0,PPTX,validated_ooxml_pptx,1,3,32020,little,50 4b 03 04 14 00 06 00,0.579536,
extended_xl,XL-Synthetic_3_P__pptx_small__lsb3.png,/home/kali/Desktop/stego_dataset_expanded/stego_core_combined/XL-Synthetic_3_P__pptx_small__lsb3.png,XL-Synthetic_3_P.png,XL-Synthetic,3,P,png,P04.pptx,pptx,small,3,PPTX,/home/kali/stego_dataset_expanded/stego_core_combined/XL-Synthetic_3_P__pptx_small__lsb3.png,ZIP,signature_pk_zip,0,PPTX,validated_ooxml_pptx,1,3,32020,little,50 4b 03 04 14 00 06 00,0.519957,
extended_xl,XL-Synthetic_3_P__rtf_large__lsb3.png,/home/kali/Desktop/stego_dataset_expanded/stego_core_combined/XL-Synthetic_3_P__rtf_large__lsb3.png,XL-Synthetic_3_P.png,XL-Synthetic,3,P,png,P05.rtf,rtf,large,3,RTF,/home/kali/stego_dataset_expanded/stego_core_combined/XL-Synthetic_3_P__rtf_large__lsb3.png,RTF,signature_rtf,1,RTF,validated_rtf_structure,1,3,1085026,little,7b 5c 72 74 66 31 5c 61,0.701472,
extended_xl,XL-Synthetic_3_P__rtf_medium__lsb2.png,/home/kali/Desktop/stego_dataset_expanded/stego_core_combined/XL-Synthetic_3_P__rtf_medium__lsb2.png,XL-Synthetic_3_P.png,XL-Synthetic,3,P,png,P05.rtf,rtf,medium,2,RTF,/home/kali/stego_dataset_expanded/stego_core_combined/XL-Synthetic_3_P__rtf_medium__lsb2.png,RTF,signature_rtf,1,RTF,validated_rtf_structure,1,3,511504,little,7b 5c 72 74 66 31 5c 61,0.652519,
extended_xl,XL-Synthetic_3_P__rtf_medium__lsb3.png,/home/kali/Desktop/stego_dataset_expanded/stego_core_combined/XL-Synthetic_3_P__rtf_medium__lsb3.png,XL-Synthetic_3_P.png,XL-Synthetic,3,P,png,P05.rtf,rtf,medium,3,RTF,/home/kali/stego_dataset_expanded/stego_core_combined/XL-Synthetic_3_P__rtf_medium__lsb3.png,RTF,signature_rtf,1,RTF,validated_rtf_structure,1,3,511504,little,7b 5c 72 74 66 31 5c 61,0.653280,
extended_xl,XL-Synthetic_3_P__rtf_small__lsb1.png,/home/kali/Desktop/stego_dataset_expanded/stego_core_combined/XL-Synthetic_3_P__rtf_small__lsb1.png,XL-Synthetic_3_P.png,XL-Synthetic,3,P,png,P05.rtf,rtf,small,1,RTF,/home/kali/stego_dataset_expanded/stego_core_combined/XL-Synthetic_3_P__rtf_small__lsb1.png,RTF,signature_rtf,1,RTF,validated_rtf_structure,1,3,50275,little,7b 5c 72 74 66 31 5c 61,0.554189,
extended_xl,XL-Synthetic_3_P__rtf_small__lsb2.png,/home/kali/Desktop/stego_dataset_expanded/stego_core_combined/XL-Synthetic_3_P__rtf_small__lsb2.png,XL-Synthetic_3_P.png,XL-Synthetic,3,P,png,P05.rtf,rtf,small,2,RTF,/home/kali/stego_dataset_expanded/stego_core_combined/XL-Synthetic_3_P__rtf_small__lsb2.png,RTF,signature_rtf,1,RTF,validated_rtf_structure,1,3,50275,little,7b 5c 72 74 66 31 5c 61,0.544669,
extended_xl,XL-Synthetic_3_P__rtf_small__lsb3.png,/home/kali/Desktop/stego_dataset_expanded/stego_core_combined/XL-Synthetic_3_P__rtf_small__lsb3.png,XL-Synthetic_3_P.png,XL-Synthetic,3,P,png,P05.rtf,rtf,small,3,RTF,/home/kali/stego_dataset_expanded/stego_core_combined/XL-Synthetic_3_P__rtf_small__lsb3.png,RTF,signature_rtf,1,RTF,validated_rtf_structure,1,3,50275,little,7b 5c 72 74 66 31 5c 61,0.537501,
extended_xl,XL-Synthetic_3_P__xlsx_large__lsb3.png,/home/kali/Desktop/stego_dataset_expanded/stego_core_combined/XL-Synthetic_3_P__xlsx_large__lsb3.png,XL-Synthetic_3_P.png,XL-Synthetic,3,P,png,P03.xlsx,xlsx,large,3,XLSX,/home/kali/stego_dataset_expanded/stego_core_combined/XL-Synthetic_3_P__xlsx_large__lsb3.png,ZIP,signature_pk_zip,0,XLSX,validated_ooxml_xlsx,1,3,1090468,little,50 4b 03 04 14 00 06 00,0.770903,
extended_xl,XL-Synthetic_3_P__xlsx_medium__lsb2.png,/home/kali/Desktop/stego_dataset_expanded/stego_core_combined/XL-Synthetic_3_P__xlsx_medium__lsb2.png,XL-Synthetic_3_P.png,XL-Synthetic,3,P,png,P03.xlsx,xlsx,medium,2,XLSX,/home/kali/stego_dataset_expanded/stego_core_combined/XL-Synthetic_3_P__xlsx_medium__lsb2.png,ZIP,signature_pk_zip,0,XLSX,validated_ooxml_xlsx,1,3,511280,little,50 4b 03 04 14 00 06 00,0.724473,
extended_xl,XL-Synthetic_3_P__xlsx_medium__lsb3.png,/home/kali/Desktop/stego_dataset_expanded/stego_core_combined/XL-Synthetic_3_P__xlsx_medium__lsb3.png,XL-Synthetic_3_P.png,XL-Synthetic,3,P,png,P03.xlsx,xlsx,medium,3,XLSX,/home/kali/stego_dataset_expanded/stego_core_combined/XL-Synthetic_3_P__xlsx_medium__lsb3.png,ZIP,signature_pk_zip,0,XLSX,validated_ooxml_xlsx,1,3,511280,little,50 4b 03 04 14 00 06 00,0.634261,
extended_xl,XL-Synthetic_3_P__xlsx_small__lsb1.png,/home/kali/Desktop/stego_dataset_expanded/stego_core_combined/XL-Synthetic_3_P__xlsx_small__lsb1.png,XL-Synthetic_3_P.png,XL-Synthetic,3,P,png,P03.xlsx,xlsx,small,1,XLSX,/home/kali/stego_dataset_expanded/stego_core_combined/XL-Synthetic_3_P__xlsx_small__lsb1.png,ZIP,signature_pk_zip,0,XLSX,validated_ooxml_xlsx,1,3,8899,little,50 4b 03 04 14 00 06 00,0.565718,
extended_xl,XL-Synthetic_3_P__xlsx_small__lsb2.png,/home/kali/Desktop/stego_dataset_expanded/stego_core_combined/XL-Synthetic_3_P__xlsx_small__lsb2.png,XL-Synthetic_3_P.png,XL-Synthetic,3,P,png,P03.xlsx,xlsx,small,2,XLSX,/home/kali/stego_dataset_expanded/stego_core_combined/XL-Synthetic_3_P__xlsx_small__lsb2.png,ZIP,signature_pk_zip,0,XLSX,validated_ooxml_xlsx,1,3,8899,little,50 4b 03 04 14 00 06 00,0.581110,
extended_xl,XL-Synthetic_3_P__xlsx_small__lsb3.png,/home/kali/Desktop/stego_dataset_expanded/stego_core_combined/XL-Synthetic_3_P__xlsx_small__lsb3.png,XL-Synthetic_3_P.png,XL-Synthetic,3,P,png,P03.xlsx,xlsx,small,3,XLSX,/home/kali/stego_dataset_expanded/stego_core_combined/XL-Synthetic_3_P__xlsx_small__lsb3.png,ZIP,signature_pk_zip,0,XLSX,validated_ooxml_xlsx,1,3,8899,little,50 4b 03 04 14 00 06 00,0.573191,
extended_xl,XL-Synthetic_4_B__docx_large__lsb1.bmp,/home/kali/Desktop/stego_dataset_expanded/stego_core_combined/XL-Synthetic_4_B__docx_large__lsb1.bmp,XL-Synthetic_4_B.bmp,XL-Synthetic,4,B,bmp,P01.docx,docx,large,1,DOCX,/home/kali/stego_dataset_expanded/stego_core_combined/XL-Synthetic_4_B__docx_large__lsb1.bmp,ZIP,signature_pk_zip,0,DOCX,validated_ooxml_docx,1,4,1121154,little,50 4b 03 04 14 00 06 00,3.748204,
extended_xl,XL-Synthetic_4_B__docx_large__lsb2.bmp,/home/kali/Desktop/stego_dataset_expanded/stego_core_combined/XL-Synthetic_4_B__docx_large__lsb2.bmp,XL-Synthetic_4_B.bmp,XL-Synthetic,4,B,bmp,P01.docx,docx,large,2,DOCX,/home/kali/stego_dataset_expanded/stego_core_combined/XL-Synthetic_4_B__docx_large__lsb2.bmp,ZIP,signature_pk_zip,0,DOCX,validated_ooxml_docx,1,4,1121154,little,50 4b 03 04 14 00 06 00,3.485531,
extended_xl,XL-Synthetic_4_B__docx_large__lsb3.bmp,/home/kali/Desktop/stego_dataset_expanded/stego_core_combined/XL-Synthetic_4_B__docx_large__lsb3.bmp,XL-Synthetic_4_B.bmp,XL-Synthetic,4,B,bmp,P01.docx,docx,large,3,DOCX,/home/kali/stego_dataset_expanded/stego_core_combined/XL-Synthetic_4_B__docx_large__lsb3.bmp,ZIP,signature_pk_zip,0,DOCX,validated_ooxml_docx,1,4,1121154,little,50 4b 03 04 14 00 06 00,3.426366,
extended_xl,XL-Synthetic_4_B__docx_medium__lsb1.bmp,/home/kali/Desktop/stego_dataset_expanded/stego_core_combined/XL-Synthetic_4_B__docx_medium__lsb1.bmp,XL-Synthetic_4_B.bmp,XL-Synthetic,4,B,bmp,P01.docx,docx,medium,1,DOCX,/home/kali/stego_dataset_expanded/stego_core_combined/XL-Synthetic_4_B__docx_medium__lsb1.bmp,ZIP,signature_pk_zip,0,DOCX,validated_ooxml_docx,1,4,511127,little,50 4b 03 04 14 00 06 00,3.368469,
extended_xl,XL-Synthetic_4_B__docx_medium__lsb2.bmp,/home/kali/Desktop/stego_dataset_expanded/stego_core_combined/XL-Synthetic_4_B__docx_medium__lsb2.bmp,XL-Synthetic_4_B.bmp,XL-Synthetic,4,B,bmp,P01.docx,docx,medium,2,DOCX,/home/kali/stego_dataset_expanded/stego_core_combined/XL-Synthetic_4_B__docx_medium__lsb2.bmp,ZIP,signature_pk_zip,0,DOCX,validated_ooxml_docx,1,4,511127,little,50 4b 03 04 14 00 06 00,3.334743,
extended_xl,XL-Synthetic_4_B__docx_medium__lsb3.bmp,/home/kali/Desktop/stego_dataset_expanded/stego_core_combined/XL-Synthetic_4_B__docx_medium__lsb3.bmp,XL-Synthetic_4_B.bmp,XL-Synthetic,4,B,bmp,P01.docx,docx,medium,3,DOCX,/home/kali/stego_dataset_expanded/stego_core_combined/XL-Synthetic_4_B__docx_medium__lsb3.bmp,ZIP,signature_pk_zip,0,DOCX,validated_ooxml_docx,1,4,511127,little,50 4b 03 04 14 00 06 00,3.163033,
extended_xl,XL-Synthetic_4_B__docx_small__lsb1.bmp,/home/kali/Desktop/stego_dataset_expanded/stego_core_combined/XL-Synthetic_4_B__docx_small__lsb1.bmp,XL-Synthetic_4_B.bmp,XL-Synthetic,4,B,bmp,P01.docx,docx,small,1,DOCX,/home/kali/stego_dataset_expanded/stego_core_combined/XL-Synthetic_4_B__docx_small__lsb1.bmp,ZIP,signature_pk_zip,0,DOCX,validated_ooxml_docx,1,4,13432,little,50 4b 03 04 14 00 06 00,3.030172,
extended_xl,XL-Synthetic_4_B__docx_small__lsb2.bmp,/home/kali/Desktop/stego_dataset_expanded/stego_core_combined/XL-Synthetic_4_B__docx_small__lsb2.bmp,XL-Synthetic_4_B.bmp,XL-Synthetic,4,B,bmp,P01.docx,docx,small,2,DOCX,/home/kali/stego_dataset_expanded/stego_core_combined/XL-Synthetic_4_B__docx_small__lsb2.bmp,ZIP,signature_pk_zip,0,DOCX,validated_ooxml_docx,1,4,13432,little,50 4b 03 04 14 00 06 00,3.074507,
extended_xl,XL-Synthetic_4_B__docx_small__lsb3.bmp,/home/kali/Desktop/stego_dataset_expanded/stego_core_combined/XL-Synthetic_4_B__docx_small__lsb3.bmp,XL-Synthetic_4_B.bmp,XL-Synthetic,4,B,bmp,P01.docx,docx,small,3,DOCX,/home/kali/stego_dataset_expanded/stego_core_combined/XL-Synthetic_4_B__docx_small__lsb3.bmp,ZIP,signature_pk_zip,0,DOCX,validated_ooxml_docx,1,4,13432,little,50 4b 03 04 14 00 06 00,3.135483,
extended_xl,XL-Synthetic_4_B__exe_large__lsb1.bmp,/home/kali/Desktop/stego_dataset_expanded/stego_core_combined/XL-Synthetic_4_B__exe_large__lsb1.bmp,XL-Synthetic_4_B.bmp,XL-Synthetic,4,B,bmp,P06.exe,exe,large,1,EXE,/home/kali/stego_dataset_expanded/stego_core_combined/XL-Synthetic_4_B__exe_large__lsb1.bmp,EXE,signature_mz,1,EXE,validated_mz_pe_header,1,4,1017856,little,4d 5a 90 00 03 00 00 00,3.841160,
extended_xl,XL-Synthetic_4_B__exe_large__lsb2.bmp,/home/kali/Desktop/stego_dataset_expanded/stego_core_combined/XL-Synthetic_4_B__exe_large__lsb2.bmp,XL-Synthetic_4_B.bmp,XL-Synthetic,4,B,bmp,P06.exe,exe,large,2,EXE,/home/kali/stego_dataset_expanded/stego_core_combined/XL-Synthetic_4_B__exe_large__lsb2.bmp,EXE,signature_mz,1,EXE,validated_mz_pe_header,1,4,1017856,little,4d 5a 90 00 03 00 00 00,3.338955,
extended_xl,XL-Synthetic_4_B__exe_large__lsb3.bmp,/home/kali/Desktop/stego_dataset_expanded/stego_core_combined/XL-Synthetic_4_B__exe_large__lsb3.bmp,XL-Synthetic_4_B.bmp,XL-Synthetic,4,B,bmp,P06.exe,exe,large,3,EXE,/home/kali/stego_dataset_expanded/stego_core_combined/XL-Synthetic_4_B__exe_large__lsb3.bmp,EXE,signature_mz,1,EXE,validated_mz_pe_header,1,4,1017856,little,4d 5a 90 00 03 00 00 00,3.191010,
extended_xl,XL-Synthetic_4_B__exe_medium__lsb1.bmp,/home/kali/Desktop/stego_dataset_expanded/stego_core_combined/XL-Synthetic_4_B__exe_medium__lsb1.bmp,XL-Synthetic_4_B.bmp,XL-Synthetic,4,B,bmp,P06.exe,exe,medium,1,EXE,/home/kali/stego_dataset_expanded/stego_core_combined/XL-Synthetic_4_B__exe_medium__lsb1.bmp,EXE,signature_mz,1,EXE,validated_mz_pe_header,1,4,505856,little,4d 5a 90 00 03 00 00 00,3.211122,
extended_xl,XL-Synthetic_4_B__exe_medium__lsb2.bmp,/home/kali/Desktop/stego_dataset_expanded/stego_core_combined/XL-Synthetic_4_B__exe_medium__lsb2.bmp,XL-Synthetic_4_B.bmp,XL-Synthetic,4,B,bmp,P06.exe,exe,medium,2,EXE,/home/kali/stego_dataset_expanded/stego_core_combined/XL-Synthetic_4_B__exe_medium__lsb2.bmp,EXE,signature_mz,1,EXE,validated_mz_pe_header,1,4,505856,little,4d 5a 90 00 03 00 00 00,3.378784,
extended_xl,XL-Synthetic_4_B__exe_medium__lsb3.bmp,/home/kali/Desktop/stego_dataset_expanded/stego_core_combined/XL-Synthetic_4_B__exe_medium__lsb3.bmp,XL-Synthetic_4_B.bmp,XL-Synthetic,4,B,bmp,P06.exe,exe,medium,3,EXE,/home/kali/stego_dataset_expanded/stego_core_combined/XL-Synthetic_4_B__exe_medium__lsb3.bmp,EXE,signature_mz,1,EXE,validated_mz_pe_header,1,4,505856,little,4d 5a 90 00 03 00 00 00,3.412360,
extended_xl,XL-Synthetic_4_B__exe_small__lsb1.bmp,/home/kali/Desktop/stego_dataset_expanded/stego_core_combined/XL-Synthetic_4_B__exe_small__lsb1.bmp,XL-Synthetic_4_B.bmp,XL-Synthetic,4,B,bmp,P06.exe,exe,small,1,EXE,/home/kali/stego_dataset_expanded/stego_core_combined/XL-Synthetic_4_B__exe_small__lsb1.bmp,EXE,signature_mz,1,EXE,validated_mz_pe_header,1,4,40448,little,4d 5a 90 00 03 00 00 00,3.089373,
extended_xl,XL-Synthetic_4_B__exe_small__lsb2.bmp,/home/kali/Desktop/stego_dataset_expanded/stego_core_combined/XL-Synthetic_4_B__exe_small__lsb2.bmp,XL-Synthetic_4_B.bmp,XL-Synthetic,4,B,bmp,P06.exe,exe,small,2,EXE,/home/kali/stego_dataset_expanded/stego_core_combined/XL-Synthetic_4_B__exe_small__lsb2.bmp,EXE,signature_mz,1,EXE,validated_mz_pe_header,1,4,40448,little,4d 5a 90 00 03 00 00 00,3.076962,
extended_xl,XL-Synthetic_4_B__exe_small__lsb3.bmp,/home/kali/Desktop/stego_dataset_expanded/stego_core_combined/XL-Synthetic_4_B__exe_small__lsb3.bmp,XL-Synthetic_4_B.bmp,XL-Synthetic,4,B,bmp,P06.exe,exe,small,3,EXE,/home/kali/stego_dataset_expanded/stego_core_combined/XL-Synthetic_4_B__exe_small__lsb3.bmp,EXE,signature_mz,1,EXE,validated_mz_pe_header,1,4,40448,little,4d 5a 90 00 03 00 00 00,3.069893,
extended_xl,XL-Synthetic_4_B__pdf_large__lsb1.bmp,/home/kali/Desktop/stego_dataset_expanded/stego_core_combined/XL-Synthetic_4_B__pdf_large__lsb1.bmp,XL-Synthetic_4_B.bmp,XL-Synthetic,4,B,bmp,P02.pdf,pdf,large,1,PDF,/home/kali/stego_dataset_expanded/stego_core_combined/XL-Synthetic_4_B__pdf_large__lsb1.bmp,PDF,signature_pdf,1,PDF,validated_pdf_startxref_eof,1,4,1100144,little,25 50 44 46 2d 31 2e 33,3.517219,
extended_xl,XL-Synthetic_4_B__pdf_large__lsb2.bmp,/home/kali/Desktop/stego_dataset_expanded/stego_core_combined/XL-Synthetic_4_B__pdf_large__lsb2.bmp,XL-Synthetic_4_B.bmp,XL-Synthetic,4,B,bmp,P02.pdf,pdf,large,2,PDF,/home/kali/stego_dataset_expanded/stego_core_combined/XL-Synthetic_4_B__pdf_large__lsb2.bmp,PDF,signature_pdf,1,PDF,validated_pdf_startxref_eof,1,4,1100144,little,25 50 44 46 2d 31 2e 33,3.279535,
extended_xl,XL-Synthetic_4_B__pdf_large__lsb3.bmp,/home/kali/Desktop/stego_dataset_expanded/stego_core_combined/XL-Synthetic_4_B__pdf_large__lsb3.bmp,XL-Synthetic_4_B.bmp,XL-Synthetic,4,B,bmp,P02.pdf,pdf,large,3,PDF,/home/kali/stego_dataset_expanded/stego_core_combined/XL-Synthetic_4_B__pdf_large__lsb3.bmp,PDF,signature_pdf,1,PDF,validated_pdf_startxref_eof,1,4,1100144,little,25 50 44 46 2d 31 2e 33,3.399019,
extended_xl,XL-Synthetic_4_B__pdf_medium__lsb1.bmp,/home/kali/Desktop/stego_dataset_expanded/stego_core_combined/XL-Synthetic_4_B__pdf_medium__lsb1.bmp,XL-Synthetic_4_B.bmp,XL-Synthetic,4,B,bmp,P02.pdf,pdf,medium,1,PDF,/home/kali/stego_dataset_expanded/stego_core_combined/XL-Synthetic_4_B__pdf_medium__lsb1.bmp,PDF,signature_pdf,1,PDF,validated_pdf_startxref_eof,1,4,510410,little,25 50 44 46 2d 31 2e 37,3.245724,
extended_xl,XL-Synthetic_4_B__pdf_medium__lsb2.bmp,/home/kali/Desktop/stego_dataset_expanded/stego_core_combined/XL-Synthetic_4_B__pdf_medium__lsb2.bmp,XL-Synthetic_4_B.bmp,XL-Synthetic,4,B,bmp,P02.pdf,pdf,medium,2,PDF,/home/kali/stego_dataset_expanded/stego_core_combined/XL-Synthetic_4_B__pdf_medium__lsb2.bmp,PDF,signature_pdf,1,PDF,validated_pdf_startxref_eof,1,4,510410,little,25 50 44 46 2d 31 2e 37,3.228249,
extended_xl,XL-Synthetic_4_B__pdf_medium__lsb3.bmp,/home/kali/Desktop/stego_dataset_expanded/stego_core_combined/XL-Synthetic_4_B__pdf_medium__lsb3.bmp,XL-Synthetic_4_B.bmp,XL-Synthetic,4,B,bmp,P02.pdf,pdf,medium,3,PDF,/home/kali/stego_dataset_expanded/stego_core_combined/XL-Synthetic_4_B__pdf_medium__lsb3.bmp,PDF,signature_pdf,1,PDF,validated_pdf_startxref_eof,1,4,510410,little,25 50 44 46 2d 31 2e 37,3.293963,
extended_xl,XL-Synthetic_4_B__pdf_small__lsb1.bmp,/home/kali/Desktop/stego_dataset_expanded/stego_core_combined/XL-Synthetic_4_B__pdf_small__lsb1.bmp,XL-Synthetic_4_B.bmp,XL-Synthetic,4,B,bmp,P02.pdf,pdf,small,1,PDF,/home/kali/stego_dataset_expanded/stego_core_combined/XL-Synthetic_4_B__pdf_small__lsb1.bmp,PDF,signature_pdf,1,PDF,validated_pdf_startxref_eof,1,4,16620,little,25 50 44 46 2d 31 2e 37,3.105047,
extended_xl,XL-Synthetic_4_B__pdf_small__lsb2.bmp,/home/kali/Desktop/stego_dataset_expanded/stego_core_combined/XL-Synthetic_4_B__pdf_small__lsb2.bmp,XL-Synthetic_4_B.bmp,XL-Synthetic,4,B,bmp,P02.pdf,pdf,small,2,PDF,/home/kali/stego_dataset_expanded/stego_core_combined/XL-Synthetic_4_B__pdf_small__lsb2.bmp,PDF,signature_pdf,1,PDF,validated_pdf_startxref_eof,1,4,16620,little,25 50 44 46 2d 31 2e 37,3.118315,
extended_xl,XL-Synthetic_4_B__pdf_small__lsb3.bmp,/home/kali/Desktop/stego_dataset_expanded/stego_core_combined/XL-Synthetic_4_B__pdf_small__lsb3.bmp,XL-Synthetic_4_B.bmp,XL-Synthetic,4,B,bmp,P02.pdf,pdf,small,3,PDF,/home/kali/stego_dataset_expanded/stego_core_combined/XL-Synthetic_4_B__pdf_small__lsb3.bmp,PDF,signature_pdf,1,PDF,validated_pdf_startxref_eof,1,4,16620,little,25 50 44 46 2d 31 2e 37,3.116310,
extended_xl,XL-Synthetic_4_B__pptx_large__lsb1.bmp,/home/kali/Desktop/stego_dataset_expanded/stego_core_combined/XL-Synthetic_4_B__pptx_large__lsb1.bmp,XL-Synthetic_4_B.bmp,XL-Synthetic,4,B,bmp,P04.pptx,pptx,large,1,PPTX,/home/kali/stego_dataset_expanded/stego_core_combined/XL-Synthetic_4_B__pptx_large__lsb1.bmp,ZIP,signature_pk_zip,0,PPTX,validated_ooxml_pptx,1,4,1082610,little,50 4b 03 04 14 00 06 00,3.570825,
extended_xl,XL-Synthetic_4_B__pptx_large__lsb2.bmp,/home/kali/Desktop/stego_dataset_expanded/stego_core_combined/XL-Synthetic_4_B__pptx_large__lsb2.bmp,XL-Synthetic_4_B.bmp,XL-Synthetic,4,B,bmp,P04.pptx,pptx,large,2,PPTX,/home/kali/stego_dataset_expanded/stego_core_combined/XL-Synthetic_4_B__pptx_large__lsb2.bmp,ZIP,signature_pk_zip,0,PPTX,validated_ooxml_pptx,1,4,1082610,little,50 4b 03 04 14 00 06 00,3.321184,
extended_xl,XL-Synthetic_4_B__pptx_large__lsb3.bmp,/home/kali/Desktop/stego_dataset_expanded/stego_core_combined/XL-Synthetic_4_B__pptx_large__lsb3.bmp,XL-Synthetic_4_B.bmp,XL-Synthetic,4,B,bmp,P04.pptx,pptx,large,3,PPTX,/home/kali/stego_dataset_expanded/stego_core_combined/XL-Synthetic_4_B__pptx_large__lsb3.bmp,ZIP,signature_pk_zip,0,PPTX,validated_ooxml_pptx,1,4,1082610,little,50 4b 03 04 14 00 06 00,3.241467,
extended_xl,XL-Synthetic_4_B__pptx_medium__lsb1.bmp,/home/kali/Desktop/stego_dataset_expanded/stego_core_combined/XL-Synthetic_4_B__pptx_medium__lsb1.bmp,XL-Synthetic_4_B.bmp,XL-Synthetic,4,B,bmp,P04.pptx,pptx,medium,1,PPTX,/home/kali/stego_dataset_expanded/stego_core_combined/XL-Synthetic_4_B__pptx_medium__lsb1.bmp,ZIP,signature_pk_zip,0,PPTX,validated_ooxml_pptx,1,4,512113,little,50 4b 03 04 14 00 06 00,3.254441,
extended_xl,XL-Synthetic_4_B__pptx_medium__lsb2.bmp,/home/kali/Desktop/stego_dataset_expanded/stego_core_combined/XL-Synthetic_4_B__pptx_medium__lsb2.bmp,XL-Synthetic_4_B.bmp,XL-Synthetic,4,B,bmp,P04.pptx,pptx,medium,2,PPTX,/home/kali/stego_dataset_expanded/stego_core_combined/XL-Synthetic_4_B__pptx_medium__lsb2.bmp,ZIP,signature_pk_zip,0,PPTX,validated_ooxml_pptx,1,4,512113,little,50 4b 03 04 14 00 06 00,3.238768,
extended_xl,XL-Synthetic_4_B__pptx_medium__lsb3.bmp,/home/kali/Desktop/stego_dataset_expanded/stego_core_combined/XL-Synthetic_4_B__pptx_medium__lsb3.bmp,XL-Synthetic_4_B.bmp,XL-Synthetic,4,B,bmp,P04.pptx,pptx,medium,3,PPTX,/home/kali/stego_dataset_expanded/stego_core_combined/XL-Synthetic_4_B__pptx_medium__lsb3.bmp,ZIP,signature_pk_zip,0,PPTX,validated_ooxml_pptx,1,4,512113,little,50 4b 03 04 14 00 06 00,3.495695,
extended_xl,XL-Synthetic_4_B__pptx_small__lsb1.bmp,/home/kali/Desktop/stego_dataset_expanded/stego_core_combined/XL-Synthetic_4_B__pptx_small__lsb1.bmp,XL-Synthetic_4_B.bmp,XL-Synthetic,4,B,bmp,P04.pptx,pptx,small,1,PPTX,/home/kali/stego_dataset_expanded/stego_core_combined/XL-Synthetic_4_B__pptx_small__lsb1.bmp,ZIP,signature_pk_zip,0,PPTX,validated_ooxml_pptx,1,4,32020,little,50 4b 03 04 14 00 06 00,3.221673,
extended_xl,XL-Synthetic_4_B__pptx_small__lsb2.bmp,/home/kali/Desktop/stego_dataset_expanded/stego_core_combined/XL-Synthetic_4_B__pptx_small__lsb2.bmp,XL-Synthetic_4_B.bmp,XL-Synthetic,4,B,bmp,P04.pptx,pptx,small,2,PPTX,/home/kali/stego_dataset_expanded/stego_core_combined/XL-Synthetic_4_B__pptx_small__lsb2.bmp,ZIP,signature_pk_zip,0,PPTX,validated_ooxml_pptx,1,4,32020,little,50 4b 03 04 14 00 06 00,3.031138,
extended_xl,XL-Synthetic_4_B__pptx_small__lsb3.bmp,/home/kali/Desktop/stego_dataset_expanded/stego_core_combined/XL-Synthetic_4_B__pptx_small__lsb3.bmp,XL-Synthetic_4_B.bmp,XL-Synthetic,4,B,bmp,P04.pptx,pptx,small,3,PPTX,/home/kali/stego_dataset_expanded/stego_core_combined/XL-Synthetic_4_B__pptx_small__lsb3.bmp,ZIP,signature_pk_zip,0,PPTX,validated_ooxml_pptx,1,4,32020,little,50 4b 03 04 14 00 06 00,3.181828,
extended_xl,XL-Synthetic_4_B__rtf_large__lsb1.bmp,/home/kali/Desktop/stego_dataset_expanded/stego_core_combined/XL-Synthetic_4_B__rtf_large__lsb1.bmp,XL-Synthetic_4_B.bmp,XL-Synthetic,4,B,bmp,P05.rtf,rtf,large,1,RTF,/home/kali/stego_dataset_expanded/stego_core_combined/XL-Synthetic_4_B__rtf_large__lsb1.bmp,RTF,signature_rtf,1,RTF,validated_rtf_structure,1,4,1085026,little,7b 5c 72 74 66 31 5c 61,3.415654,
extended_xl,XL-Synthetic_4_B__rtf_large__lsb2.bmp,/home/kali/Desktop/stego_dataset_expanded/stego_core_combined/XL-Synthetic_4_B__rtf_large__lsb2.bmp,XL-Synthetic_4_B.bmp,XL-Synthetic,4,B,bmp,P05.rtf,rtf,large,2,RTF,/home/kali/stego_dataset_expanded/stego_core_combined/XL-Synthetic_4_B__rtf_large__lsb2.bmp,RTF,signature_rtf,1,RTF,validated_rtf_structure,1,4,1085026,little,7b 5c 72 74 66 31 5c 61,3.314641,
extended_xl,XL-Synthetic_4_B__rtf_large__lsb3.bmp,/home/kali/Desktop/stego_dataset_expanded/stego_core_combined/XL-Synthetic_4_B__rtf_large__lsb3.bmp,XL-Synthetic_4_B.bmp,XL-Synthetic,4,B,bmp,P05.rtf,rtf,large,3,RTF,/home/kali/stego_dataset_expanded/stego_core_combined/XL-Synthetic_4_B__rtf_large__lsb3.bmp,RTF,signature_rtf,1,RTF,validated_rtf_structure,1,4,1085026,little,7b 5c 72 74 66 31 5c 61,3.210259,
extended_xl,XL-Synthetic_4_B__rtf_medium__lsb1.bmp,/home/kali/Desktop/stego_dataset_expanded/stego_core_combined/XL-Synthetic_4_B__rtf_medium__lsb1.bmp,XL-Synthetic_4_B.bmp,XL-Synthetic,4,B,bmp,P05.rtf,rtf,medium,1,RTF,/home/kali/stego_dataset_expanded/stego_core_combined/XL-Synthetic_4_B__rtf_medium__lsb1.bmp,RTF,signature_rtf,1,RTF,validated_rtf_structure,1,4,511504,little,7b 5c 72 74 66 31 5c 61,3.275180,
extended_xl,XL-Synthetic_4_B__rtf_medium__lsb2.bmp,/home/kali/Desktop/stego_dataset_expanded/stego_core_combined/XL-Synthetic_4_B__rtf_medium__lsb2.bmp,XL-Synthetic_4_B.bmp,XL-Synthetic,4,B,bmp,P05.rtf,rtf,medium,2,RTF,/home/kali/stego_dataset_expanded/stego_core_combined/XL-Synthetic_4_B__rtf_medium__lsb2.bmp,RTF,signature_rtf,1,RTF,validated_rtf_structure,1,4,511504,little,7b 5c 72 74 66 31 5c 61,3.193190,
extended_xl,XL-Synthetic_4_B__rtf_medium__lsb3.bmp,/home/kali/Desktop/stego_dataset_expanded/stego_core_combined/XL-Synthetic_4_B__rtf_medium__lsb3.bmp,XL-Synthetic_4_B.bmp,XL-Synthetic,4,B,bmp,P05.rtf,rtf,medium,3,RTF,/home/kali/stego_dataset_expanded/stego_core_combined/XL-Synthetic_4_B__rtf_medium__lsb3.bmp,RTF,signature_rtf,1,RTF,validated_rtf_structure,1,4,511504,little,7b 5c 72 74 66 31 5c 61,3.221060,
extended_xl,XL-Synthetic_4_B__rtf_small__lsb1.bmp,/home/kali/Desktop/stego_dataset_expanded/stego_core_combined/XL-Synthetic_4_B__rtf_small__lsb1.bmp,XL-Synthetic_4_B.bmp,XL-Synthetic,4,B,bmp,P05.rtf,rtf,small,1,RTF,/home/kali/stego_dataset_expanded/stego_core_combined/XL-Synthetic_4_B__rtf_small__lsb1.bmp,RTF,signature_rtf,1,RTF,validated_rtf_structure,1,4,50275,little,7b 5c 72 74 66 31 5c 61,3.123529,
extended_xl,XL-Synthetic_4_B__rtf_small__lsb2.bmp,/home/kali/Desktop/stego_dataset_expanded/stego_core_combined/XL-Synthetic_4_B__rtf_small__lsb2.bmp,XL-Synthetic_4_B.bmp,XL-Synthetic,4,B,bmp,P05.rtf,rtf,small,2,RTF,/home/kali/stego_dataset_expanded/stego_core_combined/XL-Synthetic_4_B__rtf_small__lsb2.bmp,RTF,signature_rtf,1,RTF,validated_rtf_structure,1,4,50275,little,7b 5c 72 74 66 31 5c 61,3.115237,
extended_xl,XL-Synthetic_4_B__rtf_small__lsb3.bmp,/home/kali/Desktop/stego_dataset_expanded/stego_core_combined/XL-Synthetic_4_B__rtf_small__lsb3.bmp,XL-Synthetic_4_B.bmp,XL-Synthetic,4,B,bmp,P05.rtf,rtf,small,3,RTF,/home/kali/stego_dataset_expanded/stego_core_combined/XL-Synthetic_4_B__rtf_small__lsb3.bmp,RTF,signature_rtf,1,RTF,validated_rtf_structure,1,4,50275,little,7b 5c 72 74 66 31 5c 61,3.032277,
extended_xl,XL-Synthetic_4_B__xlsx_large__lsb1.bmp,/home/kali/Desktop/stego_dataset_expanded/stego_core_combined/XL-Synthetic_4_B__xlsx_large__lsb1.bmp,XL-Synthetic_4_B.bmp,XL-Synthetic,4,B,bmp,P03.xlsx,xlsx,large,1,XLSX,/home/kali/stego_dataset_expanded/stego_core_combined/XL-Synthetic_4_B__xlsx_large__lsb1.bmp,ZIP,signature_pk_zip,0,XLSX,validated_ooxml_xlsx,1,4,1090468,little,50 4b 03 04 14 00 06 00,3.544332,
extended_xl,XL-Synthetic_4_B__xlsx_large__lsb2.bmp,/home/kali/Desktop/stego_dataset_expanded/stego_core_combined/XL-Synthetic_4_B__xlsx_large__lsb2.bmp,XL-Synthetic_4_B.bmp,XL-Synthetic,4,B,bmp,P03.xlsx,xlsx,large,2,XLSX,/home/kali/stego_dataset_expanded/stego_core_combined/XL-Synthetic_4_B__xlsx_large__lsb2.bmp,ZIP,signature_pk_zip,0,XLSX,validated_ooxml_xlsx,1,4,1090468,little,50 4b 03 04 14 00 06 00,3.292140,
extended_xl,XL-Synthetic_4_B__xlsx_large__lsb3.bmp,/home/kali/Desktop/stego_dataset_expanded/stego_core_combined/XL-Synthetic_4_B__xlsx_large__lsb3.bmp,XL-Synthetic_4_B.bmp,XL-Synthetic,4,B,bmp,P03.xlsx,xlsx,large,3,XLSX,/home/kali/stego_dataset_expanded/stego_core_combined/XL-Synthetic_4_B__xlsx_large__lsb3.bmp,ZIP,signature_pk_zip,0,XLSX,validated_ooxml_xlsx,1,4,1090468,little,50 4b 03 04 14 00 06 00,3.244693,
extended_xl,XL-Synthetic_4_B__xlsx_medium__lsb1.bmp,/home/kali/Desktop/stego_dataset_expanded/stego_core_combined/XL-Synthetic_4_B__xlsx_medium__lsb1.bmp,XL-Synthetic_4_B.bmp,XL-Synthetic,4,B,bmp,P03.xlsx,xlsx,medium,1,XLSX,/home/kali/stego_dataset_expanded/stego_core_combined/XL-Synthetic_4_B__xlsx_medium__lsb1.bmp,ZIP,signature_pk_zip,0,XLSX,validated_ooxml_xlsx,1,4,511280,little,50 4b 03 04 14 00 06 00,3.513734,
extended_xl,XL-Synthetic_4_B__xlsx_medium__lsb2.bmp,/home/kali/Desktop/stego_dataset_expanded/stego_core_combined/XL-Synthetic_4_B__xlsx_medium__lsb2.bmp,XL-Synthetic_4_B.bmp,XL-Synthetic,4,B,bmp,P03.xlsx,xlsx,medium,2,XLSX,/home/kali/stego_dataset_expanded/stego_core_combined/XL-Synthetic_4_B__xlsx_medium__lsb2.bmp,ZIP,signature_pk_zip,0,XLSX,validated_ooxml_xlsx,1,4,511280,little,50 4b 03 04 14 00 06 00,3.399949,
extended_xl,XL-Synthetic_4_B__xlsx_medium__lsb3.bmp,/home/kali/Desktop/stego_dataset_expanded/stego_core_combined/XL-Synthetic_4_B__xlsx_medium__lsb3.bmp,XL-Synthetic_4_B.bmp,XL-Synthetic,4,B,bmp,P03.xlsx,xlsx,medium,3,XLSX,/home/kali/stego_dataset_expanded/stego_core_combined/XL-Synthetic_4_B__xlsx_medium__lsb3.bmp,ZIP,signature_pk_zip,0,XLSX,validated_ooxml_xlsx,1,4,511280,little,50 4b 03 04 14 00 06 00,3.738847,
extended_xl,XL-Synthetic_4_B__xlsx_small__lsb1.bmp,/home/kali/Desktop/stego_dataset_expanded/stego_core_combined/XL-Synthetic_4_B__xlsx_small__lsb1.bmp,XL-Synthetic_4_B.bmp,XL-Synthetic,4,B,bmp,P03.xlsx,xlsx,small,1,XLSX,/home/kali/stego_dataset_expanded/stego_core_combined/XL-Synthetic_4_B__xlsx_small__lsb1.bmp,ZIP,signature_pk_zip,0,XLSX,validated_ooxml_xlsx,1,4,8899,little,50 4b 03 04 14 00 06 00,3.672973,
extended_xl,XL-Synthetic_4_B__xlsx_small__lsb2.bmp,/home/kali/Desktop/stego_dataset_expanded/stego_core_combined/XL-Synthetic_4_B__xlsx_small__lsb2.bmp,XL-Synthetic_4_B.bmp,XL-Synthetic,4,B,bmp,P03.xlsx,xlsx,small,2,XLSX,/home/kali/stego_dataset_expanded/stego_core_combined/XL-Synthetic_4_B__xlsx_small__lsb2.bmp,ZIP,signature_pk_zip,0,XLSX,validated_ooxml_xlsx,1,4,8899,little,50 4b 03 04 14 00 06 00,3.340591,
extended_xl,XL-Synthetic_4_B__xlsx_small__lsb3.bmp,/home/kali/Desktop/stego_dataset_expanded/stego_core_combined/XL-Synthetic_4_B__xlsx_small__lsb3.bmp,XL-Synthetic_4_B.bmp,XL-Synthetic,4,B,bmp,P03.xlsx,xlsx,small,3,XLSX,/home/kali/stego_dataset_expanded/stego_core_combined/XL-Synthetic_4_B__xlsx_small__lsb3.bmp,ZIP,signature_pk_zip,0,XLSX,validated_ooxml_xlsx,1,4,8899,little,50 4b 03 04 14 00 06 00,3.299245,
extended_xl,XL-Synthetic_4_P__docx_large__lsb3.png,/home/kali/Desktop/stego_dataset_expanded/stego_core_combined/XL-Synthetic_4_P__docx_large__lsb3.png,XL-Synthetic_4_P.png,XL-Synthetic,4,P,png,P01.docx,docx,large,3,DOCX,/home/kali/stego_dataset_expanded/stego_core_combined/XL-Synthetic_4_P__docx_large__lsb3.png,ZIP,signature_pk_zip,0,DOCX,validated_ooxml_docx,1,3,1121154,little,50 4b 03 04 14 00 06 00,0.728476,
extended_xl,XL-Synthetic_4_P__docx_medium__lsb2.png,/home/kali/Desktop/stego_dataset_expanded/stego_core_combined/XL-Synthetic_4_P__docx_medium__lsb2.png,XL-Synthetic_4_P.png,XL-Synthetic,4,P,png,P01.docx,docx,medium,2,DOCX,/home/kali/stego_dataset_expanded/stego_core_combined/XL-Synthetic_4_P__docx_medium__lsb2.png,ZIP,signature_pk_zip,0,DOCX,validated_ooxml_docx,1,3,511127,little,50 4b 03 04 14 00 06 00,0.670160,
extended_xl,XL-Synthetic_4_P__docx_medium__lsb3.png,/home/kali/Desktop/stego_dataset_expanded/stego_core_combined/XL-Synthetic_4_P__docx_medium__lsb3.png,XL-Synthetic_4_P.png,XL-Synthetic,4,P,png,P01.docx,docx,medium,3,DOCX,/home/kali/stego_dataset_expanded/stego_core_combined/XL-Synthetic_4_P__docx_medium__lsb3.png,ZIP,signature_pk_zip,0,DOCX,validated_ooxml_docx,1,3,511127,little,50 4b 03 04 14 00 06 00,0.626628,
extended_xl,XL-Synthetic_4_P__docx_small__lsb1.png,/home/kali/Desktop/stego_dataset_expanded/stego_core_combined/XL-Synthetic_4_P__docx_small__lsb1.png,XL-Synthetic_4_P.png,XL-Synthetic,4,P,png,P01.docx,docx,small,1,DOCX,/home/kali/stego_dataset_expanded/stego_core_combined/XL-Synthetic_4_P__docx_small__lsb1.png,ZIP,signature_pk_zip,0,DOCX,validated_ooxml_docx,1,3,13432,little,50 4b 03 04 14 00 06 00,0.529736,
extended_xl,XL-Synthetic_4_P__docx_small__lsb2.png,/home/kali/Desktop/stego_dataset_expanded/stego_core_combined/XL-Synthetic_4_P__docx_small__lsb2.png,XL-Synthetic_4_P.png,XL-Synthetic,4,P,png,P01.docx,docx,small,2,DOCX,/home/kali/stego_dataset_expanded/stego_core_combined/XL-Synthetic_4_P__docx_small__lsb2.png,ZIP,signature_pk_zip,0,DOCX,validated_ooxml_docx,1,3,13432,little,50 4b 03 04 14 00 06 00,0.559850,
extended_xl,XL-Synthetic_4_P__docx_small__lsb3.png,/home/kali/Desktop/stego_dataset_expanded/stego_core_combined/XL-Synthetic_4_P__docx_small__lsb3.png,XL-Synthetic_4_P.png,XL-Synthetic,4,P,png,P01.docx,docx,small,3,DOCX,/home/kali/stego_dataset_expanded/stego_core_combined/XL-Synthetic_4_P__docx_small__lsb3.png,ZIP,signature_pk_zip,0,DOCX,validated_ooxml_docx,1,3,13432,little,50 4b 03 04 14 00 06 00,0.543136,
extended_xl,XL-Synthetic_4_P__exe_large__lsb3.png,/home/kali/Desktop/stego_dataset_expanded/stego_core_combined/XL-Synthetic_4_P__exe_large__lsb3.png,XL-Synthetic_4_P.png,XL-Synthetic,4,P,png,P06.exe,exe,large,3,EXE,/home/kali/stego_dataset_expanded/stego_core_combined/XL-Synthetic_4_P__exe_large__lsb3.png,EXE,signature_mz,1,EXE,validated_mz_pe_header,1,3,1017856,little,4d 5a 90 00 03 00 00 00,0.742720,
extended_xl,XL-Synthetic_4_P__exe_medium__lsb2.png,/home/kali/Desktop/stego_dataset_expanded/stego_core_combined/XL-Synthetic_4_P__exe_medium__lsb2.png,XL-Synthetic_4_P.png,XL-Synthetic,4,P,png,P06.exe,exe,medium,2,EXE,/home/kali/stego_dataset_expanded/stego_core_combined/XL-Synthetic_4_P__exe_medium__lsb2.png,EXE,signature_mz,1,EXE,validated_mz_pe_header,1,3,505856,little,4d 5a 90 00 03 00 00 00,0.676655,
extended_xl,XL-Synthetic_4_P__exe_medium__lsb3.png,/home/kali/Desktop/stego_dataset_expanded/stego_core_combined/XL-Synthetic_4_P__exe_medium__lsb3.png,XL-Synthetic_4_P.png,XL-Synthetic,4,P,png,P06.exe,exe,medium,3,EXE,/home/kali/stego_dataset_expanded/stego_core_combined/XL-Synthetic_4_P__exe_medium__lsb3.png,EXE,signature_mz,1,EXE,validated_mz_pe_header,1,3,505856,little,4d 5a 90 00 03 00 00 00,0.642606,
extended_xl,XL-Synthetic_4_P__exe_small__lsb1.png,/home/kali/Desktop/stego_dataset_expanded/stego_core_combined/XL-Synthetic_4_P__exe_small__lsb1.png,XL-Synthetic_4_P.png,XL-Synthetic,4,P,png,P06.exe,exe,small,1,EXE,/home/kali/stego_dataset_expanded/stego_core_combined/XL-Synthetic_4_P__exe_small__lsb1.png,EXE,signature_mz,1,EXE,validated_mz_pe_header,1,3,40448,little,4d 5a 90 00 03 00 00 00,0.555346,
extended_xl,XL-Synthetic_4_P__exe_small__lsb2.png,/home/kali/Desktop/stego_dataset_expanded/stego_core_combined/XL-Synthetic_4_P__exe_small__lsb2.png,XL-Synthetic_4_P.png,XL-Synthetic,4,P,png,P06.exe,exe,small,2,EXE,/home/kali/stego_dataset_expanded/stego_core_combined/XL-Synthetic_4_P__exe_small__lsb2.png,EXE,signature_mz,1,EXE,validated_mz_pe_header,1,3,40448,little,4d 5a 90 00 03 00 00 00,0.599534,
extended_xl,XL-Synthetic_4_P__exe_small__lsb3.png,/home/kali/Desktop/stego_dataset_expanded/stego_core_combined/XL-Synthetic_4_P__exe_small__lsb3.png,XL-Synthetic_4_P.png,XL-Synthetic,4,P,png,P06.exe,exe,small,3,EXE,/home/kali/stego_dataset_expanded/stego_core_combined/XL-Synthetic_4_P__exe_small__lsb3.png,EXE,signature_mz,1,EXE,validated_mz_pe_header,1,3,40448,little,4d 5a 90 00 03 00 00 00,0.561600,
extended_xl,XL-Synthetic_4_P__pdf_large__lsb3.png,/home/kali/Desktop/stego_dataset_expanded/stego_core_combined/XL-Synthetic_4_P__pdf_large__lsb3.png,XL-Synthetic_4_P.png,XL-Synthetic,4,P,png,P02.pdf,pdf,large,3,PDF,/home/kali/stego_dataset_expanded/stego_core_combined/XL-Synthetic_4_P__pdf_large__lsb3.png,PDF,signature_pdf,1,PDF,validated_pdf_startxref_eof,1,3,1100144,little,25 50 44 46 2d 31 2e 33,0.719970,
extended_xl,XL-Synthetic_4_P__pdf_medium__lsb2.png,/home/kali/Desktop/stego_dataset_expanded/stego_core_combined/XL-Synthetic_4_P__pdf_medium__lsb2.png,XL-Synthetic_4_P.png,XL-Synthetic,4,P,png,P02.pdf,pdf,medium,2,PDF,/home/kali/stego_dataset_expanded/stego_core_combined/XL-Synthetic_4_P__pdf_medium__lsb2.png,PDF,signature_pdf,1,PDF,validated_pdf_startxref_eof,1,3,510410,little,25 50 44 46 2d 31 2e 37,0.701163,
extended_xl,XL-Synthetic_4_P__pdf_medium__lsb3.png,/home/kali/Desktop/stego_dataset_expanded/stego_core_combined/XL-Synthetic_4_P__pdf_medium__lsb3.png,XL-Synthetic_4_P.png,XL-Synthetic,4,P,png,P02.pdf,pdf,medium,3,PDF,/home/kali/stego_dataset_expanded/stego_core_combined/XL-Synthetic_4_P__pdf_medium__lsb3.png,PDF,signature_pdf,1,PDF,validated_pdf_startxref_eof,1,3,510410,little,25 50 44 46 2d 31 2e 37,0.651782,
extended_xl,XL-Synthetic_4_P__pdf_small__lsb1.png,/home/kali/Desktop/stego_dataset_expanded/stego_core_combined/XL-Synthetic_4_P__pdf_small__lsb1.png,XL-Synthetic_4_P.png,XL-Synthetic,4,P,png,P02.pdf,pdf,small,1,PDF,/home/kali/stego_dataset_expanded/stego_core_combined/XL-Synthetic_4_P__pdf_small__lsb1.png,PDF,signature_pdf,1,PDF,validated_pdf_startxref_eof,1,3,16620,little,25 50 44 46 2d 31 2e 37,0.533302,
extended_xl,XL-Synthetic_4_P__pdf_small__lsb2.png,/home/kali/Desktop/stego_dataset_expanded/stego_core_combined/XL-Synthetic_4_P__pdf_small__lsb2.png,XL-Synthetic_4_P.png,XL-Synthetic,4,P,png,P02.pdf,pdf,small,2,PDF,/home/kali/stego_dataset_expanded/stego_core_combined/XL-Synthetic_4_P__pdf_small__lsb2.png,PDF,signature_pdf,1,PDF,validated_pdf_startxref_eof,1,3,16620,little,25 50 44 46 2d 31 2e 37,0.539924,
extended_xl,XL-Synthetic_4_P__pdf_small__lsb3.png,/home/kali/Desktop/stego_dataset_expanded/stego_core_combined/XL-Synthetic_4_P__pdf_small__lsb3.png,XL-Synthetic_4_P.png,XL-Synthetic,4,P,png,P02.pdf,pdf,small,3,PDF,/home/kali/stego_dataset_expanded/stego_core_combined/XL-Synthetic_4_P__pdf_small__lsb3.png,PDF,signature_pdf,1,PDF,validated_pdf_startxref_eof,1,3,16620,little,25 50 44 46 2d 31 2e 37,0.537904,
extended_xl,XL-Synthetic_4_P__pptx_large__lsb3.png,/home/kali/Desktop/stego_dataset_expanded/stego_core_combined/XL-Synthetic_4_P__pptx_large__lsb3.png,XL-Synthetic_4_P.png,XL-Synthetic,4,P,png,P04.pptx,pptx,large,3,PPTX,/home/kali/stego_dataset_expanded/stego_core_combined/XL-Synthetic_4_P__pptx_large__lsb3.png,ZIP,signature_pk_zip,0,PPTX,validated_ooxml_pptx,1,3,1082610,little,50 4b 03 04 14 00 06 00,0.739758,
extended_xl,XL-Synthetic_4_P__pptx_medium__lsb2.png,/home/kali/Desktop/stego_dataset_expanded/stego_core_combined/XL-Synthetic_4_P__pptx_medium__lsb2.png,XL-Synthetic_4_P.png,XL-Synthetic,4,P,png,P04.pptx,pptx,medium,2,PPTX,/home/kali/stego_dataset_expanded/stego_core_combined/XL-Synthetic_4_P__pptx_medium__lsb2.png,ZIP,signature_pk_zip,0,PPTX,validated_ooxml_pptx,1,3,512113,little,50 4b 03 04 14 00 06 00,0.657349,
extended_xl,XL-Synthetic_4_P__pptx_medium__lsb3.png,/home/kali/Desktop/stego_dataset_expanded/stego_core_combined/XL-Synthetic_4_P__pptx_medium__lsb3.png,XL-Synthetic_4_P.png,XL-Synthetic,4,P,png,P04.pptx,pptx,medium,3,PPTX,/home/kali/stego_dataset_expanded/stego_core_combined/XL-Synthetic_4_P__pptx_medium__lsb3.png,ZIP,signature_pk_zip,0,PPTX,validated_ooxml_pptx,1,3,512113,little,50 4b 03 04 14 00 06 00,0.613848,
extended_xl,XL-Synthetic_4_P__pptx_small__lsb1.png,/home/kali/Desktop/stego_dataset_expanded/stego_core_combined/XL-Synthetic_4_P__pptx_small__lsb1.png,XL-Synthetic_4_P.png,XL-Synthetic,4,P,png,P04.pptx,pptx,small,1,PPTX,/home/kali/stego_dataset_expanded/stego_core_combined/XL-Synthetic_4_P__pptx_small__lsb1.png,ZIP,signature_pk_zip,0,PPTX,validated_ooxml_pptx,1,3,32020,little,50 4b 03 04 14 00 06 00,0.535616,
extended_xl,XL-Synthetic_4_P__pptx_small__lsb2.png,/home/kali/Desktop/stego_dataset_expanded/stego_core_combined/XL-Synthetic_4_P__pptx_small__lsb2.png,XL-Synthetic_4_P.png,XL-Synthetic,4,P,png,P04.pptx,pptx,small,2,PPTX,/home/kali/stego_dataset_expanded/stego_core_combined/XL-Synthetic_4_P__pptx_small__lsb2.png,ZIP,signature_pk_zip,0,PPTX,validated_ooxml_pptx,1,3,32020,little,50 4b 03 04 14 00 06 00,0.551515,
extended_xl,XL-Synthetic_4_P__pptx_small__lsb3.png,/home/kali/Desktop/stego_dataset_expanded/stego_core_combined/XL-Synthetic_4_P__pptx_small__lsb3.png,XL-Synthetic_4_P.png,XL-Synthetic,4,P,png,P04.pptx,pptx,small,3,PPTX,/home/kali/stego_dataset_expanded/stego_core_combined/XL-Synthetic_4_P__pptx_small__lsb3.png,ZIP,signature_pk_zip,0,PPTX,validated_ooxml_pptx,1,3,32020,little,50 4b 03 04 14 00 06 00,0.548507,
extended_xl,XL-Synthetic_4_P__rtf_large__lsb3.png,/home/kali/Desktop/stego_dataset_expanded/stego_core_combined/XL-Synthetic_4_P__rtf_large__lsb3.png,XL-Synthetic_4_P.png,XL-Synthetic,4,P,png,P05.rtf,rtf,large,3,RTF,/home/kali/stego_dataset_expanded/stego_core_combined/XL-Synthetic_4_P__rtf_large__lsb3.png,RTF,signature_rtf,1,RTF,validated_rtf_structure,1,3,1085026,little,7b 5c 72 74 66 31 5c 61,0.713317,
extended_xl,XL-Synthetic_4_P__rtf_medium__lsb2.png,/home/kali/Desktop/stego_dataset_expanded/stego_core_combined/XL-Synthetic_4_P__rtf_medium__lsb2.png,XL-Synthetic_4_P.png,XL-Synthetic,4,P,png,P05.rtf,rtf,medium,2,RTF,/home/kali/stego_dataset_expanded/stego_core_combined/XL-Synthetic_4_P__rtf_medium__lsb2.png,RTF,signature_rtf,1,RTF,validated_rtf_structure,1,3,511504,little,7b 5c 72 74 66 31 5c 61,0.668225,
extended_xl,XL-Synthetic_4_P__rtf_medium__lsb3.png,/home/kali/Desktop/stego_dataset_expanded/stego_core_combined/XL-Synthetic_4_P__rtf_medium__lsb3.png,XL-Synthetic_4_P.png,XL-Synthetic,4,P,png,P05.rtf,rtf,medium,3,RTF,/home/kali/stego_dataset_expanded/stego_core_combined/XL-Synthetic_4_P__rtf_medium__lsb3.png,RTF,signature_rtf,1,RTF,validated_rtf_structure,1,3,511504,little,7b 5c 72 74 66 31 5c 61,0.640338,
extended_xl,XL-Synthetic_4_P__rtf_small__lsb1.png,/home/kali/Desktop/stego_dataset_expanded/stego_core_combined/XL-Synthetic_4_P__rtf_small__lsb1.png,XL-Synthetic_4_P.png,XL-Synthetic,4,P,png,P05.rtf,rtf,small,1,RTF,/home/kali/stego_dataset_expanded/stego_core_combined/XL-Synthetic_4_P__rtf_small__lsb1.png,RTF,signature_rtf,1,RTF,validated_rtf_structure,1,3,50275,little,7b 5c 72 74 66 31 5c 61,0.554020,
extended_xl,XL-Synthetic_4_P__rtf_small__lsb2.png,/home/kali/Desktop/stego_dataset_expanded/stego_core_combined/XL-Synthetic_4_P__rtf_small__lsb2.png,XL-Synthetic_4_P.png,XL-Synthetic,4,P,png,P05.rtf,rtf,small,2,RTF,/home/kali/stego_dataset_expanded/stego_core_combined/XL-Synthetic_4_P__rtf_small__lsb2.png,RTF,signature_rtf,1,RTF,validated_rtf_structure,1,3,50275,little,7b 5c 72 74 66 31 5c 61,0.556509,
extended_xl,XL-Synthetic_4_P__rtf_small__lsb3.png,/home/kali/Desktop/stego_dataset_expanded/stego_core_combined/XL-Synthetic_4_P__rtf_small__lsb3.png,XL-Synthetic_4_P.png,XL-Synthetic,4,P,png,P05.rtf,rtf,small,3,RTF,/home/kali/stego_dataset_expanded/stego_core_combined/XL-Synthetic_4_P__rtf_small__lsb3.png,RTF,signature_rtf,1,RTF,validated_rtf_structure,1,3,50275,little,7b 5c 72 74 66 31 5c 61,0.535938,
extended_xl,XL-Synthetic_4_P__xlsx_large__lsb3.png,/home/kali/Desktop/stego_dataset_expanded/stego_core_combined/XL-Synthetic_4_P__xlsx_large__lsb3.png,XL-Synthetic_4_P.png,XL-Synthetic,4,P,png,P03.xlsx,xlsx,large,3,XLSX,/home/kali/stego_dataset_expanded/stego_core_combined/XL-Synthetic_4_P__xlsx_large__lsb3.png,ZIP,signature_pk_zip,0,XLSX,validated_ooxml_xlsx,1,3,1090468,little,50 4b 03 04 14 00 06 00,0.766309,
extended_xl,XL-Synthetic_4_P__xlsx_medium__lsb2.png,/home/kali/Desktop/stego_dataset_expanded/stego_core_combined/XL-Synthetic_4_P__xlsx_medium__lsb2.png,XL-Synthetic_4_P.png,XL-Synthetic,4,P,png,P03.xlsx,xlsx,medium,2,XLSX,/home/kali/stego_dataset_expanded/stego_core_combined/XL-Synthetic_4_P__xlsx_medium__lsb2.png,ZIP,signature_pk_zip,0,XLSX,validated_ooxml_xlsx,1,3,511280,little,50 4b 03 04 14 00 06 00,0.787940,
extended_xl,XL-Synthetic_4_P__xlsx_medium__lsb3.png,/home/kali/Desktop/stego_dataset_expanded/stego_core_combined/XL-Synthetic_4_P__xlsx_medium__lsb3.png,XL-Synthetic_4_P.png,XL-Synthetic,4,P,png,P03.xlsx,xlsx,medium,3,XLSX,/home/kali/stego_dataset_expanded/stego_core_combined/XL-Synthetic_4_P__xlsx_medium__lsb3.png,ZIP,signature_pk_zip,0,XLSX,validated_ooxml_xlsx,1,3,511280,little,50 4b 03 04 14 00 06 00,0.617968,
extended_xl,XL-Synthetic_4_P__xlsx_small__lsb1.png,/home/kali/Desktop/stego_dataset_expanded/stego_core_combined/XL-Synthetic_4_P__xlsx_small__lsb1.png,XL-Synthetic_4_P.png,XL-Synthetic,4,P,png,P03.xlsx,xlsx,small,1,XLSX,/home/kali/stego_dataset_expanded/stego_core_combined/XL-Synthetic_4_P__xlsx_small__lsb1.png,ZIP,signature_pk_zip,0,XLSX,validated_ooxml_xlsx,1,3,8899,little,50 4b 03 04 14 00 06 00,0.555047,
extended_xl,XL-Synthetic_4_P__xlsx_small__lsb2.png,/home/kali/Desktop/stego_dataset_expanded/stego_core_combined/XL-Synthetic_4_P__xlsx_small__lsb2.png,XL-Synthetic_4_P.png,XL-Synthetic,4,P,png,P03.xlsx,xlsx,small,2,XLSX,/home/kali/stego_dataset_expanded/stego_core_combined/XL-Synthetic_4_P__xlsx_small__lsb2.png,ZIP,signature_pk_zip,0,XLSX,validated_ooxml_xlsx,1,3,8899,little,50 4b 03 04 14 00 06 00,0.556738,
extended_xl,XL-Synthetic_4_P__xlsx_small__lsb3.png,/home/kali/Desktop/stego_dataset_expanded/stego_core_combined/XL-Synthetic_4_P__xlsx_small__lsb3.png,XL-Synthetic_4_P.png,XL-Synthetic,4,P,png,P03.xlsx,xlsx,small,3,XLSX,/home/kali/stego_dataset_expanded/stego_core_combined/XL-Synthetic_4_P__xlsx_small__lsb3.png,ZIP,signature_pk_zip,0,XLSX,validated_ooxml_xlsx,1,3,8899,little,50 4b 03 04 14 00 06 00,0.555688,
extended_xl,XL-Synthetic_5_B__docx_large__lsb1.bmp,/home/kali/Desktop/stego_dataset_expanded/stego_core_combined/XL-Synthetic_5_B__docx_large__lsb1.bmp,XL-Synthetic_5_B.bmp,XL-Synthetic,5,B,bmp,P01.docx,docx,large,1,DOCX,/home/kali/stego_dataset_expanded/stego_core_combined/XL-Synthetic_5_B__docx_large__lsb1.bmp,ZIP,signature_pk_zip,0,DOCX,validated_ooxml_docx,1,4,1121154,little,50 4b 03 04 14 00 06 00,3.896448,
extended_xl,XL-Synthetic_5_B__docx_large__lsb2.bmp,/home/kali/Desktop/stego_dataset_expanded/stego_core_combined/XL-Synthetic_5_B__docx_large__lsb2.bmp,XL-Synthetic_5_B.bmp,XL-Synthetic,5,B,bmp,P01.docx,docx,large,2,DOCX,/home/kali/stego_dataset_expanded/stego_core_combined/XL-Synthetic_5_B__docx_large__lsb2.bmp,ZIP,signature_pk_zip,0,DOCX,validated_ooxml_docx,1,4,1121154,little,50 4b 03 04 14 00 06 00,3.779572,
extended_xl,XL-Synthetic_5_B__docx_large__lsb3.bmp,/home/kali/Desktop/stego_dataset_expanded/stego_core_combined/XL-Synthetic_5_B__docx_large__lsb3.bmp,XL-Synthetic_5_B.bmp,XL-Synthetic,5,B,bmp,P01.docx,docx,large,3,DOCX,/home/kali/stego_dataset_expanded/stego_core_combined/XL-Synthetic_5_B__docx_large__lsb3.bmp,ZIP,signature_pk_zip,0,DOCX,validated_ooxml_docx,1,4,1121154,little,50 4b 03 04 14 00 06 00,3.575771,
extended_xl,XL-Synthetic_5_B__docx_medium__lsb1.bmp,/home/kali/Desktop/stego_dataset_expanded/stego_core_combined/XL-Synthetic_5_B__docx_medium__lsb1.bmp,XL-Synthetic_5_B.bmp,XL-Synthetic,5,B,bmp,P01.docx,docx,medium,1,DOCX,/home/kali/stego_dataset_expanded/stego_core_combined/XL-Synthetic_5_B__docx_medium__lsb1.bmp,ZIP,signature_pk_zip,0,DOCX,validated_ooxml_docx,1,4,511127,little,50 4b 03 04 14 00 06 00,3.613312,
extended_xl,XL-Synthetic_5_B__docx_medium__lsb2.bmp,/home/kali/Desktop/stego_dataset_expanded/stego_core_combined/XL-Synthetic_5_B__docx_medium__lsb2.bmp,XL-Synthetic_5_B.bmp,XL-Synthetic,5,B,bmp,P01.docx,docx,medium,2,DOCX,/home/kali/stego_dataset_expanded/stego_core_combined/XL-Synthetic_5_B__docx_medium__lsb2.bmp,ZIP,signature_pk_zip,0,DOCX,validated_ooxml_docx,1,4,511127,little,50 4b 03 04 14 00 06 00,3.524502,
extended_xl,XL-Synthetic_5_B__docx_medium__lsb3.bmp,/home/kali/Desktop/stego_dataset_expanded/stego_core_combined/XL-Synthetic_5_B__docx_medium__lsb3.bmp,XL-Synthetic_5_B.bmp,XL-Synthetic,5,B,bmp,P01.docx,docx,medium,3,DOCX,/home/kali/stego_dataset_expanded/stego_core_combined/XL-Synthetic_5_B__docx_medium__lsb3.bmp,ZIP,signature_pk_zip,0,DOCX,validated_ooxml_docx,1,4,511127,little,50 4b 03 04 14 00 06 00,3.579902,
extended_xl,XL-Synthetic_5_B__docx_small__lsb1.bmp,/home/kali/Desktop/stego_dataset_expanded/stego_core_combined/XL-Synthetic_5_B__docx_small__lsb1.bmp,XL-Synthetic_5_B.bmp,XL-Synthetic,5,B,bmp,P01.docx,docx,small,1,DOCX,/home/kali/stego_dataset_expanded/stego_core_combined/XL-Synthetic_5_B__docx_small__lsb1.bmp,ZIP,signature_pk_zip,0,DOCX,validated_ooxml_docx,1,4,13432,little,50 4b 03 04 14 00 06 00,3.496755,
extended_xl,XL-Synthetic_5_B__docx_small__lsb2.bmp,/home/kali/Desktop/stego_dataset_expanded/stego_core_combined/XL-Synthetic_5_B__docx_small__lsb2.bmp,XL-Synthetic_5_B.bmp,XL-Synthetic,5,B,bmp,P01.docx,docx,small,2,DOCX,/home/kali/stego_dataset_expanded/stego_core_combined/XL-Synthetic_5_B__docx_small__lsb2.bmp,ZIP,signature_pk_zip,0,DOCX,validated_ooxml_docx,1,4,13432,little,50 4b 03 04 14 00 06 00,4.363575,
extended_xl,XL-Synthetic_5_B__docx_small__lsb3.bmp,/home/kali/Desktop/stego_dataset_expanded/stego_core_combined/XL-Synthetic_5_B__docx_small__lsb3.bmp,XL-Synthetic_5_B.bmp,XL-Synthetic,5,B,bmp,P01.docx,docx,small,3,DOCX,/home/kali/stego_dataset_expanded/stego_core_combined/XL-Synthetic_5_B__docx_small__lsb3.bmp,ZIP,signature_pk_zip,0,DOCX,validated_ooxml_docx,1,4,13432,little,50 4b 03 04 14 00 06 00,3.541155,
extended_xl,XL-Synthetic_5_B__exe_large__lsb1.bmp,/home/kali/Desktop/stego_dataset_expanded/stego_core_combined/XL-Synthetic_5_B__exe_large__lsb1.bmp,XL-Synthetic_5_B.bmp,XL-Synthetic,5,B,bmp,P06.exe,exe,large,1,EXE,/home/kali/stego_dataset_expanded/stego_core_combined/XL-Synthetic_5_B__exe_large__lsb1.bmp,EXE,signature_mz,1,EXE,validated_mz_pe_header,1,4,1017856,little,4d 5a 90 00 03 00 00 00,3.938855,
extended_xl,XL-Synthetic_5_B__exe_large__lsb2.bmp,/home/kali/Desktop/stego_dataset_expanded/stego_core_combined/XL-Synthetic_5_B__exe_large__lsb2.bmp,XL-Synthetic_5_B.bmp,XL-Synthetic,5,B,bmp,P06.exe,exe,large,2,EXE,/home/kali/stego_dataset_expanded/stego_core_combined/XL-Synthetic_5_B__exe_large__lsb2.bmp,EXE,signature_mz,1,EXE,validated_mz_pe_header,1,4,1017856,little,4d 5a 90 00 03 00 00 00,3.803294,
extended_xl,XL-Synthetic_5_B__exe_large__lsb3.bmp,/home/kali/Desktop/stego_dataset_expanded/stego_core_combined/XL-Synthetic_5_B__exe_large__lsb3.bmp,XL-Synthetic_5_B.bmp,XL-Synthetic,5,B,bmp,P06.exe,exe,large,3,EXE,/home/kali/stego_dataset_expanded/stego_core_combined/XL-Synthetic_5_B__exe_large__lsb3.bmp,EXE,signature_mz,1,EXE,validated_mz_pe_header,1,4,1017856,little,4d 5a 90 00 03 00 00 00,3.666124,
extended_xl,XL-Synthetic_5_B__exe_medium__lsb1.bmp,/home/kali/Desktop/stego_dataset_expanded/stego_core_combined/XL-Synthetic_5_B__exe_medium__lsb1.bmp,XL-Synthetic_5_B.bmp,XL-Synthetic,5,B,bmp,P06.exe,exe,medium,1,EXE,/home/kali/stego_dataset_expanded/stego_core_combined/XL-Synthetic_5_B__exe_medium__lsb1.bmp,EXE,signature_mz,1,EXE,validated_mz_pe_header,1,4,505856,little,4d 5a 90 00 03 00 00 00,3.686492,
extended_xl,XL-Synthetic_5_B__exe_medium__lsb2.bmp,/home/kali/Desktop/stego_dataset_expanded/stego_core_combined/XL-Synthetic_5_B__exe_medium__lsb2.bmp,XL-Synthetic_5_B.bmp,XL-Synthetic,5,B,bmp,P06.exe,exe,medium,2,EXE,/home/kali/stego_dataset_expanded/stego_core_combined/XL-Synthetic_5_B__exe_medium__lsb2.bmp,EXE,signature_mz,1,EXE,validated_mz_pe_header,1,4,505856,little,4d 5a 90 00 03 00 00 00,3.570039,
extended_xl,XL-Synthetic_5_B__exe_medium__lsb3.bmp,/home/kali/Desktop/stego_dataset_expanded/stego_core_combined/XL-Synthetic_5_B__exe_medium__lsb3.bmp,XL-Synthetic_5_B.bmp,XL-Synthetic,5,B,bmp,P06.exe,exe,medium,3,EXE,/home/kali/stego_dataset_expanded/stego_core_combined/XL-Synthetic_5_B__exe_medium__lsb3.bmp,EXE,signature_mz,1,EXE,validated_mz_pe_header,1,4,505856,little,4d 5a 90 00 03 00 00 00,3.457957,
extended_xl,XL-Synthetic_5_B__exe_small__lsb1.bmp,/home/kali/Desktop/stego_dataset_expanded/stego_core_combined/XL-Synthetic_5_B__exe_small__lsb1.bmp,XL-Synthetic_5_B.bmp,XL-Synthetic,5,B,bmp,P06.exe,exe,small,1,EXE,/home/kali/stego_dataset_expanded/stego_core_combined/XL-Synthetic_5_B__exe_small__lsb1.bmp,EXE,signature_mz,1,EXE,validated_mz_pe_header,1,4,40448,little,4d 5a 90 00 03 00 00 00,3.255623,
extended_xl,XL-Synthetic_5_B__exe_small__lsb2.bmp,/home/kali/Desktop/stego_dataset_expanded/stego_core_combined/XL-Synthetic_5_B__exe_small__lsb2.bmp,XL-Synthetic_5_B.bmp,XL-Synthetic,5,B,bmp,P06.exe,exe,small,2,EXE,/home/kali/stego_dataset_expanded/stego_core_combined/XL-Synthetic_5_B__exe_small__lsb2.bmp,EXE,signature_mz,1,EXE,validated_mz_pe_header,1,4,40448,little,4d 5a 90 00 03 00 00 00,3.232601,
extended_xl,XL-Synthetic_5_B__exe_small__lsb3.bmp,/home/kali/Desktop/stego_dataset_expanded/stego_core_combined/XL-Synthetic_5_B__exe_small__lsb3.bmp,XL-Synthetic_5_B.bmp,XL-Synthetic,5,B,bmp,P06.exe,exe,small,3,EXE,/home/kali/stego_dataset_expanded/stego_core_combined/XL-Synthetic_5_B__exe_small__lsb3.bmp,EXE,signature_mz,1,EXE,validated_mz_pe_header,1,4,40448,little,4d 5a 90 00 03 00 00 00,3.121690,
extended_xl,XL-Synthetic_5_B__pdf_large__lsb1.bmp,/home/kali/Desktop/stego_dataset_expanded/stego_core_combined/XL-Synthetic_5_B__pdf_large__lsb1.bmp,XL-Synthetic_5_B.bmp,XL-Synthetic,5,B,bmp,P02.pdf,pdf,large,1,PDF,/home/kali/stego_dataset_expanded/stego_core_combined/XL-Synthetic_5_B__pdf_large__lsb1.bmp,PDF,signature_pdf,1,PDF,validated_pdf_startxref_eof,1,4,1100144,little,25 50 44 46 2d 31 2e 33,3.589147,
extended_xl,XL-Synthetic_5_B__pdf_large__lsb2.bmp,/home/kali/Desktop/stego_dataset_expanded/stego_core_combined/XL-Synthetic_5_B__pdf_large__lsb2.bmp,XL-Synthetic_5_B.bmp,XL-Synthetic,5,B,bmp,P02.pdf,pdf,large,2,PDF,/home/kali/stego_dataset_expanded/stego_core_combined/XL-Synthetic_5_B__pdf_large__lsb2.bmp,PDF,signature_pdf,1,PDF,validated_pdf_startxref_eof,1,4,1100144,little,25 50 44 46 2d 31 2e 33,3.404378,
extended_xl,XL-Synthetic_5_B__pdf_large__lsb3.bmp,/home/kali/Desktop/stego_dataset_expanded/stego_core_combined/XL-Synthetic_5_B__pdf_large__lsb3.bmp,XL-Synthetic_5_B.bmp,XL-Synthetic,5,B,bmp,P02.pdf,pdf,large,3,PDF,/home/kali/stego_dataset_expanded/stego_core_combined/XL-Synthetic_5_B__pdf_large__lsb3.bmp,PDF,signature_pdf,1,PDF,validated_pdf_startxref_eof,1,4,1100144,little,25 50 44 46 2d 31 2e 33,3.350344,
extended_xl,XL-Synthetic_5_B__pdf_medium__lsb1.bmp,/home/kali/Desktop/stego_dataset_expanded/stego_core_combined/XL-Synthetic_5_B__pdf_medium__lsb1.bmp,XL-Synthetic_5_B.bmp,XL-Synthetic,5,B,bmp,P02.pdf,pdf,medium,1,PDF,/home/kali/stego_dataset_expanded/stego_core_combined/XL-Synthetic_5_B__pdf_medium__lsb1.bmp,PDF,signature_pdf,1,PDF,validated_pdf_startxref_eof,1,4,510410,little,25 50 44 46 2d 31 2e 37,3.396293,
extended_xl,XL-Synthetic_5_B__pdf_medium__lsb2.bmp,/home/kali/Desktop/stego_dataset_expanded/stego_core_combined/XL-Synthetic_5_B__pdf_medium__lsb2.bmp,XL-Synthetic_5_B.bmp,XL-Synthetic,5,B,bmp,P02.pdf,pdf,medium,2,PDF,/home/kali/stego_dataset_expanded/stego_core_combined/XL-Synthetic_5_B__pdf_medium__lsb2.bmp,PDF,signature_pdf,1,PDF,validated_pdf_startxref_eof,1,4,510410,little,25 50 44 46 2d 31 2e 37,3.192927,
extended_xl,XL-Synthetic_5_B__pdf_medium__lsb3.bmp,/home/kali/Desktop/stego_dataset_expanded/stego_core_combined/XL-Synthetic_5_B__pdf_medium__lsb3.bmp,XL-Synthetic_5_B.bmp,XL-Synthetic,5,B,bmp,P02.pdf,pdf,medium,3,PDF,/home/kali/stego_dataset_expanded/stego_core_combined/XL-Synthetic_5_B__pdf_medium__lsb3.bmp,PDF,signature_pdf,1,PDF,validated_pdf_startxref_eof,1,4,510410,little,25 50 44 46 2d 31 2e 37,3.214166,
extended_xl,XL-Synthetic_5_B__pdf_small__lsb1.bmp,/home/kali/Desktop/stego_dataset_expanded/stego_core_combined/XL-Synthetic_5_B__pdf_small__lsb1.bmp,XL-Synthetic_5_B.bmp,XL-Synthetic,5,B,bmp,P02.pdf,pdf,small,1,PDF,/home/kali/stego_dataset_expanded/stego_core_combined/XL-Synthetic_5_B__pdf_small__lsb1.bmp,PDF,signature_pdf,1,PDF,validated_pdf_startxref_eof,1,4,16620,little,25 50 44 46 2d 31 2e 37,3.600710,
extended_xl,XL-Synthetic_5_B__pdf_small__lsb2.bmp,/home/kali/Desktop/stego_dataset_expanded/stego_core_combined/XL-Synthetic_5_B__pdf_small__lsb2.bmp,XL-Synthetic_5_B.bmp,XL-Synthetic,5,B,bmp,P02.pdf,pdf,small,2,PDF,/home/kali/stego_dataset_expanded/stego_core_combined/XL-Synthetic_5_B__pdf_small__lsb2.bmp,PDF,signature_pdf,1,PDF,validated_pdf_startxref_eof,1,4,16620,little,25 50 44 46 2d 31 2e 37,4.153626,
extended_xl,XL-Synthetic_5_B__pdf_small__lsb3.bmp,/home/kali/Desktop/stego_dataset_expanded/stego_core_combined/XL-Synthetic_5_B__pdf_small__lsb3.bmp,XL-Synthetic_5_B.bmp,XL-Synthetic,5,B,bmp,P02.pdf,pdf,small,3,PDF,/home/kali/stego_dataset_expanded/stego_core_combined/XL-Synthetic_5_B__pdf_small__lsb3.bmp,PDF,signature_pdf,1,PDF,validated_pdf_startxref_eof,1,4,16620,little,25 50 44 46 2d 31 2e 37,3.185704,
extended_xl,XL-Synthetic_5_B__pptx_large__lsb1.bmp,/home/kali/Desktop/stego_dataset_expanded/stego_core_combined/XL-Synthetic_5_B__pptx_large__lsb1.bmp,XL-Synthetic_5_B.bmp,XL-Synthetic,5,B,bmp,P04.pptx,pptx,large,1,PPTX,/home/kali/stego_dataset_expanded/stego_core_combined/XL-Synthetic_5_B__pptx_large__lsb1.bmp,ZIP,signature_pk_zip,0,PPTX,validated_ooxml_pptx,1,4,1082610,little,50 4b 03 04 14 00 06 00,3.800745,
extended_xl,XL-Synthetic_5_B__pptx_large__lsb2.bmp,/home/kali/Desktop/stego_dataset_expanded/stego_core_combined/XL-Synthetic_5_B__pptx_large__lsb2.bmp,XL-Synthetic_5_B.bmp,XL-Synthetic,5,B,bmp,P04.pptx,pptx,large,2,PPTX,/home/kali/stego_dataset_expanded/stego_core_combined/XL-Synthetic_5_B__pptx_large__lsb2.bmp,ZIP,signature_pk_zip,0,PPTX,validated_ooxml_pptx,1,4,1082610,little,50 4b 03 04 14 00 06 00,3.400229,
extended_xl,XL-Synthetic_5_B__pptx_large__lsb3.bmp,/home/kali/Desktop/stego_dataset_expanded/stego_core_combined/XL-Synthetic_5_B__pptx_large__lsb3.bmp,XL-Synthetic_5_B.bmp,XL-Synthetic,5,B,bmp,P04.pptx,pptx,large,3,PPTX,/home/kali/stego_dataset_expanded/stego_core_combined/XL-Synthetic_5_B__pptx_large__lsb3.bmp,ZIP,signature_pk_zip,0,PPTX,validated_ooxml_pptx,1,4,1082610,little,50 4b 03 04 14 00 06 00,3.338796,
extended_xl,XL-Synthetic_5_B__pptx_medium__lsb1.bmp,/home/kali/Desktop/stego_dataset_expanded/stego_core_combined/XL-Synthetic_5_B__pptx_medium__lsb1.bmp,XL-Synthetic_5_B.bmp,XL-Synthetic,5,B,bmp,P04.pptx,pptx,medium,1,PPTX,/home/kali/stego_dataset_expanded/stego_core_combined/XL-Synthetic_5_B__pptx_medium__lsb1.bmp,ZIP,signature_pk_zip,0,PPTX,validated_ooxml_pptx,1,4,512113,little,50 4b 03 04 14 00 06 00,3.378317,
extended_xl,XL-Synthetic_5_B__pptx_medium__lsb2.bmp,/home/kali/Desktop/stego_dataset_expanded/stego_core_combined/XL-Synthetic_5_B__pptx_medium__lsb2.bmp,XL-Synthetic_5_B.bmp,XL-Synthetic,5,B,bmp,P04.pptx,pptx,medium,2,PPTX,/home/kali/stego_dataset_expanded/stego_core_combined/XL-Synthetic_5_B__pptx_medium__lsb2.bmp,ZIP,signature_pk_zip,0,PPTX,validated_ooxml_pptx,1,4,512113,little,50 4b 03 04 14 00 06 00,3.379845,
extended_xl,XL-Synthetic_5_B__pptx_medium__lsb3.bmp,/home/kali/Desktop/stego_dataset_expanded/stego_core_combined/XL-Synthetic_5_B__pptx_medium__lsb3.bmp,XL-Synthetic_5_B.bmp,XL-Synthetic,5,B,bmp,P04.pptx,pptx,medium,3,PPTX,/home/kali/stego_dataset_expanded/stego_core_combined/XL-Synthetic_5_B__pptx_medium__lsb3.bmp,ZIP,signature_pk_zip,0,PPTX,validated_ooxml_pptx,1,4,512113,little,50 4b 03 04 14 00 06 00,3.668337,
extended_xl,XL-Synthetic_5_B__pptx_small__lsb1.bmp,/home/kali/Desktop/stego_dataset_expanded/stego_core_combined/XL-Synthetic_5_B__pptx_small__lsb1.bmp,XL-Synthetic_5_B.bmp,XL-Synthetic,5,B,bmp,P04.pptx,pptx,small,1,PPTX,/home/kali/stego_dataset_expanded/stego_core_combined/XL-Synthetic_5_B__pptx_small__lsb1.bmp,ZIP,signature_pk_zip,0,PPTX,validated_ooxml_pptx,1,4,32020,little,50 4b 03 04 14 00 06 00,3.381730,
extended_xl,XL-Synthetic_5_B__pptx_small__lsb2.bmp,/home/kali/Desktop/stego_dataset_expanded/stego_core_combined/XL-Synthetic_5_B__pptx_small__lsb2.bmp,XL-Synthetic_5_B.bmp,XL-Synthetic,5,B,bmp,P04.pptx,pptx,small,2,PPTX,/home/kali/stego_dataset_expanded/stego_core_combined/XL-Synthetic_5_B__pptx_small__lsb2.bmp,ZIP,signature_pk_zip,0,PPTX,validated_ooxml_pptx,1,4,32020,little,50 4b 03 04 14 00 06 00,3.327629,
extended_xl,XL-Synthetic_5_B__pptx_small__lsb3.bmp,/home/kali/Desktop/stego_dataset_expanded/stego_core_combined/XL-Synthetic_5_B__pptx_small__lsb3.bmp,XL-Synthetic_5_B.bmp,XL-Synthetic,5,B,bmp,P04.pptx,pptx,small,3,PPTX,/home/kali/stego_dataset_expanded/stego_core_combined/XL-Synthetic_5_B__pptx_small__lsb3.bmp,ZIP,signature_pk_zip,0,PPTX,validated_ooxml_pptx,1,4,32020,little,50 4b 03 04 14 00 06 00,3.305950,
extended_xl,XL-Synthetic_5_B__rtf_large__lsb1.bmp,/home/kali/Desktop/stego_dataset_expanded/stego_core_combined/XL-Synthetic_5_B__rtf_large__lsb1.bmp,XL-Synthetic_5_B.bmp,XL-Synthetic,5,B,bmp,P05.rtf,rtf,large,1,RTF,/home/kali/stego_dataset_expanded/stego_core_combined/XL-Synthetic_5_B__rtf_large__lsb1.bmp,RTF,signature_rtf,1,RTF,validated_rtf_structure,1,4,1085026,little,7b 5c 72 74 66 31 5c 61,3.801739,
extended_xl,XL-Synthetic_5_B__rtf_large__lsb2.bmp,/home/kali/Desktop/stego_dataset_expanded/stego_core_combined/XL-Synthetic_5_B__rtf_large__lsb2.bmp,XL-Synthetic_5_B.bmp,XL-Synthetic,5,B,bmp,P05.rtf,rtf,large,2,RTF,/home/kali/stego_dataset_expanded/stego_core_combined/XL-Synthetic_5_B__rtf_large__lsb2.bmp,RTF,signature_rtf,1,RTF,validated_rtf_structure,1,4,1085026,little,7b 5c 72 74 66 31 5c 61,3.450894,
extended_xl,XL-Synthetic_5_B__rtf_large__lsb3.bmp,/home/kali/Desktop/stego_dataset_expanded/stego_core_combined/XL-Synthetic_5_B__rtf_large__lsb3.bmp,XL-Synthetic_5_B.bmp,XL-Synthetic,5,B,bmp,P05.rtf,rtf,large,3,RTF,/home/kali/stego_dataset_expanded/stego_core_combined/XL-Synthetic_5_B__rtf_large__lsb3.bmp,RTF,signature_rtf,1,RTF,validated_rtf_structure,1,4,1085026,little,7b 5c 72 74 66 31 5c 61,3.309047,
extended_xl,XL-Synthetic_5_B__rtf_medium__lsb1.bmp,/home/kali/Desktop/stego_dataset_expanded/stego_core_combined/XL-Synthetic_5_B__rtf_medium__lsb1.bmp,XL-Synthetic_5_B.bmp,XL-Synthetic,5,B,bmp,P05.rtf,rtf,medium,1,RTF,/home/kali/stego_dataset_expanded/stego_core_combined/XL-Synthetic_5_B__rtf_medium__lsb1.bmp,RTF,signature_rtf,1,RTF,validated_rtf_structure,1,4,511504,little,7b 5c 72 74 66 31 5c 61,3.370922,
extended_xl,XL-Synthetic_5_B__rtf_medium__lsb2.bmp,/home/kali/Desktop/stego_dataset_expanded/stego_core_combined/XL-Synthetic_5_B__rtf_medium__lsb2.bmp,XL-Synthetic_5_B.bmp,XL-Synthetic,5,B,bmp,P05.rtf,rtf,medium,2,RTF,/home/kali/stego_dataset_expanded/stego_core_combined/XL-Synthetic_5_B__rtf_medium__lsb2.bmp,RTF,signature_rtf,1,RTF,validated_rtf_structure,1,4,511504,little,7b 5c 72 74 66 31 5c 61,3.383710,
extended_xl,XL-Synthetic_5_B__rtf_medium__lsb3.bmp,/home/kali/Desktop/stego_dataset_expanded/stego_core_combined/XL-Synthetic_5_B__rtf_medium__lsb3.bmp,XL-Synthetic_5_B.bmp,XL-Synthetic,5,B,bmp,P05.rtf,rtf,medium,3,RTF,/home/kali/stego_dataset_expanded/stego_core_combined/XL-Synthetic_5_B__rtf_medium__lsb3.bmp,RTF,signature_rtf,1,RTF,validated_rtf_structure,1,4,511504,little,7b 5c 72 74 66 31 5c 61,3.823620,
extended_xl,XL-Synthetic_5_B__rtf_small__lsb1.bmp,/home/kali/Desktop/stego_dataset_expanded/stego_core_combined/XL-Synthetic_5_B__rtf_small__lsb1.bmp,XL-Synthetic_5_B.bmp,XL-Synthetic,5,B,bmp,P05.rtf,rtf,small,1,RTF,/home/kali/stego_dataset_expanded/stego_core_combined/XL-Synthetic_5_B__rtf_small__lsb1.bmp,RTF,signature_rtf,1,RTF,validated_rtf_structure,1,4,50275,little,7b 5c 72 74 66 31 5c 61,3.294037,
extended_xl,XL-Synthetic_5_B__rtf_small__lsb2.bmp,/home/kali/Desktop/stego_dataset_expanded/stego_core_combined/XL-Synthetic_5_B__rtf_small__lsb2.bmp,XL-Synthetic_5_B.bmp,XL-Synthetic,5,B,bmp,P05.rtf,rtf,small,2,RTF,/home/kali/stego_dataset_expanded/stego_core_combined/XL-Synthetic_5_B__rtf_small__lsb2.bmp,RTF,signature_rtf,1,RTF,validated_rtf_structure,1,4,50275,little,7b 5c 72 74 66 31 5c 61,3.200043,
extended_xl,XL-Synthetic_5_B__rtf_small__lsb3.bmp,/home/kali/Desktop/stego_dataset_expanded/stego_core_combined/XL-Synthetic_5_B__rtf_small__lsb3.bmp,XL-Synthetic_5_B.bmp,XL-Synthetic,5,B,bmp,P05.rtf,rtf,small,3,RTF,/home/kali/stego_dataset_expanded/stego_core_combined/XL-Synthetic_5_B__rtf_small__lsb3.bmp,RTF,signature_rtf,1,RTF,validated_rtf_structure,1,4,50275,little,7b 5c 72 74 66 31 5c 61,3.626872,
extended_xl,XL-Synthetic_5_B__xlsx_large__lsb1.bmp,/home/kali/Desktop/stego_dataset_expanded/stego_core_combined/XL-Synthetic_5_B__xlsx_large__lsb1.bmp,XL-Synthetic_5_B.bmp,XL-Synthetic,5,B,bmp,P03.xlsx,xlsx,large,1,XLSX,/home/kali/stego_dataset_expanded/stego_core_combined/XL-Synthetic_5_B__xlsx_large__lsb1.bmp,ZIP,signature_pk_zip,0,XLSX,validated_ooxml_xlsx,1,4,1090468,little,50 4b 03 04 14 00 06 00,4.039680,
extended_xl,XL-Synthetic_5_B__xlsx_large__lsb2.bmp,/home/kali/Desktop/stego_dataset_expanded/stego_core_combined/XL-Synthetic_5_B__xlsx_large__lsb2.bmp,XL-Synthetic_5_B.bmp,XL-Synthetic,5,B,bmp,P03.xlsx,xlsx,large,2,XLSX,/home/kali/stego_dataset_expanded/stego_core_combined/XL-Synthetic_5_B__xlsx_large__lsb2.bmp,ZIP,signature_pk_zip,0,XLSX,validated_ooxml_xlsx,1,4,1090468,little,50 4b 03 04 14 00 06 00,3.777024,
extended_xl,XL-Synthetic_5_B__xlsx_large__lsb3.bmp,/home/kali/Desktop/stego_dataset_expanded/stego_core_combined/XL-Synthetic_5_B__xlsx_large__lsb3.bmp,XL-Synthetic_5_B.bmp,XL-Synthetic,5,B,bmp,P03.xlsx,xlsx,large,3,XLSX,/home/kali/stego_dataset_expanded/stego_core_combined/XL-Synthetic_5_B__xlsx_large__lsb3.bmp,ZIP,signature_pk_zip,0,XLSX,validated_ooxml_xlsx,1,4,1090468,little,50 4b 03 04 14 00 06 00,3.792624,
extended_xl,XL-Synthetic_5_B__xlsx_medium__lsb1.bmp,/home/kali/Desktop/stego_dataset_expanded/stego_core_combined/XL-Synthetic_5_B__xlsx_medium__lsb1.bmp,XL-Synthetic_5_B.bmp,XL-Synthetic,5,B,bmp,P03.xlsx,xlsx,medium,1,XLSX,/home/kali/stego_dataset_expanded/stego_core_combined/XL-Synthetic_5_B__xlsx_medium__lsb1.bmp,ZIP,signature_pk_zip,0,XLSX,validated_ooxml_xlsx,1,4,511280,little,50 4b 03 04 14 00 06 00,3.704269,
extended_xl,XL-Synthetic_5_B__xlsx_medium__lsb2.bmp,/home/kali/Desktop/stego_dataset_expanded/stego_core_combined/XL-Synthetic_5_B__xlsx_medium__lsb2.bmp,XL-Synthetic_5_B.bmp,XL-Synthetic,5,B,bmp,P03.xlsx,xlsx,medium,2,XLSX,/home/kali/stego_dataset_expanded/stego_core_combined/XL-Synthetic_5_B__xlsx_medium__lsb2.bmp,ZIP,signature_pk_zip,0,XLSX,validated_ooxml_xlsx,1,4,511280,little,50 4b 03 04 14 00 06 00,3.723961,
extended_xl,XL-Synthetic_5_B__xlsx_medium__lsb3.bmp,/home/kali/Desktop/stego_dataset_expanded/stego_core_combined/XL-Synthetic_5_B__xlsx_medium__lsb3.bmp,XL-Synthetic_5_B.bmp,XL-Synthetic,5,B,bmp,P03.xlsx,xlsx,medium,3,XLSX,/home/kali/stego_dataset_expanded/stego_core_combined/XL-Synthetic_5_B__xlsx_medium__lsb3.bmp,ZIP,signature_pk_zip,0,XLSX,validated_ooxml_xlsx,1,4,511280,little,50 4b 03 04 14 00 06 00,3.570517,
extended_xl,XL-Synthetic_5_B__xlsx_small__lsb1.bmp,/home/kali/Desktop/stego_dataset_expanded/stego_core_combined/XL-Synthetic_5_B__xlsx_small__lsb1.bmp,XL-Synthetic_5_B.bmp,XL-Synthetic,5,B,bmp,P03.xlsx,xlsx,small,1,XLSX,/home/kali/stego_dataset_expanded/stego_core_combined/XL-Synthetic_5_B__xlsx_small__lsb1.bmp,ZIP,signature_pk_zip,0,XLSX,validated_ooxml_xlsx,1,4,8899,little,50 4b 03 04 14 00 06 00,3.622849,
extended_xl,XL-Synthetic_5_B__xlsx_small__lsb2.bmp,/home/kali/Desktop/stego_dataset_expanded/stego_core_combined/XL-Synthetic_5_B__xlsx_small__lsb2.bmp,XL-Synthetic_5_B.bmp,XL-Synthetic,5,B,bmp,P03.xlsx,xlsx,small,2,XLSX,/home/kali/stego_dataset_expanded/stego_core_combined/XL-Synthetic_5_B__xlsx_small__lsb2.bmp,ZIP,signature_pk_zip,0,XLSX,validated_ooxml_xlsx,1,4,8899,little,50 4b 03 04 14 00 06 00,3.574950,
extended_xl,XL-Synthetic_5_B__xlsx_small__lsb3.bmp,/home/kali/Desktop/stego_dataset_expanded/stego_core_combined/XL-Synthetic_5_B__xlsx_small__lsb3.bmp,XL-Synthetic_5_B.bmp,XL-Synthetic,5,B,bmp,P03.xlsx,xlsx,small,3,XLSX,/home/kali/stego_dataset_expanded/stego_core_combined/XL-Synthetic_5_B__xlsx_small__lsb3.bmp,ZIP,signature_pk_zip,0,XLSX,validated_ooxml_xlsx,1,4,8899,little,50 4b 03 04 14 00 06 00,3.493170,
extended_xl,XL-Synthetic_5_P__docx_large__lsb3.png,/home/kali/Desktop/stego_dataset_expanded/stego_core_combined/XL-Synthetic_5_P__docx_large__lsb3.png,XL-Synthetic_5_P.png,XL-Synthetic,5,P,png,P01.docx,docx,large,3,DOCX,/home/kali/stego_dataset_expanded/stego_core_combined/XL-Synthetic_5_P__docx_large__lsb3.png,ZIP,signature_pk_zip,0,DOCX,validated_ooxml_docx,1,3,1121154,little,50 4b 03 04 14 00 06 00,0.760119,
extended_xl,XL-Synthetic_5_P__docx_medium__lsb2.png,/home/kali/Desktop/stego_dataset_expanded/stego_core_combined/XL-Synthetic_5_P__docx_medium__lsb2.png,XL-Synthetic_5_P.png,XL-Synthetic,5,P,png,P01.docx,docx,medium,2,DOCX,/home/kali/stego_dataset_expanded/stego_core_combined/XL-Synthetic_5_P__docx_medium__lsb2.png,ZIP,signature_pk_zip,0,DOCX,validated_ooxml_docx,1,3,511127,little,50 4b 03 04 14 00 06 00,0.689728,
extended_xl,XL-Synthetic_5_P__docx_medium__lsb3.png,/home/kali/Desktop/stego_dataset_expanded/stego_core_combined/XL-Synthetic_5_P__docx_medium__lsb3.png,XL-Synthetic_5_P.png,XL-Synthetic,5,P,png,P01.docx,docx,medium,3,DOCX,/home/kali/stego_dataset_expanded/stego_core_combined/XL-Synthetic_5_P__docx_medium__lsb3.png,ZIP,signature_pk_zip,0,DOCX,validated_ooxml_docx,1,3,511127,little,50 4b 03 04 14 00 06 00,0.630026,
extended_xl,XL-Synthetic_5_P__docx_small__lsb1.png,/home/kali/Desktop/stego_dataset_expanded/stego_core_combined/XL-Synthetic_5_P__docx_small__lsb1.png,XL-Synthetic_5_P.png,XL-Synthetic,5,P,png,P01.docx,docx,small,1,DOCX,/home/kali/stego_dataset_expanded/stego_core_combined/XL-Synthetic_5_P__docx_small__lsb1.png,ZIP,signature_pk_zip,0,DOCX,validated_ooxml_docx,1,3,13432,little,50 4b 03 04 14 00 06 00,0.534612,
extended_xl,XL-Synthetic_5_P__docx_small__lsb2.png,/home/kali/Desktop/stego_dataset_expanded/stego_core_combined/XL-Synthetic_5_P__docx_small__lsb2.png,XL-Synthetic_5_P.png,XL-Synthetic,5,P,png,P01.docx,docx,small,2,DOCX,/home/kali/stego_dataset_expanded/stego_core_combined/XL-Synthetic_5_P__docx_small__lsb2.png,ZIP,signature_pk_zip,0,DOCX,validated_ooxml_docx,1,3,13432,little,50 4b 03 04 14 00 06 00,0.580224,
extended_xl,XL-Synthetic_5_P__docx_small__lsb3.png,/home/kali/Desktop/stego_dataset_expanded/stego_core_combined/XL-Synthetic_5_P__docx_small__lsb3.png,XL-Synthetic_5_P.png,XL-Synthetic,5,P,png,P01.docx,docx,small,3,DOCX,/home/kali/stego_dataset_expanded/stego_core_combined/XL-Synthetic_5_P__docx_small__lsb3.png,ZIP,signature_pk_zip,0,DOCX,validated_ooxml_docx,1,3,13432,little,50 4b 03 04 14 00 06 00,0.563426,
extended_xl,XL-Synthetic_5_P__exe_large__lsb3.png,/home/kali/Desktop/stego_dataset_expanded/stego_core_combined/XL-Synthetic_5_P__exe_large__lsb3.png,XL-Synthetic_5_P.png,XL-Synthetic,5,P,png,P06.exe,exe,large,3,EXE,/home/kali/stego_dataset_expanded/stego_core_combined/XL-Synthetic_5_P__exe_large__lsb3.png,EXE,signature_mz,1,EXE,validated_mz_pe_header,1,3,1017856,little,4d 5a 90 00 03 00 00 00,0.745155,
extended_xl,XL-Synthetic_5_P__exe_medium__lsb2.png,/home/kali/Desktop/stego_dataset_expanded/stego_core_combined/XL-Synthetic_5_P__exe_medium__lsb2.png,XL-Synthetic_5_P.png,XL-Synthetic,5,P,png,P06.exe,exe,medium,2,EXE,/home/kali/stego_dataset_expanded/stego_core_combined/XL-Synthetic_5_P__exe_medium__lsb2.png,EXE,signature_mz,1,EXE,validated_mz_pe_header,1,3,505856,little,4d 5a 90 00 03 00 00 00,0.665143,
extended_xl,XL-Synthetic_5_P__exe_medium__lsb3.png,/home/kali/Desktop/stego_dataset_expanded/stego_core_combined/XL-Synthetic_5_P__exe_medium__lsb3.png,XL-Synthetic_5_P.png,XL-Synthetic,5,P,png,P06.exe,exe,medium,3,EXE,/home/kali/stego_dataset_expanded/stego_core_combined/XL-Synthetic_5_P__exe_medium__lsb3.png,EXE,signature_mz,1,EXE,validated_mz_pe_header,1,3,505856,little,4d 5a 90 00 03 00 00 00,0.661919,
extended_xl,XL-Synthetic_5_P__exe_small__lsb1.png,/home/kali/Desktop/stego_dataset_expanded/stego_core_combined/XL-Synthetic_5_P__exe_small__lsb1.png,XL-Synthetic_5_P.png,XL-Synthetic,5,P,png,P06.exe,exe,small,1,EXE,/home/kali/stego_dataset_expanded/stego_core_combined/XL-Synthetic_5_P__exe_small__lsb1.png,EXE,signature_mz,1,EXE,validated_mz_pe_header,1,3,40448,little,4d 5a 90 00 03 00 00 00,0.593726,
extended_xl,XL-Synthetic_5_P__exe_small__lsb2.png,/home/kali/Desktop/stego_dataset_expanded/stego_core_combined/XL-Synthetic_5_P__exe_small__lsb2.png,XL-Synthetic_5_P.png,XL-Synthetic,5,P,png,P06.exe,exe,small,2,EXE,/home/kali/stego_dataset_expanded/stego_core_combined/XL-Synthetic_5_P__exe_small__lsb2.png,EXE,signature_mz,1,EXE,validated_mz_pe_header,1,3,40448,little,4d 5a 90 00 03 00 00 00,0.575755,
extended_xl,XL-Synthetic_5_P__exe_small__lsb3.png,/home/kali/Desktop/stego_dataset_expanded/stego_core_combined/XL-Synthetic_5_P__exe_small__lsb3.png,XL-Synthetic_5_P.png,XL-Synthetic,5,P,png,P06.exe,exe,small,3,EXE,/home/kali/stego_dataset_expanded/stego_core_combined/XL-Synthetic_5_P__exe_small__lsb3.png,EXE,signature_mz,1,EXE,validated_mz_pe_header,1,3,40448,little,4d 5a 90 00 03 00 00 00,0.558473,
extended_xl,XL-Synthetic_5_P__pdf_large__lsb3.png,/home/kali/Desktop/stego_dataset_expanded/stego_core_combined/XL-Synthetic_5_P__pdf_large__lsb3.png,XL-Synthetic_5_P.png,XL-Synthetic,5,P,png,P02.pdf,pdf,large,3,PDF,/home/kali/stego_dataset_expanded/stego_core_combined/XL-Synthetic_5_P__pdf_large__lsb3.png,PDF,signature_pdf,1,PDF,validated_pdf_startxref_eof,1,3,1100144,little,25 50 44 46 2d 31 2e 33,0.733380,
extended_xl,XL-Synthetic_5_P__pdf_medium__lsb2.png,/home/kali/Desktop/stego_dataset_expanded/stego_core_combined/XL-Synthetic_5_P__pdf_medium__lsb2.png,XL-Synthetic_5_P.png,XL-Synthetic,5,P,png,P02.pdf,pdf,medium,2,PDF,/home/kali/stego_dataset_expanded/stego_core_combined/XL-Synthetic_5_P__pdf_medium__lsb2.png,PDF,signature_pdf,1,PDF,validated_pdf_startxref_eof,1,3,510410,little,25 50 44 46 2d 31 2e 37,0.676155,
extended_xl,XL-Synthetic_5_P__pdf_medium__lsb3.png,/home/kali/Desktop/stego_dataset_expanded/stego_core_combined/XL-Synthetic_5_P__pdf_medium__lsb3.png,XL-Synthetic_5_P.png,XL-Synthetic,5,P,png,P02.pdf,pdf,medium,3,PDF,/home/kali/stego_dataset_expanded/stego_core_combined/XL-Synthetic_5_P__pdf_medium__lsb3.png,PDF,signature_pdf,1,PDF,validated_pdf_startxref_eof,1,3,510410,little,25 50 44 46 2d 31 2e 37,0.637731,
extended_xl,XL-Synthetic_5_P__pdf_small__lsb1.png,/home/kali/Desktop/stego_dataset_expanded/stego_core_combined/XL-Synthetic_5_P__pdf_small__lsb1.png,XL-Synthetic_5_P.png,XL-Synthetic,5,P,png,P02.pdf,pdf,small,1,PDF,/home/kali/stego_dataset_expanded/stego_core_combined/XL-Synthetic_5_P__pdf_small__lsb1.png,PDF,signature_pdf,1,PDF,validated_pdf_startxref_eof,1,3,16620,little,25 50 44 46 2d 31 2e 37,0.536700,
extended_xl,XL-Synthetic_5_P__pdf_small__lsb2.png,/home/kali/Desktop/stego_dataset_expanded/stego_core_combined/XL-Synthetic_5_P__pdf_small__lsb2.png,XL-Synthetic_5_P.png,XL-Synthetic,5,P,png,P02.pdf,pdf,small,2,PDF,/home/kali/stego_dataset_expanded/stego_core_combined/XL-Synthetic_5_P__pdf_small__lsb2.png,PDF,signature_pdf,1,PDF,validated_pdf_startxref_eof,1,3,16620,little,25 50 44 46 2d 31 2e 37,0.548635,
extended_xl,XL-Synthetic_5_P__pdf_small__lsb3.png,/home/kali/Desktop/stego_dataset_expanded/stego_core_combined/XL-Synthetic_5_P__pdf_small__lsb3.png,XL-Synthetic_5_P.png,XL-Synthetic,5,P,png,P02.pdf,pdf,small,3,PDF,/home/kali/stego_dataset_expanded/stego_core_combined/XL-Synthetic_5_P__pdf_small__lsb3.png,PDF,signature_pdf,1,PDF,validated_pdf_startxref_eof,1,3,16620,little,25 50 44 46 2d 31 2e 37,0.552546,
extended_xl,XL-Synthetic_5_P__pptx_large__lsb3.png,/home/kali/Desktop/stego_dataset_expanded/stego_core_combined/XL-Synthetic_5_P__pptx_large__lsb3.png,XL-Synthetic_5_P.png,XL-Synthetic,5,P,png,P04.pptx,pptx,large,3,PPTX,/home/kali/stego_dataset_expanded/stego_core_combined/XL-Synthetic_5_P__pptx_large__lsb3.png,ZIP,signature_pk_zip,0,PPTX,validated_ooxml_pptx,1,3,1082610,little,50 4b 03 04 14 00 06 00,0.708984,
extended_xl,XL-Synthetic_5_P__pptx_medium__lsb2.png,/home/kali/Desktop/stego_dataset_expanded/stego_core_combined/XL-Synthetic_5_P__pptx_medium__lsb2.png,XL-Synthetic_5_P.png,XL-Synthetic,5,P,png,P04.pptx,pptx,medium,2,PPTX,/home/kali/stego_dataset_expanded/stego_core_combined/XL-Synthetic_5_P__pptx_medium__lsb2.png,ZIP,signature_pk_zip,0,PPTX,validated_ooxml_pptx,1,3,512113,little,50 4b 03 04 14 00 06 00,0.658630,
extended_xl,XL-Synthetic_5_P__pptx_medium__lsb3.png,/home/kali/Desktop/stego_dataset_expanded/stego_core_combined/XL-Synthetic_5_P__pptx_medium__lsb3.png,XL-Synthetic_5_P.png,XL-Synthetic,5,P,png,P04.pptx,pptx,medium,3,PPTX,/home/kali/stego_dataset_expanded/stego_core_combined/XL-Synthetic_5_P__pptx_medium__lsb3.png,ZIP,signature_pk_zip,0,PPTX,validated_ooxml_pptx,1,3,512113,little,50 4b 03 04 14 00 06 00,0.638559,
extended_xl,XL-Synthetic_5_P__pptx_small__lsb1.png,/home/kali/Desktop/stego_dataset_expanded/stego_core_combined/XL-Synthetic_5_P__pptx_small__lsb1.png,XL-Synthetic_5_P.png,XL-Synthetic,5,P,png,P04.pptx,pptx,small,1,PPTX,/home/kali/stego_dataset_expanded/stego_core_combined/XL-Synthetic_5_P__pptx_small__lsb1.png,ZIP,signature_pk_zip,0,PPTX,validated_ooxml_pptx,1,3,32020,little,50 4b 03 04 14 00 06 00,0.568865,
extended_xl,XL-Synthetic_5_P__pptx_small__lsb2.png,/home/kali/Desktop/stego_dataset_expanded/stego_core_combined/XL-Synthetic_5_P__pptx_small__lsb2.png,XL-Synthetic_5_P.png,XL-Synthetic,5,P,png,P04.pptx,pptx,small,2,PPTX,/home/kali/stego_dataset_expanded/stego_core_combined/XL-Synthetic_5_P__pptx_small__lsb2.png,ZIP,signature_pk_zip,0,PPTX,validated_ooxml_pptx,1,3,32020,little,50 4b 03 04 14 00 06 00,0.535027,
extended_xl,XL-Synthetic_5_P__pptx_small__lsb3.png,/home/kali/Desktop/stego_dataset_expanded/stego_core_combined/XL-Synthetic_5_P__pptx_small__lsb3.png,XL-Synthetic_5_P.png,XL-Synthetic,5,P,png,P04.pptx,pptx,small,3,PPTX,/home/kali/stego_dataset_expanded/stego_core_combined/XL-Synthetic_5_P__pptx_small__lsb3.png,ZIP,signature_pk_zip,0,PPTX,validated_ooxml_pptx,1,3,32020,little,50 4b 03 04 14 00 06 00,0.637396,
extended_xl,XL-Synthetic_5_P__rtf_large__lsb3.png,/home/kali/Desktop/stego_dataset_expanded/stego_core_combined/XL-Synthetic_5_P__rtf_large__lsb3.png,XL-Synthetic_5_P.png,XL-Synthetic,5,P,png,P05.rtf,rtf,large,3,RTF,/home/kali/stego_dataset_expanded/stego_core_combined/XL-Synthetic_5_P__rtf_large__lsb3.png,RTF,signature_rtf,1,RTF,validated_rtf_structure,1,3,1085026,little,7b 5c 72 74 66 31 5c 61,1.053129,
extended_xl,XL-Synthetic_5_P__rtf_medium__lsb2.png,/home/kali/Desktop/stego_dataset_expanded/stego_core_combined/XL-Synthetic_5_P__rtf_medium__lsb2.png,XL-Synthetic_5_P.png,XL-Synthetic,5,P,png,P05.rtf,rtf,medium,2,RTF,/home/kali/stego_dataset_expanded/stego_core_combined/XL-Synthetic_5_P__rtf_medium__lsb2.png,RTF,signature_rtf,1,RTF,validated_rtf_structure,1,3,511504,little,7b 5c 72 74 66 31 5c 61,0.981072,
extended_xl,XL-Synthetic_5_P__rtf_medium__lsb3.png,/home/kali/Desktop/stego_dataset_expanded/stego_core_combined/XL-Synthetic_5_P__rtf_medium__lsb3.png,XL-Synthetic_5_P.png,XL-Synthetic,5,P,png,P05.rtf,rtf,medium,3,RTF,/home/kali/stego_dataset_expanded/stego_core_combined/XL-Synthetic_5_P__rtf_medium__lsb3.png,RTF,signature_rtf,1,RTF,validated_rtf_structure,1,3,511504,little,7b 5c 72 74 66 31 5c 61,0.667650,
extended_xl,XL-Synthetic_5_P__rtf_small__lsb1.png,/home/kali/Desktop/stego_dataset_expanded/stego_core_combined/XL-Synthetic_5_P__rtf_small__lsb1.png,XL-Synthetic_5_P.png,XL-Synthetic,5,P,png,P05.rtf,rtf,small,1,RTF,/home/kali/stego_dataset_expanded/stego_core_combined/XL-Synthetic_5_P__rtf_small__lsb1.png,RTF,signature_rtf,1,RTF,validated_rtf_structure,1,3,50275,little,7b 5c 72 74 66 31 5c 61,0.596658,
extended_xl,XL-Synthetic_5_P__rtf_small__lsb2.png,/home/kali/Desktop/stego_dataset_expanded/stego_core_combined/XL-Synthetic_5_P__rtf_small__lsb2.png,XL-Synthetic_5_P.png,XL-Synthetic,5,P,png,P05.rtf,rtf,small,2,RTF,/home/kali/stego_dataset_expanded/stego_core_combined/XL-Synthetic_5_P__rtf_small__lsb2.png,RTF,signature_rtf,1,RTF,validated_rtf_structure,1,3,50275,little,7b 5c 72 74 66 31 5c 61,0.585743,
extended_xl,XL-Synthetic_5_P__rtf_small__lsb3.png,/home/kali/Desktop/stego_dataset_expanded/stego_core_combined/XL-Synthetic_5_P__rtf_small__lsb3.png,XL-Synthetic_5_P.png,XL-Synthetic,5,P,png,P05.rtf,rtf,small,3,RTF,/home/kali/stego_dataset_expanded/stego_core_combined/XL-Synthetic_5_P__rtf_small__lsb3.png,RTF,signature_rtf,1,RTF,validated_rtf_structure,1,3,50275,little,7b 5c 72 74 66 31 5c 61,0.545417,
extended_xl,XL-Synthetic_5_P__xlsx_large__lsb3.png,/home/kali/Desktop/stego_dataset_expanded/stego_core_combined/XL-Synthetic_5_P__xlsx_large__lsb3.png,XL-Synthetic_5_P.png,XL-Synthetic,5,P,png,P03.xlsx,xlsx,large,3,XLSX,/home/kali/stego_dataset_expanded/stego_core_combined/XL-Synthetic_5_P__xlsx_large__lsb3.png,ZIP,signature_pk_zip,0,XLSX,validated_ooxml_xlsx,1,3,1090468,little,50 4b 03 04 14 00 06 00,0.733388,
extended_xl,XL-Synthetic_5_P__xlsx_medium__lsb2.png,/home/kali/Desktop/stego_dataset_expanded/stego_core_combined/XL-Synthetic_5_P__xlsx_medium__lsb2.png,XL-Synthetic_5_P.png,XL-Synthetic,5,P,png,P03.xlsx,xlsx,medium,2,XLSX,/home/kali/stego_dataset_expanded/stego_core_combined/XL-Synthetic_5_P__xlsx_medium__lsb2.png,ZIP,signature_pk_zip,0,XLSX,validated_ooxml_xlsx,1,3,511280,little,50 4b 03 04 14 00 06 00,0.691974,
extended_xl,XL-Synthetic_5_P__xlsx_medium__lsb3.png,/home/kali/Desktop/stego_dataset_expanded/stego_core_combined/XL-Synthetic_5_P__xlsx_medium__lsb3.png,XL-Synthetic_5_P.png,XL-Synthetic,5,P,png,P03.xlsx,xlsx,medium,3,XLSX,/home/kali/stego_dataset_expanded/stego_core_combined/XL-Synthetic_5_P__xlsx_medium__lsb3.png,ZIP,signature_pk_zip,0,XLSX,validated_ooxml_xlsx,1,3,511280,little,50 4b 03 04 14 00 06 00,0.662934,
extended_xl,XL-Synthetic_5_P__xlsx_small__lsb1.png,/home/kali/Desktop/stego_dataset_expanded/stego_core_combined/XL-Synthetic_5_P__xlsx_small__lsb1.png,XL-Synthetic_5_P.png,XL-Synthetic,5,P,png,P03.xlsx,xlsx,small,1,XLSX,/home/kali/stego_dataset_expanded/stego_core_combined/XL-Synthetic_5_P__xlsx_small__lsb1.png,ZIP,signature_pk_zip,0,XLSX,validated_ooxml_xlsx,1,3,8899,little,50 4b 03 04 14 00 06 00,0.539058,
extended_xl,XL-Synthetic_5_P__xlsx_small__lsb2.png,/home/kali/Desktop/stego_dataset_expanded/stego_core_combined/XL-Synthetic_5_P__xlsx_small__lsb2.png,XL-Synthetic_5_P.png,XL-Synthetic,5,P,png,P03.xlsx,xlsx,small,2,XLSX,/home/kali/stego_dataset_expanded/stego_core_combined/XL-Synthetic_5_P__xlsx_small__lsb2.png,ZIP,signature_pk_zip,0,XLSX,validated_ooxml_xlsx,1,3,8899,little,50 4b 03 04 14 00 06 00,0.520009,
extended_xl,XL-Synthetic_5_P__xlsx_small__lsb3.png,/home/kali/Desktop/stego_dataset_expanded/stego_core_combined/XL-Synthetic_5_P__xlsx_small__lsb3.png,XL-Synthetic_5_P.png,XL-Synthetic,5,P,png,P03.xlsx,xlsx,small,3,XLSX,/home/kali/stego_dataset_expanded/stego_core_combined/XL-Synthetic_5_P__xlsx_small__lsb3.png,ZIP,signature_pk_zip,0,XLSX,validated_ooxml_xlsx,1,3,8899,little,50 4b 03 04 14 00 06 00,0.517287,
extended_xl,XL-Synthetic_6_B__docx_large__lsb1.bmp,/home/kali/Desktop/stego_dataset_expanded/stego_core_combined/XL-Synthetic_6_B__docx_large__lsb1.bmp,XL-Synthetic_6_B.bmp,XL-Synthetic,6,B,bmp,P01.docx,docx,large,1,DOCX,/home/kali/stego_dataset_expanded/stego_core_combined/XL-Synthetic_6_B__docx_large__lsb1.bmp,ZIP,signature_pk_zip,0,DOCX,validated_ooxml_docx,1,4,1121154,little,50 4b 03 04 14 00 06 00,4.309684,
extended_xl,XL-Synthetic_6_B__docx_large__lsb2.bmp,/home/kali/Desktop/stego_dataset_expanded/stego_core_combined/XL-Synthetic_6_B__docx_large__lsb2.bmp,XL-Synthetic_6_B.bmp,XL-Synthetic,6,B,bmp,P01.docx,docx,large,2,DOCX,/home/kali/stego_dataset_expanded/stego_core_combined/XL-Synthetic_6_B__docx_large__lsb2.bmp,ZIP,signature_pk_zip,0,DOCX,validated_ooxml_docx,1,4,1121154,little,50 4b 03 04 14 00 06 00,4.023919,
extended_xl,XL-Synthetic_6_B__docx_large__lsb3.bmp,/home/kali/Desktop/stego_dataset_expanded/stego_core_combined/XL-Synthetic_6_B__docx_large__lsb3.bmp,XL-Synthetic_6_B.bmp,XL-Synthetic,6,B,bmp,P01.docx,docx,large,3,DOCX,/home/kali/stego_dataset_expanded/stego_core_combined/XL-Synthetic_6_B__docx_large__lsb3.bmp,ZIP,signature_pk_zip,0,DOCX,validated_ooxml_docx,1,4,1121154,little,50 4b 03 04 14 00 06 00,3.815677,
extended_xl,XL-Synthetic_6_B__docx_medium__lsb1.bmp,/home/kali/Desktop/stego_dataset_expanded/stego_core_combined/XL-Synthetic_6_B__docx_medium__lsb1.bmp,XL-Synthetic_6_B.bmp,XL-Synthetic,6,B,bmp,P01.docx,docx,medium,1,DOCX,/home/kali/stego_dataset_expanded/stego_core_combined/XL-Synthetic_6_B__docx_medium__lsb1.bmp,ZIP,signature_pk_zip,0,DOCX,validated_ooxml_docx,1,4,511127,little,50 4b 03 04 14 00 06 00,3.956258,
extended_xl,XL-Synthetic_6_B__docx_medium__lsb2.bmp,/home/kali/Desktop/stego_dataset_expanded/stego_core_combined/XL-Synthetic_6_B__docx_medium__lsb2.bmp,XL-Synthetic_6_B.bmp,XL-Synthetic,6,B,bmp,P01.docx,docx,medium,2,DOCX,/home/kali/stego_dataset_expanded/stego_core_combined/XL-Synthetic_6_B__docx_medium__lsb2.bmp,ZIP,signature_pk_zip,0,DOCX,validated_ooxml_docx,1,4,511127,little,50 4b 03 04 14 00 06 00,3.819658,
extended_xl,XL-Synthetic_6_B__docx_medium__lsb3.bmp,/home/kali/Desktop/stego_dataset_expanded/stego_core_combined/XL-Synthetic_6_B__docx_medium__lsb3.bmp,XL-Synthetic_6_B.bmp,XL-Synthetic,6,B,bmp,P01.docx,docx,medium,3,DOCX,/home/kali/stego_dataset_expanded/stego_core_combined/XL-Synthetic_6_B__docx_medium__lsb3.bmp,ZIP,signature_pk_zip,0,DOCX,validated_ooxml_docx,1,4,511127,little,50 4b 03 04 14 00 06 00,3.963988,
extended_xl,XL-Synthetic_6_B__docx_small__lsb1.bmp,/home/kali/Desktop/stego_dataset_expanded/stego_core_combined/XL-Synthetic_6_B__docx_small__lsb1.bmp,XL-Synthetic_6_B.bmp,XL-Synthetic,6,B,bmp,P01.docx,docx,small,1,DOCX,/home/kali/stego_dataset_expanded/stego_core_combined/XL-Synthetic_6_B__docx_small__lsb1.bmp,ZIP,signature_pk_zip,0,DOCX,validated_ooxml_docx,1,4,13432,little,50 4b 03 04 14 00 06 00,3.763445,
extended_xl,XL-Synthetic_6_B__docx_small__lsb2.bmp,/home/kali/Desktop/stego_dataset_expanded/stego_core_combined/XL-Synthetic_6_B__docx_small__lsb2.bmp,XL-Synthetic_6_B.bmp,XL-Synthetic,6,B,bmp,P01.docx,docx,small,2,DOCX,/home/kali/stego_dataset_expanded/stego_core_combined/XL-Synthetic_6_B__docx_small__lsb2.bmp,ZIP,signature_pk_zip,0,DOCX,validated_ooxml_docx,1,4,13432,little,50 4b 03 04 14 00 06 00,3.697306,
extended_xl,XL-Synthetic_6_B__docx_small__lsb3.bmp,/home/kali/Desktop/stego_dataset_expanded/stego_core_combined/XL-Synthetic_6_B__docx_small__lsb3.bmp,XL-Synthetic_6_B.bmp,XL-Synthetic,6,B,bmp,P01.docx,docx,small,3,DOCX,/home/kali/stego_dataset_expanded/stego_core_combined/XL-Synthetic_6_B__docx_small__lsb3.bmp,ZIP,signature_pk_zip,0,DOCX,validated_ooxml_docx,1,4,13432,little,50 4b 03 04 14 00 06 00,3.700449,
extended_xl,XL-Synthetic_6_B__exe_large__lsb1.bmp,/home/kali/Desktop/stego_dataset_expanded/stego_core_combined/XL-Synthetic_6_B__exe_large__lsb1.bmp,XL-Synthetic_6_B.bmp,XL-Synthetic,6,B,bmp,P06.exe,exe,large,1,EXE,/home/kali/stego_dataset_expanded/stego_core_combined/XL-Synthetic_6_B__exe_large__lsb1.bmp,EXE,signature_mz,1,EXE,validated_mz_pe_header,1,4,1017856,little,4d 5a 90 00 03 00 00 00,4.174934,
extended_xl,XL-Synthetic_6_B__exe_large__lsb2.bmp,/home/kali/Desktop/stego_dataset_expanded/stego_core_combined/XL-Synthetic_6_B__exe_large__lsb2.bmp,XL-Synthetic_6_B.bmp,XL-Synthetic,6,B,bmp,P06.exe,exe,large,2,EXE,/home/kali/stego_dataset_expanded/stego_core_combined/XL-Synthetic_6_B__exe_large__lsb2.bmp,EXE,signature_mz,1,EXE,validated_mz_pe_header,1,4,1017856,little,4d 5a 90 00 03 00 00 00,3.990135,
extended_xl,XL-Synthetic_6_B__exe_large__lsb3.bmp,/home/kali/Desktop/stego_dataset_expanded/stego_core_combined/XL-Synthetic_6_B__exe_large__lsb3.bmp,XL-Synthetic_6_B.bmp,XL-Synthetic,6,B,bmp,P06.exe,exe,large,3,EXE,/home/kali/stego_dataset_expanded/stego_core_combined/XL-Synthetic_6_B__exe_large__lsb3.bmp,EXE,signature_mz,1,EXE,validated_mz_pe_header,1,4,1017856,little,4d 5a 90 00 03 00 00 00,3.862848,
extended_xl,XL-Synthetic_6_B__exe_medium__lsb1.bmp,/home/kali/Desktop/stego_dataset_expanded/stego_core_combined/XL-Synthetic_6_B__exe_medium__lsb1.bmp,XL-Synthetic_6_B.bmp,XL-Synthetic,6,B,bmp,P06.exe,exe,medium,1,EXE,/home/kali/stego_dataset_expanded/stego_core_combined/XL-Synthetic_6_B__exe_medium__lsb1.bmp,EXE,signature_mz,1,EXE,validated_mz_pe_header,1,4,505856,little,4d 5a 90 00 03 00 00 00,3.659267,
extended_xl,XL-Synthetic_6_B__exe_medium__lsb2.bmp,/home/kali/Desktop/stego_dataset_expanded/stego_core_combined/XL-Synthetic_6_B__exe_medium__lsb2.bmp,XL-Synthetic_6_B.bmp,XL-Synthetic,6,B,bmp,P06.exe,exe,medium,2,EXE,/home/kali/stego_dataset_expanded/stego_core_combined/XL-Synthetic_6_B__exe_medium__lsb2.bmp,EXE,signature_mz,1,EXE,validated_mz_pe_header,1,4,505856,little,4d 5a 90 00 03 00 00 00,3.917707,
extended_xl,XL-Synthetic_6_B__exe_medium__lsb3.bmp,/home/kali/Desktop/stego_dataset_expanded/stego_core_combined/XL-Synthetic_6_B__exe_medium__lsb3.bmp,XL-Synthetic_6_B.bmp,XL-Synthetic,6,B,bmp,P06.exe,exe,medium,3,EXE,/home/kali/stego_dataset_expanded/stego_core_combined/XL-Synthetic_6_B__exe_medium__lsb3.bmp,EXE,signature_mz,1,EXE,validated_mz_pe_header,1,4,505856,little,4d 5a 90 00 03 00 00 00,3.531026,
extended_xl,XL-Synthetic_6_B__exe_small__lsb1.bmp,/home/kali/Desktop/stego_dataset_expanded/stego_core_combined/XL-Synthetic_6_B__exe_small__lsb1.bmp,XL-Synthetic_6_B.bmp,XL-Synthetic,6,B,bmp,P06.exe,exe,small,1,EXE,/home/kali/stego_dataset_expanded/stego_core_combined/XL-Synthetic_6_B__exe_small__lsb1.bmp,EXE,signature_mz,1,EXE,validated_mz_pe_header,1,4,40448,little,4d 5a 90 00 03 00 00 00,3.410851,
extended_xl,XL-Synthetic_6_B__exe_small__lsb2.bmp,/home/kali/Desktop/stego_dataset_expanded/stego_core_combined/XL-Synthetic_6_B__exe_small__lsb2.bmp,XL-Synthetic_6_B.bmp,XL-Synthetic,6,B,bmp,P06.exe,exe,small,2,EXE,/home/kali/stego_dataset_expanded/stego_core_combined/XL-Synthetic_6_B__exe_small__lsb2.bmp,EXE,signature_mz,1,EXE,validated_mz_pe_header,1,4,40448,little,4d 5a 90 00 03 00 00 00,3.473678,
extended_xl,XL-Synthetic_6_B__exe_small__lsb3.bmp,/home/kali/Desktop/stego_dataset_expanded/stego_core_combined/XL-Synthetic_6_B__exe_small__lsb3.bmp,XL-Synthetic_6_B.bmp,XL-Synthetic,6,B,bmp,P06.exe,exe,small,3,EXE,/home/kali/stego_dataset_expanded/stego_core_combined/XL-Synthetic_6_B__exe_small__lsb3.bmp,EXE,signature_mz,1,EXE,validated_mz_pe_header,1,4,40448,little,4d 5a 90 00 03 00 00 00,3.452124,
extended_xl,XL-Synthetic_6_B__pdf_large__lsb1.bmp,/home/kali/Desktop/stego_dataset_expanded/stego_core_combined/XL-Synthetic_6_B__pdf_large__lsb1.bmp,XL-Synthetic_6_B.bmp,XL-Synthetic,6,B,bmp,P02.pdf,pdf,large,1,PDF,/home/kali/stego_dataset_expanded/stego_core_combined/XL-Synthetic_6_B__pdf_large__lsb1.bmp,PDF,signature_pdf,1,PDF,validated_pdf_startxref_eof,1,4,1100144,little,25 50 44 46 2d 31 2e 33,3.862667,
extended_xl,XL-Synthetic_6_B__pdf_large__lsb2.bmp,/home/kali/Desktop/stego_dataset_expanded/stego_core_combined/XL-Synthetic_6_B__pdf_large__lsb2.bmp,XL-Synthetic_6_B.bmp,XL-Synthetic,6,B,bmp,P02.pdf,pdf,large,2,PDF,/home/kali/stego_dataset_expanded/stego_core_combined/XL-Synthetic_6_B__pdf_large__lsb2.bmp,PDF,signature_pdf,1,PDF,validated_pdf_startxref_eof,1,4,1100144,little,25 50 44 46 2d 31 2e 33,3.709853,
extended_xl,XL-Synthetic_6_B__pdf_large__lsb3.bmp,/home/kali/Desktop/stego_dataset_expanded/stego_core_combined/XL-Synthetic_6_B__pdf_large__lsb3.bmp,XL-Synthetic_6_B.bmp,XL-Synthetic,6,B,bmp,P02.pdf,pdf,large,3,PDF,/home/kali/stego_dataset_expanded/stego_core_combined/XL-Synthetic_6_B__pdf_large__lsb3.bmp,PDF,signature_pdf,1,PDF,validated_pdf_startxref_eof,1,4,1100144,little,25 50 44 46 2d 31 2e 33,3.597720,
extended_xl,XL-Synthetic_6_B__pdf_medium__lsb1.bmp,/home/kali/Desktop/stego_dataset_expanded/stego_core_combined/XL-Synthetic_6_B__pdf_medium__lsb1.bmp,XL-Synthetic_6_B.bmp,XL-Synthetic,6,B,bmp,P02.pdf,pdf,medium,1,PDF,/home/kali/stego_dataset_expanded/stego_core_combined/XL-Synthetic_6_B__pdf_medium__lsb1.bmp,PDF,signature_pdf,1,PDF,validated_pdf_startxref_eof,1,4,510410,little,25 50 44 46 2d 31 2e 37,3.647428,
extended_xl,XL-Synthetic_6_B__pdf_medium__lsb2.bmp,/home/kali/Desktop/stego_dataset_expanded/stego_core_combined/XL-Synthetic_6_B__pdf_medium__lsb2.bmp,XL-Synthetic_6_B.bmp,XL-Synthetic,6,B,bmp,P02.pdf,pdf,medium,2,PDF,/home/kali/stego_dataset_expanded/stego_core_combined/XL-Synthetic_6_B__pdf_medium__lsb2.bmp,PDF,signature_pdf,1,PDF,validated_pdf_startxref_eof,1,4,510410,little,25 50 44 46 2d 31 2e 37,3.615522,
extended_xl,XL-Synthetic_6_B__pdf_medium__lsb3.bmp,/home/kali/Desktop/stego_dataset_expanded/stego_core_combined/XL-Synthetic_6_B__pdf_medium__lsb3.bmp,XL-Synthetic_6_B.bmp,XL-Synthetic,6,B,bmp,P02.pdf,pdf,medium,3,PDF,/home/kali/stego_dataset_expanded/stego_core_combined/XL-Synthetic_6_B__pdf_medium__lsb3.bmp,PDF,signature_pdf,1,PDF,validated_pdf_startxref_eof,1,4,510410,little,25 50 44 46 2d 31 2e 37,3.446974,
extended_xl,XL-Synthetic_6_B__pdf_small__lsb1.bmp,/home/kali/Desktop/stego_dataset_expanded/stego_core_combined/XL-Synthetic_6_B__pdf_small__lsb1.bmp,XL-Synthetic_6_B.bmp,XL-Synthetic,6,B,bmp,P02.pdf,pdf,small,1,PDF,/home/kali/stego_dataset_expanded/stego_core_combined/XL-Synthetic_6_B__pdf_small__lsb1.bmp,PDF,signature_pdf,1,PDF,validated_pdf_startxref_eof,1,4,16620,little,25 50 44 46 2d 31 2e 37,3.334768,
extended_xl,XL-Synthetic_6_B__pdf_small__lsb2.bmp,/home/kali/Desktop/stego_dataset_expanded/stego_core_combined/XL-Synthetic_6_B__pdf_small__lsb2.bmp,XL-Synthetic_6_B.bmp,XL-Synthetic,6,B,bmp,P02.pdf,pdf,small,2,PDF,/home/kali/stego_dataset_expanded/stego_core_combined/XL-Synthetic_6_B__pdf_small__lsb2.bmp,PDF,signature_pdf,1,PDF,validated_pdf_startxref_eof,1,4,16620,little,25 50 44 46 2d 31 2e 37,3.343991,
extended_xl,XL-Synthetic_6_B__pdf_small__lsb3.bmp,/home/kali/Desktop/stego_dataset_expanded/stego_core_combined/XL-Synthetic_6_B__pdf_small__lsb3.bmp,XL-Synthetic_6_B.bmp,XL-Synthetic,6,B,bmp,P02.pdf,pdf,small,3,PDF,/home/kali/stego_dataset_expanded/stego_core_combined/XL-Synthetic_6_B__pdf_small__lsb3.bmp,PDF,signature_pdf,1,PDF,validated_pdf_startxref_eof,1,4,16620,little,25 50 44 46 2d 31 2e 37,3.484919,
extended_xl,XL-Synthetic_6_B__pptx_large__lsb1.bmp,/home/kali/Desktop/stego_dataset_expanded/stego_core_combined/XL-Synthetic_6_B__pptx_large__lsb1.bmp,XL-Synthetic_6_B.bmp,XL-Synthetic,6,B,bmp,P04.pptx,pptx,large,1,PPTX,/home/kali/stego_dataset_expanded/stego_core_combined/XL-Synthetic_6_B__pptx_large__lsb1.bmp,ZIP,signature_pk_zip,0,PPTX,validated_ooxml_pptx,1,4,1082610,little,50 4b 03 04 14 00 06 00,3.960431,
extended_xl,XL-Synthetic_6_B__pptx_large__lsb2.bmp,/home/kali/Desktop/stego_dataset_expanded/stego_core_combined/XL-Synthetic_6_B__pptx_large__lsb2.bmp,XL-Synthetic_6_B.bmp,XL-Synthetic,6,B,bmp,P04.pptx,pptx,large,2,PPTX,/home/kali/stego_dataset_expanded/stego_core_combined/XL-Synthetic_6_B__pptx_large__lsb2.bmp,ZIP,signature_pk_zip,0,PPTX,validated_ooxml_pptx,1,4,1082610,little,50 4b 03 04 14 00 06 00,3.733518,
extended_xl,XL-Synthetic_6_B__pptx_large__lsb3.bmp,/home/kali/Desktop/stego_dataset_expanded/stego_core_combined/XL-Synthetic_6_B__pptx_large__lsb3.bmp,XL-Synthetic_6_B.bmp,XL-Synthetic,6,B,bmp,P04.pptx,pptx,large,3,PPTX,/home/kali/stego_dataset_expanded/stego_core_combined/XL-Synthetic_6_B__pptx_large__lsb3.bmp,ZIP,signature_pk_zip,0,PPTX,validated_ooxml_pptx,1,4,1082610,little,50 4b 03 04 14 00 06 00,3.642860,
extended_xl,XL-Synthetic_6_B__pptx_medium__lsb1.bmp,/home/kali/Desktop/stego_dataset_expanded/stego_core_combined/XL-Synthetic_6_B__pptx_medium__lsb1.bmp,XL-Synthetic_6_B.bmp,XL-Synthetic,6,B,bmp,P04.pptx,pptx,medium,1,PPTX,/home/kali/stego_dataset_expanded/stego_core_combined/XL-Synthetic_6_B__pptx_medium__lsb1.bmp,ZIP,signature_pk_zip,0,PPTX,validated_ooxml_pptx,1,4,512113,little,50 4b 03 04 14 00 06 00,3.911875,
extended_xl,XL-Synthetic_6_B__pptx_medium__lsb2.bmp,/home/kali/Desktop/stego_dataset_expanded/stego_core_combined/XL-Synthetic_6_B__pptx_medium__lsb2.bmp,XL-Synthetic_6_B.bmp,XL-Synthetic,6,B,bmp,P04.pptx,pptx,medium,2,PPTX,/home/kali/stego_dataset_expanded/stego_core_combined/XL-Synthetic_6_B__pptx_medium__lsb2.bmp,ZIP,signature_pk_zip,0,PPTX,validated_ooxml_pptx,1,4,512113,little,50 4b 03 04 14 00 06 00,3.489164,
extended_xl,XL-Synthetic_6_B__pptx_medium__lsb3.bmp,/home/kali/Desktop/stego_dataset_expanded/stego_core_combined/XL-Synthetic_6_B__pptx_medium__lsb3.bmp,XL-Synthetic_6_B.bmp,XL-Synthetic,6,B,bmp,P04.pptx,pptx,medium,3,PPTX,/home/kali/stego_dataset_expanded/stego_core_combined/XL-Synthetic_6_B__pptx_medium__lsb3.bmp,ZIP,signature_pk_zip,0,PPTX,validated_ooxml_pptx,1,4,512113,little,50 4b 03 04 14 00 06 00,3.520564,
extended_xl,XL-Synthetic_6_B__pptx_small__lsb1.bmp,/home/kali/Desktop/stego_dataset_expanded/stego_core_combined/XL-Synthetic_6_B__pptx_small__lsb1.bmp,XL-Synthetic_6_B.bmp,XL-Synthetic,6,B,bmp,P04.pptx,pptx,small,1,PPTX,/home/kali/stego_dataset_expanded/stego_core_combined/XL-Synthetic_6_B__pptx_small__lsb1.bmp,ZIP,signature_pk_zip,0,PPTX,validated_ooxml_pptx,1,4,32020,little,50 4b 03 04 14 00 06 00,3.486278,
extended_xl,XL-Synthetic_6_B__pptx_small__lsb2.bmp,/home/kali/Desktop/stego_dataset_expanded/stego_core_combined/XL-Synthetic_6_B__pptx_small__lsb2.bmp,XL-Synthetic_6_B.bmp,XL-Synthetic,6,B,bmp,P04.pptx,pptx,small,2,PPTX,/home/kali/stego_dataset_expanded/stego_core_combined/XL-Synthetic_6_B__pptx_small__lsb2.bmp,ZIP,signature_pk_zip,0,PPTX,validated_ooxml_pptx,1,4,32020,little,50 4b 03 04 14 00 06 00,3.395639,
extended_xl,XL-Synthetic_6_B__pptx_small__lsb3.bmp,/home/kali/Desktop/stego_dataset_expanded/stego_core_combined/XL-Synthetic_6_B__pptx_small__lsb3.bmp,XL-Synthetic_6_B.bmp,XL-Synthetic,6,B,bmp,P04.pptx,pptx,small,3,PPTX,/home/kali/stego_dataset_expanded/stego_core_combined/XL-Synthetic_6_B__pptx_small__lsb3.bmp,ZIP,signature_pk_zip,0,PPTX,validated_ooxml_pptx,1,4,32020,little,50 4b 03 04 14 00 06 00,3.534747,
extended_xl,XL-Synthetic_6_B__rtf_large__lsb1.bmp,/home/kali/Desktop/stego_dataset_expanded/stego_core_combined/XL-Synthetic_6_B__rtf_large__lsb1.bmp,XL-Synthetic_6_B.bmp,XL-Synthetic,6,B,bmp,P05.rtf,rtf,large,1,RTF,/home/kali/stego_dataset_expanded/stego_core_combined/XL-Synthetic_6_B__rtf_large__lsb1.bmp,RTF,signature_rtf,1,RTF,validated_rtf_structure,1,4,1085026,little,7b 5c 72 74 66 31 5c 61,3.905378,
extended_xl,XL-Synthetic_6_B__rtf_large__lsb2.bmp,/home/kali/Desktop/stego_dataset_expanded/stego_core_combined/XL-Synthetic_6_B__rtf_large__lsb2.bmp,XL-Synthetic_6_B.bmp,XL-Synthetic,6,B,bmp,P05.rtf,rtf,large,2,RTF,/home/kali/stego_dataset_expanded/stego_core_combined/XL-Synthetic_6_B__rtf_large__lsb2.bmp,RTF,signature_rtf,1,RTF,validated_rtf_structure,1,4,1085026,little,7b 5c 72 74 66 31 5c 61,3.745567,
extended_xl,XL-Synthetic_6_B__rtf_large__lsb3.bmp,/home/kali/Desktop/stego_dataset_expanded/stego_core_combined/XL-Synthetic_6_B__rtf_large__lsb3.bmp,XL-Synthetic_6_B.bmp,XL-Synthetic,6,B,bmp,P05.rtf,rtf,large,3,RTF,/home/kali/stego_dataset_expanded/stego_core_combined/XL-Synthetic_6_B__rtf_large__lsb3.bmp,RTF,signature_rtf,1,RTF,validated_rtf_structure,1,4,1085026,little,7b 5c 72 74 66 31 5c 61,3.661321,
extended_xl,XL-Synthetic_6_B__rtf_medium__lsb1.bmp,/home/kali/Desktop/stego_dataset_expanded/stego_core_combined/XL-Synthetic_6_B__rtf_medium__lsb1.bmp,XL-Synthetic_6_B.bmp,XL-Synthetic,6,B,bmp,P05.rtf,rtf,medium,1,RTF,/home/kali/stego_dataset_expanded/stego_core_combined/XL-Synthetic_6_B__rtf_medium__lsb1.bmp,RTF,signature_rtf,1,RTF,validated_rtf_structure,1,4,511504,little,7b 5c 72 74 66 31 5c 61,3.653022,
extended_xl,XL-Synthetic_6_B__rtf_medium__lsb2.bmp,/home/kali/Desktop/stego_dataset_expanded/stego_core_combined/XL-Synthetic_6_B__rtf_medium__lsb2.bmp,XL-Synthetic_6_B.bmp,XL-Synthetic,6,B,bmp,P05.rtf,rtf,medium,2,RTF,/home/kali/stego_dataset_expanded/stego_core_combined/XL-Synthetic_6_B__rtf_medium__lsb2.bmp,RTF,signature_rtf,1,RTF,validated_rtf_structure,1,4,511504,little,7b 5c 72 74 66 31 5c 61,3.543745,
extended_xl,XL-Synthetic_6_B__rtf_medium__lsb3.bmp,/home/kali/Desktop/stego_dataset_expanded/stego_core_combined/XL-Synthetic_6_B__rtf_medium__lsb3.bmp,XL-Synthetic_6_B.bmp,XL-Synthetic,6,B,bmp,P05.rtf,rtf,medium,3,RTF,/home/kali/stego_dataset_expanded/stego_core_combined/XL-Synthetic_6_B__rtf_medium__lsb3.bmp,RTF,signature_rtf,1,RTF,validated_rtf_structure,1,4,511504,little,7b 5c 72 74 66 31 5c 61,3.482405,
extended_xl,XL-Synthetic_6_B__rtf_small__lsb1.bmp,/home/kali/Desktop/stego_dataset_expanded/stego_core_combined/XL-Synthetic_6_B__rtf_small__lsb1.bmp,XL-Synthetic_6_B.bmp,XL-Synthetic,6,B,bmp,P05.rtf,rtf,small,1,RTF,/home/kali/stego_dataset_expanded/stego_core_combined/XL-Synthetic_6_B__rtf_small__lsb1.bmp,RTF,signature_rtf,1,RTF,validated_rtf_structure,1,4,50275,little,7b 5c 72 74 66 31 5c 61,3.484301,
extended_xl,XL-Synthetic_6_B__rtf_small__lsb2.bmp,/home/kali/Desktop/stego_dataset_expanded/stego_core_combined/XL-Synthetic_6_B__rtf_small__lsb2.bmp,XL-Synthetic_6_B.bmp,XL-Synthetic,6,B,bmp,P05.rtf,rtf,small,2,RTF,/home/kali/stego_dataset_expanded/stego_core_combined/XL-Synthetic_6_B__rtf_small__lsb2.bmp,RTF,signature_rtf,1,RTF,validated_rtf_structure,1,4,50275,little,7b 5c 72 74 66 31 5c 61,3.380241,
extended_xl,XL-Synthetic_6_B__rtf_small__lsb3.bmp,/home/kali/Desktop/stego_dataset_expanded/stego_core_combined/XL-Synthetic_6_B__rtf_small__lsb3.bmp,XL-Synthetic_6_B.bmp,XL-Synthetic,6,B,bmp,P05.rtf,rtf,small,3,RTF,/home/kali/stego_dataset_expanded/stego_core_combined/XL-Synthetic_6_B__rtf_small__lsb3.bmp,RTF,signature_rtf,1,RTF,validated_rtf_structure,1,4,50275,little,7b 5c 72 74 66 31 5c 61,3.447834,
extended_xl,XL-Synthetic_6_B__xlsx_large__lsb1.bmp,/home/kali/Desktop/stego_dataset_expanded/stego_core_combined/XL-Synthetic_6_B__xlsx_large__lsb1.bmp,XL-Synthetic_6_B.bmp,XL-Synthetic,6,B,bmp,P03.xlsx,xlsx,large,1,XLSX,/home/kali/stego_dataset_expanded/stego_core_combined/XL-Synthetic_6_B__xlsx_large__lsb1.bmp,ZIP,signature_pk_zip,0,XLSX,validated_ooxml_xlsx,1,4,1090468,little,50 4b 03 04 14 00 06 00,3.914050,
extended_xl,XL-Synthetic_6_B__xlsx_large__lsb2.bmp,/home/kali/Desktop/stego_dataset_expanded/stego_core_combined/XL-Synthetic_6_B__xlsx_large__lsb2.bmp,XL-Synthetic_6_B.bmp,XL-Synthetic,6,B,bmp,P03.xlsx,xlsx,large,2,XLSX,/home/kali/stego_dataset_expanded/stego_core_combined/XL-Synthetic_6_B__xlsx_large__lsb2.bmp,ZIP,signature_pk_zip,0,XLSX,validated_ooxml_xlsx,1,4,1090468,little,50 4b 03 04 14 00 06 00,4.085511,
extended_xl,XL-Synthetic_6_B__xlsx_large__lsb3.bmp,/home/kali/Desktop/stego_dataset_expanded/stego_core_combined/XL-Synthetic_6_B__xlsx_large__lsb3.bmp,XL-Synthetic_6_B.bmp,XL-Synthetic,6,B,bmp,P03.xlsx,xlsx,large,3,XLSX,/home/kali/stego_dataset_expanded/stego_core_combined/XL-Synthetic_6_B__xlsx_large__lsb3.bmp,ZIP,signature_pk_zip,0,XLSX,validated_ooxml_xlsx,1,4,1090468,little,50 4b 03 04 14 00 06 00,3.647646,
extended_xl,XL-Synthetic_6_B__xlsx_medium__lsb1.bmp,/home/kali/Desktop/stego_dataset_expanded/stego_core_combined/XL-Synthetic_6_B__xlsx_medium__lsb1.bmp,XL-Synthetic_6_B.bmp,XL-Synthetic,6,B,bmp,P03.xlsx,xlsx,medium,1,XLSX,/home/kali/stego_dataset_expanded/stego_core_combined/XL-Synthetic_6_B__xlsx_medium__lsb1.bmp,ZIP,signature_pk_zip,0,XLSX,validated_ooxml_xlsx,1,4,511280,little,50 4b 03 04 14 00 06 00,3.786868,
extended_xl,XL-Synthetic_6_B__xlsx_medium__lsb2.bmp,/home/kali/Desktop/stego_dataset_expanded/stego_core_combined/XL-Synthetic_6_B__xlsx_medium__lsb2.bmp,XL-Synthetic_6_B.bmp,XL-Synthetic,6,B,bmp,P03.xlsx,xlsx,medium,2,XLSX,/home/kali/stego_dataset_expanded/stego_core_combined/XL-Synthetic_6_B__xlsx_medium__lsb2.bmp,ZIP,signature_pk_zip,0,XLSX,validated_ooxml_xlsx,1,4,511280,little,50 4b 03 04 14 00 06 00,3.804250,
extended_xl,XL-Synthetic_6_B__xlsx_medium__lsb3.bmp,/home/kali/Desktop/stego_dataset_expanded/stego_core_combined/XL-Synthetic_6_B__xlsx_medium__lsb3.bmp,XL-Synthetic_6_B.bmp,XL-Synthetic,6,B,bmp,P03.xlsx,xlsx,medium,3,XLSX,/home/kali/stego_dataset_expanded/stego_core_combined/XL-Synthetic_6_B__xlsx_medium__lsb3.bmp,ZIP,signature_pk_zip,0,XLSX,validated_ooxml_xlsx,1,4,511280,little,50 4b 03 04 14 00 06 00,3.882868,
extended_xl,XL-Synthetic_6_B__xlsx_small__lsb1.bmp,/home/kali/Desktop/stego_dataset_expanded/stego_core_combined/XL-Synthetic_6_B__xlsx_small__lsb1.bmp,XL-Synthetic_6_B.bmp,XL-Synthetic,6,B,bmp,P03.xlsx,xlsx,small,1,XLSX,/home/kali/stego_dataset_expanded/stego_core_combined/XL-Synthetic_6_B__xlsx_small__lsb1.bmp,ZIP,signature_pk_zip,0,XLSX,validated_ooxml_xlsx,1,4,8899,little,50 4b 03 04 14 00 06 00,3.694876,
extended_xl,XL-Synthetic_6_B__xlsx_small__lsb2.bmp,/home/kali/Desktop/stego_dataset_expanded/stego_core_combined/XL-Synthetic_6_B__xlsx_small__lsb2.bmp,XL-Synthetic_6_B.bmp,XL-Synthetic,6,B,bmp,P03.xlsx,xlsx,small,2,XLSX,/home/kali/stego_dataset_expanded/stego_core_combined/XL-Synthetic_6_B__xlsx_small__lsb2.bmp,ZIP,signature_pk_zip,0,XLSX,validated_ooxml_xlsx,1,4,8899,little,50 4b 03 04 14 00 06 00,3.788145,
extended_xl,XL-Synthetic_6_B__xlsx_small__lsb3.bmp,/home/kali/Desktop/stego_dataset_expanded/stego_core_combined/XL-Synthetic_6_B__xlsx_small__lsb3.bmp,XL-Synthetic_6_B.bmp,XL-Synthetic,6,B,bmp,P03.xlsx,xlsx,small,3,XLSX,/home/kali/stego_dataset_expanded/stego_core_combined/XL-Synthetic_6_B__xlsx_small__lsb3.bmp,ZIP,signature_pk_zip,0,XLSX,validated_ooxml_xlsx,1,4,8899,little,50 4b 03 04 14 00 06 00,3.855841,
extended_xl,XL-Synthetic_6_P__docx_large__lsb3.png,/home/kali/Desktop/stego_dataset_expanded/stego_core_combined/XL-Synthetic_6_P__docx_large__lsb3.png,XL-Synthetic_6_P.png,XL-Synthetic,6,P,png,P01.docx,docx,large,3,DOCX,/home/kali/stego_dataset_expanded/stego_core_combined/XL-Synthetic_6_P__docx_large__lsb3.png,ZIP,signature_pk_zip,0,DOCX,validated_ooxml_docx,1,3,1121154,little,50 4b 03 04 14 00 06 00,0.890909,
extended_xl,XL-Synthetic_6_P__docx_medium__lsb2.png,/home/kali/Desktop/stego_dataset_expanded/stego_core_combined/XL-Synthetic_6_P__docx_medium__lsb2.png,XL-Synthetic_6_P.png,XL-Synthetic,6,P,png,P01.docx,docx,medium,2,DOCX,/home/kali/stego_dataset_expanded/stego_core_combined/XL-Synthetic_6_P__docx_medium__lsb2.png,ZIP,signature_pk_zip,0,DOCX,validated_ooxml_docx,1,3,511127,little,50 4b 03 04 14 00 06 00,0.728199,
extended_xl,XL-Synthetic_6_P__docx_medium__lsb3.png,/home/kali/Desktop/stego_dataset_expanded/stego_core_combined/XL-Synthetic_6_P__docx_medium__lsb3.png,XL-Synthetic_6_P.png,XL-Synthetic,6,P,png,P01.docx,docx,medium,3,DOCX,/home/kali/stego_dataset_expanded/stego_core_combined/XL-Synthetic_6_P__docx_medium__lsb3.png,ZIP,signature_pk_zip,0,DOCX,validated_ooxml_docx,1,3,511127,little,50 4b 03 04 14 00 06 00,0.665065,
extended_xl,XL-Synthetic_6_P__docx_small__lsb1.png,/home/kali/Desktop/stego_dataset_expanded/stego_core_combined/XL-Synthetic_6_P__docx_small__lsb1.png,XL-Synthetic_6_P.png,XL-Synthetic,6,P,png,P01.docx,docx,small,1,DOCX,/home/kali/stego_dataset_expanded/stego_core_combined/XL-Synthetic_6_P__docx_small__lsb1.png,ZIP,signature_pk_zip,0,DOCX,validated_ooxml_docx,1,3,13432,little,50 4b 03 04 14 00 06 00,0.586605,
extended_xl,XL-Synthetic_6_P__docx_small__lsb2.png,/home/kali/Desktop/stego_dataset_expanded/stego_core_combined/XL-Synthetic_6_P__docx_small__lsb2.png,XL-Synthetic_6_P.png,XL-Synthetic,6,P,png,P01.docx,docx,small,2,DOCX,/home/kali/stego_dataset_expanded/stego_core_combined/XL-Synthetic_6_P__docx_small__lsb2.png,ZIP,signature_pk_zip,0,DOCX,validated_ooxml_docx,1,3,13432,little,50 4b 03 04 14 00 06 00,0.589168,
extended_xl,XL-Synthetic_6_P__docx_small__lsb3.png,/home/kali/Desktop/stego_dataset_expanded/stego_core_combined/XL-Synthetic_6_P__docx_small__lsb3.png,XL-Synthetic_6_P.png,XL-Synthetic,6,P,png,P01.docx,docx,small,3,DOCX,/home/kali/stego_dataset_expanded/stego_core_combined/XL-Synthetic_6_P__docx_small__lsb3.png,ZIP,signature_pk_zip,0,DOCX,validated_ooxml_docx,1,3,13432,little,50 4b 03 04 14 00 06 00,0.540267,
extended_xl,XL-Synthetic_6_P__exe_large__lsb3.png,/home/kali/Desktop/stego_dataset_expanded/stego_core_combined/XL-Synthetic_6_P__exe_large__lsb3.png,XL-Synthetic_6_P.png,XL-Synthetic,6,P,png,P06.exe,exe,large,3,EXE,/home/kali/stego_dataset_expanded/stego_core_combined/XL-Synthetic_6_P__exe_large__lsb3.png,EXE,signature_mz,1,EXE,validated_mz_pe_header,1,3,1017856,little,4d 5a 90 00 03 00 00 00,0.729406,
extended_xl,XL-Synthetic_6_P__exe_medium__lsb2.png,/home/kali/Desktop/stego_dataset_expanded/stego_core_combined/XL-Synthetic_6_P__exe_medium__lsb2.png,XL-Synthetic_6_P.png,XL-Synthetic,6,P,png,P06.exe,exe,medium,2,EXE,/home/kali/stego_dataset_expanded/stego_core_combined/XL-Synthetic_6_P__exe_medium__lsb2.png,EXE,signature_mz,1,EXE,validated_mz_pe_header,1,3,505856,little,4d 5a 90 00 03 00 00 00,0.689895,
extended_xl,XL-Synthetic_6_P__exe_medium__lsb3.png,/home/kali/Desktop/stego_dataset_expanded/stego_core_combined/XL-Synthetic_6_P__exe_medium__lsb3.png,XL-Synthetic_6_P.png,XL-Synthetic,6,P,png,P06.exe,exe,medium,3,EXE,/home/kali/stego_dataset_expanded/stego_core_combined/XL-Synthetic_6_P__exe_medium__lsb3.png,EXE,signature_mz,1,EXE,validated_mz_pe_header,1,3,505856,little,4d 5a 90 00 03 00 00 00,0.691208,
extended_xl,XL-Synthetic_6_P__exe_small__lsb1.png,/home/kali/Desktop/stego_dataset_expanded/stego_core_combined/XL-Synthetic_6_P__exe_small__lsb1.png,XL-Synthetic_6_P.png,XL-Synthetic,6,P,png,P06.exe,exe,small,1,EXE,/home/kali/stego_dataset_expanded/stego_core_combined/XL-Synthetic_6_P__exe_small__lsb1.png,EXE,signature_mz,1,EXE,validated_mz_pe_header,1,3,40448,little,4d 5a 90 00 03 00 00 00,0.577993,
extended_xl,XL-Synthetic_6_P__exe_small__lsb2.png,/home/kali/Desktop/stego_dataset_expanded/stego_core_combined/XL-Synthetic_6_P__exe_small__lsb2.png,XL-Synthetic_6_P.png,XL-Synthetic,6,P,png,P06.exe,exe,small,2,EXE,/home/kali/stego_dataset_expanded/stego_core_combined/XL-Synthetic_6_P__exe_small__lsb2.png,EXE,signature_mz,1,EXE,validated_mz_pe_header,1,3,40448,little,4d 5a 90 00 03 00 00 00,0.549612,
extended_xl,XL-Synthetic_6_P__exe_small__lsb3.png,/home/kali/Desktop/stego_dataset_expanded/stego_core_combined/XL-Synthetic_6_P__exe_small__lsb3.png,XL-Synthetic_6_P.png,XL-Synthetic,6,P,png,P06.exe,exe,small,3,EXE,/home/kali/stego_dataset_expanded/stego_core_combined/XL-Synthetic_6_P__exe_small__lsb3.png,EXE,signature_mz,1,EXE,validated_mz_pe_header,1,3,40448,little,4d 5a 90 00 03 00 00 00,0.561989,
extended_xl,XL-Synthetic_6_P__pdf_large__lsb3.png,/home/kali/Desktop/stego_dataset_expanded/stego_core_combined/XL-Synthetic_6_P__pdf_large__lsb3.png,XL-Synthetic_6_P.png,XL-Synthetic,6,P,png,P02.pdf,pdf,large,3,PDF,/home/kali/stego_dataset_expanded/stego_core_combined/XL-Synthetic_6_P__pdf_large__lsb3.png,PDF,signature_pdf,1,PDF,validated_pdf_startxref_eof,1,3,1100144,little,25 50 44 46 2d 31 2e 33,0.768253,
extended_xl,XL-Synthetic_6_P__pdf_medium__lsb2.png,/home/kali/Desktop/stego_dataset_expanded/stego_core_combined/XL-Synthetic_6_P__pdf_medium__lsb2.png,XL-Synthetic_6_P.png,XL-Synthetic,6,P,png,P02.pdf,pdf,medium,2,PDF,/home/kali/stego_dataset_expanded/stego_core_combined/XL-Synthetic_6_P__pdf_medium__lsb2.png,PDF,signature_pdf,1,PDF,validated_pdf_startxref_eof,1,3,510410,little,25 50 44 46 2d 31 2e 37,0.670664,
extended_xl,XL-Synthetic_6_P__pdf_medium__lsb3.png,/home/kali/Desktop/stego_dataset_expanded/stego_core_combined/XL-Synthetic_6_P__pdf_medium__lsb3.png,XL-Synthetic_6_P.png,XL-Synthetic,6,P,png,P02.pdf,pdf,medium,3,PDF,/home/kali/stego_dataset_expanded/stego_core_combined/XL-Synthetic_6_P__pdf_medium__lsb3.png,PDF,signature_pdf,1,PDF,validated_pdf_startxref_eof,1,3,510410,little,25 50 44 46 2d 31 2e 37,0.625208,
extended_xl,XL-Synthetic_6_P__pdf_small__lsb1.png,/home/kali/Desktop/stego_dataset_expanded/stego_core_combined/XL-Synthetic_6_P__pdf_small__lsb1.png,XL-Synthetic_6_P.png,XL-Synthetic,6,P,png,P02.pdf,pdf,small,1,PDF,/home/kali/stego_dataset_expanded/stego_core_combined/XL-Synthetic_6_P__pdf_small__lsb1.png,PDF,signature_pdf,1,PDF,validated_pdf_startxref_eof,1,3,16620,little,25 50 44 46 2d 31 2e 37,0.547234,
extended_xl,XL-Synthetic_6_P__pdf_small__lsb2.png,/home/kali/Desktop/stego_dataset_expanded/stego_core_combined/XL-Synthetic_6_P__pdf_small__lsb2.png,XL-Synthetic_6_P.png,XL-Synthetic,6,P,png,P02.pdf,pdf,small,2,PDF,/home/kali/stego_dataset_expanded/stego_core_combined/XL-Synthetic_6_P__pdf_small__lsb2.png,PDF,signature_pdf,1,PDF,validated_pdf_startxref_eof,1,3,16620,little,25 50 44 46 2d 31 2e 37,0.562752,
extended_xl,XL-Synthetic_6_P__pdf_small__lsb3.png,/home/kali/Desktop/stego_dataset_expanded/stego_core_combined/XL-Synthetic_6_P__pdf_small__lsb3.png,XL-Synthetic_6_P.png,XL-Synthetic,6,P,png,P02.pdf,pdf,small,3,PDF,/home/kali/stego_dataset_expanded/stego_core_combined/XL-Synthetic_6_P__pdf_small__lsb3.png,PDF,signature_pdf,1,PDF,validated_pdf_startxref_eof,1,3,16620,little,25 50 44 46 2d 31 2e 37,0.539108,
extended_xl,XL-Synthetic_6_P__pptx_large__lsb3.png,/home/kali/Desktop/stego_dataset_expanded/stego_core_combined/XL-Synthetic_6_P__pptx_large__lsb3.png,XL-Synthetic_6_P.png,XL-Synthetic,6,P,png,P04.pptx,pptx,large,3,PPTX,/home/kali/stego_dataset_expanded/stego_core_combined/XL-Synthetic_6_P__pptx_large__lsb3.png,ZIP,signature_pk_zip,0,PPTX,validated_ooxml_pptx,1,3,1082610,little,50 4b 03 04 14 00 06 00,0.687495,
extended_xl,XL-Synthetic_6_P__pptx_medium__lsb2.png,/home/kali/Desktop/stego_dataset_expanded/stego_core_combined/XL-Synthetic_6_P__pptx_medium__lsb2.png,XL-Synthetic_6_P.png,XL-Synthetic,6,P,png,P04.pptx,pptx,medium,2,PPTX,/home/kali/stego_dataset_expanded/stego_core_combined/XL-Synthetic_6_P__pptx_medium__lsb2.png,ZIP,signature_pk_zip,0,PPTX,validated_ooxml_pptx,1,3,512113,little,50 4b 03 04 14 00 06 00,0.669678,
extended_xl,XL-Synthetic_6_P__pptx_medium__lsb3.png,/home/kali/Desktop/stego_dataset_expanded/stego_core_combined/XL-Synthetic_6_P__pptx_medium__lsb3.png,XL-Synthetic_6_P.png,XL-Synthetic,6,P,png,P04.pptx,pptx,medium,3,PPTX,/home/kali/stego_dataset_expanded/stego_core_combined/XL-Synthetic_6_P__pptx_medium__lsb3.png,ZIP,signature_pk_zip,0,PPTX,validated_ooxml_pptx,1,3,512113,little,50 4b 03 04 14 00 06 00,0.659782,
extended_xl,XL-Synthetic_6_P__pptx_small__lsb1.png,/home/kali/Desktop/stego_dataset_expanded/stego_core_combined/XL-Synthetic_6_P__pptx_small__lsb1.png,XL-Synthetic_6_P.png,XL-Synthetic,6,P,png,P04.pptx,pptx,small,1,PPTX,/home/kali/stego_dataset_expanded/stego_core_combined/XL-Synthetic_6_P__pptx_small__lsb1.png,ZIP,signature_pk_zip,0,PPTX,validated_ooxml_pptx,1,3,32020,little,50 4b 03 04 14 00 06 00,0.545267,
extended_xl,XL-Synthetic_6_P__pptx_small__lsb2.png,/home/kali/Desktop/stego_dataset_expanded/stego_core_combined/XL-Synthetic_6_P__pptx_small__lsb2.png,XL-Synthetic_6_P.png,XL-Synthetic,6,P,png,P04.pptx,pptx,small,2,PPTX,/home/kali/stego_dataset_expanded/stego_core_combined/XL-Synthetic_6_P__pptx_small__lsb2.png,ZIP,signature_pk_zip,0,PPTX,validated_ooxml_pptx,1,3,32020,little,50 4b 03 04 14 00 06 00,0.539641,
extended_xl,XL-Synthetic_6_P__pptx_small__lsb3.png,/home/kali/Desktop/stego_dataset_expanded/stego_core_combined/XL-Synthetic_6_P__pptx_small__lsb3.png,XL-Synthetic_6_P.png,XL-Synthetic,6,P,png,P04.pptx,pptx,small,3,PPTX,/home/kali/stego_dataset_expanded/stego_core_combined/XL-Synthetic_6_P__pptx_small__lsb3.png,ZIP,signature_pk_zip,0,PPTX,validated_ooxml_pptx,1,3,32020,little,50 4b 03 04 14 00 06 00,0.543732,
extended_xl,XL-Synthetic_6_P__rtf_large__lsb3.png,/home/kali/Desktop/stego_dataset_expanded/stego_core_combined/XL-Synthetic_6_P__rtf_large__lsb3.png,XL-Synthetic_6_P.png,XL-Synthetic,6,P,png,P05.rtf,rtf,large,3,RTF,/home/kali/stego_dataset_expanded/stego_core_combined/XL-Synthetic_6_P__rtf_large__lsb3.png,RTF,signature_rtf,1,RTF,validated_rtf_structure,1,3,1085026,little,7b 5c 72 74 66 31 5c 61,0.765636,
extended_xl,XL-Synthetic_6_P__rtf_medium__lsb2.png,/home/kali/Desktop/stego_dataset_expanded/stego_core_combined/XL-Synthetic_6_P__rtf_medium__lsb2.png,XL-Synthetic_6_P.png,XL-Synthetic,6,P,png,P05.rtf,rtf,medium,2,RTF,/home/kali/stego_dataset_expanded/stego_core_combined/XL-Synthetic_6_P__rtf_medium__lsb2.png,RTF,signature_rtf,1,RTF,validated_rtf_structure,1,3,511504,little,7b 5c 72 74 66 31 5c 61,0.713894,
extended_xl,XL-Synthetic_6_P__rtf_medium__lsb3.png,/home/kali/Desktop/stego_dataset_expanded/stego_core_combined/XL-Synthetic_6_P__rtf_medium__lsb3.png,XL-Synthetic_6_P.png,XL-Synthetic,6,P,png,P05.rtf,rtf,medium,3,RTF,/home/kali/stego_dataset_expanded/stego_core_combined/XL-Synthetic_6_P__rtf_medium__lsb3.png,RTF,signature_rtf,1,RTF,validated_rtf_structure,1,3,511504,little,7b 5c 72 74 66 31 5c 61,0.604269,
extended_xl,XL-Synthetic_6_P__rtf_small__lsb1.png,/home/kali/Desktop/stego_dataset_expanded/stego_core_combined/XL-Synthetic_6_P__rtf_small__lsb1.png,XL-Synthetic_6_P.png,XL-Synthetic,6,P,png,P05.rtf,rtf,small,1,RTF,/home/kali/stego_dataset_expanded/stego_core_combined/XL-Synthetic_6_P__rtf_small__lsb1.png,RTF,signature_rtf,1,RTF,validated_rtf_structure,1,3,50275,little,7b 5c 72 74 66 31 5c 61,0.548239,
extended_xl,XL-Synthetic_6_P__rtf_small__lsb2.png,/home/kali/Desktop/stego_dataset_expanded/stego_core_combined/XL-Synthetic_6_P__rtf_small__lsb2.png,XL-Synthetic_6_P.png,XL-Synthetic,6,P,png,P05.rtf,rtf,small,2,RTF,/home/kali/stego_dataset_expanded/stego_core_combined/XL-Synthetic_6_P__rtf_small__lsb2.png,RTF,signature_rtf,1,RTF,validated_rtf_structure,1,3,50275,little,7b 5c 72 74 66 31 5c 61,0.596515,
extended_xl,XL-Synthetic_6_P__rtf_small__lsb3.png,/home/kali/Desktop/stego_dataset_expanded/stego_core_combined/XL-Synthetic_6_P__rtf_small__lsb3.png,XL-Synthetic_6_P.png,XL-Synthetic,6,P,png,P05.rtf,rtf,small,3,RTF,/home/kali/stego_dataset_expanded/stego_core_combined/XL-Synthetic_6_P__rtf_small__lsb3.png,RTF,signature_rtf,1,RTF,validated_rtf_structure,1,3,50275,little,7b 5c 72 74 66 31 5c 61,0.535687,
extended_xl,XL-Synthetic_6_P__xlsx_large__lsb3.png,/home/kali/Desktop/stego_dataset_expanded/stego_core_combined/XL-Synthetic_6_P__xlsx_large__lsb3.png,XL-Synthetic_6_P.png,XL-Synthetic,6,P,png,P03.xlsx,xlsx,large,3,XLSX,/home/kali/stego_dataset_expanded/stego_core_combined/XL-Synthetic_6_P__xlsx_large__lsb3.png,ZIP,signature_pk_zip,0,XLSX,validated_ooxml_xlsx,1,3,1090468,little,50 4b 03 04 14 00 06 00,0.720940,
extended_xl,XL-Synthetic_6_P__xlsx_medium__lsb2.png,/home/kali/Desktop/stego_dataset_expanded/stego_core_combined/XL-Synthetic_6_P__xlsx_medium__lsb2.png,XL-Synthetic_6_P.png,XL-Synthetic,6,P,png,P03.xlsx,xlsx,medium,2,XLSX,/home/kali/stego_dataset_expanded/stego_core_combined/XL-Synthetic_6_P__xlsx_medium__lsb2.png,ZIP,signature_pk_zip,0,XLSX,validated_ooxml_xlsx,1,3,511280,little,50 4b 03 04 14 00 06 00,0.704934,
extended_xl,XL-Synthetic_6_P__xlsx_medium__lsb3.png,/home/kali/Desktop/stego_dataset_expanded/stego_core_combined/XL-Synthetic_6_P__xlsx_medium__lsb3.png,XL-Synthetic_6_P.png,XL-Synthetic,6,P,png,P03.xlsx,xlsx,medium,3,XLSX,/home/kali/stego_dataset_expanded/stego_core_combined/XL-Synthetic_6_P__xlsx_medium__lsb3.png,ZIP,signature_pk_zip,0,XLSX,validated_ooxml_xlsx,1,3,511280,little,50 4b 03 04 14 00 06 00,0.634829,
extended_xl,XL-Synthetic_6_P__xlsx_small__lsb1.png,/home/kali/Desktop/stego_dataset_expanded/stego_core_combined/XL-Synthetic_6_P__xlsx_small__lsb1.png,XL-Synthetic_6_P.png,XL-Synthetic,6,P,png,P03.xlsx,xlsx,small,1,XLSX,/home/kali/stego_dataset_expanded/stego_core_combined/XL-Synthetic_6_P__xlsx_small__lsb1.png,ZIP,signature_pk_zip,0,XLSX,validated_ooxml_xlsx,1,3,8899,little,50 4b 03 04 14 00 06 00,0.555484,
extended_xl,XL-Synthetic_6_P__xlsx_small__lsb2.png,/home/kali/Desktop/stego_dataset_expanded/stego_core_combined/XL-Synthetic_6_P__xlsx_small__lsb2.png,XL-Synthetic_6_P.png,XL-Synthetic,6,P,png,P03.xlsx,xlsx,small,2,XLSX,/home/kali/stego_dataset_expanded/stego_core_combined/XL-Synthetic_6_P__xlsx_small__lsb2.png,ZIP,signature_pk_zip,0,XLSX,validated_ooxml_xlsx,1,3,8899,little,50 4b 03 04 14 00 06 00,0.519553,
extended_xl,XL-Synthetic_6_P__xlsx_small__lsb3.png,/home/kali/Desktop/stego_dataset_expanded/stego_core_combined/XL-Synthetic_6_P__xlsx_small__lsb3.png,XL-Synthetic_6_P.png,XL-Synthetic,6,P,png,P03.xlsx,xlsx,small,3,XLSX,/home/kali/stego_dataset_expanded/stego_core_combined/XL-Synthetic_6_P__xlsx_small__lsb3.png,ZIP,signature_pk_zip,0,XLSX,validated_ooxml_xlsx,1,3,8899,little,50 4b 03 04 14 00 06 00,0.556702,
extended_xl,XL-Synthetic_7_B__docx_large__lsb1.bmp,/home/kali/Desktop/stego_dataset_expanded/stego_core_combined/XL-Synthetic_7_B__docx_large__lsb1.bmp,XL-Synthetic_7_B.bmp,XL-Synthetic,7,B,bmp,P01.docx,docx,large,1,DOCX,/home/kali/stego_dataset_expanded/stego_core_combined/XL-Synthetic_7_B__docx_large__lsb1.bmp,ZIP,signature_pk_zip,0,DOCX,validated_ooxml_docx,1,4,1121154,little,50 4b 03 04 14 00 06 00,4.385157,
extended_xl,XL-Synthetic_7_B__docx_large__lsb2.bmp,/home/kali/Desktop/stego_dataset_expanded/stego_core_combined/XL-Synthetic_7_B__docx_large__lsb2.bmp,XL-Synthetic_7_B.bmp,XL-Synthetic,7,B,bmp,P01.docx,docx,large,2,DOCX,/home/kali/stego_dataset_expanded/stego_core_combined/XL-Synthetic_7_B__docx_large__lsb2.bmp,ZIP,signature_pk_zip,0,DOCX,validated_ooxml_docx,1,4,1121154,little,50 4b 03 04 14 00 06 00,4.203953,
extended_xl,XL-Synthetic_7_B__docx_large__lsb3.bmp,/home/kali/Desktop/stego_dataset_expanded/stego_core_combined/XL-Synthetic_7_B__docx_large__lsb3.bmp,XL-Synthetic_7_B.bmp,XL-Synthetic,7,B,bmp,P01.docx,docx,large,3,DOCX,/home/kali/stego_dataset_expanded/stego_core_combined/XL-Synthetic_7_B__docx_large__lsb3.bmp,ZIP,signature_pk_zip,0,DOCX,validated_ooxml_docx,1,4,1121154,little,50 4b 03 04 14 00 06 00,4.817766,
extended_xl,XL-Synthetic_7_B__docx_medium__lsb1.bmp,/home/kali/Desktop/stego_dataset_expanded/stego_core_combined/XL-Synthetic_7_B__docx_medium__lsb1.bmp,XL-Synthetic_7_B.bmp,XL-Synthetic,7,B,bmp,P01.docx,docx,medium,1,DOCX,/home/kali/stego_dataset_expanded/stego_core_combined/XL-Synthetic_7_B__docx_medium__lsb1.bmp,ZIP,signature_pk_zip,0,DOCX,validated_ooxml_docx,1,4,511127,little,50 4b 03 04 14 00 06 00,4.152343,
extended_xl,XL-Synthetic_7_B__docx_medium__lsb2.bmp,/home/kali/Desktop/stego_dataset_expanded/stego_core_combined/XL-Synthetic_7_B__docx_medium__lsb2.bmp,XL-Synthetic_7_B.bmp,XL-Synthetic,7,B,bmp,P01.docx,docx,medium,2,DOCX,/home/kali/stego_dataset_expanded/stego_core_combined/XL-Synthetic_7_B__docx_medium__lsb2.bmp,ZIP,signature_pk_zip,0,DOCX,validated_ooxml_docx,1,4,511127,little,50 4b 03 04 14 00 06 00,4.012884,
extended_xl,XL-Synthetic_7_B__docx_medium__lsb3.bmp,/home/kali/Desktop/stego_dataset_expanded/stego_core_combined/XL-Synthetic_7_B__docx_medium__lsb3.bmp,XL-Synthetic_7_B.bmp,XL-Synthetic,7,B,bmp,P01.docx,docx,medium,3,DOCX,/home/kali/stego_dataset_expanded/stego_core_combined/XL-Synthetic_7_B__docx_medium__lsb3.bmp,ZIP,signature_pk_zip,0,DOCX,validated_ooxml_docx,1,4,511127,little,50 4b 03 04 14 00 06 00,3.917272,
extended_xl,XL-Synthetic_7_B__docx_small__lsb1.bmp,/home/kali/Desktop/stego_dataset_expanded/stego_core_combined/XL-Synthetic_7_B__docx_small__lsb1.bmp,XL-Synthetic_7_B.bmp,XL-Synthetic,7,B,bmp,P01.docx,docx,small,1,DOCX,/home/kali/stego_dataset_expanded/stego_core_combined/XL-Synthetic_7_B__docx_small__lsb1.bmp,ZIP,signature_pk_zip,0,DOCX,validated_ooxml_docx,1,4,13432,little,50 4b 03 04 14 00 06 00,4.035256,
extended_xl,XL-Synthetic_7_B__docx_small__lsb2.bmp,/home/kali/Desktop/stego_dataset_expanded/stego_core_combined/XL-Synthetic_7_B__docx_small__lsb2.bmp,XL-Synthetic_7_B.bmp,XL-Synthetic,7,B,bmp,P01.docx,docx,small,2,DOCX,/home/kali/stego_dataset_expanded/stego_core_combined/XL-Synthetic_7_B__docx_small__lsb2.bmp,ZIP,signature_pk_zip,0,DOCX,validated_ooxml_docx,1,4,13432,little,50 4b 03 04 14 00 06 00,3.977928,
extended_xl,XL-Synthetic_7_B__docx_small__lsb3.bmp,/home/kali/Desktop/stego_dataset_expanded/stego_core_combined/XL-Synthetic_7_B__docx_small__lsb3.bmp,XL-Synthetic_7_B.bmp,XL-Synthetic,7,B,bmp,P01.docx,docx,small,3,DOCX,/home/kali/stego_dataset_expanded/stego_core_combined/XL-Synthetic_7_B__docx_small__lsb3.bmp,ZIP,signature_pk_zip,0,DOCX,validated_ooxml_docx,1,4,13432,little,50 4b 03 04 14 00 06 00,4.029126,
extended_xl,XL-Synthetic_7_B__exe_large__lsb1.bmp,/home/kali/Desktop/stego_dataset_expanded/stego_core_combined/XL-Synthetic_7_B__exe_large__lsb1.bmp,XL-Synthetic_7_B.bmp,XL-Synthetic,7,B,bmp,P06.exe,exe,large,1,EXE,/home/kali/stego_dataset_expanded/stego_core_combined/XL-Synthetic_7_B__exe_large__lsb1.bmp,EXE,signature_mz,1,EXE,validated_mz_pe_header,1,4,1017856,little,4d 5a 90 00 03 00 00 00,4.112310,
extended_xl,XL-Synthetic_7_B__exe_large__lsb2.bmp,/home/kali/Desktop/stego_dataset_expanded/stego_core_combined/XL-Synthetic_7_B__exe_large__lsb2.bmp,XL-Synthetic_7_B.bmp,XL-Synthetic,7,B,bmp,P06.exe,exe,large,2,EXE,/home/kali/stego_dataset_expanded/stego_core_combined/XL-Synthetic_7_B__exe_large__lsb2.bmp,EXE,signature_mz,1,EXE,validated_mz_pe_header,1,4,1017856,little,4d 5a 90 00 03 00 00 00,3.901488,
extended_xl,XL-Synthetic_7_B__exe_large__lsb3.bmp,/home/kali/Desktop/stego_dataset_expanded/stego_core_combined/XL-Synthetic_7_B__exe_large__lsb3.bmp,XL-Synthetic_7_B.bmp,XL-Synthetic,7,B,bmp,P06.exe,exe,large,3,EXE,/home/kali/stego_dataset_expanded/stego_core_combined/XL-Synthetic_7_B__exe_large__lsb3.bmp,EXE,signature_mz,1,EXE,validated_mz_pe_header,1,4,1017856,little,4d 5a 90 00 03 00 00 00,3.808969,
extended_xl,XL-Synthetic_7_B__exe_medium__lsb1.bmp,/home/kali/Desktop/stego_dataset_expanded/stego_core_combined/XL-Synthetic_7_B__exe_medium__lsb1.bmp,XL-Synthetic_7_B.bmp,XL-Synthetic,7,B,bmp,P06.exe,exe,medium,1,EXE,/home/kali/stego_dataset_expanded/stego_core_combined/XL-Synthetic_7_B__exe_medium__lsb1.bmp,EXE,signature_mz,1,EXE,validated_mz_pe_header,1,4,505856,little,4d 5a 90 00 03 00 00 00,3.927443,
extended_xl,XL-Synthetic_7_B__exe_medium__lsb2.bmp,/home/kali/Desktop/stego_dataset_expanded/stego_core_combined/XL-Synthetic_7_B__exe_medium__lsb2.bmp,XL-Synthetic_7_B.bmp,XL-Synthetic,7,B,bmp,P06.exe,exe,medium,2,EXE,/home/kali/stego_dataset_expanded/stego_core_combined/XL-Synthetic_7_B__exe_medium__lsb2.bmp,EXE,signature_mz,1,EXE,validated_mz_pe_header,1,4,505856,little,4d 5a 90 00 03 00 00 00,3.658247,
extended_xl,XL-Synthetic_7_B__exe_medium__lsb3.bmp,/home/kali/Desktop/stego_dataset_expanded/stego_core_combined/XL-Synthetic_7_B__exe_medium__lsb3.bmp,XL-Synthetic_7_B.bmp,XL-Synthetic,7,B,bmp,P06.exe,exe,medium,3,EXE,/home/kali/stego_dataset_expanded/stego_core_combined/XL-Synthetic_7_B__exe_medium__lsb3.bmp,EXE,signature_mz,1,EXE,validated_mz_pe_header,1,4,505856,little,4d 5a 90 00 03 00 00 00,3.718607,
extended_xl,XL-Synthetic_7_B__exe_small__lsb1.bmp,/home/kali/Desktop/stego_dataset_expanded/stego_core_combined/XL-Synthetic_7_B__exe_small__lsb1.bmp,XL-Synthetic_7_B.bmp,XL-Synthetic,7,B,bmp,P06.exe,exe,small,1,EXE,/home/kali/stego_dataset_expanded/stego_core_combined/XL-Synthetic_7_B__exe_small__lsb1.bmp,EXE,signature_mz,1,EXE,validated_mz_pe_header,1,4,40448,little,4d 5a 90 00 03 00 00 00,3.644155,
extended_xl,XL-Synthetic_7_B__exe_small__lsb2.bmp,/home/kali/Desktop/stego_dataset_expanded/stego_core_combined/XL-Synthetic_7_B__exe_small__lsb2.bmp,XL-Synthetic_7_B.bmp,XL-Synthetic,7,B,bmp,P06.exe,exe,small,2,EXE,/home/kali/stego_dataset_expanded/stego_core_combined/XL-Synthetic_7_B__exe_small__lsb2.bmp,EXE,signature_mz,1,EXE,validated_mz_pe_header,1,4,40448,little,4d 5a 90 00 03 00 00 00,3.555994,
extended_xl,XL-Synthetic_7_B__exe_small__lsb3.bmp,/home/kali/Desktop/stego_dataset_expanded/stego_core_combined/XL-Synthetic_7_B__exe_small__lsb3.bmp,XL-Synthetic_7_B.bmp,XL-Synthetic,7,B,bmp,P06.exe,exe,small,3,EXE,/home/kali/stego_dataset_expanded/stego_core_combined/XL-Synthetic_7_B__exe_small__lsb3.bmp,EXE,signature_mz,1,EXE,validated_mz_pe_header,1,4,40448,little,4d 5a 90 00 03 00 00 00,3.798149,
extended_xl,XL-Synthetic_7_B__pdf_large__lsb1.bmp,/home/kali/Desktop/stego_dataset_expanded/stego_core_combined/XL-Synthetic_7_B__pdf_large__lsb1.bmp,XL-Synthetic_7_B.bmp,XL-Synthetic,7,B,bmp,P02.pdf,pdf,large,1,PDF,/home/kali/stego_dataset_expanded/stego_core_combined/XL-Synthetic_7_B__pdf_large__lsb1.bmp,PDF,signature_pdf,1,PDF,validated_pdf_startxref_eof,1,4,1100144,little,25 50 44 46 2d 31 2e 33,4.060708,
extended_xl,XL-Synthetic_7_B__pdf_large__lsb2.bmp,/home/kali/Desktop/stego_dataset_expanded/stego_core_combined/XL-Synthetic_7_B__pdf_large__lsb2.bmp,XL-Synthetic_7_B.bmp,XL-Synthetic,7,B,bmp,P02.pdf,pdf,large,2,PDF,/home/kali/stego_dataset_expanded/stego_core_combined/XL-Synthetic_7_B__pdf_large__lsb2.bmp,PDF,signature_pdf,1,PDF,validated_pdf_startxref_eof,1,4,1100144,little,25 50 44 46 2d 31 2e 33,3.958173,
extended_xl,XL-Synthetic_7_B__pdf_large__lsb3.bmp,/home/kali/Desktop/stego_dataset_expanded/stego_core_combined/XL-Synthetic_7_B__pdf_large__lsb3.bmp,XL-Synthetic_7_B.bmp,XL-Synthetic,7,B,bmp,P02.pdf,pdf,large,3,PDF,/home/kali/stego_dataset_expanded/stego_core_combined/XL-Synthetic_7_B__pdf_large__lsb3.bmp,PDF,signature_pdf,1,PDF,validated_pdf_startxref_eof,1,4,1100144,little,25 50 44 46 2d 31 2e 33,3.827834,
extended_xl,XL-Synthetic_7_B__pdf_medium__lsb1.bmp,/home/kali/Desktop/stego_dataset_expanded/stego_core_combined/XL-Synthetic_7_B__pdf_medium__lsb1.bmp,XL-Synthetic_7_B.bmp,XL-Synthetic,7,B,bmp,P02.pdf,pdf,medium,1,PDF,/home/kali/stego_dataset_expanded/stego_core_combined/XL-Synthetic_7_B__pdf_medium__lsb1.bmp,PDF,signature_pdf,1,PDF,validated_pdf_startxref_eof,1,4,510410,little,25 50 44 46 2d 31 2e 37,3.697993,
extended_xl,XL-Synthetic_7_B__pdf_medium__lsb2.bmp,/home/kali/Desktop/stego_dataset_expanded/stego_core_combined/XL-Synthetic_7_B__pdf_medium__lsb2.bmp,XL-Synthetic_7_B.bmp,XL-Synthetic,7,B,bmp,P02.pdf,pdf,medium,2,PDF,/home/kali/stego_dataset_expanded/stego_core_combined/XL-Synthetic_7_B__pdf_medium__lsb2.bmp,PDF,signature_pdf,1,PDF,validated_pdf_startxref_eof,1,4,510410,little,25 50 44 46 2d 31 2e 37,3.632811,
extended_xl,XL-Synthetic_7_B__pdf_medium__lsb3.bmp,/home/kali/Desktop/stego_dataset_expanded/stego_core_combined/XL-Synthetic_7_B__pdf_medium__lsb3.bmp,XL-Synthetic_7_B.bmp,XL-Synthetic,7,B,bmp,P02.pdf,pdf,medium,3,PDF,/home/kali/stego_dataset_expanded/stego_core_combined/XL-Synthetic_7_B__pdf_medium__lsb3.bmp,PDF,signature_pdf,1,PDF,validated_pdf_startxref_eof,1,4,510410,little,25 50 44 46 2d 31 2e 37,3.577751,
extended_xl,XL-Synthetic_7_B__pdf_small__lsb1.bmp,/home/kali/Desktop/stego_dataset_expanded/stego_core_combined/XL-Synthetic_7_B__pdf_small__lsb1.bmp,XL-Synthetic_7_B.bmp,XL-Synthetic,7,B,bmp,P02.pdf,pdf,small,1,PDF,/home/kali/stego_dataset_expanded/stego_core_combined/XL-Synthetic_7_B__pdf_small__lsb1.bmp,PDF,signature_pdf,1,PDF,validated_pdf_startxref_eof,1,4,16620,little,25 50 44 46 2d 31 2e 37,3.529780,
extended_xl,XL-Synthetic_7_B__pdf_small__lsb2.bmp,/home/kali/Desktop/stego_dataset_expanded/stego_core_combined/XL-Synthetic_7_B__pdf_small__lsb2.bmp,XL-Synthetic_7_B.bmp,XL-Synthetic,7,B,bmp,P02.pdf,pdf,small,2,PDF,/home/kali/stego_dataset_expanded/stego_core_combined/XL-Synthetic_7_B__pdf_small__lsb2.bmp,PDF,signature_pdf,1,PDF,validated_pdf_startxref_eof,1,4,16620,little,25 50 44 46 2d 31 2e 37,3.707409,
extended_xl,XL-Synthetic_7_B__pdf_small__lsb3.bmp,/home/kali/Desktop/stego_dataset_expanded/stego_core_combined/XL-Synthetic_7_B__pdf_small__lsb3.bmp,XL-Synthetic_7_B.bmp,XL-Synthetic,7,B,bmp,P02.pdf,pdf,small,3,PDF,/home/kali/stego_dataset_expanded/stego_core_combined/XL-Synthetic_7_B__pdf_small__lsb3.bmp,PDF,signature_pdf,1,PDF,validated_pdf_startxref_eof,1,4,16620,little,25 50 44 46 2d 31 2e 37,3.688911,
extended_xl,XL-Synthetic_7_B__pptx_large__lsb1.bmp,/home/kali/Desktop/stego_dataset_expanded/stego_core_combined/XL-Synthetic_7_B__pptx_large__lsb1.bmp,XL-Synthetic_7_B.bmp,XL-Synthetic,7,B,bmp,P04.pptx,pptx,large,1,PPTX,/home/kali/stego_dataset_expanded/stego_core_combined/XL-Synthetic_7_B__pptx_large__lsb1.bmp,ZIP,signature_pk_zip,0,PPTX,validated_ooxml_pptx,1,4,1082610,little,50 4b 03 04 14 00 06 00,4.008414,
extended_xl,XL-Synthetic_7_B__pptx_large__lsb2.bmp,/home/kali/Desktop/stego_dataset_expanded/stego_core_combined/XL-Synthetic_7_B__pptx_large__lsb2.bmp,XL-Synthetic_7_B.bmp,XL-Synthetic,7,B,bmp,P04.pptx,pptx,large,2,PPTX,/home/kali/stego_dataset_expanded/stego_core_combined/XL-Synthetic_7_B__pptx_large__lsb2.bmp,ZIP,signature_pk_zip,0,PPTX,validated_ooxml_pptx,1,4,1082610,little,50 4b 03 04 14 00 06 00,3.848808,
extended_xl,XL-Synthetic_7_B__pptx_large__lsb3.bmp,/home/kali/Desktop/stego_dataset_expanded/stego_core_combined/XL-Synthetic_7_B__pptx_large__lsb3.bmp,XL-Synthetic_7_B.bmp,XL-Synthetic,7,B,bmp,P04.pptx,pptx,large,3,PPTX,/home/kali/stego_dataset_expanded/stego_core_combined/XL-Synthetic_7_B__pptx_large__lsb3.bmp,ZIP,signature_pk_zip,0,PPTX,validated_ooxml_pptx,1,4,1082610,little,50 4b 03 04 14 00 06 00,3.710047,
extended_xl,XL-Synthetic_7_B__pptx_medium__lsb1.bmp,/home/kali/Desktop/stego_dataset_expanded/stego_core_combined/XL-Synthetic_7_B__pptx_medium__lsb1.bmp,XL-Synthetic_7_B.bmp,XL-Synthetic,7,B,bmp,P04.pptx,pptx,medium,1,PPTX,/home/kali/stego_dataset_expanded/stego_core_combined/XL-Synthetic_7_B__pptx_medium__lsb1.bmp,ZIP,signature_pk_zip,0,PPTX,validated_ooxml_pptx,1,4,512113,little,50 4b 03 04 14 00 06 00,3.754955,
extended_xl,XL-Synthetic_7_B__pptx_medium__lsb2.bmp,/home/kali/Desktop/stego_dataset_expanded/stego_core_combined/XL-Synthetic_7_B__pptx_medium__lsb2.bmp,XL-Synthetic_7_B.bmp,XL-Synthetic,7,B,bmp,P04.pptx,pptx,medium,2,PPTX,/home/kali/stego_dataset_expanded/stego_core_combined/XL-Synthetic_7_B__pptx_medium__lsb2.bmp,ZIP,signature_pk_zip,0,PPTX,validated_ooxml_pptx,1,4,512113,little,50 4b 03 04 14 00 06 00,3.804852,
extended_xl,XL-Synthetic_7_B__pptx_medium__lsb3.bmp,/home/kali/Desktop/stego_dataset_expanded/stego_core_combined/XL-Synthetic_7_B__pptx_medium__lsb3.bmp,XL-Synthetic_7_B.bmp,XL-Synthetic,7,B,bmp,P04.pptx,pptx,medium,3,PPTX,/home/kali/stego_dataset_expanded/stego_core_combined/XL-Synthetic_7_B__pptx_medium__lsb3.bmp,ZIP,signature_pk_zip,0,PPTX,validated_ooxml_pptx,1,4,512113,little,50 4b 03 04 14 00 06 00,3.644958,
extended_xl,XL-Synthetic_7_B__pptx_small__lsb1.bmp,/home/kali/Desktop/stego_dataset_expanded/stego_core_combined/XL-Synthetic_7_B__pptx_small__lsb1.bmp,XL-Synthetic_7_B.bmp,XL-Synthetic,7,B,bmp,P04.pptx,pptx,small,1,PPTX,/home/kali/stego_dataset_expanded/stego_core_combined/XL-Synthetic_7_B__pptx_small__lsb1.bmp,ZIP,signature_pk_zip,0,PPTX,validated_ooxml_pptx,1,4,32020,little,50 4b 03 04 14 00 06 00,3.778538,
extended_xl,XL-Synthetic_7_B__pptx_small__lsb2.bmp,/home/kali/Desktop/stego_dataset_expanded/stego_core_combined/XL-Synthetic_7_B__pptx_small__lsb2.bmp,XL-Synthetic_7_B.bmp,XL-Synthetic,7,B,bmp,P04.pptx,pptx,small,2,PPTX,/home/kali/stego_dataset_expanded/stego_core_combined/XL-Synthetic_7_B__pptx_small__lsb2.bmp,ZIP,signature_pk_zip,0,PPTX,validated_ooxml_pptx,1,4,32020,little,50 4b 03 04 14 00 06 00,3.627083,
extended_xl,XL-Synthetic_7_B__pptx_small__lsb3.bmp,/home/kali/Desktop/stego_dataset_expanded/stego_core_combined/XL-Synthetic_7_B__pptx_small__lsb3.bmp,XL-Synthetic_7_B.bmp,XL-Synthetic,7,B,bmp,P04.pptx,pptx,small,3,PPTX,/home/kali/stego_dataset_expanded/stego_core_combined/XL-Synthetic_7_B__pptx_small__lsb3.bmp,ZIP,signature_pk_zip,0,PPTX,validated_ooxml_pptx,1,4,32020,little,50 4b 03 04 14 00 06 00,3.638706,
extended_xl,XL-Synthetic_7_B__rtf_large__lsb1.bmp,/home/kali/Desktop/stego_dataset_expanded/stego_core_combined/XL-Synthetic_7_B__rtf_large__lsb1.bmp,XL-Synthetic_7_B.bmp,XL-Synthetic,7,B,bmp,P05.rtf,rtf,large,1,RTF,/home/kali/stego_dataset_expanded/stego_core_combined/XL-Synthetic_7_B__rtf_large__lsb1.bmp,RTF,signature_rtf,1,RTF,validated_rtf_structure,1,4,1085026,little,7b 5c 72 74 66 31 5c 61,4.131401,
extended_xl,XL-Synthetic_7_B__rtf_large__lsb2.bmp,/home/kali/Desktop/stego_dataset_expanded/stego_core_combined/XL-Synthetic_7_B__rtf_large__lsb2.bmp,XL-Synthetic_7_B.bmp,XL-Synthetic,7,B,bmp,P05.rtf,rtf,large,2,RTF,/home/kali/stego_dataset_expanded/stego_core_combined/XL-Synthetic_7_B__rtf_large__lsb2.bmp,RTF,signature_rtf,1,RTF,validated_rtf_structure,1,4,1085026,little,7b 5c 72 74 66 31 5c 61,3.864279,
extended_xl,XL-Synthetic_7_B__rtf_large__lsb3.bmp,/home/kali/Desktop/stego_dataset_expanded/stego_core_combined/XL-Synthetic_7_B__rtf_large__lsb3.bmp,XL-Synthetic_7_B.bmp,XL-Synthetic,7,B,bmp,P05.rtf,rtf,large,3,RTF,/home/kali/stego_dataset_expanded/stego_core_combined/XL-Synthetic_7_B__rtf_large__lsb3.bmp,RTF,signature_rtf,1,RTF,validated_rtf_structure,1,4,1085026,little,7b 5c 72 74 66 31 5c 61,3.831182,
extended_xl,XL-Synthetic_7_B__rtf_medium__lsb1.bmp,/home/kali/Desktop/stego_dataset_expanded/stego_core_combined/XL-Synthetic_7_B__rtf_medium__lsb1.bmp,XL-Synthetic_7_B.bmp,XL-Synthetic,7,B,bmp,P05.rtf,rtf,medium,1,RTF,/home/kali/stego_dataset_expanded/stego_core_combined/XL-Synthetic_7_B__rtf_medium__lsb1.bmp,RTF,signature_rtf,1,RTF,validated_rtf_structure,1,4,511504,little,7b 5c 72 74 66 31 5c 61,3.772534,
extended_xl,XL-Synthetic_7_B__rtf_medium__lsb2.bmp,/home/kali/Desktop/stego_dataset_expanded/stego_core_combined/XL-Synthetic_7_B__rtf_medium__lsb2.bmp,XL-Synthetic_7_B.bmp,XL-Synthetic,7,B,bmp,P05.rtf,rtf,medium,2,RTF,/home/kali/stego_dataset_expanded/stego_core_combined/XL-Synthetic_7_B__rtf_medium__lsb2.bmp,RTF,signature_rtf,1,RTF,validated_rtf_structure,1,4,511504,little,7b 5c 72 74 66 31 5c 61,3.823877,
extended_xl,XL-Synthetic_7_B__rtf_medium__lsb3.bmp,/home/kali/Desktop/stego_dataset_expanded/stego_core_combined/XL-Synthetic_7_B__rtf_medium__lsb3.bmp,XL-Synthetic_7_B.bmp,XL-Synthetic,7,B,bmp,P05.rtf,rtf,medium,3,RTF,/home/kali/stego_dataset_expanded/stego_core_combined/XL-Synthetic_7_B__rtf_medium__lsb3.bmp,RTF,signature_rtf,1,RTF,validated_rtf_structure,1,4,511504,little,7b 5c 72 74 66 31 5c 61,3.707292,
extended_xl,XL-Synthetic_7_B__rtf_small__lsb1.bmp,/home/kali/Desktop/stego_dataset_expanded/stego_core_combined/XL-Synthetic_7_B__rtf_small__lsb1.bmp,XL-Synthetic_7_B.bmp,XL-Synthetic,7,B,bmp,P05.rtf,rtf,small,1,RTF,/home/kali/stego_dataset_expanded/stego_core_combined/XL-Synthetic_7_B__rtf_small__lsb1.bmp,RTF,signature_rtf,1,RTF,validated_rtf_structure,1,4,50275,little,7b 5c 72 74 66 31 5c 61,3.795808,
extended_xl,XL-Synthetic_7_B__rtf_small__lsb2.bmp,/home/kali/Desktop/stego_dataset_expanded/stego_core_combined/XL-Synthetic_7_B__rtf_small__lsb2.bmp,XL-Synthetic_7_B.bmp,XL-Synthetic,7,B,bmp,P05.rtf,rtf,small,2,RTF,/home/kali/stego_dataset_expanded/stego_core_combined/XL-Synthetic_7_B__rtf_small__lsb2.bmp,RTF,signature_rtf,1,RTF,validated_rtf_structure,1,4,50275,little,7b 5c 72 74 66 31 5c 61,3.740013,
extended_xl,XL-Synthetic_7_B__rtf_small__lsb3.bmp,/home/kali/Desktop/stego_dataset_expanded/stego_core_combined/XL-Synthetic_7_B__rtf_small__lsb3.bmp,XL-Synthetic_7_B.bmp,XL-Synthetic,7,B,bmp,P05.rtf,rtf,small,3,RTF,/home/kali/stego_dataset_expanded/stego_core_combined/XL-Synthetic_7_B__rtf_small__lsb3.bmp,RTF,signature_rtf,1,RTF,validated_rtf_structure,1,4,50275,little,7b 5c 72 74 66 31 5c 61,3.968060,
extended_xl,XL-Synthetic_7_B__xlsx_large__lsb1.bmp,/home/kali/Desktop/stego_dataset_expanded/stego_core_combined/XL-Synthetic_7_B__xlsx_large__lsb1.bmp,XL-Synthetic_7_B.bmp,XL-Synthetic,7,B,bmp,P03.xlsx,xlsx,large,1,XLSX,/home/kali/stego_dataset_expanded/stego_core_combined/XL-Synthetic_7_B__xlsx_large__lsb1.bmp,ZIP,signature_pk_zip,0,XLSX,validated_ooxml_xlsx,1,4,1090468,little,50 4b 03 04 14 00 06 00,4.319288,
extended_xl,XL-Synthetic_7_B__xlsx_large__lsb2.bmp,/home/kali/Desktop/stego_dataset_expanded/stego_core_combined/XL-Synthetic_7_B__xlsx_large__lsb2.bmp,XL-Synthetic_7_B.bmp,XL-Synthetic,7,B,bmp,P03.xlsx,xlsx,large,2,XLSX,/home/kali/stego_dataset_expanded/stego_core_combined/XL-Synthetic_7_B__xlsx_large__lsb2.bmp,ZIP,signature_pk_zip,0,XLSX,validated_ooxml_xlsx,1,4,1090468,little,50 4b 03 04 14 00 06 00,4.039745,
extended_xl,XL-Synthetic_7_B__xlsx_large__lsb3.bmp,/home/kali/Desktop/stego_dataset_expanded/stego_core_combined/XL-Synthetic_7_B__xlsx_large__lsb3.bmp,XL-Synthetic_7_B.bmp,XL-Synthetic,7,B,bmp,P03.xlsx,xlsx,large,3,XLSX,/home/kali/stego_dataset_expanded/stego_core_combined/XL-Synthetic_7_B__xlsx_large__lsb3.bmp,ZIP,signature_pk_zip,0,XLSX,validated_ooxml_xlsx,1,4,1090468,little,50 4b 03 04 14 00 06 00,4.066162,
extended_xl,XL-Synthetic_7_B__xlsx_medium__lsb1.bmp,/home/kali/Desktop/stego_dataset_expanded/stego_core_combined/XL-Synthetic_7_B__xlsx_medium__lsb1.bmp,XL-Synthetic_7_B.bmp,XL-Synthetic,7,B,bmp,P03.xlsx,xlsx,medium,1,XLSX,/home/kali/stego_dataset_expanded/stego_core_combined/XL-Synthetic_7_B__xlsx_medium__lsb1.bmp,ZIP,signature_pk_zip,0,XLSX,validated_ooxml_xlsx,1,4,511280,little,50 4b 03 04 14 00 06 00,4.657146,
extended_xl,XL-Synthetic_7_B__xlsx_medium__lsb2.bmp,/home/kali/Desktop/stego_dataset_expanded/stego_core_combined/XL-Synthetic_7_B__xlsx_medium__lsb2.bmp,XL-Synthetic_7_B.bmp,XL-Synthetic,7,B,bmp,P03.xlsx,xlsx,medium,2,XLSX,/home/kali/stego_dataset_expanded/stego_core_combined/XL-Synthetic_7_B__xlsx_medium__lsb2.bmp,ZIP,signature_pk_zip,0,XLSX,validated_ooxml_xlsx,1,4,511280,little,50 4b 03 04 14 00 06 00,4.086401,
extended_xl,XL-Synthetic_7_B__xlsx_medium__lsb3.bmp,/home/kali/Desktop/stego_dataset_expanded/stego_core_combined/XL-Synthetic_7_B__xlsx_medium__lsb3.bmp,XL-Synthetic_7_B.bmp,XL-Synthetic,7,B,bmp,P03.xlsx,xlsx,medium,3,XLSX,/home/kali/stego_dataset_expanded/stego_core_combined/XL-Synthetic_7_B__xlsx_medium__lsb3.bmp,ZIP,signature_pk_zip,0,XLSX,validated_ooxml_xlsx,1,4,511280,little,50 4b 03 04 14 00 06 00,3.885358,
extended_xl,XL-Synthetic_7_B__xlsx_small__lsb1.bmp,/home/kali/Desktop/stego_dataset_expanded/stego_core_combined/XL-Synthetic_7_B__xlsx_small__lsb1.bmp,XL-Synthetic_7_B.bmp,XL-Synthetic,7,B,bmp,P03.xlsx,xlsx,small,1,XLSX,/home/kali/stego_dataset_expanded/stego_core_combined/XL-Synthetic_7_B__xlsx_small__lsb1.bmp,ZIP,signature_pk_zip,0,XLSX,validated_ooxml_xlsx,1,4,8899,little,50 4b 03 04 14 00 06 00,3.806053,
extended_xl,XL-Synthetic_7_B__xlsx_small__lsb2.bmp,/home/kali/Desktop/stego_dataset_expanded/stego_core_combined/XL-Synthetic_7_B__xlsx_small__lsb2.bmp,XL-Synthetic_7_B.bmp,XL-Synthetic,7,B,bmp,P03.xlsx,xlsx,small,2,XLSX,/home/kali/stego_dataset_expanded/stego_core_combined/XL-Synthetic_7_B__xlsx_small__lsb2.bmp,ZIP,signature_pk_zip,0,XLSX,validated_ooxml_xlsx,1,4,8899,little,50 4b 03 04 14 00 06 00,3.787991,
extended_xl,XL-Synthetic_7_B__xlsx_small__lsb3.bmp,/home/kali/Desktop/stego_dataset_expanded/stego_core_combined/XL-Synthetic_7_B__xlsx_small__lsb3.bmp,XL-Synthetic_7_B.bmp,XL-Synthetic,7,B,bmp,P03.xlsx,xlsx,small,3,XLSX,/home/kali/stego_dataset_expanded/stego_core_combined/XL-Synthetic_7_B__xlsx_small__lsb3.bmp,ZIP,signature_pk_zip,0,XLSX,validated_ooxml_xlsx,1,4,8899,little,50 4b 03 04 14 00 06 00,3.799351,
extended_xl,XL-Synthetic_7_P__docx_large__lsb3.png,/home/kali/Desktop/stego_dataset_expanded/stego_core_combined/XL-Synthetic_7_P__docx_large__lsb3.png,XL-Synthetic_7_P.png,XL-Synthetic,7,P,png,P01.docx,docx,large,3,DOCX,/home/kali/stego_dataset_expanded/stego_core_combined/XL-Synthetic_7_P__docx_large__lsb3.png,ZIP,signature_pk_zip,0,DOCX,validated_ooxml_docx,1,3,1121154,little,50 4b 03 04 14 00 06 00,0.763985,
extended_xl,XL-Synthetic_7_P__docx_medium__lsb2.png,/home/kali/Desktop/stego_dataset_expanded/stego_core_combined/XL-Synthetic_7_P__docx_medium__lsb2.png,XL-Synthetic_7_P.png,XL-Synthetic,7,P,png,P01.docx,docx,medium,2,DOCX,/home/kali/stego_dataset_expanded/stego_core_combined/XL-Synthetic_7_P__docx_medium__lsb2.png,ZIP,signature_pk_zip,0,DOCX,validated_ooxml_docx,1,3,511127,little,50 4b 03 04 14 00 06 00,0.637083,
extended_xl,XL-Synthetic_7_P__docx_medium__lsb3.png,/home/kali/Desktop/stego_dataset_expanded/stego_core_combined/XL-Synthetic_7_P__docx_medium__lsb3.png,XL-Synthetic_7_P.png,XL-Synthetic,7,P,png,P01.docx,docx,medium,3,DOCX,/home/kali/stego_dataset_expanded/stego_core_combined/XL-Synthetic_7_P__docx_medium__lsb3.png,ZIP,signature_pk_zip,0,DOCX,validated_ooxml_docx,1,3,511127,little,50 4b 03 04 14 00 06 00,0.622935,
extended_xl,XL-Synthetic_7_P__docx_small__lsb1.png,/home/kali/Desktop/stego_dataset_expanded/stego_core_combined/XL-Synthetic_7_P__docx_small__lsb1.png,XL-Synthetic_7_P.png,XL-Synthetic,7,P,png,P01.docx,docx,small,1,DOCX,/home/kali/stego_dataset_expanded/stego_core_combined/XL-Synthetic_7_P__docx_small__lsb1.png,ZIP,signature_pk_zip,0,DOCX,validated_ooxml_docx,1,3,13432,little,50 4b 03 04 14 00 06 00,0.531877,
extended_xl,XL-Synthetic_7_P__docx_small__lsb2.png,/home/kali/Desktop/stego_dataset_expanded/stego_core_combined/XL-Synthetic_7_P__docx_small__lsb2.png,XL-Synthetic_7_P.png,XL-Synthetic,7,P,png,P01.docx,docx,small,2,DOCX,/home/kali/stego_dataset_expanded/stego_core_combined/XL-Synthetic_7_P__docx_small__lsb2.png,ZIP,signature_pk_zip,0,DOCX,validated_ooxml_docx,1,3,13432,little,50 4b 03 04 14 00 06 00,0.607095,
extended_xl,XL-Synthetic_7_P__docx_small__lsb3.png,/home/kali/Desktop/stego_dataset_expanded/stego_core_combined/XL-Synthetic_7_P__docx_small__lsb3.png,XL-Synthetic_7_P.png,XL-Synthetic,7,P,png,P01.docx,docx,small,3,DOCX,/home/kali/stego_dataset_expanded/stego_core_combined/XL-Synthetic_7_P__docx_small__lsb3.png,ZIP,signature_pk_zip,0,DOCX,validated_ooxml_docx,1,3,13432,little,50 4b 03 04 14 00 06 00,0.530118,
extended_xl,XL-Synthetic_7_P__exe_large__lsb3.png,/home/kali/Desktop/stego_dataset_expanded/stego_core_combined/XL-Synthetic_7_P__exe_large__lsb3.png,XL-Synthetic_7_P.png,XL-Synthetic,7,P,png,P06.exe,exe,large,3,EXE,/home/kali/stego_dataset_expanded/stego_core_combined/XL-Synthetic_7_P__exe_large__lsb3.png,EXE,signature_mz,1,EXE,validated_mz_pe_header,1,3,1017856,little,4d 5a 90 00 03 00 00 00,0.695482,
extended_xl,XL-Synthetic_7_P__exe_medium__lsb2.png,/home/kali/Desktop/stego_dataset_expanded/stego_core_combined/XL-Synthetic_7_P__exe_medium__lsb2.png,XL-Synthetic_7_P.png,XL-Synthetic,7,P,png,P06.exe,exe,medium,2,EXE,/home/kali/stego_dataset_expanded/stego_core_combined/XL-Synthetic_7_P__exe_medium__lsb2.png,EXE,signature_mz,1,EXE,validated_mz_pe_header,1,3,505856,little,4d 5a 90 00 03 00 00 00,0.674726,
extended_xl,XL-Synthetic_7_P__exe_medium__lsb3.png,/home/kali/Desktop/stego_dataset_expanded/stego_core_combined/XL-Synthetic_7_P__exe_medium__lsb3.png,XL-Synthetic_7_P.png,XL-Synthetic,7,P,png,P06.exe,exe,medium,3,EXE,/home/kali/stego_dataset_expanded/stego_core_combined/XL-Synthetic_7_P__exe_medium__lsb3.png,EXE,signature_mz,1,EXE,validated_mz_pe_header,1,3,505856,little,4d 5a 90 00 03 00 00 00,0.625186,
extended_xl,XL-Synthetic_7_P__exe_small__lsb1.png,/home/kali/Desktop/stego_dataset_expanded/stego_core_combined/XL-Synthetic_7_P__exe_small__lsb1.png,XL-Synthetic_7_P.png,XL-Synthetic,7,P,png,P06.exe,exe,small,1,EXE,/home/kali/stego_dataset_expanded/stego_core_combined/XL-Synthetic_7_P__exe_small__lsb1.png,EXE,signature_mz,1,EXE,validated_mz_pe_header,1,3,40448,little,4d 5a 90 00 03 00 00 00,0.549430,
extended_xl,XL-Synthetic_7_P__exe_small__lsb2.png,/home/kali/Desktop/stego_dataset_expanded/stego_core_combined/XL-Synthetic_7_P__exe_small__lsb2.png,XL-Synthetic_7_P.png,XL-Synthetic,7,P,png,P06.exe,exe,small,2,EXE,/home/kali/stego_dataset_expanded/stego_core_combined/XL-Synthetic_7_P__exe_small__lsb2.png,EXE,signature_mz,1,EXE,validated_mz_pe_header,1,3,40448,little,4d 5a 90 00 03 00 00 00,0.538405,
extended_xl,XL-Synthetic_7_P__exe_small__lsb3.png,/home/kali/Desktop/stego_dataset_expanded/stego_core_combined/XL-Synthetic_7_P__exe_small__lsb3.png,XL-Synthetic_7_P.png,XL-Synthetic,7,P,png,P06.exe,exe,small,3,EXE,/home/kali/stego_dataset_expanded/stego_core_combined/XL-Synthetic_7_P__exe_small__lsb3.png,EXE,signature_mz,1,EXE,validated_mz_pe_header,1,3,40448,little,4d 5a 90 00 03 00 00 00,0.550119,
extended_xl,XL-Synthetic_7_P__pdf_large__lsb3.png,/home/kali/Desktop/stego_dataset_expanded/stego_core_combined/XL-Synthetic_7_P__pdf_large__lsb3.png,XL-Synthetic_7_P.png,XL-Synthetic,7,P,png,P02.pdf,pdf,large,3,PDF,/home/kali/stego_dataset_expanded/stego_core_combined/XL-Synthetic_7_P__pdf_large__lsb3.png,PDF,signature_pdf,1,PDF,validated_pdf_startxref_eof,1,3,1100144,little,25 50 44 46 2d 31 2e 33,0.734595,
extended_xl,XL-Synthetic_7_P__pdf_medium__lsb2.png,/home/kali/Desktop/stego_dataset_expanded/stego_core_combined/XL-Synthetic_7_P__pdf_medium__lsb2.png,XL-Synthetic_7_P.png,XL-Synthetic,7,P,png,P02.pdf,pdf,medium,2,PDF,/home/kali/stego_dataset_expanded/stego_core_combined/XL-Synthetic_7_P__pdf_medium__lsb2.png,PDF,signature_pdf,1,PDF,validated_pdf_startxref_eof,1,3,510410,little,25 50 44 46 2d 31 2e 37,0.654766,
extended_xl,XL-Synthetic_7_P__pdf_medium__lsb3.png,/home/kali/Desktop/stego_dataset_expanded/stego_core_combined/XL-Synthetic_7_P__pdf_medium__lsb3.png,XL-Synthetic_7_P.png,XL-Synthetic,7,P,png,P02.pdf,pdf,medium,3,PDF,/home/kali/stego_dataset_expanded/stego_core_combined/XL-Synthetic_7_P__pdf_medium__lsb3.png,PDF,signature_pdf,1,PDF,validated_pdf_startxref_eof,1,3,510410,little,25 50 44 46 2d 31 2e 37,0.621469,
extended_xl,XL-Synthetic_7_P__pdf_small__lsb1.png,/home/kali/Desktop/stego_dataset_expanded/stego_core_combined/XL-Synthetic_7_P__pdf_small__lsb1.png,XL-Synthetic_7_P.png,XL-Synthetic,7,P,png,P02.pdf,pdf,small,1,PDF,/home/kali/stego_dataset_expanded/stego_core_combined/XL-Synthetic_7_P__pdf_small__lsb1.png,PDF,signature_pdf,1,PDF,validated_pdf_startxref_eof,1,3,16620,little,25 50 44 46 2d 31 2e 37,0.589518,
extended_xl,XL-Synthetic_7_P__pdf_small__lsb2.png,/home/kali/Desktop/stego_dataset_expanded/stego_core_combined/XL-Synthetic_7_P__pdf_small__lsb2.png,XL-Synthetic_7_P.png,XL-Synthetic,7,P,png,P02.pdf,pdf,small,2,PDF,/home/kali/stego_dataset_expanded/stego_core_combined/XL-Synthetic_7_P__pdf_small__lsb2.png,PDF,signature_pdf,1,PDF,validated_pdf_startxref_eof,1,3,16620,little,25 50 44 46 2d 31 2e 37,0.564436,
extended_xl,XL-Synthetic_7_P__pdf_small__lsb3.png,/home/kali/Desktop/stego_dataset_expanded/stego_core_combined/XL-Synthetic_7_P__pdf_small__lsb3.png,XL-Synthetic_7_P.png,XL-Synthetic,7,P,png,P02.pdf,pdf,small,3,PDF,/home/kali/stego_dataset_expanded/stego_core_combined/XL-Synthetic_7_P__pdf_small__lsb3.png,PDF,signature_pdf,1,PDF,validated_pdf_startxref_eof,1,3,16620,little,25 50 44 46 2d 31 2e 37,0.547412,
extended_xl,XL-Synthetic_7_P__pptx_large__lsb3.png,/home/kali/Desktop/stego_dataset_expanded/stego_core_combined/XL-Synthetic_7_P__pptx_large__lsb3.png,XL-Synthetic_7_P.png,XL-Synthetic,7,P,png,P04.pptx,pptx,large,3,PPTX,/home/kali/stego_dataset_expanded/stego_core_combined/XL-Synthetic_7_P__pptx_large__lsb3.png,ZIP,signature_pk_zip,0,PPTX,validated_ooxml_pptx,1,3,1082610,little,50 4b 03 04 14 00 06 00,0.746532,
extended_xl,XL-Synthetic_7_P__pptx_medium__lsb2.png,/home/kali/Desktop/stego_dataset_expanded/stego_core_combined/XL-Synthetic_7_P__pptx_medium__lsb2.png,XL-Synthetic_7_P.png,XL-Synthetic,7,P,png,P04.pptx,pptx,medium,2,PPTX,/home/kali/stego_dataset_expanded/stego_core_combined/XL-Synthetic_7_P__pptx_medium__lsb2.png,ZIP,signature_pk_zip,0,PPTX,validated_ooxml_pptx,1,3,512113,little,50 4b 03 04 14 00 06 00,0.663245,
extended_xl,XL-Synthetic_7_P__pptx_medium__lsb3.png,/home/kali/Desktop/stego_dataset_expanded/stego_core_combined/XL-Synthetic_7_P__pptx_medium__lsb3.png,XL-Synthetic_7_P.png,XL-Synthetic,7,P,png,P04.pptx,pptx,medium,3,PPTX,/home/kali/stego_dataset_expanded/stego_core_combined/XL-Synthetic_7_P__pptx_medium__lsb3.png,ZIP,signature_pk_zip,0,PPTX,validated_ooxml_pptx,1,3,512113,little,50 4b 03 04 14 00 06 00,0.631601,
extended_xl,XL-Synthetic_7_P__pptx_small__lsb1.png,/home/kali/Desktop/stego_dataset_expanded/stego_core_combined/XL-Synthetic_7_P__pptx_small__lsb1.png,XL-Synthetic_7_P.png,XL-Synthetic,7,P,png,P04.pptx,pptx,small,1,PPTX,/home/kali/stego_dataset_expanded/stego_core_combined/XL-Synthetic_7_P__pptx_small__lsb1.png,ZIP,signature_pk_zip,0,PPTX,validated_ooxml_pptx,1,3,32020,little,50 4b 03 04 14 00 06 00,0.562928,
extended_xl,XL-Synthetic_7_P__pptx_small__lsb2.png,/home/kali/Desktop/stego_dataset_expanded/stego_core_combined/XL-Synthetic_7_P__pptx_small__lsb2.png,XL-Synthetic_7_P.png,XL-Synthetic,7,P,png,P04.pptx,pptx,small,2,PPTX,/home/kali/stego_dataset_expanded/stego_core_combined/XL-Synthetic_7_P__pptx_small__lsb2.png,ZIP,signature_pk_zip,0,PPTX,validated_ooxml_pptx,1,3,32020,little,50 4b 03 04 14 00 06 00,0.549739,
extended_xl,XL-Synthetic_7_P__pptx_small__lsb3.png,/home/kali/Desktop/stego_dataset_expanded/stego_core_combined/XL-Synthetic_7_P__pptx_small__lsb3.png,XL-Synthetic_7_P.png,XL-Synthetic,7,P,png,P04.pptx,pptx,small,3,PPTX,/home/kali/stego_dataset_expanded/stego_core_combined/XL-Synthetic_7_P__pptx_small__lsb3.png,ZIP,signature_pk_zip,0,PPTX,validated_ooxml_pptx,1,3,32020,little,50 4b 03 04 14 00 06 00,0.537506,
extended_xl,XL-Synthetic_7_P__rtf_large__lsb3.png,/home/kali/Desktop/stego_dataset_expanded/stego_core_combined/XL-Synthetic_7_P__rtf_large__lsb3.png,XL-Synthetic_7_P.png,XL-Synthetic,7,P,png,P05.rtf,rtf,large,3,RTF,/home/kali/stego_dataset_expanded/stego_core_combined/XL-Synthetic_7_P__rtf_large__lsb3.png,RTF,signature_rtf,1,RTF,validated_rtf_structure,1,3,1085026,little,7b 5c 72 74 66 31 5c 61,0.751804,
extended_xl,XL-Synthetic_7_P__rtf_medium__lsb2.png,/home/kali/Desktop/stego_dataset_expanded/stego_core_combined/XL-Synthetic_7_P__rtf_medium__lsb2.png,XL-Synthetic_7_P.png,XL-Synthetic,7,P,png,P05.rtf,rtf,medium,2,RTF,/home/kali/stego_dataset_expanded/stego_core_combined/XL-Synthetic_7_P__rtf_medium__lsb2.png,RTF,signature_rtf,1,RTF,validated_rtf_structure,1,3,511504,little,7b 5c 72 74 66 31 5c 61,0.663958,
extended_xl,XL-Synthetic_7_P__rtf_medium__lsb3.png,/home/kali/Desktop/stego_dataset_expanded/stego_core_combined/XL-Synthetic_7_P__rtf_medium__lsb3.png,XL-Synthetic_7_P.png,XL-Synthetic,7,P,png,P05.rtf,rtf,medium,3,RTF,/home/kali/stego_dataset_expanded/stego_core_combined/XL-Synthetic_7_P__rtf_medium__lsb3.png,RTF,signature_rtf,1,RTF,validated_rtf_structure,1,3,511504,little,7b 5c 72 74 66 31 5c 61,0.617150,
extended_xl,XL-Synthetic_7_P__rtf_small__lsb1.png,/home/kali/Desktop/stego_dataset_expanded/stego_core_combined/XL-Synthetic_7_P__rtf_small__lsb1.png,XL-Synthetic_7_P.png,XL-Synthetic,7,P,png,P05.rtf,rtf,small,1,RTF,/home/kali/stego_dataset_expanded/stego_core_combined/XL-Synthetic_7_P__rtf_small__lsb1.png,RTF,signature_rtf,1,RTF,validated_rtf_structure,1,3,50275,little,7b 5c 72 74 66 31 5c 61,0.545896,
extended_xl,XL-Synthetic_7_P__rtf_small__lsb2.png,/home/kali/Desktop/stego_dataset_expanded/stego_core_combined/XL-Synthetic_7_P__rtf_small__lsb2.png,XL-Synthetic_7_P.png,XL-Synthetic,7,P,png,P05.rtf,rtf,small,2,RTF,/home/kali/stego_dataset_expanded/stego_core_combined/XL-Synthetic_7_P__rtf_small__lsb2.png,RTF,signature_rtf,1,RTF,validated_rtf_structure,1,3,50275,little,7b 5c 72 74 66 31 5c 61,0.567605,
extended_xl,XL-Synthetic_7_P__rtf_small__lsb3.png,/home/kali/Desktop/stego_dataset_expanded/stego_core_combined/XL-Synthetic_7_P__rtf_small__lsb3.png,XL-Synthetic_7_P.png,XL-Synthetic,7,P,png,P05.rtf,rtf,small,3,RTF,/home/kali/stego_dataset_expanded/stego_core_combined/XL-Synthetic_7_P__rtf_small__lsb3.png,RTF,signature_rtf,1,RTF,validated_rtf_structure,1,3,50275,little,7b 5c 72 74 66 31 5c 61,0.543280,
extended_xl,XL-Synthetic_7_P__xlsx_large__lsb3.png,/home/kali/Desktop/stego_dataset_expanded/stego_core_combined/XL-Synthetic_7_P__xlsx_large__lsb3.png,XL-Synthetic_7_P.png,XL-Synthetic,7,P,png,P03.xlsx,xlsx,large,3,XLSX,/home/kali/stego_dataset_expanded/stego_core_combined/XL-Synthetic_7_P__xlsx_large__lsb3.png,ZIP,signature_pk_zip,0,XLSX,validated_ooxml_xlsx,1,3,1090468,little,50 4b 03 04 14 00 06 00,0.700476,
extended_xl,XL-Synthetic_7_P__xlsx_medium__lsb2.png,/home/kali/Desktop/stego_dataset_expanded/stego_core_combined/XL-Synthetic_7_P__xlsx_medium__lsb2.png,XL-Synthetic_7_P.png,XL-Synthetic,7,P,png,P03.xlsx,xlsx,medium,2,XLSX,/home/kali/stego_dataset_expanded/stego_core_combined/XL-Synthetic_7_P__xlsx_medium__lsb2.png,ZIP,signature_pk_zip,0,XLSX,validated_ooxml_xlsx,1,3,511280,little,50 4b 03 04 14 00 06 00,0.671008,
extended_xl,XL-Synthetic_7_P__xlsx_medium__lsb3.png,/home/kali/Desktop/stego_dataset_expanded/stego_core_combined/XL-Synthetic_7_P__xlsx_medium__lsb3.png,XL-Synthetic_7_P.png,XL-Synthetic,7,P,png,P03.xlsx,xlsx,medium,3,XLSX,/home/kali/stego_dataset_expanded/stego_core_combined/XL-Synthetic_7_P__xlsx_medium__lsb3.png,ZIP,signature_pk_zip,0,XLSX,validated_ooxml_xlsx,1,3,511280,little,50 4b 03 04 14 00 06 00,0.642605,
extended_xl,XL-Synthetic_7_P__xlsx_small__lsb1.png,/home/kali/Desktop/stego_dataset_expanded/stego_core_combined/XL-Synthetic_7_P__xlsx_small__lsb1.png,XL-Synthetic_7_P.png,XL-Synthetic,7,P,png,P03.xlsx,xlsx,small,1,XLSX,/home/kali/stego_dataset_expanded/stego_core_combined/XL-Synthetic_7_P__xlsx_small__lsb1.png,ZIP,signature_pk_zip,0,XLSX,validated_ooxml_xlsx,1,3,8899,little,50 4b 03 04 14 00 06 00,0.537253,
extended_xl,XL-Synthetic_7_P__xlsx_small__lsb2.png,/home/kali/Desktop/stego_dataset_expanded/stego_core_combined/XL-Synthetic_7_P__xlsx_small__lsb2.png,XL-Synthetic_7_P.png,XL-Synthetic,7,P,png,P03.xlsx,xlsx,small,2,XLSX,/home/kali/stego_dataset_expanded/stego_core_combined/XL-Synthetic_7_P__xlsx_small__lsb2.png,ZIP,signature_pk_zip,0,XLSX,validated_ooxml_xlsx,1,3,8899,little,50 4b 03 04 14 00 06 00,0.510897,
extended_xl,XL-Synthetic_7_P__xlsx_small__lsb3.png,/home/kali/Desktop/stego_dataset_expanded/stego_core_combined/XL-Synthetic_7_P__xlsx_small__lsb3.png,XL-Synthetic_7_P.png,XL-Synthetic,7,P,png,P03.xlsx,xlsx,small,3,XLSX,/home/kali/stego_dataset_expanded/stego_core_combined/XL-Synthetic_7_P__xlsx_small__lsb3.png,ZIP,signature_pk_zip,0,XLSX,validated_ooxml_xlsx,1,3,8899,little,50 4b 03 04 14 00 06 00,0.548825,
extended_xl,XL-Synthetic_8_B__docx_large__lsb1.bmp,/home/kali/Desktop/stego_dataset_expanded/stego_core_combined/XL-Synthetic_8_B__docx_large__lsb1.bmp,XL-Synthetic_8_B.bmp,XL-Synthetic,8,B,bmp,P01.docx,docx,large,1,DOCX,/home/kali/stego_dataset_expanded/stego_core_combined/XL-Synthetic_8_B__docx_large__lsb1.bmp,ZIP,signature_pk_zip,0,DOCX,validated_ooxml_docx,1,4,1121154,little,50 4b 03 04 14 00 06 00,6.447793,
extended_xl,XL-Synthetic_8_B__docx_large__lsb2.bmp,/home/kali/Desktop/stego_dataset_expanded/stego_core_combined/XL-Synthetic_8_B__docx_large__lsb2.bmp,XL-Synthetic_8_B.bmp,XL-Synthetic,8,B,bmp,P01.docx,docx,large,2,DOCX,/home/kali/stego_dataset_expanded/stego_core_combined/XL-Synthetic_8_B__docx_large__lsb2.bmp,ZIP,signature_pk_zip,0,DOCX,validated_ooxml_docx,1,4,1121154,little,50 4b 03 04 14 00 06 00,6.235339,
extended_xl,XL-Synthetic_8_B__docx_large__lsb3.bmp,/home/kali/Desktop/stego_dataset_expanded/stego_core_combined/XL-Synthetic_8_B__docx_large__lsb3.bmp,XL-Synthetic_8_B.bmp,XL-Synthetic,8,B,bmp,P01.docx,docx,large,3,DOCX,/home/kali/stego_dataset_expanded/stego_core_combined/XL-Synthetic_8_B__docx_large__lsb3.bmp,ZIP,signature_pk_zip,0,DOCX,validated_ooxml_docx,1,4,1121154,little,50 4b 03 04 14 00 06 00,8.485805,
extended_xl,XL-Synthetic_8_B__docx_medium__lsb1.bmp,/home/kali/Desktop/stego_dataset_expanded/stego_core_combined/XL-Synthetic_8_B__docx_medium__lsb1.bmp,XL-Synthetic_8_B.bmp,XL-Synthetic,8,B,bmp,P01.docx,docx,medium,1,DOCX,/home/kali/stego_dataset_expanded/stego_core_combined/XL-Synthetic_8_B__docx_medium__lsb1.bmp,ZIP,signature_pk_zip,0,DOCX,validated_ooxml_docx,1,4,511127,little,50 4b 03 04 14 00 06 00,7.278905,
extended_xl,XL-Synthetic_8_B__docx_medium__lsb2.bmp,/home/kali/Desktop/stego_dataset_expanded/stego_core_combined/XL-Synthetic_8_B__docx_medium__lsb2.bmp,XL-Synthetic_8_B.bmp,XL-Synthetic,8,B,bmp,P01.docx,docx,medium,2,DOCX,/home/kali/stego_dataset_expanded/stego_core_combined/XL-Synthetic_8_B__docx_medium__lsb2.bmp,ZIP,signature_pk_zip,0,DOCX,validated_ooxml_docx,1,4,511127,little,50 4b 03 04 14 00 06 00,6.183643,
extended_xl,XL-Synthetic_8_B__docx_medium__lsb3.bmp,/home/kali/Desktop/stego_dataset_expanded/stego_core_combined/XL-Synthetic_8_B__docx_medium__lsb3.bmp,XL-Synthetic_8_B.bmp,XL-Synthetic,8,B,bmp,P01.docx,docx,medium,3,DOCX,/home/kali/stego_dataset_expanded/stego_core_combined/XL-Synthetic_8_B__docx_medium__lsb3.bmp,ZIP,signature_pk_zip,0,DOCX,validated_ooxml_docx,1,4,511127,little,50 4b 03 04 14 00 06 00,5.907491,
extended_xl,XL-Synthetic_8_B__docx_small__lsb1.bmp,/home/kali/Desktop/stego_dataset_expanded/stego_core_combined/XL-Synthetic_8_B__docx_small__lsb1.bmp,XL-Synthetic_8_B.bmp,XL-Synthetic,8,B,bmp,P01.docx,docx,small,1,DOCX,/home/kali/stego_dataset_expanded/stego_core_combined/XL-Synthetic_8_B__docx_small__lsb1.bmp,ZIP,signature_pk_zip,0,DOCX,validated_ooxml_docx,1,4,13432,little,50 4b 03 04 14 00 06 00,6.861713,
extended_xl,XL-Synthetic_8_B__docx_small__lsb2.bmp,/home/kali/Desktop/stego_dataset_expanded/stego_core_combined/XL-Synthetic_8_B__docx_small__lsb2.bmp,XL-Synthetic_8_B.bmp,XL-Synthetic,8,B,bmp,P01.docx,docx,small,2,DOCX,/home/kali/stego_dataset_expanded/stego_core_combined/XL-Synthetic_8_B__docx_small__lsb2.bmp,ZIP,signature_pk_zip,0,DOCX,validated_ooxml_docx,1,4,13432,little,50 4b 03 04 14 00 06 00,6.315956,
extended_xl,XL-Synthetic_8_B__docx_small__lsb3.bmp,/home/kali/Desktop/stego_dataset_expanded/stego_core_combined/XL-Synthetic_8_B__docx_small__lsb3.bmp,XL-Synthetic_8_B.bmp,XL-Synthetic,8,B,bmp,P01.docx,docx,small,3,DOCX,/home/kali/stego_dataset_expanded/stego_core_combined/XL-Synthetic_8_B__docx_small__lsb3.bmp,ZIP,signature_pk_zip,0,DOCX,validated_ooxml_docx,1,4,13432,little,50 4b 03 04 14 00 06 00,6.048913,
extended_xl,XL-Synthetic_8_B__exe_large__lsb1.bmp,/home/kali/Desktop/stego_dataset_expanded/stego_core_combined/XL-Synthetic_8_B__exe_large__lsb1.bmp,XL-Synthetic_8_B.bmp,XL-Synthetic,8,B,bmp,P06.exe,exe,large,1,EXE,/home/kali/stego_dataset_expanded/stego_core_combined/XL-Synthetic_8_B__exe_large__lsb1.bmp,EXE,signature_mz,1,EXE,validated_mz_pe_header,1,4,1017856,little,4d 5a 90 00 03 00 00 00,6.354314,
extended_xl,XL-Synthetic_8_B__exe_large__lsb2.bmp,/home/kali/Desktop/stego_dataset_expanded/stego_core_combined/XL-Synthetic_8_B__exe_large__lsb2.bmp,XL-Synthetic_8_B.bmp,XL-Synthetic,8,B,bmp,P06.exe,exe,large,2,EXE,/home/kali/stego_dataset_expanded/stego_core_combined/XL-Synthetic_8_B__exe_large__lsb2.bmp,EXE,signature_mz,1,EXE,validated_mz_pe_header,1,4,1017856,little,4d 5a 90 00 03 00 00 00,5.597830,
extended_xl,XL-Synthetic_8_B__exe_large__lsb3.bmp,/home/kali/Desktop/stego_dataset_expanded/stego_core_combined/XL-Synthetic_8_B__exe_large__lsb3.bmp,XL-Synthetic_8_B.bmp,XL-Synthetic,8,B,bmp,P06.exe,exe,large,3,EXE,/home/kali/stego_dataset_expanded/stego_core_combined/XL-Synthetic_8_B__exe_large__lsb3.bmp,EXE,signature_mz,1,EXE,validated_mz_pe_header,1,4,1017856,little,4d 5a 90 00 03 00 00 00,6.034804,
extended_xl,XL-Synthetic_8_B__exe_medium__lsb1.bmp,/home/kali/Desktop/stego_dataset_expanded/stego_core_combined/XL-Synthetic_8_B__exe_medium__lsb1.bmp,XL-Synthetic_8_B.bmp,XL-Synthetic,8,B,bmp,P06.exe,exe,medium,1,EXE,/home/kali/stego_dataset_expanded/stego_core_combined/XL-Synthetic_8_B__exe_medium__lsb1.bmp,EXE,signature_mz,1,EXE,validated_mz_pe_header,1,4,505856,little,4d 5a 90 00 03 00 00 00,5.822686,
extended_xl,XL-Synthetic_8_B__exe_medium__lsb2.bmp,/home/kali/Desktop/stego_dataset_expanded/stego_core_combined/XL-Synthetic_8_B__exe_medium__lsb2.bmp,XL-Synthetic_8_B.bmp,XL-Synthetic,8,B,bmp,P06.exe,exe,medium,2,EXE,/home/kali/stego_dataset_expanded/stego_core_combined/XL-Synthetic_8_B__exe_medium__lsb2.bmp,EXE,signature_mz,1,EXE,validated_mz_pe_header,1,4,505856,little,4d 5a 90 00 03 00 00 00,5.646675,
extended_xl,XL-Synthetic_8_B__exe_medium__lsb3.bmp,/home/kali/Desktop/stego_dataset_expanded/stego_core_combined/XL-Synthetic_8_B__exe_medium__lsb3.bmp,XL-Synthetic_8_B.bmp,XL-Synthetic,8,B,bmp,P06.exe,exe,medium,3,EXE,/home/kali/stego_dataset_expanded/stego_core_combined/XL-Synthetic_8_B__exe_medium__lsb3.bmp,EXE,signature_mz,1,EXE,validated_mz_pe_header,1,4,505856,little,4d 5a 90 00 03 00 00 00,5.533827,
extended_xl,XL-Synthetic_8_B__exe_small__lsb1.bmp,/home/kali/Desktop/stego_dataset_expanded/stego_core_combined/XL-Synthetic_8_B__exe_small__lsb1.bmp,XL-Synthetic_8_B.bmp,XL-Synthetic,8,B,bmp,P06.exe,exe,small,1,EXE,/home/kali/stego_dataset_expanded/stego_core_combined/XL-Synthetic_8_B__exe_small__lsb1.bmp,EXE,signature_mz,1,EXE,validated_mz_pe_header,1,4,40448,little,4d 5a 90 00 03 00 00 00,5.347697,
extended_xl,XL-Synthetic_8_B__exe_small__lsb2.bmp,/home/kali/Desktop/stego_dataset_expanded/stego_core_combined/XL-Synthetic_8_B__exe_small__lsb2.bmp,XL-Synthetic_8_B.bmp,XL-Synthetic,8,B,bmp,P06.exe,exe,small,2,EXE,/home/kali/stego_dataset_expanded/stego_core_combined/XL-Synthetic_8_B__exe_small__lsb2.bmp,EXE,signature_mz,1,EXE,validated_mz_pe_header,1,4,40448,little,4d 5a 90 00 03 00 00 00,5.462766,
extended_xl,XL-Synthetic_8_B__exe_small__lsb3.bmp,/home/kali/Desktop/stego_dataset_expanded/stego_core_combined/XL-Synthetic_8_B__exe_small__lsb3.bmp,XL-Synthetic_8_B.bmp,XL-Synthetic,8,B,bmp,P06.exe,exe,small,3,EXE,/home/kali/stego_dataset_expanded/stego_core_combined/XL-Synthetic_8_B__exe_small__lsb3.bmp,EXE,signature_mz,1,EXE,validated_mz_pe_header,1,4,40448,little,4d 5a 90 00 03 00 00 00,5.378036,
extended_xl,XL-Synthetic_8_B__pdf_large__lsb1.bmp,/home/kali/Desktop/stego_dataset_expanded/stego_core_combined/XL-Synthetic_8_B__pdf_large__lsb1.bmp,XL-Synthetic_8_B.bmp,XL-Synthetic,8,B,bmp,P02.pdf,pdf,large,1,PDF,/home/kali/stego_dataset_expanded/stego_core_combined/XL-Synthetic_8_B__pdf_large__lsb1.bmp,PDF,signature_pdf,1,PDF,validated_pdf_startxref_eof,1,4,1100144,little,25 50 44 46 2d 31 2e 33,5.808182,
extended_xl,XL-Synthetic_8_B__pdf_large__lsb2.bmp,/home/kali/Desktop/stego_dataset_expanded/stego_core_combined/XL-Synthetic_8_B__pdf_large__lsb2.bmp,XL-Synthetic_8_B.bmp,XL-Synthetic,8,B,bmp,P02.pdf,pdf,large,2,PDF,/home/kali/stego_dataset_expanded/stego_core_combined/XL-Synthetic_8_B__pdf_large__lsb2.bmp,PDF,signature_pdf,1,PDF,validated_pdf_startxref_eof,1,4,1100144,little,25 50 44 46 2d 31 2e 33,5.687406,
extended_xl,XL-Synthetic_8_B__pdf_large__lsb3.bmp,/home/kali/Desktop/stego_dataset_expanded/stego_core_combined/XL-Synthetic_8_B__pdf_large__lsb3.bmp,XL-Synthetic_8_B.bmp,XL-Synthetic,8,B,bmp,P02.pdf,pdf,large,3,PDF,/home/kali/stego_dataset_expanded/stego_core_combined/XL-Synthetic_8_B__pdf_large__lsb3.bmp,PDF,signature_pdf,1,PDF,validated_pdf_startxref_eof,1,4,1100144,little,25 50 44 46 2d 31 2e 33,5.435019,
extended_xl,XL-Synthetic_8_B__pdf_medium__lsb1.bmp,/home/kali/Desktop/stego_dataset_expanded/stego_core_combined/XL-Synthetic_8_B__pdf_medium__lsb1.bmp,XL-Synthetic_8_B.bmp,XL-Synthetic,8,B,bmp,P02.pdf,pdf,medium,1,PDF,/home/kali/stego_dataset_expanded/stego_core_combined/XL-Synthetic_8_B__pdf_medium__lsb1.bmp,PDF,signature_pdf,1,PDF,validated_pdf_startxref_eof,1,4,510410,little,25 50 44 46 2d 31 2e 37,5.538832,
extended_xl,XL-Synthetic_8_B__pdf_medium__lsb2.bmp,/home/kali/Desktop/stego_dataset_expanded/stego_core_combined/XL-Synthetic_8_B__pdf_medium__lsb2.bmp,XL-Synthetic_8_B.bmp,XL-Synthetic,8,B,bmp,P02.pdf,pdf,medium,2,PDF,/home/kali/stego_dataset_expanded/stego_core_combined/XL-Synthetic_8_B__pdf_medium__lsb2.bmp,PDF,signature_pdf,1,PDF,validated_pdf_startxref_eof,1,4,510410,little,25 50 44 46 2d 31 2e 37,5.794417,
extended_xl,XL-Synthetic_8_B__pdf_medium__lsb3.bmp,/home/kali/Desktop/stego_dataset_expanded/stego_core_combined/XL-Synthetic_8_B__pdf_medium__lsb3.bmp,XL-Synthetic_8_B.bmp,XL-Synthetic,8,B,bmp,P02.pdf,pdf,medium,3,PDF,/home/kali/stego_dataset_expanded/stego_core_combined/XL-Synthetic_8_B__pdf_medium__lsb3.bmp,PDF,signature_pdf,1,PDF,validated_pdf_startxref_eof,1,4,510410,little,25 50 44 46 2d 31 2e 37,5.397772,
extended_xl,XL-Synthetic_8_B__pdf_small__lsb1.bmp,/home/kali/Desktop/stego_dataset_expanded/stego_core_combined/XL-Synthetic_8_B__pdf_small__lsb1.bmp,XL-Synthetic_8_B.bmp,XL-Synthetic,8,B,bmp,P02.pdf,pdf,small,1,PDF,/home/kali/stego_dataset_expanded/stego_core_combined/XL-Synthetic_8_B__pdf_small__lsb1.bmp,PDF,signature_pdf,1,PDF,validated_pdf_startxref_eof,1,4,16620,little,25 50 44 46 2d 31 2e 37,5.269474,
extended_xl,XL-Synthetic_8_B__pdf_small__lsb2.bmp,/home/kali/Desktop/stego_dataset_expanded/stego_core_combined/XL-Synthetic_8_B__pdf_small__lsb2.bmp,XL-Synthetic_8_B.bmp,XL-Synthetic,8,B,bmp,P02.pdf,pdf,small,2,PDF,/home/kali/stego_dataset_expanded/stego_core_combined/XL-Synthetic_8_B__pdf_small__lsb2.bmp,PDF,signature_pdf,1,PDF,validated_pdf_startxref_eof,1,4,16620,little,25 50 44 46 2d 31 2e 37,5.295281,
extended_xl,XL-Synthetic_8_B__pdf_small__lsb3.bmp,/home/kali/Desktop/stego_dataset_expanded/stego_core_combined/XL-Synthetic_8_B__pdf_small__lsb3.bmp,XL-Synthetic_8_B.bmp,XL-Synthetic,8,B,bmp,P02.pdf,pdf,small,3,PDF,/home/kali/stego_dataset_expanded/stego_core_combined/XL-Synthetic_8_B__pdf_small__lsb3.bmp,PDF,signature_pdf,1,PDF,validated_pdf_startxref_eof,1,4,16620,little,25 50 44 46 2d 31 2e 37,5.688690,
extended_xl,XL-Synthetic_8_B__pptx_large__lsb1.bmp,/home/kali/Desktop/stego_dataset_expanded/stego_core_combined/XL-Synthetic_8_B__pptx_large__lsb1.bmp,XL-Synthetic_8_B.bmp,XL-Synthetic,8,B,bmp,P04.pptx,pptx,large,1,PPTX,/home/kali/stego_dataset_expanded/stego_core_combined/XL-Synthetic_8_B__pptx_large__lsb1.bmp,ZIP,signature_pk_zip,0,PPTX,validated_ooxml_pptx,1,4,1082610,little,50 4b 03 04 14 00 06 00,6.254439,
extended_xl,XL-Synthetic_8_B__pptx_large__lsb2.bmp,/home/kali/Desktop/stego_dataset_expanded/stego_core_combined/XL-Synthetic_8_B__pptx_large__lsb2.bmp,XL-Synthetic_8_B.bmp,XL-Synthetic,8,B,bmp,P04.pptx,pptx,large,2,PPTX,/home/kali/stego_dataset_expanded/stego_core_combined/XL-Synthetic_8_B__pptx_large__lsb2.bmp,ZIP,signature_pk_zip,0,PPTX,validated_ooxml_pptx,1,4,1082610,little,50 4b 03 04 14 00 06 00,6.001738,
extended_xl,XL-Synthetic_8_B__pptx_large__lsb3.bmp,/home/kali/Desktop/stego_dataset_expanded/stego_core_combined/XL-Synthetic_8_B__pptx_large__lsb3.bmp,XL-Synthetic_8_B.bmp,XL-Synthetic,8,B,bmp,P04.pptx,pptx,large,3,PPTX,/home/kali/stego_dataset_expanded/stego_core_combined/XL-Synthetic_8_B__pptx_large__lsb3.bmp,ZIP,signature_pk_zip,0,PPTX,validated_ooxml_pptx,1,4,1082610,little,50 4b 03 04 14 00 06 00,6.007452,
extended_xl,XL-Synthetic_8_B__pptx_medium__lsb1.bmp,/home/kali/Desktop/stego_dataset_expanded/stego_core_combined/XL-Synthetic_8_B__pptx_medium__lsb1.bmp,XL-Synthetic_8_B.bmp,XL-Synthetic,8,B,bmp,P04.pptx,pptx,medium,1,PPTX,/home/kali/stego_dataset_expanded/stego_core_combined/XL-Synthetic_8_B__pptx_medium__lsb1.bmp,ZIP,signature_pk_zip,0,PPTX,validated_ooxml_pptx,1,4,512113,little,50 4b 03 04 14 00 06 00,5.949656,
extended_xl,XL-Synthetic_8_B__pptx_medium__lsb2.bmp,/home/kali/Desktop/stego_dataset_expanded/stego_core_combined/XL-Synthetic_8_B__pptx_medium__lsb2.bmp,XL-Synthetic_8_B.bmp,XL-Synthetic,8,B,bmp,P04.pptx,pptx,medium,2,PPTX,/home/kali/stego_dataset_expanded/stego_core_combined/XL-Synthetic_8_B__pptx_medium__lsb2.bmp,ZIP,signature_pk_zip,0,PPTX,validated_ooxml_pptx,1,4,512113,little,50 4b 03 04 14 00 06 00,5.908485,
extended_xl,XL-Synthetic_8_B__pptx_medium__lsb3.bmp,/home/kali/Desktop/stego_dataset_expanded/stego_core_combined/XL-Synthetic_8_B__pptx_medium__lsb3.bmp,XL-Synthetic_8_B.bmp,XL-Synthetic,8,B,bmp,P04.pptx,pptx,medium,3,PPTX,/home/kali/stego_dataset_expanded/stego_core_combined/XL-Synthetic_8_B__pptx_medium__lsb3.bmp,ZIP,signature_pk_zip,0,PPTX,validated_ooxml_pptx,1,4,512113,little,50 4b 03 04 14 00 06 00,5.861431,
extended_xl,XL-Synthetic_8_B__pptx_small__lsb1.bmp,/home/kali/Desktop/stego_dataset_expanded/stego_core_combined/XL-Synthetic_8_B__pptx_small__lsb1.bmp,XL-Synthetic_8_B.bmp,XL-Synthetic,8,B,bmp,P04.pptx,pptx,small,1,PPTX,/home/kali/stego_dataset_expanded/stego_core_combined/XL-Synthetic_8_B__pptx_small__lsb1.bmp,ZIP,signature_pk_zip,0,PPTX,validated_ooxml_pptx,1,4,32020,little,50 4b 03 04 14 00 06 00,5.947466,
extended_xl,XL-Synthetic_8_B__pptx_small__lsb2.bmp,/home/kali/Desktop/stego_dataset_expanded/stego_core_combined/XL-Synthetic_8_B__pptx_small__lsb2.bmp,XL-Synthetic_8_B.bmp,XL-Synthetic,8,B,bmp,P04.pptx,pptx,small,2,PPTX,/home/kali/stego_dataset_expanded/stego_core_combined/XL-Synthetic_8_B__pptx_small__lsb2.bmp,ZIP,signature_pk_zip,0,PPTX,validated_ooxml_pptx,1,4,32020,little,50 4b 03 04 14 00 06 00,5.765151,
extended_xl,XL-Synthetic_8_B__pptx_small__lsb3.bmp,/home/kali/Desktop/stego_dataset_expanded/stego_core_combined/XL-Synthetic_8_B__pptx_small__lsb3.bmp,XL-Synthetic_8_B.bmp,XL-Synthetic,8,B,bmp,P04.pptx,pptx,small,3,PPTX,/home/kali/stego_dataset_expanded/stego_core_combined/XL-Synthetic_8_B__pptx_small__lsb3.bmp,ZIP,signature_pk_zip,0,PPTX,validated_ooxml_pptx,1,4,32020,little,50 4b 03 04 14 00 06 00,5.795097,
extended_xl,XL-Synthetic_8_B__rtf_large__lsb1.bmp,/home/kali/Desktop/stego_dataset_expanded/stego_core_combined/XL-Synthetic_8_B__rtf_large__lsb1.bmp,XL-Synthetic_8_B.bmp,XL-Synthetic,8,B,bmp,P05.rtf,rtf,large,1,RTF,/home/kali/stego_dataset_expanded/stego_core_combined/XL-Synthetic_8_B__rtf_large__lsb1.bmp,RTF,signature_rtf,1,RTF,validated_rtf_structure,1,4,1085026,little,7b 5c 72 74 66 31 5c 61,6.213058,
extended_xl,XL-Synthetic_8_B__rtf_large__lsb2.bmp,/home/kali/Desktop/stego_dataset_expanded/stego_core_combined/XL-Synthetic_8_B__rtf_large__lsb2.bmp,XL-Synthetic_8_B.bmp,XL-Synthetic,8,B,bmp,P05.rtf,rtf,large,2,RTF,/home/kali/stego_dataset_expanded/stego_core_combined/XL-Synthetic_8_B__rtf_large__lsb2.bmp,RTF,signature_rtf,1,RTF,validated_rtf_structure,1,4,1085026,little,7b 5c 72 74 66 31 5c 61,6.024270,
extended_xl,XL-Synthetic_8_B__rtf_large__lsb3.bmp,/home/kali/Desktop/stego_dataset_expanded/stego_core_combined/XL-Synthetic_8_B__rtf_large__lsb3.bmp,XL-Synthetic_8_B.bmp,XL-Synthetic,8,B,bmp,P05.rtf,rtf,large,3,RTF,/home/kali/stego_dataset_expanded/stego_core_combined/XL-Synthetic_8_B__rtf_large__lsb3.bmp,RTF,signature_rtf,1,RTF,validated_rtf_structure,1,4,1085026,little,7b 5c 72 74 66 31 5c 61,5.884580,
extended_xl,XL-Synthetic_8_B__rtf_medium__lsb1.bmp,/home/kali/Desktop/stego_dataset_expanded/stego_core_combined/XL-Synthetic_8_B__rtf_medium__lsb1.bmp,XL-Synthetic_8_B.bmp,XL-Synthetic,8,B,bmp,P05.rtf,rtf,medium,1,RTF,/home/kali/stego_dataset_expanded/stego_core_combined/XL-Synthetic_8_B__rtf_medium__lsb1.bmp,RTF,signature_rtf,1,RTF,validated_rtf_structure,1,4,511504,little,7b 5c 72 74 66 31 5c 61,5.635930,
extended_xl,XL-Synthetic_8_B__rtf_medium__lsb2.bmp,/home/kali/Desktop/stego_dataset_expanded/stego_core_combined/XL-Synthetic_8_B__rtf_medium__lsb2.bmp,XL-Synthetic_8_B.bmp,XL-Synthetic,8,B,bmp,P05.rtf,rtf,medium,2,RTF,/home/kali/stego_dataset_expanded/stego_core_combined/XL-Synthetic_8_B__rtf_medium__lsb2.bmp,RTF,signature_rtf,1,RTF,validated_rtf_structure,1,4,511504,little,7b 5c 72 74 66 31 5c 61,5.499957,
extended_xl,XL-Synthetic_8_B__rtf_medium__lsb3.bmp,/home/kali/Desktop/stego_dataset_expanded/stego_core_combined/XL-Synthetic_8_B__rtf_medium__lsb3.bmp,XL-Synthetic_8_B.bmp,XL-Synthetic,8,B,bmp,P05.rtf,rtf,medium,3,RTF,/home/kali/stego_dataset_expanded/stego_core_combined/XL-Synthetic_8_B__rtf_medium__lsb3.bmp,RTF,signature_rtf,1,RTF,validated_rtf_structure,1,4,511504,little,7b 5c 72 74 66 31 5c 61,5.553653,
extended_xl,XL-Synthetic_8_B__rtf_small__lsb1.bmp,/home/kali/Desktop/stego_dataset_expanded/stego_core_combined/XL-Synthetic_8_B__rtf_small__lsb1.bmp,XL-Synthetic_8_B.bmp,XL-Synthetic,8,B,bmp,P05.rtf,rtf,small,1,RTF,/home/kali/stego_dataset_expanded/stego_core_combined/XL-Synthetic_8_B__rtf_small__lsb1.bmp,RTF,signature_rtf,1,RTF,validated_rtf_structure,1,4,50275,little,7b 5c 72 74 66 31 5c 61,5.438478,
extended_xl,XL-Synthetic_8_B__rtf_small__lsb2.bmp,/home/kali/Desktop/stego_dataset_expanded/stego_core_combined/XL-Synthetic_8_B__rtf_small__lsb2.bmp,XL-Synthetic_8_B.bmp,XL-Synthetic,8,B,bmp,P05.rtf,rtf,small,2,RTF,/home/kali/stego_dataset_expanded/stego_core_combined/XL-Synthetic_8_B__rtf_small__lsb2.bmp,RTF,signature_rtf,1,RTF,validated_rtf_structure,1,4,50275,little,7b 5c 72 74 66 31 5c 61,5.791372,
extended_xl,XL-Synthetic_8_B__rtf_small__lsb3.bmp,/home/kali/Desktop/stego_dataset_expanded/stego_core_combined/XL-Synthetic_8_B__rtf_small__lsb3.bmp,XL-Synthetic_8_B.bmp,XL-Synthetic,8,B,bmp,P05.rtf,rtf,small,3,RTF,/home/kali/stego_dataset_expanded/stego_core_combined/XL-Synthetic_8_B__rtf_small__lsb3.bmp,RTF,signature_rtf,1,RTF,validated_rtf_structure,1,4,50275,little,7b 5c 72 74 66 31 5c 61,5.464122,
extended_xl,XL-Synthetic_8_B__xlsx_large__lsb1.bmp,/home/kali/Desktop/stego_dataset_expanded/stego_core_combined/XL-Synthetic_8_B__xlsx_large__lsb1.bmp,XL-Synthetic_8_B.bmp,XL-Synthetic,8,B,bmp,P03.xlsx,xlsx,large,1,XLSX,/home/kali/stego_dataset_expanded/stego_core_combined/XL-Synthetic_8_B__xlsx_large__lsb1.bmp,ZIP,signature_pk_zip,0,XLSX,validated_ooxml_xlsx,1,4,1090468,little,50 4b 03 04 14 00 06 00,5.982075,
extended_xl,XL-Synthetic_8_B__xlsx_large__lsb2.bmp,/home/kali/Desktop/stego_dataset_expanded/stego_core_combined/XL-Synthetic_8_B__xlsx_large__lsb2.bmp,XL-Synthetic_8_B.bmp,XL-Synthetic,8,B,bmp,P03.xlsx,xlsx,large,2,XLSX,/home/kali/stego_dataset_expanded/stego_core_combined/XL-Synthetic_8_B__xlsx_large__lsb2.bmp,ZIP,signature_pk_zip,0,XLSX,validated_ooxml_xlsx,1,4,1090468,little,50 4b 03 04 14 00 06 00,5.672641,
extended_xl,XL-Synthetic_8_B__xlsx_large__lsb3.bmp,/home/kali/Desktop/stego_dataset_expanded/stego_core_combined/XL-Synthetic_8_B__xlsx_large__lsb3.bmp,XL-Synthetic_8_B.bmp,XL-Synthetic,8,B,bmp,P03.xlsx,xlsx,large,3,XLSX,/home/kali/stego_dataset_expanded/stego_core_combined/XL-Synthetic_8_B__xlsx_large__lsb3.bmp,ZIP,signature_pk_zip,0,XLSX,validated_ooxml_xlsx,1,4,1090468,little,50 4b 03 04 14 00 06 00,5.656235,
extended_xl,XL-Synthetic_8_B__xlsx_medium__lsb1.bmp,/home/kali/Desktop/stego_dataset_expanded/stego_core_combined/XL-Synthetic_8_B__xlsx_medium__lsb1.bmp,XL-Synthetic_8_B.bmp,XL-Synthetic,8,B,bmp,P03.xlsx,xlsx,medium,1,XLSX,/home/kali/stego_dataset_expanded/stego_core_combined/XL-Synthetic_8_B__xlsx_medium__lsb1.bmp,ZIP,signature_pk_zip,0,XLSX,validated_ooxml_xlsx,1,4,511280,little,50 4b 03 04 14 00 06 00,5.858531,
extended_xl,XL-Synthetic_8_B__xlsx_medium__lsb2.bmp,/home/kali/Desktop/stego_dataset_expanded/stego_core_combined/XL-Synthetic_8_B__xlsx_medium__lsb2.bmp,XL-Synthetic_8_B.bmp,XL-Synthetic,8,B,bmp,P03.xlsx,xlsx,medium,2,XLSX,/home/kali/stego_dataset_expanded/stego_core_combined/XL-Synthetic_8_B__xlsx_medium__lsb2.bmp,ZIP,signature_pk_zip,0,XLSX,validated_ooxml_xlsx,1,4,511280,little,50 4b 03 04 14 00 06 00,5.716811,
extended_xl,XL-Synthetic_8_B__xlsx_medium__lsb3.bmp,/home/kali/Desktop/stego_dataset_expanded/stego_core_combined/XL-Synthetic_8_B__xlsx_medium__lsb3.bmp,XL-Synthetic_8_B.bmp,XL-Synthetic,8,B,bmp,P03.xlsx,xlsx,medium,3,XLSX,/home/kali/stego_dataset_expanded/stego_core_combined/XL-Synthetic_8_B__xlsx_medium__lsb3.bmp,ZIP,signature_pk_zip,0,XLSX,validated_ooxml_xlsx,1,4,511280,little,50 4b 03 04 14 00 06 00,5.507773,
extended_xl,XL-Synthetic_8_B__xlsx_small__lsb1.bmp,/home/kali/Desktop/stego_dataset_expanded/stego_core_combined/XL-Synthetic_8_B__xlsx_small__lsb1.bmp,XL-Synthetic_8_B.bmp,XL-Synthetic,8,B,bmp,P03.xlsx,xlsx,small,1,XLSX,/home/kali/stego_dataset_expanded/stego_core_combined/XL-Synthetic_8_B__xlsx_small__lsb1.bmp,ZIP,signature_pk_zip,0,XLSX,validated_ooxml_xlsx,1,4,8899,little,50 4b 03 04 14 00 06 00,5.411087,
extended_xl,XL-Synthetic_8_B__xlsx_small__lsb2.bmp,/home/kali/Desktop/stego_dataset_expanded/stego_core_combined/XL-Synthetic_8_B__xlsx_small__lsb2.bmp,XL-Synthetic_8_B.bmp,XL-Synthetic,8,B,bmp,P03.xlsx,xlsx,small,2,XLSX,/home/kali/stego_dataset_expanded/stego_core_combined/XL-Synthetic_8_B__xlsx_small__lsb2.bmp,ZIP,signature_pk_zip,0,XLSX,validated_ooxml_xlsx,1,4,8899,little,50 4b 03 04 14 00 06 00,5.367249,
extended_xl,XL-Synthetic_8_B__xlsx_small__lsb3.bmp,/home/kali/Desktop/stego_dataset_expanded/stego_core_combined/XL-Synthetic_8_B__xlsx_small__lsb3.bmp,XL-Synthetic_8_B.bmp,XL-Synthetic,8,B,bmp,P03.xlsx,xlsx,small,3,XLSX,/home/kali/stego_dataset_expanded/stego_core_combined/XL-Synthetic_8_B__xlsx_small__lsb3.bmp,ZIP,signature_pk_zip,0,XLSX,validated_ooxml_xlsx,1,4,8899,little,50 4b 03 04 14 00 06 00,5.502551,
extended_xl,XL-Synthetic_8_P__docx_large__lsb3.png,/home/kali/Desktop/stego_dataset_expanded/stego_core_combined/XL-Synthetic_8_P__docx_large__lsb3.png,XL-Synthetic_8_P.png,XL-Synthetic,8,P,png,P01.docx,docx,large,3,DOCX,/home/kali/stego_dataset_expanded/stego_core_combined/XL-Synthetic_8_P__docx_large__lsb3.png,ZIP,signature_pk_zip,0,DOCX,validated_ooxml_docx,1,3,1121154,little,50 4b 03 04 14 00 06 00,0.775197,
extended_xl,XL-Synthetic_8_P__docx_medium__lsb2.png,/home/kali/Desktop/stego_dataset_expanded/stego_core_combined/XL-Synthetic_8_P__docx_medium__lsb2.png,XL-Synthetic_8_P.png,XL-Synthetic,8,P,png,P01.docx,docx,medium,2,DOCX,/home/kali/stego_dataset_expanded/stego_core_combined/XL-Synthetic_8_P__docx_medium__lsb2.png,ZIP,signature_pk_zip,0,DOCX,validated_ooxml_docx,1,3,511127,little,50 4b 03 04 14 00 06 00,0.748496,
extended_xl,XL-Synthetic_8_P__docx_medium__lsb3.png,/home/kali/Desktop/stego_dataset_expanded/stego_core_combined/XL-Synthetic_8_P__docx_medium__lsb3.png,XL-Synthetic_8_P.png,XL-Synthetic,8,P,png,P01.docx,docx,medium,3,DOCX,/home/kali/stego_dataset_expanded/stego_core_combined/XL-Synthetic_8_P__docx_medium__lsb3.png,ZIP,signature_pk_zip,0,DOCX,validated_ooxml_docx,1,3,511127,little,50 4b 03 04 14 00 06 00,0.623324,
extended_xl,XL-Synthetic_8_P__docx_small__lsb1.png,/home/kali/Desktop/stego_dataset_expanded/stego_core_combined/XL-Synthetic_8_P__docx_small__lsb1.png,XL-Synthetic_8_P.png,XL-Synthetic,8,P,png,P01.docx,docx,small,1,DOCX,/home/kali/stego_dataset_expanded/stego_core_combined/XL-Synthetic_8_P__docx_small__lsb1.png,ZIP,signature_pk_zip,0,DOCX,validated_ooxml_docx,1,3,13432,little,50 4b 03 04 14 00 06 00,0.507030,
extended_xl,XL-Synthetic_8_P__docx_small__lsb2.png,/home/kali/Desktop/stego_dataset_expanded/stego_core_combined/XL-Synthetic_8_P__docx_small__lsb2.png,XL-Synthetic_8_P.png,XL-Synthetic,8,P,png,P01.docx,docx,small,2,DOCX,/home/kali/stego_dataset_expanded/stego_core_combined/XL-Synthetic_8_P__docx_small__lsb2.png,ZIP,signature_pk_zip,0,DOCX,validated_ooxml_docx,1,3,13432,little,50 4b 03 04 14 00 06 00,0.511369,
extended_xl,XL-Synthetic_8_P__docx_small__lsb3.png,/home/kali/Desktop/stego_dataset_expanded/stego_core_combined/XL-Synthetic_8_P__docx_small__lsb3.png,XL-Synthetic_8_P.png,XL-Synthetic,8,P,png,P01.docx,docx,small,3,DOCX,/home/kali/stego_dataset_expanded/stego_core_combined/XL-Synthetic_8_P__docx_small__lsb3.png,ZIP,signature_pk_zip,0,DOCX,validated_ooxml_docx,1,3,13432,little,50 4b 03 04 14 00 06 00,0.506288,
extended_xl,XL-Synthetic_8_P__exe_large__lsb3.png,/home/kali/Desktop/stego_dataset_expanded/stego_core_combined/XL-Synthetic_8_P__exe_large__lsb3.png,XL-Synthetic_8_P.png,XL-Synthetic,8,P,png,P06.exe,exe,large,3,EXE,/home/kali/stego_dataset_expanded/stego_core_combined/XL-Synthetic_8_P__exe_large__lsb3.png,EXE,signature_mz,1,EXE,validated_mz_pe_header,1,3,1017856,little,4d 5a 90 00 03 00 00 00,0.683538,
extended_xl,XL-Synthetic_8_P__exe_medium__lsb2.png,/home/kali/Desktop/stego_dataset_expanded/stego_core_combined/XL-Synthetic_8_P__exe_medium__lsb2.png,XL-Synthetic_8_P.png,XL-Synthetic,8,P,png,P06.exe,exe,medium,2,EXE,/home/kali/stego_dataset_expanded/stego_core_combined/XL-Synthetic_8_P__exe_medium__lsb2.png,EXE,signature_mz,1,EXE,validated_mz_pe_header,1,3,505856,little,4d 5a 90 00 03 00 00 00,0.639163,
extended_xl,XL-Synthetic_8_P__exe_medium__lsb3.png,/home/kali/Desktop/stego_dataset_expanded/stego_core_combined/XL-Synthetic_8_P__exe_medium__lsb3.png,XL-Synthetic_8_P.png,XL-Synthetic,8,P,png,P06.exe,exe,medium,3,EXE,/home/kali/stego_dataset_expanded/stego_core_combined/XL-Synthetic_8_P__exe_medium__lsb3.png,EXE,signature_mz,1,EXE,validated_mz_pe_header,1,3,505856,little,4d 5a 90 00 03 00 00 00,0.617881,
extended_xl,XL-Synthetic_8_P__exe_small__lsb1.png,/home/kali/Desktop/stego_dataset_expanded/stego_core_combined/XL-Synthetic_8_P__exe_small__lsb1.png,XL-Synthetic_8_P.png,XL-Synthetic,8,P,png,P06.exe,exe,small,1,EXE,/home/kali/stego_dataset_expanded/stego_core_combined/XL-Synthetic_8_P__exe_small__lsb1.png,EXE,signature_mz,1,EXE,validated_mz_pe_header,1,3,40448,little,4d 5a 90 00 03 00 00 00,0.517275,
extended_xl,XL-Synthetic_8_P__exe_small__lsb2.png,/home/kali/Desktop/stego_dataset_expanded/stego_core_combined/XL-Synthetic_8_P__exe_small__lsb2.png,XL-Synthetic_8_P.png,XL-Synthetic,8,P,png,P06.exe,exe,small,2,EXE,/home/kali/stego_dataset_expanded/stego_core_combined/XL-Synthetic_8_P__exe_small__lsb2.png,EXE,signature_mz,1,EXE,validated_mz_pe_header,1,3,40448,little,4d 5a 90 00 03 00 00 00,0.508622,
extended_xl,XL-Synthetic_8_P__exe_small__lsb3.png,/home/kali/Desktop/stego_dataset_expanded/stego_core_combined/XL-Synthetic_8_P__exe_small__lsb3.png,XL-Synthetic_8_P.png,XL-Synthetic,8,P,png,P06.exe,exe,small,3,EXE,/home/kali/stego_dataset_expanded/stego_core_combined/XL-Synthetic_8_P__exe_small__lsb3.png,EXE,signature_mz,1,EXE,validated_mz_pe_header,1,3,40448,little,4d 5a 90 00 03 00 00 00,0.517465,
extended_xl,XL-Synthetic_8_P__pdf_large__lsb3.png,/home/kali/Desktop/stego_dataset_expanded/stego_core_combined/XL-Synthetic_8_P__pdf_large__lsb3.png,XL-Synthetic_8_P.png,XL-Synthetic,8,P,png,P02.pdf,pdf,large,3,PDF,/home/kali/stego_dataset_expanded/stego_core_combined/XL-Synthetic_8_P__pdf_large__lsb3.png,PDF,signature_pdf,1,PDF,validated_pdf_startxref_eof,1,3,1100144,little,25 50 44 46 2d 31 2e 33,0.678749,
extended_xl,XL-Synthetic_8_P__pdf_medium__lsb2.png,/home/kali/Desktop/stego_dataset_expanded/stego_core_combined/XL-Synthetic_8_P__pdf_medium__lsb2.png,XL-Synthetic_8_P.png,XL-Synthetic,8,P,png,P02.pdf,pdf,medium,2,PDF,/home/kali/stego_dataset_expanded/stego_core_combined/XL-Synthetic_8_P__pdf_medium__lsb2.png,PDF,signature_pdf,1,PDF,validated_pdf_startxref_eof,1,3,510410,little,25 50 44 46 2d 31 2e 37,0.606800,
extended_xl,XL-Synthetic_8_P__pdf_medium__lsb3.png,/home/kali/Desktop/stego_dataset_expanded/stego_core_combined/XL-Synthetic_8_P__pdf_medium__lsb3.png,XL-Synthetic_8_P.png,XL-Synthetic,8,P,png,P02.pdf,pdf,medium,3,PDF,/home/kali/stego_dataset_expanded/stego_core_combined/XL-Synthetic_8_P__pdf_medium__lsb3.png,PDF,signature_pdf,1,PDF,validated_pdf_startxref_eof,1,3,510410,little,25 50 44 46 2d 31 2e 37,0.568869,
extended_xl,XL-Synthetic_8_P__pdf_small__lsb1.png,/home/kali/Desktop/stego_dataset_expanded/stego_core_combined/XL-Synthetic_8_P__pdf_small__lsb1.png,XL-Synthetic_8_P.png,XL-Synthetic,8,P,png,P02.pdf,pdf,small,1,PDF,/home/kali/stego_dataset_expanded/stego_core_combined/XL-Synthetic_8_P__pdf_small__lsb1.png,PDF,signature_pdf,1,PDF,validated_pdf_startxref_eof,1,3,16620,little,25 50 44 46 2d 31 2e 37,0.517180,
extended_xl,XL-Synthetic_8_P__pdf_small__lsb2.png,/home/kali/Desktop/stego_dataset_expanded/stego_core_combined/XL-Synthetic_8_P__pdf_small__lsb2.png,XL-Synthetic_8_P.png,XL-Synthetic,8,P,png,P02.pdf,pdf,small,2,PDF,/home/kali/stego_dataset_expanded/stego_core_combined/XL-Synthetic_8_P__pdf_small__lsb2.png,PDF,signature_pdf,1,PDF,validated_pdf_startxref_eof,1,3,16620,little,25 50 44 46 2d 31 2e 37,0.504283,
extended_xl,XL-Synthetic_8_P__pdf_small__lsb3.png,/home/kali/Desktop/stego_dataset_expanded/stego_core_combined/XL-Synthetic_8_P__pdf_small__lsb3.png,XL-Synthetic_8_P.png,XL-Synthetic,8,P,png,P02.pdf,pdf,small,3,PDF,/home/kali/stego_dataset_expanded/stego_core_combined/XL-Synthetic_8_P__pdf_small__lsb3.png,PDF,signature_pdf,1,PDF,validated_pdf_startxref_eof,1,3,16620,little,25 50 44 46 2d 31 2e 37,0.486974,
extended_xl,XL-Synthetic_8_P__pptx_large__lsb3.png,/home/kali/Desktop/stego_dataset_expanded/stego_core_combined/XL-Synthetic_8_P__pptx_large__lsb3.png,XL-Synthetic_8_P.png,XL-Synthetic,8,P,png,P04.pptx,pptx,large,3,PPTX,/home/kali/stego_dataset_expanded/stego_core_combined/XL-Synthetic_8_P__pptx_large__lsb3.png,ZIP,signature_pk_zip,0,PPTX,validated_ooxml_pptx,1,3,1082610,little,50 4b 03 04 14 00 06 00,0.652911,
extended_xl,XL-Synthetic_8_P__pptx_medium__lsb2.png,/home/kali/Desktop/stego_dataset_expanded/stego_core_combined/XL-Synthetic_8_P__pptx_medium__lsb2.png,XL-Synthetic_8_P.png,XL-Synthetic,8,P,png,P04.pptx,pptx,medium,2,PPTX,/home/kali/stego_dataset_expanded/stego_core_combined/XL-Synthetic_8_P__pptx_medium__lsb2.png,ZIP,signature_pk_zip,0,PPTX,validated_ooxml_pptx,1,3,512113,little,50 4b 03 04 14 00 06 00,0.616541,
extended_xl,XL-Synthetic_8_P__pptx_medium__lsb3.png,/home/kali/Desktop/stego_dataset_expanded/stego_core_combined/XL-Synthetic_8_P__pptx_medium__lsb3.png,XL-Synthetic_8_P.png,XL-Synthetic,8,P,png,P04.pptx,pptx,medium,3,PPTX,/home/kali/stego_dataset_expanded/stego_core_combined/XL-Synthetic_8_P__pptx_medium__lsb3.png,ZIP,signature_pk_zip,0,PPTX,validated_ooxml_pptx,1,3,512113,little,50 4b 03 04 14 00 06 00,0.603212,
extended_xl,XL-Synthetic_8_P__pptx_small__lsb1.png,/home/kali/Desktop/stego_dataset_expanded/stego_core_combined/XL-Synthetic_8_P__pptx_small__lsb1.png,XL-Synthetic_8_P.png,XL-Synthetic,8,P,png,P04.pptx,pptx,small,1,PPTX,/home/kali/stego_dataset_expanded/stego_core_combined/XL-Synthetic_8_P__pptx_small__lsb1.png,ZIP,signature_pk_zip,0,PPTX,validated_ooxml_pptx,1,3,32020,little,50 4b 03 04 14 00 06 00,0.533799,
extended_xl,XL-Synthetic_8_P__pptx_small__lsb2.png,/home/kali/Desktop/stego_dataset_expanded/stego_core_combined/XL-Synthetic_8_P__pptx_small__lsb2.png,XL-Synthetic_8_P.png,XL-Synthetic,8,P,png,P04.pptx,pptx,small,2,PPTX,/home/kali/stego_dataset_expanded/stego_core_combined/XL-Synthetic_8_P__pptx_small__lsb2.png,ZIP,signature_pk_zip,0,PPTX,validated_ooxml_pptx,1,3,32020,little,50 4b 03 04 14 00 06 00,0.505882,
extended_xl,XL-Synthetic_8_P__pptx_small__lsb3.png,/home/kali/Desktop/stego_dataset_expanded/stego_core_combined/XL-Synthetic_8_P__pptx_small__lsb3.png,XL-Synthetic_8_P.png,XL-Synthetic,8,P,png,P04.pptx,pptx,small,3,PPTX,/home/kali/stego_dataset_expanded/stego_core_combined/XL-Synthetic_8_P__pptx_small__lsb3.png,ZIP,signature_pk_zip,0,PPTX,validated_ooxml_pptx,1,3,32020,little,50 4b 03 04 14 00 06 00,0.514070,
extended_xl,XL-Synthetic_8_P__rtf_large__lsb3.png,/home/kali/Desktop/stego_dataset_expanded/stego_core_combined/XL-Synthetic_8_P__rtf_large__lsb3.png,XL-Synthetic_8_P.png,XL-Synthetic,8,P,png,P05.rtf,rtf,large,3,RTF,/home/kali/stego_dataset_expanded/stego_core_combined/XL-Synthetic_8_P__rtf_large__lsb3.png,RTF,signature_rtf,1,RTF,validated_rtf_structure,1,3,1085026,little,7b 5c 72 74 66 31 5c 61,0.688173,
extended_xl,XL-Synthetic_8_P__rtf_medium__lsb2.png,/home/kali/Desktop/stego_dataset_expanded/stego_core_combined/XL-Synthetic_8_P__rtf_medium__lsb2.png,XL-Synthetic_8_P.png,XL-Synthetic,8,P,png,P05.rtf,rtf,medium,2,RTF,/home/kali/stego_dataset_expanded/stego_core_combined/XL-Synthetic_8_P__rtf_medium__lsb2.png,RTF,signature_rtf,1,RTF,validated_rtf_structure,1,3,511504,little,7b 5c 72 74 66 31 5c 61,0.615337,
extended_xl,XL-Synthetic_8_P__rtf_medium__lsb3.png,/home/kali/Desktop/stego_dataset_expanded/stego_core_combined/XL-Synthetic_8_P__rtf_medium__lsb3.png,XL-Synthetic_8_P.png,XL-Synthetic,8,P,png,P05.rtf,rtf,medium,3,RTF,/home/kali/stego_dataset_expanded/stego_core_combined/XL-Synthetic_8_P__rtf_medium__lsb3.png,RTF,signature_rtf,1,RTF,validated_rtf_structure,1,3,511504,little,7b 5c 72 74 66 31 5c 61,0.542747,
extended_xl,XL-Synthetic_8_P__rtf_small__lsb1.png,/home/kali/Desktop/stego_dataset_expanded/stego_core_combined/XL-Synthetic_8_P__rtf_small__lsb1.png,XL-Synthetic_8_P.png,XL-Synthetic,8,P,png,P05.rtf,rtf,small,1,RTF,/home/kali/stego_dataset_expanded/stego_core_combined/XL-Synthetic_8_P__rtf_small__lsb1.png,RTF,signature_rtf,1,RTF,validated_rtf_structure,1,3,50275,little,7b 5c 72 74 66 31 5c 61,0.491856,
extended_xl,XL-Synthetic_8_P__rtf_small__lsb2.png,/home/kali/Desktop/stego_dataset_expanded/stego_core_combined/XL-Synthetic_8_P__rtf_small__lsb2.png,XL-Synthetic_8_P.png,XL-Synthetic,8,P,png,P05.rtf,rtf,small,2,RTF,/home/kali/stego_dataset_expanded/stego_core_combined/XL-Synthetic_8_P__rtf_small__lsb2.png,RTF,signature_rtf,1,RTF,validated_rtf_structure,1,3,50275,little,7b 5c 72 74 66 31 5c 61,0.517926,
extended_xl,XL-Synthetic_8_P__rtf_small__lsb3.png,/home/kali/Desktop/stego_dataset_expanded/stego_core_combined/XL-Synthetic_8_P__rtf_small__lsb3.png,XL-Synthetic_8_P.png,XL-Synthetic,8,P,png,P05.rtf,rtf,small,3,RTF,/home/kali/stego_dataset_expanded/stego_core_combined/XL-Synthetic_8_P__rtf_small__lsb3.png,RTF,signature_rtf,1,RTF,validated_rtf_structure,1,3,50275,little,7b 5c 72 74 66 31 5c 61,0.516139,
extended_xl,XL-Synthetic_8_P__xlsx_large__lsb3.png,/home/kali/Desktop/stego_dataset_expanded/stego_core_combined/XL-Synthetic_8_P__xlsx_large__lsb3.png,XL-Synthetic_8_P.png,XL-Synthetic,8,P,png,P03.xlsx,xlsx,large,3,XLSX,/home/kali/stego_dataset_expanded/stego_core_combined/XL-Synthetic_8_P__xlsx_large__lsb3.png,ZIP,signature_pk_zip,0,XLSX,validated_ooxml_xlsx,1,3,1090468,little,50 4b 03 04 14 00 06 00,0.705045,
extended_xl,XL-Synthetic_8_P__xlsx_medium__lsb2.png,/home/kali/Desktop/stego_dataset_expanded/stego_core_combined/XL-Synthetic_8_P__xlsx_medium__lsb2.png,XL-Synthetic_8_P.png,XL-Synthetic,8,P,png,P03.xlsx,xlsx,medium,2,XLSX,/home/kali/stego_dataset_expanded/stego_core_combined/XL-Synthetic_8_P__xlsx_medium__lsb2.png,ZIP,signature_pk_zip,0,XLSX,validated_ooxml_xlsx,1,3,511280,little,50 4b 03 04 14 00 06 00,0.616418,
extended_xl,XL-Synthetic_8_P__xlsx_medium__lsb3.png,/home/kali/Desktop/stego_dataset_expanded/stego_core_combined/XL-Synthetic_8_P__xlsx_medium__lsb3.png,XL-Synthetic_8_P.png,XL-Synthetic,8,P,png,P03.xlsx,xlsx,medium,3,XLSX,/home/kali/stego_dataset_expanded/stego_core_combined/XL-Synthetic_8_P__xlsx_medium__lsb3.png,ZIP,signature_pk_zip,0,XLSX,validated_ooxml_xlsx,1,3,511280,little,50 4b 03 04 14 00 06 00,0.585152,
extended_xl,XL-Synthetic_8_P__xlsx_small__lsb1.png,/home/kali/Desktop/stego_dataset_expanded/stego_core_combined/XL-Synthetic_8_P__xlsx_small__lsb1.png,XL-Synthetic_8_P.png,XL-Synthetic,8,P,png,P03.xlsx,xlsx,small,1,XLSX,/home/kali/stego_dataset_expanded/stego_core_combined/XL-Synthetic_8_P__xlsx_small__lsb1.png,ZIP,signature_pk_zip,0,XLSX,validated_ooxml_xlsx,1,3,8899,little,50 4b 03 04 14 00 06 00,0.502526,
extended_xl,XL-Synthetic_8_P__xlsx_small__lsb2.png,/home/kali/Desktop/stego_dataset_expanded/stego_core_combined/XL-Synthetic_8_P__xlsx_small__lsb2.png,XL-Synthetic_8_P.png,XL-Synthetic,8,P,png,P03.xlsx,xlsx,small,2,XLSX,/home/kali/stego_dataset_expanded/stego_core_combined/XL-Synthetic_8_P__xlsx_small__lsb2.png,ZIP,signature_pk_zip,0,XLSX,validated_ooxml_xlsx,1,3,8899,little,50 4b 03 04 14 00 06 00,0.492151,
extended_xl,XL-Synthetic_8_P__xlsx_small__lsb3.png,/home/kali/Desktop/stego_dataset_expanded/stego_core_combined/XL-Synthetic_8_P__xlsx_small__lsb3.png,XL-Synthetic_8_P.png,XL-Synthetic,8,P,png,P03.xlsx,xlsx,small,3,XLSX,/home/kali/stego_dataset_expanded/stego_core_combined/XL-Synthetic_8_P__xlsx_small__lsb3.png,ZIP,signature_pk_zip,0,XLSX,validated_ooxml_xlsx,1,3,8899,little,50 4b 03 04 14 00 06 00,0.509630,
extended_xl,XL-Synthetic_9_B__docx_large__lsb1.bmp,/home/kali/Desktop/stego_dataset_expanded/stego_core_combined/XL-Synthetic_9_B__docx_large__lsb1.bmp,XL-Synthetic_9_B.bmp,XL-Synthetic,9,B,bmp,P01.docx,docx,large,1,DOCX,/home/kali/stego_dataset_expanded/stego_core_combined/XL-Synthetic_9_B__docx_large__lsb1.bmp,ZIP,signature_pk_zip,0,DOCX,validated_ooxml_docx,1,4,1121154,little,50 4b 03 04 14 00 06 00,8.095272,
extended_xl,XL-Synthetic_9_B__docx_large__lsb2.bmp,/home/kali/Desktop/stego_dataset_expanded/stego_core_combined/XL-Synthetic_9_B__docx_large__lsb2.bmp,XL-Synthetic_9_B.bmp,XL-Synthetic,9,B,bmp,P01.docx,docx,large,2,DOCX,/home/kali/stego_dataset_expanded/stego_core_combined/XL-Synthetic_9_B__docx_large__lsb2.bmp,ZIP,signature_pk_zip,0,DOCX,validated_ooxml_docx,1,4,1121154,little,50 4b 03 04 14 00 06 00,8.228561,
extended_xl,XL-Synthetic_9_B__docx_large__lsb3.bmp,/home/kali/Desktop/stego_dataset_expanded/stego_core_combined/XL-Synthetic_9_B__docx_large__lsb3.bmp,XL-Synthetic_9_B.bmp,XL-Synthetic,9,B,bmp,P01.docx,docx,large,3,DOCX,/home/kali/stego_dataset_expanded/stego_core_combined/XL-Synthetic_9_B__docx_large__lsb3.bmp,ZIP,signature_pk_zip,0,DOCX,validated_ooxml_docx,1,4,1121154,little,50 4b 03 04 14 00 06 00,7.934351,
extended_xl,XL-Synthetic_9_B__docx_medium__lsb1.bmp,/home/kali/Desktop/stego_dataset_expanded/stego_core_combined/XL-Synthetic_9_B__docx_medium__lsb1.bmp,XL-Synthetic_9_B.bmp,XL-Synthetic,9,B,bmp,P01.docx,docx,medium,1,DOCX,/home/kali/stego_dataset_expanded/stego_core_combined/XL-Synthetic_9_B__docx_medium__lsb1.bmp,ZIP,signature_pk_zip,0,DOCX,validated_ooxml_docx,1,4,511127,little,50 4b 03 04 14 00 06 00,8.095409,
extended_xl,XL-Synthetic_9_B__docx_medium__lsb2.bmp,/home/kali/Desktop/stego_dataset_expanded/stego_core_combined/XL-Synthetic_9_B__docx_medium__lsb2.bmp,XL-Synthetic_9_B.bmp,XL-Synthetic,9,B,bmp,P01.docx,docx,medium,2,DOCX,/home/kali/stego_dataset_expanded/stego_core_combined/XL-Synthetic_9_B__docx_medium__lsb2.bmp,ZIP,signature_pk_zip,0,DOCX,validated_ooxml_docx,1,4,511127,little,50 4b 03 04 14 00 06 00,8.762220,
extended_xl,XL-Synthetic_9_B__docx_medium__lsb3.bmp,/home/kali/Desktop/stego_dataset_expanded/stego_core_combined/XL-Synthetic_9_B__docx_medium__lsb3.bmp,XL-Synthetic_9_B.bmp,XL-Synthetic,9,B,bmp,P01.docx,docx,medium,3,DOCX,/home/kali/stego_dataset_expanded/stego_core_combined/XL-Synthetic_9_B__docx_medium__lsb3.bmp,ZIP,signature_pk_zip,0,DOCX,validated_ooxml_docx,1,4,511127,little,50 4b 03 04 14 00 06 00,7.797461,
extended_xl,XL-Synthetic_9_B__docx_small__lsb1.bmp,/home/kali/Desktop/stego_dataset_expanded/stego_core_combined/XL-Synthetic_9_B__docx_small__lsb1.bmp,XL-Synthetic_9_B.bmp,XL-Synthetic,9,B,bmp,P01.docx,docx,small,1,DOCX,/home/kali/stego_dataset_expanded/stego_core_combined/XL-Synthetic_9_B__docx_small__lsb1.bmp,ZIP,signature_pk_zip,0,DOCX,validated_ooxml_docx,1,4,13432,little,50 4b 03 04 14 00 06 00,8.009046,
extended_xl,XL-Synthetic_9_B__docx_small__lsb2.bmp,/home/kali/Desktop/stego_dataset_expanded/stego_core_combined/XL-Synthetic_9_B__docx_small__lsb2.bmp,XL-Synthetic_9_B.bmp,XL-Synthetic,9,B,bmp,P01.docx,docx,small,2,DOCX,/home/kali/stego_dataset_expanded/stego_core_combined/XL-Synthetic_9_B__docx_small__lsb2.bmp,ZIP,signature_pk_zip,0,DOCX,validated_ooxml_docx,1,4,13432,little,50 4b 03 04 14 00 06 00,7.862597,
extended_xl,XL-Synthetic_9_B__docx_small__lsb3.bmp,/home/kali/Desktop/stego_dataset_expanded/stego_core_combined/XL-Synthetic_9_B__docx_small__lsb3.bmp,XL-Synthetic_9_B.bmp,XL-Synthetic,9,B,bmp,P01.docx,docx,small,3,DOCX,/home/kali/stego_dataset_expanded/stego_core_combined/XL-Synthetic_9_B__docx_small__lsb3.bmp,ZIP,signature_pk_zip,0,DOCX,validated_ooxml_docx,1,4,13432,little,50 4b 03 04 14 00 06 00,7.959799,
extended_xl,XL-Synthetic_9_B__exe_large__lsb1.bmp,/home/kali/Desktop/stego_dataset_expanded/stego_core_combined/XL-Synthetic_9_B__exe_large__lsb1.bmp,XL-Synthetic_9_B.bmp,XL-Synthetic,9,B,bmp,P06.exe,exe,large,1,EXE,/home/kali/stego_dataset_expanded/stego_core_combined/XL-Synthetic_9_B__exe_large__lsb1.bmp,EXE,signature_mz,1,EXE,validated_mz_pe_header,1,4,1017856,little,4d 5a 90 00 03 00 00 00,8.254166,
extended_xl,XL-Synthetic_9_B__exe_large__lsb2.bmp,/home/kali/Desktop/stego_dataset_expanded/stego_core_combined/XL-Synthetic_9_B__exe_large__lsb2.bmp,XL-Synthetic_9_B.bmp,XL-Synthetic,9,B,bmp,P06.exe,exe,large,2,EXE,/home/kali/stego_dataset_expanded/stego_core_combined/XL-Synthetic_9_B__exe_large__lsb2.bmp,EXE,signature_mz,1,EXE,validated_mz_pe_header,1,4,1017856,little,4d 5a 90 00 03 00 00 00,8.377742,
extended_xl,XL-Synthetic_9_B__exe_large__lsb3.bmp,/home/kali/Desktop/stego_dataset_expanded/stego_core_combined/XL-Synthetic_9_B__exe_large__lsb3.bmp,XL-Synthetic_9_B.bmp,XL-Synthetic,9,B,bmp,P06.exe,exe,large,3,EXE,/home/kali/stego_dataset_expanded/stego_core_combined/XL-Synthetic_9_B__exe_large__lsb3.bmp,EXE,signature_mz,1,EXE,validated_mz_pe_header,1,4,1017856,little,4d 5a 90 00 03 00 00 00,7.528769,
extended_xl,XL-Synthetic_9_B__exe_medium__lsb1.bmp,/home/kali/Desktop/stego_dataset_expanded/stego_core_combined/XL-Synthetic_9_B__exe_medium__lsb1.bmp,XL-Synthetic_9_B.bmp,XL-Synthetic,9,B,bmp,P06.exe,exe,medium,1,EXE,/home/kali/stego_dataset_expanded/stego_core_combined/XL-Synthetic_9_B__exe_medium__lsb1.bmp,EXE,signature_mz,1,EXE,validated_mz_pe_header,1,4,505856,little,4d 5a 90 00 03 00 00 00,7.615730,
extended_xl,XL-Synthetic_9_B__exe_medium__lsb2.bmp,/home/kali/Desktop/stego_dataset_expanded/stego_core_combined/XL-Synthetic_9_B__exe_medium__lsb2.bmp,XL-Synthetic_9_B.bmp,XL-Synthetic,9,B,bmp,P06.exe,exe,medium,2,EXE,/home/kali/stego_dataset_expanded/stego_core_combined/XL-Synthetic_9_B__exe_medium__lsb2.bmp,EXE,signature_mz,1,EXE,validated_mz_pe_header,1,4,505856,little,4d 5a 90 00 03 00 00 00,7.193007,
extended_xl,XL-Synthetic_9_B__exe_medium__lsb3.bmp,/home/kali/Desktop/stego_dataset_expanded/stego_core_combined/XL-Synthetic_9_B__exe_medium__lsb3.bmp,XL-Synthetic_9_B.bmp,XL-Synthetic,9,B,bmp,P06.exe,exe,medium,3,EXE,/home/kali/stego_dataset_expanded/stego_core_combined/XL-Synthetic_9_B__exe_medium__lsb3.bmp,EXE,signature_mz,1,EXE,validated_mz_pe_header,1,4,505856,little,4d 5a 90 00 03 00 00 00,7.131170,
extended_xl,XL-Synthetic_9_B__exe_small__lsb1.bmp,/home/kali/Desktop/stego_dataset_expanded/stego_core_combined/XL-Synthetic_9_B__exe_small__lsb1.bmp,XL-Synthetic_9_B.bmp,XL-Synthetic,9,B,bmp,P06.exe,exe,small,1,EXE,/home/kali/stego_dataset_expanded/stego_core_combined/XL-Synthetic_9_B__exe_small__lsb1.bmp,EXE,signature_mz,1,EXE,validated_mz_pe_header,1,4,40448,little,4d 5a 90 00 03 00 00 00,7.915276,
extended_xl,XL-Synthetic_9_B__exe_small__lsb2.bmp,/home/kali/Desktop/stego_dataset_expanded/stego_core_combined/XL-Synthetic_9_B__exe_small__lsb2.bmp,XL-Synthetic_9_B.bmp,XL-Synthetic,9,B,bmp,P06.exe,exe,small,2,EXE,/home/kali/stego_dataset_expanded/stego_core_combined/XL-Synthetic_9_B__exe_small__lsb2.bmp,EXE,signature_mz,1,EXE,validated_mz_pe_header,1,4,40448,little,4d 5a 90 00 03 00 00 00,7.674905,
extended_xl,XL-Synthetic_9_B__exe_small__lsb3.bmp,/home/kali/Desktop/stego_dataset_expanded/stego_core_combined/XL-Synthetic_9_B__exe_small__lsb3.bmp,XL-Synthetic_9_B.bmp,XL-Synthetic,9,B,bmp,P06.exe,exe,small,3,EXE,/home/kali/stego_dataset_expanded/stego_core_combined/XL-Synthetic_9_B__exe_small__lsb3.bmp,EXE,signature_mz,1,EXE,validated_mz_pe_header,1,4,40448,little,4d 5a 90 00 03 00 00 00,7.081692,
extended_xl,XL-Synthetic_9_B__pdf_large__lsb1.bmp,/home/kali/Desktop/stego_dataset_expanded/stego_core_combined/XL-Synthetic_9_B__pdf_large__lsb1.bmp,XL-Synthetic_9_B.bmp,XL-Synthetic,9,B,bmp,P02.pdf,pdf,large,1,PDF,/home/kali/stego_dataset_expanded/stego_core_combined/XL-Synthetic_9_B__pdf_large__lsb1.bmp,PDF,signature_pdf,1,PDF,validated_pdf_startxref_eof,1,4,1100144,little,25 50 44 46 2d 31 2e 33,7.571601,
extended_xl,XL-Synthetic_9_B__pdf_large__lsb2.bmp,/home/kali/Desktop/stego_dataset_expanded/stego_core_combined/XL-Synthetic_9_B__pdf_large__lsb2.bmp,XL-Synthetic_9_B.bmp,XL-Synthetic,9,B,bmp,P02.pdf,pdf,large,2,PDF,/home/kali/stego_dataset_expanded/stego_core_combined/XL-Synthetic_9_B__pdf_large__lsb2.bmp,PDF,signature_pdf,1,PDF,validated_pdf_startxref_eof,1,4,1100144,little,25 50 44 46 2d 31 2e 33,7.445890,
extended_xl,XL-Synthetic_9_B__pdf_large__lsb3.bmp,/home/kali/Desktop/stego_dataset_expanded/stego_core_combined/XL-Synthetic_9_B__pdf_large__lsb3.bmp,XL-Synthetic_9_B.bmp,XL-Synthetic,9,B,bmp,P02.pdf,pdf,large,3,PDF,/home/kali/stego_dataset_expanded/stego_core_combined/XL-Synthetic_9_B__pdf_large__lsb3.bmp,PDF,signature_pdf,1,PDF,validated_pdf_startxref_eof,1,4,1100144,little,25 50 44 46 2d 31 2e 33,7.582602,
extended_xl,XL-Synthetic_9_B__pdf_medium__lsb1.bmp,/home/kali/Desktop/stego_dataset_expanded/stego_core_combined/XL-Synthetic_9_B__pdf_medium__lsb1.bmp,XL-Synthetic_9_B.bmp,XL-Synthetic,9,B,bmp,P02.pdf,pdf,medium,1,PDF,/home/kali/stego_dataset_expanded/stego_core_combined/XL-Synthetic_9_B__pdf_medium__lsb1.bmp,PDF,signature_pdf,1,PDF,validated_pdf_startxref_eof,1,4,510410,little,25 50 44 46 2d 31 2e 37,7.274735,
extended_xl,XL-Synthetic_9_B__pdf_medium__lsb2.bmp,/home/kali/Desktop/stego_dataset_expanded/stego_core_combined/XL-Synthetic_9_B__pdf_medium__lsb2.bmp,XL-Synthetic_9_B.bmp,XL-Synthetic,9,B,bmp,P02.pdf,pdf,medium,2,PDF,/home/kali/stego_dataset_expanded/stego_core_combined/XL-Synthetic_9_B__pdf_medium__lsb2.bmp,PDF,signature_pdf,1,PDF,validated_pdf_startxref_eof,1,4,510410,little,25 50 44 46 2d 31 2e 37,7.192334,
extended_xl,XL-Synthetic_9_B__pdf_medium__lsb3.bmp,/home/kali/Desktop/stego_dataset_expanded/stego_core_combined/XL-Synthetic_9_B__pdf_medium__lsb3.bmp,XL-Synthetic_9_B.bmp,XL-Synthetic,9,B,bmp,P02.pdf,pdf,medium,3,PDF,/home/kali/stego_dataset_expanded/stego_core_combined/XL-Synthetic_9_B__pdf_medium__lsb3.bmp,PDF,signature_pdf,1,PDF,validated_pdf_startxref_eof,1,4,510410,little,25 50 44 46 2d 31 2e 37,7.130129,
extended_xl,XL-Synthetic_9_B__pdf_small__lsb1.bmp,/home/kali/Desktop/stego_dataset_expanded/stego_core_combined/XL-Synthetic_9_B__pdf_small__lsb1.bmp,XL-Synthetic_9_B.bmp,XL-Synthetic,9,B,bmp,P02.pdf,pdf,small,1,PDF,/home/kali/stego_dataset_expanded/stego_core_combined/XL-Synthetic_9_B__pdf_small__lsb1.bmp,PDF,signature_pdf,1,PDF,validated_pdf_startxref_eof,1,4,16620,little,25 50 44 46 2d 31 2e 37,7.069158,
extended_xl,XL-Synthetic_9_B__pdf_small__lsb2.bmp,/home/kali/Desktop/stego_dataset_expanded/stego_core_combined/XL-Synthetic_9_B__pdf_small__lsb2.bmp,XL-Synthetic_9_B.bmp,XL-Synthetic,9,B,bmp,P02.pdf,pdf,small,2,PDF,/home/kali/stego_dataset_expanded/stego_core_combined/XL-Synthetic_9_B__pdf_small__lsb2.bmp,PDF,signature_pdf,1,PDF,validated_pdf_startxref_eof,1,4,16620,little,25 50 44 46 2d 31 2e 37,7.120738,
extended_xl,XL-Synthetic_9_B__pdf_small__lsb3.bmp,/home/kali/Desktop/stego_dataset_expanded/stego_core_combined/XL-Synthetic_9_B__pdf_small__lsb3.bmp,XL-Synthetic_9_B.bmp,XL-Synthetic,9,B,bmp,P02.pdf,pdf,small,3,PDF,/home/kali/stego_dataset_expanded/stego_core_combined/XL-Synthetic_9_B__pdf_small__lsb3.bmp,PDF,signature_pdf,1,PDF,validated_pdf_startxref_eof,1,4,16620,little,25 50 44 46 2d 31 2e 37,7.023998,
extended_xl,XL-Synthetic_9_B__pptx_large__lsb1.bmp,/home/kali/Desktop/stego_dataset_expanded/stego_core_combined/XL-Synthetic_9_B__pptx_large__lsb1.bmp,XL-Synthetic_9_B.bmp,XL-Synthetic,9,B,bmp,P04.pptx,pptx,large,1,PPTX,/home/kali/stego_dataset_expanded/stego_core_combined/XL-Synthetic_9_B__pptx_large__lsb1.bmp,ZIP,signature_pk_zip,0,PPTX,validated_ooxml_pptx,1,4,1082610,little,50 4b 03 04 14 00 06 00,7.477613,
extended_xl,XL-Synthetic_9_B__pptx_large__lsb2.bmp,/home/kali/Desktop/stego_dataset_expanded/stego_core_combined/XL-Synthetic_9_B__pptx_large__lsb2.bmp,XL-Synthetic_9_B.bmp,XL-Synthetic,9,B,bmp,P04.pptx,pptx,large,2,PPTX,/home/kali/stego_dataset_expanded/stego_core_combined/XL-Synthetic_9_B__pptx_large__lsb2.bmp,ZIP,signature_pk_zip,0,PPTX,validated_ooxml_pptx,1,4,1082610,little,50 4b 03 04 14 00 06 00,7.692629,
extended_xl,XL-Synthetic_9_B__pptx_large__lsb3.bmp,/home/kali/Desktop/stego_dataset_expanded/stego_core_combined/XL-Synthetic_9_B__pptx_large__lsb3.bmp,XL-Synthetic_9_B.bmp,XL-Synthetic,9,B,bmp,P04.pptx,pptx,large,3,PPTX,/home/kali/stego_dataset_expanded/stego_core_combined/XL-Synthetic_9_B__pptx_large__lsb3.bmp,ZIP,signature_pk_zip,0,PPTX,validated_ooxml_pptx,1,4,1082610,little,50 4b 03 04 14 00 06 00,7.320658,
extended_xl,XL-Synthetic_9_B__pptx_medium__lsb1.bmp,/home/kali/Desktop/stego_dataset_expanded/stego_core_combined/XL-Synthetic_9_B__pptx_medium__lsb1.bmp,XL-Synthetic_9_B.bmp,XL-Synthetic,9,B,bmp,P04.pptx,pptx,medium,1,PPTX,/home/kali/stego_dataset_expanded/stego_core_combined/XL-Synthetic_9_B__pptx_medium__lsb1.bmp,ZIP,signature_pk_zip,0,PPTX,validated_ooxml_pptx,1,4,512113,little,50 4b 03 04 14 00 06 00,7.300729,
extended_xl,XL-Synthetic_9_B__pptx_medium__lsb2.bmp,/home/kali/Desktop/stego_dataset_expanded/stego_core_combined/XL-Synthetic_9_B__pptx_medium__lsb2.bmp,XL-Synthetic_9_B.bmp,XL-Synthetic,9,B,bmp,P04.pptx,pptx,medium,2,PPTX,/home/kali/stego_dataset_expanded/stego_core_combined/XL-Synthetic_9_B__pptx_medium__lsb2.bmp,ZIP,signature_pk_zip,0,PPTX,validated_ooxml_pptx,1,4,512113,little,50 4b 03 04 14 00 06 00,7.354250,
extended_xl,XL-Synthetic_9_B__pptx_medium__lsb3.bmp,/home/kali/Desktop/stego_dataset_expanded/stego_core_combined/XL-Synthetic_9_B__pptx_medium__lsb3.bmp,XL-Synthetic_9_B.bmp,XL-Synthetic,9,B,bmp,P04.pptx,pptx,medium,3,PPTX,/home/kali/stego_dataset_expanded/stego_core_combined/XL-Synthetic_9_B__pptx_medium__lsb3.bmp,ZIP,signature_pk_zip,0,PPTX,validated_ooxml_pptx,1,4,512113,little,50 4b 03 04 14 00 06 00,7.122912,
extended_xl,XL-Synthetic_9_B__pptx_small__lsb1.bmp,/home/kali/Desktop/stego_dataset_expanded/stego_core_combined/XL-Synthetic_9_B__pptx_small__lsb1.bmp,XL-Synthetic_9_B.bmp,XL-Synthetic,9,B,bmp,P04.pptx,pptx,small,1,PPTX,/home/kali/stego_dataset_expanded/stego_core_combined/XL-Synthetic_9_B__pptx_small__lsb1.bmp,ZIP,signature_pk_zip,0,PPTX,validated_ooxml_pptx,1,4,32020,little,50 4b 03 04 14 00 06 00,7.186793,
extended_xl,XL-Synthetic_9_B__pptx_small__lsb2.bmp,/home/kali/Desktop/stego_dataset_expanded/stego_core_combined/XL-Synthetic_9_B__pptx_small__lsb2.bmp,XL-Synthetic_9_B.bmp,XL-Synthetic,9,B,bmp,P04.pptx,pptx,small,2,PPTX,/home/kali/stego_dataset_expanded/stego_core_combined/XL-Synthetic_9_B__pptx_small__lsb2.bmp,ZIP,signature_pk_zip,0,PPTX,validated_ooxml_pptx,1,4,32020,little,50 4b 03 04 14 00 06 00,7.027123,
extended_xl,XL-Synthetic_9_B__pptx_small__lsb3.bmp,/home/kali/Desktop/stego_dataset_expanded/stego_core_combined/XL-Synthetic_9_B__pptx_small__lsb3.bmp,XL-Synthetic_9_B.bmp,XL-Synthetic,9,B,bmp,P04.pptx,pptx,small,3,PPTX,/home/kali/stego_dataset_expanded/stego_core_combined/XL-Synthetic_9_B__pptx_small__lsb3.bmp,ZIP,signature_pk_zip,0,PPTX,validated_ooxml_pptx,1,4,32020,little,50 4b 03 04 14 00 06 00,7.160737,
extended_xl,XL-Synthetic_9_B__rtf_large__lsb1.bmp,/home/kali/Desktop/stego_dataset_expanded/stego_core_combined/XL-Synthetic_9_B__rtf_large__lsb1.bmp,XL-Synthetic_9_B.bmp,XL-Synthetic,9,B,bmp,P05.rtf,rtf,large,1,RTF,/home/kali/stego_dataset_expanded/stego_core_combined/XL-Synthetic_9_B__rtf_large__lsb1.bmp,RTF,signature_rtf,1,RTF,validated_rtf_structure,1,4,1085026,little,7b 5c 72 74 66 31 5c 61,7.695508,
extended_xl,XL-Synthetic_9_B__rtf_large__lsb2.bmp,/home/kali/Desktop/stego_dataset_expanded/stego_core_combined/XL-Synthetic_9_B__rtf_large__lsb2.bmp,XL-Synthetic_9_B.bmp,XL-Synthetic,9,B,bmp,P05.rtf,rtf,large,2,RTF,/home/kali/stego_dataset_expanded/stego_core_combined/XL-Synthetic_9_B__rtf_large__lsb2.bmp,RTF,signature_rtf,1,RTF,validated_rtf_structure,1,4,1085026,little,7b 5c 72 74 66 31 5c 61,8.788484,
extended_xl,XL-Synthetic_9_B__rtf_large__lsb3.bmp,/home/kali/Desktop/stego_dataset_expanded/stego_core_combined/XL-Synthetic_9_B__rtf_large__lsb3.bmp,XL-Synthetic_9_B.bmp,XL-Synthetic,9,B,bmp,P05.rtf,rtf,large,3,RTF,/home/kali/stego_dataset_expanded/stego_core_combined/XL-Synthetic_9_B__rtf_large__lsb3.bmp,RTF,signature_rtf,1,RTF,validated_rtf_structure,1,4,1085026,little,7b 5c 72 74 66 31 5c 61,7.402011,
extended_xl,XL-Synthetic_9_B__rtf_medium__lsb1.bmp,/home/kali/Desktop/stego_dataset_expanded/stego_core_combined/XL-Synthetic_9_B__rtf_medium__lsb1.bmp,XL-Synthetic_9_B.bmp,XL-Synthetic,9,B,bmp,P05.rtf,rtf,medium,1,RTF,/home/kali/stego_dataset_expanded/stego_core_combined/XL-Synthetic_9_B__rtf_medium__lsb1.bmp,RTF,signature_rtf,1,RTF,validated_rtf_structure,1,4,511504,little,7b 5c 72 74 66 31 5c 61,7.251935,
extended_xl,XL-Synthetic_9_B__rtf_medium__lsb2.bmp,/home/kali/Desktop/stego_dataset_expanded/stego_core_combined/XL-Synthetic_9_B__rtf_medium__lsb2.bmp,XL-Synthetic_9_B.bmp,XL-Synthetic,9,B,bmp,P05.rtf,rtf,medium,2,RTF,/home/kali/stego_dataset_expanded/stego_core_combined/XL-Synthetic_9_B__rtf_medium__lsb2.bmp,RTF,signature_rtf,1,RTF,validated_rtf_structure,1,4,511504,little,7b 5c 72 74 66 31 5c 61,7.622623,
extended_xl,XL-Synthetic_9_B__rtf_medium__lsb3.bmp,/home/kali/Desktop/stego_dataset_expanded/stego_core_combined/XL-Synthetic_9_B__rtf_medium__lsb3.bmp,XL-Synthetic_9_B.bmp,XL-Synthetic,9,B,bmp,P05.rtf,rtf,medium,3,RTF,/home/kali/stego_dataset_expanded/stego_core_combined/XL-Synthetic_9_B__rtf_medium__lsb3.bmp,RTF,signature_rtf,1,RTF,validated_rtf_structure,1,4,511504,little,7b 5c 72 74 66 31 5c 61,7.643217,
extended_xl,XL-Synthetic_9_B__rtf_small__lsb1.bmp,/home/kali/Desktop/stego_dataset_expanded/stego_core_combined/XL-Synthetic_9_B__rtf_small__lsb1.bmp,XL-Synthetic_9_B.bmp,XL-Synthetic,9,B,bmp,P05.rtf,rtf,small,1,RTF,/home/kali/stego_dataset_expanded/stego_core_combined/XL-Synthetic_9_B__rtf_small__lsb1.bmp,RTF,signature_rtf,1,RTF,validated_rtf_structure,1,4,50275,little,7b 5c 72 74 66 31 5c 61,7.175637,
extended_xl,XL-Synthetic_9_B__rtf_small__lsb2.bmp,/home/kali/Desktop/stego_dataset_expanded/stego_core_combined/XL-Synthetic_9_B__rtf_small__lsb2.bmp,XL-Synthetic_9_B.bmp,XL-Synthetic,9,B,bmp,P05.rtf,rtf,small,2,RTF,/home/kali/stego_dataset_expanded/stego_core_combined/XL-Synthetic_9_B__rtf_small__lsb2.bmp,RTF,signature_rtf,1,RTF,validated_rtf_structure,1,4,50275,little,7b 5c 72 74 66 31 5c 61,7.137860,
extended_xl,XL-Synthetic_9_B__rtf_small__lsb3.bmp,/home/kali/Desktop/stego_dataset_expanded/stego_core_combined/XL-Synthetic_9_B__rtf_small__lsb3.bmp,XL-Synthetic_9_B.bmp,XL-Synthetic,9,B,bmp,P05.rtf,rtf,small,3,RTF,/home/kali/stego_dataset_expanded/stego_core_combined/XL-Synthetic_9_B__rtf_small__lsb3.bmp,RTF,signature_rtf,1,RTF,validated_rtf_structure,1,4,50275,little,7b 5c 72 74 66 31 5c 61,7.350255,
extended_xl,XL-Synthetic_9_B__xlsx_large__lsb1.bmp,/home/kali/Desktop/stego_dataset_expanded/stego_core_combined/XL-Synthetic_9_B__xlsx_large__lsb1.bmp,XL-Synthetic_9_B.bmp,XL-Synthetic,9,B,bmp,P03.xlsx,xlsx,large,1,XLSX,/home/kali/stego_dataset_expanded/stego_core_combined/XL-Synthetic_9_B__xlsx_large__lsb1.bmp,ZIP,signature_pk_zip,0,XLSX,validated_ooxml_xlsx,1,4,1090468,little,50 4b 03 04 14 00 06 00,7.768158,
extended_xl,XL-Synthetic_9_B__xlsx_large__lsb2.bmp,/home/kali/Desktop/stego_dataset_expanded/stego_core_combined/XL-Synthetic_9_B__xlsx_large__lsb2.bmp,XL-Synthetic_9_B.bmp,XL-Synthetic,9,B,bmp,P03.xlsx,xlsx,large,2,XLSX,/home/kali/stego_dataset_expanded/stego_core_combined/XL-Synthetic_9_B__xlsx_large__lsb2.bmp,ZIP,signature_pk_zip,0,XLSX,validated_ooxml_xlsx,1,4,1090468,little,50 4b 03 04 14 00 06 00,7.431513,
extended_xl,XL-Synthetic_9_B__xlsx_large__lsb3.bmp,/home/kali/Desktop/stego_dataset_expanded/stego_core_combined/XL-Synthetic_9_B__xlsx_large__lsb3.bmp,XL-Synthetic_9_B.bmp,XL-Synthetic,9,B,bmp,P03.xlsx,xlsx,large,3,XLSX,/home/kali/stego_dataset_expanded/stego_core_combined/XL-Synthetic_9_B__xlsx_large__lsb3.bmp,ZIP,signature_pk_zip,0,XLSX,validated_ooxml_xlsx,1,4,1090468,little,50 4b 03 04 14 00 06 00,7.997585,
extended_xl,XL-Synthetic_9_B__xlsx_medium__lsb1.bmp,/home/kali/Desktop/stego_dataset_expanded/stego_core_combined/XL-Synthetic_9_B__xlsx_medium__lsb1.bmp,XL-Synthetic_9_B.bmp,XL-Synthetic,9,B,bmp,P03.xlsx,xlsx,medium,1,XLSX,/home/kali/stego_dataset_expanded/stego_core_combined/XL-Synthetic_9_B__xlsx_medium__lsb1.bmp,ZIP,signature_pk_zip,0,XLSX,validated_ooxml_xlsx,1,4,511280,little,50 4b 03 04 14 00 06 00,7.893477,
extended_xl,XL-Synthetic_9_B__xlsx_medium__lsb2.bmp,/home/kali/Desktop/stego_dataset_expanded/stego_core_combined/XL-Synthetic_9_B__xlsx_medium__lsb2.bmp,XL-Synthetic_9_B.bmp,XL-Synthetic,9,B,bmp,P03.xlsx,xlsx,medium,2,XLSX,/home/kali/stego_dataset_expanded/stego_core_combined/XL-Synthetic_9_B__xlsx_medium__lsb2.bmp,ZIP,signature_pk_zip,0,XLSX,validated_ooxml_xlsx,1,4,511280,little,50 4b 03 04 14 00 06 00,7.220385,
extended_xl,XL-Synthetic_9_B__xlsx_medium__lsb3.bmp,/home/kali/Desktop/stego_dataset_expanded/stego_core_combined/XL-Synthetic_9_B__xlsx_medium__lsb3.bmp,XL-Synthetic_9_B.bmp,XL-Synthetic,9,B,bmp,P03.xlsx,xlsx,medium,3,XLSX,/home/kali/stego_dataset_expanded/stego_core_combined/XL-Synthetic_9_B__xlsx_medium__lsb3.bmp,ZIP,signature_pk_zip,0,XLSX,validated_ooxml_xlsx,1,4,511280,little,50 4b 03 04 14 00 06 00,7.400194,
extended_xl,XL-Synthetic_9_B__xlsx_small__lsb1.bmp,/home/kali/Desktop/stego_dataset_expanded/stego_core_combined/XL-Synthetic_9_B__xlsx_small__lsb1.bmp,XL-Synthetic_9_B.bmp,XL-Synthetic,9,B,bmp,P03.xlsx,xlsx,small,1,XLSX,/home/kali/stego_dataset_expanded/stego_core_combined/XL-Synthetic_9_B__xlsx_small__lsb1.bmp,ZIP,signature_pk_zip,0,XLSX,validated_ooxml_xlsx,1,4,8899,little,50 4b 03 04 14 00 06 00,7.050903,
extended_xl,XL-Synthetic_9_B__xlsx_small__lsb2.bmp,/home/kali/Desktop/stego_dataset_expanded/stego_core_combined/XL-Synthetic_9_B__xlsx_small__lsb2.bmp,XL-Synthetic_9_B.bmp,XL-Synthetic,9,B,bmp,P03.xlsx,xlsx,small,2,XLSX,/home/kali/stego_dataset_expanded/stego_core_combined/XL-Synthetic_9_B__xlsx_small__lsb2.bmp,ZIP,signature_pk_zip,0,XLSX,validated_ooxml_xlsx,1,4,8899,little,50 4b 03 04 14 00 06 00,7.330603,
extended_xl,XL-Synthetic_9_B__xlsx_small__lsb3.bmp,/home/kali/Desktop/stego_dataset_expanded/stego_core_combined/XL-Synthetic_9_B__xlsx_small__lsb3.bmp,XL-Synthetic_9_B.bmp,XL-Synthetic,9,B,bmp,P03.xlsx,xlsx,small,3,XLSX,/home/kali/stego_dataset_expanded/stego_core_combined/XL-Synthetic_9_B__xlsx_small__lsb3.bmp,ZIP,signature_pk_zip,0,XLSX,validated_ooxml_xlsx,1,4,8899,little,50 4b 03 04 14 00 06 00,7.189344,
extended_xl,XL-Synthetic_9_P__docx_large__lsb3.png,/home/kali/Desktop/stego_dataset_expanded/stego_core_combined/XL-Synthetic_9_P__docx_large__lsb3.png,XL-Synthetic_9_P.png,XL-Synthetic,9,P,png,P01.docx,docx,large,3,DOCX,/home/kali/stego_dataset_expanded/stego_core_combined/XL-Synthetic_9_P__docx_large__lsb3.png,ZIP,signature_pk_zip,0,DOCX,validated_ooxml_docx,1,3,1121154,little,50 4b 03 04 14 00 06 00,0.708103,
extended_xl,XL-Synthetic_9_P__docx_medium__lsb2.png,/home/kali/Desktop/stego_dataset_expanded/stego_core_combined/XL-Synthetic_9_P__docx_medium__lsb2.png,XL-Synthetic_9_P.png,XL-Synthetic,9,P,png,P01.docx,docx,medium,2,DOCX,/home/kali/stego_dataset_expanded/stego_core_combined/XL-Synthetic_9_P__docx_medium__lsb2.png,ZIP,signature_pk_zip,0,DOCX,validated_ooxml_docx,1,3,511127,little,50 4b 03 04 14 00 06 00,0.618057,
extended_xl,XL-Synthetic_9_P__docx_medium__lsb3.png,/home/kali/Desktop/stego_dataset_expanded/stego_core_combined/XL-Synthetic_9_P__docx_medium__lsb3.png,XL-Synthetic_9_P.png,XL-Synthetic,9,P,png,P01.docx,docx,medium,3,DOCX,/home/kali/stego_dataset_expanded/stego_core_combined/XL-Synthetic_9_P__docx_medium__lsb3.png,ZIP,signature_pk_zip,0,DOCX,validated_ooxml_docx,1,3,511127,little,50 4b 03 04 14 00 06 00,0.590624,
extended_xl,XL-Synthetic_9_P__docx_small__lsb1.png,/home/kali/Desktop/stego_dataset_expanded/stego_core_combined/XL-Synthetic_9_P__docx_small__lsb1.png,XL-Synthetic_9_P.png,XL-Synthetic,9,P,png,P01.docx,docx,small,1,DOCX,/home/kali/stego_dataset_expanded/stego_core_combined/XL-Synthetic_9_P__docx_small__lsb1.png,ZIP,signature_pk_zip,0,DOCX,validated_ooxml_docx,1,3,13432,little,50 4b 03 04 14 00 06 00,0.500082,
extended_xl,XL-Synthetic_9_P__docx_small__lsb2.png,/home/kali/Desktop/stego_dataset_expanded/stego_core_combined/XL-Synthetic_9_P__docx_small__lsb2.png,XL-Synthetic_9_P.png,XL-Synthetic,9,P,png,P01.docx,docx,small,2,DOCX,/home/kali/stego_dataset_expanded/stego_core_combined/XL-Synthetic_9_P__docx_small__lsb2.png,ZIP,signature_pk_zip,0,DOCX,validated_ooxml_docx,1,3,13432,little,50 4b 03 04 14 00 06 00,0.495955,
extended_xl,XL-Synthetic_9_P__docx_small__lsb3.png,/home/kali/Desktop/stego_dataset_expanded/stego_core_combined/XL-Synthetic_9_P__docx_small__lsb3.png,XL-Synthetic_9_P.png,XL-Synthetic,9,P,png,P01.docx,docx,small,3,DOCX,/home/kali/stego_dataset_expanded/stego_core_combined/XL-Synthetic_9_P__docx_small__lsb3.png,ZIP,signature_pk_zip,0,DOCX,validated_ooxml_docx,1,3,13432,little,50 4b 03 04 14 00 06 00,0.492563,
extended_xl,XL-Synthetic_9_P__exe_large__lsb3.png,/home/kali/Desktop/stego_dataset_expanded/stego_core_combined/XL-Synthetic_9_P__exe_large__lsb3.png,XL-Synthetic_9_P.png,XL-Synthetic,9,P,png,P06.exe,exe,large,3,EXE,/home/kali/stego_dataset_expanded/stego_core_combined/XL-Synthetic_9_P__exe_large__lsb3.png,EXE,signature_mz,1,EXE,validated_mz_pe_header,1,3,1017856,little,4d 5a 90 00 03 00 00 00,0.684980,
extended_xl,XL-Synthetic_9_P__exe_medium__lsb2.png,/home/kali/Desktop/stego_dataset_expanded/stego_core_combined/XL-Synthetic_9_P__exe_medium__lsb2.png,XL-Synthetic_9_P.png,XL-Synthetic,9,P,png,P06.exe,exe,medium,2,EXE,/home/kali/stego_dataset_expanded/stego_core_combined/XL-Synthetic_9_P__exe_medium__lsb2.png,EXE,signature_mz,1,EXE,validated_mz_pe_header,1,3,505856,little,4d 5a 90 00 03 00 00 00,0.664522,
extended_xl,XL-Synthetic_9_P__exe_medium__lsb3.png,/home/kali/Desktop/stego_dataset_expanded/stego_core_combined/XL-Synthetic_9_P__exe_medium__lsb3.png,XL-Synthetic_9_P.png,XL-Synthetic,9,P,png,P06.exe,exe,medium,3,EXE,/home/kali/stego_dataset_expanded/stego_core_combined/XL-Synthetic_9_P__exe_medium__lsb3.png,EXE,signature_mz,1,EXE,validated_mz_pe_header,1,3,505856,little,4d 5a 90 00 03 00 00 00,0.604965,
extended_xl,XL-Synthetic_9_P__exe_small__lsb1.png,/home/kali/Desktop/stego_dataset_expanded/stego_core_combined/XL-Synthetic_9_P__exe_small__lsb1.png,XL-Synthetic_9_P.png,XL-Synthetic,9,P,png,P06.exe,exe,small,1,EXE,/home/kali/stego_dataset_expanded/stego_core_combined/XL-Synthetic_9_P__exe_small__lsb1.png,EXE,signature_mz,1,EXE,validated_mz_pe_header,1,3,40448,little,4d 5a 90 00 03 00 00 00,0.547137,
extended_xl,XL-Synthetic_9_P__exe_small__lsb2.png,/home/kali/Desktop/stego_dataset_expanded/stego_core_combined/XL-Synthetic_9_P__exe_small__lsb2.png,XL-Synthetic_9_P.png,XL-Synthetic,9,P,png,P06.exe,exe,small,2,EXE,/home/kali/stego_dataset_expanded/stego_core_combined/XL-Synthetic_9_P__exe_small__lsb2.png,EXE,signature_mz,1,EXE,validated_mz_pe_header,1,3,40448,little,4d 5a 90 00 03 00 00 00,0.535264,
extended_xl,XL-Synthetic_9_P__exe_small__lsb3.png,/home/kali/Desktop/stego_dataset_expanded/stego_core_combined/XL-Synthetic_9_P__exe_small__lsb3.png,XL-Synthetic_9_P.png,XL-Synthetic,9,P,png,P06.exe,exe,small,3,EXE,/home/kali/stego_dataset_expanded/stego_core_combined/XL-Synthetic_9_P__exe_small__lsb3.png,EXE,signature_mz,1,EXE,validated_mz_pe_header,1,3,40448,little,4d 5a 90 00 03 00 00 00,0.506406,
extended_xl,XL-Synthetic_9_P__pdf_large__lsb3.png,/home/kali/Desktop/stego_dataset_expanded/stego_core_combined/XL-Synthetic_9_P__pdf_large__lsb3.png,XL-Synthetic_9_P.png,XL-Synthetic,9,P,png,P02.pdf,pdf,large,3,PDF,/home/kali/stego_dataset_expanded/stego_core_combined/XL-Synthetic_9_P__pdf_large__lsb3.png,PDF,signature_pdf,1,PDF,validated_pdf_startxref_eof,1,3,1100144,little,25 50 44 46 2d 31 2e 33,0.661453,
extended_xl,XL-Synthetic_9_P__pdf_medium__lsb2.png,/home/kali/Desktop/stego_dataset_expanded/stego_core_combined/XL-Synthetic_9_P__pdf_medium__lsb2.png,XL-Synthetic_9_P.png,XL-Synthetic,9,P,png,P02.pdf,pdf,medium,2,PDF,/home/kali/stego_dataset_expanded/stego_core_combined/XL-Synthetic_9_P__pdf_medium__lsb2.png,PDF,signature_pdf,1,PDF,validated_pdf_startxref_eof,1,3,510410,little,25 50 44 46 2d 31 2e 37,0.626409,
extended_xl,XL-Synthetic_9_P__pdf_medium__lsb3.png,/home/kali/Desktop/stego_dataset_expanded/stego_core_combined/XL-Synthetic_9_P__pdf_medium__lsb3.png,XL-Synthetic_9_P.png,XL-Synthetic,9,P,png,P02.pdf,pdf,medium,3,PDF,/home/kali/stego_dataset_expanded/stego_core_combined/XL-Synthetic_9_P__pdf_medium__lsb3.png,PDF,signature_pdf,1,PDF,validated_pdf_startxref_eof,1,3,510410,little,25 50 44 46 2d 31 2e 37,0.586558,
extended_xl,XL-Synthetic_9_P__pdf_small__lsb1.png,/home/kali/Desktop/stego_dataset_expanded/stego_core_combined/XL-Synthetic_9_P__pdf_small__lsb1.png,XL-Synthetic_9_P.png,XL-Synthetic,9,P,png,P02.pdf,pdf,small,1,PDF,/home/kali/stego_dataset_expanded/stego_core_combined/XL-Synthetic_9_P__pdf_small__lsb1.png,PDF,signature_pdf,1,PDF,validated_pdf_startxref_eof,1,3,16620,little,25 50 44 46 2d 31 2e 37,0.519938,
extended_xl,XL-Synthetic_9_P__pdf_small__lsb2.png,/home/kali/Desktop/stego_dataset_expanded/stego_core_combined/XL-Synthetic_9_P__pdf_small__lsb2.png,XL-Synthetic_9_P.png,XL-Synthetic,9,P,png,P02.pdf,pdf,small,2,PDF,/home/kali/stego_dataset_expanded/stego_core_combined/XL-Synthetic_9_P__pdf_small__lsb2.png,PDF,signature_pdf,1,PDF,validated_pdf_startxref_eof,1,3,16620,little,25 50 44 46 2d 31 2e 37,0.482579,
extended_xl,XL-Synthetic_9_P__pdf_small__lsb3.png,/home/kali/Desktop/stego_dataset_expanded/stego_core_combined/XL-Synthetic_9_P__pdf_small__lsb3.png,XL-Synthetic_9_P.png,XL-Synthetic,9,P,png,P02.pdf,pdf,small,3,PDF,/home/kali/stego_dataset_expanded/stego_core_combined/XL-Synthetic_9_P__pdf_small__lsb3.png,PDF,signature_pdf,1,PDF,validated_pdf_startxref_eof,1,3,16620,little,25 50 44 46 2d 31 2e 37,0.512861,
extended_xl,XL-Synthetic_9_P__pptx_large__lsb3.png,/home/kali/Desktop/stego_dataset_expanded/stego_core_combined/XL-Synthetic_9_P__pptx_large__lsb3.png,XL-Synthetic_9_P.png,XL-Synthetic,9,P,png,P04.pptx,pptx,large,3,PPTX,/home/kali/stego_dataset_expanded/stego_core_combined/XL-Synthetic_9_P__pptx_large__lsb3.png,ZIP,signature_pk_zip,0,PPTX,validated_ooxml_pptx,1,3,1082610,little,50 4b 03 04 14 00 06 00,0.703124,
extended_xl,XL-Synthetic_9_P__pptx_medium__lsb2.png,/home/kali/Desktop/stego_dataset_expanded/stego_core_combined/XL-Synthetic_9_P__pptx_medium__lsb2.png,XL-Synthetic_9_P.png,XL-Synthetic,9,P,png,P04.pptx,pptx,medium,2,PPTX,/home/kali/stego_dataset_expanded/stego_core_combined/XL-Synthetic_9_P__pptx_medium__lsb2.png,ZIP,signature_pk_zip,0,PPTX,validated_ooxml_pptx,1,3,512113,little,50 4b 03 04 14 00 06 00,0.637858,
extended_xl,XL-Synthetic_9_P__pptx_medium__lsb3.png,/home/kali/Desktop/stego_dataset_expanded/stego_core_combined/XL-Synthetic_9_P__pptx_medium__lsb3.png,XL-Synthetic_9_P.png,XL-Synthetic,9,P,png,P04.pptx,pptx,medium,3,PPTX,/home/kali/stego_dataset_expanded/stego_core_combined/XL-Synthetic_9_P__pptx_medium__lsb3.png,ZIP,signature_pk_zip,0,PPTX,validated_ooxml_pptx,1,3,512113,little,50 4b 03 04 14 00 06 00,0.590895,
extended_xl,XL-Synthetic_9_P__pptx_small__lsb1.png,/home/kali/Desktop/stego_dataset_expanded/stego_core_combined/XL-Synthetic_9_P__pptx_small__lsb1.png,XL-Synthetic_9_P.png,XL-Synthetic,9,P,png,P04.pptx,pptx,small,1,PPTX,/home/kali/stego_dataset_expanded/stego_core_combined/XL-Synthetic_9_P__pptx_small__lsb1.png,ZIP,signature_pk_zip,0,PPTX,validated_ooxml_pptx,1,3,32020,little,50 4b 03 04 14 00 06 00,0.495317,
extended_xl,XL-Synthetic_9_P__pptx_small__lsb2.png,/home/kali/Desktop/stego_dataset_expanded/stego_core_combined/XL-Synthetic_9_P__pptx_small__lsb2.png,XL-Synthetic_9_P.png,XL-Synthetic,9,P,png,P04.pptx,pptx,small,2,PPTX,/home/kali/stego_dataset_expanded/stego_core_combined/XL-Synthetic_9_P__pptx_small__lsb2.png,ZIP,signature_pk_zip,0,PPTX,validated_ooxml_pptx,1,3,32020,little,50 4b 03 04 14 00 06 00,0.519931,
extended_xl,XL-Synthetic_9_P__pptx_small__lsb3.png,/home/kali/Desktop/stego_dataset_expanded/stego_core_combined/XL-Synthetic_9_P__pptx_small__lsb3.png,XL-Synthetic_9_P.png,XL-Synthetic,9,P,png,P04.pptx,pptx,small,3,PPTX,/home/kali/stego_dataset_expanded/stego_core_combined/XL-Synthetic_9_P__pptx_small__lsb3.png,ZIP,signature_pk_zip,0,PPTX,validated_ooxml_pptx,1,3,32020,little,50 4b 03 04 14 00 06 00,0.504118,
extended_xl,XL-Synthetic_9_P__rtf_large__lsb3.png,/home/kali/Desktop/stego_dataset_expanded/stego_core_combined/XL-Synthetic_9_P__rtf_large__lsb3.png,XL-Synthetic_9_P.png,XL-Synthetic,9,P,png,P05.rtf,rtf,large,3,RTF,/home/kali/stego_dataset_expanded/stego_core_combined/XL-Synthetic_9_P__rtf_large__lsb3.png,RTF,signature_rtf,1,RTF,validated_rtf_structure,1,3,1085026,little,7b 5c 72 74 66 31 5c 61,0.688990,
extended_xl,XL-Synthetic_9_P__rtf_medium__lsb2.png,/home/kali/Desktop/stego_dataset_expanded/stego_core_combined/XL-Synthetic_9_P__rtf_medium__lsb2.png,XL-Synthetic_9_P.png,XL-Synthetic,9,P,png,P05.rtf,rtf,medium,2,RTF,/home/kali/stego_dataset_expanded/stego_core_combined/XL-Synthetic_9_P__rtf_medium__lsb2.png,RTF,signature_rtf,1,RTF,validated_rtf_structure,1,3,511504,little,7b 5c 72 74 66 31 5c 61,0.611554,
extended_xl,XL-Synthetic_9_P__rtf_medium__lsb3.png,/home/kali/Desktop/stego_dataset_expanded/stego_core_combined/XL-Synthetic_9_P__rtf_medium__lsb3.png,XL-Synthetic_9_P.png,XL-Synthetic,9,P,png,P05.rtf,rtf,medium,3,RTF,/home/kali/stego_dataset_expanded/stego_core_combined/XL-Synthetic_9_P__rtf_medium__lsb3.png,RTF,signature_rtf,1,RTF,validated_rtf_structure,1,3,511504,little,7b 5c 72 74 66 31 5c 61,0.578018,
extended_xl,XL-Synthetic_9_P__rtf_small__lsb1.png,/home/kali/Desktop/stego_dataset_expanded/stego_core_combined/XL-Synthetic_9_P__rtf_small__lsb1.png,XL-Synthetic_9_P.png,XL-Synthetic,9,P,png,P05.rtf,rtf,small,1,RTF,/home/kali/stego_dataset_expanded/stego_core_combined/XL-Synthetic_9_P__rtf_small__lsb1.png,RTF,signature_rtf,1,RTF,validated_rtf_structure,1,3,50275,little,7b 5c 72 74 66 31 5c 61,0.548036,
extended_xl,XL-Synthetic_9_P__rtf_small__lsb2.png,/home/kali/Desktop/stego_dataset_expanded/stego_core_combined/XL-Synthetic_9_P__rtf_small__lsb2.png,XL-Synthetic_9_P.png,XL-Synthetic,9,P,png,P05.rtf,rtf,small,2,RTF,/home/kali/stego_dataset_expanded/stego_core_combined/XL-Synthetic_9_P__rtf_small__lsb2.png,RTF,signature_rtf,1,RTF,validated_rtf_structure,1,3,50275,little,7b 5c 72 74 66 31 5c 61,0.530240,
extended_xl,XL-Synthetic_9_P__rtf_small__lsb3.png,/home/kali/Desktop/stego_dataset_expanded/stego_core_combined/XL-Synthetic_9_P__rtf_small__lsb3.png,XL-Synthetic_9_P.png,XL-Synthetic,9,P,png,P05.rtf,rtf,small,3,RTF,/home/kali/stego_dataset_expanded/stego_core_combined/XL-Synthetic_9_P__rtf_small__lsb3.png,RTF,signature_rtf,1,RTF,validated_rtf_structure,1,3,50275,little,7b 5c 72 74 66 31 5c 61,0.500940,
extended_xl,XL-Synthetic_9_P__xlsx_large__lsb3.png,/home/kali/Desktop/stego_dataset_expanded/stego_core_combined/XL-Synthetic_9_P__xlsx_large__lsb3.png,XL-Synthetic_9_P.png,XL-Synthetic,9,P,png,P03.xlsx,xlsx,large,3,XLSX,/home/kali/stego_dataset_expanded/stego_core_combined/XL-Synthetic_9_P__xlsx_large__lsb3.png,ZIP,signature_pk_zip,0,XLSX,validated_ooxml_xlsx,1,3,1090468,little,50 4b 03 04 14 00 06 00,0.672872,
extended_xl,XL-Synthetic_9_P__xlsx_medium__lsb2.png,/home/kali/Desktop/stego_dataset_expanded/stego_core_combined/XL-Synthetic_9_P__xlsx_medium__lsb2.png,XL-Synthetic_9_P.png,XL-Synthetic,9,P,png,P03.xlsx,xlsx,medium,2,XLSX,/home/kali/stego_dataset_expanded/stego_core_combined/XL-Synthetic_9_P__xlsx_medium__lsb2.png,ZIP,signature_pk_zip,0,XLSX,validated_ooxml_xlsx,1,3,511280,little,50 4b 03 04 14 00 06 00,0.693633,
extended_xl,XL-Synthetic_9_P__xlsx_medium__lsb3.png,/home/kali/Desktop/stego_dataset_expanded/stego_core_combined/XL-Synthetic_9_P__xlsx_medium__lsb3.png,XL-Synthetic_9_P.png,XL-Synthetic,9,P,png,P03.xlsx,xlsx,medium,3,XLSX,/home/kali/stego_dataset_expanded/stego_core_combined/XL-Synthetic_9_P__xlsx_medium__lsb3.png,ZIP,signature_pk_zip,0,XLSX,validated_ooxml_xlsx,1,3,511280,little,50 4b 03 04 14 00 06 00,0.594032,
extended_xl,XL-Synthetic_9_P__xlsx_small__lsb1.png,/home/kali/Desktop/stego_dataset_expanded/stego_core_combined/XL-Synthetic_9_P__xlsx_small__lsb1.png,XL-Synthetic_9_P.png,XL-Synthetic,9,P,png,P03.xlsx,xlsx,small,1,XLSX,/home/kali/stego_dataset_expanded/stego_core_combined/XL-Synthetic_9_P__xlsx_small__lsb1.png,ZIP,signature_pk_zip,0,XLSX,validated_ooxml_xlsx,1,3,8899,little,50 4b 03 04 14 00 06 00,0.502505,
extended_xl,XL-Synthetic_9_P__xlsx_small__lsb2.png,/home/kali/Desktop/stego_dataset_expanded/stego_core_combined/XL-Synthetic_9_P__xlsx_small__lsb2.png,XL-Synthetic_9_P.png,XL-Synthetic,9,P,png,P03.xlsx,xlsx,small,2,XLSX,/home/kali/stego_dataset_expanded/stego_core_combined/XL-Synthetic_9_P__xlsx_small__lsb2.png,ZIP,signature_pk_zip,0,XLSX,validated_ooxml_xlsx,1,3,8899,little,50 4b 03 04 14 00 06 00,0.495902,
extended_xl,XL-Synthetic_9_P__xlsx_small__lsb3.png,/home/kali/Desktop/stego_dataset_expanded/stego_core_combined/XL-Synthetic_9_P__xlsx_small__lsb3.png,XL-Synthetic_9_P.png,XL-Synthetic,9,P,png,P03.xlsx,xlsx,small,3,XLSX,/home/kali/stego_dataset_expanded/stego_core_combined/XL-Synthetic_9_P__xlsx_small__lsb3.png,ZIP,signature_pk_zip,0,XLSX,validated_ooxml_xlsx,1,3,8899,little,50 4b 03 04 14 00 06 00,0.500932,
