clean_id,evaluation_group,subset,category,filename,image_path,tested_lsb,baseline_detected_type,baseline_status,baseline_false_positive,structural_detected_type,structural_validation_status,structural_false_positive,tag_size,payload_length,tag_endian,header_hex,runtime_seconds,processing_error,error
original_core::Flat-Color_1_S.bmp,original,core,controlled_original,Flat-Color_1_S.bmp,/home/kali/stego_dataset_expanded/covers_original/Flat-Color_1_S.bmp,1,Unknown/None,no_known_signature,0,Unknown/None,payload_length_exceeds_capacity,0,3,4821540,little,,0.233151,0,
original_core::Flat-Color_1_S.bmp,original,core,controlled_original,Flat-Color_1_S.bmp,/home/kali/stego_dataset_expanded/covers_original/Flat-Color_1_S.bmp,2,Unknown/None,no_known_signature,0,Unknown/None,payload_length_exceeds_capacity,0,3,14891150,little,,0.224119,0,
original_core::Flat-Color_1_S.bmp,original,core,controlled_original,Flat-Color_1_S.bmp,/home/kali/stego_dataset_expanded/covers_original/Flat-Color_1_S.bmp,3,Unknown/None,no_known_signature,0,Unknown/None,payload_length_exceeds_capacity,0,3,13936979,little,,0.180622,0,
original_core::Flat-Color_2_M.png,original,core,controlled_original,Flat-Color_2_M.png,/home/kali/stego_dataset_expanded/covers_original/Flat-Color_2_M.png,1,Unknown/None,no_known_signature,0,Unknown/None,payload_length_exceeds_capacity,0,3,9591369,little,,0.755560,0,
original_core::Flat-Color_2_M.png,original,core,controlled_original,Flat-Color_2_M.png,/home/kali/stego_dataset_expanded/covers_original/Flat-Color_2_M.png,2,Unknown/None,no_known_signature,0,Unknown/None,payload_length_exceeds_capacity,0,3,10182936,little,,0.730073,0,
original_core::Flat-Color_2_M.png,original,core,controlled_original,Flat-Color_2_M.png,/home/kali/stego_dataset_expanded/covers_original/Flat-Color_2_M.png,3,Unknown/None,no_known_signature,0,Unknown/None,payload_length_exceeds_capacity,0,3,10832533,little,,0.801926,0,
original_core::Grayscale_1_S.png,original,core,controlled_original,Grayscale_1_S.png,/home/kali/stego_dataset_expanded/covers_original/Grayscale_1_S.png,1,Unknown/None,no_known_signature,0,Unknown/None,payload_length_exceeds_capacity,0,3,4287474,little,,0.021707,0,
original_core::Grayscale_1_S.png,original,core,controlled_original,Grayscale_1_S.png,/home/kali/stego_dataset_expanded/covers_original/Grayscale_1_S.png,2,Unknown/None,no_known_signature,0,Unknown/None,payload_length_exceeds_capacity,0,3,1485949,little,,0.016113,0,
original_core::Grayscale_1_S.png,original,core,controlled_original,Grayscale_1_S.png,/home/kali/stego_dataset_expanded/covers_original/Grayscale_1_S.png,3,Unknown/None,no_known_signature,0,Unknown/None,payload_length_exceeds_capacity,0,3,12113215,little,,0.015718,0,
original_core::Grayscale_2_M.bmp,original,core,controlled_original,Grayscale_2_M.bmp,/home/kali/stego_dataset_expanded/covers_original/Grayscale_2_M.bmp,1,Unknown/None,no_known_signature,0,Unknown/None,payload_length_exceeds_capacity,0,3,16773631,little,,1.092060,0,
original_core::Grayscale_2_M.bmp,original,core,controlled_original,Grayscale_2_M.bmp,/home/kali/stego_dataset_expanded/covers_original/Grayscale_2_M.bmp,2,Unknown/None,no_known_signature,0,Unknown/None,payload_length_exceeds_capacity,0,3,5592573,little,,0.889149,0,
original_core::Grayscale_2_M.bmp,original,core,controlled_original,Grayscale_2_M.bmp,/home/kali/stego_dataset_expanded/covers_original/Grayscale_2_M.bmp,3,Unknown/None,no_known_signature,0,Unknown/None,payload_length_exceeds_capacity,0,3,7199597,little,,1.272272,0,
original_core::High-Detail_1_M.png,original,core,controlled_original,High-Detail_1_M.png,/home/kali/stego_dataset_expanded/covers_original/High-Detail_1_M.png,1,Unknown/None,no_known_signature,0,Unknown/None,payload_length_exceeds_capacity,0,3,4733733,little,,0.946056,0,
original_core::High-Detail_1_M.png,original,core,controlled_original,High-Detail_1_M.png,/home/kali/stego_dataset_expanded/covers_original/High-Detail_1_M.png,2,Unknown/None,no_known_signature,0,Unknown/None,payload_length_exceeds_capacity,0,3,8854318,little,,0.894802,0,
original_core::High-Detail_1_M.png,original,core,controlled_original,High-Detail_1_M.png,/home/kali/stego_dataset_expanded/covers_original/High-Detail_1_M.png,3,Unknown/None,no_known_signature,0,Unknown/None,payload_length_exceeds_capacity,0,3,7856537,little,,0.790484,0,
original_core::High-Detail_2_L.png,original,core,controlled_original,High-Detail_2_L.png,/home/kali/stego_dataset_expanded/covers_original/High-Detail_2_L.png,1,Unknown/None,no_known_signature,0,Unknown/None,payload_length_exceeds_capacity,0,3,7433407,little,,1.714469,0,
original_core::High-Detail_2_L.png,original,core,controlled_original,High-Detail_2_L.png,/home/kali/stego_dataset_expanded/covers_original/High-Detail_2_L.png,2,Unknown/None,no_known_signature,0,Unknown/None,payload_length_exceeds_capacity,0,3,12384205,little,,1.392314,0,
original_core::High-Detail_2_L.png,original,core,controlled_original,High-Detail_2_L.png,/home/kali/stego_dataset_expanded/covers_original/High-Detail_2_L.png,3,Unknown/None,no_known_signature,0,Unknown/None,payload_length_exceeds_capacity,0,4,3452935795,little,,1.566147,0,
original_core::Low-Detail_1_M.bmp,original,core,controlled_original,Low-Detail_1_M.bmp,/home/kali/stego_dataset_expanded/covers_original/Low-Detail_1_M.bmp,1,Unknown/None,no_known_signature,0,Unknown/None,payload_length_exceeds_capacity,0,3,2378130,little,,0.687999,0,
original_core::Low-Detail_1_M.bmp,original,core,controlled_original,Low-Detail_1_M.bmp,/home/kali/stego_dataset_expanded/covers_original/Low-Detail_1_M.bmp,2,Unknown/None,no_known_signature,0,Unknown/None,payload_length_exceeds_capacity,0,3,12234475,little,,0.681847,0,
original_core::Low-Detail_1_M.bmp,original,core,controlled_original,Low-Detail_1_M.bmp,/home/kali/stego_dataset_expanded/covers_original/Low-Detail_1_M.bmp,3,Unknown/None,no_known_signature,0,Unknown/None,payload_length_exceeds_capacity,0,3,10370427,little,,0.788240,0,
original_core::Low-Detail_2_L.bmp,original,core,controlled_original,Low-Detail_2_L.bmp,/home/kali/stego_dataset_expanded/covers_original/Low-Detail_2_L.bmp,1,Unknown/None,no_known_signature,0,Unknown/None,payload_length_exceeds_capacity,0,3,11930880,little,,1.554863,0,
original_core::Low-Detail_2_L.bmp,original,core,controlled_original,Low-Detail_2_L.bmp,/home/kali/stego_dataset_expanded/covers_original/Low-Detail_2_L.bmp,2,Unknown/None,no_known_signature,0,Unknown/None,invalid_payload_length,0,3,0,little,,1.489336,0,
original_core::Low-Detail_2_L.bmp,original,core,controlled_original,Low-Detail_2_L.bmp,/home/kali/stego_dataset_expanded/covers_original/Low-Detail_2_L.bmp,3,Unknown/None,no_known_signature,0,Unknown/None,payload_length_exceeds_capacity,0,4,270549120,little,,1.599325,0,
original_core::Mixed-Content_1_S.bmp,original,core,controlled_original,Mixed-Content_1_S.bmp,/home/kali/stego_dataset_expanded/covers_original/Mixed-Content_1_S.bmp,1,Unknown/None,no_known_signature,0,Unknown/None,payload_length_exceeds_capacity,0,3,10231127,little,,0.179094,0,
original_core::Mixed-Content_1_S.bmp,original,core,controlled_original,Mixed-Content_1_S.bmp,/home/kali/stego_dataset_expanded/covers_original/Mixed-Content_1_S.bmp,2,Unknown/None,no_known_signature,0,Unknown/None,payload_length_exceeds_capacity,0,3,10591635,little,,0.196622,0,
original_core::Mixed-Content_1_S.bmp,original,core,controlled_original,Mixed-Content_1_S.bmp,/home/kali/stego_dataset_expanded/covers_original/Mixed-Content_1_S.bmp,3,Unknown/None,no_known_signature,0,Unknown/None,payload_length_exceeds_capacity,0,3,8224214,little,,0.188647,0,
original_core::Mixed-Content_2_L.bmp,original,core,controlled_original,Mixed-Content_2_L.bmp,/home/kali/stego_dataset_expanded/covers_original/Mixed-Content_2_L.bmp,1,Unknown/None,no_known_signature,0,Unknown/None,payload_length_exceeds_capacity,0,3,12592677,little,,1.519570,0,
original_core::Mixed-Content_2_L.bmp,original,core,controlled_original,Mixed-Content_2_L.bmp,/home/kali/stego_dataset_expanded/covers_original/Mixed-Content_2_L.bmp,2,Unknown/None,no_known_signature,0,Unknown/None,no_known_signature,0,3,299812,little,3e 5a 8a a5 ac 31 c0 7f,1.338093,0,
original_core::Mixed-Content_2_L.bmp,original,core,controlled_original,Mixed-Content_2_L.bmp,/home/kali/stego_dataset_expanded/covers_original/Mixed-Content_2_L.bmp,3,Unknown/None,no_known_signature,0,Unknown/None,payload_length_exceeds_capacity,0,4,2422703512,little,,1.491136,0,
original_core::Noisy_1_S.bmp,original,core,controlled_original,Noisy_1_S.bmp,/home/kali/stego_dataset_expanded/covers_original/Noisy_1_S.bmp,1,Unknown/None,no_known_signature,0,Unknown/None,payload_length_exceeds_capacity,0,3,3350442,little,,0.210591,0,
original_core::Noisy_1_S.bmp,original,core,controlled_original,Noisy_1_S.bmp,/home/kali/stego_dataset_expanded/covers_original/Noisy_1_S.bmp,2,Unknown/None,no_known_signature,0,Unknown/None,no_known_signature,0,3,124644,little,7f af 0f 7d b6 73 f1 24,0.180678,0,
original_core::Noisy_1_S.bmp,original,core,controlled_original,Noisy_1_S.bmp,/home/kali/stego_dataset_expanded/covers_original/Noisy_1_S.bmp,3,Unknown/None,no_known_signature,0,Unknown/None,payload_length_exceeds_capacity,0,3,11439722,little,,0.205713,0,
original_core::Noisy_2_M.png,original,core,controlled_original,Noisy_2_M.png,/home/kali/stego_dataset_expanded/covers_original/Noisy_2_M.png,1,Unknown/None,no_known_signature,0,Unknown/None,payload_length_exceeds_capacity,0,3,12609772,little,,0.872044,0,
original_core::Noisy_2_M.png,original,core,controlled_original,Noisy_2_M.png,/home/kali/stego_dataset_expanded/covers_original/Noisy_2_M.png,2,Unknown/None,no_known_signature,0,Unknown/None,payload_length_exceeds_capacity,0,3,12341502,little,,0.726177,0,
original_core::Noisy_2_M.png,original,core,controlled_original,Noisy_2_M.png,/home/kali/stego_dataset_expanded/covers_original/Noisy_2_M.png,3,Unknown/None,no_known_signature,0,Unknown/None,payload_length_exceeds_capacity,0,3,4514671,little,,0.685402,0,
original_core::Photographic_1_S.png,original,core,controlled_original,Photographic_1_S.png,/home/kali/stego_dataset_expanded/covers_original/Photographic_1_S.png,1,Unknown/None,no_known_signature,0,Unknown/None,payload_length_exceeds_capacity,0,3,7931901,little,,0.292484,0,
original_core::Photographic_1_S.png,original,core,controlled_original,Photographic_1_S.png,/home/kali/stego_dataset_expanded/covers_original/Photographic_1_S.png,2,Unknown/None,no_known_signature,0,Unknown/None,payload_length_exceeds_capacity,0,3,2773493,little,,0.219616,0,
original_core::Photographic_1_S.png,original,core,controlled_original,Photographic_1_S.png,/home/kali/stego_dataset_expanded/covers_original/Photographic_1_S.png,3,Unknown/None,no_known_signature,0,Unknown/None,payload_length_exceeds_capacity,0,3,4576238,little,,0.220009,0,
original_core::Photographic_2_M.bmp,original,core,controlled_original,Photographic_2_M.bmp,/home/kali/stego_dataset_expanded/covers_original/Photographic_2_M.bmp,1,Unknown/None,no_known_signature,0,Unknown/None,payload_length_exceeds_capacity,0,3,5318057,little,,0.778585,0,
original_core::Photographic_2_M.bmp,original,core,controlled_original,Photographic_2_M.bmp,/home/kali/stego_dataset_expanded/covers_original/Photographic_2_M.bmp,2,Unknown/None,no_known_signature,0,Unknown/None,payload_length_exceeds_capacity,0,3,2378062,little,,0.636485,0,
original_core::Photographic_2_M.bmp,original,core,controlled_original,Photographic_2_M.bmp,/home/kali/stego_dataset_expanded/covers_original/Photographic_2_M.bmp,3,Unknown/None,no_known_signature,0,Unknown/None,payload_length_exceeds_capacity,0,3,1419827,little,,0.707273,0,
original_core::Transparency_1_S.png,original,core,controlled_original,Transparency_1_S.png,/home/kali/stego_dataset_expanded/covers_original/Transparency_1_S.png,1,Unknown/None,no_known_signature,0,Unknown/None,payload_length_exceeds_capacity,0,3,16777215,little,,0.149801,0,
original_core::Transparency_1_S.png,original,core,controlled_original,Transparency_1_S.png,/home/kali/stego_dataset_expanded/covers_original/Transparency_1_S.png,2,Unknown/None,no_known_signature,0,Unknown/None,payload_length_exceeds_capacity,0,3,16777215,little,,0.165238,0,
original_core::Transparency_1_S.png,original,core,controlled_original,Transparency_1_S.png,/home/kali/stego_dataset_expanded/covers_original/Transparency_1_S.png,3,Unknown/None,no_known_signature,0,Unknown/None,payload_length_exceeds_capacity,0,3,16777215,little,,0.172344,0,
original_core::Transparency_2_L.png,original,core,controlled_original,Transparency_2_L.png,/home/kali/stego_dataset_expanded/covers_original/Transparency_2_L.png,1,Unknown/None,no_known_signature,0,Unknown/None,payload_length_exceeds_capacity,0,3,16777215,little,,1.890199,0,
original_core::Transparency_2_L.png,original,core,controlled_original,Transparency_2_L.png,/home/kali/stego_dataset_expanded/covers_original/Transparency_2_L.png,2,Unknown/None,no_known_signature,0,Unknown/None,payload_length_exceeds_capacity,0,3,16777215,little,,1.702977,0,
original_core::Transparency_2_L.png,original,core,controlled_original,Transparency_2_L.png,/home/kali/stego_dataset_expanded/covers_original/Transparency_2_L.png,3,Unknown/None,no_known_signature,0,Unknown/None,payload_length_exceeds_capacity,0,4,4294967295,little,,1.759157,0,
original_xl::XL-Synthetic_10_B.bmp,original,xl,controlled_original,XL-Synthetic_10_B.bmp,/home/kali/stego_dataset_expanded/covers_extended_xl/XL-Synthetic_10_B.bmp,1,Unknown/None,no_known_signature,0,Unknown/None,payload_length_exceeds_capacity,0,4,1765927603,little,,14.697237,0,
original_xl::XL-Synthetic_10_B.bmp,original,xl,controlled_original,XL-Synthetic_10_B.bmp,/home/kali/stego_dataset_expanded/covers_extended_xl/XL-Synthetic_10_B.bmp,2,Unknown/None,no_known_signature,0,Unknown/None,payload_length_exceeds_capacity,0,4,1291628519,little,,14.290489,0,
original_xl::XL-Synthetic_10_B.bmp,original,xl,controlled_original,XL-Synthetic_10_B.bmp,/home/kali/stego_dataset_expanded/covers_extended_xl/XL-Synthetic_10_B.bmp,3,Unknown/None,no_known_signature,0,Unknown/None,payload_length_exceeds_capacity,0,4,2143008120,little,,13.927288,0,
original_xl::XL-Synthetic_10_P.png,original,xl,controlled_original,XL-Synthetic_10_P.png,/home/kali/stego_dataset_expanded/covers_extended_xl/XL-Synthetic_10_P.png,1,Unknown/None,no_known_signature,0,Unknown/None,payload_length_exceeds_capacity,0,3,9142924,little,,0.783036,0,
original_xl::XL-Synthetic_10_P.png,original,xl,controlled_original,XL-Synthetic_10_P.png,/home/kali/stego_dataset_expanded/covers_extended_xl/XL-Synthetic_10_P.png,2,Unknown/None,no_known_signature,0,Unknown/None,payload_length_exceeds_capacity,0,3,6871234,little,,0.766206,0,
original_xl::XL-Synthetic_10_P.png,original,xl,controlled_original,XL-Synthetic_10_P.png,/home/kali/stego_dataset_expanded/covers_extended_xl/XL-Synthetic_10_P.png,3,Unknown/None,no_known_signature,0,Unknown/None,payload_length_exceeds_capacity,0,3,7351920,little,,0.906376,0,
original_xl::XL-Synthetic_11_B.bmp,original,xl,controlled_original,XL-Synthetic_11_B.bmp,/home/kali/stego_dataset_expanded/covers_extended_xl/XL-Synthetic_11_B.bmp,1,Unknown/None,no_known_signature,0,Unknown/None,payload_length_exceeds_capacity,0,4,2243876702,little,,15.147400,0,
original_xl::XL-Synthetic_11_B.bmp,original,xl,controlled_original,XL-Synthetic_11_B.bmp,/home/kali/stego_dataset_expanded/covers_extended_xl/XL-Synthetic_11_B.bmp,2,Unknown/None,no_known_signature,0,Unknown/None,payload_length_exceeds_capacity,0,4,2539380401,little,,16.461976,0,
original_xl::XL-Synthetic_11_B.bmp,original,xl,controlled_original,XL-Synthetic_11_B.bmp,/home/kali/stego_dataset_expanded/covers_extended_xl/XL-Synthetic_11_B.bmp,3,Unknown/None,no_known_signature,0,Unknown/None,payload_length_exceeds_capacity,0,4,2776504140,little,,15.649160,0,
original_xl::XL-Synthetic_11_P.png,original,xl,controlled_original,XL-Synthetic_11_P.png,/home/kali/stego_dataset_expanded/covers_extended_xl/XL-Synthetic_11_P.png,1,Unknown/None,no_known_signature,0,Unknown/None,payload_length_exceeds_capacity,0,3,466105,little,,0.746499,0,
original_xl::XL-Synthetic_11_P.png,original,xl,controlled_original,XL-Synthetic_11_P.png,/home/kali/stego_dataset_expanded/covers_extended_xl/XL-Synthetic_11_P.png,2,Unknown/None,no_known_signature,0,Unknown/None,payload_length_exceeds_capacity,0,3,11094373,little,,0.811082,0,
original_xl::XL-Synthetic_11_P.png,original,xl,controlled_original,XL-Synthetic_11_P.png,/home/kali/stego_dataset_expanded/covers_extended_xl/XL-Synthetic_11_P.png,3,Unknown/None,no_known_signature,0,Unknown/None,payload_length_exceeds_capacity,0,3,3529274,little,,0.788315,0,
original_xl::XL-Synthetic_12_B.bmp,original,xl,controlled_original,XL-Synthetic_12_B.bmp,/home/kali/stego_dataset_expanded/covers_extended_xl/XL-Synthetic_12_B.bmp,1,Unknown/None,no_known_signature,0,Unknown/None,payload_length_exceeds_capacity,0,4,146178246,little,,17.151511,0,
original_xl::XL-Synthetic_12_B.bmp,original,xl,controlled_original,XL-Synthetic_12_B.bmp,/home/kali/stego_dataset_expanded/covers_extended_xl/XL-Synthetic_12_B.bmp,2,Unknown/None,no_known_signature,0,Unknown/None,payload_length_exceeds_capacity,0,4,576732754,little,,17.670021,0,
original_xl::XL-Synthetic_12_B.bmp,original,xl,controlled_original,XL-Synthetic_12_B.bmp,/home/kali/stego_dataset_expanded/covers_extended_xl/XL-Synthetic_12_B.bmp,3,Unknown/None,no_known_signature,0,Unknown/None,payload_length_exceeds_capacity,0,4,2832883748,little,,21.404901,0,
original_xl::XL-Synthetic_12_P.png,original,xl,controlled_original,XL-Synthetic_12_P.png,/home/kali/stego_dataset_expanded/covers_extended_xl/XL-Synthetic_12_P.png,1,Unknown/None,no_known_signature,0,Unknown/None,payload_length_exceeds_capacity,0,3,1226340,little,,0.751823,0,
original_xl::XL-Synthetic_12_P.png,original,xl,controlled_original,XL-Synthetic_12_P.png,/home/kali/stego_dataset_expanded/covers_extended_xl/XL-Synthetic_12_P.png,2,Unknown/None,no_known_signature,0,Unknown/None,payload_length_exceeds_capacity,0,3,4526238,little,,0.704462,0,
original_xl::XL-Synthetic_12_P.png,original,xl,controlled_original,XL-Synthetic_12_P.png,/home/kali/stego_dataset_expanded/covers_extended_xl/XL-Synthetic_12_P.png,3,Unknown/None,no_known_signature,0,Unknown/None,payload_length_exceeds_capacity,0,3,6334549,little,,0.860557,0,
original_xl::XL-Synthetic_13_B.bmp,original,xl,controlled_original,XL-Synthetic_13_B.bmp,/home/kali/stego_dataset_expanded/covers_extended_xl/XL-Synthetic_13_B.bmp,1,Unknown/None,no_known_signature,0,Unknown/None,payload_length_exceeds_capacity,0,4,2994908072,little,,25.650532,0,
original_xl::XL-Synthetic_13_B.bmp,original,xl,controlled_original,XL-Synthetic_13_B.bmp,/home/kali/stego_dataset_expanded/covers_extended_xl/XL-Synthetic_13_B.bmp,2,Unknown/None,no_known_signature,0,Unknown/None,payload_length_exceeds_capacity,0,4,3849118278,little,,23.503195,0,
original_xl::XL-Synthetic_13_B.bmp,original,xl,controlled_original,XL-Synthetic_13_B.bmp,/home/kali/stego_dataset_expanded/covers_extended_xl/XL-Synthetic_13_B.bmp,3,Unknown/None,no_known_signature,0,Unknown/None,payload_length_exceeds_capacity,0,4,2879825568,little,,17.739665,0,
original_xl::XL-Synthetic_13_P.png,original,xl,controlled_original,XL-Synthetic_13_P.png,/home/kali/stego_dataset_expanded/covers_extended_xl/XL-Synthetic_13_P.png,1,Unknown/None,no_known_signature,0,Unknown/None,payload_length_exceeds_capacity,0,3,10478495,little,,0.674541,0,
original_xl::XL-Synthetic_13_P.png,original,xl,controlled_original,XL-Synthetic_13_P.png,/home/kali/stego_dataset_expanded/covers_extended_xl/XL-Synthetic_13_P.png,2,Unknown/None,no_known_signature,0,Unknown/None,payload_length_exceeds_capacity,0,3,6192457,little,,0.703673,0,
original_xl::XL-Synthetic_13_P.png,original,xl,controlled_original,XL-Synthetic_13_P.png,/home/kali/stego_dataset_expanded/covers_extended_xl/XL-Synthetic_13_P.png,3,Unknown/None,no_known_signature,0,Unknown/None,payload_length_exceeds_capacity,0,3,16587441,little,,0.631881,0,
original_xl::XL-Synthetic_14_B.bmp,original,xl,controlled_original,XL-Synthetic_14_B.bmp,/home/kali/stego_dataset_expanded/covers_extended_xl/XL-Synthetic_14_B.bmp,1,Unknown/None,no_known_signature,0,Unknown/None,payload_length_exceeds_capacity,0,4,3375867325,little,,20.111229,0,
original_xl::XL-Synthetic_14_B.bmp,original,xl,controlled_original,XL-Synthetic_14_B.bmp,/home/kali/stego_dataset_expanded/covers_extended_xl/XL-Synthetic_14_B.bmp,2,Unknown/None,no_known_signature,0,Unknown/None,payload_length_exceeds_capacity,0,4,994866021,little,,21.084573,0,
original_xl::XL-Synthetic_14_B.bmp,original,xl,controlled_original,XL-Synthetic_14_B.bmp,/home/kali/stego_dataset_expanded/covers_extended_xl/XL-Synthetic_14_B.bmp,3,Unknown/None,no_known_signature,0,Unknown/None,payload_length_exceeds_capacity,0,4,868473658,little,,20.931278,0,
original_xl::XL-Synthetic_14_P.png,original,xl,controlled_original,XL-Synthetic_14_P.png,/home/kali/stego_dataset_expanded/covers_extended_xl/XL-Synthetic_14_P.png,1,Unknown/None,no_known_signature,0,Unknown/None,payload_length_exceeds_capacity,0,3,6368358,little,,0.698708,0,
original_xl::XL-Synthetic_14_P.png,original,xl,controlled_original,XL-Synthetic_14_P.png,/home/kali/stego_dataset_expanded/covers_extended_xl/XL-Synthetic_14_P.png,2,Unknown/None,no_known_signature,0,Unknown/None,no_known_signature,0,3,308374,little,d0 16 a1 e6 62 f4 71 39,0.608288,0,
original_xl::XL-Synthetic_14_P.png,original,xl,controlled_original,XL-Synthetic_14_P.png,/home/kali/stego_dataset_expanded/covers_extended_xl/XL-Synthetic_14_P.png,3,Unknown/None,no_known_signature,0,Unknown/None,payload_length_exceeds_capacity,0,3,15263174,little,,0.635476,0,
original_xl::XL-Synthetic_15_B.bmp,original,xl,controlled_original,XL-Synthetic_15_B.bmp,/home/kali/stego_dataset_expanded/covers_extended_xl/XL-Synthetic_15_B.bmp,1,Unknown/None,no_known_signature,0,Unknown/None,payload_length_exceeds_capacity,0,4,1456353183,little,,22.869536,0,
original_xl::XL-Synthetic_15_B.bmp,original,xl,controlled_original,XL-Synthetic_15_B.bmp,/home/kali/stego_dataset_expanded/covers_extended_xl/XL-Synthetic_15_B.bmp,2,Unknown/None,no_known_signature,0,Unknown/None,payload_length_exceeds_capacity,0,4,1569486275,little,,23.812590,0,
original_xl::XL-Synthetic_15_B.bmp,original,xl,controlled_original,XL-Synthetic_15_B.bmp,/home/kali/stego_dataset_expanded/covers_extended_xl/XL-Synthetic_15_B.bmp,3,Unknown/None,no_known_signature,0,Unknown/None,payload_length_exceeds_capacity,0,4,1408053986,little,,23.226937,0,
original_xl::XL-Synthetic_15_P.png,original,xl,controlled_original,XL-Synthetic_15_P.png,/home/kali/stego_dataset_expanded/covers_extended_xl/XL-Synthetic_15_P.png,1,Unknown/None,no_known_signature,0,Unknown/None,payload_length_exceeds_capacity,0,3,14655702,little,,0.728869,0,
original_xl::XL-Synthetic_15_P.png,original,xl,controlled_original,XL-Synthetic_15_P.png,/home/kali/stego_dataset_expanded/covers_extended_xl/XL-Synthetic_15_P.png,2,Unknown/None,no_known_signature,0,Unknown/None,payload_length_exceeds_capacity,0,3,5158609,little,,0.645544,0,
original_xl::XL-Synthetic_15_P.png,original,xl,controlled_original,XL-Synthetic_15_P.png,/home/kali/stego_dataset_expanded/covers_extended_xl/XL-Synthetic_15_P.png,3,Unknown/None,no_known_signature,0,Unknown/None,payload_length_exceeds_capacity,0,3,15602788,little,,0.569337,0,
original_xl::XL-Synthetic_1_B.bmp,original,xl,controlled_original,XL-Synthetic_1_B.bmp,/home/kali/stego_dataset_expanded/covers_extended_xl/XL-Synthetic_1_B.bmp,1,Unknown/None,no_known_signature,0,Unknown/None,no_known_signature,0,3,16129,little,0c 77 f9 fb ab 38 3a f4,3.369097,0,
original_xl::XL-Synthetic_1_B.bmp,original,xl,controlled_original,XL-Synthetic_1_B.bmp,/home/kali/stego_dataset_expanded/covers_extended_xl/XL-Synthetic_1_B.bmp,2,Unknown/None,no_known_signature,0,Unknown/None,payload_length_exceeds_capacity,0,4,4155345672,little,,3.211442,0,
original_xl::XL-Synthetic_1_B.bmp,original,xl,controlled_original,XL-Synthetic_1_B.bmp,/home/kali/stego_dataset_expanded/covers_extended_xl/XL-Synthetic_1_B.bmp,3,Unknown/None,no_known_signature,0,Unknown/None,payload_length_exceeds_capacity,0,4,1259556113,little,,3.021724,0,
original_xl::XL-Synthetic_1_P.png,original,xl,controlled_original,XL-Synthetic_1_P.png,/home/kali/stego_dataset_expanded/covers_extended_xl/XL-Synthetic_1_P.png,1,Unknown/None,no_known_signature,0,Unknown/None,payload_length_exceeds_capacity,0,3,10579308,little,,0.669391,0,
original_xl::XL-Synthetic_1_P.png,original,xl,controlled_original,XL-Synthetic_1_P.png,/home/kali/stego_dataset_expanded/covers_extended_xl/XL-Synthetic_1_P.png,2,Unknown/None,no_known_signature,0,Unknown/None,payload_length_exceeds_capacity,0,3,9730748,little,,0.671840,0,
original_xl::XL-Synthetic_1_P.png,original,xl,controlled_original,XL-Synthetic_1_P.png,/home/kali/stego_dataset_expanded/covers_extended_xl/XL-Synthetic_1_P.png,3,Unknown/None,no_known_signature,0,Unknown/None,payload_length_exceeds_capacity,0,3,16155597,little,,0.684912,0,
original_xl::XL-Synthetic_2_B.bmp,original,xl,controlled_original,XL-Synthetic_2_B.bmp,/home/kali/stego_dataset_expanded/covers_extended_xl/XL-Synthetic_2_B.bmp,1,Unknown/None,no_known_signature,0,Unknown/None,payload_length_exceeds_capacity,0,3,13381799,little,,4.000996,0,
original_xl::XL-Synthetic_2_B.bmp,original,xl,controlled_original,XL-Synthetic_2_B.bmp,/home/kali/stego_dataset_expanded/covers_extended_xl/XL-Synthetic_2_B.bmp,2,Unknown/None,no_known_signature,0,Unknown/None,no_known_signature,0,4,376294,little,52 f0 86 76 f7 96 5f 1e,3.463597,0,
original_xl::XL-Synthetic_2_B.bmp,original,xl,controlled_original,XL-Synthetic_2_B.bmp,/home/kali/stego_dataset_expanded/covers_extended_xl/XL-Synthetic_2_B.bmp,3,Unknown/None,no_known_signature,0,Unknown/None,payload_length_exceeds_capacity,0,4,282961018,little,,3.195025,0,
original_xl::XL-Synthetic_2_P.png,original,xl,controlled_original,XL-Synthetic_2_P.png,/home/kali/stego_dataset_expanded/covers_extended_xl/XL-Synthetic_2_P.png,1,Unknown/None,no_known_signature,0,Unknown/None,payload_length_exceeds_capacity,0,3,14011606,little,,0.661940,0,
original_xl::XL-Synthetic_2_P.png,original,xl,controlled_original,XL-Synthetic_2_P.png,/home/kali/stego_dataset_expanded/covers_extended_xl/XL-Synthetic_2_P.png,2,Unknown/None,no_known_signature,0,Unknown/None,payload_length_exceeds_capacity,0,3,13775993,little,,0.641418,0,
original_xl::XL-Synthetic_2_P.png,original,xl,controlled_original,XL-Synthetic_2_P.png,/home/kali/stego_dataset_expanded/covers_extended_xl/XL-Synthetic_2_P.png,3,Unknown/None,no_known_signature,0,Unknown/None,payload_length_exceeds_capacity,0,3,13375935,little,,0.729991,0,
original_xl::XL-Synthetic_3_B.bmp,original,xl,controlled_original,XL-Synthetic_3_B.bmp,/home/kali/stego_dataset_expanded/covers_extended_xl/XL-Synthetic_3_B.bmp,1,Unknown/None,no_known_signature,0,Unknown/None,payload_length_exceeds_capacity,0,4,4254087535,little,,4.222503,0,
original_xl::XL-Synthetic_3_B.bmp,original,xl,controlled_original,XL-Synthetic_3_B.bmp,/home/kali/stego_dataset_expanded/covers_extended_xl/XL-Synthetic_3_B.bmp,2,Unknown/None,no_known_signature,0,Unknown/None,payload_length_exceeds_capacity,0,4,3380968724,little,,3.609280,0,
original_xl::XL-Synthetic_3_B.bmp,original,xl,controlled_original,XL-Synthetic_3_B.bmp,/home/kali/stego_dataset_expanded/covers_extended_xl/XL-Synthetic_3_B.bmp,3,Unknown/None,no_known_signature,0,Unknown/None,payload_length_exceeds_capacity,0,4,3503917590,little,,3.456002,0,
original_xl::XL-Synthetic_3_P.png,original,xl,controlled_original,XL-Synthetic_3_P.png,/home/kali/stego_dataset_expanded/covers_extended_xl/XL-Synthetic_3_P.png,1,Unknown/None,no_known_signature,0,Unknown/None,payload_length_exceeds_capacity,0,3,11124619,little,,0.647227,0,
original_xl::XL-Synthetic_3_P.png,original,xl,controlled_original,XL-Synthetic_3_P.png,/home/kali/stego_dataset_expanded/covers_extended_xl/XL-Synthetic_3_P.png,2,Unknown/None,no_known_signature,0,Unknown/None,payload_length_exceeds_capacity,0,3,7171938,little,,0.660279,0,
original_xl::XL-Synthetic_3_P.png,original,xl,controlled_original,XL-Synthetic_3_P.png,/home/kali/stego_dataset_expanded/covers_extended_xl/XL-Synthetic_3_P.png,3,Unknown/None,no_known_signature,0,Unknown/None,payload_length_exceeds_capacity,0,3,10429114,little,,0.696800,0,
original_xl::XL-Synthetic_4_B.bmp,original,xl,controlled_original,XL-Synthetic_4_B.bmp,/home/kali/stego_dataset_expanded/covers_extended_xl/XL-Synthetic_4_B.bmp,1,Unknown/None,no_known_signature,0,Unknown/None,payload_length_exceeds_capacity,0,4,3512062423,little,,3.739298,0,
original_xl::XL-Synthetic_4_B.bmp,original,xl,controlled_original,XL-Synthetic_4_B.bmp,/home/kali/stego_dataset_expanded/covers_extended_xl/XL-Synthetic_4_B.bmp,2,Unknown/None,no_known_signature,0,Unknown/None,payload_length_exceeds_capacity,0,4,2205791611,little,,3.867050,0,
original_xl::XL-Synthetic_4_B.bmp,original,xl,controlled_original,XL-Synthetic_4_B.bmp,/home/kali/stego_dataset_expanded/covers_extended_xl/XL-Synthetic_4_B.bmp,3,Unknown/None,no_known_signature,0,Unknown/None,payload_length_exceeds_capacity,0,4,3217652927,little,,3.883754,0,
original_xl::XL-Synthetic_4_P.png,original,xl,controlled_original,XL-Synthetic_4_P.png,/home/kali/stego_dataset_expanded/covers_extended_xl/XL-Synthetic_4_P.png,1,Unknown/None,no_known_signature,0,Unknown/None,payload_length_exceeds_capacity,0,3,12679132,little,,0.706717,0,
original_xl::XL-Synthetic_4_P.png,original,xl,controlled_original,XL-Synthetic_4_P.png,/home/kali/stego_dataset_expanded/covers_extended_xl/XL-Synthetic_4_P.png,2,Unknown/None,no_known_signature,0,Unknown/None,payload_length_exceeds_capacity,0,3,10475611,little,,0.635870,0,
original_xl::XL-Synthetic_4_P.png,original,xl,controlled_original,XL-Synthetic_4_P.png,/home/kali/stego_dataset_expanded/covers_extended_xl/XL-Synthetic_4_P.png,3,Unknown/None,no_known_signature,0,Unknown/None,payload_length_exceeds_capacity,0,3,7354151,little,,0.644181,0,
original_xl::XL-Synthetic_5_B.bmp,original,xl,controlled_original,XL-Synthetic_5_B.bmp,/home/kali/stego_dataset_expanded/covers_extended_xl/XL-Synthetic_5_B.bmp,1,Unknown/None,no_known_signature,0,Unknown/None,payload_length_exceeds_capacity,0,4,1218416351,little,,4.254925,0,
original_xl::XL-Synthetic_5_B.bmp,original,xl,controlled_original,XL-Synthetic_5_B.bmp,/home/kali/stego_dataset_expanded/covers_extended_xl/XL-Synthetic_5_B.bmp,2,Unknown/None,no_known_signature,0,Unknown/None,payload_length_exceeds_capacity,0,4,2095642099,little,,4.168230,0,
original_xl::XL-Synthetic_5_B.bmp,original,xl,controlled_original,XL-Synthetic_5_B.bmp,/home/kali/stego_dataset_expanded/covers_extended_xl/XL-Synthetic_5_B.bmp,3,Unknown/None,no_known_signature,0,Unknown/None,payload_length_exceeds_capacity,0,4,4224548476,little,,4.136763,0,
original_xl::XL-Synthetic_5_P.png,original,xl,controlled_original,XL-Synthetic_5_P.png,/home/kali/stego_dataset_expanded/covers_extended_xl/XL-Synthetic_5_P.png,1,Unknown/None,no_known_signature,0,Unknown/None,payload_length_exceeds_capacity,0,3,1605872,little,,0.710668,0,
original_xl::XL-Synthetic_5_P.png,original,xl,controlled_original,XL-Synthetic_5_P.png,/home/kali/stego_dataset_expanded/covers_extended_xl/XL-Synthetic_5_P.png,2,Unknown/None,no_known_signature,0,Unknown/None,payload_length_exceeds_capacity,0,3,12748887,little,,0.821676,0,
original_xl::XL-Synthetic_5_P.png,original,xl,controlled_original,XL-Synthetic_5_P.png,/home/kali/stego_dataset_expanded/covers_extended_xl/XL-Synthetic_5_P.png,3,Unknown/None,no_known_signature,0,Unknown/None,payload_length_exceeds_capacity,0,3,1373494,little,,0.630801,0,
original_xl::XL-Synthetic_6_B.bmp,original,xl,controlled_original,XL-Synthetic_6_B.bmp,/home/kali/stego_dataset_expanded/covers_extended_xl/XL-Synthetic_6_B.bmp,1,Unknown/None,no_known_signature,0,Unknown/None,payload_length_exceeds_capacity,0,4,4109118795,little,,4.557635,0,
original_xl::XL-Synthetic_6_B.bmp,original,xl,controlled_original,XL-Synthetic_6_B.bmp,/home/kali/stego_dataset_expanded/covers_extended_xl/XL-Synthetic_6_B.bmp,2,Unknown/None,no_known_signature,0,Unknown/None,payload_length_exceeds_capacity,0,4,4222018866,little,,5.014695,0,
original_xl::XL-Synthetic_6_B.bmp,original,xl,controlled_original,XL-Synthetic_6_B.bmp,/home/kali/stego_dataset_expanded/covers_extended_xl/XL-Synthetic_6_B.bmp,3,Unknown/None,no_known_signature,0,Unknown/None,payload_length_exceeds_capacity,0,4,1252617740,little,,4.504737,0,
original_xl::XL-Synthetic_6_P.png,original,xl,controlled_original,XL-Synthetic_6_P.png,/home/kali/stego_dataset_expanded/covers_extended_xl/XL-Synthetic_6_P.png,1,Unknown/None,no_known_signature,0,Unknown/None,payload_length_exceeds_capacity,0,3,5700694,little,,0.675977,0,
original_xl::XL-Synthetic_6_P.png,original,xl,controlled_original,XL-Synthetic_6_P.png,/home/kali/stego_dataset_expanded/covers_extended_xl/XL-Synthetic_6_P.png,2,Unknown/None,no_known_signature,0,Unknown/None,payload_length_exceeds_capacity,0,3,16594577,little,,0.624129,0,
original_xl::XL-Synthetic_6_P.png,original,xl,controlled_original,XL-Synthetic_6_P.png,/home/kali/stego_dataset_expanded/covers_extended_xl/XL-Synthetic_6_P.png,3,Unknown/None,no_known_signature,0,Unknown/None,payload_length_exceeds_capacity,0,3,15601748,little,,0.663883,0,
original_xl::XL-Synthetic_7_B.bmp,original,xl,controlled_original,XL-Synthetic_7_B.bmp,/home/kali/stego_dataset_expanded/covers_extended_xl/XL-Synthetic_7_B.bmp,1,Unknown/None,no_known_signature,0,Unknown/None,payload_length_exceeds_capacity,0,4,1737750947,little,,4.835728,0,
original_xl::XL-Synthetic_7_B.bmp,original,xl,controlled_original,XL-Synthetic_7_B.bmp,/home/kali/stego_dataset_expanded/covers_extended_xl/XL-Synthetic_7_B.bmp,2,Unknown/None,no_known_signature,0,Unknown/None,payload_length_exceeds_capacity,0,4,1803366380,little,,4.812989,0,
original_xl::XL-Synthetic_7_B.bmp,original,xl,controlled_original,XL-Synthetic_7_B.bmp,/home/kali/stego_dataset_expanded/covers_extended_xl/XL-Synthetic_7_B.bmp,3,Unknown/None,no_known_signature,0,Unknown/None,payload_length_exceeds_capacity,0,4,2948581865,little,,4.762599,0,
original_xl::XL-Synthetic_7_P.png,original,xl,controlled_original,XL-Synthetic_7_P.png,/home/kali/stego_dataset_expanded/covers_extended_xl/XL-Synthetic_7_P.png,1,Unknown/None,no_known_signature,0,Unknown/None,payload_length_exceeds_capacity,0,3,9880117,little,,0.659504,0,
original_xl::XL-Synthetic_7_P.png,original,xl,controlled_original,XL-Synthetic_7_P.png,/home/kali/stego_dataset_expanded/covers_extended_xl/XL-Synthetic_7_P.png,2,Unknown/None,no_known_signature,0,Unknown/None,payload_length_exceeds_capacity,0,3,16423173,little,,0.690380,0,
original_xl::XL-Synthetic_7_P.png,original,xl,controlled_original,XL-Synthetic_7_P.png,/home/kali/stego_dataset_expanded/covers_extended_xl/XL-Synthetic_7_P.png,3,Unknown/None,no_known_signature,0,Unknown/None,payload_length_exceeds_capacity,0,3,7460112,little,,0.713469,0,
original_xl::XL-Synthetic_8_B.bmp,original,xl,controlled_original,XL-Synthetic_8_B.bmp,/home/kali/stego_dataset_expanded/covers_extended_xl/XL-Synthetic_8_B.bmp,1,Unknown/None,no_known_signature,0,Unknown/None,payload_length_exceeds_capacity,0,4,616403746,little,,7.304728,0,
original_xl::XL-Synthetic_8_B.bmp,original,xl,controlled_original,XL-Synthetic_8_B.bmp,/home/kali/stego_dataset_expanded/covers_extended_xl/XL-Synthetic_8_B.bmp,2,Unknown/None,no_known_signature,0,Unknown/None,payload_length_exceeds_capacity,0,4,2940931590,little,,7.281761,0,
original_xl::XL-Synthetic_8_B.bmp,original,xl,controlled_original,XL-Synthetic_8_B.bmp,/home/kali/stego_dataset_expanded/covers_extended_xl/XL-Synthetic_8_B.bmp,3,Unknown/None,no_known_signature,0,Unknown/None,payload_length_exceeds_capacity,0,4,2704974208,little,,7.104992,0,
original_xl::XL-Synthetic_8_P.png,original,xl,controlled_original,XL-Synthetic_8_P.png,/home/kali/stego_dataset_expanded/covers_extended_xl/XL-Synthetic_8_P.png,1,Unknown/None,no_known_signature,0,Unknown/None,payload_length_exceeds_capacity,0,3,12994269,little,,0.644846,0,
original_xl::XL-Synthetic_8_P.png,original,xl,controlled_original,XL-Synthetic_8_P.png,/home/kali/stego_dataset_expanded/covers_extended_xl/XL-Synthetic_8_P.png,2,Unknown/None,no_known_signature,0,Unknown/None,payload_length_exceeds_capacity,0,3,1208817,little,,0.673926,0,
original_xl::XL-Synthetic_8_P.png,original,xl,controlled_original,XL-Synthetic_8_P.png,/home/kali/stego_dataset_expanded/covers_extended_xl/XL-Synthetic_8_P.png,3,Unknown/None,no_known_signature,0,Unknown/None,payload_length_exceeds_capacity,0,3,15014764,little,,0.583410,0,
original_xl::XL-Synthetic_9_B.bmp,original,xl,controlled_original,XL-Synthetic_9_B.bmp,/home/kali/stego_dataset_expanded/covers_extended_xl/XL-Synthetic_9_B.bmp,1,Unknown/None,no_known_signature,0,Unknown/None,payload_length_exceeds_capacity,0,4,3632050231,little,,9.288018,0,
original_xl::XL-Synthetic_9_B.bmp,original,xl,controlled_original,XL-Synthetic_9_B.bmp,/home/kali/stego_dataset_expanded/covers_extended_xl/XL-Synthetic_9_B.bmp,2,Unknown/None,no_known_signature,0,Unknown/None,payload_length_exceeds_capacity,0,4,2690981263,little,,9.856886,0,
original_xl::XL-Synthetic_9_B.bmp,original,xl,controlled_original,XL-Synthetic_9_B.bmp,/home/kali/stego_dataset_expanded/covers_extended_xl/XL-Synthetic_9_B.bmp,3,Unknown/None,no_known_signature,0,Unknown/None,payload_length_exceeds_capacity,0,4,679342273,little,,9.694468,0,
original_xl::XL-Synthetic_9_P.png,original,xl,controlled_original,XL-Synthetic_9_P.png,/home/kali/stego_dataset_expanded/covers_extended_xl/XL-Synthetic_9_P.png,1,Unknown/None,no_known_signature,0,Unknown/None,payload_length_exceeds_capacity,0,3,10895528,little,,0.686476,0,
original_xl::XL-Synthetic_9_P.png,original,xl,controlled_original,XL-Synthetic_9_P.png,/home/kali/stego_dataset_expanded/covers_extended_xl/XL-Synthetic_9_P.png,2,Unknown/None,no_known_signature,0,Unknown/None,payload_length_exceeds_capacity,0,3,11561166,little,,0.716058,0,
original_xl::XL-Synthetic_9_P.png,original,xl,controlled_original,XL-Synthetic_9_P.png,/home/kali/stego_dataset_expanded/covers_extended_xl/XL-Synthetic_9_P.png,3,Unknown/None,no_known_signature,0,Unknown/None,payload_length_exceeds_capacity,0,3,11840499,little,,0.643993,0,
camera_photos_001,expanded,independent,camera_photos,camera_photos_001.png,/home/kali/stego_dataset_expanded/clean_image_expanded_test/renamed_clean_images/camera_photos/camera_photos_001.png,1,Unknown/None,no_known_signature,0,Unknown/None,payload_length_exceeds_capacity,0,3,14431958,little,,0.332550,0,
camera_photos_001,expanded,independent,camera_photos,camera_photos_001.png,/home/kali/stego_dataset_expanded/clean_image_expanded_test/renamed_clean_images/camera_photos/camera_photos_001.png,2,Unknown/None,no_known_signature,0,Unknown/None,payload_length_exceeds_capacity,0,3,8862809,little,,0.316102,0,
camera_photos_001,expanded,independent,camera_photos,camera_photos_001.png,/home/kali/stego_dataset_expanded/clean_image_expanded_test/renamed_clean_images/camera_photos/camera_photos_001.png,3,Unknown/None,no_known_signature,0,Unknown/None,payload_length_exceeds_capacity,0,3,14422309,little,,0.324452,0,
camera_photos_002,expanded,independent,camera_photos,camera_photos_002.png,/home/kali/stego_dataset_expanded/clean_image_expanded_test/renamed_clean_images/camera_photos/camera_photos_002.png,1,Unknown/None,no_known_signature,0,Unknown/None,payload_length_exceeds_capacity,0,3,9742023,little,,0.325408,0,
camera_photos_002,expanded,independent,camera_photos,camera_photos_002.png,/home/kali/stego_dataset_expanded/clean_image_expanded_test/renamed_clean_images/camera_photos/camera_photos_002.png,2,Unknown/None,no_known_signature,0,Unknown/None,payload_length_exceeds_capacity,0,3,4503384,little,,0.408884,0,
camera_photos_002,expanded,independent,camera_photos,camera_photos_002.png,/home/kali/stego_dataset_expanded/clean_image_expanded_test/renamed_clean_images/camera_photos/camera_photos_002.png,3,Unknown/None,no_known_signature,0,Unknown/None,payload_length_exceeds_capacity,0,3,13305253,little,,0.298974,0,
camera_photos_003,expanded,independent,camera_photos,camera_photos_003.png,/home/kali/stego_dataset_expanded/clean_image_expanded_test/renamed_clean_images/camera_photos/camera_photos_003.png,1,Unknown/None,no_known_signature,0,Unknown/None,payload_length_exceeds_capacity,0,3,16476448,little,,0.361670,0,
camera_photos_003,expanded,independent,camera_photos,camera_photos_003.png,/home/kali/stego_dataset_expanded/clean_image_expanded_test/renamed_clean_images/camera_photos/camera_photos_003.png,2,Unknown/None,no_known_signature,0,Unknown/None,payload_length_exceeds_capacity,0,3,1343622,little,,0.356265,0,
camera_photos_003,expanded,independent,camera_photos,camera_photos_003.png,/home/kali/stego_dataset_expanded/clean_image_expanded_test/renamed_clean_images/camera_photos/camera_photos_003.png,3,Unknown/None,no_known_signature,0,Unknown/None,payload_length_exceeds_capacity,0,3,2401616,little,,0.323785,0,
camera_photos_004,expanded,independent,camera_photos,camera_photos_004.png,/home/kali/stego_dataset_expanded/clean_image_expanded_test/renamed_clean_images/camera_photos/camera_photos_004.png,1,Unknown/None,no_known_signature,0,Unknown/None,payload_length_exceeds_capacity,0,3,16285483,little,,0.333468,0,
camera_photos_004,expanded,independent,camera_photos,camera_photos_004.png,/home/kali/stego_dataset_expanded/clean_image_expanded_test/renamed_clean_images/camera_photos/camera_photos_004.png,2,Unknown/None,no_known_signature,0,Unknown/None,payload_length_exceeds_capacity,0,3,3525924,little,,0.311420,0,
camera_photos_004,expanded,independent,camera_photos,camera_photos_004.png,/home/kali/stego_dataset_expanded/clean_image_expanded_test/renamed_clean_images/camera_photos/camera_photos_004.png,3,Unknown/None,no_known_signature,0,Unknown/None,payload_length_exceeds_capacity,0,3,1675016,little,,0.360791,0,
camera_photos_005,expanded,independent,camera_photos,camera_photos_005.png,/home/kali/stego_dataset_expanded/clean_image_expanded_test/renamed_clean_images/camera_photos/camera_photos_005.png,1,Unknown/None,no_known_signature,0,Unknown/None,payload_length_exceeds_capacity,0,3,281022,little,,0.324635,0,
camera_photos_005,expanded,independent,camera_photos,camera_photos_005.png,/home/kali/stego_dataset_expanded/clean_image_expanded_test/renamed_clean_images/camera_photos/camera_photos_005.png,2,Unknown/None,no_known_signature,0,Unknown/None,payload_length_exceeds_capacity,0,3,1603181,little,,0.287937,0,
camera_photos_005,expanded,independent,camera_photos,camera_photos_005.png,/home/kali/stego_dataset_expanded/clean_image_expanded_test/renamed_clean_images/camera_photos/camera_photos_005.png,3,Unknown/None,no_known_signature,0,Unknown/None,payload_length_exceeds_capacity,0,3,13540155,little,,0.278820,0,
camera_photos_006,expanded,independent,camera_photos,camera_photos_006.png,/home/kali/stego_dataset_expanded/clean_image_expanded_test/renamed_clean_images/camera_photos/camera_photos_006.png,1,Unknown/None,no_known_signature,0,Unknown/None,payload_length_exceeds_capacity,0,3,10359472,little,,0.331211,0,
camera_photos_006,expanded,independent,camera_photos,camera_photos_006.png,/home/kali/stego_dataset_expanded/clean_image_expanded_test/renamed_clean_images/camera_photos/camera_photos_006.png,2,Unknown/None,no_known_signature,0,Unknown/None,no_known_signature,0,3,240197,little,0c 41 d4 51 45 29 a6 9a,0.315527,0,
camera_photos_006,expanded,independent,camera_photos,camera_photos_006.png,/home/kali/stego_dataset_expanded/clean_image_expanded_test/renamed_clean_images/camera_photos/camera_photos_006.png,3,Unknown/None,no_known_signature,0,Unknown/None,payload_length_exceeds_capacity,0,3,9606306,little,,0.260989,0,
camera_photos_007,expanded,independent,camera_photos,camera_photos_007.png,/home/kali/stego_dataset_expanded/clean_image_expanded_test/renamed_clean_images/camera_photos/camera_photos_007.png,1,Unknown/None,no_known_signature,0,Unknown/None,payload_length_exceeds_capacity,0,3,5783135,little,,0.316290,0,
camera_photos_007,expanded,independent,camera_photos,camera_photos_007.png,/home/kali/stego_dataset_expanded/clean_image_expanded_test/renamed_clean_images/camera_photos/camera_photos_007.png,2,Unknown/None,no_known_signature,0,Unknown/None,payload_length_exceeds_capacity,0,3,9404209,little,,0.350035,0,
camera_photos_007,expanded,independent,camera_photos,camera_photos_007.png,/home/kali/stego_dataset_expanded/clean_image_expanded_test/renamed_clean_images/camera_photos/camera_photos_007.png,3,Unknown/None,no_known_signature,0,Unknown/None,payload_length_exceeds_capacity,0,3,14357004,little,,0.298553,0,
camera_photos_008,expanded,independent,camera_photos,camera_photos_008.png,/home/kali/stego_dataset_expanded/clean_image_expanded_test/renamed_clean_images/camera_photos/camera_photos_008.png,1,Unknown/None,no_known_signature,0,Unknown/None,payload_length_exceeds_capacity,0,3,10331382,little,,0.287427,0,
camera_photos_008,expanded,independent,camera_photos,camera_photos_008.png,/home/kali/stego_dataset_expanded/clean_image_expanded_test/renamed_clean_images/camera_photos/camera_photos_008.png,2,Unknown/None,no_known_signature,0,Unknown/None,payload_length_exceeds_capacity,0,3,13418101,little,,0.322550,0,
camera_photos_008,expanded,independent,camera_photos,camera_photos_008.png,/home/kali/stego_dataset_expanded/clean_image_expanded_test/renamed_clean_images/camera_photos/camera_photos_008.png,3,Unknown/None,no_known_signature,0,Unknown/None,payload_length_exceeds_capacity,0,3,14586926,little,,0.293368,0,
camera_photos_009,expanded,independent,camera_photos,camera_photos_009.png,/home/kali/stego_dataset_expanded/clean_image_expanded_test/renamed_clean_images/camera_photos/camera_photos_009.png,1,Unknown/None,no_known_signature,0,Unknown/None,payload_length_exceeds_capacity,0,3,8872216,little,,0.322166,0,
camera_photos_009,expanded,independent,camera_photos,camera_photos_009.png,/home/kali/stego_dataset_expanded/clean_image_expanded_test/renamed_clean_images/camera_photos/camera_photos_009.png,2,Unknown/None,no_known_signature,0,Unknown/None,payload_length_exceeds_capacity,0,3,12511915,little,,0.262349,0,
camera_photos_009,expanded,independent,camera_photos,camera_photos_009.png,/home/kali/stego_dataset_expanded/clean_image_expanded_test/renamed_clean_images/camera_photos/camera_photos_009.png,3,Unknown/None,no_known_signature,0,Unknown/None,payload_length_exceeds_capacity,0,3,9582411,little,,0.311270,0,
camera_photos_010,expanded,independent,camera_photos,camera_photos_010.png,/home/kali/stego_dataset_expanded/clean_image_expanded_test/renamed_clean_images/camera_photos/camera_photos_010.png,1,Unknown/None,no_known_signature,0,Unknown/None,payload_length_exceeds_capacity,0,3,5125141,little,,0.333950,0,
camera_photos_010,expanded,independent,camera_photos,camera_photos_010.png,/home/kali/stego_dataset_expanded/clean_image_expanded_test/renamed_clean_images/camera_photos/camera_photos_010.png,2,Unknown/None,no_known_signature,0,Unknown/None,payload_length_exceeds_capacity,0,3,2431235,little,,0.316917,0,
camera_photos_010,expanded,independent,camera_photos,camera_photos_010.png,/home/kali/stego_dataset_expanded/clean_image_expanded_test/renamed_clean_images/camera_photos/camera_photos_010.png,3,Unknown/None,no_known_signature,0,Unknown/None,payload_length_exceeds_capacity,0,3,7420176,little,,0.298319,0,
camera_photos_011,expanded,independent,camera_photos,camera_photos_011.png,/home/kali/stego_dataset_expanded/clean_image_expanded_test/renamed_clean_images/camera_photos/camera_photos_011.png,1,Unknown/None,no_known_signature,0,Unknown/None,payload_length_exceeds_capacity,0,3,16350523,little,,0.300568,0,
camera_photos_011,expanded,independent,camera_photos,camera_photos_011.png,/home/kali/stego_dataset_expanded/clean_image_expanded_test/renamed_clean_images/camera_photos/camera_photos_011.png,2,Unknown/None,no_known_signature,0,Unknown/None,payload_length_exceeds_capacity,0,3,4026117,little,,0.310390,0,
camera_photos_011,expanded,independent,camera_photos,camera_photos_011.png,/home/kali/stego_dataset_expanded/clean_image_expanded_test/renamed_clean_images/camera_photos/camera_photos_011.png,3,Unknown/None,no_known_signature,0,Unknown/None,payload_length_exceeds_capacity,0,3,12573440,little,,0.312848,0,
camera_photos_012,expanded,independent,camera_photos,camera_photos_012.png,/home/kali/stego_dataset_expanded/clean_image_expanded_test/renamed_clean_images/camera_photos/camera_photos_012.png,1,Unknown/None,no_known_signature,0,Unknown/None,payload_length_exceeds_capacity,0,3,6974865,little,,0.320724,0,
camera_photos_012,expanded,independent,camera_photos,camera_photos_012.png,/home/kali/stego_dataset_expanded/clean_image_expanded_test/renamed_clean_images/camera_photos/camera_photos_012.png,2,Unknown/None,no_known_signature,0,Unknown/None,payload_length_exceeds_capacity,0,3,9839049,little,,0.305842,0,
camera_photos_012,expanded,independent,camera_photos,camera_photos_012.png,/home/kali/stego_dataset_expanded/clean_image_expanded_test/renamed_clean_images/camera_photos/camera_photos_012.png,3,Unknown/None,no_known_signature,0,Unknown/None,payload_length_exceeds_capacity,0,3,10557937,little,,0.375706,0,
camera_photos_013,expanded,independent,camera_photos,camera_photos_013.png,/home/kali/stego_dataset_expanded/clean_image_expanded_test/renamed_clean_images/camera_photos/camera_photos_013.png,1,Unknown/None,no_known_signature,0,Unknown/None,payload_length_exceeds_capacity,0,3,7737997,little,,0.332900,0,
camera_photos_013,expanded,independent,camera_photos,camera_photos_013.png,/home/kali/stego_dataset_expanded/clean_image_expanded_test/renamed_clean_images/camera_photos/camera_photos_013.png,2,Unknown/None,no_known_signature,0,Unknown/None,payload_length_exceeds_capacity,0,3,2191690,little,,0.366278,0,
camera_photos_013,expanded,independent,camera_photos,camera_photos_013.png,/home/kali/stego_dataset_expanded/clean_image_expanded_test/renamed_clean_images/camera_photos/camera_photos_013.png,3,Unknown/None,no_known_signature,0,Unknown/None,payload_length_exceeds_capacity,0,3,12675635,little,,0.324130,0,
camera_photos_014,expanded,independent,camera_photos,camera_photos_014.png,/home/kali/stego_dataset_expanded/clean_image_expanded_test/renamed_clean_images/camera_photos/camera_photos_014.png,1,Unknown/None,no_known_signature,0,Unknown/None,payload_length_exceeds_capacity,0,3,14551295,little,,0.360567,0,
camera_photos_014,expanded,independent,camera_photos,camera_photos_014.png,/home/kali/stego_dataset_expanded/clean_image_expanded_test/renamed_clean_images/camera_photos/camera_photos_014.png,2,Unknown/None,no_known_signature,0,Unknown/None,payload_length_exceeds_capacity,0,3,11198325,little,,0.313006,0,
camera_photos_014,expanded,independent,camera_photos,camera_photos_014.png,/home/kali/stego_dataset_expanded/clean_image_expanded_test/renamed_clean_images/camera_photos/camera_photos_014.png,3,Unknown/None,no_known_signature,0,Unknown/None,payload_length_exceeds_capacity,0,3,8377902,little,,0.300709,0,
camera_photos_015,expanded,independent,camera_photos,camera_photos_015.png,/home/kali/stego_dataset_expanded/clean_image_expanded_test/renamed_clean_images/camera_photos/camera_photos_015.png,1,Unknown/None,no_known_signature,0,Unknown/None,payload_length_exceeds_capacity,0,3,5116502,little,,0.317902,0,
camera_photos_015,expanded,independent,camera_photos,camera_photos_015.png,/home/kali/stego_dataset_expanded/clean_image_expanded_test/renamed_clean_images/camera_photos/camera_photos_015.png,2,Unknown/None,no_known_signature,0,Unknown/None,payload_length_exceeds_capacity,0,3,8633393,little,,0.353072,0,
camera_photos_015,expanded,independent,camera_photos,camera_photos_015.png,/home/kali/stego_dataset_expanded/clean_image_expanded_test/renamed_clean_images/camera_photos/camera_photos_015.png,3,Unknown/None,no_known_signature,0,Unknown/None,payload_length_exceeds_capacity,0,3,14423052,little,,0.292486,0,
camera_photos_016,expanded,independent,camera_photos,camera_photos_016.png,/home/kali/stego_dataset_expanded/clean_image_expanded_test/renamed_clean_images/camera_photos/camera_photos_016.png,1,Unknown/None,no_known_signature,0,Unknown/None,payload_length_exceeds_capacity,0,3,12545311,little,,0.361571,0,
camera_photos_016,expanded,independent,camera_photos,camera_photos_016.png,/home/kali/stego_dataset_expanded/clean_image_expanded_test/renamed_clean_images/camera_photos/camera_photos_016.png,2,Unknown/None,no_known_signature,0,Unknown/None,payload_length_exceeds_capacity,0,3,9756579,little,,0.355511,0,
camera_photos_016,expanded,independent,camera_photos,camera_photos_016.png,/home/kali/stego_dataset_expanded/clean_image_expanded_test/renamed_clean_images/camera_photos/camera_photos_016.png,3,Unknown/None,no_known_signature,0,Unknown/None,payload_length_exceeds_capacity,0,3,8355544,little,,0.375271,0,
camera_photos_017,expanded,independent,camera_photos,camera_photos_017.png,/home/kali/stego_dataset_expanded/clean_image_expanded_test/renamed_clean_images/camera_photos/camera_photos_017.png,1,Unknown/None,no_known_signature,0,Unknown/None,payload_length_exceeds_capacity,0,3,7826779,little,,0.359346,0,
camera_photos_017,expanded,independent,camera_photos,camera_photos_017.png,/home/kali/stego_dataset_expanded/clean_image_expanded_test/renamed_clean_images/camera_photos/camera_photos_017.png,2,Unknown/None,no_known_signature,0,Unknown/None,payload_length_exceeds_capacity,0,3,10413881,little,,0.321992,0,
camera_photos_017,expanded,independent,camera_photos,camera_photos_017.png,/home/kali/stego_dataset_expanded/clean_image_expanded_test/renamed_clean_images/camera_photos/camera_photos_017.png,3,Unknown/None,no_known_signature,0,Unknown/None,payload_length_exceeds_capacity,0,3,11493279,little,,0.345773,0,
camera_photos_018,expanded,independent,camera_photos,camera_photos_018.png,/home/kali/stego_dataset_expanded/clean_image_expanded_test/renamed_clean_images/camera_photos/camera_photos_018.png,1,Unknown/None,no_known_signature,0,Unknown/None,payload_length_exceeds_capacity,0,3,9563158,little,,0.334293,0,
camera_photos_018,expanded,independent,camera_photos,camera_photos_018.png,/home/kali/stego_dataset_expanded/clean_image_expanded_test/renamed_clean_images/camera_photos/camera_photos_018.png,2,Unknown/None,no_known_signature,0,Unknown/None,payload_length_exceeds_capacity,0,3,16520195,little,,0.300575,0,
camera_photos_018,expanded,independent,camera_photos,camera_photos_018.png,/home/kali/stego_dataset_expanded/clean_image_expanded_test/renamed_clean_images/camera_photos/camera_photos_018.png,3,Unknown/None,no_known_signature,0,Unknown/None,payload_length_exceeds_capacity,0,3,6830352,little,,0.319080,0,
camera_photos_019,expanded,independent,camera_photos,camera_photos_019.png,/home/kali/stego_dataset_expanded/clean_image_expanded_test/renamed_clean_images/camera_photos/camera_photos_019.png,1,Unknown/None,no_known_signature,0,Unknown/None,no_known_signature,0,3,69632,little,00 10 41 04 10 41 04 10,0.282131,0,
camera_photos_019,expanded,independent,camera_photos,camera_photos_019.png,/home/kali/stego_dataset_expanded/clean_image_expanded_test/renamed_clean_images/camera_photos/camera_photos_019.png,2,Unknown/None,no_known_signature,0,Unknown/None,no_known_signature,0,3,65536,little,00 00 01 00 00 01 00 10,0.267976,0,
camera_photos_019,expanded,independent,camera_photos,camera_photos_019.png,/home/kali/stego_dataset_expanded/clean_image_expanded_test/renamed_clean_images/camera_photos/camera_photos_019.png,3,Unknown/None,no_known_signature,0,Unknown/None,no_known_signature,0,3,258,little,80 50 20 10 08 05 02 01,0.334342,0,
camera_photos_020,expanded,independent,camera_photos,camera_photos_020.png,/home/kali/stego_dataset_expanded/clean_image_expanded_test/renamed_clean_images/camera_photos/camera_photos_020.png,1,Unknown/None,no_known_signature,0,Unknown/None,payload_length_exceeds_capacity,0,3,12545339,little,,0.302515,0,
camera_photos_020,expanded,independent,camera_photos,camera_photos_020.png,/home/kali/stego_dataset_expanded/clean_image_expanded_test/renamed_clean_images/camera_photos/camera_photos_020.png,2,Unknown/None,no_known_signature,0,Unknown/None,payload_length_exceeds_capacity,0,3,3960581,little,,0.340870,0,
camera_photos_020,expanded,independent,camera_photos,camera_photos_020.png,/home/kali/stego_dataset_expanded/clean_image_expanded_test/renamed_clean_images/camera_photos/camera_photos_020.png,3,Unknown/None,no_known_signature,0,Unknown/None,payload_length_exceeds_capacity,0,3,12573440,little,,0.344089,0,
camera_photos_021,expanded,independent,camera_photos,camera_photos_021.png,/home/kali/stego_dataset_expanded/clean_image_expanded_test/renamed_clean_images/camera_photos/camera_photos_021.png,1,Unknown/None,no_known_signature,0,Unknown/None,payload_length_exceeds_capacity,0,3,14188198,little,,0.297444,0,
camera_photos_021,expanded,independent,camera_photos,camera_photos_021.png,/home/kali/stego_dataset_expanded/clean_image_expanded_test/renamed_clean_images/camera_photos/camera_photos_021.png,2,Unknown/None,no_known_signature,0,Unknown/None,payload_length_exceeds_capacity,0,3,12566124,little,,0.336442,0,
camera_photos_021,expanded,independent,camera_photos,camera_photos_021.png,/home/kali/stego_dataset_expanded/clean_image_expanded_test/renamed_clean_images/camera_photos/camera_photos_021.png,3,Unknown/None,no_known_signature,0,Unknown/None,payload_length_exceeds_capacity,0,3,14582955,little,,0.332517,0,
camera_photos_022,expanded,independent,camera_photos,camera_photos_022.png,/home/kali/stego_dataset_expanded/clean_image_expanded_test/renamed_clean_images/camera_photos/camera_photos_022.png,1,Unknown/None,no_known_signature,0,Unknown/None,payload_length_exceeds_capacity,0,3,10780571,little,,0.368252,0,
camera_photos_022,expanded,independent,camera_photos,camera_photos_022.png,/home/kali/stego_dataset_expanded/clean_image_expanded_test/renamed_clean_images/camera_photos/camera_photos_022.png,2,Unknown/None,no_known_signature,0,Unknown/None,payload_length_exceeds_capacity,0,3,9921865,little,,0.367316,0,
camera_photos_022,expanded,independent,camera_photos,camera_photos_022.png,/home/kali/stego_dataset_expanded/clean_image_expanded_test/renamed_clean_images/camera_photos/camera_photos_022.png,3,Unknown/None,no_known_signature,0,Unknown/None,payload_length_exceeds_capacity,0,3,11096995,little,,0.349197,0,
camera_photos_023,expanded,independent,camera_photos,camera_photos_023.png,/home/kali/stego_dataset_expanded/clean_image_expanded_test/renamed_clean_images/camera_photos/camera_photos_023.png,1,Unknown/None,no_known_signature,0,Unknown/None,payload_length_exceeds_capacity,0,3,14385027,little,,0.391671,0,
camera_photos_023,expanded,independent,camera_photos,camera_photos_023.png,/home/kali/stego_dataset_expanded/clean_image_expanded_test/renamed_clean_images/camera_photos/camera_photos_023.png,2,Unknown/None,no_known_signature,0,Unknown/None,payload_length_exceeds_capacity,0,3,4138304,little,,0.297375,0,
camera_photos_023,expanded,independent,camera_photos,camera_photos_023.png,/home/kali/stego_dataset_expanded/clean_image_expanded_test/renamed_clean_images/camera_photos/camera_photos_023.png,3,Unknown/None,no_known_signature,0,Unknown/None,payload_length_exceeds_capacity,0,3,8978594,little,,0.303966,0,
camera_photos_024,expanded,independent,camera_photos,camera_photos_024.png,/home/kali/stego_dataset_expanded/clean_image_expanded_test/renamed_clean_images/camera_photos/camera_photos_024.png,1,Unknown/None,no_known_signature,0,Unknown/None,payload_length_exceeds_capacity,0,3,10167508,little,,0.294121,0,
camera_photos_024,expanded,independent,camera_photos,camera_photos_024.png,/home/kali/stego_dataset_expanded/clean_image_expanded_test/renamed_clean_images/camera_photos/camera_photos_024.png,2,Unknown/None,no_known_signature,0,Unknown/None,payload_length_exceeds_capacity,0,3,432721,little,,0.319656,0,
camera_photos_024,expanded,independent,camera_photos,camera_photos_024.png,/home/kali/stego_dataset_expanded/clean_image_expanded_test/renamed_clean_images/camera_photos/camera_photos_024.png,3,Unknown/None,no_known_signature,0,Unknown/None,payload_length_exceeds_capacity,0,3,5379238,little,,0.333181,0,
camera_photos_025,expanded,independent,camera_photos,camera_photos_025.png,/home/kali/stego_dataset_expanded/clean_image_expanded_test/renamed_clean_images/camera_photos/camera_photos_025.png,1,Unknown/None,no_known_signature,0,Unknown/None,payload_length_exceeds_capacity,0,3,16675832,little,,0.322672,0,
camera_photos_025,expanded,independent,camera_photos,camera_photos_025.png,/home/kali/stego_dataset_expanded/clean_image_expanded_test/renamed_clean_images/camera_photos/camera_photos_025.png,2,Unknown/None,no_known_signature,0,Unknown/None,payload_length_exceeds_capacity,0,3,9945183,little,,0.297966,0,
camera_photos_025,expanded,independent,camera_photos,camera_photos_025.png,/home/kali/stego_dataset_expanded/clean_image_expanded_test/renamed_clean_images/camera_photos/camera_photos_025.png,3,Unknown/None,no_known_signature,0,Unknown/None,no_known_signature,0,3,65061,little,44 b0 19 2c 96 4c 25 93,0.352891,0,
camera_photos_026,expanded,independent,camera_photos,camera_photos_026.png,/home/kali/stego_dataset_expanded/clean_image_expanded_test/renamed_clean_images/camera_photos/camera_photos_026.png,1,Unknown/None,no_known_signature,0,Unknown/None,payload_length_exceeds_capacity,0,3,6965627,little,,0.341974,0,
camera_photos_026,expanded,independent,camera_photos,camera_photos_026.png,/home/kali/stego_dataset_expanded/clean_image_expanded_test/renamed_clean_images/camera_photos/camera_photos_026.png,2,Unknown/None,no_known_signature,0,Unknown/None,payload_length_exceeds_capacity,0,3,3198911,little,,0.272777,0,
camera_photos_026,expanded,independent,camera_photos,camera_photos_026.png,/home/kali/stego_dataset_expanded/clean_image_expanded_test/renamed_clean_images/camera_photos/camera_photos_026.png,3,Unknown/None,no_known_signature,0,Unknown/None,payload_length_exceeds_capacity,0,3,4194015,little,,0.329475,0,
camera_photos_027,expanded,independent,camera_photos,camera_photos_027.png,/home/kali/stego_dataset_expanded/clean_image_expanded_test/renamed_clean_images/camera_photos/camera_photos_027.png,1,Unknown/None,no_known_signature,0,Unknown/None,payload_length_exceeds_capacity,0,3,426719,little,,0.384787,0,
camera_photos_027,expanded,independent,camera_photos,camera_photos_027.png,/home/kali/stego_dataset_expanded/clean_image_expanded_test/renamed_clean_images/camera_photos/camera_photos_027.png,2,Unknown/None,no_known_signature,0,Unknown/None,payload_length_exceeds_capacity,0,3,12615537,little,,0.315370,0,
camera_photos_027,expanded,independent,camera_photos,camera_photos_027.png,/home/kali/stego_dataset_expanded/clean_image_expanded_test/renamed_clean_images/camera_photos/camera_photos_027.png,3,Unknown/None,no_known_signature,0,Unknown/None,payload_length_exceeds_capacity,0,3,14357036,little,,0.334888,0,
camera_photos_028,expanded,independent,camera_photos,camera_photos_028.png,/home/kali/stego_dataset_expanded/clean_image_expanded_test/renamed_clean_images/camera_photos/camera_photos_028.png,1,Unknown/None,no_known_signature,0,Unknown/None,payload_length_exceeds_capacity,0,3,11955687,little,,0.288795,0,
camera_photos_028,expanded,independent,camera_photos,camera_photos_028.png,/home/kali/stego_dataset_expanded/clean_image_expanded_test/renamed_clean_images/camera_photos/camera_photos_028.png,2,Unknown/None,no_known_signature,0,Unknown/None,payload_length_exceeds_capacity,0,3,4109662,little,,0.346100,0,
camera_photos_028,expanded,independent,camera_photos,camera_photos_028.png,/home/kali/stego_dataset_expanded/clean_image_expanded_test/renamed_clean_images/camera_photos/camera_photos_028.png,3,Unknown/None,no_known_signature,0,Unknown/None,payload_length_exceeds_capacity,0,3,15592887,little,,0.309171,0,
camera_photos_029,expanded,independent,camera_photos,camera_photos_029.png,/home/kali/stego_dataset_expanded/clean_image_expanded_test/renamed_clean_images/camera_photos/camera_photos_029.png,1,Unknown/None,no_known_signature,0,Unknown/None,payload_length_exceeds_capacity,0,3,492280,little,,0.380181,0,
camera_photos_029,expanded,independent,camera_photos,camera_photos_029.png,/home/kali/stego_dataset_expanded/clean_image_expanded_test/renamed_clean_images/camera_photos/camera_photos_029.png,2,Unknown/None,no_known_signature,0,Unknown/None,payload_length_exceeds_capacity,0,3,4221525,little,,0.317257,0,
camera_photos_029,expanded,independent,camera_photos,camera_photos_029.png,/home/kali/stego_dataset_expanded/clean_image_expanded_test/renamed_clean_images/camera_photos/camera_photos_029.png,3,Unknown/None,no_known_signature,0,Unknown/None,payload_length_exceeds_capacity,0,3,9605798,little,,0.343513,0,
camera_photos_030,expanded,independent,camera_photos,camera_photos_030.png,/home/kali/stego_dataset_expanded/clean_image_expanded_test/renamed_clean_images/camera_photos/camera_photos_030.png,1,Unknown/None,no_known_signature,0,Unknown/None,payload_length_exceeds_capacity,0,3,564967,little,,0.376704,0,
camera_photos_030,expanded,independent,camera_photos,camera_photos_030.png,/home/kali/stego_dataset_expanded/clean_image_expanded_test/renamed_clean_images/camera_photos/camera_photos_030.png,2,Unknown/None,no_known_signature,0,Unknown/None,payload_length_exceeds_capacity,0,3,12820318,little,,0.317669,0,
camera_photos_030,expanded,independent,camera_photos,camera_photos_030.png,/home/kali/stego_dataset_expanded/clean_image_expanded_test/renamed_clean_images/camera_photos/camera_photos_030.png,3,Unknown/None,no_known_signature,0,Unknown/None,payload_length_exceeds_capacity,0,3,8383525,little,,0.369241,0,
camera_photos_031,expanded,independent,camera_photos,camera_photos_031.png,/home/kali/stego_dataset_expanded/clean_image_expanded_test/renamed_clean_images/camera_photos/camera_photos_031.png,1,Unknown/None,no_known_signature,0,Unknown/None,payload_length_exceeds_capacity,0,3,8520737,little,,0.308383,0,
camera_photos_031,expanded,independent,camera_photos,camera_photos_031.png,/home/kali/stego_dataset_expanded/clean_image_expanded_test/renamed_clean_images/camera_photos/camera_photos_031.png,2,Unknown/None,no_known_signature,0,Unknown/None,payload_length_exceeds_capacity,0,3,2630534,little,,0.323898,0,
camera_photos_031,expanded,independent,camera_photos,camera_photos_031.png,/home/kali/stego_dataset_expanded/clean_image_expanded_test/renamed_clean_images/camera_photos/camera_photos_031.png,3,Unknown/None,no_known_signature,0,Unknown/None,payload_length_exceeds_capacity,0,3,10987984,little,,0.318319,0,
camera_photos_032,expanded,independent,camera_photos,camera_photos_032.png,/home/kali/stego_dataset_expanded/clean_image_expanded_test/renamed_clean_images/camera_photos/camera_photos_032.png,1,Unknown/None,no_known_signature,0,Unknown/None,payload_length_exceeds_capacity,0,3,15627152,little,,0.339854,0,
camera_photos_032,expanded,independent,camera_photos,camera_photos_032.png,/home/kali/stego_dataset_expanded/clean_image_expanded_test/renamed_clean_images/camera_photos/camera_photos_032.png,2,Unknown/None,no_known_signature,0,Unknown/None,payload_length_exceeds_capacity,0,3,10429033,little,,0.327274,0,
camera_photos_032,expanded,independent,camera_photos,camera_photos_032.png,/home/kali/stego_dataset_expanded/clean_image_expanded_test/renamed_clean_images/camera_photos/camera_photos_032.png,3,Unknown/None,no_known_signature,0,Unknown/None,payload_length_exceeds_capacity,0,3,10621225,little,,0.307943,0,
camera_photos_033,expanded,independent,camera_photos,camera_photos_033.png,/home/kali/stego_dataset_expanded/clean_image_expanded_test/renamed_clean_images/camera_photos/camera_photos_033.png,1,Unknown/None,no_known_signature,0,Unknown/None,payload_length_exceeds_capacity,0,3,7904983,little,,0.330847,0,
camera_photos_033,expanded,independent,camera_photos,camera_photos_033.png,/home/kali/stego_dataset_expanded/clean_image_expanded_test/renamed_clean_images/camera_photos/camera_photos_033.png,2,Unknown/None,no_known_signature,0,Unknown/None,payload_length_exceeds_capacity,0,3,12795899,little,,0.387084,0,
camera_photos_033,expanded,independent,camera_photos,camera_photos_033.png,/home/kali/stego_dataset_expanded/clean_image_expanded_test/renamed_clean_images/camera_photos/camera_photos_033.png,3,Unknown/None,no_known_signature,0,Unknown/None,payload_length_exceeds_capacity,0,3,14626941,little,,0.322631,0,
camera_photos_034,expanded,independent,camera_photos,camera_photos_034.png,/home/kali/stego_dataset_expanded/clean_image_expanded_test/renamed_clean_images/camera_photos/camera_photos_034.png,1,Unknown/None,no_known_signature,0,Unknown/None,payload_length_exceeds_capacity,0,3,2411382,little,,0.319827,0,
camera_photos_034,expanded,independent,camera_photos,camera_photos_034.png,/home/kali/stego_dataset_expanded/clean_image_expanded_test/renamed_clean_images/camera_photos/camera_photos_034.png,2,Unknown/None,no_known_signature,0,Unknown/None,payload_length_exceeds_capacity,0,3,14202397,little,,0.338944,0,
camera_photos_034,expanded,independent,camera_photos,camera_photos_034.png,/home/kali/stego_dataset_expanded/clean_image_expanded_test/renamed_clean_images/camera_photos/camera_photos_034.png,3,Unknown/None,no_known_signature,0,Unknown/None,payload_length_exceeds_capacity,0,3,15389829,little,,0.336332,0,
camera_photos_035,expanded,independent,camera_photos,camera_photos_035.png,/home/kali/stego_dataset_expanded/clean_image_expanded_test/renamed_clean_images/camera_photos/camera_photos_035.png,1,Unknown/None,no_known_signature,0,Unknown/None,payload_length_exceeds_capacity,0,3,955108,little,,0.298999,0,
camera_photos_035,expanded,independent,camera_photos,camera_photos_035.png,/home/kali/stego_dataset_expanded/clean_image_expanded_test/renamed_clean_images/camera_photos/camera_photos_035.png,2,Unknown/None,no_known_signature,0,Unknown/None,payload_length_exceeds_capacity,0,3,12816478,little,,0.303862,0,
camera_photos_035,expanded,independent,camera_photos,camera_photos_035.png,/home/kali/stego_dataset_expanded/clean_image_expanded_test/renamed_clean_images/camera_photos/camera_photos_035.png,3,Unknown/None,no_known_signature,0,Unknown/None,payload_length_exceeds_capacity,0,3,4254757,little,,0.306995,0,
camera_photos_036,expanded,independent,camera_photos,camera_photos_036.png,/home/kali/stego_dataset_expanded/clean_image_expanded_test/renamed_clean_images/camera_photos/camera_photos_036.png,1,Unknown/None,no_known_signature,0,Unknown/None,payload_length_exceeds_capacity,0,3,11660594,little,,0.334135,0,
camera_photos_036,expanded,independent,camera_photos,camera_photos_036.png,/home/kali/stego_dataset_expanded/clean_image_expanded_test/renamed_clean_images/camera_photos/camera_photos_036.png,2,Unknown/None,no_known_signature,0,Unknown/None,payload_length_exceeds_capacity,0,3,15993901,little,,0.307315,0,
camera_photos_036,expanded,independent,camera_photos,camera_photos_036.png,/home/kali/stego_dataset_expanded/clean_image_expanded_test/renamed_clean_images/camera_photos/camera_photos_036.png,3,Unknown/None,no_known_signature,0,Unknown/None,payload_length_exceeds_capacity,0,3,1871881,little,,0.291737,0,
camera_photos_037,expanded,independent,camera_photos,camera_photos_037.png,/home/kali/stego_dataset_expanded/clean_image_expanded_test/renamed_clean_images/camera_photos/camera_photos_037.png,1,Unknown/None,no_known_signature,0,Unknown/None,payload_length_exceeds_capacity,0,3,16415346,little,,0.339814,0,
camera_photos_037,expanded,independent,camera_photos,camera_photos_037.png,/home/kali/stego_dataset_expanded/clean_image_expanded_test/renamed_clean_images/camera_photos/camera_photos_037.png,2,Unknown/None,no_known_signature,0,Unknown/None,payload_length_exceeds_capacity,0,3,1934877,little,,0.272073,0,
camera_photos_037,expanded,independent,camera_photos,camera_photos_037.png,/home/kali/stego_dataset_expanded/clean_image_expanded_test/renamed_clean_images/camera_photos/camera_photos_037.png,3,Unknown/None,no_known_signature,0,Unknown/None,payload_length_exceeds_capacity,0,3,693509,little,,0.276792,0,
camera_photos_038,expanded,independent,camera_photos,camera_photos_038.png,/home/kali/stego_dataset_expanded/clean_image_expanded_test/renamed_clean_images/camera_photos/camera_photos_038.png,1,Unknown/None,no_known_signature,0,Unknown/None,payload_length_exceeds_capacity,0,3,4231929,little,,0.299285,0,
camera_photos_038,expanded,independent,camera_photos,camera_photos_038.png,/home/kali/stego_dataset_expanded/clean_image_expanded_test/renamed_clean_images/camera_photos/camera_photos_038.png,2,Unknown/None,no_known_signature,0,Unknown/None,payload_length_exceeds_capacity,0,3,6941151,little,,0.333218,0,
camera_photos_038,expanded,independent,camera_photos,camera_photos_038.png,/home/kali/stego_dataset_expanded/clean_image_expanded_test/renamed_clean_images/camera_photos/camera_photos_038.png,3,Unknown/None,no_known_signature,0,Unknown/None,payload_length_exceeds_capacity,0,3,9567975,little,,0.369768,0,
camera_photos_039,expanded,independent,camera_photos,camera_photos_039.png,/home/kali/stego_dataset_expanded/clean_image_expanded_test/renamed_clean_images/camera_photos/camera_photos_039.png,1,Unknown/None,no_known_signature,0,Unknown/None,payload_length_exceeds_capacity,0,3,7324004,little,,0.303079,0,
camera_photos_039,expanded,independent,camera_photos,camera_photos_039.png,/home/kali/stego_dataset_expanded/clean_image_expanded_test/renamed_clean_images/camera_photos/camera_photos_039.png,2,Unknown/None,no_known_signature,0,Unknown/None,payload_length_exceeds_capacity,0,3,13643836,little,,0.322912,0,
camera_photos_039,expanded,independent,camera_photos,camera_photos_039.png,/home/kali/stego_dataset_expanded/clean_image_expanded_test/renamed_clean_images/camera_photos/camera_photos_039.png,3,Unknown/None,no_known_signature,0,Unknown/None,payload_length_exceeds_capacity,0,3,14729373,little,,0.337119,0,
camera_photos_040,expanded,independent,camera_photos,camera_photos_040.png,/home/kali/stego_dataset_expanded/clean_image_expanded_test/renamed_clean_images/camera_photos/camera_photos_040.png,1,Unknown/None,no_known_signature,0,Unknown/None,payload_length_exceeds_capacity,0,3,2392292,little,,0.344829,0,
camera_photos_040,expanded,independent,camera_photos,camera_photos_040.png,/home/kali/stego_dataset_expanded/clean_image_expanded_test/renamed_clean_images/camera_photos/camera_photos_040.png,2,Unknown/None,no_known_signature,0,Unknown/None,payload_length_exceeds_capacity,0,3,12619870,little,,0.295301,0,
camera_photos_040,expanded,independent,camera_photos,camera_photos_040.png,/home/kali/stego_dataset_expanded/clean_image_expanded_test/renamed_clean_images/camera_photos/camera_photos_040.png,3,Unknown/None,no_known_signature,0,Unknown/None,payload_length_exceeds_capacity,0,3,4254757,little,,0.301322,0,
camera_photos_041,expanded,independent,camera_photos,camera_photos_041.png,/home/kali/stego_dataset_expanded/clean_image_expanded_test/renamed_clean_images/camera_photos/camera_photos_041.png,1,Unknown/None,no_known_signature,0,Unknown/None,payload_length_exceeds_capacity,0,3,15546073,little,,0.347392,0,
camera_photos_041,expanded,independent,camera_photos,camera_photos_041.png,/home/kali/stego_dataset_expanded/clean_image_expanded_test/renamed_clean_images/camera_photos/camera_photos_041.png,2,Unknown/None,no_known_signature,0,Unknown/None,payload_length_exceeds_capacity,0,3,2614131,little,,0.358001,0,
camera_photos_041,expanded,independent,camera_photos,camera_photos_041.png,/home/kali/stego_dataset_expanded/clean_image_expanded_test/renamed_clean_images/camera_photos/camera_photos_041.png,3,Unknown/None,no_known_signature,0,Unknown/None,payload_length_exceeds_capacity,0,3,8879806,little,,0.285439,0,
camera_photos_042,expanded,independent,camera_photos,camera_photos_042.png,/home/kali/stego_dataset_expanded/clean_image_expanded_test/renamed_clean_images/camera_photos/camera_photos_042.png,1,Unknown/None,no_known_signature,0,Unknown/None,payload_length_exceeds_capacity,0,3,458784,little,,0.475480,0,
camera_photos_042,expanded,independent,camera_photos,camera_photos_042.png,/home/kali/stego_dataset_expanded/clean_image_expanded_test/renamed_clean_images/camera_photos/camera_photos_042.png,2,Unknown/None,no_known_signature,0,Unknown/None,no_known_signature,0,3,166574,little,08 20 97 0d 70 d7 5d 45,0.536942,0,
camera_photos_042,expanded,independent,camera_photos,camera_photos_042.png,/home/kali/stego_dataset_expanded/clean_image_expanded_test/renamed_clean_images/camera_photos/camera_photos_042.png,3,Unknown/None,no_known_signature,0,Unknown/None,payload_length_exceeds_capacity,0,3,3599579,little,,0.409093,0,
camera_photos_043,expanded,independent,camera_photos,camera_photos_043.png,/home/kali/stego_dataset_expanded/clean_image_expanded_test/renamed_clean_images/camera_photos/camera_photos_043.png,1,Unknown/None,no_known_signature,0,Unknown/None,payload_length_exceeds_capacity,0,3,16318239,little,,0.533735,0,
camera_photos_043,expanded,independent,camera_photos,camera_photos_043.png,/home/kali/stego_dataset_expanded/clean_image_expanded_test/renamed_clean_images/camera_photos/camera_photos_043.png,2,Unknown/None,no_known_signature,0,Unknown/None,payload_length_exceeds_capacity,0,3,8224521,little,,0.578245,0,
camera_photos_043,expanded,independent,camera_photos,camera_photos_043.png,/home/kali/stego_dataset_expanded/clean_image_expanded_test/renamed_clean_images/camera_photos/camera_photos_043.png,3,Unknown/None,no_known_signature,0,Unknown/None,payload_length_exceeds_capacity,0,3,16734977,little,,0.414615,0,
camera_photos_044,expanded,independent,camera_photos,camera_photos_044.png,/home/kali/stego_dataset_expanded/clean_image_expanded_test/renamed_clean_images/camera_photos/camera_photos_044.png,1,Unknown/None,no_known_signature,0,Unknown/None,payload_length_exceeds_capacity,0,3,11660598,little,,0.450758,0,
camera_photos_044,expanded,independent,camera_photos,camera_photos_044.png,/home/kali/stego_dataset_expanded/clean_image_expanded_test/renamed_clean_images/camera_photos/camera_photos_044.png,2,Unknown/None,no_known_signature,0,Unknown/None,payload_length_exceeds_capacity,0,3,8298151,little,,0.328643,0,
camera_photos_044,expanded,independent,camera_photos,camera_photos_044.png,/home/kali/stego_dataset_expanded/clean_image_expanded_test/renamed_clean_images/camera_photos/camera_photos_044.png,3,Unknown/None,no_known_signature,0,Unknown/None,payload_length_exceeds_capacity,0,3,8058314,little,,0.318453,0,
camera_photos_045,expanded,independent,camera_photos,camera_photos_045.png,/home/kali/stego_dataset_expanded/clean_image_expanded_test/renamed_clean_images/camera_photos/camera_photos_045.png,1,Unknown/None,no_known_signature,0,Unknown/None,payload_length_exceeds_capacity,0,3,4156761,little,,0.326713,0,
camera_photos_045,expanded,independent,camera_photos,camera_photos_045.png,/home/kali/stego_dataset_expanded/clean_image_expanded_test/renamed_clean_images/camera_photos/camera_photos_045.png,2,Unknown/None,no_known_signature,0,Unknown/None,payload_length_exceeds_capacity,0,3,1327377,little,,0.344222,0,
camera_photos_045,expanded,independent,camera_photos,camera_photos_045.png,/home/kali/stego_dataset_expanded/clean_image_expanded_test/renamed_clean_images/camera_photos/camera_photos_045.png,3,Unknown/None,no_known_signature,0,Unknown/None,payload_length_exceeds_capacity,0,3,2184070,little,,0.348501,0,
camera_photos_046,expanded,independent,camera_photos,camera_photos_046.png,/home/kali/stego_dataset_expanded/clean_image_expanded_test/renamed_clean_images/camera_photos/camera_photos_046.png,1,Unknown/None,no_known_signature,0,Unknown/None,payload_length_exceeds_capacity,0,3,16216536,little,,0.332496,0,
camera_photos_046,expanded,independent,camera_photos,camera_photos_046.png,/home/kali/stego_dataset_expanded/clean_image_expanded_test/renamed_clean_images/camera_photos/camera_photos_046.png,2,Unknown/None,no_known_signature,0,Unknown/None,payload_length_exceeds_capacity,0,3,9945179,little,,0.304970,0,
camera_photos_046,expanded,independent,camera_photos,camera_photos_046.png,/home/kali/stego_dataset_expanded/clean_image_expanded_test/renamed_clean_images/camera_photos/camera_photos_046.png,3,Unknown/None,no_known_signature,0,Unknown/None,no_known_signature,0,3,32293,little,44 b0 11 2c 94 4b 25 92,0.274485,0,
camera_photos_047,expanded,independent,camera_photos,camera_photos_047.png,/home/kali/stego_dataset_expanded/clean_image_expanded_test/renamed_clean_images/camera_photos/camera_photos_047.png,1,Unknown/None,no_known_signature,0,Unknown/None,payload_length_exceeds_capacity,0,3,7083289,little,,0.324973,0,
camera_photos_047,expanded,independent,camera_photos,camera_photos_047.png,/home/kali/stego_dataset_expanded/clean_image_expanded_test/renamed_clean_images/camera_photos/camera_photos_047.png,2,Unknown/None,no_known_signature,0,Unknown/None,payload_length_exceeds_capacity,0,3,2318603,little,,0.297695,0,
camera_photos_047,expanded,independent,camera_photos,camera_photos_047.png,/home/kali/stego_dataset_expanded/clean_image_expanded_test/renamed_clean_images/camera_photos/camera_photos_047.png,3,Unknown/None,no_known_signature,0,Unknown/None,payload_length_exceeds_capacity,0,3,8483713,little,,0.379217,0,
camera_photos_048,expanded,independent,camera_photos,camera_photos_048.png,/home/kali/stego_dataset_expanded/clean_image_expanded_test/renamed_clean_images/camera_photos/camera_photos_048.png,1,Unknown/None,no_known_signature,0,Unknown/None,payload_length_exceeds_capacity,0,3,9745055,little,,0.452465,0,
camera_photos_048,expanded,independent,camera_photos,camera_photos_048.png,/home/kali/stego_dataset_expanded/clean_image_expanded_test/renamed_clean_images/camera_photos/camera_photos_048.png,2,Unknown/None,no_known_signature,0,Unknown/None,payload_length_exceeds_capacity,0,3,15720265,little,,0.296144,0,
camera_photos_048,expanded,independent,camera_photos,camera_photos_048.png,/home/kali/stego_dataset_expanded/clean_image_expanded_test/renamed_clean_images/camera_photos/camera_photos_048.png,3,Unknown/None,no_known_signature,0,Unknown/None,payload_length_exceeds_capacity,0,3,8345139,little,,0.317303,0,
camera_photos_049,expanded,independent,camera_photos,camera_photos_049.png,/home/kali/stego_dataset_expanded/clean_image_expanded_test/renamed_clean_images/camera_photos/camera_photos_049.png,1,Unknown/None,no_known_signature,0,Unknown/None,payload_length_exceeds_capacity,0,3,14385035,little,,0.391448,0,
camera_photos_049,expanded,independent,camera_photos,camera_photos_049.png,/home/kali/stego_dataset_expanded/clean_image_expanded_test/renamed_clean_images/camera_photos/camera_photos_049.png,2,Unknown/None,no_known_signature,0,Unknown/None,payload_length_exceeds_capacity,0,3,4154688,little,,0.359063,0,
camera_photos_049,expanded,independent,camera_photos,camera_photos_049.png,/home/kali/stego_dataset_expanded/clean_image_expanded_test/renamed_clean_images/camera_photos/camera_photos_049.png,3,Unknown/None,no_known_signature,0,Unknown/None,payload_length_exceeds_capacity,0,3,8979106,little,,0.360557,0,
camera_photos_050,expanded,independent,camera_photos,camera_photos_050.png,/home/kali/stego_dataset_expanded/clean_image_expanded_test/renamed_clean_images/camera_photos/camera_photos_050.png,1,Unknown/None,no_known_signature,0,Unknown/None,payload_length_exceeds_capacity,0,3,13182205,little,,0.396124,0,
camera_photos_050,expanded,independent,camera_photos,camera_photos_050.png,/home/kali/stego_dataset_expanded/clean_image_expanded_test/renamed_clean_images/camera_photos/camera_photos_050.png,2,Unknown/None,no_known_signature,0,Unknown/None,payload_length_exceeds_capacity,0,3,2390365,little,,0.479633,0,
camera_photos_050,expanded,independent,camera_photos,camera_photos_050.png,/home/kali/stego_dataset_expanded/clean_image_expanded_test/renamed_clean_images/camera_photos/camera_photos_050.png,3,Unknown/None,no_known_signature,0,Unknown/None,payload_length_exceeds_capacity,0,3,15848101,little,,0.373976,0,
scanned_documents_001,expanded,independent,document_scans,scanned_documents_001.png,/home/kali/stego_dataset_expanded/clean_image_expanded_test/renamed_clean_images/document_scans/scanned_documents_001.png,1,Unknown/None,no_known_signature,0,Unknown/None,payload_length_exceeds_capacity,0,3,16777215,little,,0.720680,0,
scanned_documents_001,expanded,independent,document_scans,scanned_documents_001.png,/home/kali/stego_dataset_expanded/clean_image_expanded_test/renamed_clean_images/document_scans/scanned_documents_001.png,2,Unknown/None,no_known_signature,0,Unknown/None,payload_length_exceeds_capacity,0,3,5592405,little,,0.677913,0,
scanned_documents_001,expanded,independent,document_scans,scanned_documents_001.png,/home/kali/stego_dataset_expanded/clean_image_expanded_test/renamed_clean_images/document_scans/scanned_documents_001.png,3,Unknown/None,no_known_signature,0,Unknown/None,payload_length_exceeds_capacity,0,3,7199670,little,,0.751857,0,
scanned_documents_002,expanded,independent,document_scans,scanned_documents_002.png,/home/kali/stego_dataset_expanded/clean_image_expanded_test/renamed_clean_images/document_scans/scanned_documents_002.png,1,Unknown/None,no_known_signature,0,Unknown/None,payload_length_exceeds_capacity,0,3,16777215,little,,0.701862,0,
scanned_documents_002,expanded,independent,document_scans,scanned_documents_002.png,/home/kali/stego_dataset_expanded/clean_image_expanded_test/renamed_clean_images/document_scans/scanned_documents_002.png,2,Unknown/None,no_known_signature,0,Unknown/None,payload_length_exceeds_capacity,0,3,5592405,little,,0.652192,0,
scanned_documents_002,expanded,independent,document_scans,scanned_documents_002.png,/home/kali/stego_dataset_expanded/clean_image_expanded_test/renamed_clean_images/document_scans/scanned_documents_002.png,3,Unknown/None,no_known_signature,0,Unknown/None,payload_length_exceeds_capacity,0,3,7199670,little,,0.621633,0,
scanned_documents_003,expanded,independent,document_scans,scanned_documents_003.png,/home/kali/stego_dataset_expanded/clean_image_expanded_test/renamed_clean_images/document_scans/scanned_documents_003.png,1,Unknown/None,no_known_signature,0,Unknown/None,payload_length_exceeds_capacity,0,3,16777215,little,,0.687420,0,
scanned_documents_003,expanded,independent,document_scans,scanned_documents_003.png,/home/kali/stego_dataset_expanded/clean_image_expanded_test/renamed_clean_images/document_scans/scanned_documents_003.png,2,Unknown/None,no_known_signature,0,Unknown/None,payload_length_exceeds_capacity,0,3,5592405,little,,0.733074,0,
scanned_documents_003,expanded,independent,document_scans,scanned_documents_003.png,/home/kali/stego_dataset_expanded/clean_image_expanded_test/renamed_clean_images/document_scans/scanned_documents_003.png,3,Unknown/None,no_known_signature,0,Unknown/None,payload_length_exceeds_capacity,0,3,7199670,little,,0.683631,0,
scanned_documents_004,expanded,independent,document_scans,scanned_documents_004.png,/home/kali/stego_dataset_expanded/clean_image_expanded_test/renamed_clean_images/document_scans/scanned_documents_004.png,1,Unknown/None,no_known_signature,0,Unknown/None,payload_length_exceeds_capacity,0,3,16777215,little,,0.696087,0,
scanned_documents_004,expanded,independent,document_scans,scanned_documents_004.png,/home/kali/stego_dataset_expanded/clean_image_expanded_test/renamed_clean_images/document_scans/scanned_documents_004.png,2,Unknown/None,no_known_signature,0,Unknown/None,payload_length_exceeds_capacity,0,3,5592405,little,,0.709808,0,
scanned_documents_004,expanded,independent,document_scans,scanned_documents_004.png,/home/kali/stego_dataset_expanded/clean_image_expanded_test/renamed_clean_images/document_scans/scanned_documents_004.png,3,Unknown/None,no_known_signature,0,Unknown/None,payload_length_exceeds_capacity,0,3,7199670,little,,0.647395,0,
scanned_documents_005,expanded,independent,document_scans,scanned_documents_005.png,/home/kali/stego_dataset_expanded/clean_image_expanded_test/renamed_clean_images/document_scans/scanned_documents_005.png,1,Unknown/None,no_known_signature,0,Unknown/None,payload_length_exceeds_capacity,0,3,16777215,little,,0.680658,0,
scanned_documents_005,expanded,independent,document_scans,scanned_documents_005.png,/home/kali/stego_dataset_expanded/clean_image_expanded_test/renamed_clean_images/document_scans/scanned_documents_005.png,2,Unknown/None,no_known_signature,0,Unknown/None,payload_length_exceeds_capacity,0,3,5592405,little,,0.693509,0,
scanned_documents_005,expanded,independent,document_scans,scanned_documents_005.png,/home/kali/stego_dataset_expanded/clean_image_expanded_test/renamed_clean_images/document_scans/scanned_documents_005.png,3,Unknown/None,no_known_signature,0,Unknown/None,payload_length_exceeds_capacity,0,3,7199670,little,,0.676024,0,
scanned_documents_006,expanded,independent,document_scans,scanned_documents_006.png,/home/kali/stego_dataset_expanded/clean_image_expanded_test/renamed_clean_images/document_scans/scanned_documents_006.png,1,Unknown/None,no_known_signature,0,Unknown/None,payload_length_exceeds_capacity,0,3,16777215,little,,0.719121,0,
scanned_documents_006,expanded,independent,document_scans,scanned_documents_006.png,/home/kali/stego_dataset_expanded/clean_image_expanded_test/renamed_clean_images/document_scans/scanned_documents_006.png,2,Unknown/None,no_known_signature,0,Unknown/None,payload_length_exceeds_capacity,0,3,5592405,little,,0.633178,0,
scanned_documents_006,expanded,independent,document_scans,scanned_documents_006.png,/home/kali/stego_dataset_expanded/clean_image_expanded_test/renamed_clean_images/document_scans/scanned_documents_006.png,3,Unknown/None,no_known_signature,0,Unknown/None,payload_length_exceeds_capacity,0,3,7199670,little,,0.733430,0,
scanned_documents_007,expanded,independent,document_scans,scanned_documents_007.png,/home/kali/stego_dataset_expanded/clean_image_expanded_test/renamed_clean_images/document_scans/scanned_documents_007.png,1,Unknown/None,no_known_signature,0,Unknown/None,payload_length_exceeds_capacity,0,3,16777215,little,,0.666685,0,
scanned_documents_007,expanded,independent,document_scans,scanned_documents_007.png,/home/kali/stego_dataset_expanded/clean_image_expanded_test/renamed_clean_images/document_scans/scanned_documents_007.png,2,Unknown/None,no_known_signature,0,Unknown/None,payload_length_exceeds_capacity,0,3,5592405,little,,0.694560,0,
scanned_documents_007,expanded,independent,document_scans,scanned_documents_007.png,/home/kali/stego_dataset_expanded/clean_image_expanded_test/renamed_clean_images/document_scans/scanned_documents_007.png,3,Unknown/None,no_known_signature,0,Unknown/None,payload_length_exceeds_capacity,0,3,7199670,little,,0.684808,0,
scanned_documents_008,expanded,independent,document_scans,scanned_documents_008.png,/home/kali/stego_dataset_expanded/clean_image_expanded_test/renamed_clean_images/document_scans/scanned_documents_008.png,1,Unknown/None,no_known_signature,0,Unknown/None,payload_length_exceeds_capacity,0,3,16777215,little,,0.708711,0,
scanned_documents_008,expanded,independent,document_scans,scanned_documents_008.png,/home/kali/stego_dataset_expanded/clean_image_expanded_test/renamed_clean_images/document_scans/scanned_documents_008.png,2,Unknown/None,no_known_signature,0,Unknown/None,payload_length_exceeds_capacity,0,3,5592405,little,,0.642499,0,
scanned_documents_008,expanded,independent,document_scans,scanned_documents_008.png,/home/kali/stego_dataset_expanded/clean_image_expanded_test/renamed_clean_images/document_scans/scanned_documents_008.png,3,Unknown/None,no_known_signature,0,Unknown/None,payload_length_exceeds_capacity,0,3,7199670,little,,0.632674,0,
scanned_documents_009,expanded,independent,document_scans,scanned_documents_009.png,/home/kali/stego_dataset_expanded/clean_image_expanded_test/renamed_clean_images/document_scans/scanned_documents_009.png,1,Unknown/None,no_known_signature,0,Unknown/None,payload_length_exceeds_capacity,0,3,16777215,little,,0.666662,0,
scanned_documents_009,expanded,independent,document_scans,scanned_documents_009.png,/home/kali/stego_dataset_expanded/clean_image_expanded_test/renamed_clean_images/document_scans/scanned_documents_009.png,2,Unknown/None,no_known_signature,0,Unknown/None,payload_length_exceeds_capacity,0,3,5592405,little,,0.749756,0,
scanned_documents_009,expanded,independent,document_scans,scanned_documents_009.png,/home/kali/stego_dataset_expanded/clean_image_expanded_test/renamed_clean_images/document_scans/scanned_documents_009.png,3,Unknown/None,no_known_signature,0,Unknown/None,payload_length_exceeds_capacity,0,3,7199670,little,,0.758493,0,
scanned_documents_010,expanded,independent,document_scans,scanned_documents_010.png,/home/kali/stego_dataset_expanded/clean_image_expanded_test/renamed_clean_images/document_scans/scanned_documents_010.png,1,Unknown/None,no_known_signature,0,Unknown/None,payload_length_exceeds_capacity,0,3,16777215,little,,0.640082,0,
scanned_documents_010,expanded,independent,document_scans,scanned_documents_010.png,/home/kali/stego_dataset_expanded/clean_image_expanded_test/renamed_clean_images/document_scans/scanned_documents_010.png,2,Unknown/None,no_known_signature,0,Unknown/None,payload_length_exceeds_capacity,0,3,5592405,little,,0.625352,0,
scanned_documents_010,expanded,independent,document_scans,scanned_documents_010.png,/home/kali/stego_dataset_expanded/clean_image_expanded_test/renamed_clean_images/document_scans/scanned_documents_010.png,3,Unknown/None,no_known_signature,0,Unknown/None,payload_length_exceeds_capacity,0,3,7199670,little,,0.650823,0,
scanned_documents_011,expanded,independent,document_scans,scanned_documents_011.png,/home/kali/stego_dataset_expanded/clean_image_expanded_test/renamed_clean_images/document_scans/scanned_documents_011.png,1,Unknown/None,no_known_signature,0,Unknown/None,payload_length_exceeds_capacity,0,3,16777215,little,,0.649639,0,
scanned_documents_011,expanded,independent,document_scans,scanned_documents_011.png,/home/kali/stego_dataset_expanded/clean_image_expanded_test/renamed_clean_images/document_scans/scanned_documents_011.png,2,Unknown/None,no_known_signature,0,Unknown/None,payload_length_exceeds_capacity,0,3,5592405,little,,0.640580,0,
scanned_documents_011,expanded,independent,document_scans,scanned_documents_011.png,/home/kali/stego_dataset_expanded/clean_image_expanded_test/renamed_clean_images/document_scans/scanned_documents_011.png,3,Unknown/None,no_known_signature,0,Unknown/None,payload_length_exceeds_capacity,0,3,7199670,little,,0.692055,0,
scanned_documents_012,expanded,independent,document_scans,scanned_documents_012.png,/home/kali/stego_dataset_expanded/clean_image_expanded_test/renamed_clean_images/document_scans/scanned_documents_012.png,1,Unknown/None,no_known_signature,0,Unknown/None,payload_length_exceeds_capacity,0,3,16777215,little,,0.641012,0,
scanned_documents_012,expanded,independent,document_scans,scanned_documents_012.png,/home/kali/stego_dataset_expanded/clean_image_expanded_test/renamed_clean_images/document_scans/scanned_documents_012.png,2,Unknown/None,no_known_signature,0,Unknown/None,payload_length_exceeds_capacity,0,3,5592405,little,,0.652029,0,
scanned_documents_012,expanded,independent,document_scans,scanned_documents_012.png,/home/kali/stego_dataset_expanded/clean_image_expanded_test/renamed_clean_images/document_scans/scanned_documents_012.png,3,Unknown/None,no_known_signature,0,Unknown/None,payload_length_exceeds_capacity,0,3,7199670,little,,0.677418,0,
scanned_documents_013,expanded,independent,document_scans,scanned_documents_013.png,/home/kali/stego_dataset_expanded/clean_image_expanded_test/renamed_clean_images/document_scans/scanned_documents_013.png,1,Unknown/None,no_known_signature,0,Unknown/None,payload_length_exceeds_capacity,0,3,16777215,little,,0.719408,0,
scanned_documents_013,expanded,independent,document_scans,scanned_documents_013.png,/home/kali/stego_dataset_expanded/clean_image_expanded_test/renamed_clean_images/document_scans/scanned_documents_013.png,2,Unknown/None,no_known_signature,0,Unknown/None,payload_length_exceeds_capacity,0,3,5592405,little,,0.661803,0,
scanned_documents_013,expanded,independent,document_scans,scanned_documents_013.png,/home/kali/stego_dataset_expanded/clean_image_expanded_test/renamed_clean_images/document_scans/scanned_documents_013.png,3,Unknown/None,no_known_signature,0,Unknown/None,payload_length_exceeds_capacity,0,3,7199670,little,,0.653149,0,
scanned_documents_014,expanded,independent,document_scans,scanned_documents_014.png,/home/kali/stego_dataset_expanded/clean_image_expanded_test/renamed_clean_images/document_scans/scanned_documents_014.png,1,Unknown/None,no_known_signature,0,Unknown/None,payload_length_exceeds_capacity,0,3,16777215,little,,0.636742,0,
scanned_documents_014,expanded,independent,document_scans,scanned_documents_014.png,/home/kali/stego_dataset_expanded/clean_image_expanded_test/renamed_clean_images/document_scans/scanned_documents_014.png,2,Unknown/None,no_known_signature,0,Unknown/None,payload_length_exceeds_capacity,0,3,5592405,little,,0.702094,0,
scanned_documents_014,expanded,independent,document_scans,scanned_documents_014.png,/home/kali/stego_dataset_expanded/clean_image_expanded_test/renamed_clean_images/document_scans/scanned_documents_014.png,3,Unknown/None,no_known_signature,0,Unknown/None,payload_length_exceeds_capacity,0,3,7199670,little,,0.672737,0,
scanned_documents_015,expanded,independent,document_scans,scanned_documents_015.png,/home/kali/stego_dataset_expanded/clean_image_expanded_test/renamed_clean_images/document_scans/scanned_documents_015.png,1,Unknown/None,no_known_signature,0,Unknown/None,payload_length_exceeds_capacity,0,3,16777215,little,,0.625501,0,
scanned_documents_015,expanded,independent,document_scans,scanned_documents_015.png,/home/kali/stego_dataset_expanded/clean_image_expanded_test/renamed_clean_images/document_scans/scanned_documents_015.png,2,Unknown/None,no_known_signature,0,Unknown/None,payload_length_exceeds_capacity,0,3,5592405,little,,0.631958,0,
scanned_documents_015,expanded,independent,document_scans,scanned_documents_015.png,/home/kali/stego_dataset_expanded/clean_image_expanded_test/renamed_clean_images/document_scans/scanned_documents_015.png,3,Unknown/None,no_known_signature,0,Unknown/None,payload_length_exceeds_capacity,0,3,7199670,little,,0.792127,0,
scanned_documents_016,expanded,independent,document_scans,scanned_documents_016.png,/home/kali/stego_dataset_expanded/clean_image_expanded_test/renamed_clean_images/document_scans/scanned_documents_016.png,1,Unknown/None,no_known_signature,0,Unknown/None,payload_length_exceeds_capacity,0,3,16777215,little,,0.727355,0,
scanned_documents_016,expanded,independent,document_scans,scanned_documents_016.png,/home/kali/stego_dataset_expanded/clean_image_expanded_test/renamed_clean_images/document_scans/scanned_documents_016.png,2,Unknown/None,no_known_signature,0,Unknown/None,payload_length_exceeds_capacity,0,3,5592405,little,,0.683527,0,
scanned_documents_016,expanded,independent,document_scans,scanned_documents_016.png,/home/kali/stego_dataset_expanded/clean_image_expanded_test/renamed_clean_images/document_scans/scanned_documents_016.png,3,Unknown/None,no_known_signature,0,Unknown/None,payload_length_exceeds_capacity,0,3,7199670,little,,0.666356,0,
scanned_documents_017,expanded,independent,document_scans,scanned_documents_017.png,/home/kali/stego_dataset_expanded/clean_image_expanded_test/renamed_clean_images/document_scans/scanned_documents_017.png,1,Unknown/None,no_known_signature,0,Unknown/None,payload_length_exceeds_capacity,0,3,16777215,little,,0.692830,0,
scanned_documents_017,expanded,independent,document_scans,scanned_documents_017.png,/home/kali/stego_dataset_expanded/clean_image_expanded_test/renamed_clean_images/document_scans/scanned_documents_017.png,2,Unknown/None,no_known_signature,0,Unknown/None,payload_length_exceeds_capacity,0,3,5592405,little,,0.644697,0,
scanned_documents_017,expanded,independent,document_scans,scanned_documents_017.png,/home/kali/stego_dataset_expanded/clean_image_expanded_test/renamed_clean_images/document_scans/scanned_documents_017.png,3,Unknown/None,no_known_signature,0,Unknown/None,payload_length_exceeds_capacity,0,3,7199670,little,,0.575368,0,
scanned_documents_018,expanded,independent,document_scans,scanned_documents_018.png,/home/kali/stego_dataset_expanded/clean_image_expanded_test/renamed_clean_images/document_scans/scanned_documents_018.png,1,Unknown/None,no_known_signature,0,Unknown/None,payload_length_exceeds_capacity,0,3,16777215,little,,0.620003,0,
scanned_documents_018,expanded,independent,document_scans,scanned_documents_018.png,/home/kali/stego_dataset_expanded/clean_image_expanded_test/renamed_clean_images/document_scans/scanned_documents_018.png,2,Unknown/None,no_known_signature,0,Unknown/None,payload_length_exceeds_capacity,0,3,5592405,little,,0.628461,0,
scanned_documents_018,expanded,independent,document_scans,scanned_documents_018.png,/home/kali/stego_dataset_expanded/clean_image_expanded_test/renamed_clean_images/document_scans/scanned_documents_018.png,3,Unknown/None,no_known_signature,0,Unknown/None,payload_length_exceeds_capacity,0,3,7199670,little,,0.626289,0,
scanned_documents_019,expanded,independent,document_scans,scanned_documents_019.png,/home/kali/stego_dataset_expanded/clean_image_expanded_test/renamed_clean_images/document_scans/scanned_documents_019.png,1,Unknown/None,no_known_signature,0,Unknown/None,payload_length_exceeds_capacity,0,3,16777215,little,,0.662780,0,
scanned_documents_019,expanded,independent,document_scans,scanned_documents_019.png,/home/kali/stego_dataset_expanded/clean_image_expanded_test/renamed_clean_images/document_scans/scanned_documents_019.png,2,Unknown/None,no_known_signature,0,Unknown/None,payload_length_exceeds_capacity,0,3,5592405,little,,0.628815,0,
scanned_documents_019,expanded,independent,document_scans,scanned_documents_019.png,/home/kali/stego_dataset_expanded/clean_image_expanded_test/renamed_clean_images/document_scans/scanned_documents_019.png,3,Unknown/None,no_known_signature,0,Unknown/None,payload_length_exceeds_capacity,0,3,7199670,little,,0.662483,0,
scanned_documents_020,expanded,independent,document_scans,scanned_documents_020.png,/home/kali/stego_dataset_expanded/clean_image_expanded_test/renamed_clean_images/document_scans/scanned_documents_020.png,1,Unknown/None,no_known_signature,0,Unknown/None,payload_length_exceeds_capacity,0,3,16777215,little,,0.584764,0,
scanned_documents_020,expanded,independent,document_scans,scanned_documents_020.png,/home/kali/stego_dataset_expanded/clean_image_expanded_test/renamed_clean_images/document_scans/scanned_documents_020.png,2,Unknown/None,no_known_signature,0,Unknown/None,payload_length_exceeds_capacity,0,3,5592405,little,,0.611078,0,
scanned_documents_020,expanded,independent,document_scans,scanned_documents_020.png,/home/kali/stego_dataset_expanded/clean_image_expanded_test/renamed_clean_images/document_scans/scanned_documents_020.png,3,Unknown/None,no_known_signature,0,Unknown/None,payload_length_exceeds_capacity,0,3,7199670,little,,0.708315,0,
scanned_documents_021,expanded,independent,document_scans,scanned_documents_021.png,/home/kali/stego_dataset_expanded/clean_image_expanded_test/renamed_clean_images/document_scans/scanned_documents_021.png,1,Unknown/None,no_known_signature,0,Unknown/None,payload_length_exceeds_capacity,0,3,16777215,little,,0.699536,0,
scanned_documents_021,expanded,independent,document_scans,scanned_documents_021.png,/home/kali/stego_dataset_expanded/clean_image_expanded_test/renamed_clean_images/document_scans/scanned_documents_021.png,2,Unknown/None,no_known_signature,0,Unknown/None,payload_length_exceeds_capacity,0,3,5592405,little,,0.636117,0,
scanned_documents_021,expanded,independent,document_scans,scanned_documents_021.png,/home/kali/stego_dataset_expanded/clean_image_expanded_test/renamed_clean_images/document_scans/scanned_documents_021.png,3,Unknown/None,no_known_signature,0,Unknown/None,payload_length_exceeds_capacity,0,3,7199670,little,,0.627888,0,
scanned_documents_022,expanded,independent,document_scans,scanned_documents_022.png,/home/kali/stego_dataset_expanded/clean_image_expanded_test/renamed_clean_images/document_scans/scanned_documents_022.png,1,Unknown/None,no_known_signature,0,Unknown/None,payload_length_exceeds_capacity,0,3,16777215,little,,0.712183,0,
scanned_documents_022,expanded,independent,document_scans,scanned_documents_022.png,/home/kali/stego_dataset_expanded/clean_image_expanded_test/renamed_clean_images/document_scans/scanned_documents_022.png,2,Unknown/None,no_known_signature,0,Unknown/None,payload_length_exceeds_capacity,0,3,5592405,little,,0.678302,0,
scanned_documents_022,expanded,independent,document_scans,scanned_documents_022.png,/home/kali/stego_dataset_expanded/clean_image_expanded_test/renamed_clean_images/document_scans/scanned_documents_022.png,3,Unknown/None,no_known_signature,0,Unknown/None,payload_length_exceeds_capacity,0,3,7199670,little,,0.645803,0,
scanned_documents_023,expanded,independent,document_scans,scanned_documents_023.png,/home/kali/stego_dataset_expanded/clean_image_expanded_test/renamed_clean_images/document_scans/scanned_documents_023.png,1,Unknown/None,no_known_signature,0,Unknown/None,payload_length_exceeds_capacity,0,3,16777215,little,,0.587204,0,
scanned_documents_023,expanded,independent,document_scans,scanned_documents_023.png,/home/kali/stego_dataset_expanded/clean_image_expanded_test/renamed_clean_images/document_scans/scanned_documents_023.png,2,Unknown/None,no_known_signature,0,Unknown/None,payload_length_exceeds_capacity,0,3,5592405,little,,0.708460,0,
scanned_documents_023,expanded,independent,document_scans,scanned_documents_023.png,/home/kali/stego_dataset_expanded/clean_image_expanded_test/renamed_clean_images/document_scans/scanned_documents_023.png,3,Unknown/None,no_known_signature,0,Unknown/None,payload_length_exceeds_capacity,0,3,7199670,little,,0.655652,0,
scanned_documents_024,expanded,independent,document_scans,scanned_documents_024.png,/home/kali/stego_dataset_expanded/clean_image_expanded_test/renamed_clean_images/document_scans/scanned_documents_024.png,1,Unknown/None,no_known_signature,0,Unknown/None,payload_length_exceeds_capacity,0,3,16777215,little,,0.686735,0,
scanned_documents_024,expanded,independent,document_scans,scanned_documents_024.png,/home/kali/stego_dataset_expanded/clean_image_expanded_test/renamed_clean_images/document_scans/scanned_documents_024.png,2,Unknown/None,no_known_signature,0,Unknown/None,payload_length_exceeds_capacity,0,3,5592405,little,,0.627060,0,
scanned_documents_024,expanded,independent,document_scans,scanned_documents_024.png,/home/kali/stego_dataset_expanded/clean_image_expanded_test/renamed_clean_images/document_scans/scanned_documents_024.png,3,Unknown/None,no_known_signature,0,Unknown/None,payload_length_exceeds_capacity,0,3,7199670,little,,0.672178,0,
scanned_documents_025,expanded,independent,document_scans,scanned_documents_025.png,/home/kali/stego_dataset_expanded/clean_image_expanded_test/renamed_clean_images/document_scans/scanned_documents_025.png,1,Unknown/None,no_known_signature,0,Unknown/None,payload_length_exceeds_capacity,0,3,16777215,little,,0.671694,0,
scanned_documents_025,expanded,independent,document_scans,scanned_documents_025.png,/home/kali/stego_dataset_expanded/clean_image_expanded_test/renamed_clean_images/document_scans/scanned_documents_025.png,2,Unknown/None,no_known_signature,0,Unknown/None,payload_length_exceeds_capacity,0,3,5592405,little,,0.659908,0,
scanned_documents_025,expanded,independent,document_scans,scanned_documents_025.png,/home/kali/stego_dataset_expanded/clean_image_expanded_test/renamed_clean_images/document_scans/scanned_documents_025.png,3,Unknown/None,no_known_signature,0,Unknown/None,payload_length_exceeds_capacity,0,3,7199670,little,,0.775364,0,
scanned_documents_026,expanded,independent,document_scans,scanned_documents_026.png,/home/kali/stego_dataset_expanded/clean_image_expanded_test/renamed_clean_images/document_scans/scanned_documents_026.png,1,Unknown/None,no_known_signature,0,Unknown/None,payload_length_exceeds_capacity,0,3,16777215,little,,0.816131,0,
scanned_documents_026,expanded,independent,document_scans,scanned_documents_026.png,/home/kali/stego_dataset_expanded/clean_image_expanded_test/renamed_clean_images/document_scans/scanned_documents_026.png,2,Unknown/None,no_known_signature,0,Unknown/None,payload_length_exceeds_capacity,0,3,5592405,little,,0.763010,0,
scanned_documents_026,expanded,independent,document_scans,scanned_documents_026.png,/home/kali/stego_dataset_expanded/clean_image_expanded_test/renamed_clean_images/document_scans/scanned_documents_026.png,3,Unknown/None,no_known_signature,0,Unknown/None,payload_length_exceeds_capacity,0,3,7199670,little,,0.759860,0,
scanned_documents_027,expanded,independent,document_scans,scanned_documents_027.png,/home/kali/stego_dataset_expanded/clean_image_expanded_test/renamed_clean_images/document_scans/scanned_documents_027.png,1,Unknown/None,no_known_signature,0,Unknown/None,payload_length_exceeds_capacity,0,3,16777215,little,,0.715481,0,
scanned_documents_027,expanded,independent,document_scans,scanned_documents_027.png,/home/kali/stego_dataset_expanded/clean_image_expanded_test/renamed_clean_images/document_scans/scanned_documents_027.png,2,Unknown/None,no_known_signature,0,Unknown/None,payload_length_exceeds_capacity,0,3,5592405,little,,0.703935,0,
scanned_documents_027,expanded,independent,document_scans,scanned_documents_027.png,/home/kali/stego_dataset_expanded/clean_image_expanded_test/renamed_clean_images/document_scans/scanned_documents_027.png,3,Unknown/None,no_known_signature,0,Unknown/None,payload_length_exceeds_capacity,0,3,7199670,little,,0.612727,0,
scanned_documents_028,expanded,independent,document_scans,scanned_documents_028.png,/home/kali/stego_dataset_expanded/clean_image_expanded_test/renamed_clean_images/document_scans/scanned_documents_028.png,1,Unknown/None,no_known_signature,0,Unknown/None,payload_length_exceeds_capacity,0,3,16777215,little,,0.613925,0,
scanned_documents_028,expanded,independent,document_scans,scanned_documents_028.png,/home/kali/stego_dataset_expanded/clean_image_expanded_test/renamed_clean_images/document_scans/scanned_documents_028.png,2,Unknown/None,no_known_signature,0,Unknown/None,payload_length_exceeds_capacity,0,3,5592405,little,,0.639920,0,
scanned_documents_028,expanded,independent,document_scans,scanned_documents_028.png,/home/kali/stego_dataset_expanded/clean_image_expanded_test/renamed_clean_images/document_scans/scanned_documents_028.png,3,Unknown/None,no_known_signature,0,Unknown/None,payload_length_exceeds_capacity,0,3,7199670,little,,0.655277,0,
scanned_documents_029,expanded,independent,document_scans,scanned_documents_029.png,/home/kali/stego_dataset_expanded/clean_image_expanded_test/renamed_clean_images/document_scans/scanned_documents_029.png,1,Unknown/None,no_known_signature,0,Unknown/None,payload_length_exceeds_capacity,0,3,16777215,little,,0.704101,0,
scanned_documents_029,expanded,independent,document_scans,scanned_documents_029.png,/home/kali/stego_dataset_expanded/clean_image_expanded_test/renamed_clean_images/document_scans/scanned_documents_029.png,2,Unknown/None,no_known_signature,0,Unknown/None,payload_length_exceeds_capacity,0,3,5592405,little,,0.595097,0,
scanned_documents_029,expanded,independent,document_scans,scanned_documents_029.png,/home/kali/stego_dataset_expanded/clean_image_expanded_test/renamed_clean_images/document_scans/scanned_documents_029.png,3,Unknown/None,no_known_signature,0,Unknown/None,payload_length_exceeds_capacity,0,3,7199670,little,,0.666570,0,
scanned_documents_030,expanded,independent,document_scans,scanned_documents_030.png,/home/kali/stego_dataset_expanded/clean_image_expanded_test/renamed_clean_images/document_scans/scanned_documents_030.png,1,Unknown/None,no_known_signature,0,Unknown/None,payload_length_exceeds_capacity,0,3,16777215,little,,0.593803,0,
scanned_documents_030,expanded,independent,document_scans,scanned_documents_030.png,/home/kali/stego_dataset_expanded/clean_image_expanded_test/renamed_clean_images/document_scans/scanned_documents_030.png,2,Unknown/None,no_known_signature,0,Unknown/None,payload_length_exceeds_capacity,0,3,5592405,little,,0.565001,0,
scanned_documents_030,expanded,independent,document_scans,scanned_documents_030.png,/home/kali/stego_dataset_expanded/clean_image_expanded_test/renamed_clean_images/document_scans/scanned_documents_030.png,3,Unknown/None,no_known_signature,0,Unknown/None,payload_length_exceeds_capacity,0,3,7199670,little,,0.578041,0,
scanned_documents_031,expanded,independent,document_scans,scanned_documents_031.png,/home/kali/stego_dataset_expanded/clean_image_expanded_test/renamed_clean_images/document_scans/scanned_documents_031.png,1,Unknown/None,no_known_signature,0,Unknown/None,payload_length_exceeds_capacity,0,3,16777215,little,,0.650238,0,
scanned_documents_031,expanded,independent,document_scans,scanned_documents_031.png,/home/kali/stego_dataset_expanded/clean_image_expanded_test/renamed_clean_images/document_scans/scanned_documents_031.png,2,Unknown/None,no_known_signature,0,Unknown/None,payload_length_exceeds_capacity,0,3,5592405,little,,0.591671,0,
scanned_documents_031,expanded,independent,document_scans,scanned_documents_031.png,/home/kali/stego_dataset_expanded/clean_image_expanded_test/renamed_clean_images/document_scans/scanned_documents_031.png,3,Unknown/None,no_known_signature,0,Unknown/None,payload_length_exceeds_capacity,0,3,7199670,little,,0.571624,0,
scanned_documents_032,expanded,independent,document_scans,scanned_documents_032.png,/home/kali/stego_dataset_expanded/clean_image_expanded_test/renamed_clean_images/document_scans/scanned_documents_032.png,1,Unknown/None,no_known_signature,0,Unknown/None,payload_length_exceeds_capacity,0,3,16777215,little,,0.594028,0,
scanned_documents_032,expanded,independent,document_scans,scanned_documents_032.png,/home/kali/stego_dataset_expanded/clean_image_expanded_test/renamed_clean_images/document_scans/scanned_documents_032.png,2,Unknown/None,no_known_signature,0,Unknown/None,payload_length_exceeds_capacity,0,3,5592405,little,,0.628253,0,
scanned_documents_032,expanded,independent,document_scans,scanned_documents_032.png,/home/kali/stego_dataset_expanded/clean_image_expanded_test/renamed_clean_images/document_scans/scanned_documents_032.png,3,Unknown/None,no_known_signature,0,Unknown/None,payload_length_exceeds_capacity,0,3,7199670,little,,0.591480,0,
scanned_documents_033,expanded,independent,document_scans,scanned_documents_033.png,/home/kali/stego_dataset_expanded/clean_image_expanded_test/renamed_clean_images/document_scans/scanned_documents_033.png,1,Unknown/None,no_known_signature,0,Unknown/None,payload_length_exceeds_capacity,0,3,16777215,little,,0.591502,0,
scanned_documents_033,expanded,independent,document_scans,scanned_documents_033.png,/home/kali/stego_dataset_expanded/clean_image_expanded_test/renamed_clean_images/document_scans/scanned_documents_033.png,2,Unknown/None,no_known_signature,0,Unknown/None,payload_length_exceeds_capacity,0,3,5592405,little,,0.619921,0,
scanned_documents_033,expanded,independent,document_scans,scanned_documents_033.png,/home/kali/stego_dataset_expanded/clean_image_expanded_test/renamed_clean_images/document_scans/scanned_documents_033.png,3,Unknown/None,no_known_signature,0,Unknown/None,payload_length_exceeds_capacity,0,3,7199670,little,,0.588798,0,
scanned_documents_034,expanded,independent,document_scans,scanned_documents_034.png,/home/kali/stego_dataset_expanded/clean_image_expanded_test/renamed_clean_images/document_scans/scanned_documents_034.png,1,Unknown/None,no_known_signature,0,Unknown/None,payload_length_exceeds_capacity,0,3,16777215,little,,0.642484,0,
scanned_documents_034,expanded,independent,document_scans,scanned_documents_034.png,/home/kali/stego_dataset_expanded/clean_image_expanded_test/renamed_clean_images/document_scans/scanned_documents_034.png,2,Unknown/None,no_known_signature,0,Unknown/None,payload_length_exceeds_capacity,0,3,5592405,little,,0.601085,0,
scanned_documents_034,expanded,independent,document_scans,scanned_documents_034.png,/home/kali/stego_dataset_expanded/clean_image_expanded_test/renamed_clean_images/document_scans/scanned_documents_034.png,3,Unknown/None,no_known_signature,0,Unknown/None,payload_length_exceeds_capacity,0,3,7199670,little,,0.652035,0,
scanned_documents_035,expanded,independent,document_scans,scanned_documents_035.png,/home/kali/stego_dataset_expanded/clean_image_expanded_test/renamed_clean_images/document_scans/scanned_documents_035.png,1,Unknown/None,no_known_signature,0,Unknown/None,payload_length_exceeds_capacity,0,3,16777215,little,,0.612703,0,
scanned_documents_035,expanded,independent,document_scans,scanned_documents_035.png,/home/kali/stego_dataset_expanded/clean_image_expanded_test/renamed_clean_images/document_scans/scanned_documents_035.png,2,Unknown/None,no_known_signature,0,Unknown/None,payload_length_exceeds_capacity,0,3,5592405,little,,0.620356,0,
scanned_documents_035,expanded,independent,document_scans,scanned_documents_035.png,/home/kali/stego_dataset_expanded/clean_image_expanded_test/renamed_clean_images/document_scans/scanned_documents_035.png,3,Unknown/None,no_known_signature,0,Unknown/None,payload_length_exceeds_capacity,0,3,7199670,little,,0.575110,0,
scanned_documents_036,expanded,independent,document_scans,scanned_documents_036.png,/home/kali/stego_dataset_expanded/clean_image_expanded_test/renamed_clean_images/document_scans/scanned_documents_036.png,1,Unknown/None,no_known_signature,0,Unknown/None,payload_length_exceeds_capacity,0,3,16777215,little,,0.702447,0,
scanned_documents_036,expanded,independent,document_scans,scanned_documents_036.png,/home/kali/stego_dataset_expanded/clean_image_expanded_test/renamed_clean_images/document_scans/scanned_documents_036.png,2,Unknown/None,no_known_signature,0,Unknown/None,payload_length_exceeds_capacity,0,3,5592405,little,,0.678571,0,
scanned_documents_036,expanded,independent,document_scans,scanned_documents_036.png,/home/kali/stego_dataset_expanded/clean_image_expanded_test/renamed_clean_images/document_scans/scanned_documents_036.png,3,Unknown/None,no_known_signature,0,Unknown/None,payload_length_exceeds_capacity,0,3,7199670,little,,0.633933,0,
scanned_documents_037,expanded,independent,document_scans,scanned_documents_037.png,/home/kali/stego_dataset_expanded/clean_image_expanded_test/renamed_clean_images/document_scans/scanned_documents_037.png,1,Unknown/None,no_known_signature,0,Unknown/None,payload_length_exceeds_capacity,0,3,16777215,little,,0.572737,0,
scanned_documents_037,expanded,independent,document_scans,scanned_documents_037.png,/home/kali/stego_dataset_expanded/clean_image_expanded_test/renamed_clean_images/document_scans/scanned_documents_037.png,2,Unknown/None,no_known_signature,0,Unknown/None,payload_length_exceeds_capacity,0,3,5592405,little,,0.584094,0,
scanned_documents_037,expanded,independent,document_scans,scanned_documents_037.png,/home/kali/stego_dataset_expanded/clean_image_expanded_test/renamed_clean_images/document_scans/scanned_documents_037.png,3,Unknown/None,no_known_signature,0,Unknown/None,payload_length_exceeds_capacity,0,3,7199670,little,,0.639523,0,
scanned_documents_038,expanded,independent,document_scans,scanned_documents_038.png,/home/kali/stego_dataset_expanded/clean_image_expanded_test/renamed_clean_images/document_scans/scanned_documents_038.png,1,Unknown/None,no_known_signature,0,Unknown/None,payload_length_exceeds_capacity,0,3,16777215,little,,0.701917,0,
scanned_documents_038,expanded,independent,document_scans,scanned_documents_038.png,/home/kali/stego_dataset_expanded/clean_image_expanded_test/renamed_clean_images/document_scans/scanned_documents_038.png,2,Unknown/None,no_known_signature,0,Unknown/None,payload_length_exceeds_capacity,0,3,5592405,little,,0.610548,0,
scanned_documents_038,expanded,independent,document_scans,scanned_documents_038.png,/home/kali/stego_dataset_expanded/clean_image_expanded_test/renamed_clean_images/document_scans/scanned_documents_038.png,3,Unknown/None,no_known_signature,0,Unknown/None,payload_length_exceeds_capacity,0,3,7199670,little,,0.543770,0,
scanned_documents_039,expanded,independent,document_scans,scanned_documents_039.png,/home/kali/stego_dataset_expanded/clean_image_expanded_test/renamed_clean_images/document_scans/scanned_documents_039.png,1,Unknown/None,no_known_signature,0,Unknown/None,payload_length_exceeds_capacity,0,3,16777215,little,,0.563678,0,
scanned_documents_039,expanded,independent,document_scans,scanned_documents_039.png,/home/kali/stego_dataset_expanded/clean_image_expanded_test/renamed_clean_images/document_scans/scanned_documents_039.png,2,Unknown/None,no_known_signature,0,Unknown/None,payload_length_exceeds_capacity,0,3,5592405,little,,0.658223,0,
scanned_documents_039,expanded,independent,document_scans,scanned_documents_039.png,/home/kali/stego_dataset_expanded/clean_image_expanded_test/renamed_clean_images/document_scans/scanned_documents_039.png,3,Unknown/None,no_known_signature,0,Unknown/None,payload_length_exceeds_capacity,0,3,7199670,little,,0.595548,0,
scanned_documents_040,expanded,independent,document_scans,scanned_documents_040.png,/home/kali/stego_dataset_expanded/clean_image_expanded_test/renamed_clean_images/document_scans/scanned_documents_040.png,1,Unknown/None,no_known_signature,0,Unknown/None,payload_length_exceeds_capacity,0,3,16777215,little,,0.582217,0,
scanned_documents_040,expanded,independent,document_scans,scanned_documents_040.png,/home/kali/stego_dataset_expanded/clean_image_expanded_test/renamed_clean_images/document_scans/scanned_documents_040.png,2,Unknown/None,no_known_signature,0,Unknown/None,payload_length_exceeds_capacity,0,3,5592405,little,,0.611860,0,
scanned_documents_040,expanded,independent,document_scans,scanned_documents_040.png,/home/kali/stego_dataset_expanded/clean_image_expanded_test/renamed_clean_images/document_scans/scanned_documents_040.png,3,Unknown/None,no_known_signature,0,Unknown/None,payload_length_exceeds_capacity,0,3,7199670,little,,0.635023,0,
scanned_documents_041,expanded,independent,document_scans,scanned_documents_041.png,/home/kali/stego_dataset_expanded/clean_image_expanded_test/renamed_clean_images/document_scans/scanned_documents_041.png,1,Unknown/None,no_known_signature,0,Unknown/None,payload_length_exceeds_capacity,0,3,16777215,little,,0.719544,0,
scanned_documents_041,expanded,independent,document_scans,scanned_documents_041.png,/home/kali/stego_dataset_expanded/clean_image_expanded_test/renamed_clean_images/document_scans/scanned_documents_041.png,2,Unknown/None,no_known_signature,0,Unknown/None,payload_length_exceeds_capacity,0,3,5592405,little,,0.785932,0,
scanned_documents_041,expanded,independent,document_scans,scanned_documents_041.png,/home/kali/stego_dataset_expanded/clean_image_expanded_test/renamed_clean_images/document_scans/scanned_documents_041.png,3,Unknown/None,no_known_signature,0,Unknown/None,payload_length_exceeds_capacity,0,3,7199670,little,,0.770002,0,
scanned_documents_042,expanded,independent,document_scans,scanned_documents_042.png,/home/kali/stego_dataset_expanded/clean_image_expanded_test/renamed_clean_images/document_scans/scanned_documents_042.png,1,Unknown/None,no_known_signature,0,Unknown/None,payload_length_exceeds_capacity,0,3,16777215,little,,0.724618,0,
scanned_documents_042,expanded,independent,document_scans,scanned_documents_042.png,/home/kali/stego_dataset_expanded/clean_image_expanded_test/renamed_clean_images/document_scans/scanned_documents_042.png,2,Unknown/None,no_known_signature,0,Unknown/None,payload_length_exceeds_capacity,0,3,5592405,little,,0.608636,0,
scanned_documents_042,expanded,independent,document_scans,scanned_documents_042.png,/home/kali/stego_dataset_expanded/clean_image_expanded_test/renamed_clean_images/document_scans/scanned_documents_042.png,3,Unknown/None,no_known_signature,0,Unknown/None,payload_length_exceeds_capacity,0,3,7199670,little,,0.572835,0,
scanned_documents_043,expanded,independent,document_scans,scanned_documents_043.png,/home/kali/stego_dataset_expanded/clean_image_expanded_test/renamed_clean_images/document_scans/scanned_documents_043.png,1,Unknown/None,no_known_signature,0,Unknown/None,payload_length_exceeds_capacity,0,3,16777215,little,,0.638857,0,
scanned_documents_043,expanded,independent,document_scans,scanned_documents_043.png,/home/kali/stego_dataset_expanded/clean_image_expanded_test/renamed_clean_images/document_scans/scanned_documents_043.png,2,Unknown/None,no_known_signature,0,Unknown/None,payload_length_exceeds_capacity,0,3,5592405,little,,0.739201,0,
scanned_documents_043,expanded,independent,document_scans,scanned_documents_043.png,/home/kali/stego_dataset_expanded/clean_image_expanded_test/renamed_clean_images/document_scans/scanned_documents_043.png,3,Unknown/None,no_known_signature,0,Unknown/None,payload_length_exceeds_capacity,0,3,7199670,little,,0.601576,0,
scanned_documents_044,expanded,independent,document_scans,scanned_documents_044.png,/home/kali/stego_dataset_expanded/clean_image_expanded_test/renamed_clean_images/document_scans/scanned_documents_044.png,1,Unknown/None,no_known_signature,0,Unknown/None,payload_length_exceeds_capacity,0,3,16777215,little,,0.599277,0,
scanned_documents_044,expanded,independent,document_scans,scanned_documents_044.png,/home/kali/stego_dataset_expanded/clean_image_expanded_test/renamed_clean_images/document_scans/scanned_documents_044.png,2,Unknown/None,no_known_signature,0,Unknown/None,payload_length_exceeds_capacity,0,3,5592405,little,,0.615607,0,
scanned_documents_044,expanded,independent,document_scans,scanned_documents_044.png,/home/kali/stego_dataset_expanded/clean_image_expanded_test/renamed_clean_images/document_scans/scanned_documents_044.png,3,Unknown/None,no_known_signature,0,Unknown/None,payload_length_exceeds_capacity,0,3,7199670,little,,0.639744,0,
scanned_documents_045,expanded,independent,document_scans,scanned_documents_045.png,/home/kali/stego_dataset_expanded/clean_image_expanded_test/renamed_clean_images/document_scans/scanned_documents_045.png,1,Unknown/None,no_known_signature,0,Unknown/None,payload_length_exceeds_capacity,0,3,16777215,little,,0.612772,0,
scanned_documents_045,expanded,independent,document_scans,scanned_documents_045.png,/home/kali/stego_dataset_expanded/clean_image_expanded_test/renamed_clean_images/document_scans/scanned_documents_045.png,2,Unknown/None,no_known_signature,0,Unknown/None,payload_length_exceeds_capacity,0,3,5592405,little,,0.608128,0,
scanned_documents_045,expanded,independent,document_scans,scanned_documents_045.png,/home/kali/stego_dataset_expanded/clean_image_expanded_test/renamed_clean_images/document_scans/scanned_documents_045.png,3,Unknown/None,no_known_signature,0,Unknown/None,payload_length_exceeds_capacity,0,3,7199670,little,,0.631029,0,
scanned_documents_046,expanded,independent,document_scans,scanned_documents_046.png,/home/kali/stego_dataset_expanded/clean_image_expanded_test/renamed_clean_images/document_scans/scanned_documents_046.png,1,Unknown/None,no_known_signature,0,Unknown/None,payload_length_exceeds_capacity,0,3,16777215,little,,0.657099,0,
scanned_documents_046,expanded,independent,document_scans,scanned_documents_046.png,/home/kali/stego_dataset_expanded/clean_image_expanded_test/renamed_clean_images/document_scans/scanned_documents_046.png,2,Unknown/None,no_known_signature,0,Unknown/None,payload_length_exceeds_capacity,0,3,5592405,little,,0.579166,0,
scanned_documents_046,expanded,independent,document_scans,scanned_documents_046.png,/home/kali/stego_dataset_expanded/clean_image_expanded_test/renamed_clean_images/document_scans/scanned_documents_046.png,3,Unknown/None,no_known_signature,0,Unknown/None,payload_length_exceeds_capacity,0,3,7199670,little,,0.586052,0,
scanned_documents_047,expanded,independent,document_scans,scanned_documents_047.png,/home/kali/stego_dataset_expanded/clean_image_expanded_test/renamed_clean_images/document_scans/scanned_documents_047.png,1,Unknown/None,no_known_signature,0,Unknown/None,payload_length_exceeds_capacity,0,3,16777215,little,,0.635520,0,
scanned_documents_047,expanded,independent,document_scans,scanned_documents_047.png,/home/kali/stego_dataset_expanded/clean_image_expanded_test/renamed_clean_images/document_scans/scanned_documents_047.png,2,Unknown/None,no_known_signature,0,Unknown/None,payload_length_exceeds_capacity,0,3,5592405,little,,0.634215,0,
scanned_documents_047,expanded,independent,document_scans,scanned_documents_047.png,/home/kali/stego_dataset_expanded/clean_image_expanded_test/renamed_clean_images/document_scans/scanned_documents_047.png,3,Unknown/None,no_known_signature,0,Unknown/None,payload_length_exceeds_capacity,0,3,7199670,little,,0.572909,0,
scanned_documents_048,expanded,independent,document_scans,scanned_documents_048.png,/home/kali/stego_dataset_expanded/clean_image_expanded_test/renamed_clean_images/document_scans/scanned_documents_048.png,1,Unknown/None,no_known_signature,0,Unknown/None,payload_length_exceeds_capacity,0,3,16777215,little,,0.557076,0,
scanned_documents_048,expanded,independent,document_scans,scanned_documents_048.png,/home/kali/stego_dataset_expanded/clean_image_expanded_test/renamed_clean_images/document_scans/scanned_documents_048.png,2,Unknown/None,no_known_signature,0,Unknown/None,payload_length_exceeds_capacity,0,3,5592405,little,,0.543769,0,
scanned_documents_048,expanded,independent,document_scans,scanned_documents_048.png,/home/kali/stego_dataset_expanded/clean_image_expanded_test/renamed_clean_images/document_scans/scanned_documents_048.png,3,Unknown/None,no_known_signature,0,Unknown/None,payload_length_exceeds_capacity,0,3,7199670,little,,0.617757,0,
scanned_documents_049,expanded,independent,document_scans,scanned_documents_049.png,/home/kali/stego_dataset_expanded/clean_image_expanded_test/renamed_clean_images/document_scans/scanned_documents_049.png,1,Unknown/None,no_known_signature,0,Unknown/None,payload_length_exceeds_capacity,0,3,16777215,little,,0.616866,0,
scanned_documents_049,expanded,independent,document_scans,scanned_documents_049.png,/home/kali/stego_dataset_expanded/clean_image_expanded_test/renamed_clean_images/document_scans/scanned_documents_049.png,2,Unknown/None,no_known_signature,0,Unknown/None,payload_length_exceeds_capacity,0,3,5592405,little,,0.566655,0,
scanned_documents_049,expanded,independent,document_scans,scanned_documents_049.png,/home/kali/stego_dataset_expanded/clean_image_expanded_test/renamed_clean_images/document_scans/scanned_documents_049.png,3,Unknown/None,no_known_signature,0,Unknown/None,payload_length_exceeds_capacity,0,3,7199670,little,,0.542256,0,
scanned_documents_050,expanded,independent,document_scans,scanned_documents_050.png,/home/kali/stego_dataset_expanded/clean_image_expanded_test/renamed_clean_images/document_scans/scanned_documents_050.png,1,Unknown/None,no_known_signature,0,Unknown/None,payload_length_exceeds_capacity,0,3,16777215,little,,0.645869,0,
scanned_documents_050,expanded,independent,document_scans,scanned_documents_050.png,/home/kali/stego_dataset_expanded/clean_image_expanded_test/renamed_clean_images/document_scans/scanned_documents_050.png,2,Unknown/None,no_known_signature,0,Unknown/None,payload_length_exceeds_capacity,0,3,5592405,little,,0.610678,0,
scanned_documents_050,expanded,independent,document_scans,scanned_documents_050.png,/home/kali/stego_dataset_expanded/clean_image_expanded_test/renamed_clean_images/document_scans/scanned_documents_050.png,3,Unknown/None,no_known_signature,0,Unknown/None,payload_length_exceeds_capacity,0,3,7199670,little,,0.620869,0,
noisy_001,expanded,independent,noisy,noisy_001.png,/home/kali/stego_dataset_expanded/clean_image_expanded_test/renamed_clean_images/noisy/noisy_001.png,1,Unknown/None,no_known_signature,0,Unknown/None,invalid_payload_length,0,3,0,little,,0.182209,0,
noisy_001,expanded,independent,noisy,noisy_001.png,/home/kali/stego_dataset_expanded/clean_image_expanded_test/renamed_clean_images/noisy/noisy_001.png,2,Unknown/None,no_known_signature,0,Unknown/None,invalid_payload_length,0,3,0,little,,0.170797,0,
noisy_001,expanded,independent,noisy,noisy_001.png,/home/kali/stego_dataset_expanded/clean_image_expanded_test/renamed_clean_images/noisy/noisy_001.png,3,Unknown/None,no_known_signature,0,Unknown/None,invalid_payload_length,0,3,0,little,,0.159433,0,
noisy_002,expanded,independent,noisy,noisy_002.png,/home/kali/stego_dataset_expanded/clean_image_expanded_test/renamed_clean_images/noisy/noisy_002.png,1,Unknown/None,no_known_signature,0,Unknown/None,invalid_payload_length,0,3,0,little,,0.168192,0,
noisy_002,expanded,independent,noisy,noisy_002.png,/home/kali/stego_dataset_expanded/clean_image_expanded_test/renamed_clean_images/noisy/noisy_002.png,2,Unknown/None,no_known_signature,0,Unknown/None,invalid_payload_length,0,3,0,little,,0.144023,0,
noisy_002,expanded,independent,noisy,noisy_002.png,/home/kali/stego_dataset_expanded/clean_image_expanded_test/renamed_clean_images/noisy/noisy_002.png,3,Unknown/None,no_known_signature,0,Unknown/None,invalid_payload_length,0,3,0,little,,0.157576,0,
noisy_003,expanded,independent,noisy,noisy_003.png,/home/kali/stego_dataset_expanded/clean_image_expanded_test/renamed_clean_images/noisy/noisy_003.png,1,Unknown/None,no_known_signature,0,Unknown/None,invalid_payload_length,0,3,0,little,,0.141793,0,
noisy_003,expanded,independent,noisy,noisy_003.png,/home/kali/stego_dataset_expanded/clean_image_expanded_test/renamed_clean_images/noisy/noisy_003.png,2,Unknown/None,no_known_signature,0,Unknown/None,invalid_payload_length,0,3,0,little,,0.155006,0,
noisy_003,expanded,independent,noisy,noisy_003.png,/home/kali/stego_dataset_expanded/clean_image_expanded_test/renamed_clean_images/noisy/noisy_003.png,3,Unknown/None,no_known_signature,0,Unknown/None,invalid_payload_length,0,3,0,little,,0.200234,0,
noisy_004,expanded,independent,noisy,noisy_004.png,/home/kali/stego_dataset_expanded/clean_image_expanded_test/renamed_clean_images/noisy/noisy_004.png,1,Unknown/None,no_known_signature,0,Unknown/None,invalid_payload_length,0,3,0,little,,0.168592,0,
noisy_004,expanded,independent,noisy,noisy_004.png,/home/kali/stego_dataset_expanded/clean_image_expanded_test/renamed_clean_images/noisy/noisy_004.png,2,Unknown/None,no_known_signature,0,Unknown/None,invalid_payload_length,0,3,0,little,,0.173824,0,
noisy_004,expanded,independent,noisy,noisy_004.png,/home/kali/stego_dataset_expanded/clean_image_expanded_test/renamed_clean_images/noisy/noisy_004.png,3,Unknown/None,no_known_signature,0,Unknown/None,invalid_payload_length,0,3,0,little,,0.134392,0,
noisy_005,expanded,independent,noisy,noisy_005.png,/home/kali/stego_dataset_expanded/clean_image_expanded_test/renamed_clean_images/noisy/noisy_005.png,1,Unknown/None,no_known_signature,0,Unknown/None,invalid_payload_length,0,3,0,little,,0.157708,0,
noisy_005,expanded,independent,noisy,noisy_005.png,/home/kali/stego_dataset_expanded/clean_image_expanded_test/renamed_clean_images/noisy/noisy_005.png,2,Unknown/None,no_known_signature,0,Unknown/None,invalid_payload_length,0,3,0,little,,0.156035,0,
noisy_005,expanded,independent,noisy,noisy_005.png,/home/kali/stego_dataset_expanded/clean_image_expanded_test/renamed_clean_images/noisy/noisy_005.png,3,Unknown/None,no_known_signature,0,Unknown/None,invalid_payload_length,0,3,0,little,,0.161084,0,
noisy_006,expanded,independent,noisy,noisy_006.png,/home/kali/stego_dataset_expanded/clean_image_expanded_test/renamed_clean_images/noisy/noisy_006.png,1,Unknown/None,no_known_signature,0,Unknown/None,invalid_payload_length,0,3,0,little,,0.163073,0,
noisy_006,expanded,independent,noisy,noisy_006.png,/home/kali/stego_dataset_expanded/clean_image_expanded_test/renamed_clean_images/noisy/noisy_006.png,2,Unknown/None,no_known_signature,0,Unknown/None,invalid_payload_length,0,3,0,little,,0.133216,0,
noisy_006,expanded,independent,noisy,noisy_006.png,/home/kali/stego_dataset_expanded/clean_image_expanded_test/renamed_clean_images/noisy/noisy_006.png,3,Unknown/None,no_known_signature,0,Unknown/None,invalid_payload_length,0,3,0,little,,0.139104,0,
noisy_007,expanded,independent,noisy,noisy_007.png,/home/kali/stego_dataset_expanded/clean_image_expanded_test/renamed_clean_images/noisy/noisy_007.png,1,Unknown/None,no_known_signature,0,Unknown/None,invalid_payload_length,0,3,0,little,,0.135826,0,
noisy_007,expanded,independent,noisy,noisy_007.png,/home/kali/stego_dataset_expanded/clean_image_expanded_test/renamed_clean_images/noisy/noisy_007.png,2,Unknown/None,no_known_signature,0,Unknown/None,invalid_payload_length,0,3,0,little,,0.137289,0,
noisy_007,expanded,independent,noisy,noisy_007.png,/home/kali/stego_dataset_expanded/clean_image_expanded_test/renamed_clean_images/noisy/noisy_007.png,3,Unknown/None,no_known_signature,0,Unknown/None,invalid_payload_length,0,3,0,little,,0.138429,0,
noisy_008,expanded,independent,noisy,noisy_008.png,/home/kali/stego_dataset_expanded/clean_image_expanded_test/renamed_clean_images/noisy/noisy_008.png,1,Unknown/None,no_known_signature,0,Unknown/None,invalid_payload_length,0,3,0,little,,0.155686,0,
noisy_008,expanded,independent,noisy,noisy_008.png,/home/kali/stego_dataset_expanded/clean_image_expanded_test/renamed_clean_images/noisy/noisy_008.png,2,Unknown/None,no_known_signature,0,Unknown/None,invalid_payload_length,0,3,0,little,,0.168836,0,
noisy_008,expanded,independent,noisy,noisy_008.png,/home/kali/stego_dataset_expanded/clean_image_expanded_test/renamed_clean_images/noisy/noisy_008.png,3,Unknown/None,no_known_signature,0,Unknown/None,invalid_payload_length,0,3,0,little,,0.152616,0,
noisy_009,expanded,independent,noisy,noisy_009.png,/home/kali/stego_dataset_expanded/clean_image_expanded_test/renamed_clean_images/noisy/noisy_009.png,1,Unknown/None,no_known_signature,0,Unknown/None,invalid_payload_length,0,3,0,little,,0.198502,0,
noisy_009,expanded,independent,noisy,noisy_009.png,/home/kali/stego_dataset_expanded/clean_image_expanded_test/renamed_clean_images/noisy/noisy_009.png,2,Unknown/None,no_known_signature,0,Unknown/None,invalid_payload_length,0,3,0,little,,0.165255,0,
noisy_009,expanded,independent,noisy,noisy_009.png,/home/kali/stego_dataset_expanded/clean_image_expanded_test/renamed_clean_images/noisy/noisy_009.png,3,Unknown/None,no_known_signature,0,Unknown/None,invalid_payload_length,0,3,0,little,,0.147714,0,
noisy_010,expanded,independent,noisy,noisy_010.png,/home/kali/stego_dataset_expanded/clean_image_expanded_test/renamed_clean_images/noisy/noisy_010.png,1,Unknown/None,no_known_signature,0,Unknown/None,invalid_payload_length,0,3,0,little,,0.139300,0,
noisy_010,expanded,independent,noisy,noisy_010.png,/home/kali/stego_dataset_expanded/clean_image_expanded_test/renamed_clean_images/noisy/noisy_010.png,2,Unknown/None,no_known_signature,0,Unknown/None,invalid_payload_length,0,3,0,little,,0.150193,0,
noisy_010,expanded,independent,noisy,noisy_010.png,/home/kali/stego_dataset_expanded/clean_image_expanded_test/renamed_clean_images/noisy/noisy_010.png,3,Unknown/None,no_known_signature,0,Unknown/None,invalid_payload_length,0,3,0,little,,0.133933,0,
noisy_011,expanded,independent,noisy,noisy_011.png,/home/kali/stego_dataset_expanded/clean_image_expanded_test/renamed_clean_images/noisy/noisy_011.png,1,Unknown/None,no_known_signature,0,Unknown/None,invalid_payload_length,0,3,0,little,,0.156961,0,
noisy_011,expanded,independent,noisy,noisy_011.png,/home/kali/stego_dataset_expanded/clean_image_expanded_test/renamed_clean_images/noisy/noisy_011.png,2,Unknown/None,no_known_signature,0,Unknown/None,invalid_payload_length,0,3,0,little,,0.132391,0,
noisy_011,expanded,independent,noisy,noisy_011.png,/home/kali/stego_dataset_expanded/clean_image_expanded_test/renamed_clean_images/noisy/noisy_011.png,3,Unknown/None,no_known_signature,0,Unknown/None,invalid_payload_length,0,3,0,little,,0.132236,0,
noisy_012,expanded,independent,noisy,noisy_012.png,/home/kali/stego_dataset_expanded/clean_image_expanded_test/renamed_clean_images/noisy/noisy_012.png,1,Unknown/None,no_known_signature,0,Unknown/None,invalid_payload_length,0,3,0,little,,0.154537,0,
noisy_012,expanded,independent,noisy,noisy_012.png,/home/kali/stego_dataset_expanded/clean_image_expanded_test/renamed_clean_images/noisy/noisy_012.png,2,Unknown/None,no_known_signature,0,Unknown/None,invalid_payload_length,0,3,0,little,,0.155779,0,
noisy_012,expanded,independent,noisy,noisy_012.png,/home/kali/stego_dataset_expanded/clean_image_expanded_test/renamed_clean_images/noisy/noisy_012.png,3,Unknown/None,no_known_signature,0,Unknown/None,invalid_payload_length,0,3,0,little,,0.158333,0,
noisy_013,expanded,independent,noisy,noisy_013.png,/home/kali/stego_dataset_expanded/clean_image_expanded_test/renamed_clean_images/noisy/noisy_013.png,1,Unknown/None,no_known_signature,0,Unknown/None,invalid_payload_length,0,3,0,little,,0.149685,0,
noisy_013,expanded,independent,noisy,noisy_013.png,/home/kali/stego_dataset_expanded/clean_image_expanded_test/renamed_clean_images/noisy/noisy_013.png,2,Unknown/None,no_known_signature,0,Unknown/None,invalid_payload_length,0,3,0,little,,0.131963,0,
noisy_013,expanded,independent,noisy,noisy_013.png,/home/kali/stego_dataset_expanded/clean_image_expanded_test/renamed_clean_images/noisy/noisy_013.png,3,Unknown/None,no_known_signature,0,Unknown/None,invalid_payload_length,0,3,0,little,,0.130137,0,
noisy_014,expanded,independent,noisy,noisy_014.png,/home/kali/stego_dataset_expanded/clean_image_expanded_test/renamed_clean_images/noisy/noisy_014.png,1,Unknown/None,no_known_signature,0,Unknown/None,invalid_payload_length,0,3,0,little,,0.157381,0,
noisy_014,expanded,independent,noisy,noisy_014.png,/home/kali/stego_dataset_expanded/clean_image_expanded_test/renamed_clean_images/noisy/noisy_014.png,2,Unknown/None,no_known_signature,0,Unknown/None,invalid_payload_length,0,3,0,little,,0.155686,0,
noisy_014,expanded,independent,noisy,noisy_014.png,/home/kali/stego_dataset_expanded/clean_image_expanded_test/renamed_clean_images/noisy/noisy_014.png,3,Unknown/None,no_known_signature,0,Unknown/None,invalid_payload_length,0,3,0,little,,0.189759,0,
noisy_015,expanded,independent,noisy,noisy_015.png,/home/kali/stego_dataset_expanded/clean_image_expanded_test/renamed_clean_images/noisy/noisy_015.png,1,Unknown/None,no_known_signature,0,Unknown/None,invalid_payload_length,0,3,0,little,,0.158796,0,
noisy_015,expanded,independent,noisy,noisy_015.png,/home/kali/stego_dataset_expanded/clean_image_expanded_test/renamed_clean_images/noisy/noisy_015.png,2,Unknown/None,no_known_signature,0,Unknown/None,invalid_payload_length,0,3,0,little,,0.145624,0,
noisy_015,expanded,independent,noisy,noisy_015.png,/home/kali/stego_dataset_expanded/clean_image_expanded_test/renamed_clean_images/noisy/noisy_015.png,3,Unknown/None,no_known_signature,0,Unknown/None,invalid_payload_length,0,3,0,little,,0.154231,0,
noisy_016,expanded,independent,noisy,noisy_016.png,/home/kali/stego_dataset_expanded/clean_image_expanded_test/renamed_clean_images/noisy/noisy_016.png,1,Unknown/None,no_known_signature,0,Unknown/None,invalid_payload_length,0,3,0,little,,0.147921,0,
noisy_016,expanded,independent,noisy,noisy_016.png,/home/kali/stego_dataset_expanded/clean_image_expanded_test/renamed_clean_images/noisy/noisy_016.png,2,Unknown/None,no_known_signature,0,Unknown/None,invalid_payload_length,0,3,0,little,,0.136446,0,
noisy_016,expanded,independent,noisy,noisy_016.png,/home/kali/stego_dataset_expanded/clean_image_expanded_test/renamed_clean_images/noisy/noisy_016.png,3,Unknown/None,no_known_signature,0,Unknown/None,invalid_payload_length,0,3,0,little,,0.145488,0,
noisy_017,expanded,independent,noisy,noisy_017.png,/home/kali/stego_dataset_expanded/clean_image_expanded_test/renamed_clean_images/noisy/noisy_017.png,1,Unknown/None,no_known_signature,0,Unknown/None,invalid_payload_length,0,3,0,little,,0.152969,0,
noisy_017,expanded,independent,noisy,noisy_017.png,/home/kali/stego_dataset_expanded/clean_image_expanded_test/renamed_clean_images/noisy/noisy_017.png,2,Unknown/None,no_known_signature,0,Unknown/None,invalid_payload_length,0,3,0,little,,0.142151,0,
noisy_017,expanded,independent,noisy,noisy_017.png,/home/kali/stego_dataset_expanded/clean_image_expanded_test/renamed_clean_images/noisy/noisy_017.png,3,Unknown/None,no_known_signature,0,Unknown/None,invalid_payload_length,0,3,0,little,,0.138188,0,
noisy_018,expanded,independent,noisy,noisy_018.png,/home/kali/stego_dataset_expanded/clean_image_expanded_test/renamed_clean_images/noisy/noisy_018.png,1,Unknown/None,no_known_signature,0,Unknown/None,invalid_payload_length,0,3,0,little,,0.143906,0,
noisy_018,expanded,independent,noisy,noisy_018.png,/home/kali/stego_dataset_expanded/clean_image_expanded_test/renamed_clean_images/noisy/noisy_018.png,2,Unknown/None,no_known_signature,0,Unknown/None,invalid_payload_length,0,3,0,little,,0.141295,0,
noisy_018,expanded,independent,noisy,noisy_018.png,/home/kali/stego_dataset_expanded/clean_image_expanded_test/renamed_clean_images/noisy/noisy_018.png,3,Unknown/None,no_known_signature,0,Unknown/None,invalid_payload_length,0,3,0,little,,0.138223,0,
noisy_019,expanded,independent,noisy,noisy_019.png,/home/kali/stego_dataset_expanded/clean_image_expanded_test/renamed_clean_images/noisy/noisy_019.png,1,Unknown/None,no_known_signature,0,Unknown/None,invalid_payload_length,0,3,0,little,,0.143102,0,
noisy_019,expanded,independent,noisy,noisy_019.png,/home/kali/stego_dataset_expanded/clean_image_expanded_test/renamed_clean_images/noisy/noisy_019.png,2,Unknown/None,no_known_signature,0,Unknown/None,invalid_payload_length,0,3,0,little,,0.155706,0,
noisy_019,expanded,independent,noisy,noisy_019.png,/home/kali/stego_dataset_expanded/clean_image_expanded_test/renamed_clean_images/noisy/noisy_019.png,3,Unknown/None,no_known_signature,0,Unknown/None,invalid_payload_length,0,3,0,little,,0.146242,0,
noisy_020,expanded,independent,noisy,noisy_020.png,/home/kali/stego_dataset_expanded/clean_image_expanded_test/renamed_clean_images/noisy/noisy_020.png,1,Unknown/None,no_known_signature,0,Unknown/None,invalid_payload_length,0,3,0,little,,0.141904,0,
noisy_020,expanded,independent,noisy,noisy_020.png,/home/kali/stego_dataset_expanded/clean_image_expanded_test/renamed_clean_images/noisy/noisy_020.png,2,Unknown/None,no_known_signature,0,Unknown/None,invalid_payload_length,0,3,0,little,,0.181399,0,
noisy_020,expanded,independent,noisy,noisy_020.png,/home/kali/stego_dataset_expanded/clean_image_expanded_test/renamed_clean_images/noisy/noisy_020.png,3,Unknown/None,no_known_signature,0,Unknown/None,invalid_payload_length,0,3,0,little,,0.170910,0,
noisy_021,expanded,independent,noisy,noisy_021.png,/home/kali/stego_dataset_expanded/clean_image_expanded_test/renamed_clean_images/noisy/noisy_021.png,1,Unknown/None,no_known_signature,0,Unknown/None,invalid_payload_length,0,3,0,little,,0.156477,0,
noisy_021,expanded,independent,noisy,noisy_021.png,/home/kali/stego_dataset_expanded/clean_image_expanded_test/renamed_clean_images/noisy/noisy_021.png,2,Unknown/None,no_known_signature,0,Unknown/None,invalid_payload_length,0,3,0,little,,0.145461,0,
noisy_021,expanded,independent,noisy,noisy_021.png,/home/kali/stego_dataset_expanded/clean_image_expanded_test/renamed_clean_images/noisy/noisy_021.png,3,Unknown/None,no_known_signature,0,Unknown/None,invalid_payload_length,0,3,0,little,,0.172046,0,
noisy_022,expanded,independent,noisy,noisy_022.png,/home/kali/stego_dataset_expanded/clean_image_expanded_test/renamed_clean_images/noisy/noisy_022.png,1,Unknown/None,no_known_signature,0,Unknown/None,invalid_payload_length,0,3,0,little,,0.165561,0,
noisy_022,expanded,independent,noisy,noisy_022.png,/home/kali/stego_dataset_expanded/clean_image_expanded_test/renamed_clean_images/noisy/noisy_022.png,2,Unknown/None,no_known_signature,0,Unknown/None,invalid_payload_length,0,3,0,little,,0.151327,0,
noisy_022,expanded,independent,noisy,noisy_022.png,/home/kali/stego_dataset_expanded/clean_image_expanded_test/renamed_clean_images/noisy/noisy_022.png,3,Unknown/None,no_known_signature,0,Unknown/None,invalid_payload_length,0,3,0,little,,0.134257,0,
noisy_023,expanded,independent,noisy,noisy_023.png,/home/kali/stego_dataset_expanded/clean_image_expanded_test/renamed_clean_images/noisy/noisy_023.png,1,Unknown/None,no_known_signature,0,Unknown/None,invalid_payload_length,0,3,0,little,,0.150472,0,
noisy_023,expanded,independent,noisy,noisy_023.png,/home/kali/stego_dataset_expanded/clean_image_expanded_test/renamed_clean_images/noisy/noisy_023.png,2,Unknown/None,no_known_signature,0,Unknown/None,invalid_payload_length,0,3,0,little,,0.161136,0,
noisy_023,expanded,independent,noisy,noisy_023.png,/home/kali/stego_dataset_expanded/clean_image_expanded_test/renamed_clean_images/noisy/noisy_023.png,3,Unknown/None,no_known_signature,0,Unknown/None,invalid_payload_length,0,3,0,little,,0.161326,0,
noisy_024,expanded,independent,noisy,noisy_024.png,/home/kali/stego_dataset_expanded/clean_image_expanded_test/renamed_clean_images/noisy/noisy_024.png,1,Unknown/None,no_known_signature,0,Unknown/None,invalid_payload_length,0,3,0,little,,0.181665,0,
noisy_024,expanded,independent,noisy,noisy_024.png,/home/kali/stego_dataset_expanded/clean_image_expanded_test/renamed_clean_images/noisy/noisy_024.png,2,Unknown/None,no_known_signature,0,Unknown/None,invalid_payload_length,0,3,0,little,,0.197708,0,
noisy_024,expanded,independent,noisy,noisy_024.png,/home/kali/stego_dataset_expanded/clean_image_expanded_test/renamed_clean_images/noisy/noisy_024.png,3,Unknown/None,no_known_signature,0,Unknown/None,invalid_payload_length,0,3,0,little,,0.154136,0,
noisy_025,expanded,independent,noisy,noisy_025.png,/home/kali/stego_dataset_expanded/clean_image_expanded_test/renamed_clean_images/noisy/noisy_025.png,1,Unknown/None,no_known_signature,0,Unknown/None,invalid_payload_length,0,3,0,little,,0.157831,0,
noisy_025,expanded,independent,noisy,noisy_025.png,/home/kali/stego_dataset_expanded/clean_image_expanded_test/renamed_clean_images/noisy/noisy_025.png,2,Unknown/None,no_known_signature,0,Unknown/None,invalid_payload_length,0,3,0,little,,0.147421,0,
noisy_025,expanded,independent,noisy,noisy_025.png,/home/kali/stego_dataset_expanded/clean_image_expanded_test/renamed_clean_images/noisy/noisy_025.png,3,Unknown/None,no_known_signature,0,Unknown/None,invalid_payload_length,0,3,0,little,,0.191393,0,
noisy_026,expanded,independent,noisy,noisy_026.png,/home/kali/stego_dataset_expanded/clean_image_expanded_test/renamed_clean_images/noisy/noisy_026.png,1,Unknown/None,no_known_signature,0,Unknown/None,invalid_payload_length,0,3,0,little,,0.157751,0,
noisy_026,expanded,independent,noisy,noisy_026.png,/home/kali/stego_dataset_expanded/clean_image_expanded_test/renamed_clean_images/noisy/noisy_026.png,2,Unknown/None,no_known_signature,0,Unknown/None,invalid_payload_length,0,3,0,little,,0.146689,0,
noisy_026,expanded,independent,noisy,noisy_026.png,/home/kali/stego_dataset_expanded/clean_image_expanded_test/renamed_clean_images/noisy/noisy_026.png,3,Unknown/None,no_known_signature,0,Unknown/None,invalid_payload_length,0,3,0,little,,0.184588,0,
noisy_027,expanded,independent,noisy,noisy_027.png,/home/kali/stego_dataset_expanded/clean_image_expanded_test/renamed_clean_images/noisy/noisy_027.png,1,Unknown/None,no_known_signature,0,Unknown/None,invalid_payload_length,0,3,0,little,,0.200665,0,
noisy_027,expanded,independent,noisy,noisy_027.png,/home/kali/stego_dataset_expanded/clean_image_expanded_test/renamed_clean_images/noisy/noisy_027.png,2,Unknown/None,no_known_signature,0,Unknown/None,invalid_payload_length,0,3,0,little,,0.169011,0,
noisy_027,expanded,independent,noisy,noisy_027.png,/home/kali/stego_dataset_expanded/clean_image_expanded_test/renamed_clean_images/noisy/noisy_027.png,3,Unknown/None,no_known_signature,0,Unknown/None,invalid_payload_length,0,3,0,little,,0.188101,0,
noisy_028,expanded,independent,noisy,noisy_028.png,/home/kali/stego_dataset_expanded/clean_image_expanded_test/renamed_clean_images/noisy/noisy_028.png,1,Unknown/None,no_known_signature,0,Unknown/None,invalid_payload_length,0,3,0,little,,0.202312,0,
noisy_028,expanded,independent,noisy,noisy_028.png,/home/kali/stego_dataset_expanded/clean_image_expanded_test/renamed_clean_images/noisy/noisy_028.png,2,Unknown/None,no_known_signature,0,Unknown/None,invalid_payload_length,0,3,0,little,,0.215630,0,
noisy_028,expanded,independent,noisy,noisy_028.png,/home/kali/stego_dataset_expanded/clean_image_expanded_test/renamed_clean_images/noisy/noisy_028.png,3,Unknown/None,no_known_signature,0,Unknown/None,invalid_payload_length,0,3,0,little,,0.177573,0,
noisy_029,expanded,independent,noisy,noisy_029.png,/home/kali/stego_dataset_expanded/clean_image_expanded_test/renamed_clean_images/noisy/noisy_029.png,1,Unknown/None,no_known_signature,0,Unknown/None,invalid_payload_length,0,3,0,little,,0.223688,0,
noisy_029,expanded,independent,noisy,noisy_029.png,/home/kali/stego_dataset_expanded/clean_image_expanded_test/renamed_clean_images/noisy/noisy_029.png,2,Unknown/None,no_known_signature,0,Unknown/None,invalid_payload_length,0,3,0,little,,0.223229,0,
noisy_029,expanded,independent,noisy,noisy_029.png,/home/kali/stego_dataset_expanded/clean_image_expanded_test/renamed_clean_images/noisy/noisy_029.png,3,Unknown/None,no_known_signature,0,Unknown/None,invalid_payload_length,0,3,0,little,,0.221154,0,
noisy_030,expanded,independent,noisy,noisy_030.png,/home/kali/stego_dataset_expanded/clean_image_expanded_test/renamed_clean_images/noisy/noisy_030.png,1,Unknown/None,no_known_signature,0,Unknown/None,invalid_payload_length,0,3,0,little,,0.304811,0,
noisy_030,expanded,independent,noisy,noisy_030.png,/home/kali/stego_dataset_expanded/clean_image_expanded_test/renamed_clean_images/noisy/noisy_030.png,2,Unknown/None,no_known_signature,0,Unknown/None,invalid_payload_length,0,3,0,little,,0.264143,0,
noisy_030,expanded,independent,noisy,noisy_030.png,/home/kali/stego_dataset_expanded/clean_image_expanded_test/renamed_clean_images/noisy/noisy_030.png,3,Unknown/None,no_known_signature,0,Unknown/None,invalid_payload_length,0,3,0,little,,0.307009,0,
noisy_031,expanded,independent,noisy,noisy_031.png,/home/kali/stego_dataset_expanded/clean_image_expanded_test/renamed_clean_images/noisy/noisy_031.png,1,Unknown/None,no_known_signature,0,Unknown/None,invalid_payload_length,0,3,0,little,,0.225080,0,
noisy_031,expanded,independent,noisy,noisy_031.png,/home/kali/stego_dataset_expanded/clean_image_expanded_test/renamed_clean_images/noisy/noisy_031.png,2,Unknown/None,no_known_signature,0,Unknown/None,invalid_payload_length,0,3,0,little,,0.204932,0,
noisy_031,expanded,independent,noisy,noisy_031.png,/home/kali/stego_dataset_expanded/clean_image_expanded_test/renamed_clean_images/noisy/noisy_031.png,3,Unknown/None,no_known_signature,0,Unknown/None,invalid_payload_length,0,3,0,little,,0.153431,0,
noisy_032,expanded,independent,noisy,noisy_032.png,/home/kali/stego_dataset_expanded/clean_image_expanded_test/renamed_clean_images/noisy/noisy_032.png,1,Unknown/None,no_known_signature,0,Unknown/None,invalid_payload_length,0,3,0,little,,0.160114,0,
noisy_032,expanded,independent,noisy,noisy_032.png,/home/kali/stego_dataset_expanded/clean_image_expanded_test/renamed_clean_images/noisy/noisy_032.png,2,Unknown/None,no_known_signature,0,Unknown/None,invalid_payload_length,0,3,0,little,,0.141379,0,
noisy_032,expanded,independent,noisy,noisy_032.png,/home/kali/stego_dataset_expanded/clean_image_expanded_test/renamed_clean_images/noisy/noisy_032.png,3,Unknown/None,no_known_signature,0,Unknown/None,invalid_payload_length,0,3,0,little,,0.138765,0,
noisy_033,expanded,independent,noisy,noisy_033.png,/home/kali/stego_dataset_expanded/clean_image_expanded_test/renamed_clean_images/noisy/noisy_033.png,1,Unknown/None,no_known_signature,0,Unknown/None,invalid_payload_length,0,3,0,little,,0.148989,0,
noisy_033,expanded,independent,noisy,noisy_033.png,/home/kali/stego_dataset_expanded/clean_image_expanded_test/renamed_clean_images/noisy/noisy_033.png,2,Unknown/None,no_known_signature,0,Unknown/None,invalid_payload_length,0,3,0,little,,0.157993,0,
noisy_033,expanded,independent,noisy,noisy_033.png,/home/kali/stego_dataset_expanded/clean_image_expanded_test/renamed_clean_images/noisy/noisy_033.png,3,Unknown/None,no_known_signature,0,Unknown/None,invalid_payload_length,0,3,0,little,,0.169418,0,
noisy_034,expanded,independent,noisy,noisy_034.png,/home/kali/stego_dataset_expanded/clean_image_expanded_test/renamed_clean_images/noisy/noisy_034.png,1,Unknown/None,no_known_signature,0,Unknown/None,invalid_payload_length,0,3,0,little,,0.151606,0,
noisy_034,expanded,independent,noisy,noisy_034.png,/home/kali/stego_dataset_expanded/clean_image_expanded_test/renamed_clean_images/noisy/noisy_034.png,2,Unknown/None,no_known_signature,0,Unknown/None,invalid_payload_length,0,3,0,little,,0.149250,0,
noisy_034,expanded,independent,noisy,noisy_034.png,/home/kali/stego_dataset_expanded/clean_image_expanded_test/renamed_clean_images/noisy/noisy_034.png,3,Unknown/None,no_known_signature,0,Unknown/None,invalid_payload_length,0,3,0,little,,0.177150,0,
noisy_035,expanded,independent,noisy,noisy_035.png,/home/kali/stego_dataset_expanded/clean_image_expanded_test/renamed_clean_images/noisy/noisy_035.png,1,Unknown/None,no_known_signature,0,Unknown/None,invalid_payload_length,0,3,0,little,,0.146229,0,
noisy_035,expanded,independent,noisy,noisy_035.png,/home/kali/stego_dataset_expanded/clean_image_expanded_test/renamed_clean_images/noisy/noisy_035.png,2,Unknown/None,no_known_signature,0,Unknown/None,invalid_payload_length,0,3,0,little,,0.151408,0,
noisy_035,expanded,independent,noisy,noisy_035.png,/home/kali/stego_dataset_expanded/clean_image_expanded_test/renamed_clean_images/noisy/noisy_035.png,3,Unknown/None,no_known_signature,0,Unknown/None,invalid_payload_length,0,3,0,little,,0.157247,0,
noisy_036,expanded,independent,noisy,noisy_036.png,/home/kali/stego_dataset_expanded/clean_image_expanded_test/renamed_clean_images/noisy/noisy_036.png,1,Unknown/None,no_known_signature,0,Unknown/None,invalid_payload_length,0,3,0,little,,0.147227,0,
noisy_036,expanded,independent,noisy,noisy_036.png,/home/kali/stego_dataset_expanded/clean_image_expanded_test/renamed_clean_images/noisy/noisy_036.png,2,Unknown/None,no_known_signature,0,Unknown/None,invalid_payload_length,0,3,0,little,,0.160476,0,
noisy_036,expanded,independent,noisy,noisy_036.png,/home/kali/stego_dataset_expanded/clean_image_expanded_test/renamed_clean_images/noisy/noisy_036.png,3,Unknown/None,no_known_signature,0,Unknown/None,invalid_payload_length,0,3,0,little,,0.163542,0,
noisy_037,expanded,independent,noisy,noisy_037.png,/home/kali/stego_dataset_expanded/clean_image_expanded_test/renamed_clean_images/noisy/noisy_037.png,1,Unknown/None,no_known_signature,0,Unknown/None,invalid_payload_length,0,3,0,little,,0.158099,0,
noisy_037,expanded,independent,noisy,noisy_037.png,/home/kali/stego_dataset_expanded/clean_image_expanded_test/renamed_clean_images/noisy/noisy_037.png,2,Unknown/None,no_known_signature,0,Unknown/None,invalid_payload_length,0,3,0,little,,0.186495,0,
noisy_037,expanded,independent,noisy,noisy_037.png,/home/kali/stego_dataset_expanded/clean_image_expanded_test/renamed_clean_images/noisy/noisy_037.png,3,Unknown/None,no_known_signature,0,Unknown/None,invalid_payload_length,0,3,0,little,,0.193281,0,
noisy_038,expanded,independent,noisy,noisy_038.png,/home/kali/stego_dataset_expanded/clean_image_expanded_test/renamed_clean_images/noisy/noisy_038.png,1,Unknown/None,no_known_signature,0,Unknown/None,invalid_payload_length,0,3,0,little,,0.159970,0,
noisy_038,expanded,independent,noisy,noisy_038.png,/home/kali/stego_dataset_expanded/clean_image_expanded_test/renamed_clean_images/noisy/noisy_038.png,2,Unknown/None,no_known_signature,0,Unknown/None,invalid_payload_length,0,3,0,little,,0.146908,0,
noisy_038,expanded,independent,noisy,noisy_038.png,/home/kali/stego_dataset_expanded/clean_image_expanded_test/renamed_clean_images/noisy/noisy_038.png,3,Unknown/None,no_known_signature,0,Unknown/None,invalid_payload_length,0,3,0,little,,0.144843,0,
noisy_039,expanded,independent,noisy,noisy_039.png,/home/kali/stego_dataset_expanded/clean_image_expanded_test/renamed_clean_images/noisy/noisy_039.png,1,Unknown/None,no_known_signature,0,Unknown/None,invalid_payload_length,0,3,0,little,,0.149876,0,
noisy_039,expanded,independent,noisy,noisy_039.png,/home/kali/stego_dataset_expanded/clean_image_expanded_test/renamed_clean_images/noisy/noisy_039.png,2,Unknown/None,no_known_signature,0,Unknown/None,invalid_payload_length,0,3,0,little,,0.144241,0,
noisy_039,expanded,independent,noisy,noisy_039.png,/home/kali/stego_dataset_expanded/clean_image_expanded_test/renamed_clean_images/noisy/noisy_039.png,3,Unknown/None,no_known_signature,0,Unknown/None,invalid_payload_length,0,3,0,little,,0.153383,0,
noisy_040,expanded,independent,noisy,noisy_040.png,/home/kali/stego_dataset_expanded/clean_image_expanded_test/renamed_clean_images/noisy/noisy_040.png,1,Unknown/None,no_known_signature,0,Unknown/None,invalid_payload_length,0,3,0,little,,0.202676,0,
noisy_040,expanded,independent,noisy,noisy_040.png,/home/kali/stego_dataset_expanded/clean_image_expanded_test/renamed_clean_images/noisy/noisy_040.png,2,Unknown/None,no_known_signature,0,Unknown/None,invalid_payload_length,0,3,0,little,,0.158255,0,
noisy_040,expanded,independent,noisy,noisy_040.png,/home/kali/stego_dataset_expanded/clean_image_expanded_test/renamed_clean_images/noisy/noisy_040.png,3,Unknown/None,no_known_signature,0,Unknown/None,invalid_payload_length,0,3,0,little,,0.156862,0,
noisy_041,expanded,independent,noisy,noisy_041.png,/home/kali/stego_dataset_expanded/clean_image_expanded_test/renamed_clean_images/noisy/noisy_041.png,1,Unknown/None,no_known_signature,0,Unknown/None,invalid_payload_length,0,3,0,little,,0.160082,0,
noisy_041,expanded,independent,noisy,noisy_041.png,/home/kali/stego_dataset_expanded/clean_image_expanded_test/renamed_clean_images/noisy/noisy_041.png,2,Unknown/None,no_known_signature,0,Unknown/None,invalid_payload_length,0,3,0,little,,0.160144,0,
noisy_041,expanded,independent,noisy,noisy_041.png,/home/kali/stego_dataset_expanded/clean_image_expanded_test/renamed_clean_images/noisy/noisy_041.png,3,Unknown/None,no_known_signature,0,Unknown/None,invalid_payload_length,0,3,0,little,,0.162270,0,
noisy_042,expanded,independent,noisy,noisy_042.png,/home/kali/stego_dataset_expanded/clean_image_expanded_test/renamed_clean_images/noisy/noisy_042.png,1,Unknown/None,no_known_signature,0,Unknown/None,invalid_payload_length,0,3,0,little,,0.175263,0,
noisy_042,expanded,independent,noisy,noisy_042.png,/home/kali/stego_dataset_expanded/clean_image_expanded_test/renamed_clean_images/noisy/noisy_042.png,2,Unknown/None,no_known_signature,0,Unknown/None,invalid_payload_length,0,3,0,little,,0.152222,0,
noisy_042,expanded,independent,noisy,noisy_042.png,/home/kali/stego_dataset_expanded/clean_image_expanded_test/renamed_clean_images/noisy/noisy_042.png,3,Unknown/None,no_known_signature,0,Unknown/None,invalid_payload_length,0,3,0,little,,0.169258,0,
noisy_043,expanded,independent,noisy,noisy_043.png,/home/kali/stego_dataset_expanded/clean_image_expanded_test/renamed_clean_images/noisy/noisy_043.png,1,Unknown/None,no_known_signature,0,Unknown/None,invalid_payload_length,0,3,0,little,,0.160266,0,
noisy_043,expanded,independent,noisy,noisy_043.png,/home/kali/stego_dataset_expanded/clean_image_expanded_test/renamed_clean_images/noisy/noisy_043.png,2,Unknown/None,no_known_signature,0,Unknown/None,invalid_payload_length,0,3,0,little,,0.166580,0,
noisy_043,expanded,independent,noisy,noisy_043.png,/home/kali/stego_dataset_expanded/clean_image_expanded_test/renamed_clean_images/noisy/noisy_043.png,3,Unknown/None,no_known_signature,0,Unknown/None,invalid_payload_length,0,3,0,little,,0.177428,0,
noisy_044,expanded,independent,noisy,noisy_044.png,/home/kali/stego_dataset_expanded/clean_image_expanded_test/renamed_clean_images/noisy/noisy_044.png,1,Unknown/None,no_known_signature,0,Unknown/None,invalid_payload_length,0,3,0,little,,0.195502,0,
noisy_044,expanded,independent,noisy,noisy_044.png,/home/kali/stego_dataset_expanded/clean_image_expanded_test/renamed_clean_images/noisy/noisy_044.png,2,Unknown/None,no_known_signature,0,Unknown/None,invalid_payload_length,0,3,0,little,,0.195516,0,
noisy_044,expanded,independent,noisy,noisy_044.png,/home/kali/stego_dataset_expanded/clean_image_expanded_test/renamed_clean_images/noisy/noisy_044.png,3,Unknown/None,no_known_signature,0,Unknown/None,invalid_payload_length,0,3,0,little,,0.160040,0,
noisy_045,expanded,independent,noisy,noisy_045.png,/home/kali/stego_dataset_expanded/clean_image_expanded_test/renamed_clean_images/noisy/noisy_045.png,1,Unknown/None,no_known_signature,0,Unknown/None,invalid_payload_length,0,3,0,little,,0.238686,0,
noisy_045,expanded,independent,noisy,noisy_045.png,/home/kali/stego_dataset_expanded/clean_image_expanded_test/renamed_clean_images/noisy/noisy_045.png,2,Unknown/None,no_known_signature,0,Unknown/None,invalid_payload_length,0,3,0,little,,0.163108,0,
noisy_045,expanded,independent,noisy,noisy_045.png,/home/kali/stego_dataset_expanded/clean_image_expanded_test/renamed_clean_images/noisy/noisy_045.png,3,Unknown/None,no_known_signature,0,Unknown/None,invalid_payload_length,0,3,0,little,,0.151421,0,
noisy_046,expanded,independent,noisy,noisy_046.png,/home/kali/stego_dataset_expanded/clean_image_expanded_test/renamed_clean_images/noisy/noisy_046.png,1,Unknown/None,no_known_signature,0,Unknown/None,invalid_payload_length,0,3,0,little,,0.208533,0,
noisy_046,expanded,independent,noisy,noisy_046.png,/home/kali/stego_dataset_expanded/clean_image_expanded_test/renamed_clean_images/noisy/noisy_046.png,2,Unknown/None,no_known_signature,0,Unknown/None,invalid_payload_length,0,3,0,little,,0.202479,0,
noisy_046,expanded,independent,noisy,noisy_046.png,/home/kali/stego_dataset_expanded/clean_image_expanded_test/renamed_clean_images/noisy/noisy_046.png,3,Unknown/None,no_known_signature,0,Unknown/None,invalid_payload_length,0,3,0,little,,0.177335,0,
noisy_047,expanded,independent,noisy,noisy_047.png,/home/kali/stego_dataset_expanded/clean_image_expanded_test/renamed_clean_images/noisy/noisy_047.png,1,Unknown/None,no_known_signature,0,Unknown/None,invalid_payload_length,0,3,0,little,,0.178243,0,
noisy_047,expanded,independent,noisy,noisy_047.png,/home/kali/stego_dataset_expanded/clean_image_expanded_test/renamed_clean_images/noisy/noisy_047.png,2,Unknown/None,no_known_signature,0,Unknown/None,invalid_payload_length,0,3,0,little,,0.193095,0,
noisy_047,expanded,independent,noisy,noisy_047.png,/home/kali/stego_dataset_expanded/clean_image_expanded_test/renamed_clean_images/noisy/noisy_047.png,3,Unknown/None,no_known_signature,0,Unknown/None,invalid_payload_length,0,3,0,little,,0.166130,0,
noisy_048,expanded,independent,noisy,noisy_048.png,/home/kali/stego_dataset_expanded/clean_image_expanded_test/renamed_clean_images/noisy/noisy_048.png,1,Unknown/None,no_known_signature,0,Unknown/None,invalid_payload_length,0,3,0,little,,0.152356,0,
noisy_048,expanded,independent,noisy,noisy_048.png,/home/kali/stego_dataset_expanded/clean_image_expanded_test/renamed_clean_images/noisy/noisy_048.png,2,Unknown/None,no_known_signature,0,Unknown/None,invalid_payload_length,0,3,0,little,,0.149216,0,
noisy_048,expanded,independent,noisy,noisy_048.png,/home/kali/stego_dataset_expanded/clean_image_expanded_test/renamed_clean_images/noisy/noisy_048.png,3,Unknown/None,no_known_signature,0,Unknown/None,invalid_payload_length,0,3,0,little,,0.143867,0,
noisy_049,expanded,independent,noisy,noisy_049.png,/home/kali/stego_dataset_expanded/clean_image_expanded_test/renamed_clean_images/noisy/noisy_049.png,1,Unknown/None,no_known_signature,0,Unknown/None,invalid_payload_length,0,3,0,little,,0.157746,0,
noisy_049,expanded,independent,noisy,noisy_049.png,/home/kali/stego_dataset_expanded/clean_image_expanded_test/renamed_clean_images/noisy/noisy_049.png,2,Unknown/None,no_known_signature,0,Unknown/None,invalid_payload_length,0,3,0,little,,0.145399,0,
noisy_049,expanded,independent,noisy,noisy_049.png,/home/kali/stego_dataset_expanded/clean_image_expanded_test/renamed_clean_images/noisy/noisy_049.png,3,Unknown/None,no_known_signature,0,Unknown/None,invalid_payload_length,0,3,0,little,,0.185691,0,
noisy_050,expanded,independent,noisy,noisy_050.png,/home/kali/stego_dataset_expanded/clean_image_expanded_test/renamed_clean_images/noisy/noisy_050.png,1,Unknown/None,no_known_signature,0,Unknown/None,invalid_payload_length,0,3,0,little,,0.208680,0,
noisy_050,expanded,independent,noisy,noisy_050.png,/home/kali/stego_dataset_expanded/clean_image_expanded_test/renamed_clean_images/noisy/noisy_050.png,2,Unknown/None,no_known_signature,0,Unknown/None,invalid_payload_length,0,3,0,little,,0.138323,0,
noisy_050,expanded,independent,noisy,noisy_050.png,/home/kali/stego_dataset_expanded/clean_image_expanded_test/renamed_clean_images/noisy/noisy_050.png,3,Unknown/None,no_known_signature,0,Unknown/None,invalid_payload_length,0,3,0,little,,0.131973,0,
screenshots_001,expanded,independent,screenshots,screenshots_001.png,/home/kali/stego_dataset_expanded/clean_image_expanded_test/renamed_clean_images/screenshots/screenshots_001.png,1,Unknown/None,no_known_signature,0,Unknown/None,payload_length_exceeds_capacity,0,3,16777215,little,,0.636539,0,
screenshots_001,expanded,independent,screenshots,screenshots_001.png,/home/kali/stego_dataset_expanded/clean_image_expanded_test/renamed_clean_images/screenshots/screenshots_001.png,2,Unknown/None,no_known_signature,0,Unknown/None,payload_length_exceeds_capacity,0,3,16777215,little,,0.710389,0,
screenshots_001,expanded,independent,screenshots,screenshots_001.png,/home/kali/stego_dataset_expanded/clean_image_expanded_test/renamed_clean_images/screenshots/screenshots_001.png,3,Unknown/None,no_known_signature,0,Unknown/None,payload_length_exceeds_capacity,0,3,16777215,little,,0.733060,0,
screenshots_002,expanded,independent,screenshots,screenshots_002.png,/home/kali/stego_dataset_expanded/clean_image_expanded_test/renamed_clean_images/screenshots/screenshots_002.png,1,Unknown/None,no_known_signature,0,Unknown/None,payload_length_exceeds_capacity,0,3,16777215,little,,0.641338,0,
screenshots_002,expanded,independent,screenshots,screenshots_002.png,/home/kali/stego_dataset_expanded/clean_image_expanded_test/renamed_clean_images/screenshots/screenshots_002.png,2,Unknown/None,no_known_signature,0,Unknown/None,payload_length_exceeds_capacity,0,3,16777215,little,,0.597869,0,
screenshots_002,expanded,independent,screenshots,screenshots_002.png,/home/kali/stego_dataset_expanded/clean_image_expanded_test/renamed_clean_images/screenshots/screenshots_002.png,3,Unknown/None,no_known_signature,0,Unknown/None,payload_length_exceeds_capacity,0,3,16777215,little,,0.648140,0,
screenshots_003,expanded,independent,screenshots,screenshots_003.png,/home/kali/stego_dataset_expanded/clean_image_expanded_test/renamed_clean_images/screenshots/screenshots_003.png,1,Unknown/None,no_known_signature,0,Unknown/None,payload_length_exceeds_capacity,0,3,14399085,little,,0.779164,0,
screenshots_003,expanded,independent,screenshots,screenshots_003.png,/home/kali/stego_dataset_expanded/clean_image_expanded_test/renamed_clean_images/screenshots/screenshots_003.png,2,Unknown/None,no_known_signature,0,Unknown/None,payload_length_exceeds_capacity,0,3,13628220,little,,0.666644,0,
screenshots_003,expanded,independent,screenshots,screenshots_003.png,/home/kali/stego_dataset_expanded/clean_image_expanded_test/renamed_clean_images/screenshots/screenshots_003.png,3,Unknown/None,no_known_signature,0,Unknown/None,payload_length_exceeds_capacity,0,3,15191709,little,,0.634417,0,
screenshots_004,expanded,independent,screenshots,screenshots_004.png,/home/kali/stego_dataset_expanded/clean_image_expanded_test/renamed_clean_images/screenshots/screenshots_004.png,1,Unknown/None,no_known_signature,0,Unknown/None,payload_length_exceeds_capacity,0,3,14399085,little,,0.668799,0,
screenshots_004,expanded,independent,screenshots,screenshots_004.png,/home/kali/stego_dataset_expanded/clean_image_expanded_test/renamed_clean_images/screenshots/screenshots_004.png,2,Unknown/None,no_known_signature,0,Unknown/None,payload_length_exceeds_capacity,0,3,13628220,little,,0.705026,0,
screenshots_004,expanded,independent,screenshots,screenshots_004.png,/home/kali/stego_dataset_expanded/clean_image_expanded_test/renamed_clean_images/screenshots/screenshots_004.png,3,Unknown/None,no_known_signature,0,Unknown/None,payload_length_exceeds_capacity,0,3,15191709,little,,0.613765,0,
screenshots_005,expanded,independent,screenshots,screenshots_005.png,/home/kali/stego_dataset_expanded/clean_image_expanded_test/renamed_clean_images/screenshots/screenshots_005.png,1,Unknown/None,no_known_signature,0,Unknown/None,payload_length_exceeds_capacity,0,3,16777215,little,,0.642351,0,
screenshots_005,expanded,independent,screenshots,screenshots_005.png,/home/kali/stego_dataset_expanded/clean_image_expanded_test/renamed_clean_images/screenshots/screenshots_005.png,2,Unknown/None,no_known_signature,0,Unknown/None,payload_length_exceeds_capacity,0,3,16777215,little,,0.582923,0,
screenshots_005,expanded,independent,screenshots,screenshots_005.png,/home/kali/stego_dataset_expanded/clean_image_expanded_test/renamed_clean_images/screenshots/screenshots_005.png,3,Unknown/None,no_known_signature,0,Unknown/None,payload_length_exceeds_capacity,0,3,16777215,little,,0.645733,0,
screenshots_006,expanded,independent,screenshots,screenshots_006.png,/home/kali/stego_dataset_expanded/clean_image_expanded_test/renamed_clean_images/screenshots/screenshots_006.png,1,Unknown/None,no_known_signature,0,Unknown/None,payload_length_exceeds_capacity,0,3,16777215,little,,0.674679,0,
screenshots_006,expanded,independent,screenshots,screenshots_006.png,/home/kali/stego_dataset_expanded/clean_image_expanded_test/renamed_clean_images/screenshots/screenshots_006.png,2,Unknown/None,no_known_signature,0,Unknown/None,payload_length_exceeds_capacity,0,3,16777215,little,,0.631330,0,
screenshots_006,expanded,independent,screenshots,screenshots_006.png,/home/kali/stego_dataset_expanded/clean_image_expanded_test/renamed_clean_images/screenshots/screenshots_006.png,3,Unknown/None,no_known_signature,0,Unknown/None,payload_length_exceeds_capacity,0,3,16777215,little,,0.692887,0,
screenshots_007,expanded,independent,screenshots,screenshots_007.png,/home/kali/stego_dataset_expanded/clean_image_expanded_test/renamed_clean_images/screenshots/screenshots_007.png,1,Unknown/None,no_known_signature,0,Unknown/None,payload_length_exceeds_capacity,0,3,14399085,little,,0.715681,0,
screenshots_007,expanded,independent,screenshots,screenshots_007.png,/home/kali/stego_dataset_expanded/clean_image_expanded_test/renamed_clean_images/screenshots/screenshots_007.png,2,Unknown/None,no_known_signature,0,Unknown/None,payload_length_exceeds_capacity,0,3,13628220,little,,0.593257,0,
screenshots_007,expanded,independent,screenshots,screenshots_007.png,/home/kali/stego_dataset_expanded/clean_image_expanded_test/renamed_clean_images/screenshots/screenshots_007.png,3,Unknown/None,no_known_signature,0,Unknown/None,payload_length_exceeds_capacity,0,3,15191709,little,,0.671196,0,
screenshots_008,expanded,independent,screenshots,screenshots_008.png,/home/kali/stego_dataset_expanded/clean_image_expanded_test/renamed_clean_images/screenshots/screenshots_008.png,1,Unknown/None,no_known_signature,0,Unknown/None,payload_length_exceeds_capacity,0,3,14399085,little,,0.741229,0,
screenshots_008,expanded,independent,screenshots,screenshots_008.png,/home/kali/stego_dataset_expanded/clean_image_expanded_test/renamed_clean_images/screenshots/screenshots_008.png,2,Unknown/None,no_known_signature,0,Unknown/None,payload_length_exceeds_capacity,0,3,13628220,little,,0.796799,0,
screenshots_008,expanded,independent,screenshots,screenshots_008.png,/home/kali/stego_dataset_expanded/clean_image_expanded_test/renamed_clean_images/screenshots/screenshots_008.png,3,Unknown/None,no_known_signature,0,Unknown/None,payload_length_exceeds_capacity,0,3,15191709,little,,0.613616,0,
screenshots_009,expanded,independent,screenshots,screenshots_009.png,/home/kali/stego_dataset_expanded/clean_image_expanded_test/renamed_clean_images/screenshots/screenshots_009.png,1,Unknown/None,no_known_signature,0,Unknown/None,payload_length_exceeds_capacity,0,3,16777215,little,,0.637943,0,
screenshots_009,expanded,independent,screenshots,screenshots_009.png,/home/kali/stego_dataset_expanded/clean_image_expanded_test/renamed_clean_images/screenshots/screenshots_009.png,2,Unknown/None,no_known_signature,0,Unknown/None,payload_length_exceeds_capacity,0,3,16777215,little,,0.703815,0,
screenshots_009,expanded,independent,screenshots,screenshots_009.png,/home/kali/stego_dataset_expanded/clean_image_expanded_test/renamed_clean_images/screenshots/screenshots_009.png,3,Unknown/None,no_known_signature,0,Unknown/None,payload_length_exceeds_capacity,0,3,16777215,little,,0.798962,0,
screenshots_010,expanded,independent,screenshots,screenshots_010.png,/home/kali/stego_dataset_expanded/clean_image_expanded_test/renamed_clean_images/screenshots/screenshots_010.png,1,Unknown/None,no_known_signature,0,Unknown/None,payload_length_exceeds_capacity,0,3,16777215,little,,0.701135,0,
screenshots_010,expanded,independent,screenshots,screenshots_010.png,/home/kali/stego_dataset_expanded/clean_image_expanded_test/renamed_clean_images/screenshots/screenshots_010.png,2,Unknown/None,no_known_signature,0,Unknown/None,payload_length_exceeds_capacity,0,3,16777215,little,,0.625308,0,
screenshots_010,expanded,independent,screenshots,screenshots_010.png,/home/kali/stego_dataset_expanded/clean_image_expanded_test/renamed_clean_images/screenshots/screenshots_010.png,3,Unknown/None,no_known_signature,0,Unknown/None,payload_length_exceeds_capacity,0,3,16777215,little,,0.843513,0,
screenshots_011,expanded,independent,screenshots,screenshots_011.png,/home/kali/stego_dataset_expanded/clean_image_expanded_test/renamed_clean_images/screenshots/screenshots_011.png,1,Unknown/None,no_known_signature,0,Unknown/None,payload_length_exceeds_capacity,0,3,14399085,little,,1.104123,0,
screenshots_011,expanded,independent,screenshots,screenshots_011.png,/home/kali/stego_dataset_expanded/clean_image_expanded_test/renamed_clean_images/screenshots/screenshots_011.png,2,Unknown/None,no_known_signature,0,Unknown/None,payload_length_exceeds_capacity,0,3,13628220,little,,1.116678,0,
screenshots_011,expanded,independent,screenshots,screenshots_011.png,/home/kali/stego_dataset_expanded/clean_image_expanded_test/renamed_clean_images/screenshots/screenshots_011.png,3,Unknown/None,no_known_signature,0,Unknown/None,payload_length_exceeds_capacity,0,3,15191709,little,,1.095021,0,
screenshots_012,expanded,independent,screenshots,screenshots_012.png,/home/kali/stego_dataset_expanded/clean_image_expanded_test/renamed_clean_images/screenshots/screenshots_012.png,1,Unknown/None,no_known_signature,0,Unknown/None,payload_length_exceeds_capacity,0,3,14399085,little,,0.992116,0,
screenshots_012,expanded,independent,screenshots,screenshots_012.png,/home/kali/stego_dataset_expanded/clean_image_expanded_test/renamed_clean_images/screenshots/screenshots_012.png,2,Unknown/None,no_known_signature,0,Unknown/None,payload_length_exceeds_capacity,0,3,13628220,little,,0.877004,0,
screenshots_012,expanded,independent,screenshots,screenshots_012.png,/home/kali/stego_dataset_expanded/clean_image_expanded_test/renamed_clean_images/screenshots/screenshots_012.png,3,Unknown/None,no_known_signature,0,Unknown/None,payload_length_exceeds_capacity,0,3,15191709,little,,0.873134,0,
screenshots_013,expanded,independent,screenshots,screenshots_013.png,/home/kali/stego_dataset_expanded/clean_image_expanded_test/renamed_clean_images/screenshots/screenshots_013.png,1,Unknown/None,no_known_signature,0,Unknown/None,payload_length_exceeds_capacity,0,3,14399085,little,,0.753179,0,
screenshots_013,expanded,independent,screenshots,screenshots_013.png,/home/kali/stego_dataset_expanded/clean_image_expanded_test/renamed_clean_images/screenshots/screenshots_013.png,2,Unknown/None,no_known_signature,0,Unknown/None,payload_length_exceeds_capacity,0,3,13628220,little,,0.799012,0,
screenshots_013,expanded,independent,screenshots,screenshots_013.png,/home/kali/stego_dataset_expanded/clean_image_expanded_test/renamed_clean_images/screenshots/screenshots_013.png,3,Unknown/None,no_known_signature,0,Unknown/None,payload_length_exceeds_capacity,0,3,15191709,little,,0.759128,0,
screenshots_014,expanded,independent,screenshots,screenshots_014.png,/home/kali/stego_dataset_expanded/clean_image_expanded_test/renamed_clean_images/screenshots/screenshots_014.png,1,Unknown/None,no_known_signature,0,Unknown/None,payload_length_exceeds_capacity,0,3,16777215,little,,0.728347,0,
screenshots_014,expanded,independent,screenshots,screenshots_014.png,/home/kali/stego_dataset_expanded/clean_image_expanded_test/renamed_clean_images/screenshots/screenshots_014.png,2,Unknown/None,no_known_signature,0,Unknown/None,payload_length_exceeds_capacity,0,3,16777215,little,,0.772026,0,
screenshots_014,expanded,independent,screenshots,screenshots_014.png,/home/kali/stego_dataset_expanded/clean_image_expanded_test/renamed_clean_images/screenshots/screenshots_014.png,3,Unknown/None,no_known_signature,0,Unknown/None,payload_length_exceeds_capacity,0,3,16777215,little,,0.689314,0,
screenshots_015,expanded,independent,screenshots,screenshots_015.png,/home/kali/stego_dataset_expanded/clean_image_expanded_test/renamed_clean_images/screenshots/screenshots_015.png,1,Unknown/None,no_known_signature,0,Unknown/None,payload_length_exceeds_capacity,0,3,14399085,little,,0.728508,0,
screenshots_015,expanded,independent,screenshots,screenshots_015.png,/home/kali/stego_dataset_expanded/clean_image_expanded_test/renamed_clean_images/screenshots/screenshots_015.png,2,Unknown/None,no_known_signature,0,Unknown/None,payload_length_exceeds_capacity,0,3,13628220,little,,0.906650,0,
screenshots_015,expanded,independent,screenshots,screenshots_015.png,/home/kali/stego_dataset_expanded/clean_image_expanded_test/renamed_clean_images/screenshots/screenshots_015.png,3,Unknown/None,no_known_signature,0,Unknown/None,payload_length_exceeds_capacity,0,3,15191709,little,,0.770119,0,
screenshots_016,expanded,independent,screenshots,screenshots_016.png,/home/kali/stego_dataset_expanded/clean_image_expanded_test/renamed_clean_images/screenshots/screenshots_016.png,1,Unknown/None,no_known_signature,0,Unknown/None,payload_length_exceeds_capacity,0,3,14399085,little,,0.875642,0,
screenshots_016,expanded,independent,screenshots,screenshots_016.png,/home/kali/stego_dataset_expanded/clean_image_expanded_test/renamed_clean_images/screenshots/screenshots_016.png,2,Unknown/None,no_known_signature,0,Unknown/None,payload_length_exceeds_capacity,0,3,13628220,little,,0.795788,0,
screenshots_016,expanded,independent,screenshots,screenshots_016.png,/home/kali/stego_dataset_expanded/clean_image_expanded_test/renamed_clean_images/screenshots/screenshots_016.png,3,Unknown/None,no_known_signature,0,Unknown/None,payload_length_exceeds_capacity,0,3,15191709,little,,0.749660,0,
screenshots_017,expanded,independent,screenshots,screenshots_017.png,/home/kali/stego_dataset_expanded/clean_image_expanded_test/renamed_clean_images/screenshots/screenshots_017.png,1,Unknown/None,no_known_signature,0,Unknown/None,payload_length_exceeds_capacity,0,3,16777215,little,,0.775885,0,
screenshots_017,expanded,independent,screenshots,screenshots_017.png,/home/kali/stego_dataset_expanded/clean_image_expanded_test/renamed_clean_images/screenshots/screenshots_017.png,2,Unknown/None,no_known_signature,0,Unknown/None,payload_length_exceeds_capacity,0,3,16777215,little,,0.601329,0,
screenshots_017,expanded,independent,screenshots,screenshots_017.png,/home/kali/stego_dataset_expanded/clean_image_expanded_test/renamed_clean_images/screenshots/screenshots_017.png,3,Unknown/None,no_known_signature,0,Unknown/None,payload_length_exceeds_capacity,0,3,16777215,little,,0.635896,0,
screenshots_018,expanded,independent,screenshots,screenshots_018.png,/home/kali/stego_dataset_expanded/clean_image_expanded_test/renamed_clean_images/screenshots/screenshots_018.png,1,Unknown/None,no_known_signature,0,Unknown/None,payload_length_exceeds_capacity,0,3,14399085,little,,0.683304,0,
screenshots_018,expanded,independent,screenshots,screenshots_018.png,/home/kali/stego_dataset_expanded/clean_image_expanded_test/renamed_clean_images/screenshots/screenshots_018.png,2,Unknown/None,no_known_signature,0,Unknown/None,payload_length_exceeds_capacity,0,3,13628220,little,,0.633584,0,
screenshots_018,expanded,independent,screenshots,screenshots_018.png,/home/kali/stego_dataset_expanded/clean_image_expanded_test/renamed_clean_images/screenshots/screenshots_018.png,3,Unknown/None,no_known_signature,0,Unknown/None,payload_length_exceeds_capacity,0,3,15191709,little,,0.610072,0,
screenshots_019,expanded,independent,screenshots,screenshots_019.png,/home/kali/stego_dataset_expanded/clean_image_expanded_test/renamed_clean_images/screenshots/screenshots_019.png,1,Unknown/None,no_known_signature,0,Unknown/None,payload_length_exceeds_capacity,0,3,14399085,little,,0.668250,0,
screenshots_019,expanded,independent,screenshots,screenshots_019.png,/home/kali/stego_dataset_expanded/clean_image_expanded_test/renamed_clean_images/screenshots/screenshots_019.png,2,Unknown/None,no_known_signature,0,Unknown/None,payload_length_exceeds_capacity,0,3,13628220,little,,0.715870,0,
screenshots_019,expanded,independent,screenshots,screenshots_019.png,/home/kali/stego_dataset_expanded/clean_image_expanded_test/renamed_clean_images/screenshots/screenshots_019.png,3,Unknown/None,no_known_signature,0,Unknown/None,payload_length_exceeds_capacity,0,3,15191709,little,,0.619606,0,
screenshots_020,expanded,independent,screenshots,screenshots_020.png,/home/kali/stego_dataset_expanded/clean_image_expanded_test/renamed_clean_images/screenshots/screenshots_020.png,1,Unknown/None,no_known_signature,0,Unknown/None,payload_length_exceeds_capacity,0,3,14399085,little,,0.704695,0,
screenshots_020,expanded,independent,screenshots,screenshots_020.png,/home/kali/stego_dataset_expanded/clean_image_expanded_test/renamed_clean_images/screenshots/screenshots_020.png,2,Unknown/None,no_known_signature,0,Unknown/None,payload_length_exceeds_capacity,0,3,13628220,little,,0.681477,0,
screenshots_020,expanded,independent,screenshots,screenshots_020.png,/home/kali/stego_dataset_expanded/clean_image_expanded_test/renamed_clean_images/screenshots/screenshots_020.png,3,Unknown/None,no_known_signature,0,Unknown/None,payload_length_exceeds_capacity,0,3,15191709,little,,0.687925,0,
screenshots_021,expanded,independent,screenshots,screenshots_021.png,/home/kali/stego_dataset_expanded/clean_image_expanded_test/renamed_clean_images/screenshots/screenshots_021.png,1,Unknown/None,no_known_signature,0,Unknown/None,payload_length_exceeds_capacity,0,3,14399085,little,,0.619380,0,
screenshots_021,expanded,independent,screenshots,screenshots_021.png,/home/kali/stego_dataset_expanded/clean_image_expanded_test/renamed_clean_images/screenshots/screenshots_021.png,2,Unknown/None,no_known_signature,0,Unknown/None,payload_length_exceeds_capacity,0,3,13628220,little,,0.548954,0,
screenshots_021,expanded,independent,screenshots,screenshots_021.png,/home/kali/stego_dataset_expanded/clean_image_expanded_test/renamed_clean_images/screenshots/screenshots_021.png,3,Unknown/None,no_known_signature,0,Unknown/None,payload_length_exceeds_capacity,0,3,15191709,little,,0.631706,0,
screenshots_022,expanded,independent,screenshots,screenshots_022.png,/home/kali/stego_dataset_expanded/clean_image_expanded_test/renamed_clean_images/screenshots/screenshots_022.png,1,Unknown/None,no_known_signature,0,Unknown/None,payload_length_exceeds_capacity,0,3,14399085,little,,0.744167,0,
screenshots_022,expanded,independent,screenshots,screenshots_022.png,/home/kali/stego_dataset_expanded/clean_image_expanded_test/renamed_clean_images/screenshots/screenshots_022.png,2,Unknown/None,no_known_signature,0,Unknown/None,payload_length_exceeds_capacity,0,3,13628220,little,,0.689904,0,
screenshots_022,expanded,independent,screenshots,screenshots_022.png,/home/kali/stego_dataset_expanded/clean_image_expanded_test/renamed_clean_images/screenshots/screenshots_022.png,3,Unknown/None,no_known_signature,0,Unknown/None,payload_length_exceeds_capacity,0,3,15191709,little,,0.697896,0,
screenshots_023,expanded,independent,screenshots,screenshots_023.png,/home/kali/stego_dataset_expanded/clean_image_expanded_test/renamed_clean_images/screenshots/screenshots_023.png,1,Unknown/None,no_known_signature,0,Unknown/None,payload_length_exceeds_capacity,0,3,14399085,little,,0.870396,0,
screenshots_023,expanded,independent,screenshots,screenshots_023.png,/home/kali/stego_dataset_expanded/clean_image_expanded_test/renamed_clean_images/screenshots/screenshots_023.png,2,Unknown/None,no_known_signature,0,Unknown/None,payload_length_exceeds_capacity,0,3,13628220,little,,0.855050,0,
screenshots_023,expanded,independent,screenshots,screenshots_023.png,/home/kali/stego_dataset_expanded/clean_image_expanded_test/renamed_clean_images/screenshots/screenshots_023.png,3,Unknown/None,no_known_signature,0,Unknown/None,payload_length_exceeds_capacity,0,3,15191709,little,,1.450437,0,
screenshots_024,expanded,independent,screenshots,screenshots_024.png,/home/kali/stego_dataset_expanded/clean_image_expanded_test/renamed_clean_images/screenshots/screenshots_024.png,1,Unknown/None,no_known_signature,0,Unknown/None,payload_length_exceeds_capacity,0,3,16777215,little,,1.414930,0,
screenshots_024,expanded,independent,screenshots,screenshots_024.png,/home/kali/stego_dataset_expanded/clean_image_expanded_test/renamed_clean_images/screenshots/screenshots_024.png,2,Unknown/None,no_known_signature,0,Unknown/None,payload_length_exceeds_capacity,0,3,16777215,little,,1.268555,0,
screenshots_024,expanded,independent,screenshots,screenshots_024.png,/home/kali/stego_dataset_expanded/clean_image_expanded_test/renamed_clean_images/screenshots/screenshots_024.png,3,Unknown/None,no_known_signature,0,Unknown/None,payload_length_exceeds_capacity,0,3,16777215,little,,0.797461,0,
screenshots_025,expanded,independent,screenshots,screenshots_025.png,/home/kali/stego_dataset_expanded/clean_image_expanded_test/renamed_clean_images/screenshots/screenshots_025.png,1,Unknown/None,no_known_signature,0,Unknown/None,payload_length_exceeds_capacity,0,3,14399085,little,,0.630239,0,
screenshots_025,expanded,independent,screenshots,screenshots_025.png,/home/kali/stego_dataset_expanded/clean_image_expanded_test/renamed_clean_images/screenshots/screenshots_025.png,2,Unknown/None,no_known_signature,0,Unknown/None,payload_length_exceeds_capacity,0,3,13628220,little,,0.568130,0,
screenshots_025,expanded,independent,screenshots,screenshots_025.png,/home/kali/stego_dataset_expanded/clean_image_expanded_test/renamed_clean_images/screenshots/screenshots_025.png,3,Unknown/None,no_known_signature,0,Unknown/None,payload_length_exceeds_capacity,0,3,15191709,little,,0.611394,0,
screenshots_026,expanded,independent,screenshots,screenshots_026.png,/home/kali/stego_dataset_expanded/clean_image_expanded_test/renamed_clean_images/screenshots/screenshots_026.png,1,Unknown/None,no_known_signature,0,Unknown/None,payload_length_exceeds_capacity,0,3,16777215,little,,0.630594,0,
screenshots_026,expanded,independent,screenshots,screenshots_026.png,/home/kali/stego_dataset_expanded/clean_image_expanded_test/renamed_clean_images/screenshots/screenshots_026.png,2,Unknown/None,no_known_signature,0,Unknown/None,payload_length_exceeds_capacity,0,3,16777215,little,,0.596244,0,
screenshots_026,expanded,independent,screenshots,screenshots_026.png,/home/kali/stego_dataset_expanded/clean_image_expanded_test/renamed_clean_images/screenshots/screenshots_026.png,3,Unknown/None,no_known_signature,0,Unknown/None,payload_length_exceeds_capacity,0,3,16777215,little,,0.667099,0,
screenshots_027,expanded,independent,screenshots,screenshots_027.png,/home/kali/stego_dataset_expanded/clean_image_expanded_test/renamed_clean_images/screenshots/screenshots_027.png,1,Unknown/None,no_known_signature,0,Unknown/None,payload_length_exceeds_capacity,0,3,14399085,little,,0.698861,0,
screenshots_027,expanded,independent,screenshots,screenshots_027.png,/home/kali/stego_dataset_expanded/clean_image_expanded_test/renamed_clean_images/screenshots/screenshots_027.png,2,Unknown/None,no_known_signature,0,Unknown/None,payload_length_exceeds_capacity,0,3,13628220,little,,1.026452,0,
screenshots_027,expanded,independent,screenshots,screenshots_027.png,/home/kali/stego_dataset_expanded/clean_image_expanded_test/renamed_clean_images/screenshots/screenshots_027.png,3,Unknown/None,no_known_signature,0,Unknown/None,payload_length_exceeds_capacity,0,3,15191709,little,,0.769416,0,
screenshots_028,expanded,independent,screenshots,screenshots_028.png,/home/kali/stego_dataset_expanded/clean_image_expanded_test/renamed_clean_images/screenshots/screenshots_028.png,1,Unknown/None,no_known_signature,0,Unknown/None,payload_length_exceeds_capacity,0,3,16777215,little,,0.666273,0,
screenshots_028,expanded,independent,screenshots,screenshots_028.png,/home/kali/stego_dataset_expanded/clean_image_expanded_test/renamed_clean_images/screenshots/screenshots_028.png,2,Unknown/None,no_known_signature,0,Unknown/None,payload_length_exceeds_capacity,0,3,16777215,little,,0.991675,0,
screenshots_028,expanded,independent,screenshots,screenshots_028.png,/home/kali/stego_dataset_expanded/clean_image_expanded_test/renamed_clean_images/screenshots/screenshots_028.png,3,Unknown/None,no_known_signature,0,Unknown/None,payload_length_exceeds_capacity,0,3,16777215,little,,0.822369,0,
screenshots_029,expanded,independent,screenshots,screenshots_029.png,/home/kali/stego_dataset_expanded/clean_image_expanded_test/renamed_clean_images/screenshots/screenshots_029.png,1,Unknown/None,no_known_signature,0,Unknown/None,payload_length_exceeds_capacity,0,3,16777215,little,,0.640771,0,
screenshots_029,expanded,independent,screenshots,screenshots_029.png,/home/kali/stego_dataset_expanded/clean_image_expanded_test/renamed_clean_images/screenshots/screenshots_029.png,2,Unknown/None,no_known_signature,0,Unknown/None,payload_length_exceeds_capacity,0,3,16777215,little,,0.765352,0,
screenshots_029,expanded,independent,screenshots,screenshots_029.png,/home/kali/stego_dataset_expanded/clean_image_expanded_test/renamed_clean_images/screenshots/screenshots_029.png,3,Unknown/None,no_known_signature,0,Unknown/None,payload_length_exceeds_capacity,0,3,16777215,little,,0.671454,0,
screenshots_030,expanded,independent,screenshots,screenshots_030.png,/home/kali/stego_dataset_expanded/clean_image_expanded_test/renamed_clean_images/screenshots/screenshots_030.png,1,Unknown/None,no_known_signature,0,Unknown/None,payload_length_exceeds_capacity,0,3,16777215,little,,0.592759,0,
screenshots_030,expanded,independent,screenshots,screenshots_030.png,/home/kali/stego_dataset_expanded/clean_image_expanded_test/renamed_clean_images/screenshots/screenshots_030.png,2,Unknown/None,no_known_signature,0,Unknown/None,payload_length_exceeds_capacity,0,3,16777215,little,,0.610842,0,
screenshots_030,expanded,independent,screenshots,screenshots_030.png,/home/kali/stego_dataset_expanded/clean_image_expanded_test/renamed_clean_images/screenshots/screenshots_030.png,3,Unknown/None,no_known_signature,0,Unknown/None,payload_length_exceeds_capacity,0,3,16777215,little,,0.761481,0,
screenshots_031,expanded,independent,screenshots,screenshots_031.png,/home/kali/stego_dataset_expanded/clean_image_expanded_test/renamed_clean_images/screenshots/screenshots_031.png,1,Unknown/None,no_known_signature,0,Unknown/None,payload_length_exceeds_capacity,0,3,14399085,little,,0.729581,0,
screenshots_031,expanded,independent,screenshots,screenshots_031.png,/home/kali/stego_dataset_expanded/clean_image_expanded_test/renamed_clean_images/screenshots/screenshots_031.png,2,Unknown/None,no_known_signature,0,Unknown/None,payload_length_exceeds_capacity,0,3,13628220,little,,0.582140,0,
screenshots_031,expanded,independent,screenshots,screenshots_031.png,/home/kali/stego_dataset_expanded/clean_image_expanded_test/renamed_clean_images/screenshots/screenshots_031.png,3,Unknown/None,no_known_signature,0,Unknown/None,payload_length_exceeds_capacity,0,3,15191709,little,,0.603270,0,
screenshots_032,expanded,independent,screenshots,screenshots_032.png,/home/kali/stego_dataset_expanded/clean_image_expanded_test/renamed_clean_images/screenshots/screenshots_032.png,1,Unknown/None,no_known_signature,0,Unknown/None,payload_length_exceeds_capacity,0,3,16777215,little,,0.629262,0,
screenshots_032,expanded,independent,screenshots,screenshots_032.png,/home/kali/stego_dataset_expanded/clean_image_expanded_test/renamed_clean_images/screenshots/screenshots_032.png,2,Unknown/None,no_known_signature,0,Unknown/None,payload_length_exceeds_capacity,0,3,16777215,little,,0.587775,0,
screenshots_032,expanded,independent,screenshots,screenshots_032.png,/home/kali/stego_dataset_expanded/clean_image_expanded_test/renamed_clean_images/screenshots/screenshots_032.png,3,Unknown/None,no_known_signature,0,Unknown/None,payload_length_exceeds_capacity,0,3,16777215,little,,0.599010,0,
screenshots_033,expanded,independent,screenshots,screenshots_033.png,/home/kali/stego_dataset_expanded/clean_image_expanded_test/renamed_clean_images/screenshots/screenshots_033.png,1,Unknown/None,no_known_signature,0,Unknown/None,payload_length_exceeds_capacity,0,3,14399085,little,,0.683937,0,
screenshots_033,expanded,independent,screenshots,screenshots_033.png,/home/kali/stego_dataset_expanded/clean_image_expanded_test/renamed_clean_images/screenshots/screenshots_033.png,2,Unknown/None,no_known_signature,0,Unknown/None,payload_length_exceeds_capacity,0,3,13628220,little,,0.690426,0,
screenshots_033,expanded,independent,screenshots,screenshots_033.png,/home/kali/stego_dataset_expanded/clean_image_expanded_test/renamed_clean_images/screenshots/screenshots_033.png,3,Unknown/None,no_known_signature,0,Unknown/None,payload_length_exceeds_capacity,0,3,15191709,little,,0.696182,0,
screenshots_034,expanded,independent,screenshots,screenshots_034.png,/home/kali/stego_dataset_expanded/clean_image_expanded_test/renamed_clean_images/screenshots/screenshots_034.png,1,Unknown/None,no_known_signature,0,Unknown/None,payload_length_exceeds_capacity,0,3,16777215,little,,0.642797,0,
screenshots_034,expanded,independent,screenshots,screenshots_034.png,/home/kali/stego_dataset_expanded/clean_image_expanded_test/renamed_clean_images/screenshots/screenshots_034.png,2,Unknown/None,no_known_signature,0,Unknown/None,payload_length_exceeds_capacity,0,3,16777215,little,,0.739156,0,
screenshots_034,expanded,independent,screenshots,screenshots_034.png,/home/kali/stego_dataset_expanded/clean_image_expanded_test/renamed_clean_images/screenshots/screenshots_034.png,3,Unknown/None,no_known_signature,0,Unknown/None,payload_length_exceeds_capacity,0,3,16777215,little,,0.599183,0,
screenshots_035,expanded,independent,screenshots,screenshots_035.png,/home/kali/stego_dataset_expanded/clean_image_expanded_test/renamed_clean_images/screenshots/screenshots_035.png,1,Unknown/None,no_known_signature,0,Unknown/None,payload_length_exceeds_capacity,0,3,14399085,little,,0.655288,0,
screenshots_035,expanded,independent,screenshots,screenshots_035.png,/home/kali/stego_dataset_expanded/clean_image_expanded_test/renamed_clean_images/screenshots/screenshots_035.png,2,Unknown/None,no_known_signature,0,Unknown/None,payload_length_exceeds_capacity,0,3,13628220,little,,1.094918,0,
screenshots_035,expanded,independent,screenshots,screenshots_035.png,/home/kali/stego_dataset_expanded/clean_image_expanded_test/renamed_clean_images/screenshots/screenshots_035.png,3,Unknown/None,no_known_signature,0,Unknown/None,payload_length_exceeds_capacity,0,3,15191709,little,,0.758231,0,
screenshots_036,expanded,independent,screenshots,screenshots_036.png,/home/kali/stego_dataset_expanded/clean_image_expanded_test/renamed_clean_images/screenshots/screenshots_036.png,1,Unknown/None,no_known_signature,0,Unknown/None,payload_length_exceeds_capacity,0,3,14399085,little,,0.679070,0,
screenshots_036,expanded,independent,screenshots,screenshots_036.png,/home/kali/stego_dataset_expanded/clean_image_expanded_test/renamed_clean_images/screenshots/screenshots_036.png,2,Unknown/None,no_known_signature,0,Unknown/None,payload_length_exceeds_capacity,0,3,13628220,little,,0.729199,0,
screenshots_036,expanded,independent,screenshots,screenshots_036.png,/home/kali/stego_dataset_expanded/clean_image_expanded_test/renamed_clean_images/screenshots/screenshots_036.png,3,Unknown/None,no_known_signature,0,Unknown/None,payload_length_exceeds_capacity,0,3,15191709,little,,0.690786,0,
screenshots_037,expanded,independent,screenshots,screenshots_037.png,/home/kali/stego_dataset_expanded/clean_image_expanded_test/renamed_clean_images/screenshots/screenshots_037.png,1,Unknown/None,no_known_signature,0,Unknown/None,payload_length_exceeds_capacity,0,3,14399085,little,,0.639687,0,
screenshots_037,expanded,independent,screenshots,screenshots_037.png,/home/kali/stego_dataset_expanded/clean_image_expanded_test/renamed_clean_images/screenshots/screenshots_037.png,2,Unknown/None,no_known_signature,0,Unknown/None,payload_length_exceeds_capacity,0,3,13628220,little,,0.845448,0,
screenshots_037,expanded,independent,screenshots,screenshots_037.png,/home/kali/stego_dataset_expanded/clean_image_expanded_test/renamed_clean_images/screenshots/screenshots_037.png,3,Unknown/None,no_known_signature,0,Unknown/None,payload_length_exceeds_capacity,0,3,15191709,little,,0.734389,0,
screenshots_038,expanded,independent,screenshots,screenshots_038.png,/home/kali/stego_dataset_expanded/clean_image_expanded_test/renamed_clean_images/screenshots/screenshots_038.png,1,Unknown/None,no_known_signature,0,Unknown/None,payload_length_exceeds_capacity,0,3,16777215,little,,0.962757,0,
screenshots_038,expanded,independent,screenshots,screenshots_038.png,/home/kali/stego_dataset_expanded/clean_image_expanded_test/renamed_clean_images/screenshots/screenshots_038.png,2,Unknown/None,no_known_signature,0,Unknown/None,payload_length_exceeds_capacity,0,3,16777215,little,,0.575733,0,
screenshots_038,expanded,independent,screenshots,screenshots_038.png,/home/kali/stego_dataset_expanded/clean_image_expanded_test/renamed_clean_images/screenshots/screenshots_038.png,3,Unknown/None,no_known_signature,0,Unknown/None,payload_length_exceeds_capacity,0,3,16777215,little,,0.590631,0,
screenshots_039,expanded,independent,screenshots,screenshots_039.png,/home/kali/stego_dataset_expanded/clean_image_expanded_test/renamed_clean_images/screenshots/screenshots_039.png,1,Unknown/None,no_known_signature,0,Unknown/None,payload_length_exceeds_capacity,0,3,16777215,little,,0.612649,0,
screenshots_039,expanded,independent,screenshots,screenshots_039.png,/home/kali/stego_dataset_expanded/clean_image_expanded_test/renamed_clean_images/screenshots/screenshots_039.png,2,Unknown/None,no_known_signature,0,Unknown/None,payload_length_exceeds_capacity,0,3,16777215,little,,0.644291,0,
screenshots_039,expanded,independent,screenshots,screenshots_039.png,/home/kali/stego_dataset_expanded/clean_image_expanded_test/renamed_clean_images/screenshots/screenshots_039.png,3,Unknown/None,no_known_signature,0,Unknown/None,payload_length_exceeds_capacity,0,3,16777215,little,,0.604765,0,
screenshots_040,expanded,independent,screenshots,screenshots_040.png,/home/kali/stego_dataset_expanded/clean_image_expanded_test/renamed_clean_images/screenshots/screenshots_040.png,1,Unknown/None,no_known_signature,0,Unknown/None,payload_length_exceeds_capacity,0,3,14399085,little,,0.600879,0,
screenshots_040,expanded,independent,screenshots,screenshots_040.png,/home/kali/stego_dataset_expanded/clean_image_expanded_test/renamed_clean_images/screenshots/screenshots_040.png,2,Unknown/None,no_known_signature,0,Unknown/None,payload_length_exceeds_capacity,0,3,13628220,little,,0.586744,0,
screenshots_040,expanded,independent,screenshots,screenshots_040.png,/home/kali/stego_dataset_expanded/clean_image_expanded_test/renamed_clean_images/screenshots/screenshots_040.png,3,Unknown/None,no_known_signature,0,Unknown/None,payload_length_exceeds_capacity,0,3,15191709,little,,0.647240,0,
screenshots_041,expanded,independent,screenshots,screenshots_041.png,/home/kali/stego_dataset_expanded/clean_image_expanded_test/renamed_clean_images/screenshots/screenshots_041.png,1,Unknown/None,no_known_signature,0,Unknown/None,payload_length_exceeds_capacity,0,3,16777215,little,,0.547033,0,
screenshots_041,expanded,independent,screenshots,screenshots_041.png,/home/kali/stego_dataset_expanded/clean_image_expanded_test/renamed_clean_images/screenshots/screenshots_041.png,2,Unknown/None,no_known_signature,0,Unknown/None,payload_length_exceeds_capacity,0,3,16777215,little,,0.553776,0,
screenshots_041,expanded,independent,screenshots,screenshots_041.png,/home/kali/stego_dataset_expanded/clean_image_expanded_test/renamed_clean_images/screenshots/screenshots_041.png,3,Unknown/None,no_known_signature,0,Unknown/None,payload_length_exceeds_capacity,0,3,16777215,little,,0.828668,0,
screenshots_042,expanded,independent,screenshots,screenshots_042.png,/home/kali/stego_dataset_expanded/clean_image_expanded_test/renamed_clean_images/screenshots/screenshots_042.png,1,Unknown/None,no_known_signature,0,Unknown/None,payload_length_exceeds_capacity,0,3,14399085,little,,0.886395,0,
screenshots_042,expanded,independent,screenshots,screenshots_042.png,/home/kali/stego_dataset_expanded/clean_image_expanded_test/renamed_clean_images/screenshots/screenshots_042.png,2,Unknown/None,no_known_signature,0,Unknown/None,payload_length_exceeds_capacity,0,3,13628220,little,,0.755780,0,
screenshots_042,expanded,independent,screenshots,screenshots_042.png,/home/kali/stego_dataset_expanded/clean_image_expanded_test/renamed_clean_images/screenshots/screenshots_042.png,3,Unknown/None,no_known_signature,0,Unknown/None,payload_length_exceeds_capacity,0,3,15191709,little,,0.589412,0,
screenshots_043,expanded,independent,screenshots,screenshots_043.png,/home/kali/stego_dataset_expanded/clean_image_expanded_test/renamed_clean_images/screenshots/screenshots_043.png,1,Unknown/None,no_known_signature,0,Unknown/None,payload_length_exceeds_capacity,0,3,14399085,little,,0.622544,0,
screenshots_043,expanded,independent,screenshots,screenshots_043.png,/home/kali/stego_dataset_expanded/clean_image_expanded_test/renamed_clean_images/screenshots/screenshots_043.png,2,Unknown/None,no_known_signature,0,Unknown/None,payload_length_exceeds_capacity,0,3,13628220,little,,0.592206,0,
screenshots_043,expanded,independent,screenshots,screenshots_043.png,/home/kali/stego_dataset_expanded/clean_image_expanded_test/renamed_clean_images/screenshots/screenshots_043.png,3,Unknown/None,no_known_signature,0,Unknown/None,payload_length_exceeds_capacity,0,3,15191709,little,,0.705077,0,
screenshots_044,expanded,independent,screenshots,screenshots_044.png,/home/kali/stego_dataset_expanded/clean_image_expanded_test/renamed_clean_images/screenshots/screenshots_044.png,1,Unknown/None,no_known_signature,0,Unknown/None,payload_length_exceeds_capacity,0,3,14399085,little,,0.697308,0,
screenshots_044,expanded,independent,screenshots,screenshots_044.png,/home/kali/stego_dataset_expanded/clean_image_expanded_test/renamed_clean_images/screenshots/screenshots_044.png,2,Unknown/None,no_known_signature,0,Unknown/None,payload_length_exceeds_capacity,0,3,13628220,little,,0.721829,0,
screenshots_044,expanded,independent,screenshots,screenshots_044.png,/home/kali/stego_dataset_expanded/clean_image_expanded_test/renamed_clean_images/screenshots/screenshots_044.png,3,Unknown/None,no_known_signature,0,Unknown/None,payload_length_exceeds_capacity,0,3,15191709,little,,0.680578,0,
screenshots_045,expanded,independent,screenshots,screenshots_045.png,/home/kali/stego_dataset_expanded/clean_image_expanded_test/renamed_clean_images/screenshots/screenshots_045.png,1,Unknown/None,no_known_signature,0,Unknown/None,payload_length_exceeds_capacity,0,3,16777215,little,,0.682408,0,
screenshots_045,expanded,independent,screenshots,screenshots_045.png,/home/kali/stego_dataset_expanded/clean_image_expanded_test/renamed_clean_images/screenshots/screenshots_045.png,2,Unknown/None,no_known_signature,0,Unknown/None,payload_length_exceeds_capacity,0,3,16777215,little,,0.695394,0,
screenshots_045,expanded,independent,screenshots,screenshots_045.png,/home/kali/stego_dataset_expanded/clean_image_expanded_test/renamed_clean_images/screenshots/screenshots_045.png,3,Unknown/None,no_known_signature,0,Unknown/None,payload_length_exceeds_capacity,0,3,16777215,little,,0.662989,0,
screenshots_046,expanded,independent,screenshots,screenshots_046.png,/home/kali/stego_dataset_expanded/clean_image_expanded_test/renamed_clean_images/screenshots/screenshots_046.png,1,Unknown/None,no_known_signature,0,Unknown/None,payload_length_exceeds_capacity,0,3,16777215,little,,0.677402,0,
screenshots_046,expanded,independent,screenshots,screenshots_046.png,/home/kali/stego_dataset_expanded/clean_image_expanded_test/renamed_clean_images/screenshots/screenshots_046.png,2,Unknown/None,no_known_signature,0,Unknown/None,payload_length_exceeds_capacity,0,3,16777215,little,,0.662729,0,
screenshots_046,expanded,independent,screenshots,screenshots_046.png,/home/kali/stego_dataset_expanded/clean_image_expanded_test/renamed_clean_images/screenshots/screenshots_046.png,3,Unknown/None,no_known_signature,0,Unknown/None,payload_length_exceeds_capacity,0,3,16777215,little,,0.716415,0,
screenshots_047,expanded,independent,screenshots,screenshots_047.png,/home/kali/stego_dataset_expanded/clean_image_expanded_test/renamed_clean_images/screenshots/screenshots_047.png,1,Unknown/None,no_known_signature,0,Unknown/None,payload_length_exceeds_capacity,0,3,14399085,little,,0.829898,0,
screenshots_047,expanded,independent,screenshots,screenshots_047.png,/home/kali/stego_dataset_expanded/clean_image_expanded_test/renamed_clean_images/screenshots/screenshots_047.png,2,Unknown/None,no_known_signature,0,Unknown/None,payload_length_exceeds_capacity,0,3,13628220,little,,0.630380,0,
screenshots_047,expanded,independent,screenshots,screenshots_047.png,/home/kali/stego_dataset_expanded/clean_image_expanded_test/renamed_clean_images/screenshots/screenshots_047.png,3,Unknown/None,no_known_signature,0,Unknown/None,payload_length_exceeds_capacity,0,3,15191709,little,,0.662831,0,
screenshots_048,expanded,independent,screenshots,screenshots_048.png,/home/kali/stego_dataset_expanded/clean_image_expanded_test/renamed_clean_images/screenshots/screenshots_048.png,1,Unknown/None,no_known_signature,0,Unknown/None,payload_length_exceeds_capacity,0,3,14399085,little,,0.777706,0,
screenshots_048,expanded,independent,screenshots,screenshots_048.png,/home/kali/stego_dataset_expanded/clean_image_expanded_test/renamed_clean_images/screenshots/screenshots_048.png,2,Unknown/None,no_known_signature,0,Unknown/None,payload_length_exceeds_capacity,0,3,13628220,little,,0.748978,0,
screenshots_048,expanded,independent,screenshots,screenshots_048.png,/home/kali/stego_dataset_expanded/clean_image_expanded_test/renamed_clean_images/screenshots/screenshots_048.png,3,Unknown/None,no_known_signature,0,Unknown/None,payload_length_exceeds_capacity,0,3,15191709,little,,0.695305,0,
screenshots_049,expanded,independent,screenshots,screenshots_049.png,/home/kali/stego_dataset_expanded/clean_image_expanded_test/renamed_clean_images/screenshots/screenshots_049.png,1,Unknown/None,no_known_signature,0,Unknown/None,payload_length_exceeds_capacity,0,3,16777215,little,,0.640929,0,
screenshots_049,expanded,independent,screenshots,screenshots_049.png,/home/kali/stego_dataset_expanded/clean_image_expanded_test/renamed_clean_images/screenshots/screenshots_049.png,2,Unknown/None,no_known_signature,0,Unknown/None,payload_length_exceeds_capacity,0,3,16777215,little,,0.688523,0,
screenshots_049,expanded,independent,screenshots,screenshots_049.png,/home/kali/stego_dataset_expanded/clean_image_expanded_test/renamed_clean_images/screenshots/screenshots_049.png,3,Unknown/None,no_known_signature,0,Unknown/None,payload_length_exceeds_capacity,0,3,16777215,little,,0.661024,0,
screenshots_050,expanded,independent,screenshots,screenshots_050.png,/home/kali/stego_dataset_expanded/clean_image_expanded_test/renamed_clean_images/screenshots/screenshots_050.png,1,Unknown/None,no_known_signature,0,Unknown/None,payload_length_exceeds_capacity,0,3,16777215,little,,0.584384,0,
screenshots_050,expanded,independent,screenshots,screenshots_050.png,/home/kali/stego_dataset_expanded/clean_image_expanded_test/renamed_clean_images/screenshots/screenshots_050.png,2,Unknown/None,no_known_signature,0,Unknown/None,payload_length_exceeds_capacity,0,3,16777215,little,,0.808459,0,
screenshots_050,expanded,independent,screenshots,screenshots_050.png,/home/kali/stego_dataset_expanded/clean_image_expanded_test/renamed_clean_images/screenshots/screenshots_050.png,3,Unknown/None,no_known_signature,0,Unknown/None,payload_length_exceeds_capacity,0,3,16777215,little,,0.895531,0,
