subset,stego_filename,stego_path,cover_filename,cover_category,cover_variant,cover_size_label,cover_format,payload_filename,payload_type,payload_size_class,lsb,expected_type,predicted_type,correct
core,Flat-Color_1_S__docx_small__lsb1.bmp,/home/kali/Desktop/stego_dataset_expanded/stego_core_combined/Flat-Color_1_S__docx_small__lsb1.bmp,Flat-Color_1_S.bmp,Flat-Color,1,S,bmp,P01.docx,docx,small,1,DOCX,DOCX,1
core,Flat-Color_1_S__docx_small__lsb2.bmp,/home/kali/Desktop/stego_dataset_expanded/stego_core_combined/Flat-Color_1_S__docx_small__lsb2.bmp,Flat-Color_1_S.bmp,Flat-Color,1,S,bmp,P01.docx,docx,small,2,DOCX,DOCX,1
core,Flat-Color_1_S__docx_small__lsb3.bmp,/home/kali/Desktop/stego_dataset_expanded/stego_core_combined/Flat-Color_1_S__docx_small__lsb3.bmp,Flat-Color_1_S.bmp,Flat-Color,1,S,bmp,P01.docx,docx,small,3,DOCX,DOCX,1
core,Flat-Color_1_S__exe_small__lsb1.bmp,/home/kali/Desktop/stego_dataset_expanded/stego_core_combined/Flat-Color_1_S__exe_small__lsb1.bmp,Flat-Color_1_S.bmp,Flat-Color,1,S,bmp,P06.exe,exe,small,1,EXE,EXE,1
core,Flat-Color_1_S__exe_small__lsb2.bmp,/home/kali/Desktop/stego_dataset_expanded/stego_core_combined/Flat-Color_1_S__exe_small__lsb2.bmp,Flat-Color_1_S.bmp,Flat-Color,1,S,bmp,P06.exe,exe,small,2,EXE,EXE,1
core,Flat-Color_1_S__exe_small__lsb3.bmp,/home/kali/Desktop/stego_dataset_expanded/stego_core_combined/Flat-Color_1_S__exe_small__lsb3.bmp,Flat-Color_1_S.bmp,Flat-Color,1,S,bmp,P06.exe,exe,small,3,EXE,EXE,1
core,Flat-Color_1_S__pdf_small__lsb1.bmp,/home/kali/Desktop/stego_dataset_expanded/stego_core_combined/Flat-Color_1_S__pdf_small__lsb1.bmp,Flat-Color_1_S.bmp,Flat-Color,1,S,bmp,P02.pdf,pdf,small,1,PDF,PDF,1
core,Flat-Color_1_S__pdf_small__lsb2.bmp,/home/kali/Desktop/stego_dataset_expanded/stego_core_combined/Flat-Color_1_S__pdf_small__lsb2.bmp,Flat-Color_1_S.bmp,Flat-Color,1,S,bmp,P02.pdf,pdf,small,2,PDF,PDF,1
core,Flat-Color_1_S__pdf_small__lsb3.bmp,/home/kali/Desktop/stego_dataset_expanded/stego_core_combined/Flat-Color_1_S__pdf_small__lsb3.bmp,Flat-Color_1_S.bmp,Flat-Color,1,S,bmp,P02.pdf,pdf,small,3,PDF,PDF,1
core,Flat-Color_1_S__pptx_small__lsb1.bmp,/home/kali/Desktop/stego_dataset_expanded/stego_core_combined/Flat-Color_1_S__pptx_small__lsb1.bmp,Flat-Color_1_S.bmp,Flat-Color,1,S,bmp,P04.pptx,pptx,small,1,PPTX,PPTX,1
core,Flat-Color_1_S__pptx_small__lsb2.bmp,/home/kali/Desktop/stego_dataset_expanded/stego_core_combined/Flat-Color_1_S__pptx_small__lsb2.bmp,Flat-Color_1_S.bmp,Flat-Color,1,S,bmp,P04.pptx,pptx,small,2,PPTX,PPTX,1
core,Flat-Color_1_S__pptx_small__lsb3.bmp,/home/kali/Desktop/stego_dataset_expanded/stego_core_combined/Flat-Color_1_S__pptx_small__lsb3.bmp,Flat-Color_1_S.bmp,Flat-Color,1,S,bmp,P04.pptx,pptx,small,3,PPTX,PPTX,1
core,Flat-Color_1_S__rtf_small__lsb1.bmp,/home/kali/Desktop/stego_dataset_expanded/stego_core_combined/Flat-Color_1_S__rtf_small__lsb1.bmp,Flat-Color_1_S.bmp,Flat-Color,1,S,bmp,P05.rtf,rtf,small,1,RTF,RTF,1
core,Flat-Color_1_S__rtf_small__lsb2.bmp,/home/kali/Desktop/stego_dataset_expanded/stego_core_combined/Flat-Color_1_S__rtf_small__lsb2.bmp,Flat-Color_1_S.bmp,Flat-Color,1,S,bmp,P05.rtf,rtf,small,2,RTF,RTF,1
core,Flat-Color_1_S__rtf_small__lsb3.bmp,/home/kali/Desktop/stego_dataset_expanded/stego_core_combined/Flat-Color_1_S__rtf_small__lsb3.bmp,Flat-Color_1_S.bmp,Flat-Color,1,S,bmp,P05.rtf,rtf,small,3,RTF,RTF,1
core,Flat-Color_1_S__xlsx_small__lsb1.bmp,/home/kali/Desktop/stego_dataset_expanded/stego_core_combined/Flat-Color_1_S__xlsx_small__lsb1.bmp,Flat-Color_1_S.bmp,Flat-Color,1,S,bmp,P03.xlsx,xlsx,small,1,XLSX,XLSX,1
core,Flat-Color_1_S__xlsx_small__lsb2.bmp,/home/kali/Desktop/stego_dataset_expanded/stego_core_combined/Flat-Color_1_S__xlsx_small__lsb2.bmp,Flat-Color_1_S.bmp,Flat-Color,1,S,bmp,P03.xlsx,xlsx,small,2,XLSX,XLSX,1
core,Flat-Color_1_S__xlsx_small__lsb3.bmp,/home/kali/Desktop/stego_dataset_expanded/stego_core_combined/Flat-Color_1_S__xlsx_small__lsb3.bmp,Flat-Color_1_S.bmp,Flat-Color,1,S,bmp,P03.xlsx,xlsx,small,3,XLSX,XLSX,1
core,Flat-Color_2_M__docx_large__lsb3.png,/home/kali/Desktop/stego_dataset_expanded/stego_core_combined/Flat-Color_2_M__docx_large__lsb3.png,Flat-Color_2_M.png,Flat-Color,2,M,png,P01.docx,docx,large,3,DOCX,DOCX,1
core,Flat-Color_2_M__docx_medium__lsb2.png,/home/kali/Desktop/stego_dataset_expanded/stego_core_combined/Flat-Color_2_M__docx_medium__lsb2.png,Flat-Color_2_M.png,Flat-Color,2,M,png,P01.docx,docx,medium,2,DOCX,DOCX,1
core,Flat-Color_2_M__docx_medium__lsb3.png,/home/kali/Desktop/stego_dataset_expanded/stego_core_combined/Flat-Color_2_M__docx_medium__lsb3.png,Flat-Color_2_M.png,Flat-Color,2,M,png,P01.docx,docx,medium,3,DOCX,DOCX,1
core,Flat-Color_2_M__docx_small__lsb1.png,/home/kali/Desktop/stego_dataset_expanded/stego_core_combined/Flat-Color_2_M__docx_small__lsb1.png,Flat-Color_2_M.png,Flat-Color,2,M,png,P01.docx,docx,small,1,DOCX,DOCX,1
core,Flat-Color_2_M__docx_small__lsb2.png,/home/kali/Desktop/stego_dataset_expanded/stego_core_combined/Flat-Color_2_M__docx_small__lsb2.png,Flat-Color_2_M.png,Flat-Color,2,M,png,P01.docx,docx,small,2,DOCX,DOCX,1
core,Flat-Color_2_M__docx_small__lsb3.png,/home/kali/Desktop/stego_dataset_expanded/stego_core_combined/Flat-Color_2_M__docx_small__lsb3.png,Flat-Color_2_M.png,Flat-Color,2,M,png,P01.docx,docx,small,3,DOCX,DOCX,1
core,Flat-Color_2_M__exe_large__lsb3.png,/home/kali/Desktop/stego_dataset_expanded/stego_core_combined/Flat-Color_2_M__exe_large__lsb3.png,Flat-Color_2_M.png,Flat-Color,2,M,png,P06.exe,exe,large,3,EXE,EXE,1
core,Flat-Color_2_M__exe_medium__lsb2.png,/home/kali/Desktop/stego_dataset_expanded/stego_core_combined/Flat-Color_2_M__exe_medium__lsb2.png,Flat-Color_2_M.png,Flat-Color,2,M,png,P06.exe,exe,medium,2,EXE,EXE,1
core,Flat-Color_2_M__exe_medium__lsb3.png,/home/kali/Desktop/stego_dataset_expanded/stego_core_combined/Flat-Color_2_M__exe_medium__lsb3.png,Flat-Color_2_M.png,Flat-Color,2,M,png,P06.exe,exe,medium,3,EXE,EXE,1
core,Flat-Color_2_M__exe_small__lsb1.png,/home/kali/Desktop/stego_dataset_expanded/stego_core_combined/Flat-Color_2_M__exe_small__lsb1.png,Flat-Color_2_M.png,Flat-Color,2,M,png,P06.exe,exe,small,1,EXE,EXE,1
core,Flat-Color_2_M__exe_small__lsb2.png,/home/kali/Desktop/stego_dataset_expanded/stego_core_combined/Flat-Color_2_M__exe_small__lsb2.png,Flat-Color_2_M.png,Flat-Color,2,M,png,P06.exe,exe,small,2,EXE,EXE,1
core,Flat-Color_2_M__exe_small__lsb3.png,/home/kali/Desktop/stego_dataset_expanded/stego_core_combined/Flat-Color_2_M__exe_small__lsb3.png,Flat-Color_2_M.png,Flat-Color,2,M,png,P06.exe,exe,small,3,EXE,EXE,1
core,Flat-Color_2_M__pdf_large__lsb3.png,/home/kali/Desktop/stego_dataset_expanded/stego_core_combined/Flat-Color_2_M__pdf_large__lsb3.png,Flat-Color_2_M.png,Flat-Color,2,M,png,P02.pdf,pdf,large,3,PDF,PDF,1
core,Flat-Color_2_M__pdf_medium__lsb2.png,/home/kali/Desktop/stego_dataset_expanded/stego_core_combined/Flat-Color_2_M__pdf_medium__lsb2.png,Flat-Color_2_M.png,Flat-Color,2,M,png,P02.pdf,pdf,medium,2,PDF,PDF,1
core,Flat-Color_2_M__pdf_medium__lsb3.png,/home/kali/Desktop/stego_dataset_expanded/stego_core_combined/Flat-Color_2_M__pdf_medium__lsb3.png,Flat-Color_2_M.png,Flat-Color,2,M,png,P02.pdf,pdf,medium,3,PDF,PDF,1
core,Flat-Color_2_M__pdf_small__lsb1.png,/home/kali/Desktop/stego_dataset_expanded/stego_core_combined/Flat-Color_2_M__pdf_small__lsb1.png,Flat-Color_2_M.png,Flat-Color,2,M,png,P02.pdf,pdf,small,1,PDF,PDF,1
core,Flat-Color_2_M__pdf_small__lsb2.png,/home/kali/Desktop/stego_dataset_expanded/stego_core_combined/Flat-Color_2_M__pdf_small__lsb2.png,Flat-Color_2_M.png,Flat-Color,2,M,png,P02.pdf,pdf,small,2,PDF,PDF,1
core,Flat-Color_2_M__pdf_small__lsb3.png,/home/kali/Desktop/stego_dataset_expanded/stego_core_combined/Flat-Color_2_M__pdf_small__lsb3.png,Flat-Color_2_M.png,Flat-Color,2,M,png,P02.pdf,pdf,small,3,PDF,PDF,1
core,Flat-Color_2_M__pptx_large__lsb3.png,/home/kali/Desktop/stego_dataset_expanded/stego_core_combined/Flat-Color_2_M__pptx_large__lsb3.png,Flat-Color_2_M.png,Flat-Color,2,M,png,P04.pptx,pptx,large,3,PPTX,PPTX,1
core,Flat-Color_2_M__pptx_medium__lsb2.png,/home/kali/Desktop/stego_dataset_expanded/stego_core_combined/Flat-Color_2_M__pptx_medium__lsb2.png,Flat-Color_2_M.png,Flat-Color,2,M,png,P04.pptx,pptx,medium,2,PPTX,PPTX,1
core,Flat-Color_2_M__pptx_medium__lsb3.png,/home/kali/Desktop/stego_dataset_expanded/stego_core_combined/Flat-Color_2_M__pptx_medium__lsb3.png,Flat-Color_2_M.png,Flat-Color,2,M,png,P04.pptx,pptx,medium,3,PPTX,PPTX,1
core,Flat-Color_2_M__pptx_small__lsb1.png,/home/kali/Desktop/stego_dataset_expanded/stego_core_combined/Flat-Color_2_M__pptx_small__lsb1.png,Flat-Color_2_M.png,Flat-Color,2,M,png,P04.pptx,pptx,small,1,PPTX,PPTX,1
core,Flat-Color_2_M__pptx_small__lsb2.png,/home/kali/Desktop/stego_dataset_expanded/stego_core_combined/Flat-Color_2_M__pptx_small__lsb2.png,Flat-Color_2_M.png,Flat-Color,2,M,png,P04.pptx,pptx,small,2,PPTX,PPTX,1
core,Flat-Color_2_M__pptx_small__lsb3.png,/home/kali/Desktop/stego_dataset_expanded/stego_core_combined/Flat-Color_2_M__pptx_small__lsb3.png,Flat-Color_2_M.png,Flat-Color,2,M,png,P04.pptx,pptx,small,3,PPTX,PPTX,1
core,Flat-Color_2_M__rtf_large__lsb3.png,/home/kali/Desktop/stego_dataset_expanded/stego_core_combined/Flat-Color_2_M__rtf_large__lsb3.png,Flat-Color_2_M.png,Flat-Color,2,M,png,P05.rtf,rtf,large,3,RTF,RTF,1
core,Flat-Color_2_M__rtf_medium__lsb2.png,/home/kali/Desktop/stego_dataset_expanded/stego_core_combined/Flat-Color_2_M__rtf_medium__lsb2.png,Flat-Color_2_M.png,Flat-Color,2,M,png,P05.rtf,rtf,medium,2,RTF,RTF,1
core,Flat-Color_2_M__rtf_medium__lsb3.png,/home/kali/Desktop/stego_dataset_expanded/stego_core_combined/Flat-Color_2_M__rtf_medium__lsb3.png,Flat-Color_2_M.png,Flat-Color,2,M,png,P05.rtf,rtf,medium,3,RTF,RTF,1
core,Flat-Color_2_M__rtf_small__lsb1.png,/home/kali/Desktop/stego_dataset_expanded/stego_core_combined/Flat-Color_2_M__rtf_small__lsb1.png,Flat-Color_2_M.png,Flat-Color,2,M,png,P05.rtf,rtf,small,1,RTF,RTF,1
core,Flat-Color_2_M__rtf_small__lsb2.png,/home/kali/Desktop/stego_dataset_expanded/stego_core_combined/Flat-Color_2_M__rtf_small__lsb2.png,Flat-Color_2_M.png,Flat-Color,2,M,png,P05.rtf,rtf,small,2,RTF,RTF,1
core,Flat-Color_2_M__rtf_small__lsb3.png,/home/kali/Desktop/stego_dataset_expanded/stego_core_combined/Flat-Color_2_M__rtf_small__lsb3.png,Flat-Color_2_M.png,Flat-Color,2,M,png,P05.rtf,rtf,small,3,RTF,RTF,1
core,Flat-Color_2_M__xlsx_large__lsb3.png,/home/kali/Desktop/stego_dataset_expanded/stego_core_combined/Flat-Color_2_M__xlsx_large__lsb3.png,Flat-Color_2_M.png,Flat-Color,2,M,png,P03.xlsx,xlsx,large,3,XLSX,XLSX,1
core,Flat-Color_2_M__xlsx_medium__lsb2.png,/home/kali/Desktop/stego_dataset_expanded/stego_core_combined/Flat-Color_2_M__xlsx_medium__lsb2.png,Flat-Color_2_M.png,Flat-Color,2,M,png,P03.xlsx,xlsx,medium,2,XLSX,XLSX,1
core,Flat-Color_2_M__xlsx_medium__lsb3.png,/home/kali/Desktop/stego_dataset_expanded/stego_core_combined/Flat-Color_2_M__xlsx_medium__lsb3.png,Flat-Color_2_M.png,Flat-Color,2,M,png,P03.xlsx,xlsx,medium,3,XLSX,XLSX,1
core,Flat-Color_2_M__xlsx_small__lsb1.png,/home/kali/Desktop/stego_dataset_expanded/stego_core_combined/Flat-Color_2_M__xlsx_small__lsb1.png,Flat-Color_2_M.png,Flat-Color,2,M,png,P03.xlsx,xlsx,small,1,XLSX,XLSX,1
core,Flat-Color_2_M__xlsx_small__lsb2.png,/home/kali/Desktop/stego_dataset_expanded/stego_core_combined/Flat-Color_2_M__xlsx_small__lsb2.png,Flat-Color_2_M.png,Flat-Color,2,M,png,P03.xlsx,xlsx,small,2,XLSX,XLSX,1
core,Flat-Color_2_M__xlsx_small__lsb3.png,/home/kali/Desktop/stego_dataset_expanded/stego_core_combined/Flat-Color_2_M__xlsx_small__lsb3.png,Flat-Color_2_M.png,Flat-Color,2,M,png,P03.xlsx,xlsx,small,3,XLSX,XLSX,1
core,Grayscale_2_M__docx_large__lsb3.bmp,/home/kali/Desktop/stego_dataset_expanded/stego_core_combined/Grayscale_2_M__docx_large__lsb3.bmp,Grayscale_2_M.bmp,Grayscale,2,M,bmp,P01.docx,docx,large,3,DOCX,DOCX,1
core,Grayscale_2_M__docx_medium__lsb2.bmp,/home/kali/Desktop/stego_dataset_expanded/stego_core_combined/Grayscale_2_M__docx_medium__lsb2.bmp,Grayscale_2_M.bmp,Grayscale,2,M,bmp,P01.docx,docx,medium,2,DOCX,DOCX,1
core,Grayscale_2_M__docx_medium__lsb3.bmp,/home/kali/Desktop/stego_dataset_expanded/stego_core_combined/Grayscale_2_M__docx_medium__lsb3.bmp,Grayscale_2_M.bmp,Grayscale,2,M,bmp,P01.docx,docx,medium,3,DOCX,DOCX,1
core,Grayscale_2_M__docx_small__lsb1.bmp,/home/kali/Desktop/stego_dataset_expanded/stego_core_combined/Grayscale_2_M__docx_small__lsb1.bmp,Grayscale_2_M.bmp,Grayscale,2,M,bmp,P01.docx,docx,small,1,DOCX,DOCX,1
core,Grayscale_2_M__docx_small__lsb2.bmp,/home/kali/Desktop/stego_dataset_expanded/stego_core_combined/Grayscale_2_M__docx_small__lsb2.bmp,Grayscale_2_M.bmp,Grayscale,2,M,bmp,P01.docx,docx,small,2,DOCX,DOCX,1
core,Grayscale_2_M__docx_small__lsb3.bmp,/home/kali/Desktop/stego_dataset_expanded/stego_core_combined/Grayscale_2_M__docx_small__lsb3.bmp,Grayscale_2_M.bmp,Grayscale,2,M,bmp,P01.docx,docx,small,3,DOCX,DOCX,1
core,Grayscale_2_M__exe_large__lsb3.bmp,/home/kali/Desktop/stego_dataset_expanded/stego_core_combined/Grayscale_2_M__exe_large__lsb3.bmp,Grayscale_2_M.bmp,Grayscale,2,M,bmp,P06.exe,exe,large,3,EXE,EXE,1
core,Grayscale_2_M__exe_medium__lsb2.bmp,/home/kali/Desktop/stego_dataset_expanded/stego_core_combined/Grayscale_2_M__exe_medium__lsb2.bmp,Grayscale_2_M.bmp,Grayscale,2,M,bmp,P06.exe,exe,medium,2,EXE,EXE,1
core,Grayscale_2_M__exe_medium__lsb3.bmp,/home/kali/Desktop/stego_dataset_expanded/stego_core_combined/Grayscale_2_M__exe_medium__lsb3.bmp,Grayscale_2_M.bmp,Grayscale,2,M,bmp,P06.exe,exe,medium,3,EXE,EXE,1
core,Grayscale_2_M__exe_small__lsb1.bmp,/home/kali/Desktop/stego_dataset_expanded/stego_core_combined/Grayscale_2_M__exe_small__lsb1.bmp,Grayscale_2_M.bmp,Grayscale,2,M,bmp,P06.exe,exe,small,1,EXE,EXE,1
core,Grayscale_2_M__exe_small__lsb2.bmp,/home/kali/Desktop/stego_dataset_expanded/stego_core_combined/Grayscale_2_M__exe_small__lsb2.bmp,Grayscale_2_M.bmp,Grayscale,2,M,bmp,P06.exe,exe,small,2,EXE,EXE,1
core,Grayscale_2_M__exe_small__lsb3.bmp,/home/kali/Desktop/stego_dataset_expanded/stego_core_combined/Grayscale_2_M__exe_small__lsb3.bmp,Grayscale_2_M.bmp,Grayscale,2,M,bmp,P06.exe,exe,small,3,EXE,EXE,1
core,Grayscale_2_M__pdf_large__lsb3.bmp,/home/kali/Desktop/stego_dataset_expanded/stego_core_combined/Grayscale_2_M__pdf_large__lsb3.bmp,Grayscale_2_M.bmp,Grayscale,2,M,bmp,P02.pdf,pdf,large,3,PDF,PDF,1
core,Grayscale_2_M__pdf_medium__lsb2.bmp,/home/kali/Desktop/stego_dataset_expanded/stego_core_combined/Grayscale_2_M__pdf_medium__lsb2.bmp,Grayscale_2_M.bmp,Grayscale,2,M,bmp,P02.pdf,pdf,medium,2,PDF,PDF,1
core,Grayscale_2_M__pdf_medium__lsb3.bmp,/home/kali/Desktop/stego_dataset_expanded/stego_core_combined/Grayscale_2_M__pdf_medium__lsb3.bmp,Grayscale_2_M.bmp,Grayscale,2,M,bmp,P02.pdf,pdf,medium,3,PDF,PDF,1
core,Grayscale_2_M__pdf_small__lsb1.bmp,/home/kali/Desktop/stego_dataset_expanded/stego_core_combined/Grayscale_2_M__pdf_small__lsb1.bmp,Grayscale_2_M.bmp,Grayscale,2,M,bmp,P02.pdf,pdf,small,1,PDF,PDF,1
core,Grayscale_2_M__pdf_small__lsb2.bmp,/home/kali/Desktop/stego_dataset_expanded/stego_core_combined/Grayscale_2_M__pdf_small__lsb2.bmp,Grayscale_2_M.bmp,Grayscale,2,M,bmp,P02.pdf,pdf,small,2,PDF,PDF,1
core,Grayscale_2_M__pdf_small__lsb3.bmp,/home/kali/Desktop/stego_dataset_expanded/stego_core_combined/Grayscale_2_M__pdf_small__lsb3.bmp,Grayscale_2_M.bmp,Grayscale,2,M,bmp,P02.pdf,pdf,small,3,PDF,PDF,1
core,Grayscale_2_M__pptx_large__lsb3.bmp,/home/kali/Desktop/stego_dataset_expanded/stego_core_combined/Grayscale_2_M__pptx_large__lsb3.bmp,Grayscale_2_M.bmp,Grayscale,2,M,bmp,P04.pptx,pptx,large,3,PPTX,PPTX,1
core,Grayscale_2_M__pptx_medium__lsb2.bmp,/home/kali/Desktop/stego_dataset_expanded/stego_core_combined/Grayscale_2_M__pptx_medium__lsb2.bmp,Grayscale_2_M.bmp,Grayscale,2,M,bmp,P04.pptx,pptx,medium,2,PPTX,PPTX,1
core,Grayscale_2_M__pptx_medium__lsb3.bmp,/home/kali/Desktop/stego_dataset_expanded/stego_core_combined/Grayscale_2_M__pptx_medium__lsb3.bmp,Grayscale_2_M.bmp,Grayscale,2,M,bmp,P04.pptx,pptx,medium,3,PPTX,PPTX,1
core,Grayscale_2_M__pptx_small__lsb1.bmp,/home/kali/Desktop/stego_dataset_expanded/stego_core_combined/Grayscale_2_M__pptx_small__lsb1.bmp,Grayscale_2_M.bmp,Grayscale,2,M,bmp,P04.pptx,pptx,small,1,PPTX,PPTX,1
core,Grayscale_2_M__pptx_small__lsb2.bmp,/home/kali/Desktop/stego_dataset_expanded/stego_core_combined/Grayscale_2_M__pptx_small__lsb2.bmp,Grayscale_2_M.bmp,Grayscale,2,M,bmp,P04.pptx,pptx,small,2,PPTX,PPTX,1
core,Grayscale_2_M__pptx_small__lsb3.bmp,/home/kali/Desktop/stego_dataset_expanded/stego_core_combined/Grayscale_2_M__pptx_small__lsb3.bmp,Grayscale_2_M.bmp,Grayscale,2,M,bmp,P04.pptx,pptx,small,3,PPTX,PPTX,1
core,Grayscale_2_M__rtf_large__lsb3.bmp,/home/kali/Desktop/stego_dataset_expanded/stego_core_combined/Grayscale_2_M__rtf_large__lsb3.bmp,Grayscale_2_M.bmp,Grayscale,2,M,bmp,P05.rtf,rtf,large,3,RTF,RTF,1
core,Grayscale_2_M__rtf_medium__lsb2.bmp,/home/kali/Desktop/stego_dataset_expanded/stego_core_combined/Grayscale_2_M__rtf_medium__lsb2.bmp,Grayscale_2_M.bmp,Grayscale,2,M,bmp,P05.rtf,rtf,medium,2,RTF,RTF,1
core,Grayscale_2_M__rtf_medium__lsb3.bmp,/home/kali/Desktop/stego_dataset_expanded/stego_core_combined/Grayscale_2_M__rtf_medium__lsb3.bmp,Grayscale_2_M.bmp,Grayscale,2,M,bmp,P05.rtf,rtf,medium,3,RTF,RTF,1
core,Grayscale_2_M__rtf_small__lsb1.bmp,/home/kali/Desktop/stego_dataset_expanded/stego_core_combined/Grayscale_2_M__rtf_small__lsb1.bmp,Grayscale_2_M.bmp,Grayscale,2,M,bmp,P05.rtf,rtf,small,1,RTF,RTF,1
core,Grayscale_2_M__rtf_small__lsb2.bmp,/home/kali/Desktop/stego_dataset_expanded/stego_core_combined/Grayscale_2_M__rtf_small__lsb2.bmp,Grayscale_2_M.bmp,Grayscale,2,M,bmp,P05.rtf,rtf,small,2,RTF,RTF,1
core,Grayscale_2_M__rtf_small__lsb3.bmp,/home/kali/Desktop/stego_dataset_expanded/stego_core_combined/Grayscale_2_M__rtf_small__lsb3.bmp,Grayscale_2_M.bmp,Grayscale,2,M,bmp,P05.rtf,rtf,small,3,RTF,RTF,1
core,Grayscale_2_M__xlsx_large__lsb3.bmp,/home/kali/Desktop/stego_dataset_expanded/stego_core_combined/Grayscale_2_M__xlsx_large__lsb3.bmp,Grayscale_2_M.bmp,Grayscale,2,M,bmp,P03.xlsx,xlsx,large,3,XLSX,XLSX,1
core,Grayscale_2_M__xlsx_medium__lsb2.bmp,/home/kali/Desktop/stego_dataset_expanded/stego_core_combined/Grayscale_2_M__xlsx_medium__lsb2.bmp,Grayscale_2_M.bmp,Grayscale,2,M,bmp,P03.xlsx,xlsx,medium,2,XLSX,XLSX,1
core,Grayscale_2_M__xlsx_medium__lsb3.bmp,/home/kali/Desktop/stego_dataset_expanded/stego_core_combined/Grayscale_2_M__xlsx_medium__lsb3.bmp,Grayscale_2_M.bmp,Grayscale,2,M,bmp,P03.xlsx,xlsx,medium,3,XLSX,XLSX,1
core,Grayscale_2_M__xlsx_small__lsb1.bmp,/home/kali/Desktop/stego_dataset_expanded/stego_core_combined/Grayscale_2_M__xlsx_small__lsb1.bmp,Grayscale_2_M.bmp,Grayscale,2,M,bmp,P03.xlsx,xlsx,small,1,XLSX,XLSX,1
core,Grayscale_2_M__xlsx_small__lsb2.bmp,/home/kali/Desktop/stego_dataset_expanded/stego_core_combined/Grayscale_2_M__xlsx_small__lsb2.bmp,Grayscale_2_M.bmp,Grayscale,2,M,bmp,P03.xlsx,xlsx,small,2,XLSX,XLSX,1
core,Grayscale_2_M__xlsx_small__lsb3.bmp,/home/kali/Desktop/stego_dataset_expanded/stego_core_combined/Grayscale_2_M__xlsx_small__lsb3.bmp,Grayscale_2_M.bmp,Grayscale,2,M,bmp,P03.xlsx,xlsx,small,3,XLSX,XLSX,1
core,High-Detail_1_M__docx_large__lsb3.png,/home/kali/Desktop/stego_dataset_expanded/stego_core_combined/High-Detail_1_M__docx_large__lsb3.png,High-Detail_1_M.png,High-Detail,1,M,png,P01.docx,docx,large,3,DOCX,DOCX,1
core,High-Detail_1_M__docx_medium__lsb2.png,/home/kali/Desktop/stego_dataset_expanded/stego_core_combined/High-Detail_1_M__docx_medium__lsb2.png,High-Detail_1_M.png,High-Detail,1,M,png,P01.docx,docx,medium,2,DOCX,DOCX,1
core,High-Detail_1_M__docx_medium__lsb3.png,/home/kali/Desktop/stego_dataset_expanded/stego_core_combined/High-Detail_1_M__docx_medium__lsb3.png,High-Detail_1_M.png,High-Detail,1,M,png,P01.docx,docx,medium,3,DOCX,DOCX,1
core,High-Detail_1_M__docx_small__lsb1.png,/home/kali/Desktop/stego_dataset_expanded/stego_core_combined/High-Detail_1_M__docx_small__lsb1.png,High-Detail_1_M.png,High-Detail,1,M,png,P01.docx,docx,small,1,DOCX,DOCX,1
core,High-Detail_1_M__docx_small__lsb2.png,/home/kali/Desktop/stego_dataset_expanded/stego_core_combined/High-Detail_1_M__docx_small__lsb2.png,High-Detail_1_M.png,High-Detail,1,M,png,P01.docx,docx,small,2,DOCX,DOCX,1
core,High-Detail_1_M__docx_small__lsb3.png,/home/kali/Desktop/stego_dataset_expanded/stego_core_combined/High-Detail_1_M__docx_small__lsb3.png,High-Detail_1_M.png,High-Detail,1,M,png,P01.docx,docx,small,3,DOCX,DOCX,1
core,High-Detail_1_M__exe_large__lsb3.png,/home/kali/Desktop/stego_dataset_expanded/stego_core_combined/High-Detail_1_M__exe_large__lsb3.png,High-Detail_1_M.png,High-Detail,1,M,png,P06.exe,exe,large,3,EXE,EXE,1
core,High-Detail_1_M__exe_medium__lsb2.png,/home/kali/Desktop/stego_dataset_expanded/stego_core_combined/High-Detail_1_M__exe_medium__lsb2.png,High-Detail_1_M.png,High-Detail,1,M,png,P06.exe,exe,medium,2,EXE,EXE,1
core,High-Detail_1_M__exe_medium__lsb3.png,/home/kali/Desktop/stego_dataset_expanded/stego_core_combined/High-Detail_1_M__exe_medium__lsb3.png,High-Detail_1_M.png,High-Detail,1,M,png,P06.exe,exe,medium,3,EXE,EXE,1
core,High-Detail_1_M__exe_small__lsb1.png,/home/kali/Desktop/stego_dataset_expanded/stego_core_combined/High-Detail_1_M__exe_small__lsb1.png,High-Detail_1_M.png,High-Detail,1,M,png,P06.exe,exe,small,1,EXE,EXE,1
core,High-Detail_1_M__exe_small__lsb2.png,/home/kali/Desktop/stego_dataset_expanded/stego_core_combined/High-Detail_1_M__exe_small__lsb2.png,High-Detail_1_M.png,High-Detail,1,M,png,P06.exe,exe,small,2,EXE,EXE,1
core,High-Detail_1_M__exe_small__lsb3.png,/home/kali/Desktop/stego_dataset_expanded/stego_core_combined/High-Detail_1_M__exe_small__lsb3.png,High-Detail_1_M.png,High-Detail,1,M,png,P06.exe,exe,small,3,EXE,EXE,1
core,High-Detail_1_M__pdf_large__lsb3.png,/home/kali/Desktop/stego_dataset_expanded/stego_core_combined/High-Detail_1_M__pdf_large__lsb3.png,High-Detail_1_M.png,High-Detail,1,M,png,P02.pdf,pdf,large,3,PDF,PDF,1
core,High-Detail_1_M__pdf_medium__lsb2.png,/home/kali/Desktop/stego_dataset_expanded/stego_core_combined/High-Detail_1_M__pdf_medium__lsb2.png,High-Detail_1_M.png,High-Detail,1,M,png,P02.pdf,pdf,medium,2,PDF,PDF,1
core,High-Detail_1_M__pdf_medium__lsb3.png,/home/kali/Desktop/stego_dataset_expanded/stego_core_combined/High-Detail_1_M__pdf_medium__lsb3.png,High-Detail_1_M.png,High-Detail,1,M,png,P02.pdf,pdf,medium,3,PDF,PDF,1
core,High-Detail_1_M__pdf_small__lsb1.png,/home/kali/Desktop/stego_dataset_expanded/stego_core_combined/High-Detail_1_M__pdf_small__lsb1.png,High-Detail_1_M.png,High-Detail,1,M,png,P02.pdf,pdf,small,1,PDF,PDF,1
core,High-Detail_1_M__pdf_small__lsb2.png,/home/kali/Desktop/stego_dataset_expanded/stego_core_combined/High-Detail_1_M__pdf_small__lsb2.png,High-Detail_1_M.png,High-Detail,1,M,png,P02.pdf,pdf,small,2,PDF,PDF,1
core,High-Detail_1_M__pdf_small__lsb3.png,/home/kali/Desktop/stego_dataset_expanded/stego_core_combined/High-Detail_1_M__pdf_small__lsb3.png,High-Detail_1_M.png,High-Detail,1,M,png,P02.pdf,pdf,small,3,PDF,PDF,1
core,High-Detail_1_M__pptx_large__lsb3.png,/home/kali/Desktop/stego_dataset_expanded/stego_core_combined/High-Detail_1_M__pptx_large__lsb3.png,High-Detail_1_M.png,High-Detail,1,M,png,P04.pptx,pptx,large,3,PPTX,PPTX,1
core,High-Detail_1_M__pptx_medium__lsb2.png,/home/kali/Desktop/stego_dataset_expanded/stego_core_combined/High-Detail_1_M__pptx_medium__lsb2.png,High-Detail_1_M.png,High-Detail,1,M,png,P04.pptx,pptx,medium,2,PPTX,PPTX,1
core,High-Detail_1_M__pptx_medium__lsb3.png,/home/kali/Desktop/stego_dataset_expanded/stego_core_combined/High-Detail_1_M__pptx_medium__lsb3.png,High-Detail_1_M.png,High-Detail,1,M,png,P04.pptx,pptx,medium,3,PPTX,PPTX,1
core,High-Detail_1_M__pptx_small__lsb1.png,/home/kali/Desktop/stego_dataset_expanded/stego_core_combined/High-Detail_1_M__pptx_small__lsb1.png,High-Detail_1_M.png,High-Detail,1,M,png,P04.pptx,pptx,small,1,PPTX,PPTX,1
core,High-Detail_1_M__pptx_small__lsb2.png,/home/kali/Desktop/stego_dataset_expanded/stego_core_combined/High-Detail_1_M__pptx_small__lsb2.png,High-Detail_1_M.png,High-Detail,1,M,png,P04.pptx,pptx,small,2,PPTX,PPTX,1
core,High-Detail_1_M__pptx_small__lsb3.png,/home/kali/Desktop/stego_dataset_expanded/stego_core_combined/High-Detail_1_M__pptx_small__lsb3.png,High-Detail_1_M.png,High-Detail,1,M,png,P04.pptx,pptx,small,3,PPTX,PPTX,1
core,High-Detail_1_M__rtf_large__lsb3.png,/home/kali/Desktop/stego_dataset_expanded/stego_core_combined/High-Detail_1_M__rtf_large__lsb3.png,High-Detail_1_M.png,High-Detail,1,M,png,P05.rtf,rtf,large,3,RTF,RTF,1
core,High-Detail_1_M__rtf_medium__lsb2.png,/home/kali/Desktop/stego_dataset_expanded/stego_core_combined/High-Detail_1_M__rtf_medium__lsb2.png,High-Detail_1_M.png,High-Detail,1,M,png,P05.rtf,rtf,medium,2,RTF,RTF,1
core,High-Detail_1_M__rtf_medium__lsb3.png,/home/kali/Desktop/stego_dataset_expanded/stego_core_combined/High-Detail_1_M__rtf_medium__lsb3.png,High-Detail_1_M.png,High-Detail,1,M,png,P05.rtf,rtf,medium,3,RTF,RTF,1
core,High-Detail_1_M__rtf_small__lsb1.png,/home/kali/Desktop/stego_dataset_expanded/stego_core_combined/High-Detail_1_M__rtf_small__lsb1.png,High-Detail_1_M.png,High-Detail,1,M,png,P05.rtf,rtf,small,1,RTF,RTF,1
core,High-Detail_1_M__rtf_small__lsb2.png,/home/kali/Desktop/stego_dataset_expanded/stego_core_combined/High-Detail_1_M__rtf_small__lsb2.png,High-Detail_1_M.png,High-Detail,1,M,png,P05.rtf,rtf,small,2,RTF,RTF,1
core,High-Detail_1_M__rtf_small__lsb3.png,/home/kali/Desktop/stego_dataset_expanded/stego_core_combined/High-Detail_1_M__rtf_small__lsb3.png,High-Detail_1_M.png,High-Detail,1,M,png,P05.rtf,rtf,small,3,RTF,RTF,1
core,High-Detail_1_M__xlsx_large__lsb3.png,/home/kali/Desktop/stego_dataset_expanded/stego_core_combined/High-Detail_1_M__xlsx_large__lsb3.png,High-Detail_1_M.png,High-Detail,1,M,png,P03.xlsx,xlsx,large,3,XLSX,XLSX,1
core,High-Detail_1_M__xlsx_medium__lsb2.png,/home/kali/Desktop/stego_dataset_expanded/stego_core_combined/High-Detail_1_M__xlsx_medium__lsb2.png,High-Detail_1_M.png,High-Detail,1,M,png,P03.xlsx,xlsx,medium,2,XLSX,XLSX,1
core,High-Detail_1_M__xlsx_medium__lsb3.png,/home/kali/Desktop/stego_dataset_expanded/stego_core_combined/High-Detail_1_M__xlsx_medium__lsb3.png,High-Detail_1_M.png,High-Detail,1,M,png,P03.xlsx,xlsx,medium,3,XLSX,XLSX,1
core,High-Detail_1_M__xlsx_small__lsb1.png,/home/kali/Desktop/stego_dataset_expanded/stego_core_combined/High-Detail_1_M__xlsx_small__lsb1.png,High-Detail_1_M.png,High-Detail,1,M,png,P03.xlsx,xlsx,small,1,XLSX,XLSX,1
core,High-Detail_1_M__xlsx_small__lsb2.png,/home/kali/Desktop/stego_dataset_expanded/stego_core_combined/High-Detail_1_M__xlsx_small__lsb2.png,High-Detail_1_M.png,High-Detail,1,M,png,P03.xlsx,xlsx,small,2,XLSX,XLSX,1
core,High-Detail_1_M__xlsx_small__lsb3.png,/home/kali/Desktop/stego_dataset_expanded/stego_core_combined/High-Detail_1_M__xlsx_small__lsb3.png,High-Detail_1_M.png,High-Detail,1,M,png,P03.xlsx,xlsx,small,3,XLSX,XLSX,1
core,High-Detail_2_L__docx_large__lsb2.png,/home/kali/Desktop/stego_dataset_expanded/stego_core_combined/High-Detail_2_L__docx_large__lsb2.png,High-Detail_2_L.png,High-Detail,2,L,png,P01.docx,docx,large,2,DOCX,DOCX,1
core,High-Detail_2_L__docx_large__lsb3.png,/home/kali/Desktop/stego_dataset_expanded/stego_core_combined/High-Detail_2_L__docx_large__lsb3.png,High-Detail_2_L.png,High-Detail,2,L,png,P01.docx,docx,large,3,DOCX,DOCX,1
core,High-Detail_2_L__docx_medium__lsb1.png,/home/kali/Desktop/stego_dataset_expanded/stego_core_combined/High-Detail_2_L__docx_medium__lsb1.png,High-Detail_2_L.png,High-Detail,2,L,png,P01.docx,docx,medium,1,DOCX,DOCX,1
core,High-Detail_2_L__docx_medium__lsb2.png,/home/kali/Desktop/stego_dataset_expanded/stego_core_combined/High-Detail_2_L__docx_medium__lsb2.png,High-Detail_2_L.png,High-Detail,2,L,png,P01.docx,docx,medium,2,DOCX,DOCX,1
core,High-Detail_2_L__docx_medium__lsb3.png,/home/kali/Desktop/stego_dataset_expanded/stego_core_combined/High-Detail_2_L__docx_medium__lsb3.png,High-Detail_2_L.png,High-Detail,2,L,png,P01.docx,docx,medium,3,DOCX,DOCX,1
core,High-Detail_2_L__docx_small__lsb1.png,/home/kali/Desktop/stego_dataset_expanded/stego_core_combined/High-Detail_2_L__docx_small__lsb1.png,High-Detail_2_L.png,High-Detail,2,L,png,P01.docx,docx,small,1,DOCX,DOCX,1
core,High-Detail_2_L__docx_small__lsb2.png,/home/kali/Desktop/stego_dataset_expanded/stego_core_combined/High-Detail_2_L__docx_small__lsb2.png,High-Detail_2_L.png,High-Detail,2,L,png,P01.docx,docx,small,2,DOCX,DOCX,1
core,High-Detail_2_L__docx_small__lsb3.png,/home/kali/Desktop/stego_dataset_expanded/stego_core_combined/High-Detail_2_L__docx_small__lsb3.png,High-Detail_2_L.png,High-Detail,2,L,png,P01.docx,docx,small,3,DOCX,DOCX,1
core,High-Detail_2_L__exe_large__lsb2.png,/home/kali/Desktop/stego_dataset_expanded/stego_core_combined/High-Detail_2_L__exe_large__lsb2.png,High-Detail_2_L.png,High-Detail,2,L,png,P06.exe,exe,large,2,EXE,EXE,1
core,High-Detail_2_L__exe_large__lsb3.png,/home/kali/Desktop/stego_dataset_expanded/stego_core_combined/High-Detail_2_L__exe_large__lsb3.png,High-Detail_2_L.png,High-Detail,2,L,png,P06.exe,exe,large,3,EXE,EXE,1
core,High-Detail_2_L__exe_medium__lsb1.png,/home/kali/Desktop/stego_dataset_expanded/stego_core_combined/High-Detail_2_L__exe_medium__lsb1.png,High-Detail_2_L.png,High-Detail,2,L,png,P06.exe,exe,medium,1,EXE,EXE,1
core,High-Detail_2_L__exe_medium__lsb2.png,/home/kali/Desktop/stego_dataset_expanded/stego_core_combined/High-Detail_2_L__exe_medium__lsb2.png,High-Detail_2_L.png,High-Detail,2,L,png,P06.exe,exe,medium,2,EXE,EXE,1
core,High-Detail_2_L__exe_medium__lsb3.png,/home/kali/Desktop/stego_dataset_expanded/stego_core_combined/High-Detail_2_L__exe_medium__lsb3.png,High-Detail_2_L.png,High-Detail,2,L,png,P06.exe,exe,medium,3,EXE,EXE,1
core,High-Detail_2_L__exe_small__lsb1.png,/home/kali/Desktop/stego_dataset_expanded/stego_core_combined/High-Detail_2_L__exe_small__lsb1.png,High-Detail_2_L.png,High-Detail,2,L,png,P06.exe,exe,small,1,EXE,EXE,1
core,High-Detail_2_L__exe_small__lsb2.png,/home/kali/Desktop/stego_dataset_expanded/stego_core_combined/High-Detail_2_L__exe_small__lsb2.png,High-Detail_2_L.png,High-Detail,2,L,png,P06.exe,exe,small,2,EXE,EXE,1
core,High-Detail_2_L__exe_small__lsb3.png,/home/kali/Desktop/stego_dataset_expanded/stego_core_combined/High-Detail_2_L__exe_small__lsb3.png,High-Detail_2_L.png,High-Detail,2,L,png,P06.exe,exe,small,3,EXE,EXE,1
core,High-Detail_2_L__pdf_large__lsb2.png,/home/kali/Desktop/stego_dataset_expanded/stego_core_combined/High-Detail_2_L__pdf_large__lsb2.png,High-Detail_2_L.png,High-Detail,2,L,png,P02.pdf,pdf,large,2,PDF,PDF,1
core,High-Detail_2_L__pdf_large__lsb3.png,/home/kali/Desktop/stego_dataset_expanded/stego_core_combined/High-Detail_2_L__pdf_large__lsb3.png,High-Detail_2_L.png,High-Detail,2,L,png,P02.pdf,pdf,large,3,PDF,PDF,1
core,High-Detail_2_L__pdf_medium__lsb1.png,/home/kali/Desktop/stego_dataset_expanded/stego_core_combined/High-Detail_2_L__pdf_medium__lsb1.png,High-Detail_2_L.png,High-Detail,2,L,png,P02.pdf,pdf,medium,1,PDF,PDF,1
core,High-Detail_2_L__pdf_medium__lsb2.png,/home/kali/Desktop/stego_dataset_expanded/stego_core_combined/High-Detail_2_L__pdf_medium__lsb2.png,High-Detail_2_L.png,High-Detail,2,L,png,P02.pdf,pdf,medium,2,PDF,PDF,1
core,High-Detail_2_L__pdf_medium__lsb3.png,/home/kali/Desktop/stego_dataset_expanded/stego_core_combined/High-Detail_2_L__pdf_medium__lsb3.png,High-Detail_2_L.png,High-Detail,2,L,png,P02.pdf,pdf,medium,3,PDF,PDF,1
core,High-Detail_2_L__pdf_small__lsb1.png,/home/kali/Desktop/stego_dataset_expanded/stego_core_combined/High-Detail_2_L__pdf_small__lsb1.png,High-Detail_2_L.png,High-Detail,2,L,png,P02.pdf,pdf,small,1,PDF,PDF,1
core,High-Detail_2_L__pdf_small__lsb2.png,/home/kali/Desktop/stego_dataset_expanded/stego_core_combined/High-Detail_2_L__pdf_small__lsb2.png,High-Detail_2_L.png,High-Detail,2,L,png,P02.pdf,pdf,small,2,PDF,PDF,1
core,High-Detail_2_L__pdf_small__lsb3.png,/home/kali/Desktop/stego_dataset_expanded/stego_core_combined/High-Detail_2_L__pdf_small__lsb3.png,High-Detail_2_L.png,High-Detail,2,L,png,P02.pdf,pdf,small,3,PDF,PDF,1
core,High-Detail_2_L__pptx_large__lsb2.png,/home/kali/Desktop/stego_dataset_expanded/stego_core_combined/High-Detail_2_L__pptx_large__lsb2.png,High-Detail_2_L.png,High-Detail,2,L,png,P04.pptx,pptx,large,2,PPTX,PPTX,1
core,High-Detail_2_L__pptx_large__lsb3.png,/home/kali/Desktop/stego_dataset_expanded/stego_core_combined/High-Detail_2_L__pptx_large__lsb3.png,High-Detail_2_L.png,High-Detail,2,L,png,P04.pptx,pptx,large,3,PPTX,PPTX,1
core,High-Detail_2_L__pptx_medium__lsb1.png,/home/kali/Desktop/stego_dataset_expanded/stego_core_combined/High-Detail_2_L__pptx_medium__lsb1.png,High-Detail_2_L.png,High-Detail,2,L,png,P04.pptx,pptx,medium,1,PPTX,PPTX,1
core,High-Detail_2_L__pptx_medium__lsb2.png,/home/kali/Desktop/stego_dataset_expanded/stego_core_combined/High-Detail_2_L__pptx_medium__lsb2.png,High-Detail_2_L.png,High-Detail,2,L,png,P04.pptx,pptx,medium,2,PPTX,PPTX,1
core,High-Detail_2_L__pptx_medium__lsb3.png,/home/kali/Desktop/stego_dataset_expanded/stego_core_combined/High-Detail_2_L__pptx_medium__lsb3.png,High-Detail_2_L.png,High-Detail,2,L,png,P04.pptx,pptx,medium,3,PPTX,PPTX,1
core,High-Detail_2_L__pptx_small__lsb1.png,/home/kali/Desktop/stego_dataset_expanded/stego_core_combined/High-Detail_2_L__pptx_small__lsb1.png,High-Detail_2_L.png,High-Detail,2,L,png,P04.pptx,pptx,small,1,PPTX,PPTX,1
core,High-Detail_2_L__pptx_small__lsb2.png,/home/kali/Desktop/stego_dataset_expanded/stego_core_combined/High-Detail_2_L__pptx_small__lsb2.png,High-Detail_2_L.png,High-Detail,2,L,png,P04.pptx,pptx,small,2,PPTX,PPTX,1
core,High-Detail_2_L__pptx_small__lsb3.png,/home/kali/Desktop/stego_dataset_expanded/stego_core_combined/High-Detail_2_L__pptx_small__lsb3.png,High-Detail_2_L.png,High-Detail,2,L,png,P04.pptx,pptx,small,3,PPTX,PPTX,1
core,High-Detail_2_L__rtf_large__lsb2.png,/home/kali/Desktop/stego_dataset_expanded/stego_core_combined/High-Detail_2_L__rtf_large__lsb2.png,High-Detail_2_L.png,High-Detail,2,L,png,P05.rtf,rtf,large,2,RTF,RTF,1
core,High-Detail_2_L__rtf_large__lsb3.png,/home/kali/Desktop/stego_dataset_expanded/stego_core_combined/High-Detail_2_L__rtf_large__lsb3.png,High-Detail_2_L.png,High-Detail,2,L,png,P05.rtf,rtf,large,3,RTF,RTF,1
core,High-Detail_2_L__rtf_medium__lsb1.png,/home/kali/Desktop/stego_dataset_expanded/stego_core_combined/High-Detail_2_L__rtf_medium__lsb1.png,High-Detail_2_L.png,High-Detail,2,L,png,P05.rtf,rtf,medium,1,RTF,RTF,1
core,High-Detail_2_L__rtf_medium__lsb2.png,/home/kali/Desktop/stego_dataset_expanded/stego_core_combined/High-Detail_2_L__rtf_medium__lsb2.png,High-Detail_2_L.png,High-Detail,2,L,png,P05.rtf,rtf,medium,2,RTF,RTF,1
core,High-Detail_2_L__rtf_medium__lsb3.png,/home/kali/Desktop/stego_dataset_expanded/stego_core_combined/High-Detail_2_L__rtf_medium__lsb3.png,High-Detail_2_L.png,High-Detail,2,L,png,P05.rtf,rtf,medium,3,RTF,RTF,1
core,High-Detail_2_L__rtf_small__lsb1.png,/home/kali/Desktop/stego_dataset_expanded/stego_core_combined/High-Detail_2_L__rtf_small__lsb1.png,High-Detail_2_L.png,High-Detail,2,L,png,P05.rtf,rtf,small,1,RTF,RTF,1
core,High-Detail_2_L__rtf_small__lsb2.png,/home/kali/Desktop/stego_dataset_expanded/stego_core_combined/High-Detail_2_L__rtf_small__lsb2.png,High-Detail_2_L.png,High-Detail,2,L,png,P05.rtf,rtf,small,2,RTF,RTF,1
core,High-Detail_2_L__rtf_small__lsb3.png,/home/kali/Desktop/stego_dataset_expanded/stego_core_combined/High-Detail_2_L__rtf_small__lsb3.png,High-Detail_2_L.png,High-Detail,2,L,png,P05.rtf,rtf,small,3,RTF,RTF,1
core,High-Detail_2_L__xlsx_large__lsb2.png,/home/kali/Desktop/stego_dataset_expanded/stego_core_combined/High-Detail_2_L__xlsx_large__lsb2.png,High-Detail_2_L.png,High-Detail,2,L,png,P03.xlsx,xlsx,large,2,XLSX,XLSX,1
core,High-Detail_2_L__xlsx_large__lsb3.png,/home/kali/Desktop/stego_dataset_expanded/stego_core_combined/High-Detail_2_L__xlsx_large__lsb3.png,High-Detail_2_L.png,High-Detail,2,L,png,P03.xlsx,xlsx,large,3,XLSX,XLSX,1
core,High-Detail_2_L__xlsx_medium__lsb1.png,/home/kali/Desktop/stego_dataset_expanded/stego_core_combined/High-Detail_2_L__xlsx_medium__lsb1.png,High-Detail_2_L.png,High-Detail,2,L,png,P03.xlsx,xlsx,medium,1,XLSX,XLSX,1
core,High-Detail_2_L__xlsx_medium__lsb2.png,/home/kali/Desktop/stego_dataset_expanded/stego_core_combined/High-Detail_2_L__xlsx_medium__lsb2.png,High-Detail_2_L.png,High-Detail,2,L,png,P03.xlsx,xlsx,medium,2,XLSX,XLSX,1
core,High-Detail_2_L__xlsx_medium__lsb3.png,/home/kali/Desktop/stego_dataset_expanded/stego_core_combined/High-Detail_2_L__xlsx_medium__lsb3.png,High-Detail_2_L.png,High-Detail,2,L,png,P03.xlsx,xlsx,medium,3,XLSX,XLSX,1
core,High-Detail_2_L__xlsx_small__lsb1.png,/home/kali/Desktop/stego_dataset_expanded/stego_core_combined/High-Detail_2_L__xlsx_small__lsb1.png,High-Detail_2_L.png,High-Detail,2,L,png,P03.xlsx,xlsx,small,1,XLSX,XLSX,1
core,High-Detail_2_L__xlsx_small__lsb2.png,/home/kali/Desktop/stego_dataset_expanded/stego_core_combined/High-Detail_2_L__xlsx_small__lsb2.png,High-Detail_2_L.png,High-Detail,2,L,png,P03.xlsx,xlsx,small,2,XLSX,XLSX,1
core,High-Detail_2_L__xlsx_small__lsb3.png,/home/kali/Desktop/stego_dataset_expanded/stego_core_combined/High-Detail_2_L__xlsx_small__lsb3.png,High-Detail_2_L.png,High-Detail,2,L,png,P03.xlsx,xlsx,small,3,XLSX,XLSX,1
core,Low-Detail_1_M__docx_large__lsb3.bmp,/home/kali/Desktop/stego_dataset_expanded/stego_core_combined/Low-Detail_1_M__docx_large__lsb3.bmp,Low-Detail_1_M.bmp,Low-Detail,1,M,bmp,P01.docx,docx,large,3,DOCX,DOCX,1
core,Low-Detail_1_M__docx_medium__lsb2.bmp,/home/kali/Desktop/stego_dataset_expanded/stego_core_combined/Low-Detail_1_M__docx_medium__lsb2.bmp,Low-Detail_1_M.bmp,Low-Detail,1,M,bmp,P01.docx,docx,medium,2,DOCX,DOCX,1
core,Low-Detail_1_M__docx_medium__lsb3.bmp,/home/kali/Desktop/stego_dataset_expanded/stego_core_combined/Low-Detail_1_M__docx_medium__lsb3.bmp,Low-Detail_1_M.bmp,Low-Detail,1,M,bmp,P01.docx,docx,medium,3,DOCX,DOCX,1
core,Low-Detail_1_M__docx_small__lsb1.bmp,/home/kali/Desktop/stego_dataset_expanded/stego_core_combined/Low-Detail_1_M__docx_small__lsb1.bmp,Low-Detail_1_M.bmp,Low-Detail,1,M,bmp,P01.docx,docx,small,1,DOCX,DOCX,1
core,Low-Detail_1_M__docx_small__lsb2.bmp,/home/kali/Desktop/stego_dataset_expanded/stego_core_combined/Low-Detail_1_M__docx_small__lsb2.bmp,Low-Detail_1_M.bmp,Low-Detail,1,M,bmp,P01.docx,docx,small,2,DOCX,DOCX,1
core,Low-Detail_1_M__docx_small__lsb3.bmp,/home/kali/Desktop/stego_dataset_expanded/stego_core_combined/Low-Detail_1_M__docx_small__lsb3.bmp,Low-Detail_1_M.bmp,Low-Detail,1,M,bmp,P01.docx,docx,small,3,DOCX,DOCX,1
core,Low-Detail_1_M__exe_large__lsb3.bmp,/home/kali/Desktop/stego_dataset_expanded/stego_core_combined/Low-Detail_1_M__exe_large__lsb3.bmp,Low-Detail_1_M.bmp,Low-Detail,1,M,bmp,P06.exe,exe,large,3,EXE,EXE,1
core,Low-Detail_1_M__exe_medium__lsb2.bmp,/home/kali/Desktop/stego_dataset_expanded/stego_core_combined/Low-Detail_1_M__exe_medium__lsb2.bmp,Low-Detail_1_M.bmp,Low-Detail,1,M,bmp,P06.exe,exe,medium,2,EXE,EXE,1
core,Low-Detail_1_M__exe_medium__lsb3.bmp,/home/kali/Desktop/stego_dataset_expanded/stego_core_combined/Low-Detail_1_M__exe_medium__lsb3.bmp,Low-Detail_1_M.bmp,Low-Detail,1,M,bmp,P06.exe,exe,medium,3,EXE,EXE,1
core,Low-Detail_1_M__exe_small__lsb1.bmp,/home/kali/Desktop/stego_dataset_expanded/stego_core_combined/Low-Detail_1_M__exe_small__lsb1.bmp,Low-Detail_1_M.bmp,Low-Detail,1,M,bmp,P06.exe,exe,small,1,EXE,EXE,1
core,Low-Detail_1_M__exe_small__lsb2.bmp,/home/kali/Desktop/stego_dataset_expanded/stego_core_combined/Low-Detail_1_M__exe_small__lsb2.bmp,Low-Detail_1_M.bmp,Low-Detail,1,M,bmp,P06.exe,exe,small,2,EXE,EXE,1
core,Low-Detail_1_M__exe_small__lsb3.bmp,/home/kali/Desktop/stego_dataset_expanded/stego_core_combined/Low-Detail_1_M__exe_small__lsb3.bmp,Low-Detail_1_M.bmp,Low-Detail,1,M,bmp,P06.exe,exe,small,3,EXE,EXE,1
core,Low-Detail_1_M__pdf_large__lsb3.bmp,/home/kali/Desktop/stego_dataset_expanded/stego_core_combined/Low-Detail_1_M__pdf_large__lsb3.bmp,Low-Detail_1_M.bmp,Low-Detail,1,M,bmp,P02.pdf,pdf,large,3,PDF,PDF,1
core,Low-Detail_1_M__pdf_medium__lsb2.bmp,/home/kali/Desktop/stego_dataset_expanded/stego_core_combined/Low-Detail_1_M__pdf_medium__lsb2.bmp,Low-Detail_1_M.bmp,Low-Detail,1,M,bmp,P02.pdf,pdf,medium,2,PDF,PDF,1
core,Low-Detail_1_M__pdf_medium__lsb3.bmp,/home/kali/Desktop/stego_dataset_expanded/stego_core_combined/Low-Detail_1_M__pdf_medium__lsb3.bmp,Low-Detail_1_M.bmp,Low-Detail,1,M,bmp,P02.pdf,pdf,medium,3,PDF,PDF,1
core,Low-Detail_1_M__pdf_small__lsb1.bmp,/home/kali/Desktop/stego_dataset_expanded/stego_core_combined/Low-Detail_1_M__pdf_small__lsb1.bmp,Low-Detail_1_M.bmp,Low-Detail,1,M,bmp,P02.pdf,pdf,small,1,PDF,PDF,1
core,Low-Detail_1_M__pdf_small__lsb2.bmp,/home/kali/Desktop/stego_dataset_expanded/stego_core_combined/Low-Detail_1_M__pdf_small__lsb2.bmp,Low-Detail_1_M.bmp,Low-Detail,1,M,bmp,P02.pdf,pdf,small,2,PDF,PDF,1
core,Low-Detail_1_M__pdf_small__lsb3.bmp,/home/kali/Desktop/stego_dataset_expanded/stego_core_combined/Low-Detail_1_M__pdf_small__lsb3.bmp,Low-Detail_1_M.bmp,Low-Detail,1,M,bmp,P02.pdf,pdf,small,3,PDF,PDF,1
core,Low-Detail_1_M__pptx_large__lsb3.bmp,/home/kali/Desktop/stego_dataset_expanded/stego_core_combined/Low-Detail_1_M__pptx_large__lsb3.bmp,Low-Detail_1_M.bmp,Low-Detail,1,M,bmp,P04.pptx,pptx,large,3,PPTX,PPTX,1
core,Low-Detail_1_M__pptx_medium__lsb2.bmp,/home/kali/Desktop/stego_dataset_expanded/stego_core_combined/Low-Detail_1_M__pptx_medium__lsb2.bmp,Low-Detail_1_M.bmp,Low-Detail,1,M,bmp,P04.pptx,pptx,medium,2,PPTX,PPTX,1
core,Low-Detail_1_M__pptx_medium__lsb3.bmp,/home/kali/Desktop/stego_dataset_expanded/stego_core_combined/Low-Detail_1_M__pptx_medium__lsb3.bmp,Low-Detail_1_M.bmp,Low-Detail,1,M,bmp,P04.pptx,pptx,medium,3,PPTX,PPTX,1
core,Low-Detail_1_M__pptx_small__lsb1.bmp,/home/kali/Desktop/stego_dataset_expanded/stego_core_combined/Low-Detail_1_M__pptx_small__lsb1.bmp,Low-Detail_1_M.bmp,Low-Detail,1,M,bmp,P04.pptx,pptx,small,1,PPTX,PPTX,1
core,Low-Detail_1_M__pptx_small__lsb2.bmp,/home/kali/Desktop/stego_dataset_expanded/stego_core_combined/Low-Detail_1_M__pptx_small__lsb2.bmp,Low-Detail_1_M.bmp,Low-Detail,1,M,bmp,P04.pptx,pptx,small,2,PPTX,PPTX,1
core,Low-Detail_1_M__pptx_small__lsb3.bmp,/home/kali/Desktop/stego_dataset_expanded/stego_core_combined/Low-Detail_1_M__pptx_small__lsb3.bmp,Low-Detail_1_M.bmp,Low-Detail,1,M,bmp,P04.pptx,pptx,small,3,PPTX,PPTX,1
core,Low-Detail_1_M__rtf_large__lsb3.bmp,/home/kali/Desktop/stego_dataset_expanded/stego_core_combined/Low-Detail_1_M__rtf_large__lsb3.bmp,Low-Detail_1_M.bmp,Low-Detail,1,M,bmp,P05.rtf,rtf,large,3,RTF,RTF,1
core,Low-Detail_1_M__rtf_medium__lsb2.bmp,/home/kali/Desktop/stego_dataset_expanded/stego_core_combined/Low-Detail_1_M__rtf_medium__lsb2.bmp,Low-Detail_1_M.bmp,Low-Detail,1,M,bmp,P05.rtf,rtf,medium,2,RTF,RTF,1
core,Low-Detail_1_M__rtf_medium__lsb3.bmp,/home/kali/Desktop/stego_dataset_expanded/stego_core_combined/Low-Detail_1_M__rtf_medium__lsb3.bmp,Low-Detail_1_M.bmp,Low-Detail,1,M,bmp,P05.rtf,rtf,medium,3,RTF,RTF,1
core,Low-Detail_1_M__rtf_small__lsb1.bmp,/home/kali/Desktop/stego_dataset_expanded/stego_core_combined/Low-Detail_1_M__rtf_small__lsb1.bmp,Low-Detail_1_M.bmp,Low-Detail,1,M,bmp,P05.rtf,rtf,small,1,RTF,RTF,1
core,Low-Detail_1_M__rtf_small__lsb2.bmp,/home/kali/Desktop/stego_dataset_expanded/stego_core_combined/Low-Detail_1_M__rtf_small__lsb2.bmp,Low-Detail_1_M.bmp,Low-Detail,1,M,bmp,P05.rtf,rtf,small,2,RTF,RTF,1
core,Low-Detail_1_M__rtf_small__lsb3.bmp,/home/kali/Desktop/stego_dataset_expanded/stego_core_combined/Low-Detail_1_M__rtf_small__lsb3.bmp,Low-Detail_1_M.bmp,Low-Detail,1,M,bmp,P05.rtf,rtf,small,3,RTF,RTF,1
core,Low-Detail_1_M__xlsx_large__lsb3.bmp,/home/kali/Desktop/stego_dataset_expanded/stego_core_combined/Low-Detail_1_M__xlsx_large__lsb3.bmp,Low-Detail_1_M.bmp,Low-Detail,1,M,bmp,P03.xlsx,xlsx,large,3,XLSX,XLSX,1
core,Low-Detail_1_M__xlsx_medium__lsb2.bmp,/home/kali/Desktop/stego_dataset_expanded/stego_core_combined/Low-Detail_1_M__xlsx_medium__lsb2.bmp,Low-Detail_1_M.bmp,Low-Detail,1,M,bmp,P03.xlsx,xlsx,medium,2,XLSX,XLSX,1
core,Low-Detail_1_M__xlsx_medium__lsb3.bmp,/home/kali/Desktop/stego_dataset_expanded/stego_core_combined/Low-Detail_1_M__xlsx_medium__lsb3.bmp,Low-Detail_1_M.bmp,Low-Detail,1,M,bmp,P03.xlsx,xlsx,medium,3,XLSX,XLSX,1
core,Low-Detail_1_M__xlsx_small__lsb1.bmp,/home/kali/Desktop/stego_dataset_expanded/stego_core_combined/Low-Detail_1_M__xlsx_small__lsb1.bmp,Low-Detail_1_M.bmp,Low-Detail,1,M,bmp,P03.xlsx,xlsx,small,1,XLSX,XLSX,1
core,Low-Detail_1_M__xlsx_small__lsb2.bmp,/home/kali/Desktop/stego_dataset_expanded/stego_core_combined/Low-Detail_1_M__xlsx_small__lsb2.bmp,Low-Detail_1_M.bmp,Low-Detail,1,M,bmp,P03.xlsx,xlsx,small,2,XLSX,XLSX,1
core,Low-Detail_1_M__xlsx_small__lsb3.bmp,/home/kali/Desktop/stego_dataset_expanded/stego_core_combined/Low-Detail_1_M__xlsx_small__lsb3.bmp,Low-Detail_1_M.bmp,Low-Detail,1,M,bmp,P03.xlsx,xlsx,small,3,XLSX,XLSX,1
core,Low-Detail_2_L__docx_large__lsb2.bmp,/home/kali/Desktop/stego_dataset_expanded/stego_core_combined/Low-Detail_2_L__docx_large__lsb2.bmp,Low-Detail_2_L.bmp,Low-Detail,2,L,bmp,P01.docx,docx,large,2,DOCX,DOCX,1
core,Low-Detail_2_L__docx_large__lsb3.bmp,/home/kali/Desktop/stego_dataset_expanded/stego_core_combined/Low-Detail_2_L__docx_large__lsb3.bmp,Low-Detail_2_L.bmp,Low-Detail,2,L,bmp,P01.docx,docx,large,3,DOCX,DOCX,1
core,Low-Detail_2_L__docx_medium__lsb1.bmp,/home/kali/Desktop/stego_dataset_expanded/stego_core_combined/Low-Detail_2_L__docx_medium__lsb1.bmp,Low-Detail_2_L.bmp,Low-Detail,2,L,bmp,P01.docx,docx,medium,1,DOCX,DOCX,1
core,Low-Detail_2_L__docx_medium__lsb2.bmp,/home/kali/Desktop/stego_dataset_expanded/stego_core_combined/Low-Detail_2_L__docx_medium__lsb2.bmp,Low-Detail_2_L.bmp,Low-Detail,2,L,bmp,P01.docx,docx,medium,2,DOCX,DOCX,1
core,Low-Detail_2_L__docx_medium__lsb3.bmp,/home/kali/Desktop/stego_dataset_expanded/stego_core_combined/Low-Detail_2_L__docx_medium__lsb3.bmp,Low-Detail_2_L.bmp,Low-Detail,2,L,bmp,P01.docx,docx,medium,3,DOCX,DOCX,1
core,Low-Detail_2_L__docx_small__lsb1.bmp,/home/kali/Desktop/stego_dataset_expanded/stego_core_combined/Low-Detail_2_L__docx_small__lsb1.bmp,Low-Detail_2_L.bmp,Low-Detail,2,L,bmp,P01.docx,docx,small,1,DOCX,DOCX,1
core,Low-Detail_2_L__docx_small__lsb2.bmp,/home/kali/Desktop/stego_dataset_expanded/stego_core_combined/Low-Detail_2_L__docx_small__lsb2.bmp,Low-Detail_2_L.bmp,Low-Detail,2,L,bmp,P01.docx,docx,small,2,DOCX,DOCX,1
core,Low-Detail_2_L__docx_small__lsb3.bmp,/home/kali/Desktop/stego_dataset_expanded/stego_core_combined/Low-Detail_2_L__docx_small__lsb3.bmp,Low-Detail_2_L.bmp,Low-Detail,2,L,bmp,P01.docx,docx,small,3,DOCX,DOCX,1
core,Low-Detail_2_L__exe_large__lsb2.bmp,/home/kali/Desktop/stego_dataset_expanded/stego_core_combined/Low-Detail_2_L__exe_large__lsb2.bmp,Low-Detail_2_L.bmp,Low-Detail,2,L,bmp,P06.exe,exe,large,2,EXE,EXE,1
core,Low-Detail_2_L__exe_large__lsb3.bmp,/home/kali/Desktop/stego_dataset_expanded/stego_core_combined/Low-Detail_2_L__exe_large__lsb3.bmp,Low-Detail_2_L.bmp,Low-Detail,2,L,bmp,P06.exe,exe,large,3,EXE,EXE,1
core,Low-Detail_2_L__exe_medium__lsb1.bmp,/home/kali/Desktop/stego_dataset_expanded/stego_core_combined/Low-Detail_2_L__exe_medium__lsb1.bmp,Low-Detail_2_L.bmp,Low-Detail,2,L,bmp,P06.exe,exe,medium,1,EXE,EXE,1
core,Low-Detail_2_L__exe_medium__lsb2.bmp,/home/kali/Desktop/stego_dataset_expanded/stego_core_combined/Low-Detail_2_L__exe_medium__lsb2.bmp,Low-Detail_2_L.bmp,Low-Detail,2,L,bmp,P06.exe,exe,medium,2,EXE,EXE,1
core,Low-Detail_2_L__exe_medium__lsb3.bmp,/home/kali/Desktop/stego_dataset_expanded/stego_core_combined/Low-Detail_2_L__exe_medium__lsb3.bmp,Low-Detail_2_L.bmp,Low-Detail,2,L,bmp,P06.exe,exe,medium,3,EXE,EXE,1
core,Low-Detail_2_L__exe_small__lsb1.bmp,/home/kali/Desktop/stego_dataset_expanded/stego_core_combined/Low-Detail_2_L__exe_small__lsb1.bmp,Low-Detail_2_L.bmp,Low-Detail,2,L,bmp,P06.exe,exe,small,1,EXE,EXE,1
core,Low-Detail_2_L__exe_small__lsb2.bmp,/home/kali/Desktop/stego_dataset_expanded/stego_core_combined/Low-Detail_2_L__exe_small__lsb2.bmp,Low-Detail_2_L.bmp,Low-Detail,2,L,bmp,P06.exe,exe,small,2,EXE,EXE,1
core,Low-Detail_2_L__exe_small__lsb3.bmp,/home/kali/Desktop/stego_dataset_expanded/stego_core_combined/Low-Detail_2_L__exe_small__lsb3.bmp,Low-Detail_2_L.bmp,Low-Detail,2,L,bmp,P06.exe,exe,small,3,EXE,EXE,1
core,Low-Detail_2_L__pdf_large__lsb2.bmp,/home/kali/Desktop/stego_dataset_expanded/stego_core_combined/Low-Detail_2_L__pdf_large__lsb2.bmp,Low-Detail_2_L.bmp,Low-Detail,2,L,bmp,P02.pdf,pdf,large,2,PDF,PDF,1
core,Low-Detail_2_L__pdf_large__lsb3.bmp,/home/kali/Desktop/stego_dataset_expanded/stego_core_combined/Low-Detail_2_L__pdf_large__lsb3.bmp,Low-Detail_2_L.bmp,Low-Detail,2,L,bmp,P02.pdf,pdf,large,3,PDF,PDF,1
core,Low-Detail_2_L__pdf_medium__lsb1.bmp,/home/kali/Desktop/stego_dataset_expanded/stego_core_combined/Low-Detail_2_L__pdf_medium__lsb1.bmp,Low-Detail_2_L.bmp,Low-Detail,2,L,bmp,P02.pdf,pdf,medium,1,PDF,PDF,1
core,Low-Detail_2_L__pdf_medium__lsb2.bmp,/home/kali/Desktop/stego_dataset_expanded/stego_core_combined/Low-Detail_2_L__pdf_medium__lsb2.bmp,Low-Detail_2_L.bmp,Low-Detail,2,L,bmp,P02.pdf,pdf,medium,2,PDF,PDF,1
core,Low-Detail_2_L__pdf_medium__lsb3.bmp,/home/kali/Desktop/stego_dataset_expanded/stego_core_combined/Low-Detail_2_L__pdf_medium__lsb3.bmp,Low-Detail_2_L.bmp,Low-Detail,2,L,bmp,P02.pdf,pdf,medium,3,PDF,PDF,1
core,Low-Detail_2_L__pdf_small__lsb1.bmp,/home/kali/Desktop/stego_dataset_expanded/stego_core_combined/Low-Detail_2_L__pdf_small__lsb1.bmp,Low-Detail_2_L.bmp,Low-Detail,2,L,bmp,P02.pdf,pdf,small,1,PDF,PDF,1
core,Low-Detail_2_L__pdf_small__lsb2.bmp,/home/kali/Desktop/stego_dataset_expanded/stego_core_combined/Low-Detail_2_L__pdf_small__lsb2.bmp,Low-Detail_2_L.bmp,Low-Detail,2,L,bmp,P02.pdf,pdf,small,2,PDF,PDF,1
core,Low-Detail_2_L__pdf_small__lsb3.bmp,/home/kali/Desktop/stego_dataset_expanded/stego_core_combined/Low-Detail_2_L__pdf_small__lsb3.bmp,Low-Detail_2_L.bmp,Low-Detail,2,L,bmp,P02.pdf,pdf,small,3,PDF,PDF,1
core,Low-Detail_2_L__pptx_large__lsb2.bmp,/home/kali/Desktop/stego_dataset_expanded/stego_core_combined/Low-Detail_2_L__pptx_large__lsb2.bmp,Low-Detail_2_L.bmp,Low-Detail,2,L,bmp,P04.pptx,pptx,large,2,PPTX,PPTX,1
core,Low-Detail_2_L__pptx_large__lsb3.bmp,/home/kali/Desktop/stego_dataset_expanded/stego_core_combined/Low-Detail_2_L__pptx_large__lsb3.bmp,Low-Detail_2_L.bmp,Low-Detail,2,L,bmp,P04.pptx,pptx,large,3,PPTX,PPTX,1
core,Low-Detail_2_L__pptx_medium__lsb1.bmp,/home/kali/Desktop/stego_dataset_expanded/stego_core_combined/Low-Detail_2_L__pptx_medium__lsb1.bmp,Low-Detail_2_L.bmp,Low-Detail,2,L,bmp,P04.pptx,pptx,medium,1,PPTX,PPTX,1
core,Low-Detail_2_L__pptx_medium__lsb2.bmp,/home/kali/Desktop/stego_dataset_expanded/stego_core_combined/Low-Detail_2_L__pptx_medium__lsb2.bmp,Low-Detail_2_L.bmp,Low-Detail,2,L,bmp,P04.pptx,pptx,medium,2,PPTX,PPTX,1
core,Low-Detail_2_L__pptx_medium__lsb3.bmp,/home/kali/Desktop/stego_dataset_expanded/stego_core_combined/Low-Detail_2_L__pptx_medium__lsb3.bmp,Low-Detail_2_L.bmp,Low-Detail,2,L,bmp,P04.pptx,pptx,medium,3,PPTX,PPTX,1
core,Low-Detail_2_L__pptx_small__lsb1.bmp,/home/kali/Desktop/stego_dataset_expanded/stego_core_combined/Low-Detail_2_L__pptx_small__lsb1.bmp,Low-Detail_2_L.bmp,Low-Detail,2,L,bmp,P04.pptx,pptx,small,1,PPTX,PPTX,1
core,Low-Detail_2_L__pptx_small__lsb2.bmp,/home/kali/Desktop/stego_dataset_expanded/stego_core_combined/Low-Detail_2_L__pptx_small__lsb2.bmp,Low-Detail_2_L.bmp,Low-Detail,2,L,bmp,P04.pptx,pptx,small,2,PPTX,PPTX,1
core,Low-Detail_2_L__pptx_small__lsb3.bmp,/home/kali/Desktop/stego_dataset_expanded/stego_core_combined/Low-Detail_2_L__pptx_small__lsb3.bmp,Low-Detail_2_L.bmp,Low-Detail,2,L,bmp,P04.pptx,pptx,small,3,PPTX,PPTX,1
core,Low-Detail_2_L__rtf_large__lsb2.bmp,/home/kali/Desktop/stego_dataset_expanded/stego_core_combined/Low-Detail_2_L__rtf_large__lsb2.bmp,Low-Detail_2_L.bmp,Low-Detail,2,L,bmp,P05.rtf,rtf,large,2,RTF,RTF,1
core,Low-Detail_2_L__rtf_large__lsb3.bmp,/home/kali/Desktop/stego_dataset_expanded/stego_core_combined/Low-Detail_2_L__rtf_large__lsb3.bmp,Low-Detail_2_L.bmp,Low-Detail,2,L,bmp,P05.rtf,rtf,large,3,RTF,RTF,1
core,Low-Detail_2_L__rtf_medium__lsb1.bmp,/home/kali/Desktop/stego_dataset_expanded/stego_core_combined/Low-Detail_2_L__rtf_medium__lsb1.bmp,Low-Detail_2_L.bmp,Low-Detail,2,L,bmp,P05.rtf,rtf,medium,1,RTF,RTF,1
core,Low-Detail_2_L__rtf_medium__lsb2.bmp,/home/kali/Desktop/stego_dataset_expanded/stego_core_combined/Low-Detail_2_L__rtf_medium__lsb2.bmp,Low-Detail_2_L.bmp,Low-Detail,2,L,bmp,P05.rtf,rtf,medium,2,RTF,RTF,1
core,Low-Detail_2_L__rtf_medium__lsb3.bmp,/home/kali/Desktop/stego_dataset_expanded/stego_core_combined/Low-Detail_2_L__rtf_medium__lsb3.bmp,Low-Detail_2_L.bmp,Low-Detail,2,L,bmp,P05.rtf,rtf,medium,3,RTF,RTF,1
core,Low-Detail_2_L__rtf_small__lsb1.bmp,/home/kali/Desktop/stego_dataset_expanded/stego_core_combined/Low-Detail_2_L__rtf_small__lsb1.bmp,Low-Detail_2_L.bmp,Low-Detail,2,L,bmp,P05.rtf,rtf,small,1,RTF,RTF,1
core,Low-Detail_2_L__rtf_small__lsb2.bmp,/home/kali/Desktop/stego_dataset_expanded/stego_core_combined/Low-Detail_2_L__rtf_small__lsb2.bmp,Low-Detail_2_L.bmp,Low-Detail,2,L,bmp,P05.rtf,rtf,small,2,RTF,RTF,1
core,Low-Detail_2_L__rtf_small__lsb3.bmp,/home/kali/Desktop/stego_dataset_expanded/stego_core_combined/Low-Detail_2_L__rtf_small__lsb3.bmp,Low-Detail_2_L.bmp,Low-Detail,2,L,bmp,P05.rtf,rtf,small,3,RTF,RTF,1
core,Low-Detail_2_L__xlsx_large__lsb2.bmp,/home/kali/Desktop/stego_dataset_expanded/stego_core_combined/Low-Detail_2_L__xlsx_large__lsb2.bmp,Low-Detail_2_L.bmp,Low-Detail,2,L,bmp,P03.xlsx,xlsx,large,2,XLSX,XLSX,1
core,Low-Detail_2_L__xlsx_large__lsb3.bmp,/home/kali/Desktop/stego_dataset_expanded/stego_core_combined/Low-Detail_2_L__xlsx_large__lsb3.bmp,Low-Detail_2_L.bmp,Low-Detail,2,L,bmp,P03.xlsx,xlsx,large,3,XLSX,XLSX,1
core,Low-Detail_2_L__xlsx_medium__lsb1.bmp,/home/kali/Desktop/stego_dataset_expanded/stego_core_combined/Low-Detail_2_L__xlsx_medium__lsb1.bmp,Low-Detail_2_L.bmp,Low-Detail,2,L,bmp,P03.xlsx,xlsx,medium,1,XLSX,XLSX,1
core,Low-Detail_2_L__xlsx_medium__lsb2.bmp,/home/kali/Desktop/stego_dataset_expanded/stego_core_combined/Low-Detail_2_L__xlsx_medium__lsb2.bmp,Low-Detail_2_L.bmp,Low-Detail,2,L,bmp,P03.xlsx,xlsx,medium,2,XLSX,XLSX,1
core,Low-Detail_2_L__xlsx_medium__lsb3.bmp,/home/kali/Desktop/stego_dataset_expanded/stego_core_combined/Low-Detail_2_L__xlsx_medium__lsb3.bmp,Low-Detail_2_L.bmp,Low-Detail,2,L,bmp,P03.xlsx,xlsx,medium,3,XLSX,XLSX,1
core,Low-Detail_2_L__xlsx_small__lsb1.bmp,/home/kali/Desktop/stego_dataset_expanded/stego_core_combined/Low-Detail_2_L__xlsx_small__lsb1.bmp,Low-Detail_2_L.bmp,Low-Detail,2,L,bmp,P03.xlsx,xlsx,small,1,XLSX,XLSX,1
core,Low-Detail_2_L__xlsx_small__lsb2.bmp,/home/kali/Desktop/stego_dataset_expanded/stego_core_combined/Low-Detail_2_L__xlsx_small__lsb2.bmp,Low-Detail_2_L.bmp,Low-Detail,2,L,bmp,P03.xlsx,xlsx,small,2,XLSX,XLSX,1
core,Low-Detail_2_L__xlsx_small__lsb3.bmp,/home/kali/Desktop/stego_dataset_expanded/stego_core_combined/Low-Detail_2_L__xlsx_small__lsb3.bmp,Low-Detail_2_L.bmp,Low-Detail,2,L,bmp,P03.xlsx,xlsx,small,3,XLSX,XLSX,1
core,Mixed-Content_1_S__docx_small__lsb1.bmp,/home/kali/Desktop/stego_dataset_expanded/stego_core_combined/Mixed-Content_1_S__docx_small__lsb1.bmp,Mixed-Content_1_S.bmp,Mixed-Content,1,S,bmp,P01.docx,docx,small,1,DOCX,DOCX,1
core,Mixed-Content_1_S__docx_small__lsb2.bmp,/home/kali/Desktop/stego_dataset_expanded/stego_core_combined/Mixed-Content_1_S__docx_small__lsb2.bmp,Mixed-Content_1_S.bmp,Mixed-Content,1,S,bmp,P01.docx,docx,small,2,DOCX,DOCX,1
core,Mixed-Content_1_S__docx_small__lsb3.bmp,/home/kali/Desktop/stego_dataset_expanded/stego_core_combined/Mixed-Content_1_S__docx_small__lsb3.bmp,Mixed-Content_1_S.bmp,Mixed-Content,1,S,bmp,P01.docx,docx,small,3,DOCX,DOCX,1
core,Mixed-Content_1_S__exe_small__lsb1.bmp,/home/kali/Desktop/stego_dataset_expanded/stego_core_combined/Mixed-Content_1_S__exe_small__lsb1.bmp,Mixed-Content_1_S.bmp,Mixed-Content,1,S,bmp,P06.exe,exe,small,1,EXE,EXE,1
core,Mixed-Content_1_S__exe_small__lsb2.bmp,/home/kali/Desktop/stego_dataset_expanded/stego_core_combined/Mixed-Content_1_S__exe_small__lsb2.bmp,Mixed-Content_1_S.bmp,Mixed-Content,1,S,bmp,P06.exe,exe,small,2,EXE,EXE,1
core,Mixed-Content_1_S__exe_small__lsb3.bmp,/home/kali/Desktop/stego_dataset_expanded/stego_core_combined/Mixed-Content_1_S__exe_small__lsb3.bmp,Mixed-Content_1_S.bmp,Mixed-Content,1,S,bmp,P06.exe,exe,small,3,EXE,EXE,1
core,Mixed-Content_1_S__pdf_small__lsb1.bmp,/home/kali/Desktop/stego_dataset_expanded/stego_core_combined/Mixed-Content_1_S__pdf_small__lsb1.bmp,Mixed-Content_1_S.bmp,Mixed-Content,1,S,bmp,P02.pdf,pdf,small,1,PDF,PDF,1
core,Mixed-Content_1_S__pdf_small__lsb2.bmp,/home/kali/Desktop/stego_dataset_expanded/stego_core_combined/Mixed-Content_1_S__pdf_small__lsb2.bmp,Mixed-Content_1_S.bmp,Mixed-Content,1,S,bmp,P02.pdf,pdf,small,2,PDF,PDF,1
core,Mixed-Content_1_S__pdf_small__lsb3.bmp,/home/kali/Desktop/stego_dataset_expanded/stego_core_combined/Mixed-Content_1_S__pdf_small__lsb3.bmp,Mixed-Content_1_S.bmp,Mixed-Content,1,S,bmp,P02.pdf,pdf,small,3,PDF,PDF,1
core,Mixed-Content_1_S__pptx_small__lsb1.bmp,/home/kali/Desktop/stego_dataset_expanded/stego_core_combined/Mixed-Content_1_S__pptx_small__lsb1.bmp,Mixed-Content_1_S.bmp,Mixed-Content,1,S,bmp,P04.pptx,pptx,small,1,PPTX,PPTX,1
core,Mixed-Content_1_S__pptx_small__lsb2.bmp,/home/kali/Desktop/stego_dataset_expanded/stego_core_combined/Mixed-Content_1_S__pptx_small__lsb2.bmp,Mixed-Content_1_S.bmp,Mixed-Content,1,S,bmp,P04.pptx,pptx,small,2,PPTX,PPTX,1
core,Mixed-Content_1_S__pptx_small__lsb3.bmp,/home/kali/Desktop/stego_dataset_expanded/stego_core_combined/Mixed-Content_1_S__pptx_small__lsb3.bmp,Mixed-Content_1_S.bmp,Mixed-Content,1,S,bmp,P04.pptx,pptx,small,3,PPTX,PPTX,1
core,Mixed-Content_1_S__rtf_small__lsb1.bmp,/home/kali/Desktop/stego_dataset_expanded/stego_core_combined/Mixed-Content_1_S__rtf_small__lsb1.bmp,Mixed-Content_1_S.bmp,Mixed-Content,1,S,bmp,P05.rtf,rtf,small,1,RTF,RTF,1
core,Mixed-Content_1_S__rtf_small__lsb2.bmp,/home/kali/Desktop/stego_dataset_expanded/stego_core_combined/Mixed-Content_1_S__rtf_small__lsb2.bmp,Mixed-Content_1_S.bmp,Mixed-Content,1,S,bmp,P05.rtf,rtf,small,2,RTF,RTF,1
core,Mixed-Content_1_S__rtf_small__lsb3.bmp,/home/kali/Desktop/stego_dataset_expanded/stego_core_combined/Mixed-Content_1_S__rtf_small__lsb3.bmp,Mixed-Content_1_S.bmp,Mixed-Content,1,S,bmp,P05.rtf,rtf,small,3,RTF,RTF,1
core,Mixed-Content_1_S__xlsx_small__lsb1.bmp,/home/kali/Desktop/stego_dataset_expanded/stego_core_combined/Mixed-Content_1_S__xlsx_small__lsb1.bmp,Mixed-Content_1_S.bmp,Mixed-Content,1,S,bmp,P03.xlsx,xlsx,small,1,XLSX,XLSX,1
core,Mixed-Content_1_S__xlsx_small__lsb2.bmp,/home/kali/Desktop/stego_dataset_expanded/stego_core_combined/Mixed-Content_1_S__xlsx_small__lsb2.bmp,Mixed-Content_1_S.bmp,Mixed-Content,1,S,bmp,P03.xlsx,xlsx,small,2,XLSX,XLSX,1
core,Mixed-Content_1_S__xlsx_small__lsb3.bmp,/home/kali/Desktop/stego_dataset_expanded/stego_core_combined/Mixed-Content_1_S__xlsx_small__lsb3.bmp,Mixed-Content_1_S.bmp,Mixed-Content,1,S,bmp,P03.xlsx,xlsx,small,3,XLSX,XLSX,1
core,Mixed-Content_2_L__docx_large__lsb2.bmp,/home/kali/Desktop/stego_dataset_expanded/stego_core_combined/Mixed-Content_2_L__docx_large__lsb2.bmp,Mixed-Content_2_L.bmp,Mixed-Content,2,L,bmp,P01.docx,docx,large,2,DOCX,DOCX,1
core,Mixed-Content_2_L__docx_large__lsb3.bmp,/home/kali/Desktop/stego_dataset_expanded/stego_core_combined/Mixed-Content_2_L__docx_large__lsb3.bmp,Mixed-Content_2_L.bmp,Mixed-Content,2,L,bmp,P01.docx,docx,large,3,DOCX,DOCX,1
core,Mixed-Content_2_L__docx_medium__lsb1.bmp,/home/kali/Desktop/stego_dataset_expanded/stego_core_combined/Mixed-Content_2_L__docx_medium__lsb1.bmp,Mixed-Content_2_L.bmp,Mixed-Content,2,L,bmp,P01.docx,docx,medium,1,DOCX,DOCX,1
core,Mixed-Content_2_L__docx_medium__lsb2.bmp,/home/kali/Desktop/stego_dataset_expanded/stego_core_combined/Mixed-Content_2_L__docx_medium__lsb2.bmp,Mixed-Content_2_L.bmp,Mixed-Content,2,L,bmp,P01.docx,docx,medium,2,DOCX,DOCX,1
core,Mixed-Content_2_L__docx_medium__lsb3.bmp,/home/kali/Desktop/stego_dataset_expanded/stego_core_combined/Mixed-Content_2_L__docx_medium__lsb3.bmp,Mixed-Content_2_L.bmp,Mixed-Content,2,L,bmp,P01.docx,docx,medium,3,DOCX,DOCX,1
core,Mixed-Content_2_L__docx_small__lsb1.bmp,/home/kali/Desktop/stego_dataset_expanded/stego_core_combined/Mixed-Content_2_L__docx_small__lsb1.bmp,Mixed-Content_2_L.bmp,Mixed-Content,2,L,bmp,P01.docx,docx,small,1,DOCX,DOCX,1
core,Mixed-Content_2_L__docx_small__lsb2.bmp,/home/kali/Desktop/stego_dataset_expanded/stego_core_combined/Mixed-Content_2_L__docx_small__lsb2.bmp,Mixed-Content_2_L.bmp,Mixed-Content,2,L,bmp,P01.docx,docx,small,2,DOCX,DOCX,1
core,Mixed-Content_2_L__docx_small__lsb3.bmp,/home/kali/Desktop/stego_dataset_expanded/stego_core_combined/Mixed-Content_2_L__docx_small__lsb3.bmp,Mixed-Content_2_L.bmp,Mixed-Content,2,L,bmp,P01.docx,docx,small,3,DOCX,DOCX,1
core,Mixed-Content_2_L__exe_large__lsb2.bmp,/home/kali/Desktop/stego_dataset_expanded/stego_core_combined/Mixed-Content_2_L__exe_large__lsb2.bmp,Mixed-Content_2_L.bmp,Mixed-Content,2,L,bmp,P06.exe,exe,large,2,EXE,EXE,1
core,Mixed-Content_2_L__exe_large__lsb3.bmp,/home/kali/Desktop/stego_dataset_expanded/stego_core_combined/Mixed-Content_2_L__exe_large__lsb3.bmp,Mixed-Content_2_L.bmp,Mixed-Content,2,L,bmp,P06.exe,exe,large,3,EXE,EXE,1
core,Mixed-Content_2_L__exe_medium__lsb1.bmp,/home/kali/Desktop/stego_dataset_expanded/stego_core_combined/Mixed-Content_2_L__exe_medium__lsb1.bmp,Mixed-Content_2_L.bmp,Mixed-Content,2,L,bmp,P06.exe,exe,medium,1,EXE,EXE,1
core,Mixed-Content_2_L__exe_medium__lsb2.bmp,/home/kali/Desktop/stego_dataset_expanded/stego_core_combined/Mixed-Content_2_L__exe_medium__lsb2.bmp,Mixed-Content_2_L.bmp,Mixed-Content,2,L,bmp,P06.exe,exe,medium,2,EXE,EXE,1
core,Mixed-Content_2_L__exe_medium__lsb3.bmp,/home/kali/Desktop/stego_dataset_expanded/stego_core_combined/Mixed-Content_2_L__exe_medium__lsb3.bmp,Mixed-Content_2_L.bmp,Mixed-Content,2,L,bmp,P06.exe,exe,medium,3,EXE,EXE,1
core,Mixed-Content_2_L__exe_small__lsb1.bmp,/home/kali/Desktop/stego_dataset_expanded/stego_core_combined/Mixed-Content_2_L__exe_small__lsb1.bmp,Mixed-Content_2_L.bmp,Mixed-Content,2,L,bmp,P06.exe,exe,small,1,EXE,EXE,1
core,Mixed-Content_2_L__exe_small__lsb2.bmp,/home/kali/Desktop/stego_dataset_expanded/stego_core_combined/Mixed-Content_2_L__exe_small__lsb2.bmp,Mixed-Content_2_L.bmp,Mixed-Content,2,L,bmp,P06.exe,exe,small,2,EXE,EXE,1
core,Mixed-Content_2_L__exe_small__lsb3.bmp,/home/kali/Desktop/stego_dataset_expanded/stego_core_combined/Mixed-Content_2_L__exe_small__lsb3.bmp,Mixed-Content_2_L.bmp,Mixed-Content,2,L,bmp,P06.exe,exe,small,3,EXE,EXE,1
core,Mixed-Content_2_L__pdf_large__lsb2.bmp,/home/kali/Desktop/stego_dataset_expanded/stego_core_combined/Mixed-Content_2_L__pdf_large__lsb2.bmp,Mixed-Content_2_L.bmp,Mixed-Content,2,L,bmp,P02.pdf,pdf,large,2,PDF,PDF,1
core,Mixed-Content_2_L__pdf_large__lsb3.bmp,/home/kali/Desktop/stego_dataset_expanded/stego_core_combined/Mixed-Content_2_L__pdf_large__lsb3.bmp,Mixed-Content_2_L.bmp,Mixed-Content,2,L,bmp,P02.pdf,pdf,large,3,PDF,PDF,1
core,Mixed-Content_2_L__pdf_medium__lsb1.bmp,/home/kali/Desktop/stego_dataset_expanded/stego_core_combined/Mixed-Content_2_L__pdf_medium__lsb1.bmp,Mixed-Content_2_L.bmp,Mixed-Content,2,L,bmp,P02.pdf,pdf,medium,1,PDF,PDF,1
core,Mixed-Content_2_L__pdf_medium__lsb2.bmp,/home/kali/Desktop/stego_dataset_expanded/stego_core_combined/Mixed-Content_2_L__pdf_medium__lsb2.bmp,Mixed-Content_2_L.bmp,Mixed-Content,2,L,bmp,P02.pdf,pdf,medium,2,PDF,PDF,1
core,Mixed-Content_2_L__pdf_medium__lsb3.bmp,/home/kali/Desktop/stego_dataset_expanded/stego_core_combined/Mixed-Content_2_L__pdf_medium__lsb3.bmp,Mixed-Content_2_L.bmp,Mixed-Content,2,L,bmp,P02.pdf,pdf,medium,3,PDF,PDF,1
core,Mixed-Content_2_L__pdf_small__lsb1.bmp,/home/kali/Desktop/stego_dataset_expanded/stego_core_combined/Mixed-Content_2_L__pdf_small__lsb1.bmp,Mixed-Content_2_L.bmp,Mixed-Content,2,L,bmp,P02.pdf,pdf,small,1,PDF,PDF,1
core,Mixed-Content_2_L__pdf_small__lsb2.bmp,/home/kali/Desktop/stego_dataset_expanded/stego_core_combined/Mixed-Content_2_L__pdf_small__lsb2.bmp,Mixed-Content_2_L.bmp,Mixed-Content,2,L,bmp,P02.pdf,pdf,small,2,PDF,PDF,1
core,Mixed-Content_2_L__pdf_small__lsb3.bmp,/home/kali/Desktop/stego_dataset_expanded/stego_core_combined/Mixed-Content_2_L__pdf_small__lsb3.bmp,Mixed-Content_2_L.bmp,Mixed-Content,2,L,bmp,P02.pdf,pdf,small,3,PDF,PDF,1
core,Mixed-Content_2_L__pptx_large__lsb2.bmp,/home/kali/Desktop/stego_dataset_expanded/stego_core_combined/Mixed-Content_2_L__pptx_large__lsb2.bmp,Mixed-Content_2_L.bmp,Mixed-Content,2,L,bmp,P04.pptx,pptx,large,2,PPTX,PPTX,1
core,Mixed-Content_2_L__pptx_large__lsb3.bmp,/home/kali/Desktop/stego_dataset_expanded/stego_core_combined/Mixed-Content_2_L__pptx_large__lsb3.bmp,Mixed-Content_2_L.bmp,Mixed-Content,2,L,bmp,P04.pptx,pptx,large,3,PPTX,PPTX,1
core,Mixed-Content_2_L__pptx_medium__lsb1.bmp,/home/kali/Desktop/stego_dataset_expanded/stego_core_combined/Mixed-Content_2_L__pptx_medium__lsb1.bmp,Mixed-Content_2_L.bmp,Mixed-Content,2,L,bmp,P04.pptx,pptx,medium,1,PPTX,PPTX,1
core,Mixed-Content_2_L__pptx_medium__lsb2.bmp,/home/kali/Desktop/stego_dataset_expanded/stego_core_combined/Mixed-Content_2_L__pptx_medium__lsb2.bmp,Mixed-Content_2_L.bmp,Mixed-Content,2,L,bmp,P04.pptx,pptx,medium,2,PPTX,PPTX,1
core,Mixed-Content_2_L__pptx_medium__lsb3.bmp,/home/kali/Desktop/stego_dataset_expanded/stego_core_combined/Mixed-Content_2_L__pptx_medium__lsb3.bmp,Mixed-Content_2_L.bmp,Mixed-Content,2,L,bmp,P04.pptx,pptx,medium,3,PPTX,PPTX,1
core,Mixed-Content_2_L__pptx_small__lsb1.bmp,/home/kali/Desktop/stego_dataset_expanded/stego_core_combined/Mixed-Content_2_L__pptx_small__lsb1.bmp,Mixed-Content_2_L.bmp,Mixed-Content,2,L,bmp,P04.pptx,pptx,small,1,PPTX,PPTX,1
core,Mixed-Content_2_L__pptx_small__lsb2.bmp,/home/kali/Desktop/stego_dataset_expanded/stego_core_combined/Mixed-Content_2_L__pptx_small__lsb2.bmp,Mixed-Content_2_L.bmp,Mixed-Content,2,L,bmp,P04.pptx,pptx,small,2,PPTX,PPTX,1
core,Mixed-Content_2_L__pptx_small__lsb3.bmp,/home/kali/Desktop/stego_dataset_expanded/stego_core_combined/Mixed-Content_2_L__pptx_small__lsb3.bmp,Mixed-Content_2_L.bmp,Mixed-Content,2,L,bmp,P04.pptx,pptx,small,3,PPTX,PPTX,1
core,Mixed-Content_2_L__rtf_large__lsb2.bmp,/home/kali/Desktop/stego_dataset_expanded/stego_core_combined/Mixed-Content_2_L__rtf_large__lsb2.bmp,Mixed-Content_2_L.bmp,Mixed-Content,2,L,bmp,P05.rtf,rtf,large,2,RTF,RTF,1
core,Mixed-Content_2_L__rtf_large__lsb3.bmp,/home/kali/Desktop/stego_dataset_expanded/stego_core_combined/Mixed-Content_2_L__rtf_large__lsb3.bmp,Mixed-Content_2_L.bmp,Mixed-Content,2,L,bmp,P05.rtf,rtf,large,3,RTF,RTF,1
core,Mixed-Content_2_L__rtf_medium__lsb1.bmp,/home/kali/Desktop/stego_dataset_expanded/stego_core_combined/Mixed-Content_2_L__rtf_medium__lsb1.bmp,Mixed-Content_2_L.bmp,Mixed-Content,2,L,bmp,P05.rtf,rtf,medium,1,RTF,RTF,1
core,Mixed-Content_2_L__rtf_medium__lsb2.bmp,/home/kali/Desktop/stego_dataset_expanded/stego_core_combined/Mixed-Content_2_L__rtf_medium__lsb2.bmp,Mixed-Content_2_L.bmp,Mixed-Content,2,L,bmp,P05.rtf,rtf,medium,2,RTF,RTF,1
core,Mixed-Content_2_L__rtf_medium__lsb3.bmp,/home/kali/Desktop/stego_dataset_expanded/stego_core_combined/Mixed-Content_2_L__rtf_medium__lsb3.bmp,Mixed-Content_2_L.bmp,Mixed-Content,2,L,bmp,P05.rtf,rtf,medium,3,RTF,RTF,1
core,Mixed-Content_2_L__rtf_small__lsb1.bmp,/home/kali/Desktop/stego_dataset_expanded/stego_core_combined/Mixed-Content_2_L__rtf_small__lsb1.bmp,Mixed-Content_2_L.bmp,Mixed-Content,2,L,bmp,P05.rtf,rtf,small,1,RTF,RTF,1
core,Mixed-Content_2_L__rtf_small__lsb2.bmp,/home/kali/Desktop/stego_dataset_expanded/stego_core_combined/Mixed-Content_2_L__rtf_small__lsb2.bmp,Mixed-Content_2_L.bmp,Mixed-Content,2,L,bmp,P05.rtf,rtf,small,2,RTF,RTF,1
core,Mixed-Content_2_L__rtf_small__lsb3.bmp,/home/kali/Desktop/stego_dataset_expanded/stego_core_combined/Mixed-Content_2_L__rtf_small__lsb3.bmp,Mixed-Content_2_L.bmp,Mixed-Content,2,L,bmp,P05.rtf,rtf,small,3,RTF,RTF,1
core,Mixed-Content_2_L__xlsx_large__lsb2.bmp,/home/kali/Desktop/stego_dataset_expanded/stego_core_combined/Mixed-Content_2_L__xlsx_large__lsb2.bmp,Mixed-Content_2_L.bmp,Mixed-Content,2,L,bmp,P03.xlsx,xlsx,large,2,XLSX,XLSX,1
core,Mixed-Content_2_L__xlsx_large__lsb3.bmp,/home/kali/Desktop/stego_dataset_expanded/stego_core_combined/Mixed-Content_2_L__xlsx_large__lsb3.bmp,Mixed-Content_2_L.bmp,Mixed-Content,2,L,bmp,P03.xlsx,xlsx,large,3,XLSX,XLSX,1
core,Mixed-Content_2_L__xlsx_medium__lsb1.bmp,/home/kali/Desktop/stego_dataset_expanded/stego_core_combined/Mixed-Content_2_L__xlsx_medium__lsb1.bmp,Mixed-Content_2_L.bmp,Mixed-Content,2,L,bmp,P03.xlsx,xlsx,medium,1,XLSX,XLSX,1
core,Mixed-Content_2_L__xlsx_medium__lsb2.bmp,/home/kali/Desktop/stego_dataset_expanded/stego_core_combined/Mixed-Content_2_L__xlsx_medium__lsb2.bmp,Mixed-Content_2_L.bmp,Mixed-Content,2,L,bmp,P03.xlsx,xlsx,medium,2,XLSX,XLSX,1
core,Mixed-Content_2_L__xlsx_medium__lsb3.bmp,/home/kali/Desktop/stego_dataset_expanded/stego_core_combined/Mixed-Content_2_L__xlsx_medium__lsb3.bmp,Mixed-Content_2_L.bmp,Mixed-Content,2,L,bmp,P03.xlsx,xlsx,medium,3,XLSX,XLSX,1
core,Mixed-Content_2_L__xlsx_small__lsb1.bmp,/home/kali/Desktop/stego_dataset_expanded/stego_core_combined/Mixed-Content_2_L__xlsx_small__lsb1.bmp,Mixed-Content_2_L.bmp,Mixed-Content,2,L,bmp,P03.xlsx,xlsx,small,1,XLSX,XLSX,1
core,Mixed-Content_2_L__xlsx_small__lsb2.bmp,/home/kali/Desktop/stego_dataset_expanded/stego_core_combined/Mixed-Content_2_L__xlsx_small__lsb2.bmp,Mixed-Content_2_L.bmp,Mixed-Content,2,L,bmp,P03.xlsx,xlsx,small,2,XLSX,XLSX,1
core,Mixed-Content_2_L__xlsx_small__lsb3.bmp,/home/kali/Desktop/stego_dataset_expanded/stego_core_combined/Mixed-Content_2_L__xlsx_small__lsb3.bmp,Mixed-Content_2_L.bmp,Mixed-Content,2,L,bmp,P03.xlsx,xlsx,small,3,XLSX,XLSX,1
core,Noisy_1_S__docx_small__lsb1.bmp,/home/kali/Desktop/stego_dataset_expanded/stego_core_combined/Noisy_1_S__docx_small__lsb1.bmp,Noisy_1_S.bmp,Noisy,1,S,bmp,P01.docx,docx,small,1,DOCX,DOCX,1
core,Noisy_1_S__docx_small__lsb2.bmp,/home/kali/Desktop/stego_dataset_expanded/stego_core_combined/Noisy_1_S__docx_small__lsb2.bmp,Noisy_1_S.bmp,Noisy,1,S,bmp,P01.docx,docx,small,2,DOCX,DOCX,1
core,Noisy_1_S__docx_small__lsb3.bmp,/home/kali/Desktop/stego_dataset_expanded/stego_core_combined/Noisy_1_S__docx_small__lsb3.bmp,Noisy_1_S.bmp,Noisy,1,S,bmp,P01.docx,docx,small,3,DOCX,DOCX,1
core,Noisy_1_S__exe_small__lsb1.bmp,/home/kali/Desktop/stego_dataset_expanded/stego_core_combined/Noisy_1_S__exe_small__lsb1.bmp,Noisy_1_S.bmp,Noisy,1,S,bmp,P06.exe,exe,small,1,EXE,EXE,1
core,Noisy_1_S__exe_small__lsb2.bmp,/home/kali/Desktop/stego_dataset_expanded/stego_core_combined/Noisy_1_S__exe_small__lsb2.bmp,Noisy_1_S.bmp,Noisy,1,S,bmp,P06.exe,exe,small,2,EXE,EXE,1
core,Noisy_1_S__exe_small__lsb3.bmp,/home/kali/Desktop/stego_dataset_expanded/stego_core_combined/Noisy_1_S__exe_small__lsb3.bmp,Noisy_1_S.bmp,Noisy,1,S,bmp,P06.exe,exe,small,3,EXE,EXE,1
core,Noisy_1_S__pdf_small__lsb1.bmp,/home/kali/Desktop/stego_dataset_expanded/stego_core_combined/Noisy_1_S__pdf_small__lsb1.bmp,Noisy_1_S.bmp,Noisy,1,S,bmp,P02.pdf,pdf,small,1,PDF,PDF,1
core,Noisy_1_S__pdf_small__lsb2.bmp,/home/kali/Desktop/stego_dataset_expanded/stego_core_combined/Noisy_1_S__pdf_small__lsb2.bmp,Noisy_1_S.bmp,Noisy,1,S,bmp,P02.pdf,pdf,small,2,PDF,PDF,1
core,Noisy_1_S__pdf_small__lsb3.bmp,/home/kali/Desktop/stego_dataset_expanded/stego_core_combined/Noisy_1_S__pdf_small__lsb3.bmp,Noisy_1_S.bmp,Noisy,1,S,bmp,P02.pdf,pdf,small,3,PDF,PDF,1
core,Noisy_1_S__pptx_small__lsb1.bmp,/home/kali/Desktop/stego_dataset_expanded/stego_core_combined/Noisy_1_S__pptx_small__lsb1.bmp,Noisy_1_S.bmp,Noisy,1,S,bmp,P04.pptx,pptx,small,1,PPTX,PPTX,1
core,Noisy_1_S__pptx_small__lsb2.bmp,/home/kali/Desktop/stego_dataset_expanded/stego_core_combined/Noisy_1_S__pptx_small__lsb2.bmp,Noisy_1_S.bmp,Noisy,1,S,bmp,P04.pptx,pptx,small,2,PPTX,PPTX,1
core,Noisy_1_S__pptx_small__lsb3.bmp,/home/kali/Desktop/stego_dataset_expanded/stego_core_combined/Noisy_1_S__pptx_small__lsb3.bmp,Noisy_1_S.bmp,Noisy,1,S,bmp,P04.pptx,pptx,small,3,PPTX,PPTX,1
core,Noisy_1_S__rtf_small__lsb1.bmp,/home/kali/Desktop/stego_dataset_expanded/stego_core_combined/Noisy_1_S__rtf_small__lsb1.bmp,Noisy_1_S.bmp,Noisy,1,S,bmp,P05.rtf,rtf,small,1,RTF,RTF,1
core,Noisy_1_S__rtf_small__lsb2.bmp,/home/kali/Desktop/stego_dataset_expanded/stego_core_combined/Noisy_1_S__rtf_small__lsb2.bmp,Noisy_1_S.bmp,Noisy,1,S,bmp,P05.rtf,rtf,small,2,RTF,RTF,1
core,Noisy_1_S__rtf_small__lsb3.bmp,/home/kali/Desktop/stego_dataset_expanded/stego_core_combined/Noisy_1_S__rtf_small__lsb3.bmp,Noisy_1_S.bmp,Noisy,1,S,bmp,P05.rtf,rtf,small,3,RTF,RTF,1
core,Noisy_1_S__xlsx_small__lsb1.bmp,/home/kali/Desktop/stego_dataset_expanded/stego_core_combined/Noisy_1_S__xlsx_small__lsb1.bmp,Noisy_1_S.bmp,Noisy,1,S,bmp,P03.xlsx,xlsx,small,1,XLSX,XLSX,1
core,Noisy_1_S__xlsx_small__lsb2.bmp,/home/kali/Desktop/stego_dataset_expanded/stego_core_combined/Noisy_1_S__xlsx_small__lsb2.bmp,Noisy_1_S.bmp,Noisy,1,S,bmp,P03.xlsx,xlsx,small,2,XLSX,XLSX,1
core,Noisy_1_S__xlsx_small__lsb3.bmp,/home/kali/Desktop/stego_dataset_expanded/stego_core_combined/Noisy_1_S__xlsx_small__lsb3.bmp,Noisy_1_S.bmp,Noisy,1,S,bmp,P03.xlsx,xlsx,small,3,XLSX,XLSX,1
core,Noisy_2_M__docx_large__lsb3.png,/home/kali/Desktop/stego_dataset_expanded/stego_core_combined/Noisy_2_M__docx_large__lsb3.png,Noisy_2_M.png,Noisy,2,M,png,P01.docx,docx,large,3,DOCX,DOCX,1
core,Noisy_2_M__docx_medium__lsb2.png,/home/kali/Desktop/stego_dataset_expanded/stego_core_combined/Noisy_2_M__docx_medium__lsb2.png,Noisy_2_M.png,Noisy,2,M,png,P01.docx,docx,medium,2,DOCX,DOCX,1
core,Noisy_2_M__docx_medium__lsb3.png,/home/kali/Desktop/stego_dataset_expanded/stego_core_combined/Noisy_2_M__docx_medium__lsb3.png,Noisy_2_M.png,Noisy,2,M,png,P01.docx,docx,medium,3,DOCX,DOCX,1
core,Noisy_2_M__docx_small__lsb1.png,/home/kali/Desktop/stego_dataset_expanded/stego_core_combined/Noisy_2_M__docx_small__lsb1.png,Noisy_2_M.png,Noisy,2,M,png,P01.docx,docx,small,1,DOCX,DOCX,1
core,Noisy_2_M__docx_small__lsb2.png,/home/kali/Desktop/stego_dataset_expanded/stego_core_combined/Noisy_2_M__docx_small__lsb2.png,Noisy_2_M.png,Noisy,2,M,png,P01.docx,docx,small,2,DOCX,DOCX,1
core,Noisy_2_M__docx_small__lsb3.png,/home/kali/Desktop/stego_dataset_expanded/stego_core_combined/Noisy_2_M__docx_small__lsb3.png,Noisy_2_M.png,Noisy,2,M,png,P01.docx,docx,small,3,DOCX,DOCX,1
core,Noisy_2_M__exe_large__lsb3.png,/home/kali/Desktop/stego_dataset_expanded/stego_core_combined/Noisy_2_M__exe_large__lsb3.png,Noisy_2_M.png,Noisy,2,M,png,P06.exe,exe,large,3,EXE,EXE,1
core,Noisy_2_M__exe_medium__lsb2.png,/home/kali/Desktop/stego_dataset_expanded/stego_core_combined/Noisy_2_M__exe_medium__lsb2.png,Noisy_2_M.png,Noisy,2,M,png,P06.exe,exe,medium,2,EXE,EXE,1
core,Noisy_2_M__exe_medium__lsb3.png,/home/kali/Desktop/stego_dataset_expanded/stego_core_combined/Noisy_2_M__exe_medium__lsb3.png,Noisy_2_M.png,Noisy,2,M,png,P06.exe,exe,medium,3,EXE,EXE,1
core,Noisy_2_M__exe_small__lsb1.png,/home/kali/Desktop/stego_dataset_expanded/stego_core_combined/Noisy_2_M__exe_small__lsb1.png,Noisy_2_M.png,Noisy,2,M,png,P06.exe,exe,small,1,EXE,EXE,1
core,Noisy_2_M__exe_small__lsb2.png,/home/kali/Desktop/stego_dataset_expanded/stego_core_combined/Noisy_2_M__exe_small__lsb2.png,Noisy_2_M.png,Noisy,2,M,png,P06.exe,exe,small,2,EXE,EXE,1
core,Noisy_2_M__exe_small__lsb3.png,/home/kali/Desktop/stego_dataset_expanded/stego_core_combined/Noisy_2_M__exe_small__lsb3.png,Noisy_2_M.png,Noisy,2,M,png,P06.exe,exe,small,3,EXE,EXE,1
core,Noisy_2_M__pdf_large__lsb3.png,/home/kali/Desktop/stego_dataset_expanded/stego_core_combined/Noisy_2_M__pdf_large__lsb3.png,Noisy_2_M.png,Noisy,2,M,png,P02.pdf,pdf,large,3,PDF,PDF,1
core,Noisy_2_M__pdf_medium__lsb2.png,/home/kali/Desktop/stego_dataset_expanded/stego_core_combined/Noisy_2_M__pdf_medium__lsb2.png,Noisy_2_M.png,Noisy,2,M,png,P02.pdf,pdf,medium,2,PDF,PDF,1
core,Noisy_2_M__pdf_medium__lsb3.png,/home/kali/Desktop/stego_dataset_expanded/stego_core_combined/Noisy_2_M__pdf_medium__lsb3.png,Noisy_2_M.png,Noisy,2,M,png,P02.pdf,pdf,medium,3,PDF,PDF,1
core,Noisy_2_M__pdf_small__lsb1.png,/home/kali/Desktop/stego_dataset_expanded/stego_core_combined/Noisy_2_M__pdf_small__lsb1.png,Noisy_2_M.png,Noisy,2,M,png,P02.pdf,pdf,small,1,PDF,PDF,1
core,Noisy_2_M__pdf_small__lsb2.png,/home/kali/Desktop/stego_dataset_expanded/stego_core_combined/Noisy_2_M__pdf_small__lsb2.png,Noisy_2_M.png,Noisy,2,M,png,P02.pdf,pdf,small,2,PDF,PDF,1
core,Noisy_2_M__pdf_small__lsb3.png,/home/kali/Desktop/stego_dataset_expanded/stego_core_combined/Noisy_2_M__pdf_small__lsb3.png,Noisy_2_M.png,Noisy,2,M,png,P02.pdf,pdf,small,3,PDF,PDF,1
core,Noisy_2_M__pptx_large__lsb3.png,/home/kali/Desktop/stego_dataset_expanded/stego_core_combined/Noisy_2_M__pptx_large__lsb3.png,Noisy_2_M.png,Noisy,2,M,png,P04.pptx,pptx,large,3,PPTX,PPTX,1
core,Noisy_2_M__pptx_medium__lsb2.png,/home/kali/Desktop/stego_dataset_expanded/stego_core_combined/Noisy_2_M__pptx_medium__lsb2.png,Noisy_2_M.png,Noisy,2,M,png,P04.pptx,pptx,medium,2,PPTX,PPTX,1
core,Noisy_2_M__pptx_medium__lsb3.png,/home/kali/Desktop/stego_dataset_expanded/stego_core_combined/Noisy_2_M__pptx_medium__lsb3.png,Noisy_2_M.png,Noisy,2,M,png,P04.pptx,pptx,medium,3,PPTX,PPTX,1
core,Noisy_2_M__pptx_small__lsb1.png,/home/kali/Desktop/stego_dataset_expanded/stego_core_combined/Noisy_2_M__pptx_small__lsb1.png,Noisy_2_M.png,Noisy,2,M,png,P04.pptx,pptx,small,1,PPTX,PPTX,1
core,Noisy_2_M__pptx_small__lsb2.png,/home/kali/Desktop/stego_dataset_expanded/stego_core_combined/Noisy_2_M__pptx_small__lsb2.png,Noisy_2_M.png,Noisy,2,M,png,P04.pptx,pptx,small,2,PPTX,PPTX,1
core,Noisy_2_M__pptx_small__lsb3.png,/home/kali/Desktop/stego_dataset_expanded/stego_core_combined/Noisy_2_M__pptx_small__lsb3.png,Noisy_2_M.png,Noisy,2,M,png,P04.pptx,pptx,small,3,PPTX,PPTX,1
core,Noisy_2_M__rtf_large__lsb3.png,/home/kali/Desktop/stego_dataset_expanded/stego_core_combined/Noisy_2_M__rtf_large__lsb3.png,Noisy_2_M.png,Noisy,2,M,png,P05.rtf,rtf,large,3,RTF,RTF,1
core,Noisy_2_M__rtf_medium__lsb2.png,/home/kali/Desktop/stego_dataset_expanded/stego_core_combined/Noisy_2_M__rtf_medium__lsb2.png,Noisy_2_M.png,Noisy,2,M,png,P05.rtf,rtf,medium,2,RTF,RTF,1
core,Noisy_2_M__rtf_medium__lsb3.png,/home/kali/Desktop/stego_dataset_expanded/stego_core_combined/Noisy_2_M__rtf_medium__lsb3.png,Noisy_2_M.png,Noisy,2,M,png,P05.rtf,rtf,medium,3,RTF,RTF,1
core,Noisy_2_M__rtf_small__lsb1.png,/home/kali/Desktop/stego_dataset_expanded/stego_core_combined/Noisy_2_M__rtf_small__lsb1.png,Noisy_2_M.png,Noisy,2,M,png,P05.rtf,rtf,small,1,RTF,RTF,1
core,Noisy_2_M__rtf_small__lsb2.png,/home/kali/Desktop/stego_dataset_expanded/stego_core_combined/Noisy_2_M__rtf_small__lsb2.png,Noisy_2_M.png,Noisy,2,M,png,P05.rtf,rtf,small,2,RTF,RTF,1
core,Noisy_2_M__rtf_small__lsb3.png,/home/kali/Desktop/stego_dataset_expanded/stego_core_combined/Noisy_2_M__rtf_small__lsb3.png,Noisy_2_M.png,Noisy,2,M,png,P05.rtf,rtf,small,3,RTF,RTF,1
core,Noisy_2_M__xlsx_large__lsb3.png,/home/kali/Desktop/stego_dataset_expanded/stego_core_combined/Noisy_2_M__xlsx_large__lsb3.png,Noisy_2_M.png,Noisy,2,M,png,P03.xlsx,xlsx,large,3,XLSX,XLSX,1
core,Noisy_2_M__xlsx_medium__lsb2.png,/home/kali/Desktop/stego_dataset_expanded/stego_core_combined/Noisy_2_M__xlsx_medium__lsb2.png,Noisy_2_M.png,Noisy,2,M,png,P03.xlsx,xlsx,medium,2,XLSX,XLSX,1
core,Noisy_2_M__xlsx_medium__lsb3.png,/home/kali/Desktop/stego_dataset_expanded/stego_core_combined/Noisy_2_M__xlsx_medium__lsb3.png,Noisy_2_M.png,Noisy,2,M,png,P03.xlsx,xlsx,medium,3,XLSX,XLSX,1
core,Noisy_2_M__xlsx_small__lsb1.png,/home/kali/Desktop/stego_dataset_expanded/stego_core_combined/Noisy_2_M__xlsx_small__lsb1.png,Noisy_2_M.png,Noisy,2,M,png,P03.xlsx,xlsx,small,1,XLSX,XLSX,1
core,Noisy_2_M__xlsx_small__lsb2.png,/home/kali/Desktop/stego_dataset_expanded/stego_core_combined/Noisy_2_M__xlsx_small__lsb2.png,Noisy_2_M.png,Noisy,2,M,png,P03.xlsx,xlsx,small,2,XLSX,XLSX,1
core,Noisy_2_M__xlsx_small__lsb3.png,/home/kali/Desktop/stego_dataset_expanded/stego_core_combined/Noisy_2_M__xlsx_small__lsb3.png,Noisy_2_M.png,Noisy,2,M,png,P03.xlsx,xlsx,small,3,XLSX,XLSX,1
core,Photographic_1_S__docx_small__lsb1.png,/home/kali/Desktop/stego_dataset_expanded/stego_core_combined/Photographic_1_S__docx_small__lsb1.png,Photographic_1_S.png,Photographic,1,S,png,P01.docx,docx,small,1,DOCX,DOCX,1
core,Photographic_1_S__docx_small__lsb2.png,/home/kali/Desktop/stego_dataset_expanded/stego_core_combined/Photographic_1_S__docx_small__lsb2.png,Photographic_1_S.png,Photographic,1,S,png,P01.docx,docx,small,2,DOCX,DOCX,1
core,Photographic_1_S__docx_small__lsb3.png,/home/kali/Desktop/stego_dataset_expanded/stego_core_combined/Photographic_1_S__docx_small__lsb3.png,Photographic_1_S.png,Photographic,1,S,png,P01.docx,docx,small,3,DOCX,DOCX,1
core,Photographic_1_S__exe_small__lsb1.png,/home/kali/Desktop/stego_dataset_expanded/stego_core_combined/Photographic_1_S__exe_small__lsb1.png,Photographic_1_S.png,Photographic,1,S,png,P06.exe,exe,small,1,EXE,EXE,1
core,Photographic_1_S__exe_small__lsb2.png,/home/kali/Desktop/stego_dataset_expanded/stego_core_combined/Photographic_1_S__exe_small__lsb2.png,Photographic_1_S.png,Photographic,1,S,png,P06.exe,exe,small,2,EXE,EXE,1
core,Photographic_1_S__exe_small__lsb3.png,/home/kali/Desktop/stego_dataset_expanded/stego_core_combined/Photographic_1_S__exe_small__lsb3.png,Photographic_1_S.png,Photographic,1,S,png,P06.exe,exe,small,3,EXE,EXE,1
core,Photographic_1_S__pdf_small__lsb1.png,/home/kali/Desktop/stego_dataset_expanded/stego_core_combined/Photographic_1_S__pdf_small__lsb1.png,Photographic_1_S.png,Photographic,1,S,png,P02.pdf,pdf,small,1,PDF,PDF,1
core,Photographic_1_S__pdf_small__lsb2.png,/home/kali/Desktop/stego_dataset_expanded/stego_core_combined/Photographic_1_S__pdf_small__lsb2.png,Photographic_1_S.png,Photographic,1,S,png,P02.pdf,pdf,small,2,PDF,PDF,1
core,Photographic_1_S__pdf_small__lsb3.png,/home/kali/Desktop/stego_dataset_expanded/stego_core_combined/Photographic_1_S__pdf_small__lsb3.png,Photographic_1_S.png,Photographic,1,S,png,P02.pdf,pdf,small,3,PDF,PDF,1
core,Photographic_1_S__pptx_small__lsb1.png,/home/kali/Desktop/stego_dataset_expanded/stego_core_combined/Photographic_1_S__pptx_small__lsb1.png,Photographic_1_S.png,Photographic,1,S,png,P04.pptx,pptx,small,1,PPTX,PPTX,1
core,Photographic_1_S__pptx_small__lsb2.png,/home/kali/Desktop/stego_dataset_expanded/stego_core_combined/Photographic_1_S__pptx_small__lsb2.png,Photographic_1_S.png,Photographic,1,S,png,P04.pptx,pptx,small,2,PPTX,PPTX,1
core,Photographic_1_S__pptx_small__lsb3.png,/home/kali/Desktop/stego_dataset_expanded/stego_core_combined/Photographic_1_S__pptx_small__lsb3.png,Photographic_1_S.png,Photographic,1,S,png,P04.pptx,pptx,small,3,PPTX,PPTX,1
core,Photographic_1_S__rtf_small__lsb1.png,/home/kali/Desktop/stego_dataset_expanded/stego_core_combined/Photographic_1_S__rtf_small__lsb1.png,Photographic_1_S.png,Photographic,1,S,png,P05.rtf,rtf,small,1,RTF,RTF,1
core,Photographic_1_S__rtf_small__lsb2.png,/home/kali/Desktop/stego_dataset_expanded/stego_core_combined/Photographic_1_S__rtf_small__lsb2.png,Photographic_1_S.png,Photographic,1,S,png,P05.rtf,rtf,small,2,RTF,RTF,1
core,Photographic_1_S__rtf_small__lsb3.png,/home/kali/Desktop/stego_dataset_expanded/stego_core_combined/Photographic_1_S__rtf_small__lsb3.png,Photographic_1_S.png,Photographic,1,S,png,P05.rtf,rtf,small,3,RTF,RTF,1
core,Photographic_1_S__xlsx_small__lsb1.png,/home/kali/Desktop/stego_dataset_expanded/stego_core_combined/Photographic_1_S__xlsx_small__lsb1.png,Photographic_1_S.png,Photographic,1,S,png,P03.xlsx,xlsx,small,1,XLSX,XLSX,1
core,Photographic_1_S__xlsx_small__lsb2.png,/home/kali/Desktop/stego_dataset_expanded/stego_core_combined/Photographic_1_S__xlsx_small__lsb2.png,Photographic_1_S.png,Photographic,1,S,png,P03.xlsx,xlsx,small,2,XLSX,XLSX,1
core,Photographic_1_S__xlsx_small__lsb3.png,/home/kali/Desktop/stego_dataset_expanded/stego_core_combined/Photographic_1_S__xlsx_small__lsb3.png,Photographic_1_S.png,Photographic,1,S,png,P03.xlsx,xlsx,small,3,XLSX,XLSX,1
core,Photographic_2_M__docx_large__lsb3.bmp,/home/kali/Desktop/stego_dataset_expanded/stego_core_combined/Photographic_2_M__docx_large__lsb3.bmp,Photographic_2_M.bmp,Photographic,2,M,bmp,P01.docx,docx,large,3,DOCX,DOCX,1
core,Photographic_2_M__docx_medium__lsb2.bmp,/home/kali/Desktop/stego_dataset_expanded/stego_core_combined/Photographic_2_M__docx_medium__lsb2.bmp,Photographic_2_M.bmp,Photographic,2,M,bmp,P01.docx,docx,medium,2,DOCX,DOCX,1
core,Photographic_2_M__docx_medium__lsb3.bmp,/home/kali/Desktop/stego_dataset_expanded/stego_core_combined/Photographic_2_M__docx_medium__lsb3.bmp,Photographic_2_M.bmp,Photographic,2,M,bmp,P01.docx,docx,medium,3,DOCX,DOCX,1
core,Photographic_2_M__docx_small__lsb1.bmp,/home/kali/Desktop/stego_dataset_expanded/stego_core_combined/Photographic_2_M__docx_small__lsb1.bmp,Photographic_2_M.bmp,Photographic,2,M,bmp,P01.docx,docx,small,1,DOCX,DOCX,1
core,Photographic_2_M__docx_small__lsb2.bmp,/home/kali/Desktop/stego_dataset_expanded/stego_core_combined/Photographic_2_M__docx_small__lsb2.bmp,Photographic_2_M.bmp,Photographic,2,M,bmp,P01.docx,docx,small,2,DOCX,DOCX,1
core,Photographic_2_M__docx_small__lsb3.bmp,/home/kali/Desktop/stego_dataset_expanded/stego_core_combined/Photographic_2_M__docx_small__lsb3.bmp,Photographic_2_M.bmp,Photographic,2,M,bmp,P01.docx,docx,small,3,DOCX,DOCX,1
core,Photographic_2_M__exe_large__lsb3.bmp,/home/kali/Desktop/stego_dataset_expanded/stego_core_combined/Photographic_2_M__exe_large__lsb3.bmp,Photographic_2_M.bmp,Photographic,2,M,bmp,P06.exe,exe,large,3,EXE,EXE,1
core,Photographic_2_M__exe_medium__lsb2.bmp,/home/kali/Desktop/stego_dataset_expanded/stego_core_combined/Photographic_2_M__exe_medium__lsb2.bmp,Photographic_2_M.bmp,Photographic,2,M,bmp,P06.exe,exe,medium,2,EXE,EXE,1
core,Photographic_2_M__exe_medium__lsb3.bmp,/home/kali/Desktop/stego_dataset_expanded/stego_core_combined/Photographic_2_M__exe_medium__lsb3.bmp,Photographic_2_M.bmp,Photographic,2,M,bmp,P06.exe,exe,medium,3,EXE,EXE,1
core,Photographic_2_M__exe_small__lsb1.bmp,/home/kali/Desktop/stego_dataset_expanded/stego_core_combined/Photographic_2_M__exe_small__lsb1.bmp,Photographic_2_M.bmp,Photographic,2,M,bmp,P06.exe,exe,small,1,EXE,EXE,1
core,Photographic_2_M__exe_small__lsb2.bmp,/home/kali/Desktop/stego_dataset_expanded/stego_core_combined/Photographic_2_M__exe_small__lsb2.bmp,Photographic_2_M.bmp,Photographic,2,M,bmp,P06.exe,exe,small,2,EXE,EXE,1
core,Photographic_2_M__exe_small__lsb3.bmp,/home/kali/Desktop/stego_dataset_expanded/stego_core_combined/Photographic_2_M__exe_small__lsb3.bmp,Photographic_2_M.bmp,Photographic,2,M,bmp,P06.exe,exe,small,3,EXE,EXE,1
core,Photographic_2_M__pdf_large__lsb3.bmp,/home/kali/Desktop/stego_dataset_expanded/stego_core_combined/Photographic_2_M__pdf_large__lsb3.bmp,Photographic_2_M.bmp,Photographic,2,M,bmp,P02.pdf,pdf,large,3,PDF,PDF,1
core,Photographic_2_M__pdf_medium__lsb2.bmp,/home/kali/Desktop/stego_dataset_expanded/stego_core_combined/Photographic_2_M__pdf_medium__lsb2.bmp,Photographic_2_M.bmp,Photographic,2,M,bmp,P02.pdf,pdf,medium,2,PDF,PDF,1
core,Photographic_2_M__pdf_medium__lsb3.bmp,/home/kali/Desktop/stego_dataset_expanded/stego_core_combined/Photographic_2_M__pdf_medium__lsb3.bmp,Photographic_2_M.bmp,Photographic,2,M,bmp,P02.pdf,pdf,medium,3,PDF,PDF,1
core,Photographic_2_M__pdf_small__lsb1.bmp,/home/kali/Desktop/stego_dataset_expanded/stego_core_combined/Photographic_2_M__pdf_small__lsb1.bmp,Photographic_2_M.bmp,Photographic,2,M,bmp,P02.pdf,pdf,small,1,PDF,PDF,1
core,Photographic_2_M__pdf_small__lsb2.bmp,/home/kali/Desktop/stego_dataset_expanded/stego_core_combined/Photographic_2_M__pdf_small__lsb2.bmp,Photographic_2_M.bmp,Photographic,2,M,bmp,P02.pdf,pdf,small,2,PDF,PDF,1
core,Photographic_2_M__pdf_small__lsb3.bmp,/home/kali/Desktop/stego_dataset_expanded/stego_core_combined/Photographic_2_M__pdf_small__lsb3.bmp,Photographic_2_M.bmp,Photographic,2,M,bmp,P02.pdf,pdf,small,3,PDF,PDF,1
core,Photographic_2_M__pptx_large__lsb3.bmp,/home/kali/Desktop/stego_dataset_expanded/stego_core_combined/Photographic_2_M__pptx_large__lsb3.bmp,Photographic_2_M.bmp,Photographic,2,M,bmp,P04.pptx,pptx,large,3,PPTX,PPTX,1
core,Photographic_2_M__pptx_medium__lsb2.bmp,/home/kali/Desktop/stego_dataset_expanded/stego_core_combined/Photographic_2_M__pptx_medium__lsb2.bmp,Photographic_2_M.bmp,Photographic,2,M,bmp,P04.pptx,pptx,medium,2,PPTX,PPTX,1
core,Photographic_2_M__pptx_medium__lsb3.bmp,/home/kali/Desktop/stego_dataset_expanded/stego_core_combined/Photographic_2_M__pptx_medium__lsb3.bmp,Photographic_2_M.bmp,Photographic,2,M,bmp,P04.pptx,pptx,medium,3,PPTX,PPTX,1
core,Photographic_2_M__pptx_small__lsb1.bmp,/home/kali/Desktop/stego_dataset_expanded/stego_core_combined/Photographic_2_M__pptx_small__lsb1.bmp,Photographic_2_M.bmp,Photographic,2,M,bmp,P04.pptx,pptx,small,1,PPTX,PPTX,1
core,Photographic_2_M__pptx_small__lsb2.bmp,/home/kali/Desktop/stego_dataset_expanded/stego_core_combined/Photographic_2_M__pptx_small__lsb2.bmp,Photographic_2_M.bmp,Photographic,2,M,bmp,P04.pptx,pptx,small,2,PPTX,PPTX,1
core,Photographic_2_M__pptx_small__lsb3.bmp,/home/kali/Desktop/stego_dataset_expanded/stego_core_combined/Photographic_2_M__pptx_small__lsb3.bmp,Photographic_2_M.bmp,Photographic,2,M,bmp,P04.pptx,pptx,small,3,PPTX,PPTX,1
core,Photographic_2_M__rtf_large__lsb3.bmp,/home/kali/Desktop/stego_dataset_expanded/stego_core_combined/Photographic_2_M__rtf_large__lsb3.bmp,Photographic_2_M.bmp,Photographic,2,M,bmp,P05.rtf,rtf,large,3,RTF,RTF,1
core,Photographic_2_M__rtf_medium__lsb2.bmp,/home/kali/Desktop/stego_dataset_expanded/stego_core_combined/Photographic_2_M__rtf_medium__lsb2.bmp,Photographic_2_M.bmp,Photographic,2,M,bmp,P05.rtf,rtf,medium,2,RTF,RTF,1
core,Photographic_2_M__rtf_medium__lsb3.bmp,/home/kali/Desktop/stego_dataset_expanded/stego_core_combined/Photographic_2_M__rtf_medium__lsb3.bmp,Photographic_2_M.bmp,Photographic,2,M,bmp,P05.rtf,rtf,medium,3,RTF,RTF,1
core,Photographic_2_M__rtf_small__lsb1.bmp,/home/kali/Desktop/stego_dataset_expanded/stego_core_combined/Photographic_2_M__rtf_small__lsb1.bmp,Photographic_2_M.bmp,Photographic,2,M,bmp,P05.rtf,rtf,small,1,RTF,RTF,1
core,Photographic_2_M__rtf_small__lsb2.bmp,/home/kali/Desktop/stego_dataset_expanded/stego_core_combined/Photographic_2_M__rtf_small__lsb2.bmp,Photographic_2_M.bmp,Photographic,2,M,bmp,P05.rtf,rtf,small,2,RTF,RTF,1
core,Photographic_2_M__rtf_small__lsb3.bmp,/home/kali/Desktop/stego_dataset_expanded/stego_core_combined/Photographic_2_M__rtf_small__lsb3.bmp,Photographic_2_M.bmp,Photographic,2,M,bmp,P05.rtf,rtf,small,3,RTF,RTF,1
core,Photographic_2_M__xlsx_large__lsb3.bmp,/home/kali/Desktop/stego_dataset_expanded/stego_core_combined/Photographic_2_M__xlsx_large__lsb3.bmp,Photographic_2_M.bmp,Photographic,2,M,bmp,P03.xlsx,xlsx,large,3,XLSX,XLSX,1
core,Photographic_2_M__xlsx_medium__lsb2.bmp,/home/kali/Desktop/stego_dataset_expanded/stego_core_combined/Photographic_2_M__xlsx_medium__lsb2.bmp,Photographic_2_M.bmp,Photographic,2,M,bmp,P03.xlsx,xlsx,medium,2,XLSX,XLSX,1
core,Photographic_2_M__xlsx_medium__lsb3.bmp,/home/kali/Desktop/stego_dataset_expanded/stego_core_combined/Photographic_2_M__xlsx_medium__lsb3.bmp,Photographic_2_M.bmp,Photographic,2,M,bmp,P03.xlsx,xlsx,medium,3,XLSX,XLSX,1
core,Photographic_2_M__xlsx_small__lsb1.bmp,/home/kali/Desktop/stego_dataset_expanded/stego_core_combined/Photographic_2_M__xlsx_small__lsb1.bmp,Photographic_2_M.bmp,Photographic,2,M,bmp,P03.xlsx,xlsx,small,1,XLSX,XLSX,1
core,Photographic_2_M__xlsx_small__lsb2.bmp,/home/kali/Desktop/stego_dataset_expanded/stego_core_combined/Photographic_2_M__xlsx_small__lsb2.bmp,Photographic_2_M.bmp,Photographic,2,M,bmp,P03.xlsx,xlsx,small,2,XLSX,XLSX,1
core,Photographic_2_M__xlsx_small__lsb3.bmp,/home/kali/Desktop/stego_dataset_expanded/stego_core_combined/Photographic_2_M__xlsx_small__lsb3.bmp,Photographic_2_M.bmp,Photographic,2,M,bmp,P03.xlsx,xlsx,small,3,XLSX,XLSX,1
core,Transparency_1_S__docx_small__lsb1.png,/home/kali/Desktop/stego_dataset_expanded/stego_core_combined/Transparency_1_S__docx_small__lsb1.png,Transparency_1_S.png,Transparency,1,S,png,P01.docx,docx,small,1,DOCX,DOCX,1
core,Transparency_1_S__docx_small__lsb2.png,/home/kali/Desktop/stego_dataset_expanded/stego_core_combined/Transparency_1_S__docx_small__lsb2.png,Transparency_1_S.png,Transparency,1,S,png,P01.docx,docx,small,2,DOCX,DOCX,1
core,Transparency_1_S__docx_small__lsb3.png,/home/kali/Desktop/stego_dataset_expanded/stego_core_combined/Transparency_1_S__docx_small__lsb3.png,Transparency_1_S.png,Transparency,1,S,png,P01.docx,docx,small,3,DOCX,DOCX,1
core,Transparency_1_S__exe_small__lsb1.png,/home/kali/Desktop/stego_dataset_expanded/stego_core_combined/Transparency_1_S__exe_small__lsb1.png,Transparency_1_S.png,Transparency,1,S,png,P06.exe,exe,small,1,EXE,EXE,1
core,Transparency_1_S__exe_small__lsb2.png,/home/kali/Desktop/stego_dataset_expanded/stego_core_combined/Transparency_1_S__exe_small__lsb2.png,Transparency_1_S.png,Transparency,1,S,png,P06.exe,exe,small,2,EXE,EXE,1
core,Transparency_1_S__exe_small__lsb3.png,/home/kali/Desktop/stego_dataset_expanded/stego_core_combined/Transparency_1_S__exe_small__lsb3.png,Transparency_1_S.png,Transparency,1,S,png,P06.exe,exe,small,3,EXE,EXE,1
core,Transparency_1_S__pdf_small__lsb1.png,/home/kali/Desktop/stego_dataset_expanded/stego_core_combined/Transparency_1_S__pdf_small__lsb1.png,Transparency_1_S.png,Transparency,1,S,png,P02.pdf,pdf,small,1,PDF,PDF,1
core,Transparency_1_S__pdf_small__lsb2.png,/home/kali/Desktop/stego_dataset_expanded/stego_core_combined/Transparency_1_S__pdf_small__lsb2.png,Transparency_1_S.png,Transparency,1,S,png,P02.pdf,pdf,small,2,PDF,PDF,1
core,Transparency_1_S__pdf_small__lsb3.png,/home/kali/Desktop/stego_dataset_expanded/stego_core_combined/Transparency_1_S__pdf_small__lsb3.png,Transparency_1_S.png,Transparency,1,S,png,P02.pdf,pdf,small,3,PDF,PDF,1
core,Transparency_1_S__pptx_small__lsb1.png,/home/kali/Desktop/stego_dataset_expanded/stego_core_combined/Transparency_1_S__pptx_small__lsb1.png,Transparency_1_S.png,Transparency,1,S,png,P04.pptx,pptx,small,1,PPTX,PPTX,1
core,Transparency_1_S__pptx_small__lsb2.png,/home/kali/Desktop/stego_dataset_expanded/stego_core_combined/Transparency_1_S__pptx_small__lsb2.png,Transparency_1_S.png,Transparency,1,S,png,P04.pptx,pptx,small,2,PPTX,PPTX,1
core,Transparency_1_S__pptx_small__lsb3.png,/home/kali/Desktop/stego_dataset_expanded/stego_core_combined/Transparency_1_S__pptx_small__lsb3.png,Transparency_1_S.png,Transparency,1,S,png,P04.pptx,pptx,small,3,PPTX,PPTX,1
core,Transparency_1_S__rtf_small__lsb1.png,/home/kali/Desktop/stego_dataset_expanded/stego_core_combined/Transparency_1_S__rtf_small__lsb1.png,Transparency_1_S.png,Transparency,1,S,png,P05.rtf,rtf,small,1,RTF,RTF,1
core,Transparency_1_S__rtf_small__lsb2.png,/home/kali/Desktop/stego_dataset_expanded/stego_core_combined/Transparency_1_S__rtf_small__lsb2.png,Transparency_1_S.png,Transparency,1,S,png,P05.rtf,rtf,small,2,RTF,RTF,1
core,Transparency_1_S__rtf_small__lsb3.png,/home/kali/Desktop/stego_dataset_expanded/stego_core_combined/Transparency_1_S__rtf_small__lsb3.png,Transparency_1_S.png,Transparency,1,S,png,P05.rtf,rtf,small,3,RTF,RTF,1
core,Transparency_1_S__xlsx_small__lsb1.png,/home/kali/Desktop/stego_dataset_expanded/stego_core_combined/Transparency_1_S__xlsx_small__lsb1.png,Transparency_1_S.png,Transparency,1,S,png,P03.xlsx,xlsx,small,1,XLSX,XLSX,1
core,Transparency_1_S__xlsx_small__lsb2.png,/home/kali/Desktop/stego_dataset_expanded/stego_core_combined/Transparency_1_S__xlsx_small__lsb2.png,Transparency_1_S.png,Transparency,1,S,png,P03.xlsx,xlsx,small,2,XLSX,XLSX,1
core,Transparency_1_S__xlsx_small__lsb3.png,/home/kali/Desktop/stego_dataset_expanded/stego_core_combined/Transparency_1_S__xlsx_small__lsb3.png,Transparency_1_S.png,Transparency,1,S,png,P03.xlsx,xlsx,small,3,XLSX,XLSX,1
core,Transparency_2_L__docx_large__lsb2.png,/home/kali/Desktop/stego_dataset_expanded/stego_core_combined/Transparency_2_L__docx_large__lsb2.png,Transparency_2_L.png,Transparency,2,L,png,P01.docx,docx,large,2,DOCX,DOCX,1
core,Transparency_2_L__docx_large__lsb3.png,/home/kali/Desktop/stego_dataset_expanded/stego_core_combined/Transparency_2_L__docx_large__lsb3.png,Transparency_2_L.png,Transparency,2,L,png,P01.docx,docx,large,3,DOCX,DOCX,1
core,Transparency_2_L__docx_medium__lsb1.png,/home/kali/Desktop/stego_dataset_expanded/stego_core_combined/Transparency_2_L__docx_medium__lsb1.png,Transparency_2_L.png,Transparency,2,L,png,P01.docx,docx,medium,1,DOCX,DOCX,1
core,Transparency_2_L__docx_medium__lsb2.png,/home/kali/Desktop/stego_dataset_expanded/stego_core_combined/Transparency_2_L__docx_medium__lsb2.png,Transparency_2_L.png,Transparency,2,L,png,P01.docx,docx,medium,2,DOCX,DOCX,1
core,Transparency_2_L__docx_medium__lsb3.png,/home/kali/Desktop/stego_dataset_expanded/stego_core_combined/Transparency_2_L__docx_medium__lsb3.png,Transparency_2_L.png,Transparency,2,L,png,P01.docx,docx,medium,3,DOCX,DOCX,1
core,Transparency_2_L__docx_small__lsb1.png,/home/kali/Desktop/stego_dataset_expanded/stego_core_combined/Transparency_2_L__docx_small__lsb1.png,Transparency_2_L.png,Transparency,2,L,png,P01.docx,docx,small,1,DOCX,DOCX,1
core,Transparency_2_L__docx_small__lsb2.png,/home/kali/Desktop/stego_dataset_expanded/stego_core_combined/Transparency_2_L__docx_small__lsb2.png,Transparency_2_L.png,Transparency,2,L,png,P01.docx,docx,small,2,DOCX,DOCX,1
core,Transparency_2_L__docx_small__lsb3.png,/home/kali/Desktop/stego_dataset_expanded/stego_core_combined/Transparency_2_L__docx_small__lsb3.png,Transparency_2_L.png,Transparency,2,L,png,P01.docx,docx,small,3,DOCX,DOCX,1
core,Transparency_2_L__exe_large__lsb2.png,/home/kali/Desktop/stego_dataset_expanded/stego_core_combined/Transparency_2_L__exe_large__lsb2.png,Transparency_2_L.png,Transparency,2,L,png,P06.exe,exe,large,2,EXE,EXE,1
core,Transparency_2_L__exe_large__lsb3.png,/home/kali/Desktop/stego_dataset_expanded/stego_core_combined/Transparency_2_L__exe_large__lsb3.png,Transparency_2_L.png,Transparency,2,L,png,P06.exe,exe,large,3,EXE,EXE,1
core,Transparency_2_L__exe_medium__lsb1.png,/home/kali/Desktop/stego_dataset_expanded/stego_core_combined/Transparency_2_L__exe_medium__lsb1.png,Transparency_2_L.png,Transparency,2,L,png,P06.exe,exe,medium,1,EXE,EXE,1
core,Transparency_2_L__exe_medium__lsb2.png,/home/kali/Desktop/stego_dataset_expanded/stego_core_combined/Transparency_2_L__exe_medium__lsb2.png,Transparency_2_L.png,Transparency,2,L,png,P06.exe,exe,medium,2,EXE,EXE,1
core,Transparency_2_L__exe_medium__lsb3.png,/home/kali/Desktop/stego_dataset_expanded/stego_core_combined/Transparency_2_L__exe_medium__lsb3.png,Transparency_2_L.png,Transparency,2,L,png,P06.exe,exe,medium,3,EXE,EXE,1
core,Transparency_2_L__exe_small__lsb1.png,/home/kali/Desktop/stego_dataset_expanded/stego_core_combined/Transparency_2_L__exe_small__lsb1.png,Transparency_2_L.png,Transparency,2,L,png,P06.exe,exe,small,1,EXE,EXE,1
core,Transparency_2_L__exe_small__lsb2.png,/home/kali/Desktop/stego_dataset_expanded/stego_core_combined/Transparency_2_L__exe_small__lsb2.png,Transparency_2_L.png,Transparency,2,L,png,P06.exe,exe,small,2,EXE,EXE,1
core,Transparency_2_L__exe_small__lsb3.png,/home/kali/Desktop/stego_dataset_expanded/stego_core_combined/Transparency_2_L__exe_small__lsb3.png,Transparency_2_L.png,Transparency,2,L,png,P06.exe,exe,small,3,EXE,EXE,1
core,Transparency_2_L__pdf_large__lsb2.png,/home/kali/Desktop/stego_dataset_expanded/stego_core_combined/Transparency_2_L__pdf_large__lsb2.png,Transparency_2_L.png,Transparency,2,L,png,P02.pdf,pdf,large,2,PDF,PDF,1
core,Transparency_2_L__pdf_large__lsb3.png,/home/kali/Desktop/stego_dataset_expanded/stego_core_combined/Transparency_2_L__pdf_large__lsb3.png,Transparency_2_L.png,Transparency,2,L,png,P02.pdf,pdf,large,3,PDF,PDF,1
core,Transparency_2_L__pdf_medium__lsb1.png,/home/kali/Desktop/stego_dataset_expanded/stego_core_combined/Transparency_2_L__pdf_medium__lsb1.png,Transparency_2_L.png,Transparency,2,L,png,P02.pdf,pdf,medium,1,PDF,PDF,1
core,Transparency_2_L__pdf_medium__lsb2.png,/home/kali/Desktop/stego_dataset_expanded/stego_core_combined/Transparency_2_L__pdf_medium__lsb2.png,Transparency_2_L.png,Transparency,2,L,png,P02.pdf,pdf,medium,2,PDF,PDF,1
core,Transparency_2_L__pdf_medium__lsb3.png,/home/kali/Desktop/stego_dataset_expanded/stego_core_combined/Transparency_2_L__pdf_medium__lsb3.png,Transparency_2_L.png,Transparency,2,L,png,P02.pdf,pdf,medium,3,PDF,PDF,1
core,Transparency_2_L__pdf_small__lsb1.png,/home/kali/Desktop/stego_dataset_expanded/stego_core_combined/Transparency_2_L__pdf_small__lsb1.png,Transparency_2_L.png,Transparency,2,L,png,P02.pdf,pdf,small,1,PDF,PDF,1
core,Transparency_2_L__pdf_small__lsb2.png,/home/kali/Desktop/stego_dataset_expanded/stego_core_combined/Transparency_2_L__pdf_small__lsb2.png,Transparency_2_L.png,Transparency,2,L,png,P02.pdf,pdf,small,2,PDF,PDF,1
core,Transparency_2_L__pdf_small__lsb3.png,/home/kali/Desktop/stego_dataset_expanded/stego_core_combined/Transparency_2_L__pdf_small__lsb3.png,Transparency_2_L.png,Transparency,2,L,png,P02.pdf,pdf,small,3,PDF,PDF,1
core,Transparency_2_L__pptx_large__lsb2.png,/home/kali/Desktop/stego_dataset_expanded/stego_core_combined/Transparency_2_L__pptx_large__lsb2.png,Transparency_2_L.png,Transparency,2,L,png,P04.pptx,pptx,large,2,PPTX,PPTX,1
core,Transparency_2_L__pptx_large__lsb3.png,/home/kali/Desktop/stego_dataset_expanded/stego_core_combined/Transparency_2_L__pptx_large__lsb3.png,Transparency_2_L.png,Transparency,2,L,png,P04.pptx,pptx,large,3,PPTX,PPTX,1
core,Transparency_2_L__pptx_medium__lsb1.png,/home/kali/Desktop/stego_dataset_expanded/stego_core_combined/Transparency_2_L__pptx_medium__lsb1.png,Transparency_2_L.png,Transparency,2,L,png,P04.pptx,pptx,medium,1,PPTX,PPTX,1
core,Transparency_2_L__pptx_medium__lsb2.png,/home/kali/Desktop/stego_dataset_expanded/stego_core_combined/Transparency_2_L__pptx_medium__lsb2.png,Transparency_2_L.png,Transparency,2,L,png,P04.pptx,pptx,medium,2,PPTX,PPTX,1
core,Transparency_2_L__pptx_medium__lsb3.png,/home/kali/Desktop/stego_dataset_expanded/stego_core_combined/Transparency_2_L__pptx_medium__lsb3.png,Transparency_2_L.png,Transparency,2,L,png,P04.pptx,pptx,medium,3,PPTX,PPTX,1
core,Transparency_2_L__pptx_small__lsb1.png,/home/kali/Desktop/stego_dataset_expanded/stego_core_combined/Transparency_2_L__pptx_small__lsb1.png,Transparency_2_L.png,Transparency,2,L,png,P04.pptx,pptx,small,1,PPTX,PPTX,1
core,Transparency_2_L__pptx_small__lsb2.png,/home/kali/Desktop/stego_dataset_expanded/stego_core_combined/Transparency_2_L__pptx_small__lsb2.png,Transparency_2_L.png,Transparency,2,L,png,P04.pptx,pptx,small,2,PPTX,PPTX,1
core,Transparency_2_L__pptx_small__lsb3.png,/home/kali/Desktop/stego_dataset_expanded/stego_core_combined/Transparency_2_L__pptx_small__lsb3.png,Transparency_2_L.png,Transparency,2,L,png,P04.pptx,pptx,small,3,PPTX,PPTX,1
core,Transparency_2_L__rtf_large__lsb2.png,/home/kali/Desktop/stego_dataset_expanded/stego_core_combined/Transparency_2_L__rtf_large__lsb2.png,Transparency_2_L.png,Transparency,2,L,png,P05.rtf,rtf,large,2,RTF,RTF,1
core,Transparency_2_L__rtf_large__lsb3.png,/home/kali/Desktop/stego_dataset_expanded/stego_core_combined/Transparency_2_L__rtf_large__lsb3.png,Transparency_2_L.png,Transparency,2,L,png,P05.rtf,rtf,large,3,RTF,RTF,1
core,Transparency_2_L__rtf_medium__lsb1.png,/home/kali/Desktop/stego_dataset_expanded/stego_core_combined/Transparency_2_L__rtf_medium__lsb1.png,Transparency_2_L.png,Transparency,2,L,png,P05.rtf,rtf,medium,1,RTF,RTF,1
core,Transparency_2_L__rtf_medium__lsb2.png,/home/kali/Desktop/stego_dataset_expanded/stego_core_combined/Transparency_2_L__rtf_medium__lsb2.png,Transparency_2_L.png,Transparency,2,L,png,P05.rtf,rtf,medium,2,RTF,RTF,1
core,Transparency_2_L__rtf_medium__lsb3.png,/home/kali/Desktop/stego_dataset_expanded/stego_core_combined/Transparency_2_L__rtf_medium__lsb3.png,Transparency_2_L.png,Transparency,2,L,png,P05.rtf,rtf,medium,3,RTF,RTF,1
core,Transparency_2_L__rtf_small__lsb1.png,/home/kali/Desktop/stego_dataset_expanded/stego_core_combined/Transparency_2_L__rtf_small__lsb1.png,Transparency_2_L.png,Transparency,2,L,png,P05.rtf,rtf,small,1,RTF,RTF,1
core,Transparency_2_L__rtf_small__lsb2.png,/home/kali/Desktop/stego_dataset_expanded/stego_core_combined/Transparency_2_L__rtf_small__lsb2.png,Transparency_2_L.png,Transparency,2,L,png,P05.rtf,rtf,small,2,RTF,RTF,1
core,Transparency_2_L__rtf_small__lsb3.png,/home/kali/Desktop/stego_dataset_expanded/stego_core_combined/Transparency_2_L__rtf_small__lsb3.png,Transparency_2_L.png,Transparency,2,L,png,P05.rtf,rtf,small,3,RTF,RTF,1
core,Transparency_2_L__xlsx_large__lsb2.png,/home/kali/Desktop/stego_dataset_expanded/stego_core_combined/Transparency_2_L__xlsx_large__lsb2.png,Transparency_2_L.png,Transparency,2,L,png,P03.xlsx,xlsx,large,2,XLSX,XLSX,1
core,Transparency_2_L__xlsx_large__lsb3.png,/home/kali/Desktop/stego_dataset_expanded/stego_core_combined/Transparency_2_L__xlsx_large__lsb3.png,Transparency_2_L.png,Transparency,2,L,png,P03.xlsx,xlsx,large,3,XLSX,XLSX,1
core,Transparency_2_L__xlsx_medium__lsb1.png,/home/kali/Desktop/stego_dataset_expanded/stego_core_combined/Transparency_2_L__xlsx_medium__lsb1.png,Transparency_2_L.png,Transparency,2,L,png,P03.xlsx,xlsx,medium,1,XLSX,XLSX,1
core,Transparency_2_L__xlsx_medium__lsb2.png,/home/kali/Desktop/stego_dataset_expanded/stego_core_combined/Transparency_2_L__xlsx_medium__lsb2.png,Transparency_2_L.png,Transparency,2,L,png,P03.xlsx,xlsx,medium,2,XLSX,XLSX,1
core,Transparency_2_L__xlsx_medium__lsb3.png,/home/kali/Desktop/stego_dataset_expanded/stego_core_combined/Transparency_2_L__xlsx_medium__lsb3.png,Transparency_2_L.png,Transparency,2,L,png,P03.xlsx,xlsx,medium,3,XLSX,XLSX,1
core,Transparency_2_L__xlsx_small__lsb1.png,/home/kali/Desktop/stego_dataset_expanded/stego_core_combined/Transparency_2_L__xlsx_small__lsb1.png,Transparency_2_L.png,Transparency,2,L,png,P03.xlsx,xlsx,small,1,XLSX,XLSX,1
core,Transparency_2_L__xlsx_small__lsb2.png,/home/kali/Desktop/stego_dataset_expanded/stego_core_combined/Transparency_2_L__xlsx_small__lsb2.png,Transparency_2_L.png,Transparency,2,L,png,P03.xlsx,xlsx,small,2,XLSX,XLSX,1
core,Transparency_2_L__xlsx_small__lsb3.png,/home/kali/Desktop/stego_dataset_expanded/stego_core_combined/Transparency_2_L__xlsx_small__lsb3.png,Transparency_2_L.png,Transparency,2,L,png,P03.xlsx,xlsx,small,3,XLSX,XLSX,1
extended_xl,XL-Synthetic_10_B__docx_large__lsb1.bmp,/home/kali/Desktop/stego_dataset_expanded/stego_core_combined/XL-Synthetic_10_B__docx_large__lsb1.bmp,XL-Synthetic_10_B.bmp,XL-Synthetic,10,B,bmp,P01.docx,docx,large,1,DOCX,DOCX,1
extended_xl,XL-Synthetic_10_B__docx_large__lsb2.bmp,/home/kali/Desktop/stego_dataset_expanded/stego_core_combined/XL-Synthetic_10_B__docx_large__lsb2.bmp,XL-Synthetic_10_B.bmp,XL-Synthetic,10,B,bmp,P01.docx,docx,large,2,DOCX,DOCX,1
extended_xl,XL-Synthetic_10_B__docx_large__lsb3.bmp,/home/kali/Desktop/stego_dataset_expanded/stego_core_combined/XL-Synthetic_10_B__docx_large__lsb3.bmp,XL-Synthetic_10_B.bmp,XL-Synthetic,10,B,bmp,P01.docx,docx,large,3,DOCX,DOCX,1
extended_xl,XL-Synthetic_10_B__docx_medium__lsb1.bmp,/home/kali/Desktop/stego_dataset_expanded/stego_core_combined/XL-Synthetic_10_B__docx_medium__lsb1.bmp,XL-Synthetic_10_B.bmp,XL-Synthetic,10,B,bmp,P01.docx,docx,medium,1,DOCX,DOCX,1
extended_xl,XL-Synthetic_10_B__docx_medium__lsb2.bmp,/home/kali/Desktop/stego_dataset_expanded/stego_core_combined/XL-Synthetic_10_B__docx_medium__lsb2.bmp,XL-Synthetic_10_B.bmp,XL-Synthetic,10,B,bmp,P01.docx,docx,medium,2,DOCX,DOCX,1
extended_xl,XL-Synthetic_10_B__docx_medium__lsb3.bmp,/home/kali/Desktop/stego_dataset_expanded/stego_core_combined/XL-Synthetic_10_B__docx_medium__lsb3.bmp,XL-Synthetic_10_B.bmp,XL-Synthetic,10,B,bmp,P01.docx,docx,medium,3,DOCX,DOCX,1
extended_xl,XL-Synthetic_10_B__docx_small__lsb1.bmp,/home/kali/Desktop/stego_dataset_expanded/stego_core_combined/XL-Synthetic_10_B__docx_small__lsb1.bmp,XL-Synthetic_10_B.bmp,XL-Synthetic,10,B,bmp,P01.docx,docx,small,1,DOCX,DOCX,1
extended_xl,XL-Synthetic_10_B__docx_small__lsb2.bmp,/home/kali/Desktop/stego_dataset_expanded/stego_core_combined/XL-Synthetic_10_B__docx_small__lsb2.bmp,XL-Synthetic_10_B.bmp,XL-Synthetic,10,B,bmp,P01.docx,docx,small,2,DOCX,DOCX,1
extended_xl,XL-Synthetic_10_B__docx_small__lsb3.bmp,/home/kali/Desktop/stego_dataset_expanded/stego_core_combined/XL-Synthetic_10_B__docx_small__lsb3.bmp,XL-Synthetic_10_B.bmp,XL-Synthetic,10,B,bmp,P01.docx,docx,small,3,DOCX,DOCX,1
extended_xl,XL-Synthetic_10_B__exe_large__lsb1.bmp,/home/kali/Desktop/stego_dataset_expanded/stego_core_combined/XL-Synthetic_10_B__exe_large__lsb1.bmp,XL-Synthetic_10_B.bmp,XL-Synthetic,10,B,bmp,P06.exe,exe,large,1,EXE,EXE,1
extended_xl,XL-Synthetic_10_B__exe_large__lsb2.bmp,/home/kali/Desktop/stego_dataset_expanded/stego_core_combined/XL-Synthetic_10_B__exe_large__lsb2.bmp,XL-Synthetic_10_B.bmp,XL-Synthetic,10,B,bmp,P06.exe,exe,large,2,EXE,EXE,1
extended_xl,XL-Synthetic_10_B__exe_large__lsb3.bmp,/home/kali/Desktop/stego_dataset_expanded/stego_core_combined/XL-Synthetic_10_B__exe_large__lsb3.bmp,XL-Synthetic_10_B.bmp,XL-Synthetic,10,B,bmp,P06.exe,exe,large,3,EXE,EXE,1
extended_xl,XL-Synthetic_10_B__exe_medium__lsb1.bmp,/home/kali/Desktop/stego_dataset_expanded/stego_core_combined/XL-Synthetic_10_B__exe_medium__lsb1.bmp,XL-Synthetic_10_B.bmp,XL-Synthetic,10,B,bmp,P06.exe,exe,medium,1,EXE,EXE,1
extended_xl,XL-Synthetic_10_B__exe_medium__lsb2.bmp,/home/kali/Desktop/stego_dataset_expanded/stego_core_combined/XL-Synthetic_10_B__exe_medium__lsb2.bmp,XL-Synthetic_10_B.bmp,XL-Synthetic,10,B,bmp,P06.exe,exe,medium,2,EXE,EXE,1
extended_xl,XL-Synthetic_10_B__exe_medium__lsb3.bmp,/home/kali/Desktop/stego_dataset_expanded/stego_core_combined/XL-Synthetic_10_B__exe_medium__lsb3.bmp,XL-Synthetic_10_B.bmp,XL-Synthetic,10,B,bmp,P06.exe,exe,medium,3,EXE,EXE,1
extended_xl,XL-Synthetic_10_B__exe_small__lsb1.bmp,/home/kali/Desktop/stego_dataset_expanded/stego_core_combined/XL-Synthetic_10_B__exe_small__lsb1.bmp,XL-Synthetic_10_B.bmp,XL-Synthetic,10,B,bmp,P06.exe,exe,small,1,EXE,EXE,1
extended_xl,XL-Synthetic_10_B__exe_small__lsb2.bmp,/home/kali/Desktop/stego_dataset_expanded/stego_core_combined/XL-Synthetic_10_B__exe_small__lsb2.bmp,XL-Synthetic_10_B.bmp,XL-Synthetic,10,B,bmp,P06.exe,exe,small,2,EXE,EXE,1
extended_xl,XL-Synthetic_10_B__exe_small__lsb3.bmp,/home/kali/Desktop/stego_dataset_expanded/stego_core_combined/XL-Synthetic_10_B__exe_small__lsb3.bmp,XL-Synthetic_10_B.bmp,XL-Synthetic,10,B,bmp,P06.exe,exe,small,3,EXE,EXE,1
extended_xl,XL-Synthetic_10_B__pdf_large__lsb1.bmp,/home/kali/Desktop/stego_dataset_expanded/stego_core_combined/XL-Synthetic_10_B__pdf_large__lsb1.bmp,XL-Synthetic_10_B.bmp,XL-Synthetic,10,B,bmp,P02.pdf,pdf,large,1,PDF,PDF,1
extended_xl,XL-Synthetic_10_B__pdf_large__lsb2.bmp,/home/kali/Desktop/stego_dataset_expanded/stego_core_combined/XL-Synthetic_10_B__pdf_large__lsb2.bmp,XL-Synthetic_10_B.bmp,XL-Synthetic,10,B,bmp,P02.pdf,pdf,large,2,PDF,PDF,1
extended_xl,XL-Synthetic_10_B__pdf_large__lsb3.bmp,/home/kali/Desktop/stego_dataset_expanded/stego_core_combined/XL-Synthetic_10_B__pdf_large__lsb3.bmp,XL-Synthetic_10_B.bmp,XL-Synthetic,10,B,bmp,P02.pdf,pdf,large,3,PDF,PDF,1
extended_xl,XL-Synthetic_10_B__pdf_medium__lsb1.bmp,/home/kali/Desktop/stego_dataset_expanded/stego_core_combined/XL-Synthetic_10_B__pdf_medium__lsb1.bmp,XL-Synthetic_10_B.bmp,XL-Synthetic,10,B,bmp,P02.pdf,pdf,medium,1,PDF,PDF,1
extended_xl,XL-Synthetic_10_B__pdf_medium__lsb2.bmp,/home/kali/Desktop/stego_dataset_expanded/stego_core_combined/XL-Synthetic_10_B__pdf_medium__lsb2.bmp,XL-Synthetic_10_B.bmp,XL-Synthetic,10,B,bmp,P02.pdf,pdf,medium,2,PDF,PDF,1
extended_xl,XL-Synthetic_10_B__pdf_medium__lsb3.bmp,/home/kali/Desktop/stego_dataset_expanded/stego_core_combined/XL-Synthetic_10_B__pdf_medium__lsb3.bmp,XL-Synthetic_10_B.bmp,XL-Synthetic,10,B,bmp,P02.pdf,pdf,medium,3,PDF,PDF,1
extended_xl,XL-Synthetic_10_B__pdf_small__lsb1.bmp,/home/kali/Desktop/stego_dataset_expanded/stego_core_combined/XL-Synthetic_10_B__pdf_small__lsb1.bmp,XL-Synthetic_10_B.bmp,XL-Synthetic,10,B,bmp,P02.pdf,pdf,small,1,PDF,PDF,1
extended_xl,XL-Synthetic_10_B__pdf_small__lsb2.bmp,/home/kali/Desktop/stego_dataset_expanded/stego_core_combined/XL-Synthetic_10_B__pdf_small__lsb2.bmp,XL-Synthetic_10_B.bmp,XL-Synthetic,10,B,bmp,P02.pdf,pdf,small,2,PDF,PDF,1
extended_xl,XL-Synthetic_10_B__pdf_small__lsb3.bmp,/home/kali/Desktop/stego_dataset_expanded/stego_core_combined/XL-Synthetic_10_B__pdf_small__lsb3.bmp,XL-Synthetic_10_B.bmp,XL-Synthetic,10,B,bmp,P02.pdf,pdf,small,3,PDF,PDF,1
extended_xl,XL-Synthetic_10_B__pptx_large__lsb1.bmp,/home/kali/Desktop/stego_dataset_expanded/stego_core_combined/XL-Synthetic_10_B__pptx_large__lsb1.bmp,XL-Synthetic_10_B.bmp,XL-Synthetic,10,B,bmp,P04.pptx,pptx,large,1,PPTX,PPTX,1
extended_xl,XL-Synthetic_10_B__pptx_large__lsb2.bmp,/home/kali/Desktop/stego_dataset_expanded/stego_core_combined/XL-Synthetic_10_B__pptx_large__lsb2.bmp,XL-Synthetic_10_B.bmp,XL-Synthetic,10,B,bmp,P04.pptx,pptx,large,2,PPTX,PPTX,1
extended_xl,XL-Synthetic_10_B__pptx_large__lsb3.bmp,/home/kali/Desktop/stego_dataset_expanded/stego_core_combined/XL-Synthetic_10_B__pptx_large__lsb3.bmp,XL-Synthetic_10_B.bmp,XL-Synthetic,10,B,bmp,P04.pptx,pptx,large,3,PPTX,PPTX,1
extended_xl,XL-Synthetic_10_B__pptx_medium__lsb1.bmp,/home/kali/Desktop/stego_dataset_expanded/stego_core_combined/XL-Synthetic_10_B__pptx_medium__lsb1.bmp,XL-Synthetic_10_B.bmp,XL-Synthetic,10,B,bmp,P04.pptx,pptx,medium,1,PPTX,PPTX,1
extended_xl,XL-Synthetic_10_B__pptx_medium__lsb2.bmp,/home/kali/Desktop/stego_dataset_expanded/stego_core_combined/XL-Synthetic_10_B__pptx_medium__lsb2.bmp,XL-Synthetic_10_B.bmp,XL-Synthetic,10,B,bmp,P04.pptx,pptx,medium,2,PPTX,PPTX,1
extended_xl,XL-Synthetic_10_B__pptx_medium__lsb3.bmp,/home/kali/Desktop/stego_dataset_expanded/stego_core_combined/XL-Synthetic_10_B__pptx_medium__lsb3.bmp,XL-Synthetic_10_B.bmp,XL-Synthetic,10,B,bmp,P04.pptx,pptx,medium,3,PPTX,PPTX,1
extended_xl,XL-Synthetic_10_B__pptx_small__lsb1.bmp,/home/kali/Desktop/stego_dataset_expanded/stego_core_combined/XL-Synthetic_10_B__pptx_small__lsb1.bmp,XL-Synthetic_10_B.bmp,XL-Synthetic,10,B,bmp,P04.pptx,pptx,small,1,PPTX,PPTX,1
extended_xl,XL-Synthetic_10_B__pptx_small__lsb2.bmp,/home/kali/Desktop/stego_dataset_expanded/stego_core_combined/XL-Synthetic_10_B__pptx_small__lsb2.bmp,XL-Synthetic_10_B.bmp,XL-Synthetic,10,B,bmp,P04.pptx,pptx,small,2,PPTX,PPTX,1
extended_xl,XL-Synthetic_10_B__pptx_small__lsb3.bmp,/home/kali/Desktop/stego_dataset_expanded/stego_core_combined/XL-Synthetic_10_B__pptx_small__lsb3.bmp,XL-Synthetic_10_B.bmp,XL-Synthetic,10,B,bmp,P04.pptx,pptx,small,3,PPTX,PPTX,1
extended_xl,XL-Synthetic_10_B__rtf_large__lsb1.bmp,/home/kali/Desktop/stego_dataset_expanded/stego_core_combined/XL-Synthetic_10_B__rtf_large__lsb1.bmp,XL-Synthetic_10_B.bmp,XL-Synthetic,10,B,bmp,P05.rtf,rtf,large,1,RTF,RTF,1
extended_xl,XL-Synthetic_10_B__rtf_large__lsb2.bmp,/home/kali/Desktop/stego_dataset_expanded/stego_core_combined/XL-Synthetic_10_B__rtf_large__lsb2.bmp,XL-Synthetic_10_B.bmp,XL-Synthetic,10,B,bmp,P05.rtf,rtf,large,2,RTF,RTF,1
extended_xl,XL-Synthetic_10_B__rtf_large__lsb3.bmp,/home/kali/Desktop/stego_dataset_expanded/stego_core_combined/XL-Synthetic_10_B__rtf_large__lsb3.bmp,XL-Synthetic_10_B.bmp,XL-Synthetic,10,B,bmp,P05.rtf,rtf,large,3,RTF,RTF,1
extended_xl,XL-Synthetic_10_B__rtf_medium__lsb1.bmp,/home/kali/Desktop/stego_dataset_expanded/stego_core_combined/XL-Synthetic_10_B__rtf_medium__lsb1.bmp,XL-Synthetic_10_B.bmp,XL-Synthetic,10,B,bmp,P05.rtf,rtf,medium,1,RTF,RTF,1
extended_xl,XL-Synthetic_10_B__rtf_medium__lsb2.bmp,/home/kali/Desktop/stego_dataset_expanded/stego_core_combined/XL-Synthetic_10_B__rtf_medium__lsb2.bmp,XL-Synthetic_10_B.bmp,XL-Synthetic,10,B,bmp,P05.rtf,rtf,medium,2,RTF,RTF,1
extended_xl,XL-Synthetic_10_B__rtf_medium__lsb3.bmp,/home/kali/Desktop/stego_dataset_expanded/stego_core_combined/XL-Synthetic_10_B__rtf_medium__lsb3.bmp,XL-Synthetic_10_B.bmp,XL-Synthetic,10,B,bmp,P05.rtf,rtf,medium,3,RTF,RTF,1
extended_xl,XL-Synthetic_10_B__rtf_small__lsb1.bmp,/home/kali/Desktop/stego_dataset_expanded/stego_core_combined/XL-Synthetic_10_B__rtf_small__lsb1.bmp,XL-Synthetic_10_B.bmp,XL-Synthetic,10,B,bmp,P05.rtf,rtf,small,1,RTF,RTF,1
extended_xl,XL-Synthetic_10_B__rtf_small__lsb2.bmp,/home/kali/Desktop/stego_dataset_expanded/stego_core_combined/XL-Synthetic_10_B__rtf_small__lsb2.bmp,XL-Synthetic_10_B.bmp,XL-Synthetic,10,B,bmp,P05.rtf,rtf,small,2,RTF,RTF,1
extended_xl,XL-Synthetic_10_B__rtf_small__lsb3.bmp,/home/kali/Desktop/stego_dataset_expanded/stego_core_combined/XL-Synthetic_10_B__rtf_small__lsb3.bmp,XL-Synthetic_10_B.bmp,XL-Synthetic,10,B,bmp,P05.rtf,rtf,small,3,RTF,RTF,1
extended_xl,XL-Synthetic_10_B__xlsx_large__lsb1.bmp,/home/kali/Desktop/stego_dataset_expanded/stego_core_combined/XL-Synthetic_10_B__xlsx_large__lsb1.bmp,XL-Synthetic_10_B.bmp,XL-Synthetic,10,B,bmp,P03.xlsx,xlsx,large,1,XLSX,XLSX,1
extended_xl,XL-Synthetic_10_B__xlsx_large__lsb2.bmp,/home/kali/Desktop/stego_dataset_expanded/stego_core_combined/XL-Synthetic_10_B__xlsx_large__lsb2.bmp,XL-Synthetic_10_B.bmp,XL-Synthetic,10,B,bmp,P03.xlsx,xlsx,large,2,XLSX,XLSX,1
extended_xl,XL-Synthetic_10_B__xlsx_large__lsb3.bmp,/home/kali/Desktop/stego_dataset_expanded/stego_core_combined/XL-Synthetic_10_B__xlsx_large__lsb3.bmp,XL-Synthetic_10_B.bmp,XL-Synthetic,10,B,bmp,P03.xlsx,xlsx,large,3,XLSX,XLSX,1
extended_xl,XL-Synthetic_10_B__xlsx_medium__lsb1.bmp,/home/kali/Desktop/stego_dataset_expanded/stego_core_combined/XL-Synthetic_10_B__xlsx_medium__lsb1.bmp,XL-Synthetic_10_B.bmp,XL-Synthetic,10,B,bmp,P03.xlsx,xlsx,medium,1,XLSX,XLSX,1
extended_xl,XL-Synthetic_10_B__xlsx_medium__lsb2.bmp,/home/kali/Desktop/stego_dataset_expanded/stego_core_combined/XL-Synthetic_10_B__xlsx_medium__lsb2.bmp,XL-Synthetic_10_B.bmp,XL-Synthetic,10,B,bmp,P03.xlsx,xlsx,medium,2,XLSX,XLSX,1
extended_xl,XL-Synthetic_10_B__xlsx_medium__lsb3.bmp,/home/kali/Desktop/stego_dataset_expanded/stego_core_combined/XL-Synthetic_10_B__xlsx_medium__lsb3.bmp,XL-Synthetic_10_B.bmp,XL-Synthetic,10,B,bmp,P03.xlsx,xlsx,medium,3,XLSX,XLSX,1
extended_xl,XL-Synthetic_10_B__xlsx_small__lsb1.bmp,/home/kali/Desktop/stego_dataset_expanded/stego_core_combined/XL-Synthetic_10_B__xlsx_small__lsb1.bmp,XL-Synthetic_10_B.bmp,XL-Synthetic,10,B,bmp,P03.xlsx,xlsx,small,1,XLSX,XLSX,1
extended_xl,XL-Synthetic_10_B__xlsx_small__lsb2.bmp,/home/kali/Desktop/stego_dataset_expanded/stego_core_combined/XL-Synthetic_10_B__xlsx_small__lsb2.bmp,XL-Synthetic_10_B.bmp,XL-Synthetic,10,B,bmp,P03.xlsx,xlsx,small,2,XLSX,XLSX,1
extended_xl,XL-Synthetic_10_B__xlsx_small__lsb3.bmp,/home/kali/Desktop/stego_dataset_expanded/stego_core_combined/XL-Synthetic_10_B__xlsx_small__lsb3.bmp,XL-Synthetic_10_B.bmp,XL-Synthetic,10,B,bmp,P03.xlsx,xlsx,small,3,XLSX,XLSX,1
extended_xl,XL-Synthetic_10_P__docx_large__lsb3.png,/home/kali/Desktop/stego_dataset_expanded/stego_core_combined/XL-Synthetic_10_P__docx_large__lsb3.png,XL-Synthetic_10_P.png,XL-Synthetic,10,P,png,P01.docx,docx,large,3,DOCX,DOCX,1
extended_xl,XL-Synthetic_10_P__docx_medium__lsb2.png,/home/kali/Desktop/stego_dataset_expanded/stego_core_combined/XL-Synthetic_10_P__docx_medium__lsb2.png,XL-Synthetic_10_P.png,XL-Synthetic,10,P,png,P01.docx,docx,medium,2,DOCX,DOCX,1
extended_xl,XL-Synthetic_10_P__docx_medium__lsb3.png,/home/kali/Desktop/stego_dataset_expanded/stego_core_combined/XL-Synthetic_10_P__docx_medium__lsb3.png,XL-Synthetic_10_P.png,XL-Synthetic,10,P,png,P01.docx,docx,medium,3,DOCX,DOCX,1
extended_xl,XL-Synthetic_10_P__docx_small__lsb1.png,/home/kali/Desktop/stego_dataset_expanded/stego_core_combined/XL-Synthetic_10_P__docx_small__lsb1.png,XL-Synthetic_10_P.png,XL-Synthetic,10,P,png,P01.docx,docx,small,1,DOCX,DOCX,1
extended_xl,XL-Synthetic_10_P__docx_small__lsb2.png,/home/kali/Desktop/stego_dataset_expanded/stego_core_combined/XL-Synthetic_10_P__docx_small__lsb2.png,XL-Synthetic_10_P.png,XL-Synthetic,10,P,png,P01.docx,docx,small,2,DOCX,DOCX,1
extended_xl,XL-Synthetic_10_P__docx_small__lsb3.png,/home/kali/Desktop/stego_dataset_expanded/stego_core_combined/XL-Synthetic_10_P__docx_small__lsb3.png,XL-Synthetic_10_P.png,XL-Synthetic,10,P,png,P01.docx,docx,small,3,DOCX,DOCX,1
extended_xl,XL-Synthetic_10_P__exe_large__lsb3.png,/home/kali/Desktop/stego_dataset_expanded/stego_core_combined/XL-Synthetic_10_P__exe_large__lsb3.png,XL-Synthetic_10_P.png,XL-Synthetic,10,P,png,P06.exe,exe,large,3,EXE,EXE,1
extended_xl,XL-Synthetic_10_P__exe_medium__lsb2.png,/home/kali/Desktop/stego_dataset_expanded/stego_core_combined/XL-Synthetic_10_P__exe_medium__lsb2.png,XL-Synthetic_10_P.png,XL-Synthetic,10,P,png,P06.exe,exe,medium,2,EXE,EXE,1
extended_xl,XL-Synthetic_10_P__exe_medium__lsb3.png,/home/kali/Desktop/stego_dataset_expanded/stego_core_combined/XL-Synthetic_10_P__exe_medium__lsb3.png,XL-Synthetic_10_P.png,XL-Synthetic,10,P,png,P06.exe,exe,medium,3,EXE,EXE,1
extended_xl,XL-Synthetic_10_P__exe_small__lsb1.png,/home/kali/Desktop/stego_dataset_expanded/stego_core_combined/XL-Synthetic_10_P__exe_small__lsb1.png,XL-Synthetic_10_P.png,XL-Synthetic,10,P,png,P06.exe,exe,small,1,EXE,EXE,1
extended_xl,XL-Synthetic_10_P__exe_small__lsb2.png,/home/kali/Desktop/stego_dataset_expanded/stego_core_combined/XL-Synthetic_10_P__exe_small__lsb2.png,XL-Synthetic_10_P.png,XL-Synthetic,10,P,png,P06.exe,exe,small,2,EXE,EXE,1
extended_xl,XL-Synthetic_10_P__exe_small__lsb3.png,/home/kali/Desktop/stego_dataset_expanded/stego_core_combined/XL-Synthetic_10_P__exe_small__lsb3.png,XL-Synthetic_10_P.png,XL-Synthetic,10,P,png,P06.exe,exe,small,3,EXE,EXE,1
extended_xl,XL-Synthetic_10_P__pdf_large__lsb3.png,/home/kali/Desktop/stego_dataset_expanded/stego_core_combined/XL-Synthetic_10_P__pdf_large__lsb3.png,XL-Synthetic_10_P.png,XL-Synthetic,10,P,png,P02.pdf,pdf,large,3,PDF,PDF,1
extended_xl,XL-Synthetic_10_P__pdf_medium__lsb2.png,/home/kali/Desktop/stego_dataset_expanded/stego_core_combined/XL-Synthetic_10_P__pdf_medium__lsb2.png,XL-Synthetic_10_P.png,XL-Synthetic,10,P,png,P02.pdf,pdf,medium,2,PDF,PDF,1
extended_xl,XL-Synthetic_10_P__pdf_medium__lsb3.png,/home/kali/Desktop/stego_dataset_expanded/stego_core_combined/XL-Synthetic_10_P__pdf_medium__lsb3.png,XL-Synthetic_10_P.png,XL-Synthetic,10,P,png,P02.pdf,pdf,medium,3,PDF,PDF,1
extended_xl,XL-Synthetic_10_P__pdf_small__lsb1.png,/home/kali/Desktop/stego_dataset_expanded/stego_core_combined/XL-Synthetic_10_P__pdf_small__lsb1.png,XL-Synthetic_10_P.png,XL-Synthetic,10,P,png,P02.pdf,pdf,small,1,PDF,PDF,1
extended_xl,XL-Synthetic_10_P__pdf_small__lsb2.png,/home/kali/Desktop/stego_dataset_expanded/stego_core_combined/XL-Synthetic_10_P__pdf_small__lsb2.png,XL-Synthetic_10_P.png,XL-Synthetic,10,P,png,P02.pdf,pdf,small,2,PDF,PDF,1
extended_xl,XL-Synthetic_10_P__pdf_small__lsb3.png,/home/kali/Desktop/stego_dataset_expanded/stego_core_combined/XL-Synthetic_10_P__pdf_small__lsb3.png,XL-Synthetic_10_P.png,XL-Synthetic,10,P,png,P02.pdf,pdf,small,3,PDF,PDF,1
extended_xl,XL-Synthetic_10_P__pptx_large__lsb3.png,/home/kali/Desktop/stego_dataset_expanded/stego_core_combined/XL-Synthetic_10_P__pptx_large__lsb3.png,XL-Synthetic_10_P.png,XL-Synthetic,10,P,png,P04.pptx,pptx,large,3,PPTX,PPTX,1
extended_xl,XL-Synthetic_10_P__pptx_medium__lsb2.png,/home/kali/Desktop/stego_dataset_expanded/stego_core_combined/XL-Synthetic_10_P__pptx_medium__lsb2.png,XL-Synthetic_10_P.png,XL-Synthetic,10,P,png,P04.pptx,pptx,medium,2,PPTX,PPTX,1
extended_xl,XL-Synthetic_10_P__pptx_medium__lsb3.png,/home/kali/Desktop/stego_dataset_expanded/stego_core_combined/XL-Synthetic_10_P__pptx_medium__lsb3.png,XL-Synthetic_10_P.png,XL-Synthetic,10,P,png,P04.pptx,pptx,medium,3,PPTX,PPTX,1
extended_xl,XL-Synthetic_10_P__pptx_small__lsb1.png,/home/kali/Desktop/stego_dataset_expanded/stego_core_combined/XL-Synthetic_10_P__pptx_small__lsb1.png,XL-Synthetic_10_P.png,XL-Synthetic,10,P,png,P04.pptx,pptx,small,1,PPTX,PPTX,1
extended_xl,XL-Synthetic_10_P__pptx_small__lsb2.png,/home/kali/Desktop/stego_dataset_expanded/stego_core_combined/XL-Synthetic_10_P__pptx_small__lsb2.png,XL-Synthetic_10_P.png,XL-Synthetic,10,P,png,P04.pptx,pptx,small,2,PPTX,PPTX,1
extended_xl,XL-Synthetic_10_P__pptx_small__lsb3.png,/home/kali/Desktop/stego_dataset_expanded/stego_core_combined/XL-Synthetic_10_P__pptx_small__lsb3.png,XL-Synthetic_10_P.png,XL-Synthetic,10,P,png,P04.pptx,pptx,small,3,PPTX,PPTX,1
extended_xl,XL-Synthetic_10_P__rtf_large__lsb3.png,/home/kali/Desktop/stego_dataset_expanded/stego_core_combined/XL-Synthetic_10_P__rtf_large__lsb3.png,XL-Synthetic_10_P.png,XL-Synthetic,10,P,png,P05.rtf,rtf,large,3,RTF,RTF,1
extended_xl,XL-Synthetic_10_P__rtf_medium__lsb2.png,/home/kali/Desktop/stego_dataset_expanded/stego_core_combined/XL-Synthetic_10_P__rtf_medium__lsb2.png,XL-Synthetic_10_P.png,XL-Synthetic,10,P,png,P05.rtf,rtf,medium,2,RTF,RTF,1
extended_xl,XL-Synthetic_10_P__rtf_medium__lsb3.png,/home/kali/Desktop/stego_dataset_expanded/stego_core_combined/XL-Synthetic_10_P__rtf_medium__lsb3.png,XL-Synthetic_10_P.png,XL-Synthetic,10,P,png,P05.rtf,rtf,medium,3,RTF,RTF,1
extended_xl,XL-Synthetic_10_P__rtf_small__lsb1.png,/home/kali/Desktop/stego_dataset_expanded/stego_core_combined/XL-Synthetic_10_P__rtf_small__lsb1.png,XL-Synthetic_10_P.png,XL-Synthetic,10,P,png,P05.rtf,rtf,small,1,RTF,RTF,1
extended_xl,XL-Synthetic_10_P__rtf_small__lsb2.png,/home/kali/Desktop/stego_dataset_expanded/stego_core_combined/XL-Synthetic_10_P__rtf_small__lsb2.png,XL-Synthetic_10_P.png,XL-Synthetic,10,P,png,P05.rtf,rtf,small,2,RTF,RTF,1
extended_xl,XL-Synthetic_10_P__rtf_small__lsb3.png,/home/kali/Desktop/stego_dataset_expanded/stego_core_combined/XL-Synthetic_10_P__rtf_small__lsb3.png,XL-Synthetic_10_P.png,XL-Synthetic,10,P,png,P05.rtf,rtf,small,3,RTF,RTF,1
extended_xl,XL-Synthetic_10_P__xlsx_large__lsb3.png,/home/kali/Desktop/stego_dataset_expanded/stego_core_combined/XL-Synthetic_10_P__xlsx_large__lsb3.png,XL-Synthetic_10_P.png,XL-Synthetic,10,P,png,P03.xlsx,xlsx,large,3,XLSX,XLSX,1
extended_xl,XL-Synthetic_10_P__xlsx_medium__lsb2.png,/home/kali/Desktop/stego_dataset_expanded/stego_core_combined/XL-Synthetic_10_P__xlsx_medium__lsb2.png,XL-Synthetic_10_P.png,XL-Synthetic,10,P,png,P03.xlsx,xlsx,medium,2,XLSX,XLSX,1
extended_xl,XL-Synthetic_10_P__xlsx_medium__lsb3.png,/home/kali/Desktop/stego_dataset_expanded/stego_core_combined/XL-Synthetic_10_P__xlsx_medium__lsb3.png,XL-Synthetic_10_P.png,XL-Synthetic,10,P,png,P03.xlsx,xlsx,medium,3,XLSX,XLSX,1
extended_xl,XL-Synthetic_10_P__xlsx_small__lsb1.png,/home/kali/Desktop/stego_dataset_expanded/stego_core_combined/XL-Synthetic_10_P__xlsx_small__lsb1.png,XL-Synthetic_10_P.png,XL-Synthetic,10,P,png,P03.xlsx,xlsx,small,1,XLSX,XLSX,1
extended_xl,XL-Synthetic_10_P__xlsx_small__lsb2.png,/home/kali/Desktop/stego_dataset_expanded/stego_core_combined/XL-Synthetic_10_P__xlsx_small__lsb2.png,XL-Synthetic_10_P.png,XL-Synthetic,10,P,png,P03.xlsx,xlsx,small,2,XLSX,XLSX,1
extended_xl,XL-Synthetic_10_P__xlsx_small__lsb3.png,/home/kali/Desktop/stego_dataset_expanded/stego_core_combined/XL-Synthetic_10_P__xlsx_small__lsb3.png,XL-Synthetic_10_P.png,XL-Synthetic,10,P,png,P03.xlsx,xlsx,small,3,XLSX,XLSX,1
extended_xl,XL-Synthetic_11_B__docx_large__lsb1.bmp,/home/kali/Desktop/stego_dataset_expanded/stego_core_combined/XL-Synthetic_11_B__docx_large__lsb1.bmp,XL-Synthetic_11_B.bmp,XL-Synthetic,11,B,bmp,P01.docx,docx,large,1,DOCX,DOCX,1
extended_xl,XL-Synthetic_11_B__docx_large__lsb2.bmp,/home/kali/Desktop/stego_dataset_expanded/stego_core_combined/XL-Synthetic_11_B__docx_large__lsb2.bmp,XL-Synthetic_11_B.bmp,XL-Synthetic,11,B,bmp,P01.docx,docx,large,2,DOCX,DOCX,1
extended_xl,XL-Synthetic_11_B__docx_large__lsb3.bmp,/home/kali/Desktop/stego_dataset_expanded/stego_core_combined/XL-Synthetic_11_B__docx_large__lsb3.bmp,XL-Synthetic_11_B.bmp,XL-Synthetic,11,B,bmp,P01.docx,docx,large,3,DOCX,DOCX,1
extended_xl,XL-Synthetic_11_B__docx_medium__lsb1.bmp,/home/kali/Desktop/stego_dataset_expanded/stego_core_combined/XL-Synthetic_11_B__docx_medium__lsb1.bmp,XL-Synthetic_11_B.bmp,XL-Synthetic,11,B,bmp,P01.docx,docx,medium,1,DOCX,DOCX,1
extended_xl,XL-Synthetic_11_B__docx_medium__lsb2.bmp,/home/kali/Desktop/stego_dataset_expanded/stego_core_combined/XL-Synthetic_11_B__docx_medium__lsb2.bmp,XL-Synthetic_11_B.bmp,XL-Synthetic,11,B,bmp,P01.docx,docx,medium,2,DOCX,DOCX,1
extended_xl,XL-Synthetic_11_B__docx_medium__lsb3.bmp,/home/kali/Desktop/stego_dataset_expanded/stego_core_combined/XL-Synthetic_11_B__docx_medium__lsb3.bmp,XL-Synthetic_11_B.bmp,XL-Synthetic,11,B,bmp,P01.docx,docx,medium,3,DOCX,DOCX,1
extended_xl,XL-Synthetic_11_B__docx_small__lsb1.bmp,/home/kali/Desktop/stego_dataset_expanded/stego_core_combined/XL-Synthetic_11_B__docx_small__lsb1.bmp,XL-Synthetic_11_B.bmp,XL-Synthetic,11,B,bmp,P01.docx,docx,small,1,DOCX,DOCX,1
extended_xl,XL-Synthetic_11_B__docx_small__lsb2.bmp,/home/kali/Desktop/stego_dataset_expanded/stego_core_combined/XL-Synthetic_11_B__docx_small__lsb2.bmp,XL-Synthetic_11_B.bmp,XL-Synthetic,11,B,bmp,P01.docx,docx,small,2,DOCX,DOCX,1
extended_xl,XL-Synthetic_11_B__docx_small__lsb3.bmp,/home/kali/Desktop/stego_dataset_expanded/stego_core_combined/XL-Synthetic_11_B__docx_small__lsb3.bmp,XL-Synthetic_11_B.bmp,XL-Synthetic,11,B,bmp,P01.docx,docx,small,3,DOCX,DOCX,1
extended_xl,XL-Synthetic_11_B__exe_large__lsb1.bmp,/home/kali/Desktop/stego_dataset_expanded/stego_core_combined/XL-Synthetic_11_B__exe_large__lsb1.bmp,XL-Synthetic_11_B.bmp,XL-Synthetic,11,B,bmp,P06.exe,exe,large,1,EXE,EXE,1
extended_xl,XL-Synthetic_11_B__exe_large__lsb2.bmp,/home/kali/Desktop/stego_dataset_expanded/stego_core_combined/XL-Synthetic_11_B__exe_large__lsb2.bmp,XL-Synthetic_11_B.bmp,XL-Synthetic,11,B,bmp,P06.exe,exe,large,2,EXE,EXE,1
extended_xl,XL-Synthetic_11_B__exe_large__lsb3.bmp,/home/kali/Desktop/stego_dataset_expanded/stego_core_combined/XL-Synthetic_11_B__exe_large__lsb3.bmp,XL-Synthetic_11_B.bmp,XL-Synthetic,11,B,bmp,P06.exe,exe,large,3,EXE,EXE,1
extended_xl,XL-Synthetic_11_B__exe_medium__lsb1.bmp,/home/kali/Desktop/stego_dataset_expanded/stego_core_combined/XL-Synthetic_11_B__exe_medium__lsb1.bmp,XL-Synthetic_11_B.bmp,XL-Synthetic,11,B,bmp,P06.exe,exe,medium,1,EXE,EXE,1
extended_xl,XL-Synthetic_11_B__exe_medium__lsb2.bmp,/home/kali/Desktop/stego_dataset_expanded/stego_core_combined/XL-Synthetic_11_B__exe_medium__lsb2.bmp,XL-Synthetic_11_B.bmp,XL-Synthetic,11,B,bmp,P06.exe,exe,medium,2,EXE,EXE,1
extended_xl,XL-Synthetic_11_B__exe_medium__lsb3.bmp,/home/kali/Desktop/stego_dataset_expanded/stego_core_combined/XL-Synthetic_11_B__exe_medium__lsb3.bmp,XL-Synthetic_11_B.bmp,XL-Synthetic,11,B,bmp,P06.exe,exe,medium,3,EXE,EXE,1
extended_xl,XL-Synthetic_11_B__exe_small__lsb1.bmp,/home/kali/Desktop/stego_dataset_expanded/stego_core_combined/XL-Synthetic_11_B__exe_small__lsb1.bmp,XL-Synthetic_11_B.bmp,XL-Synthetic,11,B,bmp,P06.exe,exe,small,1,EXE,EXE,1
extended_xl,XL-Synthetic_11_B__exe_small__lsb2.bmp,/home/kali/Desktop/stego_dataset_expanded/stego_core_combined/XL-Synthetic_11_B__exe_small__lsb2.bmp,XL-Synthetic_11_B.bmp,XL-Synthetic,11,B,bmp,P06.exe,exe,small,2,EXE,EXE,1
extended_xl,XL-Synthetic_11_B__exe_small__lsb3.bmp,/home/kali/Desktop/stego_dataset_expanded/stego_core_combined/XL-Synthetic_11_B__exe_small__lsb3.bmp,XL-Synthetic_11_B.bmp,XL-Synthetic,11,B,bmp,P06.exe,exe,small,3,EXE,EXE,1
extended_xl,XL-Synthetic_11_B__pdf_large__lsb1.bmp,/home/kali/Desktop/stego_dataset_expanded/stego_core_combined/XL-Synthetic_11_B__pdf_large__lsb1.bmp,XL-Synthetic_11_B.bmp,XL-Synthetic,11,B,bmp,P02.pdf,pdf,large,1,PDF,PDF,1
extended_xl,XL-Synthetic_11_B__pdf_large__lsb2.bmp,/home/kali/Desktop/stego_dataset_expanded/stego_core_combined/XL-Synthetic_11_B__pdf_large__lsb2.bmp,XL-Synthetic_11_B.bmp,XL-Synthetic,11,B,bmp,P02.pdf,pdf,large,2,PDF,PDF,1
extended_xl,XL-Synthetic_11_B__pdf_large__lsb3.bmp,/home/kali/Desktop/stego_dataset_expanded/stego_core_combined/XL-Synthetic_11_B__pdf_large__lsb3.bmp,XL-Synthetic_11_B.bmp,XL-Synthetic,11,B,bmp,P02.pdf,pdf,large,3,PDF,PDF,1
extended_xl,XL-Synthetic_11_B__pdf_medium__lsb1.bmp,/home/kali/Desktop/stego_dataset_expanded/stego_core_combined/XL-Synthetic_11_B__pdf_medium__lsb1.bmp,XL-Synthetic_11_B.bmp,XL-Synthetic,11,B,bmp,P02.pdf,pdf,medium,1,PDF,PDF,1
extended_xl,XL-Synthetic_11_B__pdf_medium__lsb2.bmp,/home/kali/Desktop/stego_dataset_expanded/stego_core_combined/XL-Synthetic_11_B__pdf_medium__lsb2.bmp,XL-Synthetic_11_B.bmp,XL-Synthetic,11,B,bmp,P02.pdf,pdf,medium,2,PDF,PDF,1
extended_xl,XL-Synthetic_11_B__pdf_medium__lsb3.bmp,/home/kali/Desktop/stego_dataset_expanded/stego_core_combined/XL-Synthetic_11_B__pdf_medium__lsb3.bmp,XL-Synthetic_11_B.bmp,XL-Synthetic,11,B,bmp,P02.pdf,pdf,medium,3,PDF,PDF,1
extended_xl,XL-Synthetic_11_B__pdf_small__lsb1.bmp,/home/kali/Desktop/stego_dataset_expanded/stego_core_combined/XL-Synthetic_11_B__pdf_small__lsb1.bmp,XL-Synthetic_11_B.bmp,XL-Synthetic,11,B,bmp,P02.pdf,pdf,small,1,PDF,PDF,1
extended_xl,XL-Synthetic_11_B__pdf_small__lsb2.bmp,/home/kali/Desktop/stego_dataset_expanded/stego_core_combined/XL-Synthetic_11_B__pdf_small__lsb2.bmp,XL-Synthetic_11_B.bmp,XL-Synthetic,11,B,bmp,P02.pdf,pdf,small,2,PDF,PDF,1
extended_xl,XL-Synthetic_11_B__pdf_small__lsb3.bmp,/home/kali/Desktop/stego_dataset_expanded/stego_core_combined/XL-Synthetic_11_B__pdf_small__lsb3.bmp,XL-Synthetic_11_B.bmp,XL-Synthetic,11,B,bmp,P02.pdf,pdf,small,3,PDF,PDF,1
extended_xl,XL-Synthetic_11_B__pptx_large__lsb1.bmp,/home/kali/Desktop/stego_dataset_expanded/stego_core_combined/XL-Synthetic_11_B__pptx_large__lsb1.bmp,XL-Synthetic_11_B.bmp,XL-Synthetic,11,B,bmp,P04.pptx,pptx,large,1,PPTX,PPTX,1
extended_xl,XL-Synthetic_11_B__pptx_large__lsb2.bmp,/home/kali/Desktop/stego_dataset_expanded/stego_core_combined/XL-Synthetic_11_B__pptx_large__lsb2.bmp,XL-Synthetic_11_B.bmp,XL-Synthetic,11,B,bmp,P04.pptx,pptx,large,2,PPTX,PPTX,1
extended_xl,XL-Synthetic_11_B__pptx_large__lsb3.bmp,/home/kali/Desktop/stego_dataset_expanded/stego_core_combined/XL-Synthetic_11_B__pptx_large__lsb3.bmp,XL-Synthetic_11_B.bmp,XL-Synthetic,11,B,bmp,P04.pptx,pptx,large,3,PPTX,PPTX,1
extended_xl,XL-Synthetic_11_B__pptx_medium__lsb1.bmp,/home/kali/Desktop/stego_dataset_expanded/stego_core_combined/XL-Synthetic_11_B__pptx_medium__lsb1.bmp,XL-Synthetic_11_B.bmp,XL-Synthetic,11,B,bmp,P04.pptx,pptx,medium,1,PPTX,PPTX,1
extended_xl,XL-Synthetic_11_B__pptx_medium__lsb2.bmp,/home/kali/Desktop/stego_dataset_expanded/stego_core_combined/XL-Synthetic_11_B__pptx_medium__lsb2.bmp,XL-Synthetic_11_B.bmp,XL-Synthetic,11,B,bmp,P04.pptx,pptx,medium,2,PPTX,PPTX,1
extended_xl,XL-Synthetic_11_B__pptx_medium__lsb3.bmp,/home/kali/Desktop/stego_dataset_expanded/stego_core_combined/XL-Synthetic_11_B__pptx_medium__lsb3.bmp,XL-Synthetic_11_B.bmp,XL-Synthetic,11,B,bmp,P04.pptx,pptx,medium,3,PPTX,PPTX,1
extended_xl,XL-Synthetic_11_B__pptx_small__lsb1.bmp,/home/kali/Desktop/stego_dataset_expanded/stego_core_combined/XL-Synthetic_11_B__pptx_small__lsb1.bmp,XL-Synthetic_11_B.bmp,XL-Synthetic,11,B,bmp,P04.pptx,pptx,small,1,PPTX,PPTX,1
extended_xl,XL-Synthetic_11_B__pptx_small__lsb2.bmp,/home/kali/Desktop/stego_dataset_expanded/stego_core_combined/XL-Synthetic_11_B__pptx_small__lsb2.bmp,XL-Synthetic_11_B.bmp,XL-Synthetic,11,B,bmp,P04.pptx,pptx,small,2,PPTX,PPTX,1
extended_xl,XL-Synthetic_11_B__pptx_small__lsb3.bmp,/home/kali/Desktop/stego_dataset_expanded/stego_core_combined/XL-Synthetic_11_B__pptx_small__lsb3.bmp,XL-Synthetic_11_B.bmp,XL-Synthetic,11,B,bmp,P04.pptx,pptx,small,3,PPTX,PPTX,1
extended_xl,XL-Synthetic_11_B__rtf_large__lsb1.bmp,/home/kali/Desktop/stego_dataset_expanded/stego_core_combined/XL-Synthetic_11_B__rtf_large__lsb1.bmp,XL-Synthetic_11_B.bmp,XL-Synthetic,11,B,bmp,P05.rtf,rtf,large,1,RTF,RTF,1
extended_xl,XL-Synthetic_11_B__rtf_large__lsb2.bmp,/home/kali/Desktop/stego_dataset_expanded/stego_core_combined/XL-Synthetic_11_B__rtf_large__lsb2.bmp,XL-Synthetic_11_B.bmp,XL-Synthetic,11,B,bmp,P05.rtf,rtf,large,2,RTF,RTF,1
extended_xl,XL-Synthetic_11_B__rtf_large__lsb3.bmp,/home/kali/Desktop/stego_dataset_expanded/stego_core_combined/XL-Synthetic_11_B__rtf_large__lsb3.bmp,XL-Synthetic_11_B.bmp,XL-Synthetic,11,B,bmp,P05.rtf,rtf,large,3,RTF,RTF,1
extended_xl,XL-Synthetic_11_B__rtf_medium__lsb1.bmp,/home/kali/Desktop/stego_dataset_expanded/stego_core_combined/XL-Synthetic_11_B__rtf_medium__lsb1.bmp,XL-Synthetic_11_B.bmp,XL-Synthetic,11,B,bmp,P05.rtf,rtf,medium,1,RTF,RTF,1
extended_xl,XL-Synthetic_11_B__rtf_medium__lsb2.bmp,/home/kali/Desktop/stego_dataset_expanded/stego_core_combined/XL-Synthetic_11_B__rtf_medium__lsb2.bmp,XL-Synthetic_11_B.bmp,XL-Synthetic,11,B,bmp,P05.rtf,rtf,medium,2,RTF,RTF,1
extended_xl,XL-Synthetic_11_B__rtf_medium__lsb3.bmp,/home/kali/Desktop/stego_dataset_expanded/stego_core_combined/XL-Synthetic_11_B__rtf_medium__lsb3.bmp,XL-Synthetic_11_B.bmp,XL-Synthetic,11,B,bmp,P05.rtf,rtf,medium,3,RTF,RTF,1
extended_xl,XL-Synthetic_11_B__rtf_small__lsb1.bmp,/home/kali/Desktop/stego_dataset_expanded/stego_core_combined/XL-Synthetic_11_B__rtf_small__lsb1.bmp,XL-Synthetic_11_B.bmp,XL-Synthetic,11,B,bmp,P05.rtf,rtf,small,1,RTF,RTF,1
extended_xl,XL-Synthetic_11_B__rtf_small__lsb2.bmp,/home/kali/Desktop/stego_dataset_expanded/stego_core_combined/XL-Synthetic_11_B__rtf_small__lsb2.bmp,XL-Synthetic_11_B.bmp,XL-Synthetic,11,B,bmp,P05.rtf,rtf,small,2,RTF,RTF,1
extended_xl,XL-Synthetic_11_B__rtf_small__lsb3.bmp,/home/kali/Desktop/stego_dataset_expanded/stego_core_combined/XL-Synthetic_11_B__rtf_small__lsb3.bmp,XL-Synthetic_11_B.bmp,XL-Synthetic,11,B,bmp,P05.rtf,rtf,small,3,RTF,RTF,1
extended_xl,XL-Synthetic_11_B__xlsx_large__lsb1.bmp,/home/kali/Desktop/stego_dataset_expanded/stego_core_combined/XL-Synthetic_11_B__xlsx_large__lsb1.bmp,XL-Synthetic_11_B.bmp,XL-Synthetic,11,B,bmp,P03.xlsx,xlsx,large,1,XLSX,XLSX,1
extended_xl,XL-Synthetic_11_B__xlsx_large__lsb2.bmp,/home/kali/Desktop/stego_dataset_expanded/stego_core_combined/XL-Synthetic_11_B__xlsx_large__lsb2.bmp,XL-Synthetic_11_B.bmp,XL-Synthetic,11,B,bmp,P03.xlsx,xlsx,large,2,XLSX,XLSX,1
extended_xl,XL-Synthetic_11_B__xlsx_large__lsb3.bmp,/home/kali/Desktop/stego_dataset_expanded/stego_core_combined/XL-Synthetic_11_B__xlsx_large__lsb3.bmp,XL-Synthetic_11_B.bmp,XL-Synthetic,11,B,bmp,P03.xlsx,xlsx,large,3,XLSX,XLSX,1
extended_xl,XL-Synthetic_11_B__xlsx_medium__lsb1.bmp,/home/kali/Desktop/stego_dataset_expanded/stego_core_combined/XL-Synthetic_11_B__xlsx_medium__lsb1.bmp,XL-Synthetic_11_B.bmp,XL-Synthetic,11,B,bmp,P03.xlsx,xlsx,medium,1,XLSX,XLSX,1
extended_xl,XL-Synthetic_11_B__xlsx_medium__lsb2.bmp,/home/kali/Desktop/stego_dataset_expanded/stego_core_combined/XL-Synthetic_11_B__xlsx_medium__lsb2.bmp,XL-Synthetic_11_B.bmp,XL-Synthetic,11,B,bmp,P03.xlsx,xlsx,medium,2,XLSX,XLSX,1
extended_xl,XL-Synthetic_11_B__xlsx_medium__lsb3.bmp,/home/kali/Desktop/stego_dataset_expanded/stego_core_combined/XL-Synthetic_11_B__xlsx_medium__lsb3.bmp,XL-Synthetic_11_B.bmp,XL-Synthetic,11,B,bmp,P03.xlsx,xlsx,medium,3,XLSX,XLSX,1
extended_xl,XL-Synthetic_11_B__xlsx_small__lsb1.bmp,/home/kali/Desktop/stego_dataset_expanded/stego_core_combined/XL-Synthetic_11_B__xlsx_small__lsb1.bmp,XL-Synthetic_11_B.bmp,XL-Synthetic,11,B,bmp,P03.xlsx,xlsx,small,1,XLSX,XLSX,1
extended_xl,XL-Synthetic_11_B__xlsx_small__lsb2.bmp,/home/kali/Desktop/stego_dataset_expanded/stego_core_combined/XL-Synthetic_11_B__xlsx_small__lsb2.bmp,XL-Synthetic_11_B.bmp,XL-Synthetic,11,B,bmp,P03.xlsx,xlsx,small,2,XLSX,XLSX,1
extended_xl,XL-Synthetic_11_B__xlsx_small__lsb3.bmp,/home/kali/Desktop/stego_dataset_expanded/stego_core_combined/XL-Synthetic_11_B__xlsx_small__lsb3.bmp,XL-Synthetic_11_B.bmp,XL-Synthetic,11,B,bmp,P03.xlsx,xlsx,small,3,XLSX,XLSX,1
extended_xl,XL-Synthetic_11_P__docx_large__lsb3.png,/home/kali/Desktop/stego_dataset_expanded/stego_core_combined/XL-Synthetic_11_P__docx_large__lsb3.png,XL-Synthetic_11_P.png,XL-Synthetic,11,P,png,P01.docx,docx,large,3,DOCX,DOCX,1
extended_xl,XL-Synthetic_11_P__docx_medium__lsb2.png,/home/kali/Desktop/stego_dataset_expanded/stego_core_combined/XL-Synthetic_11_P__docx_medium__lsb2.png,XL-Synthetic_11_P.png,XL-Synthetic,11,P,png,P01.docx,docx,medium,2,DOCX,DOCX,1
extended_xl,XL-Synthetic_11_P__docx_medium__lsb3.png,/home/kali/Desktop/stego_dataset_expanded/stego_core_combined/XL-Synthetic_11_P__docx_medium__lsb3.png,XL-Synthetic_11_P.png,XL-Synthetic,11,P,png,P01.docx,docx,medium,3,DOCX,DOCX,1
extended_xl,XL-Synthetic_11_P__docx_small__lsb1.png,/home/kali/Desktop/stego_dataset_expanded/stego_core_combined/XL-Synthetic_11_P__docx_small__lsb1.png,XL-Synthetic_11_P.png,XL-Synthetic,11,P,png,P01.docx,docx,small,1,DOCX,DOCX,1
extended_xl,XL-Synthetic_11_P__docx_small__lsb2.png,/home/kali/Desktop/stego_dataset_expanded/stego_core_combined/XL-Synthetic_11_P__docx_small__lsb2.png,XL-Synthetic_11_P.png,XL-Synthetic,11,P,png,P01.docx,docx,small,2,DOCX,DOCX,1
extended_xl,XL-Synthetic_11_P__docx_small__lsb3.png,/home/kali/Desktop/stego_dataset_expanded/stego_core_combined/XL-Synthetic_11_P__docx_small__lsb3.png,XL-Synthetic_11_P.png,XL-Synthetic,11,P,png,P01.docx,docx,small,3,DOCX,DOCX,1
extended_xl,XL-Synthetic_11_P__exe_large__lsb3.png,/home/kali/Desktop/stego_dataset_expanded/stego_core_combined/XL-Synthetic_11_P__exe_large__lsb3.png,XL-Synthetic_11_P.png,XL-Synthetic,11,P,png,P06.exe,exe,large,3,EXE,EXE,1
extended_xl,XL-Synthetic_11_P__exe_medium__lsb2.png,/home/kali/Desktop/stego_dataset_expanded/stego_core_combined/XL-Synthetic_11_P__exe_medium__lsb2.png,XL-Synthetic_11_P.png,XL-Synthetic,11,P,png,P06.exe,exe,medium,2,EXE,EXE,1
extended_xl,XL-Synthetic_11_P__exe_medium__lsb3.png,/home/kali/Desktop/stego_dataset_expanded/stego_core_combined/XL-Synthetic_11_P__exe_medium__lsb3.png,XL-Synthetic_11_P.png,XL-Synthetic,11,P,png,P06.exe,exe,medium,3,EXE,EXE,1
extended_xl,XL-Synthetic_11_P__exe_small__lsb1.png,/home/kali/Desktop/stego_dataset_expanded/stego_core_combined/XL-Synthetic_11_P__exe_small__lsb1.png,XL-Synthetic_11_P.png,XL-Synthetic,11,P,png,P06.exe,exe,small,1,EXE,EXE,1
extended_xl,XL-Synthetic_11_P__exe_small__lsb2.png,/home/kali/Desktop/stego_dataset_expanded/stego_core_combined/XL-Synthetic_11_P__exe_small__lsb2.png,XL-Synthetic_11_P.png,XL-Synthetic,11,P,png,P06.exe,exe,small,2,EXE,EXE,1
extended_xl,XL-Synthetic_11_P__exe_small__lsb3.png,/home/kali/Desktop/stego_dataset_expanded/stego_core_combined/XL-Synthetic_11_P__exe_small__lsb3.png,XL-Synthetic_11_P.png,XL-Synthetic,11,P,png,P06.exe,exe,small,3,EXE,EXE,1
extended_xl,XL-Synthetic_11_P__pdf_large__lsb3.png,/home/kali/Desktop/stego_dataset_expanded/stego_core_combined/XL-Synthetic_11_P__pdf_large__lsb3.png,XL-Synthetic_11_P.png,XL-Synthetic,11,P,png,P02.pdf,pdf,large,3,PDF,PDF,1
extended_xl,XL-Synthetic_11_P__pdf_medium__lsb2.png,/home/kali/Desktop/stego_dataset_expanded/stego_core_combined/XL-Synthetic_11_P__pdf_medium__lsb2.png,XL-Synthetic_11_P.png,XL-Synthetic,11,P,png,P02.pdf,pdf,medium,2,PDF,PDF,1
extended_xl,XL-Synthetic_11_P__pdf_medium__lsb3.png,/home/kali/Desktop/stego_dataset_expanded/stego_core_combined/XL-Synthetic_11_P__pdf_medium__lsb3.png,XL-Synthetic_11_P.png,XL-Synthetic,11,P,png,P02.pdf,pdf,medium,3,PDF,PDF,1
extended_xl,XL-Synthetic_11_P__pdf_small__lsb1.png,/home/kali/Desktop/stego_dataset_expanded/stego_core_combined/XL-Synthetic_11_P__pdf_small__lsb1.png,XL-Synthetic_11_P.png,XL-Synthetic,11,P,png,P02.pdf,pdf,small,1,PDF,PDF,1
extended_xl,XL-Synthetic_11_P__pdf_small__lsb2.png,/home/kali/Desktop/stego_dataset_expanded/stego_core_combined/XL-Synthetic_11_P__pdf_small__lsb2.png,XL-Synthetic_11_P.png,XL-Synthetic,11,P,png,P02.pdf,pdf,small,2,PDF,PDF,1
extended_xl,XL-Synthetic_11_P__pdf_small__lsb3.png,/home/kali/Desktop/stego_dataset_expanded/stego_core_combined/XL-Synthetic_11_P__pdf_small__lsb3.png,XL-Synthetic_11_P.png,XL-Synthetic,11,P,png,P02.pdf,pdf,small,3,PDF,PDF,1
extended_xl,XL-Synthetic_11_P__pptx_large__lsb3.png,/home/kali/Desktop/stego_dataset_expanded/stego_core_combined/XL-Synthetic_11_P__pptx_large__lsb3.png,XL-Synthetic_11_P.png,XL-Synthetic,11,P,png,P04.pptx,pptx,large,3,PPTX,PPTX,1
extended_xl,XL-Synthetic_11_P__pptx_medium__lsb2.png,/home/kali/Desktop/stego_dataset_expanded/stego_core_combined/XL-Synthetic_11_P__pptx_medium__lsb2.png,XL-Synthetic_11_P.png,XL-Synthetic,11,P,png,P04.pptx,pptx,medium,2,PPTX,PPTX,1
extended_xl,XL-Synthetic_11_P__pptx_medium__lsb3.png,/home/kali/Desktop/stego_dataset_expanded/stego_core_combined/XL-Synthetic_11_P__pptx_medium__lsb3.png,XL-Synthetic_11_P.png,XL-Synthetic,11,P,png,P04.pptx,pptx,medium,3,PPTX,PPTX,1
extended_xl,XL-Synthetic_11_P__pptx_small__lsb1.png,/home/kali/Desktop/stego_dataset_expanded/stego_core_combined/XL-Synthetic_11_P__pptx_small__lsb1.png,XL-Synthetic_11_P.png,XL-Synthetic,11,P,png,P04.pptx,pptx,small,1,PPTX,PPTX,1
extended_xl,XL-Synthetic_11_P__pptx_small__lsb2.png,/home/kali/Desktop/stego_dataset_expanded/stego_core_combined/XL-Synthetic_11_P__pptx_small__lsb2.png,XL-Synthetic_11_P.png,XL-Synthetic,11,P,png,P04.pptx,pptx,small,2,PPTX,PPTX,1
extended_xl,XL-Synthetic_11_P__pptx_small__lsb3.png,/home/kali/Desktop/stego_dataset_expanded/stego_core_combined/XL-Synthetic_11_P__pptx_small__lsb3.png,XL-Synthetic_11_P.png,XL-Synthetic,11,P,png,P04.pptx,pptx,small,3,PPTX,PPTX,1
extended_xl,XL-Synthetic_11_P__rtf_large__lsb3.png,/home/kali/Desktop/stego_dataset_expanded/stego_core_combined/XL-Synthetic_11_P__rtf_large__lsb3.png,XL-Synthetic_11_P.png,XL-Synthetic,11,P,png,P05.rtf,rtf,large,3,RTF,RTF,1
extended_xl,XL-Synthetic_11_P__rtf_medium__lsb2.png,/home/kali/Desktop/stego_dataset_expanded/stego_core_combined/XL-Synthetic_11_P__rtf_medium__lsb2.png,XL-Synthetic_11_P.png,XL-Synthetic,11,P,png,P05.rtf,rtf,medium,2,RTF,RTF,1
extended_xl,XL-Synthetic_11_P__rtf_medium__lsb3.png,/home/kali/Desktop/stego_dataset_expanded/stego_core_combined/XL-Synthetic_11_P__rtf_medium__lsb3.png,XL-Synthetic_11_P.png,XL-Synthetic,11,P,png,P05.rtf,rtf,medium,3,RTF,RTF,1
extended_xl,XL-Synthetic_11_P__rtf_small__lsb1.png,/home/kali/Desktop/stego_dataset_expanded/stego_core_combined/XL-Synthetic_11_P__rtf_small__lsb1.png,XL-Synthetic_11_P.png,XL-Synthetic,11,P,png,P05.rtf,rtf,small,1,RTF,RTF,1
extended_xl,XL-Synthetic_11_P__rtf_small__lsb2.png,/home/kali/Desktop/stego_dataset_expanded/stego_core_combined/XL-Synthetic_11_P__rtf_small__lsb2.png,XL-Synthetic_11_P.png,XL-Synthetic,11,P,png,P05.rtf,rtf,small,2,RTF,RTF,1
extended_xl,XL-Synthetic_11_P__rtf_small__lsb3.png,/home/kali/Desktop/stego_dataset_expanded/stego_core_combined/XL-Synthetic_11_P__rtf_small__lsb3.png,XL-Synthetic_11_P.png,XL-Synthetic,11,P,png,P05.rtf,rtf,small,3,RTF,RTF,1
extended_xl,XL-Synthetic_11_P__xlsx_large__lsb3.png,/home/kali/Desktop/stego_dataset_expanded/stego_core_combined/XL-Synthetic_11_P__xlsx_large__lsb3.png,XL-Synthetic_11_P.png,XL-Synthetic,11,P,png,P03.xlsx,xlsx,large,3,XLSX,XLSX,1
extended_xl,XL-Synthetic_11_P__xlsx_medium__lsb2.png,/home/kali/Desktop/stego_dataset_expanded/stego_core_combined/XL-Synthetic_11_P__xlsx_medium__lsb2.png,XL-Synthetic_11_P.png,XL-Synthetic,11,P,png,P03.xlsx,xlsx,medium,2,XLSX,XLSX,1
extended_xl,XL-Synthetic_11_P__xlsx_medium__lsb3.png,/home/kali/Desktop/stego_dataset_expanded/stego_core_combined/XL-Synthetic_11_P__xlsx_medium__lsb3.png,XL-Synthetic_11_P.png,XL-Synthetic,11,P,png,P03.xlsx,xlsx,medium,3,XLSX,XLSX,1
extended_xl,XL-Synthetic_11_P__xlsx_small__lsb1.png,/home/kali/Desktop/stego_dataset_expanded/stego_core_combined/XL-Synthetic_11_P__xlsx_small__lsb1.png,XL-Synthetic_11_P.png,XL-Synthetic,11,P,png,P03.xlsx,xlsx,small,1,XLSX,XLSX,1
extended_xl,XL-Synthetic_11_P__xlsx_small__lsb2.png,/home/kali/Desktop/stego_dataset_expanded/stego_core_combined/XL-Synthetic_11_P__xlsx_small__lsb2.png,XL-Synthetic_11_P.png,XL-Synthetic,11,P,png,P03.xlsx,xlsx,small,2,XLSX,XLSX,1
extended_xl,XL-Synthetic_11_P__xlsx_small__lsb3.png,/home/kali/Desktop/stego_dataset_expanded/stego_core_combined/XL-Synthetic_11_P__xlsx_small__lsb3.png,XL-Synthetic_11_P.png,XL-Synthetic,11,P,png,P03.xlsx,xlsx,small,3,XLSX,XLSX,1
extended_xl,XL-Synthetic_12_B__docx_large__lsb1.bmp,/home/kali/Desktop/stego_dataset_expanded/stego_core_combined/XL-Synthetic_12_B__docx_large__lsb1.bmp,XL-Synthetic_12_B.bmp,XL-Synthetic,12,B,bmp,P01.docx,docx,large,1,DOCX,DOCX,1
extended_xl,XL-Synthetic_12_B__docx_large__lsb2.bmp,/home/kali/Desktop/stego_dataset_expanded/stego_core_combined/XL-Synthetic_12_B__docx_large__lsb2.bmp,XL-Synthetic_12_B.bmp,XL-Synthetic,12,B,bmp,P01.docx,docx,large,2,DOCX,DOCX,1
extended_xl,XL-Synthetic_12_B__docx_large__lsb3.bmp,/home/kali/Desktop/stego_dataset_expanded/stego_core_combined/XL-Synthetic_12_B__docx_large__lsb3.bmp,XL-Synthetic_12_B.bmp,XL-Synthetic,12,B,bmp,P01.docx,docx,large,3,DOCX,DOCX,1
extended_xl,XL-Synthetic_12_B__docx_medium__lsb1.bmp,/home/kali/Desktop/stego_dataset_expanded/stego_core_combined/XL-Synthetic_12_B__docx_medium__lsb1.bmp,XL-Synthetic_12_B.bmp,XL-Synthetic,12,B,bmp,P01.docx,docx,medium,1,DOCX,DOCX,1
extended_xl,XL-Synthetic_12_B__docx_medium__lsb2.bmp,/home/kali/Desktop/stego_dataset_expanded/stego_core_combined/XL-Synthetic_12_B__docx_medium__lsb2.bmp,XL-Synthetic_12_B.bmp,XL-Synthetic,12,B,bmp,P01.docx,docx,medium,2,DOCX,DOCX,1
extended_xl,XL-Synthetic_12_B__docx_medium__lsb3.bmp,/home/kali/Desktop/stego_dataset_expanded/stego_core_combined/XL-Synthetic_12_B__docx_medium__lsb3.bmp,XL-Synthetic_12_B.bmp,XL-Synthetic,12,B,bmp,P01.docx,docx,medium,3,DOCX,DOCX,1
extended_xl,XL-Synthetic_12_B__docx_small__lsb1.bmp,/home/kali/Desktop/stego_dataset_expanded/stego_core_combined/XL-Synthetic_12_B__docx_small__lsb1.bmp,XL-Synthetic_12_B.bmp,XL-Synthetic,12,B,bmp,P01.docx,docx,small,1,DOCX,DOCX,1
extended_xl,XL-Synthetic_12_B__docx_small__lsb2.bmp,/home/kali/Desktop/stego_dataset_expanded/stego_core_combined/XL-Synthetic_12_B__docx_small__lsb2.bmp,XL-Synthetic_12_B.bmp,XL-Synthetic,12,B,bmp,P01.docx,docx,small,2,DOCX,DOCX,1
extended_xl,XL-Synthetic_12_B__docx_small__lsb3.bmp,/home/kali/Desktop/stego_dataset_expanded/stego_core_combined/XL-Synthetic_12_B__docx_small__lsb3.bmp,XL-Synthetic_12_B.bmp,XL-Synthetic,12,B,bmp,P01.docx,docx,small,3,DOCX,DOCX,1
extended_xl,XL-Synthetic_12_B__exe_large__lsb1.bmp,/home/kali/Desktop/stego_dataset_expanded/stego_core_combined/XL-Synthetic_12_B__exe_large__lsb1.bmp,XL-Synthetic_12_B.bmp,XL-Synthetic,12,B,bmp,P06.exe,exe,large,1,EXE,EXE,1
extended_xl,XL-Synthetic_12_B__exe_large__lsb2.bmp,/home/kali/Desktop/stego_dataset_expanded/stego_core_combined/XL-Synthetic_12_B__exe_large__lsb2.bmp,XL-Synthetic_12_B.bmp,XL-Synthetic,12,B,bmp,P06.exe,exe,large,2,EXE,EXE,1
extended_xl,XL-Synthetic_12_B__exe_large__lsb3.bmp,/home/kali/Desktop/stego_dataset_expanded/stego_core_combined/XL-Synthetic_12_B__exe_large__lsb3.bmp,XL-Synthetic_12_B.bmp,XL-Synthetic,12,B,bmp,P06.exe,exe,large,3,EXE,EXE,1
extended_xl,XL-Synthetic_12_B__exe_medium__lsb1.bmp,/home/kali/Desktop/stego_dataset_expanded/stego_core_combined/XL-Synthetic_12_B__exe_medium__lsb1.bmp,XL-Synthetic_12_B.bmp,XL-Synthetic,12,B,bmp,P06.exe,exe,medium,1,EXE,EXE,1
extended_xl,XL-Synthetic_12_B__exe_medium__lsb2.bmp,/home/kali/Desktop/stego_dataset_expanded/stego_core_combined/XL-Synthetic_12_B__exe_medium__lsb2.bmp,XL-Synthetic_12_B.bmp,XL-Synthetic,12,B,bmp,P06.exe,exe,medium,2,EXE,EXE,1
extended_xl,XL-Synthetic_12_B__exe_medium__lsb3.bmp,/home/kali/Desktop/stego_dataset_expanded/stego_core_combined/XL-Synthetic_12_B__exe_medium__lsb3.bmp,XL-Synthetic_12_B.bmp,XL-Synthetic,12,B,bmp,P06.exe,exe,medium,3,EXE,EXE,1
extended_xl,XL-Synthetic_12_B__exe_small__lsb1.bmp,/home/kali/Desktop/stego_dataset_expanded/stego_core_combined/XL-Synthetic_12_B__exe_small__lsb1.bmp,XL-Synthetic_12_B.bmp,XL-Synthetic,12,B,bmp,P06.exe,exe,small,1,EXE,EXE,1
extended_xl,XL-Synthetic_12_B__exe_small__lsb2.bmp,/home/kali/Desktop/stego_dataset_expanded/stego_core_combined/XL-Synthetic_12_B__exe_small__lsb2.bmp,XL-Synthetic_12_B.bmp,XL-Synthetic,12,B,bmp,P06.exe,exe,small,2,EXE,EXE,1
extended_xl,XL-Synthetic_12_B__exe_small__lsb3.bmp,/home/kali/Desktop/stego_dataset_expanded/stego_core_combined/XL-Synthetic_12_B__exe_small__lsb3.bmp,XL-Synthetic_12_B.bmp,XL-Synthetic,12,B,bmp,P06.exe,exe,small,3,EXE,EXE,1
extended_xl,XL-Synthetic_12_B__pdf_large__lsb1.bmp,/home/kali/Desktop/stego_dataset_expanded/stego_core_combined/XL-Synthetic_12_B__pdf_large__lsb1.bmp,XL-Synthetic_12_B.bmp,XL-Synthetic,12,B,bmp,P02.pdf,pdf,large,1,PDF,PDF,1
extended_xl,XL-Synthetic_12_B__pdf_large__lsb2.bmp,/home/kali/Desktop/stego_dataset_expanded/stego_core_combined/XL-Synthetic_12_B__pdf_large__lsb2.bmp,XL-Synthetic_12_B.bmp,XL-Synthetic,12,B,bmp,P02.pdf,pdf,large,2,PDF,PDF,1
extended_xl,XL-Synthetic_12_B__pdf_large__lsb3.bmp,/home/kali/Desktop/stego_dataset_expanded/stego_core_combined/XL-Synthetic_12_B__pdf_large__lsb3.bmp,XL-Synthetic_12_B.bmp,XL-Synthetic,12,B,bmp,P02.pdf,pdf,large,3,PDF,PDF,1
extended_xl,XL-Synthetic_12_B__pdf_medium__lsb1.bmp,/home/kali/Desktop/stego_dataset_expanded/stego_core_combined/XL-Synthetic_12_B__pdf_medium__lsb1.bmp,XL-Synthetic_12_B.bmp,XL-Synthetic,12,B,bmp,P02.pdf,pdf,medium,1,PDF,PDF,1
extended_xl,XL-Synthetic_12_B__pdf_medium__lsb2.bmp,/home/kali/Desktop/stego_dataset_expanded/stego_core_combined/XL-Synthetic_12_B__pdf_medium__lsb2.bmp,XL-Synthetic_12_B.bmp,XL-Synthetic,12,B,bmp,P02.pdf,pdf,medium,2,PDF,PDF,1
extended_xl,XL-Synthetic_12_B__pdf_medium__lsb3.bmp,/home/kali/Desktop/stego_dataset_expanded/stego_core_combined/XL-Synthetic_12_B__pdf_medium__lsb3.bmp,XL-Synthetic_12_B.bmp,XL-Synthetic,12,B,bmp,P02.pdf,pdf,medium,3,PDF,PDF,1
extended_xl,XL-Synthetic_12_B__pdf_small__lsb1.bmp,/home/kali/Desktop/stego_dataset_expanded/stego_core_combined/XL-Synthetic_12_B__pdf_small__lsb1.bmp,XL-Synthetic_12_B.bmp,XL-Synthetic,12,B,bmp,P02.pdf,pdf,small,1,PDF,PDF,1
extended_xl,XL-Synthetic_12_B__pdf_small__lsb2.bmp,/home/kali/Desktop/stego_dataset_expanded/stego_core_combined/XL-Synthetic_12_B__pdf_small__lsb2.bmp,XL-Synthetic_12_B.bmp,XL-Synthetic,12,B,bmp,P02.pdf,pdf,small,2,PDF,PDF,1
extended_xl,XL-Synthetic_12_B__pdf_small__lsb3.bmp,/home/kali/Desktop/stego_dataset_expanded/stego_core_combined/XL-Synthetic_12_B__pdf_small__lsb3.bmp,XL-Synthetic_12_B.bmp,XL-Synthetic,12,B,bmp,P02.pdf,pdf,small,3,PDF,PDF,1
extended_xl,XL-Synthetic_12_B__pptx_large__lsb1.bmp,/home/kali/Desktop/stego_dataset_expanded/stego_core_combined/XL-Synthetic_12_B__pptx_large__lsb1.bmp,XL-Synthetic_12_B.bmp,XL-Synthetic,12,B,bmp,P04.pptx,pptx,large,1,PPTX,PPTX,1
extended_xl,XL-Synthetic_12_B__pptx_large__lsb2.bmp,/home/kali/Desktop/stego_dataset_expanded/stego_core_combined/XL-Synthetic_12_B__pptx_large__lsb2.bmp,XL-Synthetic_12_B.bmp,XL-Synthetic,12,B,bmp,P04.pptx,pptx,large,2,PPTX,PPTX,1
extended_xl,XL-Synthetic_12_B__pptx_large__lsb3.bmp,/home/kali/Desktop/stego_dataset_expanded/stego_core_combined/XL-Synthetic_12_B__pptx_large__lsb3.bmp,XL-Synthetic_12_B.bmp,XL-Synthetic,12,B,bmp,P04.pptx,pptx,large,3,PPTX,PPTX,1
extended_xl,XL-Synthetic_12_B__pptx_medium__lsb1.bmp,/home/kali/Desktop/stego_dataset_expanded/stego_core_combined/XL-Synthetic_12_B__pptx_medium__lsb1.bmp,XL-Synthetic_12_B.bmp,XL-Synthetic,12,B,bmp,P04.pptx,pptx,medium,1,PPTX,PPTX,1
extended_xl,XL-Synthetic_12_B__pptx_medium__lsb2.bmp,/home/kali/Desktop/stego_dataset_expanded/stego_core_combined/XL-Synthetic_12_B__pptx_medium__lsb2.bmp,XL-Synthetic_12_B.bmp,XL-Synthetic,12,B,bmp,P04.pptx,pptx,medium,2,PPTX,PPTX,1
extended_xl,XL-Synthetic_12_B__pptx_medium__lsb3.bmp,/home/kali/Desktop/stego_dataset_expanded/stego_core_combined/XL-Synthetic_12_B__pptx_medium__lsb3.bmp,XL-Synthetic_12_B.bmp,XL-Synthetic,12,B,bmp,P04.pptx,pptx,medium,3,PPTX,PPTX,1
extended_xl,XL-Synthetic_12_B__pptx_small__lsb1.bmp,/home/kali/Desktop/stego_dataset_expanded/stego_core_combined/XL-Synthetic_12_B__pptx_small__lsb1.bmp,XL-Synthetic_12_B.bmp,XL-Synthetic,12,B,bmp,P04.pptx,pptx,small,1,PPTX,PPTX,1
extended_xl,XL-Synthetic_12_B__pptx_small__lsb2.bmp,/home/kali/Desktop/stego_dataset_expanded/stego_core_combined/XL-Synthetic_12_B__pptx_small__lsb2.bmp,XL-Synthetic_12_B.bmp,XL-Synthetic,12,B,bmp,P04.pptx,pptx,small,2,PPTX,PPTX,1
extended_xl,XL-Synthetic_12_B__pptx_small__lsb3.bmp,/home/kali/Desktop/stego_dataset_expanded/stego_core_combined/XL-Synthetic_12_B__pptx_small__lsb3.bmp,XL-Synthetic_12_B.bmp,XL-Synthetic,12,B,bmp,P04.pptx,pptx,small,3,PPTX,PPTX,1
extended_xl,XL-Synthetic_12_B__rtf_large__lsb1.bmp,/home/kali/Desktop/stego_dataset_expanded/stego_core_combined/XL-Synthetic_12_B__rtf_large__lsb1.bmp,XL-Synthetic_12_B.bmp,XL-Synthetic,12,B,bmp,P05.rtf,rtf,large,1,RTF,RTF,1
extended_xl,XL-Synthetic_12_B__rtf_large__lsb2.bmp,/home/kali/Desktop/stego_dataset_expanded/stego_core_combined/XL-Synthetic_12_B__rtf_large__lsb2.bmp,XL-Synthetic_12_B.bmp,XL-Synthetic,12,B,bmp,P05.rtf,rtf,large,2,RTF,RTF,1
extended_xl,XL-Synthetic_12_B__rtf_large__lsb3.bmp,/home/kali/Desktop/stego_dataset_expanded/stego_core_combined/XL-Synthetic_12_B__rtf_large__lsb3.bmp,XL-Synthetic_12_B.bmp,XL-Synthetic,12,B,bmp,P05.rtf,rtf,large,3,RTF,RTF,1
extended_xl,XL-Synthetic_12_B__rtf_medium__lsb1.bmp,/home/kali/Desktop/stego_dataset_expanded/stego_core_combined/XL-Synthetic_12_B__rtf_medium__lsb1.bmp,XL-Synthetic_12_B.bmp,XL-Synthetic,12,B,bmp,P05.rtf,rtf,medium,1,RTF,RTF,1
extended_xl,XL-Synthetic_12_B__rtf_medium__lsb2.bmp,/home/kali/Desktop/stego_dataset_expanded/stego_core_combined/XL-Synthetic_12_B__rtf_medium__lsb2.bmp,XL-Synthetic_12_B.bmp,XL-Synthetic,12,B,bmp,P05.rtf,rtf,medium,2,RTF,RTF,1
extended_xl,XL-Synthetic_12_B__rtf_medium__lsb3.bmp,/home/kali/Desktop/stego_dataset_expanded/stego_core_combined/XL-Synthetic_12_B__rtf_medium__lsb3.bmp,XL-Synthetic_12_B.bmp,XL-Synthetic,12,B,bmp,P05.rtf,rtf,medium,3,RTF,RTF,1
extended_xl,XL-Synthetic_12_B__rtf_small__lsb1.bmp,/home/kali/Desktop/stego_dataset_expanded/stego_core_combined/XL-Synthetic_12_B__rtf_small__lsb1.bmp,XL-Synthetic_12_B.bmp,XL-Synthetic,12,B,bmp,P05.rtf,rtf,small,1,RTF,RTF,1
extended_xl,XL-Synthetic_12_B__rtf_small__lsb2.bmp,/home/kali/Desktop/stego_dataset_expanded/stego_core_combined/XL-Synthetic_12_B__rtf_small__lsb2.bmp,XL-Synthetic_12_B.bmp,XL-Synthetic,12,B,bmp,P05.rtf,rtf,small,2,RTF,RTF,1
extended_xl,XL-Synthetic_12_B__rtf_small__lsb3.bmp,/home/kali/Desktop/stego_dataset_expanded/stego_core_combined/XL-Synthetic_12_B__rtf_small__lsb3.bmp,XL-Synthetic_12_B.bmp,XL-Synthetic,12,B,bmp,P05.rtf,rtf,small,3,RTF,RTF,1
extended_xl,XL-Synthetic_12_B__xlsx_large__lsb1.bmp,/home/kali/Desktop/stego_dataset_expanded/stego_core_combined/XL-Synthetic_12_B__xlsx_large__lsb1.bmp,XL-Synthetic_12_B.bmp,XL-Synthetic,12,B,bmp,P03.xlsx,xlsx,large,1,XLSX,XLSX,1
extended_xl,XL-Synthetic_12_B__xlsx_large__lsb2.bmp,/home/kali/Desktop/stego_dataset_expanded/stego_core_combined/XL-Synthetic_12_B__xlsx_large__lsb2.bmp,XL-Synthetic_12_B.bmp,XL-Synthetic,12,B,bmp,P03.xlsx,xlsx,large,2,XLSX,XLSX,1
extended_xl,XL-Synthetic_12_B__xlsx_large__lsb3.bmp,/home/kali/Desktop/stego_dataset_expanded/stego_core_combined/XL-Synthetic_12_B__xlsx_large__lsb3.bmp,XL-Synthetic_12_B.bmp,XL-Synthetic,12,B,bmp,P03.xlsx,xlsx,large,3,XLSX,XLSX,1
extended_xl,XL-Synthetic_12_B__xlsx_medium__lsb1.bmp,/home/kali/Desktop/stego_dataset_expanded/stego_core_combined/XL-Synthetic_12_B__xlsx_medium__lsb1.bmp,XL-Synthetic_12_B.bmp,XL-Synthetic,12,B,bmp,P03.xlsx,xlsx,medium,1,XLSX,XLSX,1
extended_xl,XL-Synthetic_12_B__xlsx_medium__lsb2.bmp,/home/kali/Desktop/stego_dataset_expanded/stego_core_combined/XL-Synthetic_12_B__xlsx_medium__lsb2.bmp,XL-Synthetic_12_B.bmp,XL-Synthetic,12,B,bmp,P03.xlsx,xlsx,medium,2,XLSX,XLSX,1
extended_xl,XL-Synthetic_12_B__xlsx_medium__lsb3.bmp,/home/kali/Desktop/stego_dataset_expanded/stego_core_combined/XL-Synthetic_12_B__xlsx_medium__lsb3.bmp,XL-Synthetic_12_B.bmp,XL-Synthetic,12,B,bmp,P03.xlsx,xlsx,medium,3,XLSX,XLSX,1
extended_xl,XL-Synthetic_12_B__xlsx_small__lsb1.bmp,/home/kali/Desktop/stego_dataset_expanded/stego_core_combined/XL-Synthetic_12_B__xlsx_small__lsb1.bmp,XL-Synthetic_12_B.bmp,XL-Synthetic,12,B,bmp,P03.xlsx,xlsx,small,1,XLSX,XLSX,1
extended_xl,XL-Synthetic_12_B__xlsx_small__lsb2.bmp,/home/kali/Desktop/stego_dataset_expanded/stego_core_combined/XL-Synthetic_12_B__xlsx_small__lsb2.bmp,XL-Synthetic_12_B.bmp,XL-Synthetic,12,B,bmp,P03.xlsx,xlsx,small,2,XLSX,XLSX,1
extended_xl,XL-Synthetic_12_B__xlsx_small__lsb3.bmp,/home/kali/Desktop/stego_dataset_expanded/stego_core_combined/XL-Synthetic_12_B__xlsx_small__lsb3.bmp,XL-Synthetic_12_B.bmp,XL-Synthetic,12,B,bmp,P03.xlsx,xlsx,small,3,XLSX,XLSX,1
extended_xl,XL-Synthetic_12_P__docx_large__lsb3.png,/home/kali/Desktop/stego_dataset_expanded/stego_core_combined/XL-Synthetic_12_P__docx_large__lsb3.png,XL-Synthetic_12_P.png,XL-Synthetic,12,P,png,P01.docx,docx,large,3,DOCX,DOCX,1
extended_xl,XL-Synthetic_12_P__docx_medium__lsb2.png,/home/kali/Desktop/stego_dataset_expanded/stego_core_combined/XL-Synthetic_12_P__docx_medium__lsb2.png,XL-Synthetic_12_P.png,XL-Synthetic,12,P,png,P01.docx,docx,medium,2,DOCX,DOCX,1
extended_xl,XL-Synthetic_12_P__docx_medium__lsb3.png,/home/kali/Desktop/stego_dataset_expanded/stego_core_combined/XL-Synthetic_12_P__docx_medium__lsb3.png,XL-Synthetic_12_P.png,XL-Synthetic,12,P,png,P01.docx,docx,medium,3,DOCX,DOCX,1
extended_xl,XL-Synthetic_12_P__docx_small__lsb1.png,/home/kali/Desktop/stego_dataset_expanded/stego_core_combined/XL-Synthetic_12_P__docx_small__lsb1.png,XL-Synthetic_12_P.png,XL-Synthetic,12,P,png,P01.docx,docx,small,1,DOCX,DOCX,1
extended_xl,XL-Synthetic_12_P__docx_small__lsb2.png,/home/kali/Desktop/stego_dataset_expanded/stego_core_combined/XL-Synthetic_12_P__docx_small__lsb2.png,XL-Synthetic_12_P.png,XL-Synthetic,12,P,png,P01.docx,docx,small,2,DOCX,DOCX,1
extended_xl,XL-Synthetic_12_P__docx_small__lsb3.png,/home/kali/Desktop/stego_dataset_expanded/stego_core_combined/XL-Synthetic_12_P__docx_small__lsb3.png,XL-Synthetic_12_P.png,XL-Synthetic,12,P,png,P01.docx,docx,small,3,DOCX,DOCX,1
extended_xl,XL-Synthetic_12_P__exe_large__lsb3.png,/home/kali/Desktop/stego_dataset_expanded/stego_core_combined/XL-Synthetic_12_P__exe_large__lsb3.png,XL-Synthetic_12_P.png,XL-Synthetic,12,P,png,P06.exe,exe,large,3,EXE,EXE,1
extended_xl,XL-Synthetic_12_P__exe_medium__lsb2.png,/home/kali/Desktop/stego_dataset_expanded/stego_core_combined/XL-Synthetic_12_P__exe_medium__lsb2.png,XL-Synthetic_12_P.png,XL-Synthetic,12,P,png,P06.exe,exe,medium,2,EXE,EXE,1
extended_xl,XL-Synthetic_12_P__exe_medium__lsb3.png,/home/kali/Desktop/stego_dataset_expanded/stego_core_combined/XL-Synthetic_12_P__exe_medium__lsb3.png,XL-Synthetic_12_P.png,XL-Synthetic,12,P,png,P06.exe,exe,medium,3,EXE,EXE,1
extended_xl,XL-Synthetic_12_P__exe_small__lsb1.png,/home/kali/Desktop/stego_dataset_expanded/stego_core_combined/XL-Synthetic_12_P__exe_small__lsb1.png,XL-Synthetic_12_P.png,XL-Synthetic,12,P,png,P06.exe,exe,small,1,EXE,EXE,1
extended_xl,XL-Synthetic_12_P__exe_small__lsb2.png,/home/kali/Desktop/stego_dataset_expanded/stego_core_combined/XL-Synthetic_12_P__exe_small__lsb2.png,XL-Synthetic_12_P.png,XL-Synthetic,12,P,png,P06.exe,exe,small,2,EXE,EXE,1
extended_xl,XL-Synthetic_12_P__exe_small__lsb3.png,/home/kali/Desktop/stego_dataset_expanded/stego_core_combined/XL-Synthetic_12_P__exe_small__lsb3.png,XL-Synthetic_12_P.png,XL-Synthetic,12,P,png,P06.exe,exe,small,3,EXE,EXE,1
extended_xl,XL-Synthetic_12_P__pdf_large__lsb3.png,/home/kali/Desktop/stego_dataset_expanded/stego_core_combined/XL-Synthetic_12_P__pdf_large__lsb3.png,XL-Synthetic_12_P.png,XL-Synthetic,12,P,png,P02.pdf,pdf,large,3,PDF,PDF,1
extended_xl,XL-Synthetic_12_P__pdf_medium__lsb2.png,/home/kali/Desktop/stego_dataset_expanded/stego_core_combined/XL-Synthetic_12_P__pdf_medium__lsb2.png,XL-Synthetic_12_P.png,XL-Synthetic,12,P,png,P02.pdf,pdf,medium,2,PDF,PDF,1
extended_xl,XL-Synthetic_12_P__pdf_medium__lsb3.png,/home/kali/Desktop/stego_dataset_expanded/stego_core_combined/XL-Synthetic_12_P__pdf_medium__lsb3.png,XL-Synthetic_12_P.png,XL-Synthetic,12,P,png,P02.pdf,pdf,medium,3,PDF,PDF,1
extended_xl,XL-Synthetic_12_P__pdf_small__lsb1.png,/home/kali/Desktop/stego_dataset_expanded/stego_core_combined/XL-Synthetic_12_P__pdf_small__lsb1.png,XL-Synthetic_12_P.png,XL-Synthetic,12,P,png,P02.pdf,pdf,small,1,PDF,PDF,1
extended_xl,XL-Synthetic_12_P__pdf_small__lsb2.png,/home/kali/Desktop/stego_dataset_expanded/stego_core_combined/XL-Synthetic_12_P__pdf_small__lsb2.png,XL-Synthetic_12_P.png,XL-Synthetic,12,P,png,P02.pdf,pdf,small,2,PDF,PDF,1
extended_xl,XL-Synthetic_12_P__pdf_small__lsb3.png,/home/kali/Desktop/stego_dataset_expanded/stego_core_combined/XL-Synthetic_12_P__pdf_small__lsb3.png,XL-Synthetic_12_P.png,XL-Synthetic,12,P,png,P02.pdf,pdf,small,3,PDF,PDF,1
extended_xl,XL-Synthetic_12_P__pptx_large__lsb3.png,/home/kali/Desktop/stego_dataset_expanded/stego_core_combined/XL-Synthetic_12_P__pptx_large__lsb3.png,XL-Synthetic_12_P.png,XL-Synthetic,12,P,png,P04.pptx,pptx,large,3,PPTX,PPTX,1
extended_xl,XL-Synthetic_12_P__pptx_medium__lsb2.png,/home/kali/Desktop/stego_dataset_expanded/stego_core_combined/XL-Synthetic_12_P__pptx_medium__lsb2.png,XL-Synthetic_12_P.png,XL-Synthetic,12,P,png,P04.pptx,pptx,medium,2,PPTX,PPTX,1
extended_xl,XL-Synthetic_12_P__pptx_medium__lsb3.png,/home/kali/Desktop/stego_dataset_expanded/stego_core_combined/XL-Synthetic_12_P__pptx_medium__lsb3.png,XL-Synthetic_12_P.png,XL-Synthetic,12,P,png,P04.pptx,pptx,medium,3,PPTX,PPTX,1
extended_xl,XL-Synthetic_12_P__pptx_small__lsb1.png,/home/kali/Desktop/stego_dataset_expanded/stego_core_combined/XL-Synthetic_12_P__pptx_small__lsb1.png,XL-Synthetic_12_P.png,XL-Synthetic,12,P,png,P04.pptx,pptx,small,1,PPTX,PPTX,1
extended_xl,XL-Synthetic_12_P__pptx_small__lsb2.png,/home/kali/Desktop/stego_dataset_expanded/stego_core_combined/XL-Synthetic_12_P__pptx_small__lsb2.png,XL-Synthetic_12_P.png,XL-Synthetic,12,P,png,P04.pptx,pptx,small,2,PPTX,PPTX,1
extended_xl,XL-Synthetic_12_P__pptx_small__lsb3.png,/home/kali/Desktop/stego_dataset_expanded/stego_core_combined/XL-Synthetic_12_P__pptx_small__lsb3.png,XL-Synthetic_12_P.png,XL-Synthetic,12,P,png,P04.pptx,pptx,small,3,PPTX,PPTX,1
extended_xl,XL-Synthetic_12_P__rtf_large__lsb3.png,/home/kali/Desktop/stego_dataset_expanded/stego_core_combined/XL-Synthetic_12_P__rtf_large__lsb3.png,XL-Synthetic_12_P.png,XL-Synthetic,12,P,png,P05.rtf,rtf,large,3,RTF,RTF,1
extended_xl,XL-Synthetic_12_P__rtf_medium__lsb2.png,/home/kali/Desktop/stego_dataset_expanded/stego_core_combined/XL-Synthetic_12_P__rtf_medium__lsb2.png,XL-Synthetic_12_P.png,XL-Synthetic,12,P,png,P05.rtf,rtf,medium,2,RTF,RTF,1
extended_xl,XL-Synthetic_12_P__rtf_medium__lsb3.png,/home/kali/Desktop/stego_dataset_expanded/stego_core_combined/XL-Synthetic_12_P__rtf_medium__lsb3.png,XL-Synthetic_12_P.png,XL-Synthetic,12,P,png,P05.rtf,rtf,medium,3,RTF,RTF,1
extended_xl,XL-Synthetic_12_P__rtf_small__lsb1.png,/home/kali/Desktop/stego_dataset_expanded/stego_core_combined/XL-Synthetic_12_P__rtf_small__lsb1.png,XL-Synthetic_12_P.png,XL-Synthetic,12,P,png,P05.rtf,rtf,small,1,RTF,RTF,1
extended_xl,XL-Synthetic_12_P__rtf_small__lsb2.png,/home/kali/Desktop/stego_dataset_expanded/stego_core_combined/XL-Synthetic_12_P__rtf_small__lsb2.png,XL-Synthetic_12_P.png,XL-Synthetic,12,P,png,P05.rtf,rtf,small,2,RTF,RTF,1
extended_xl,XL-Synthetic_12_P__rtf_small__lsb3.png,/home/kali/Desktop/stego_dataset_expanded/stego_core_combined/XL-Synthetic_12_P__rtf_small__lsb3.png,XL-Synthetic_12_P.png,XL-Synthetic,12,P,png,P05.rtf,rtf,small,3,RTF,RTF,1
extended_xl,XL-Synthetic_12_P__xlsx_large__lsb3.png,/home/kali/Desktop/stego_dataset_expanded/stego_core_combined/XL-Synthetic_12_P__xlsx_large__lsb3.png,XL-Synthetic_12_P.png,XL-Synthetic,12,P,png,P03.xlsx,xlsx,large,3,XLSX,XLSX,1
extended_xl,XL-Synthetic_12_P__xlsx_medium__lsb2.png,/home/kali/Desktop/stego_dataset_expanded/stego_core_combined/XL-Synthetic_12_P__xlsx_medium__lsb2.png,XL-Synthetic_12_P.png,XL-Synthetic,12,P,png,P03.xlsx,xlsx,medium,2,XLSX,XLSX,1
extended_xl,XL-Synthetic_12_P__xlsx_medium__lsb3.png,/home/kali/Desktop/stego_dataset_expanded/stego_core_combined/XL-Synthetic_12_P__xlsx_medium__lsb3.png,XL-Synthetic_12_P.png,XL-Synthetic,12,P,png,P03.xlsx,xlsx,medium,3,XLSX,XLSX,1
extended_xl,XL-Synthetic_12_P__xlsx_small__lsb1.png,/home/kali/Desktop/stego_dataset_expanded/stego_core_combined/XL-Synthetic_12_P__xlsx_small__lsb1.png,XL-Synthetic_12_P.png,XL-Synthetic,12,P,png,P03.xlsx,xlsx,small,1,XLSX,XLSX,1
extended_xl,XL-Synthetic_12_P__xlsx_small__lsb2.png,/home/kali/Desktop/stego_dataset_expanded/stego_core_combined/XL-Synthetic_12_P__xlsx_small__lsb2.png,XL-Synthetic_12_P.png,XL-Synthetic,12,P,png,P03.xlsx,xlsx,small,2,XLSX,XLSX,1
extended_xl,XL-Synthetic_12_P__xlsx_small__lsb3.png,/home/kali/Desktop/stego_dataset_expanded/stego_core_combined/XL-Synthetic_12_P__xlsx_small__lsb3.png,XL-Synthetic_12_P.png,XL-Synthetic,12,P,png,P03.xlsx,xlsx,small,3,XLSX,XLSX,1
extended_xl,XL-Synthetic_13_B__docx_large__lsb1.bmp,/home/kali/Desktop/stego_dataset_expanded/stego_core_combined/XL-Synthetic_13_B__docx_large__lsb1.bmp,XL-Synthetic_13_B.bmp,XL-Synthetic,13,B,bmp,P01.docx,docx,large,1,DOCX,DOCX,1
extended_xl,XL-Synthetic_13_B__docx_large__lsb2.bmp,/home/kali/Desktop/stego_dataset_expanded/stego_core_combined/XL-Synthetic_13_B__docx_large__lsb2.bmp,XL-Synthetic_13_B.bmp,XL-Synthetic,13,B,bmp,P01.docx,docx,large,2,DOCX,DOCX,1
extended_xl,XL-Synthetic_13_B__docx_large__lsb3.bmp,/home/kali/Desktop/stego_dataset_expanded/stego_core_combined/XL-Synthetic_13_B__docx_large__lsb3.bmp,XL-Synthetic_13_B.bmp,XL-Synthetic,13,B,bmp,P01.docx,docx,large,3,DOCX,DOCX,1
extended_xl,XL-Synthetic_13_B__docx_medium__lsb1.bmp,/home/kali/Desktop/stego_dataset_expanded/stego_core_combined/XL-Synthetic_13_B__docx_medium__lsb1.bmp,XL-Synthetic_13_B.bmp,XL-Synthetic,13,B,bmp,P01.docx,docx,medium,1,DOCX,DOCX,1
extended_xl,XL-Synthetic_13_B__docx_medium__lsb2.bmp,/home/kali/Desktop/stego_dataset_expanded/stego_core_combined/XL-Synthetic_13_B__docx_medium__lsb2.bmp,XL-Synthetic_13_B.bmp,XL-Synthetic,13,B,bmp,P01.docx,docx,medium,2,DOCX,DOCX,1
extended_xl,XL-Synthetic_13_B__docx_medium__lsb3.bmp,/home/kali/Desktop/stego_dataset_expanded/stego_core_combined/XL-Synthetic_13_B__docx_medium__lsb3.bmp,XL-Synthetic_13_B.bmp,XL-Synthetic,13,B,bmp,P01.docx,docx,medium,3,DOCX,DOCX,1
extended_xl,XL-Synthetic_13_B__docx_small__lsb1.bmp,/home/kali/Desktop/stego_dataset_expanded/stego_core_combined/XL-Synthetic_13_B__docx_small__lsb1.bmp,XL-Synthetic_13_B.bmp,XL-Synthetic,13,B,bmp,P01.docx,docx,small,1,DOCX,DOCX,1
extended_xl,XL-Synthetic_13_B__docx_small__lsb2.bmp,/home/kali/Desktop/stego_dataset_expanded/stego_core_combined/XL-Synthetic_13_B__docx_small__lsb2.bmp,XL-Synthetic_13_B.bmp,XL-Synthetic,13,B,bmp,P01.docx,docx,small,2,DOCX,DOCX,1
extended_xl,XL-Synthetic_13_B__docx_small__lsb3.bmp,/home/kali/Desktop/stego_dataset_expanded/stego_core_combined/XL-Synthetic_13_B__docx_small__lsb3.bmp,XL-Synthetic_13_B.bmp,XL-Synthetic,13,B,bmp,P01.docx,docx,small,3,DOCX,DOCX,1
extended_xl,XL-Synthetic_13_B__exe_large__lsb1.bmp,/home/kali/Desktop/stego_dataset_expanded/stego_core_combined/XL-Synthetic_13_B__exe_large__lsb1.bmp,XL-Synthetic_13_B.bmp,XL-Synthetic,13,B,bmp,P06.exe,exe,large,1,EXE,EXE,1
extended_xl,XL-Synthetic_13_B__exe_large__lsb2.bmp,/home/kali/Desktop/stego_dataset_expanded/stego_core_combined/XL-Synthetic_13_B__exe_large__lsb2.bmp,XL-Synthetic_13_B.bmp,XL-Synthetic,13,B,bmp,P06.exe,exe,large,2,EXE,EXE,1
extended_xl,XL-Synthetic_13_B__exe_large__lsb3.bmp,/home/kali/Desktop/stego_dataset_expanded/stego_core_combined/XL-Synthetic_13_B__exe_large__lsb3.bmp,XL-Synthetic_13_B.bmp,XL-Synthetic,13,B,bmp,P06.exe,exe,large,3,EXE,EXE,1
extended_xl,XL-Synthetic_13_B__exe_medium__lsb1.bmp,/home/kali/Desktop/stego_dataset_expanded/stego_core_combined/XL-Synthetic_13_B__exe_medium__lsb1.bmp,XL-Synthetic_13_B.bmp,XL-Synthetic,13,B,bmp,P06.exe,exe,medium,1,EXE,EXE,1
extended_xl,XL-Synthetic_13_B__exe_medium__lsb2.bmp,/home/kali/Desktop/stego_dataset_expanded/stego_core_combined/XL-Synthetic_13_B__exe_medium__lsb2.bmp,XL-Synthetic_13_B.bmp,XL-Synthetic,13,B,bmp,P06.exe,exe,medium,2,EXE,EXE,1
extended_xl,XL-Synthetic_13_B__exe_medium__lsb3.bmp,/home/kali/Desktop/stego_dataset_expanded/stego_core_combined/XL-Synthetic_13_B__exe_medium__lsb3.bmp,XL-Synthetic_13_B.bmp,XL-Synthetic,13,B,bmp,P06.exe,exe,medium,3,EXE,EXE,1
extended_xl,XL-Synthetic_13_B__exe_small__lsb1.bmp,/home/kali/Desktop/stego_dataset_expanded/stego_core_combined/XL-Synthetic_13_B__exe_small__lsb1.bmp,XL-Synthetic_13_B.bmp,XL-Synthetic,13,B,bmp,P06.exe,exe,small,1,EXE,EXE,1
extended_xl,XL-Synthetic_13_B__exe_small__lsb2.bmp,/home/kali/Desktop/stego_dataset_expanded/stego_core_combined/XL-Synthetic_13_B__exe_small__lsb2.bmp,XL-Synthetic_13_B.bmp,XL-Synthetic,13,B,bmp,P06.exe,exe,small,2,EXE,EXE,1
extended_xl,XL-Synthetic_13_B__exe_small__lsb3.bmp,/home/kali/Desktop/stego_dataset_expanded/stego_core_combined/XL-Synthetic_13_B__exe_small__lsb3.bmp,XL-Synthetic_13_B.bmp,XL-Synthetic,13,B,bmp,P06.exe,exe,small,3,EXE,EXE,1
extended_xl,XL-Synthetic_13_B__pdf_large__lsb1.bmp,/home/kali/Desktop/stego_dataset_expanded/stego_core_combined/XL-Synthetic_13_B__pdf_large__lsb1.bmp,XL-Synthetic_13_B.bmp,XL-Synthetic,13,B,bmp,P02.pdf,pdf,large,1,PDF,PDF,1
extended_xl,XL-Synthetic_13_B__pdf_large__lsb2.bmp,/home/kali/Desktop/stego_dataset_expanded/stego_core_combined/XL-Synthetic_13_B__pdf_large__lsb2.bmp,XL-Synthetic_13_B.bmp,XL-Synthetic,13,B,bmp,P02.pdf,pdf,large,2,PDF,PDF,1
extended_xl,XL-Synthetic_13_B__pdf_large__lsb3.bmp,/home/kali/Desktop/stego_dataset_expanded/stego_core_combined/XL-Synthetic_13_B__pdf_large__lsb3.bmp,XL-Synthetic_13_B.bmp,XL-Synthetic,13,B,bmp,P02.pdf,pdf,large,3,PDF,PDF,1
extended_xl,XL-Synthetic_13_B__pdf_medium__lsb1.bmp,/home/kali/Desktop/stego_dataset_expanded/stego_core_combined/XL-Synthetic_13_B__pdf_medium__lsb1.bmp,XL-Synthetic_13_B.bmp,XL-Synthetic,13,B,bmp,P02.pdf,pdf,medium,1,PDF,PDF,1
extended_xl,XL-Synthetic_13_B__pdf_medium__lsb2.bmp,/home/kali/Desktop/stego_dataset_expanded/stego_core_combined/XL-Synthetic_13_B__pdf_medium__lsb2.bmp,XL-Synthetic_13_B.bmp,XL-Synthetic,13,B,bmp,P02.pdf,pdf,medium,2,PDF,PDF,1
extended_xl,XL-Synthetic_13_B__pdf_medium__lsb3.bmp,/home/kali/Desktop/stego_dataset_expanded/stego_core_combined/XL-Synthetic_13_B__pdf_medium__lsb3.bmp,XL-Synthetic_13_B.bmp,XL-Synthetic,13,B,bmp,P02.pdf,pdf,medium,3,PDF,PDF,1
extended_xl,XL-Synthetic_13_B__pdf_small__lsb1.bmp,/home/kali/Desktop/stego_dataset_expanded/stego_core_combined/XL-Synthetic_13_B__pdf_small__lsb1.bmp,XL-Synthetic_13_B.bmp,XL-Synthetic,13,B,bmp,P02.pdf,pdf,small,1,PDF,PDF,1
extended_xl,XL-Synthetic_13_B__pdf_small__lsb2.bmp,/home/kali/Desktop/stego_dataset_expanded/stego_core_combined/XL-Synthetic_13_B__pdf_small__lsb2.bmp,XL-Synthetic_13_B.bmp,XL-Synthetic,13,B,bmp,P02.pdf,pdf,small,2,PDF,PDF,1
extended_xl,XL-Synthetic_13_B__pdf_small__lsb3.bmp,/home/kali/Desktop/stego_dataset_expanded/stego_core_combined/XL-Synthetic_13_B__pdf_small__lsb3.bmp,XL-Synthetic_13_B.bmp,XL-Synthetic,13,B,bmp,P02.pdf,pdf,small,3,PDF,PDF,1
extended_xl,XL-Synthetic_13_B__pptx_large__lsb1.bmp,/home/kali/Desktop/stego_dataset_expanded/stego_core_combined/XL-Synthetic_13_B__pptx_large__lsb1.bmp,XL-Synthetic_13_B.bmp,XL-Synthetic,13,B,bmp,P04.pptx,pptx,large,1,PPTX,PPTX,1
extended_xl,XL-Synthetic_13_B__pptx_large__lsb2.bmp,/home/kali/Desktop/stego_dataset_expanded/stego_core_combined/XL-Synthetic_13_B__pptx_large__lsb2.bmp,XL-Synthetic_13_B.bmp,XL-Synthetic,13,B,bmp,P04.pptx,pptx,large,2,PPTX,PPTX,1
extended_xl,XL-Synthetic_13_B__pptx_large__lsb3.bmp,/home/kali/Desktop/stego_dataset_expanded/stego_core_combined/XL-Synthetic_13_B__pptx_large__lsb3.bmp,XL-Synthetic_13_B.bmp,XL-Synthetic,13,B,bmp,P04.pptx,pptx,large,3,PPTX,PPTX,1
extended_xl,XL-Synthetic_13_B__pptx_medium__lsb1.bmp,/home/kali/Desktop/stego_dataset_expanded/stego_core_combined/XL-Synthetic_13_B__pptx_medium__lsb1.bmp,XL-Synthetic_13_B.bmp,XL-Synthetic,13,B,bmp,P04.pptx,pptx,medium,1,PPTX,PPTX,1
extended_xl,XL-Synthetic_13_B__pptx_medium__lsb2.bmp,/home/kali/Desktop/stego_dataset_expanded/stego_core_combined/XL-Synthetic_13_B__pptx_medium__lsb2.bmp,XL-Synthetic_13_B.bmp,XL-Synthetic,13,B,bmp,P04.pptx,pptx,medium,2,PPTX,PPTX,1
extended_xl,XL-Synthetic_13_B__pptx_medium__lsb3.bmp,/home/kali/Desktop/stego_dataset_expanded/stego_core_combined/XL-Synthetic_13_B__pptx_medium__lsb3.bmp,XL-Synthetic_13_B.bmp,XL-Synthetic,13,B,bmp,P04.pptx,pptx,medium,3,PPTX,PPTX,1
extended_xl,XL-Synthetic_13_B__pptx_small__lsb1.bmp,/home/kali/Desktop/stego_dataset_expanded/stego_core_combined/XL-Synthetic_13_B__pptx_small__lsb1.bmp,XL-Synthetic_13_B.bmp,XL-Synthetic,13,B,bmp,P04.pptx,pptx,small,1,PPTX,PPTX,1
extended_xl,XL-Synthetic_13_B__pptx_small__lsb2.bmp,/home/kali/Desktop/stego_dataset_expanded/stego_core_combined/XL-Synthetic_13_B__pptx_small__lsb2.bmp,XL-Synthetic_13_B.bmp,XL-Synthetic,13,B,bmp,P04.pptx,pptx,small,2,PPTX,PPTX,1
extended_xl,XL-Synthetic_13_B__pptx_small__lsb3.bmp,/home/kali/Desktop/stego_dataset_expanded/stego_core_combined/XL-Synthetic_13_B__pptx_small__lsb3.bmp,XL-Synthetic_13_B.bmp,XL-Synthetic,13,B,bmp,P04.pptx,pptx,small,3,PPTX,PPTX,1
extended_xl,XL-Synthetic_13_B__rtf_large__lsb1.bmp,/home/kali/Desktop/stego_dataset_expanded/stego_core_combined/XL-Synthetic_13_B__rtf_large__lsb1.bmp,XL-Synthetic_13_B.bmp,XL-Synthetic,13,B,bmp,P05.rtf,rtf,large,1,RTF,RTF,1
extended_xl,XL-Synthetic_13_B__rtf_large__lsb2.bmp,/home/kali/Desktop/stego_dataset_expanded/stego_core_combined/XL-Synthetic_13_B__rtf_large__lsb2.bmp,XL-Synthetic_13_B.bmp,XL-Synthetic,13,B,bmp,P05.rtf,rtf,large,2,RTF,RTF,1
extended_xl,XL-Synthetic_13_B__rtf_large__lsb3.bmp,/home/kali/Desktop/stego_dataset_expanded/stego_core_combined/XL-Synthetic_13_B__rtf_large__lsb3.bmp,XL-Synthetic_13_B.bmp,XL-Synthetic,13,B,bmp,P05.rtf,rtf,large,3,RTF,RTF,1
extended_xl,XL-Synthetic_13_B__rtf_medium__lsb1.bmp,/home/kali/Desktop/stego_dataset_expanded/stego_core_combined/XL-Synthetic_13_B__rtf_medium__lsb1.bmp,XL-Synthetic_13_B.bmp,XL-Synthetic,13,B,bmp,P05.rtf,rtf,medium,1,RTF,RTF,1
extended_xl,XL-Synthetic_13_B__rtf_medium__lsb2.bmp,/home/kali/Desktop/stego_dataset_expanded/stego_core_combined/XL-Synthetic_13_B__rtf_medium__lsb2.bmp,XL-Synthetic_13_B.bmp,XL-Synthetic,13,B,bmp,P05.rtf,rtf,medium,2,RTF,RTF,1
extended_xl,XL-Synthetic_13_B__rtf_medium__lsb3.bmp,/home/kali/Desktop/stego_dataset_expanded/stego_core_combined/XL-Synthetic_13_B__rtf_medium__lsb3.bmp,XL-Synthetic_13_B.bmp,XL-Synthetic,13,B,bmp,P05.rtf,rtf,medium,3,RTF,RTF,1
extended_xl,XL-Synthetic_13_B__rtf_small__lsb1.bmp,/home/kali/Desktop/stego_dataset_expanded/stego_core_combined/XL-Synthetic_13_B__rtf_small__lsb1.bmp,XL-Synthetic_13_B.bmp,XL-Synthetic,13,B,bmp,P05.rtf,rtf,small,1,RTF,RTF,1
extended_xl,XL-Synthetic_13_B__rtf_small__lsb2.bmp,/home/kali/Desktop/stego_dataset_expanded/stego_core_combined/XL-Synthetic_13_B__rtf_small__lsb2.bmp,XL-Synthetic_13_B.bmp,XL-Synthetic,13,B,bmp,P05.rtf,rtf,small,2,RTF,RTF,1
extended_xl,XL-Synthetic_13_B__rtf_small__lsb3.bmp,/home/kali/Desktop/stego_dataset_expanded/stego_core_combined/XL-Synthetic_13_B__rtf_small__lsb3.bmp,XL-Synthetic_13_B.bmp,XL-Synthetic,13,B,bmp,P05.rtf,rtf,small,3,RTF,RTF,1
extended_xl,XL-Synthetic_13_B__xlsx_large__lsb1.bmp,/home/kali/Desktop/stego_dataset_expanded/stego_core_combined/XL-Synthetic_13_B__xlsx_large__lsb1.bmp,XL-Synthetic_13_B.bmp,XL-Synthetic,13,B,bmp,P03.xlsx,xlsx,large,1,XLSX,XLSX,1
extended_xl,XL-Synthetic_13_B__xlsx_large__lsb2.bmp,/home/kali/Desktop/stego_dataset_expanded/stego_core_combined/XL-Synthetic_13_B__xlsx_large__lsb2.bmp,XL-Synthetic_13_B.bmp,XL-Synthetic,13,B,bmp,P03.xlsx,xlsx,large,2,XLSX,XLSX,1
extended_xl,XL-Synthetic_13_B__xlsx_large__lsb3.bmp,/home/kali/Desktop/stego_dataset_expanded/stego_core_combined/XL-Synthetic_13_B__xlsx_large__lsb3.bmp,XL-Synthetic_13_B.bmp,XL-Synthetic,13,B,bmp,P03.xlsx,xlsx,large,3,XLSX,XLSX,1
extended_xl,XL-Synthetic_13_B__xlsx_medium__lsb1.bmp,/home/kali/Desktop/stego_dataset_expanded/stego_core_combined/XL-Synthetic_13_B__xlsx_medium__lsb1.bmp,XL-Synthetic_13_B.bmp,XL-Synthetic,13,B,bmp,P03.xlsx,xlsx,medium,1,XLSX,XLSX,1
extended_xl,XL-Synthetic_13_B__xlsx_medium__lsb2.bmp,/home/kali/Desktop/stego_dataset_expanded/stego_core_combined/XL-Synthetic_13_B__xlsx_medium__lsb2.bmp,XL-Synthetic_13_B.bmp,XL-Synthetic,13,B,bmp,P03.xlsx,xlsx,medium,2,XLSX,XLSX,1
extended_xl,XL-Synthetic_13_B__xlsx_medium__lsb3.bmp,/home/kali/Desktop/stego_dataset_expanded/stego_core_combined/XL-Synthetic_13_B__xlsx_medium__lsb3.bmp,XL-Synthetic_13_B.bmp,XL-Synthetic,13,B,bmp,P03.xlsx,xlsx,medium,3,XLSX,XLSX,1
extended_xl,XL-Synthetic_13_B__xlsx_small__lsb1.bmp,/home/kali/Desktop/stego_dataset_expanded/stego_core_combined/XL-Synthetic_13_B__xlsx_small__lsb1.bmp,XL-Synthetic_13_B.bmp,XL-Synthetic,13,B,bmp,P03.xlsx,xlsx,small,1,XLSX,XLSX,1
extended_xl,XL-Synthetic_13_B__xlsx_small__lsb2.bmp,/home/kali/Desktop/stego_dataset_expanded/stego_core_combined/XL-Synthetic_13_B__xlsx_small__lsb2.bmp,XL-Synthetic_13_B.bmp,XL-Synthetic,13,B,bmp,P03.xlsx,xlsx,small,2,XLSX,XLSX,1
extended_xl,XL-Synthetic_13_B__xlsx_small__lsb3.bmp,/home/kali/Desktop/stego_dataset_expanded/stego_core_combined/XL-Synthetic_13_B__xlsx_small__lsb3.bmp,XL-Synthetic_13_B.bmp,XL-Synthetic,13,B,bmp,P03.xlsx,xlsx,small,3,XLSX,XLSX,1
extended_xl,XL-Synthetic_13_P__docx_large__lsb3.png,/home/kali/Desktop/stego_dataset_expanded/stego_core_combined/XL-Synthetic_13_P__docx_large__lsb3.png,XL-Synthetic_13_P.png,XL-Synthetic,13,P,png,P01.docx,docx,large,3,DOCX,DOCX,1
extended_xl,XL-Synthetic_13_P__docx_medium__lsb2.png,/home/kali/Desktop/stego_dataset_expanded/stego_core_combined/XL-Synthetic_13_P__docx_medium__lsb2.png,XL-Synthetic_13_P.png,XL-Synthetic,13,P,png,P01.docx,docx,medium,2,DOCX,DOCX,1
extended_xl,XL-Synthetic_13_P__docx_medium__lsb3.png,/home/kali/Desktop/stego_dataset_expanded/stego_core_combined/XL-Synthetic_13_P__docx_medium__lsb3.png,XL-Synthetic_13_P.png,XL-Synthetic,13,P,png,P01.docx,docx,medium,3,DOCX,DOCX,1
extended_xl,XL-Synthetic_13_P__docx_small__lsb1.png,/home/kali/Desktop/stego_dataset_expanded/stego_core_combined/XL-Synthetic_13_P__docx_small__lsb1.png,XL-Synthetic_13_P.png,XL-Synthetic,13,P,png,P01.docx,docx,small,1,DOCX,DOCX,1
extended_xl,XL-Synthetic_13_P__docx_small__lsb2.png,/home/kali/Desktop/stego_dataset_expanded/stego_core_combined/XL-Synthetic_13_P__docx_small__lsb2.png,XL-Synthetic_13_P.png,XL-Synthetic,13,P,png,P01.docx,docx,small,2,DOCX,DOCX,1
extended_xl,XL-Synthetic_13_P__docx_small__lsb3.png,/home/kali/Desktop/stego_dataset_expanded/stego_core_combined/XL-Synthetic_13_P__docx_small__lsb3.png,XL-Synthetic_13_P.png,XL-Synthetic,13,P,png,P01.docx,docx,small,3,DOCX,DOCX,1
extended_xl,XL-Synthetic_13_P__exe_large__lsb3.png,/home/kali/Desktop/stego_dataset_expanded/stego_core_combined/XL-Synthetic_13_P__exe_large__lsb3.png,XL-Synthetic_13_P.png,XL-Synthetic,13,P,png,P06.exe,exe,large,3,EXE,EXE,1
extended_xl,XL-Synthetic_13_P__exe_medium__lsb2.png,/home/kali/Desktop/stego_dataset_expanded/stego_core_combined/XL-Synthetic_13_P__exe_medium__lsb2.png,XL-Synthetic_13_P.png,XL-Synthetic,13,P,png,P06.exe,exe,medium,2,EXE,EXE,1
extended_xl,XL-Synthetic_13_P__exe_medium__lsb3.png,/home/kali/Desktop/stego_dataset_expanded/stego_core_combined/XL-Synthetic_13_P__exe_medium__lsb3.png,XL-Synthetic_13_P.png,XL-Synthetic,13,P,png,P06.exe,exe,medium,3,EXE,EXE,1
extended_xl,XL-Synthetic_13_P__exe_small__lsb1.png,/home/kali/Desktop/stego_dataset_expanded/stego_core_combined/XL-Synthetic_13_P__exe_small__lsb1.png,XL-Synthetic_13_P.png,XL-Synthetic,13,P,png,P06.exe,exe,small,1,EXE,EXE,1
extended_xl,XL-Synthetic_13_P__exe_small__lsb2.png,/home/kali/Desktop/stego_dataset_expanded/stego_core_combined/XL-Synthetic_13_P__exe_small__lsb2.png,XL-Synthetic_13_P.png,XL-Synthetic,13,P,png,P06.exe,exe,small,2,EXE,EXE,1
extended_xl,XL-Synthetic_13_P__exe_small__lsb3.png,/home/kali/Desktop/stego_dataset_expanded/stego_core_combined/XL-Synthetic_13_P__exe_small__lsb3.png,XL-Synthetic_13_P.png,XL-Synthetic,13,P,png,P06.exe,exe,small,3,EXE,EXE,1
extended_xl,XL-Synthetic_13_P__pdf_large__lsb3.png,/home/kali/Desktop/stego_dataset_expanded/stego_core_combined/XL-Synthetic_13_P__pdf_large__lsb3.png,XL-Synthetic_13_P.png,XL-Synthetic,13,P,png,P02.pdf,pdf,large,3,PDF,PDF,1
extended_xl,XL-Synthetic_13_P__pdf_medium__lsb2.png,/home/kali/Desktop/stego_dataset_expanded/stego_core_combined/XL-Synthetic_13_P__pdf_medium__lsb2.png,XL-Synthetic_13_P.png,XL-Synthetic,13,P,png,P02.pdf,pdf,medium,2,PDF,PDF,1
extended_xl,XL-Synthetic_13_P__pdf_medium__lsb3.png,/home/kali/Desktop/stego_dataset_expanded/stego_core_combined/XL-Synthetic_13_P__pdf_medium__lsb3.png,XL-Synthetic_13_P.png,XL-Synthetic,13,P,png,P02.pdf,pdf,medium,3,PDF,PDF,1
extended_xl,XL-Synthetic_13_P__pdf_small__lsb1.png,/home/kali/Desktop/stego_dataset_expanded/stego_core_combined/XL-Synthetic_13_P__pdf_small__lsb1.png,XL-Synthetic_13_P.png,XL-Synthetic,13,P,png,P02.pdf,pdf,small,1,PDF,PDF,1
extended_xl,XL-Synthetic_13_P__pdf_small__lsb2.png,/home/kali/Desktop/stego_dataset_expanded/stego_core_combined/XL-Synthetic_13_P__pdf_small__lsb2.png,XL-Synthetic_13_P.png,XL-Synthetic,13,P,png,P02.pdf,pdf,small,2,PDF,PDF,1
extended_xl,XL-Synthetic_13_P__pdf_small__lsb3.png,/home/kali/Desktop/stego_dataset_expanded/stego_core_combined/XL-Synthetic_13_P__pdf_small__lsb3.png,XL-Synthetic_13_P.png,XL-Synthetic,13,P,png,P02.pdf,pdf,small,3,PDF,PDF,1
extended_xl,XL-Synthetic_13_P__pptx_large__lsb3.png,/home/kali/Desktop/stego_dataset_expanded/stego_core_combined/XL-Synthetic_13_P__pptx_large__lsb3.png,XL-Synthetic_13_P.png,XL-Synthetic,13,P,png,P04.pptx,pptx,large,3,PPTX,PPTX,1
extended_xl,XL-Synthetic_13_P__pptx_medium__lsb2.png,/home/kali/Desktop/stego_dataset_expanded/stego_core_combined/XL-Synthetic_13_P__pptx_medium__lsb2.png,XL-Synthetic_13_P.png,XL-Synthetic,13,P,png,P04.pptx,pptx,medium,2,PPTX,PPTX,1
extended_xl,XL-Synthetic_13_P__pptx_medium__lsb3.png,/home/kali/Desktop/stego_dataset_expanded/stego_core_combined/XL-Synthetic_13_P__pptx_medium__lsb3.png,XL-Synthetic_13_P.png,XL-Synthetic,13,P,png,P04.pptx,pptx,medium,3,PPTX,PPTX,1
extended_xl,XL-Synthetic_13_P__pptx_small__lsb1.png,/home/kali/Desktop/stego_dataset_expanded/stego_core_combined/XL-Synthetic_13_P__pptx_small__lsb1.png,XL-Synthetic_13_P.png,XL-Synthetic,13,P,png,P04.pptx,pptx,small,1,PPTX,PPTX,1
extended_xl,XL-Synthetic_13_P__pptx_small__lsb2.png,/home/kali/Desktop/stego_dataset_expanded/stego_core_combined/XL-Synthetic_13_P__pptx_small__lsb2.png,XL-Synthetic_13_P.png,XL-Synthetic,13,P,png,P04.pptx,pptx,small,2,PPTX,PPTX,1
extended_xl,XL-Synthetic_13_P__pptx_small__lsb3.png,/home/kali/Desktop/stego_dataset_expanded/stego_core_combined/XL-Synthetic_13_P__pptx_small__lsb3.png,XL-Synthetic_13_P.png,XL-Synthetic,13,P,png,P04.pptx,pptx,small,3,PPTX,PPTX,1
extended_xl,XL-Synthetic_13_P__rtf_large__lsb3.png,/home/kali/Desktop/stego_dataset_expanded/stego_core_combined/XL-Synthetic_13_P__rtf_large__lsb3.png,XL-Synthetic_13_P.png,XL-Synthetic,13,P,png,P05.rtf,rtf,large,3,RTF,RTF,1
extended_xl,XL-Synthetic_13_P__rtf_medium__lsb2.png,/home/kali/Desktop/stego_dataset_expanded/stego_core_combined/XL-Synthetic_13_P__rtf_medium__lsb2.png,XL-Synthetic_13_P.png,XL-Synthetic,13,P,png,P05.rtf,rtf,medium,2,RTF,RTF,1
extended_xl,XL-Synthetic_13_P__rtf_medium__lsb3.png,/home/kali/Desktop/stego_dataset_expanded/stego_core_combined/XL-Synthetic_13_P__rtf_medium__lsb3.png,XL-Synthetic_13_P.png,XL-Synthetic,13,P,png,P05.rtf,rtf,medium,3,RTF,RTF,1
extended_xl,XL-Synthetic_13_P__rtf_small__lsb1.png,/home/kali/Desktop/stego_dataset_expanded/stego_core_combined/XL-Synthetic_13_P__rtf_small__lsb1.png,XL-Synthetic_13_P.png,XL-Synthetic,13,P,png,P05.rtf,rtf,small,1,RTF,RTF,1
extended_xl,XL-Synthetic_13_P__rtf_small__lsb2.png,/home/kali/Desktop/stego_dataset_expanded/stego_core_combined/XL-Synthetic_13_P__rtf_small__lsb2.png,XL-Synthetic_13_P.png,XL-Synthetic,13,P,png,P05.rtf,rtf,small,2,RTF,RTF,1
extended_xl,XL-Synthetic_13_P__rtf_small__lsb3.png,/home/kali/Desktop/stego_dataset_expanded/stego_core_combined/XL-Synthetic_13_P__rtf_small__lsb3.png,XL-Synthetic_13_P.png,XL-Synthetic,13,P,png,P05.rtf,rtf,small,3,RTF,RTF,1
extended_xl,XL-Synthetic_13_P__xlsx_large__lsb3.png,/home/kali/Desktop/stego_dataset_expanded/stego_core_combined/XL-Synthetic_13_P__xlsx_large__lsb3.png,XL-Synthetic_13_P.png,XL-Synthetic,13,P,png,P03.xlsx,xlsx,large,3,XLSX,XLSX,1
extended_xl,XL-Synthetic_13_P__xlsx_medium__lsb2.png,/home/kali/Desktop/stego_dataset_expanded/stego_core_combined/XL-Synthetic_13_P__xlsx_medium__lsb2.png,XL-Synthetic_13_P.png,XL-Synthetic,13,P,png,P03.xlsx,xlsx,medium,2,XLSX,XLSX,1
extended_xl,XL-Synthetic_13_P__xlsx_medium__lsb3.png,/home/kali/Desktop/stego_dataset_expanded/stego_core_combined/XL-Synthetic_13_P__xlsx_medium__lsb3.png,XL-Synthetic_13_P.png,XL-Synthetic,13,P,png,P03.xlsx,xlsx,medium,3,XLSX,XLSX,1
extended_xl,XL-Synthetic_13_P__xlsx_small__lsb1.png,/home/kali/Desktop/stego_dataset_expanded/stego_core_combined/XL-Synthetic_13_P__xlsx_small__lsb1.png,XL-Synthetic_13_P.png,XL-Synthetic,13,P,png,P03.xlsx,xlsx,small,1,XLSX,XLSX,1
extended_xl,XL-Synthetic_13_P__xlsx_small__lsb2.png,/home/kali/Desktop/stego_dataset_expanded/stego_core_combined/XL-Synthetic_13_P__xlsx_small__lsb2.png,XL-Synthetic_13_P.png,XL-Synthetic,13,P,png,P03.xlsx,xlsx,small,2,XLSX,XLSX,1
extended_xl,XL-Synthetic_13_P__xlsx_small__lsb3.png,/home/kali/Desktop/stego_dataset_expanded/stego_core_combined/XL-Synthetic_13_P__xlsx_small__lsb3.png,XL-Synthetic_13_P.png,XL-Synthetic,13,P,png,P03.xlsx,xlsx,small,3,XLSX,XLSX,1
extended_xl,XL-Synthetic_14_B__docx_large__lsb1.bmp,/home/kali/Desktop/stego_dataset_expanded/stego_core_combined/XL-Synthetic_14_B__docx_large__lsb1.bmp,XL-Synthetic_14_B.bmp,XL-Synthetic,14,B,bmp,P01.docx,docx,large,1,DOCX,DOCX,1
extended_xl,XL-Synthetic_14_B__docx_large__lsb2.bmp,/home/kali/Desktop/stego_dataset_expanded/stego_core_combined/XL-Synthetic_14_B__docx_large__lsb2.bmp,XL-Synthetic_14_B.bmp,XL-Synthetic,14,B,bmp,P01.docx,docx,large,2,DOCX,DOCX,1
extended_xl,XL-Synthetic_14_B__docx_large__lsb3.bmp,/home/kali/Desktop/stego_dataset_expanded/stego_core_combined/XL-Synthetic_14_B__docx_large__lsb3.bmp,XL-Synthetic_14_B.bmp,XL-Synthetic,14,B,bmp,P01.docx,docx,large,3,DOCX,DOCX,1
extended_xl,XL-Synthetic_14_B__docx_medium__lsb1.bmp,/home/kali/Desktop/stego_dataset_expanded/stego_core_combined/XL-Synthetic_14_B__docx_medium__lsb1.bmp,XL-Synthetic_14_B.bmp,XL-Synthetic,14,B,bmp,P01.docx,docx,medium,1,DOCX,DOCX,1
extended_xl,XL-Synthetic_14_B__docx_medium__lsb2.bmp,/home/kali/Desktop/stego_dataset_expanded/stego_core_combined/XL-Synthetic_14_B__docx_medium__lsb2.bmp,XL-Synthetic_14_B.bmp,XL-Synthetic,14,B,bmp,P01.docx,docx,medium,2,DOCX,DOCX,1
extended_xl,XL-Synthetic_14_B__docx_medium__lsb3.bmp,/home/kali/Desktop/stego_dataset_expanded/stego_core_combined/XL-Synthetic_14_B__docx_medium__lsb3.bmp,XL-Synthetic_14_B.bmp,XL-Synthetic,14,B,bmp,P01.docx,docx,medium,3,DOCX,DOCX,1
extended_xl,XL-Synthetic_14_B__docx_small__lsb1.bmp,/home/kali/Desktop/stego_dataset_expanded/stego_core_combined/XL-Synthetic_14_B__docx_small__lsb1.bmp,XL-Synthetic_14_B.bmp,XL-Synthetic,14,B,bmp,P01.docx,docx,small,1,DOCX,DOCX,1
extended_xl,XL-Synthetic_14_B__docx_small__lsb2.bmp,/home/kali/Desktop/stego_dataset_expanded/stego_core_combined/XL-Synthetic_14_B__docx_small__lsb2.bmp,XL-Synthetic_14_B.bmp,XL-Synthetic,14,B,bmp,P01.docx,docx,small,2,DOCX,DOCX,1
extended_xl,XL-Synthetic_14_B__docx_small__lsb3.bmp,/home/kali/Desktop/stego_dataset_expanded/stego_core_combined/XL-Synthetic_14_B__docx_small__lsb3.bmp,XL-Synthetic_14_B.bmp,XL-Synthetic,14,B,bmp,P01.docx,docx,small,3,DOCX,DOCX,1
extended_xl,XL-Synthetic_14_B__exe_large__lsb1.bmp,/home/kali/Desktop/stego_dataset_expanded/stego_core_combined/XL-Synthetic_14_B__exe_large__lsb1.bmp,XL-Synthetic_14_B.bmp,XL-Synthetic,14,B,bmp,P06.exe,exe,large,1,EXE,EXE,1
extended_xl,XL-Synthetic_14_B__exe_large__lsb2.bmp,/home/kali/Desktop/stego_dataset_expanded/stego_core_combined/XL-Synthetic_14_B__exe_large__lsb2.bmp,XL-Synthetic_14_B.bmp,XL-Synthetic,14,B,bmp,P06.exe,exe,large,2,EXE,EXE,1
extended_xl,XL-Synthetic_14_B__exe_large__lsb3.bmp,/home/kali/Desktop/stego_dataset_expanded/stego_core_combined/XL-Synthetic_14_B__exe_large__lsb3.bmp,XL-Synthetic_14_B.bmp,XL-Synthetic,14,B,bmp,P06.exe,exe,large,3,EXE,EXE,1
extended_xl,XL-Synthetic_14_B__exe_medium__lsb1.bmp,/home/kali/Desktop/stego_dataset_expanded/stego_core_combined/XL-Synthetic_14_B__exe_medium__lsb1.bmp,XL-Synthetic_14_B.bmp,XL-Synthetic,14,B,bmp,P06.exe,exe,medium,1,EXE,EXE,1
extended_xl,XL-Synthetic_14_B__exe_medium__lsb2.bmp,/home/kali/Desktop/stego_dataset_expanded/stego_core_combined/XL-Synthetic_14_B__exe_medium__lsb2.bmp,XL-Synthetic_14_B.bmp,XL-Synthetic,14,B,bmp,P06.exe,exe,medium,2,EXE,EXE,1
extended_xl,XL-Synthetic_14_B__exe_medium__lsb3.bmp,/home/kali/Desktop/stego_dataset_expanded/stego_core_combined/XL-Synthetic_14_B__exe_medium__lsb3.bmp,XL-Synthetic_14_B.bmp,XL-Synthetic,14,B,bmp,P06.exe,exe,medium,3,EXE,EXE,1
extended_xl,XL-Synthetic_14_B__exe_small__lsb1.bmp,/home/kali/Desktop/stego_dataset_expanded/stego_core_combined/XL-Synthetic_14_B__exe_small__lsb1.bmp,XL-Synthetic_14_B.bmp,XL-Synthetic,14,B,bmp,P06.exe,exe,small,1,EXE,EXE,1
extended_xl,XL-Synthetic_14_B__exe_small__lsb2.bmp,/home/kali/Desktop/stego_dataset_expanded/stego_core_combined/XL-Synthetic_14_B__exe_small__lsb2.bmp,XL-Synthetic_14_B.bmp,XL-Synthetic,14,B,bmp,P06.exe,exe,small,2,EXE,EXE,1
extended_xl,XL-Synthetic_14_B__exe_small__lsb3.bmp,/home/kali/Desktop/stego_dataset_expanded/stego_core_combined/XL-Synthetic_14_B__exe_small__lsb3.bmp,XL-Synthetic_14_B.bmp,XL-Synthetic,14,B,bmp,P06.exe,exe,small,3,EXE,EXE,1
extended_xl,XL-Synthetic_14_B__pdf_large__lsb1.bmp,/home/kali/Desktop/stego_dataset_expanded/stego_core_combined/XL-Synthetic_14_B__pdf_large__lsb1.bmp,XL-Synthetic_14_B.bmp,XL-Synthetic,14,B,bmp,P02.pdf,pdf,large,1,PDF,PDF,1
extended_xl,XL-Synthetic_14_B__pdf_large__lsb2.bmp,/home/kali/Desktop/stego_dataset_expanded/stego_core_combined/XL-Synthetic_14_B__pdf_large__lsb2.bmp,XL-Synthetic_14_B.bmp,XL-Synthetic,14,B,bmp,P02.pdf,pdf,large,2,PDF,PDF,1
extended_xl,XL-Synthetic_14_B__pdf_large__lsb3.bmp,/home/kali/Desktop/stego_dataset_expanded/stego_core_combined/XL-Synthetic_14_B__pdf_large__lsb3.bmp,XL-Synthetic_14_B.bmp,XL-Synthetic,14,B,bmp,P02.pdf,pdf,large,3,PDF,PDF,1
extended_xl,XL-Synthetic_14_B__pdf_medium__lsb1.bmp,/home/kali/Desktop/stego_dataset_expanded/stego_core_combined/XL-Synthetic_14_B__pdf_medium__lsb1.bmp,XL-Synthetic_14_B.bmp,XL-Synthetic,14,B,bmp,P02.pdf,pdf,medium,1,PDF,PDF,1
extended_xl,XL-Synthetic_14_B__pdf_medium__lsb2.bmp,/home/kali/Desktop/stego_dataset_expanded/stego_core_combined/XL-Synthetic_14_B__pdf_medium__lsb2.bmp,XL-Synthetic_14_B.bmp,XL-Synthetic,14,B,bmp,P02.pdf,pdf,medium,2,PDF,PDF,1
extended_xl,XL-Synthetic_14_B__pdf_medium__lsb3.bmp,/home/kali/Desktop/stego_dataset_expanded/stego_core_combined/XL-Synthetic_14_B__pdf_medium__lsb3.bmp,XL-Synthetic_14_B.bmp,XL-Synthetic,14,B,bmp,P02.pdf,pdf,medium,3,PDF,PDF,1
extended_xl,XL-Synthetic_14_B__pdf_small__lsb1.bmp,/home/kali/Desktop/stego_dataset_expanded/stego_core_combined/XL-Synthetic_14_B__pdf_small__lsb1.bmp,XL-Synthetic_14_B.bmp,XL-Synthetic,14,B,bmp,P02.pdf,pdf,small,1,PDF,PDF,1
extended_xl,XL-Synthetic_14_B__pdf_small__lsb2.bmp,/home/kali/Desktop/stego_dataset_expanded/stego_core_combined/XL-Synthetic_14_B__pdf_small__lsb2.bmp,XL-Synthetic_14_B.bmp,XL-Synthetic,14,B,bmp,P02.pdf,pdf,small,2,PDF,PDF,1
extended_xl,XL-Synthetic_14_B__pdf_small__lsb3.bmp,/home/kali/Desktop/stego_dataset_expanded/stego_core_combined/XL-Synthetic_14_B__pdf_small__lsb3.bmp,XL-Synthetic_14_B.bmp,XL-Synthetic,14,B,bmp,P02.pdf,pdf,small,3,PDF,PDF,1
extended_xl,XL-Synthetic_14_B__pptx_large__lsb1.bmp,/home/kali/Desktop/stego_dataset_expanded/stego_core_combined/XL-Synthetic_14_B__pptx_large__lsb1.bmp,XL-Synthetic_14_B.bmp,XL-Synthetic,14,B,bmp,P04.pptx,pptx,large,1,PPTX,PPTX,1
extended_xl,XL-Synthetic_14_B__pptx_large__lsb2.bmp,/home/kali/Desktop/stego_dataset_expanded/stego_core_combined/XL-Synthetic_14_B__pptx_large__lsb2.bmp,XL-Synthetic_14_B.bmp,XL-Synthetic,14,B,bmp,P04.pptx,pptx,large,2,PPTX,PPTX,1
extended_xl,XL-Synthetic_14_B__pptx_large__lsb3.bmp,/home/kali/Desktop/stego_dataset_expanded/stego_core_combined/XL-Synthetic_14_B__pptx_large__lsb3.bmp,XL-Synthetic_14_B.bmp,XL-Synthetic,14,B,bmp,P04.pptx,pptx,large,3,PPTX,PPTX,1
extended_xl,XL-Synthetic_14_B__pptx_medium__lsb1.bmp,/home/kali/Desktop/stego_dataset_expanded/stego_core_combined/XL-Synthetic_14_B__pptx_medium__lsb1.bmp,XL-Synthetic_14_B.bmp,XL-Synthetic,14,B,bmp,P04.pptx,pptx,medium,1,PPTX,PPTX,1
extended_xl,XL-Synthetic_14_B__pptx_medium__lsb2.bmp,/home/kali/Desktop/stego_dataset_expanded/stego_core_combined/XL-Synthetic_14_B__pptx_medium__lsb2.bmp,XL-Synthetic_14_B.bmp,XL-Synthetic,14,B,bmp,P04.pptx,pptx,medium,2,PPTX,PPTX,1
extended_xl,XL-Synthetic_14_B__pptx_medium__lsb3.bmp,/home/kali/Desktop/stego_dataset_expanded/stego_core_combined/XL-Synthetic_14_B__pptx_medium__lsb3.bmp,XL-Synthetic_14_B.bmp,XL-Synthetic,14,B,bmp,P04.pptx,pptx,medium,3,PPTX,PPTX,1
extended_xl,XL-Synthetic_14_B__pptx_small__lsb1.bmp,/home/kali/Desktop/stego_dataset_expanded/stego_core_combined/XL-Synthetic_14_B__pptx_small__lsb1.bmp,XL-Synthetic_14_B.bmp,XL-Synthetic,14,B,bmp,P04.pptx,pptx,small,1,PPTX,PPTX,1
extended_xl,XL-Synthetic_14_B__pptx_small__lsb2.bmp,/home/kali/Desktop/stego_dataset_expanded/stego_core_combined/XL-Synthetic_14_B__pptx_small__lsb2.bmp,XL-Synthetic_14_B.bmp,XL-Synthetic,14,B,bmp,P04.pptx,pptx,small,2,PPTX,PPTX,1
extended_xl,XL-Synthetic_14_B__pptx_small__lsb3.bmp,/home/kali/Desktop/stego_dataset_expanded/stego_core_combined/XL-Synthetic_14_B__pptx_small__lsb3.bmp,XL-Synthetic_14_B.bmp,XL-Synthetic,14,B,bmp,P04.pptx,pptx,small,3,PPTX,PPTX,1
extended_xl,XL-Synthetic_14_B__rtf_large__lsb1.bmp,/home/kali/Desktop/stego_dataset_expanded/stego_core_combined/XL-Synthetic_14_B__rtf_large__lsb1.bmp,XL-Synthetic_14_B.bmp,XL-Synthetic,14,B,bmp,P05.rtf,rtf,large,1,RTF,RTF,1
extended_xl,XL-Synthetic_14_B__rtf_large__lsb2.bmp,/home/kali/Desktop/stego_dataset_expanded/stego_core_combined/XL-Synthetic_14_B__rtf_large__lsb2.bmp,XL-Synthetic_14_B.bmp,XL-Synthetic,14,B,bmp,P05.rtf,rtf,large,2,RTF,RTF,1
extended_xl,XL-Synthetic_14_B__rtf_large__lsb3.bmp,/home/kali/Desktop/stego_dataset_expanded/stego_core_combined/XL-Synthetic_14_B__rtf_large__lsb3.bmp,XL-Synthetic_14_B.bmp,XL-Synthetic,14,B,bmp,P05.rtf,rtf,large,3,RTF,RTF,1
extended_xl,XL-Synthetic_14_B__rtf_medium__lsb1.bmp,/home/kali/Desktop/stego_dataset_expanded/stego_core_combined/XL-Synthetic_14_B__rtf_medium__lsb1.bmp,XL-Synthetic_14_B.bmp,XL-Synthetic,14,B,bmp,P05.rtf,rtf,medium,1,RTF,RTF,1
extended_xl,XL-Synthetic_14_B__rtf_medium__lsb2.bmp,/home/kali/Desktop/stego_dataset_expanded/stego_core_combined/XL-Synthetic_14_B__rtf_medium__lsb2.bmp,XL-Synthetic_14_B.bmp,XL-Synthetic,14,B,bmp,P05.rtf,rtf,medium,2,RTF,RTF,1
extended_xl,XL-Synthetic_14_B__rtf_medium__lsb3.bmp,/home/kali/Desktop/stego_dataset_expanded/stego_core_combined/XL-Synthetic_14_B__rtf_medium__lsb3.bmp,XL-Synthetic_14_B.bmp,XL-Synthetic,14,B,bmp,P05.rtf,rtf,medium,3,RTF,RTF,1
extended_xl,XL-Synthetic_14_B__rtf_small__lsb1.bmp,/home/kali/Desktop/stego_dataset_expanded/stego_core_combined/XL-Synthetic_14_B__rtf_small__lsb1.bmp,XL-Synthetic_14_B.bmp,XL-Synthetic,14,B,bmp,P05.rtf,rtf,small,1,RTF,RTF,1
extended_xl,XL-Synthetic_14_B__rtf_small__lsb2.bmp,/home/kali/Desktop/stego_dataset_expanded/stego_core_combined/XL-Synthetic_14_B__rtf_small__lsb2.bmp,XL-Synthetic_14_B.bmp,XL-Synthetic,14,B,bmp,P05.rtf,rtf,small,2,RTF,RTF,1
extended_xl,XL-Synthetic_14_B__rtf_small__lsb3.bmp,/home/kali/Desktop/stego_dataset_expanded/stego_core_combined/XL-Synthetic_14_B__rtf_small__lsb3.bmp,XL-Synthetic_14_B.bmp,XL-Synthetic,14,B,bmp,P05.rtf,rtf,small,3,RTF,RTF,1
extended_xl,XL-Synthetic_14_B__xlsx_large__lsb1.bmp,/home/kali/Desktop/stego_dataset_expanded/stego_core_combined/XL-Synthetic_14_B__xlsx_large__lsb1.bmp,XL-Synthetic_14_B.bmp,XL-Synthetic,14,B,bmp,P03.xlsx,xlsx,large,1,XLSX,XLSX,1
extended_xl,XL-Synthetic_14_B__xlsx_large__lsb2.bmp,/home/kali/Desktop/stego_dataset_expanded/stego_core_combined/XL-Synthetic_14_B__xlsx_large__lsb2.bmp,XL-Synthetic_14_B.bmp,XL-Synthetic,14,B,bmp,P03.xlsx,xlsx,large,2,XLSX,XLSX,1
extended_xl,XL-Synthetic_14_B__xlsx_large__lsb3.bmp,/home/kali/Desktop/stego_dataset_expanded/stego_core_combined/XL-Synthetic_14_B__xlsx_large__lsb3.bmp,XL-Synthetic_14_B.bmp,XL-Synthetic,14,B,bmp,P03.xlsx,xlsx,large,3,XLSX,XLSX,1
extended_xl,XL-Synthetic_14_B__xlsx_medium__lsb1.bmp,/home/kali/Desktop/stego_dataset_expanded/stego_core_combined/XL-Synthetic_14_B__xlsx_medium__lsb1.bmp,XL-Synthetic_14_B.bmp,XL-Synthetic,14,B,bmp,P03.xlsx,xlsx,medium,1,XLSX,XLSX,1
extended_xl,XL-Synthetic_14_B__xlsx_medium__lsb2.bmp,/home/kali/Desktop/stego_dataset_expanded/stego_core_combined/XL-Synthetic_14_B__xlsx_medium__lsb2.bmp,XL-Synthetic_14_B.bmp,XL-Synthetic,14,B,bmp,P03.xlsx,xlsx,medium,2,XLSX,XLSX,1
extended_xl,XL-Synthetic_14_B__xlsx_medium__lsb3.bmp,/home/kali/Desktop/stego_dataset_expanded/stego_core_combined/XL-Synthetic_14_B__xlsx_medium__lsb3.bmp,XL-Synthetic_14_B.bmp,XL-Synthetic,14,B,bmp,P03.xlsx,xlsx,medium,3,XLSX,XLSX,1
extended_xl,XL-Synthetic_14_B__xlsx_small__lsb1.bmp,/home/kali/Desktop/stego_dataset_expanded/stego_core_combined/XL-Synthetic_14_B__xlsx_small__lsb1.bmp,XL-Synthetic_14_B.bmp,XL-Synthetic,14,B,bmp,P03.xlsx,xlsx,small,1,XLSX,XLSX,1
extended_xl,XL-Synthetic_14_B__xlsx_small__lsb2.bmp,/home/kali/Desktop/stego_dataset_expanded/stego_core_combined/XL-Synthetic_14_B__xlsx_small__lsb2.bmp,XL-Synthetic_14_B.bmp,XL-Synthetic,14,B,bmp,P03.xlsx,xlsx,small,2,XLSX,XLSX,1
extended_xl,XL-Synthetic_14_B__xlsx_small__lsb3.bmp,/home/kali/Desktop/stego_dataset_expanded/stego_core_combined/XL-Synthetic_14_B__xlsx_small__lsb3.bmp,XL-Synthetic_14_B.bmp,XL-Synthetic,14,B,bmp,P03.xlsx,xlsx,small,3,XLSX,XLSX,1
extended_xl,XL-Synthetic_14_P__docx_large__lsb3.png,/home/kali/Desktop/stego_dataset_expanded/stego_core_combined/XL-Synthetic_14_P__docx_large__lsb3.png,XL-Synthetic_14_P.png,XL-Synthetic,14,P,png,P01.docx,docx,large,3,DOCX,DOCX,1
extended_xl,XL-Synthetic_14_P__docx_medium__lsb2.png,/home/kali/Desktop/stego_dataset_expanded/stego_core_combined/XL-Synthetic_14_P__docx_medium__lsb2.png,XL-Synthetic_14_P.png,XL-Synthetic,14,P,png,P01.docx,docx,medium,2,DOCX,DOCX,1
extended_xl,XL-Synthetic_14_P__docx_medium__lsb3.png,/home/kali/Desktop/stego_dataset_expanded/stego_core_combined/XL-Synthetic_14_P__docx_medium__lsb3.png,XL-Synthetic_14_P.png,XL-Synthetic,14,P,png,P01.docx,docx,medium,3,DOCX,DOCX,1
extended_xl,XL-Synthetic_14_P__docx_small__lsb1.png,/home/kali/Desktop/stego_dataset_expanded/stego_core_combined/XL-Synthetic_14_P__docx_small__lsb1.png,XL-Synthetic_14_P.png,XL-Synthetic,14,P,png,P01.docx,docx,small,1,DOCX,DOCX,1
extended_xl,XL-Synthetic_14_P__docx_small__lsb2.png,/home/kali/Desktop/stego_dataset_expanded/stego_core_combined/XL-Synthetic_14_P__docx_small__lsb2.png,XL-Synthetic_14_P.png,XL-Synthetic,14,P,png,P01.docx,docx,small,2,DOCX,DOCX,1
extended_xl,XL-Synthetic_14_P__docx_small__lsb3.png,/home/kali/Desktop/stego_dataset_expanded/stego_core_combined/XL-Synthetic_14_P__docx_small__lsb3.png,XL-Synthetic_14_P.png,XL-Synthetic,14,P,png,P01.docx,docx,small,3,DOCX,DOCX,1
extended_xl,XL-Synthetic_14_P__exe_large__lsb3.png,/home/kali/Desktop/stego_dataset_expanded/stego_core_combined/XL-Synthetic_14_P__exe_large__lsb3.png,XL-Synthetic_14_P.png,XL-Synthetic,14,P,png,P06.exe,exe,large,3,EXE,EXE,1
extended_xl,XL-Synthetic_14_P__exe_medium__lsb2.png,/home/kali/Desktop/stego_dataset_expanded/stego_core_combined/XL-Synthetic_14_P__exe_medium__lsb2.png,XL-Synthetic_14_P.png,XL-Synthetic,14,P,png,P06.exe,exe,medium,2,EXE,EXE,1
extended_xl,XL-Synthetic_14_P__exe_medium__lsb3.png,/home/kali/Desktop/stego_dataset_expanded/stego_core_combined/XL-Synthetic_14_P__exe_medium__lsb3.png,XL-Synthetic_14_P.png,XL-Synthetic,14,P,png,P06.exe,exe,medium,3,EXE,EXE,1
extended_xl,XL-Synthetic_14_P__exe_small__lsb1.png,/home/kali/Desktop/stego_dataset_expanded/stego_core_combined/XL-Synthetic_14_P__exe_small__lsb1.png,XL-Synthetic_14_P.png,XL-Synthetic,14,P,png,P06.exe,exe,small,1,EXE,EXE,1
extended_xl,XL-Synthetic_14_P__exe_small__lsb2.png,/home/kali/Desktop/stego_dataset_expanded/stego_core_combined/XL-Synthetic_14_P__exe_small__lsb2.png,XL-Synthetic_14_P.png,XL-Synthetic,14,P,png,P06.exe,exe,small,2,EXE,EXE,1
extended_xl,XL-Synthetic_14_P__exe_small__lsb3.png,/home/kali/Desktop/stego_dataset_expanded/stego_core_combined/XL-Synthetic_14_P__exe_small__lsb3.png,XL-Synthetic_14_P.png,XL-Synthetic,14,P,png,P06.exe,exe,small,3,EXE,EXE,1
extended_xl,XL-Synthetic_14_P__pdf_large__lsb3.png,/home/kali/Desktop/stego_dataset_expanded/stego_core_combined/XL-Synthetic_14_P__pdf_large__lsb3.png,XL-Synthetic_14_P.png,XL-Synthetic,14,P,png,P02.pdf,pdf,large,3,PDF,PDF,1
extended_xl,XL-Synthetic_14_P__pdf_medium__lsb2.png,/home/kali/Desktop/stego_dataset_expanded/stego_core_combined/XL-Synthetic_14_P__pdf_medium__lsb2.png,XL-Synthetic_14_P.png,XL-Synthetic,14,P,png,P02.pdf,pdf,medium,2,PDF,PDF,1
extended_xl,XL-Synthetic_14_P__pdf_medium__lsb3.png,/home/kali/Desktop/stego_dataset_expanded/stego_core_combined/XL-Synthetic_14_P__pdf_medium__lsb3.png,XL-Synthetic_14_P.png,XL-Synthetic,14,P,png,P02.pdf,pdf,medium,3,PDF,PDF,1
extended_xl,XL-Synthetic_14_P__pdf_small__lsb1.png,/home/kali/Desktop/stego_dataset_expanded/stego_core_combined/XL-Synthetic_14_P__pdf_small__lsb1.png,XL-Synthetic_14_P.png,XL-Synthetic,14,P,png,P02.pdf,pdf,small,1,PDF,PDF,1
extended_xl,XL-Synthetic_14_P__pdf_small__lsb2.png,/home/kali/Desktop/stego_dataset_expanded/stego_core_combined/XL-Synthetic_14_P__pdf_small__lsb2.png,XL-Synthetic_14_P.png,XL-Synthetic,14,P,png,P02.pdf,pdf,small,2,PDF,PDF,1
extended_xl,XL-Synthetic_14_P__pdf_small__lsb3.png,/home/kali/Desktop/stego_dataset_expanded/stego_core_combined/XL-Synthetic_14_P__pdf_small__lsb3.png,XL-Synthetic_14_P.png,XL-Synthetic,14,P,png,P02.pdf,pdf,small,3,PDF,PDF,1
extended_xl,XL-Synthetic_14_P__pptx_large__lsb3.png,/home/kali/Desktop/stego_dataset_expanded/stego_core_combined/XL-Synthetic_14_P__pptx_large__lsb3.png,XL-Synthetic_14_P.png,XL-Synthetic,14,P,png,P04.pptx,pptx,large,3,PPTX,PPTX,1
extended_xl,XL-Synthetic_14_P__pptx_medium__lsb2.png,/home/kali/Desktop/stego_dataset_expanded/stego_core_combined/XL-Synthetic_14_P__pptx_medium__lsb2.png,XL-Synthetic_14_P.png,XL-Synthetic,14,P,png,P04.pptx,pptx,medium,2,PPTX,PPTX,1
extended_xl,XL-Synthetic_14_P__pptx_medium__lsb3.png,/home/kali/Desktop/stego_dataset_expanded/stego_core_combined/XL-Synthetic_14_P__pptx_medium__lsb3.png,XL-Synthetic_14_P.png,XL-Synthetic,14,P,png,P04.pptx,pptx,medium,3,PPTX,PPTX,1
extended_xl,XL-Synthetic_14_P__pptx_small__lsb1.png,/home/kali/Desktop/stego_dataset_expanded/stego_core_combined/XL-Synthetic_14_P__pptx_small__lsb1.png,XL-Synthetic_14_P.png,XL-Synthetic,14,P,png,P04.pptx,pptx,small,1,PPTX,PPTX,1
extended_xl,XL-Synthetic_14_P__pptx_small__lsb2.png,/home/kali/Desktop/stego_dataset_expanded/stego_core_combined/XL-Synthetic_14_P__pptx_small__lsb2.png,XL-Synthetic_14_P.png,XL-Synthetic,14,P,png,P04.pptx,pptx,small,2,PPTX,PPTX,1
extended_xl,XL-Synthetic_14_P__pptx_small__lsb3.png,/home/kali/Desktop/stego_dataset_expanded/stego_core_combined/XL-Synthetic_14_P__pptx_small__lsb3.png,XL-Synthetic_14_P.png,XL-Synthetic,14,P,png,P04.pptx,pptx,small,3,PPTX,PPTX,1
extended_xl,XL-Synthetic_14_P__rtf_large__lsb3.png,/home/kali/Desktop/stego_dataset_expanded/stego_core_combined/XL-Synthetic_14_P__rtf_large__lsb3.png,XL-Synthetic_14_P.png,XL-Synthetic,14,P,png,P05.rtf,rtf,large,3,RTF,RTF,1
extended_xl,XL-Synthetic_14_P__rtf_medium__lsb2.png,/home/kali/Desktop/stego_dataset_expanded/stego_core_combined/XL-Synthetic_14_P__rtf_medium__lsb2.png,XL-Synthetic_14_P.png,XL-Synthetic,14,P,png,P05.rtf,rtf,medium,2,RTF,RTF,1
extended_xl,XL-Synthetic_14_P__rtf_medium__lsb3.png,/home/kali/Desktop/stego_dataset_expanded/stego_core_combined/XL-Synthetic_14_P__rtf_medium__lsb3.png,XL-Synthetic_14_P.png,XL-Synthetic,14,P,png,P05.rtf,rtf,medium,3,RTF,RTF,1
extended_xl,XL-Synthetic_14_P__rtf_small__lsb1.png,/home/kali/Desktop/stego_dataset_expanded/stego_core_combined/XL-Synthetic_14_P__rtf_small__lsb1.png,XL-Synthetic_14_P.png,XL-Synthetic,14,P,png,P05.rtf,rtf,small,1,RTF,RTF,1
extended_xl,XL-Synthetic_14_P__rtf_small__lsb2.png,/home/kali/Desktop/stego_dataset_expanded/stego_core_combined/XL-Synthetic_14_P__rtf_small__lsb2.png,XL-Synthetic_14_P.png,XL-Synthetic,14,P,png,P05.rtf,rtf,small,2,RTF,RTF,1
extended_xl,XL-Synthetic_14_P__rtf_small__lsb3.png,/home/kali/Desktop/stego_dataset_expanded/stego_core_combined/XL-Synthetic_14_P__rtf_small__lsb3.png,XL-Synthetic_14_P.png,XL-Synthetic,14,P,png,P05.rtf,rtf,small,3,RTF,RTF,1
extended_xl,XL-Synthetic_14_P__xlsx_large__lsb3.png,/home/kali/Desktop/stego_dataset_expanded/stego_core_combined/XL-Synthetic_14_P__xlsx_large__lsb3.png,XL-Synthetic_14_P.png,XL-Synthetic,14,P,png,P03.xlsx,xlsx,large,3,XLSX,XLSX,1
extended_xl,XL-Synthetic_14_P__xlsx_medium__lsb2.png,/home/kali/Desktop/stego_dataset_expanded/stego_core_combined/XL-Synthetic_14_P__xlsx_medium__lsb2.png,XL-Synthetic_14_P.png,XL-Synthetic,14,P,png,P03.xlsx,xlsx,medium,2,XLSX,XLSX,1
extended_xl,XL-Synthetic_14_P__xlsx_medium__lsb3.png,/home/kali/Desktop/stego_dataset_expanded/stego_core_combined/XL-Synthetic_14_P__xlsx_medium__lsb3.png,XL-Synthetic_14_P.png,XL-Synthetic,14,P,png,P03.xlsx,xlsx,medium,3,XLSX,XLSX,1
extended_xl,XL-Synthetic_14_P__xlsx_small__lsb1.png,/home/kali/Desktop/stego_dataset_expanded/stego_core_combined/XL-Synthetic_14_P__xlsx_small__lsb1.png,XL-Synthetic_14_P.png,XL-Synthetic,14,P,png,P03.xlsx,xlsx,small,1,XLSX,XLSX,1
extended_xl,XL-Synthetic_14_P__xlsx_small__lsb2.png,/home/kali/Desktop/stego_dataset_expanded/stego_core_combined/XL-Synthetic_14_P__xlsx_small__lsb2.png,XL-Synthetic_14_P.png,XL-Synthetic,14,P,png,P03.xlsx,xlsx,small,2,XLSX,XLSX,1
extended_xl,XL-Synthetic_14_P__xlsx_small__lsb3.png,/home/kali/Desktop/stego_dataset_expanded/stego_core_combined/XL-Synthetic_14_P__xlsx_small__lsb3.png,XL-Synthetic_14_P.png,XL-Synthetic,14,P,png,P03.xlsx,xlsx,small,3,XLSX,XLSX,1
extended_xl,XL-Synthetic_15_B__docx_large__lsb1.bmp,/home/kali/Desktop/stego_dataset_expanded/stego_core_combined/XL-Synthetic_15_B__docx_large__lsb1.bmp,XL-Synthetic_15_B.bmp,XL-Synthetic,15,B,bmp,P01.docx,docx,large,1,DOCX,DOCX,1
extended_xl,XL-Synthetic_15_B__docx_large__lsb2.bmp,/home/kali/Desktop/stego_dataset_expanded/stego_core_combined/XL-Synthetic_15_B__docx_large__lsb2.bmp,XL-Synthetic_15_B.bmp,XL-Synthetic,15,B,bmp,P01.docx,docx,large,2,DOCX,DOCX,1
extended_xl,XL-Synthetic_15_B__docx_large__lsb3.bmp,/home/kali/Desktop/stego_dataset_expanded/stego_core_combined/XL-Synthetic_15_B__docx_large__lsb3.bmp,XL-Synthetic_15_B.bmp,XL-Synthetic,15,B,bmp,P01.docx,docx,large,3,DOCX,DOCX,1
extended_xl,XL-Synthetic_15_B__docx_medium__lsb1.bmp,/home/kali/Desktop/stego_dataset_expanded/stego_core_combined/XL-Synthetic_15_B__docx_medium__lsb1.bmp,XL-Synthetic_15_B.bmp,XL-Synthetic,15,B,bmp,P01.docx,docx,medium,1,DOCX,DOCX,1
extended_xl,XL-Synthetic_15_B__docx_medium__lsb2.bmp,/home/kali/Desktop/stego_dataset_expanded/stego_core_combined/XL-Synthetic_15_B__docx_medium__lsb2.bmp,XL-Synthetic_15_B.bmp,XL-Synthetic,15,B,bmp,P01.docx,docx,medium,2,DOCX,DOCX,1
extended_xl,XL-Synthetic_15_B__docx_medium__lsb3.bmp,/home/kali/Desktop/stego_dataset_expanded/stego_core_combined/XL-Synthetic_15_B__docx_medium__lsb3.bmp,XL-Synthetic_15_B.bmp,XL-Synthetic,15,B,bmp,P01.docx,docx,medium,3,DOCX,DOCX,1
extended_xl,XL-Synthetic_15_B__docx_small__lsb1.bmp,/home/kali/Desktop/stego_dataset_expanded/stego_core_combined/XL-Synthetic_15_B__docx_small__lsb1.bmp,XL-Synthetic_15_B.bmp,XL-Synthetic,15,B,bmp,P01.docx,docx,small,1,DOCX,DOCX,1
extended_xl,XL-Synthetic_15_B__docx_small__lsb2.bmp,/home/kali/Desktop/stego_dataset_expanded/stego_core_combined/XL-Synthetic_15_B__docx_small__lsb2.bmp,XL-Synthetic_15_B.bmp,XL-Synthetic,15,B,bmp,P01.docx,docx,small,2,DOCX,DOCX,1
extended_xl,XL-Synthetic_15_B__docx_small__lsb3.bmp,/home/kali/Desktop/stego_dataset_expanded/stego_core_combined/XL-Synthetic_15_B__docx_small__lsb3.bmp,XL-Synthetic_15_B.bmp,XL-Synthetic,15,B,bmp,P01.docx,docx,small,3,DOCX,DOCX,1
extended_xl,XL-Synthetic_15_B__exe_large__lsb1.bmp,/home/kali/Desktop/stego_dataset_expanded/stego_core_combined/XL-Synthetic_15_B__exe_large__lsb1.bmp,XL-Synthetic_15_B.bmp,XL-Synthetic,15,B,bmp,P06.exe,exe,large,1,EXE,EXE,1
extended_xl,XL-Synthetic_15_B__exe_large__lsb2.bmp,/home/kali/Desktop/stego_dataset_expanded/stego_core_combined/XL-Synthetic_15_B__exe_large__lsb2.bmp,XL-Synthetic_15_B.bmp,XL-Synthetic,15,B,bmp,P06.exe,exe,large,2,EXE,EXE,1
extended_xl,XL-Synthetic_15_B__exe_large__lsb3.bmp,/home/kali/Desktop/stego_dataset_expanded/stego_core_combined/XL-Synthetic_15_B__exe_large__lsb3.bmp,XL-Synthetic_15_B.bmp,XL-Synthetic,15,B,bmp,P06.exe,exe,large,3,EXE,EXE,1
extended_xl,XL-Synthetic_15_B__exe_medium__lsb1.bmp,/home/kali/Desktop/stego_dataset_expanded/stego_core_combined/XL-Synthetic_15_B__exe_medium__lsb1.bmp,XL-Synthetic_15_B.bmp,XL-Synthetic,15,B,bmp,P06.exe,exe,medium,1,EXE,EXE,1
extended_xl,XL-Synthetic_15_B__exe_medium__lsb2.bmp,/home/kali/Desktop/stego_dataset_expanded/stego_core_combined/XL-Synthetic_15_B__exe_medium__lsb2.bmp,XL-Synthetic_15_B.bmp,XL-Synthetic,15,B,bmp,P06.exe,exe,medium,2,EXE,EXE,1
extended_xl,XL-Synthetic_15_B__exe_medium__lsb3.bmp,/home/kali/Desktop/stego_dataset_expanded/stego_core_combined/XL-Synthetic_15_B__exe_medium__lsb3.bmp,XL-Synthetic_15_B.bmp,XL-Synthetic,15,B,bmp,P06.exe,exe,medium,3,EXE,EXE,1
extended_xl,XL-Synthetic_15_B__exe_small__lsb1.bmp,/home/kali/Desktop/stego_dataset_expanded/stego_core_combined/XL-Synthetic_15_B__exe_small__lsb1.bmp,XL-Synthetic_15_B.bmp,XL-Synthetic,15,B,bmp,P06.exe,exe,small,1,EXE,EXE,1
extended_xl,XL-Synthetic_15_B__exe_small__lsb2.bmp,/home/kali/Desktop/stego_dataset_expanded/stego_core_combined/XL-Synthetic_15_B__exe_small__lsb2.bmp,XL-Synthetic_15_B.bmp,XL-Synthetic,15,B,bmp,P06.exe,exe,small,2,EXE,EXE,1
extended_xl,XL-Synthetic_15_B__exe_small__lsb3.bmp,/home/kali/Desktop/stego_dataset_expanded/stego_core_combined/XL-Synthetic_15_B__exe_small__lsb3.bmp,XL-Synthetic_15_B.bmp,XL-Synthetic,15,B,bmp,P06.exe,exe,small,3,EXE,EXE,1
extended_xl,XL-Synthetic_15_B__pdf_large__lsb1.bmp,/home/kali/Desktop/stego_dataset_expanded/stego_core_combined/XL-Synthetic_15_B__pdf_large__lsb1.bmp,XL-Synthetic_15_B.bmp,XL-Synthetic,15,B,bmp,P02.pdf,pdf,large,1,PDF,PDF,1
extended_xl,XL-Synthetic_15_B__pdf_large__lsb2.bmp,/home/kali/Desktop/stego_dataset_expanded/stego_core_combined/XL-Synthetic_15_B__pdf_large__lsb2.bmp,XL-Synthetic_15_B.bmp,XL-Synthetic,15,B,bmp,P02.pdf,pdf,large,2,PDF,PDF,1
extended_xl,XL-Synthetic_15_B__pdf_large__lsb3.bmp,/home/kali/Desktop/stego_dataset_expanded/stego_core_combined/XL-Synthetic_15_B__pdf_large__lsb3.bmp,XL-Synthetic_15_B.bmp,XL-Synthetic,15,B,bmp,P02.pdf,pdf,large,3,PDF,PDF,1
extended_xl,XL-Synthetic_15_B__pdf_medium__lsb1.bmp,/home/kali/Desktop/stego_dataset_expanded/stego_core_combined/XL-Synthetic_15_B__pdf_medium__lsb1.bmp,XL-Synthetic_15_B.bmp,XL-Synthetic,15,B,bmp,P02.pdf,pdf,medium,1,PDF,PDF,1
extended_xl,XL-Synthetic_15_B__pdf_medium__lsb2.bmp,/home/kali/Desktop/stego_dataset_expanded/stego_core_combined/XL-Synthetic_15_B__pdf_medium__lsb2.bmp,XL-Synthetic_15_B.bmp,XL-Synthetic,15,B,bmp,P02.pdf,pdf,medium,2,PDF,PDF,1
extended_xl,XL-Synthetic_15_B__pdf_medium__lsb3.bmp,/home/kali/Desktop/stego_dataset_expanded/stego_core_combined/XL-Synthetic_15_B__pdf_medium__lsb3.bmp,XL-Synthetic_15_B.bmp,XL-Synthetic,15,B,bmp,P02.pdf,pdf,medium,3,PDF,PDF,1
extended_xl,XL-Synthetic_15_B__pdf_small__lsb1.bmp,/home/kali/Desktop/stego_dataset_expanded/stego_core_combined/XL-Synthetic_15_B__pdf_small__lsb1.bmp,XL-Synthetic_15_B.bmp,XL-Synthetic,15,B,bmp,P02.pdf,pdf,small,1,PDF,PDF,1
extended_xl,XL-Synthetic_15_B__pdf_small__lsb2.bmp,/home/kali/Desktop/stego_dataset_expanded/stego_core_combined/XL-Synthetic_15_B__pdf_small__lsb2.bmp,XL-Synthetic_15_B.bmp,XL-Synthetic,15,B,bmp,P02.pdf,pdf,small,2,PDF,PDF,1
extended_xl,XL-Synthetic_15_B__pdf_small__lsb3.bmp,/home/kali/Desktop/stego_dataset_expanded/stego_core_combined/XL-Synthetic_15_B__pdf_small__lsb3.bmp,XL-Synthetic_15_B.bmp,XL-Synthetic,15,B,bmp,P02.pdf,pdf,small,3,PDF,PDF,1
extended_xl,XL-Synthetic_15_B__pptx_large__lsb1.bmp,/home/kali/Desktop/stego_dataset_expanded/stego_core_combined/XL-Synthetic_15_B__pptx_large__lsb1.bmp,XL-Synthetic_15_B.bmp,XL-Synthetic,15,B,bmp,P04.pptx,pptx,large,1,PPTX,PPTX,1
extended_xl,XL-Synthetic_15_B__pptx_large__lsb2.bmp,/home/kali/Desktop/stego_dataset_expanded/stego_core_combined/XL-Synthetic_15_B__pptx_large__lsb2.bmp,XL-Synthetic_15_B.bmp,XL-Synthetic,15,B,bmp,P04.pptx,pptx,large,2,PPTX,PPTX,1
extended_xl,XL-Synthetic_15_B__pptx_large__lsb3.bmp,/home/kali/Desktop/stego_dataset_expanded/stego_core_combined/XL-Synthetic_15_B__pptx_large__lsb3.bmp,XL-Synthetic_15_B.bmp,XL-Synthetic,15,B,bmp,P04.pptx,pptx,large,3,PPTX,PPTX,1
extended_xl,XL-Synthetic_15_B__pptx_medium__lsb1.bmp,/home/kali/Desktop/stego_dataset_expanded/stego_core_combined/XL-Synthetic_15_B__pptx_medium__lsb1.bmp,XL-Synthetic_15_B.bmp,XL-Synthetic,15,B,bmp,P04.pptx,pptx,medium,1,PPTX,PPTX,1
extended_xl,XL-Synthetic_15_B__pptx_medium__lsb2.bmp,/home/kali/Desktop/stego_dataset_expanded/stego_core_combined/XL-Synthetic_15_B__pptx_medium__lsb2.bmp,XL-Synthetic_15_B.bmp,XL-Synthetic,15,B,bmp,P04.pptx,pptx,medium,2,PPTX,PPTX,1
extended_xl,XL-Synthetic_15_B__pptx_medium__lsb3.bmp,/home/kali/Desktop/stego_dataset_expanded/stego_core_combined/XL-Synthetic_15_B__pptx_medium__lsb3.bmp,XL-Synthetic_15_B.bmp,XL-Synthetic,15,B,bmp,P04.pptx,pptx,medium,3,PPTX,PPTX,1
extended_xl,XL-Synthetic_15_B__pptx_small__lsb1.bmp,/home/kali/Desktop/stego_dataset_expanded/stego_core_combined/XL-Synthetic_15_B__pptx_small__lsb1.bmp,XL-Synthetic_15_B.bmp,XL-Synthetic,15,B,bmp,P04.pptx,pptx,small,1,PPTX,PPTX,1
extended_xl,XL-Synthetic_15_B__pptx_small__lsb2.bmp,/home/kali/Desktop/stego_dataset_expanded/stego_core_combined/XL-Synthetic_15_B__pptx_small__lsb2.bmp,XL-Synthetic_15_B.bmp,XL-Synthetic,15,B,bmp,P04.pptx,pptx,small,2,PPTX,PPTX,1
extended_xl,XL-Synthetic_15_B__pptx_small__lsb3.bmp,/home/kali/Desktop/stego_dataset_expanded/stego_core_combined/XL-Synthetic_15_B__pptx_small__lsb3.bmp,XL-Synthetic_15_B.bmp,XL-Synthetic,15,B,bmp,P04.pptx,pptx,small,3,PPTX,PPTX,1
extended_xl,XL-Synthetic_15_B__rtf_large__lsb1.bmp,/home/kali/Desktop/stego_dataset_expanded/stego_core_combined/XL-Synthetic_15_B__rtf_large__lsb1.bmp,XL-Synthetic_15_B.bmp,XL-Synthetic,15,B,bmp,P05.rtf,rtf,large,1,RTF,RTF,1
extended_xl,XL-Synthetic_15_B__rtf_large__lsb2.bmp,/home/kali/Desktop/stego_dataset_expanded/stego_core_combined/XL-Synthetic_15_B__rtf_large__lsb2.bmp,XL-Synthetic_15_B.bmp,XL-Synthetic,15,B,bmp,P05.rtf,rtf,large,2,RTF,RTF,1
extended_xl,XL-Synthetic_15_B__rtf_large__lsb3.bmp,/home/kali/Desktop/stego_dataset_expanded/stego_core_combined/XL-Synthetic_15_B__rtf_large__lsb3.bmp,XL-Synthetic_15_B.bmp,XL-Synthetic,15,B,bmp,P05.rtf,rtf,large,3,RTF,RTF,1
extended_xl,XL-Synthetic_15_B__rtf_medium__lsb1.bmp,/home/kali/Desktop/stego_dataset_expanded/stego_core_combined/XL-Synthetic_15_B__rtf_medium__lsb1.bmp,XL-Synthetic_15_B.bmp,XL-Synthetic,15,B,bmp,P05.rtf,rtf,medium,1,RTF,RTF,1
extended_xl,XL-Synthetic_15_B__rtf_medium__lsb2.bmp,/home/kali/Desktop/stego_dataset_expanded/stego_core_combined/XL-Synthetic_15_B__rtf_medium__lsb2.bmp,XL-Synthetic_15_B.bmp,XL-Synthetic,15,B,bmp,P05.rtf,rtf,medium,2,RTF,RTF,1
extended_xl,XL-Synthetic_15_B__rtf_medium__lsb3.bmp,/home/kali/Desktop/stego_dataset_expanded/stego_core_combined/XL-Synthetic_15_B__rtf_medium__lsb3.bmp,XL-Synthetic_15_B.bmp,XL-Synthetic,15,B,bmp,P05.rtf,rtf,medium,3,RTF,RTF,1
extended_xl,XL-Synthetic_15_B__rtf_small__lsb1.bmp,/home/kali/Desktop/stego_dataset_expanded/stego_core_combined/XL-Synthetic_15_B__rtf_small__lsb1.bmp,XL-Synthetic_15_B.bmp,XL-Synthetic,15,B,bmp,P05.rtf,rtf,small,1,RTF,RTF,1
extended_xl,XL-Synthetic_15_B__rtf_small__lsb2.bmp,/home/kali/Desktop/stego_dataset_expanded/stego_core_combined/XL-Synthetic_15_B__rtf_small__lsb2.bmp,XL-Synthetic_15_B.bmp,XL-Synthetic,15,B,bmp,P05.rtf,rtf,small,2,RTF,RTF,1
extended_xl,XL-Synthetic_15_B__rtf_small__lsb3.bmp,/home/kali/Desktop/stego_dataset_expanded/stego_core_combined/XL-Synthetic_15_B__rtf_small__lsb3.bmp,XL-Synthetic_15_B.bmp,XL-Synthetic,15,B,bmp,P05.rtf,rtf,small,3,RTF,RTF,1
extended_xl,XL-Synthetic_15_B__xlsx_large__lsb1.bmp,/home/kali/Desktop/stego_dataset_expanded/stego_core_combined/XL-Synthetic_15_B__xlsx_large__lsb1.bmp,XL-Synthetic_15_B.bmp,XL-Synthetic,15,B,bmp,P03.xlsx,xlsx,large,1,XLSX,XLSX,1
extended_xl,XL-Synthetic_15_B__xlsx_large__lsb2.bmp,/home/kali/Desktop/stego_dataset_expanded/stego_core_combined/XL-Synthetic_15_B__xlsx_large__lsb2.bmp,XL-Synthetic_15_B.bmp,XL-Synthetic,15,B,bmp,P03.xlsx,xlsx,large,2,XLSX,XLSX,1
extended_xl,XL-Synthetic_15_B__xlsx_large__lsb3.bmp,/home/kali/Desktop/stego_dataset_expanded/stego_core_combined/XL-Synthetic_15_B__xlsx_large__lsb3.bmp,XL-Synthetic_15_B.bmp,XL-Synthetic,15,B,bmp,P03.xlsx,xlsx,large,3,XLSX,XLSX,1
extended_xl,XL-Synthetic_15_B__xlsx_medium__lsb1.bmp,/home/kali/Desktop/stego_dataset_expanded/stego_core_combined/XL-Synthetic_15_B__xlsx_medium__lsb1.bmp,XL-Synthetic_15_B.bmp,XL-Synthetic,15,B,bmp,P03.xlsx,xlsx,medium,1,XLSX,XLSX,1
extended_xl,XL-Synthetic_15_B__xlsx_medium__lsb2.bmp,/home/kali/Desktop/stego_dataset_expanded/stego_core_combined/XL-Synthetic_15_B__xlsx_medium__lsb2.bmp,XL-Synthetic_15_B.bmp,XL-Synthetic,15,B,bmp,P03.xlsx,xlsx,medium,2,XLSX,XLSX,1
extended_xl,XL-Synthetic_15_B__xlsx_medium__lsb3.bmp,/home/kali/Desktop/stego_dataset_expanded/stego_core_combined/XL-Synthetic_15_B__xlsx_medium__lsb3.bmp,XL-Synthetic_15_B.bmp,XL-Synthetic,15,B,bmp,P03.xlsx,xlsx,medium,3,XLSX,XLSX,1
extended_xl,XL-Synthetic_15_B__xlsx_small__lsb1.bmp,/home/kali/Desktop/stego_dataset_expanded/stego_core_combined/XL-Synthetic_15_B__xlsx_small__lsb1.bmp,XL-Synthetic_15_B.bmp,XL-Synthetic,15,B,bmp,P03.xlsx,xlsx,small,1,XLSX,XLSX,1
extended_xl,XL-Synthetic_15_B__xlsx_small__lsb2.bmp,/home/kali/Desktop/stego_dataset_expanded/stego_core_combined/XL-Synthetic_15_B__xlsx_small__lsb2.bmp,XL-Synthetic_15_B.bmp,XL-Synthetic,15,B,bmp,P03.xlsx,xlsx,small,2,XLSX,XLSX,1
extended_xl,XL-Synthetic_15_B__xlsx_small__lsb3.bmp,/home/kali/Desktop/stego_dataset_expanded/stego_core_combined/XL-Synthetic_15_B__xlsx_small__lsb3.bmp,XL-Synthetic_15_B.bmp,XL-Synthetic,15,B,bmp,P03.xlsx,xlsx,small,3,XLSX,XLSX,1
extended_xl,XL-Synthetic_15_P__docx_large__lsb3.png,/home/kali/Desktop/stego_dataset_expanded/stego_core_combined/XL-Synthetic_15_P__docx_large__lsb3.png,XL-Synthetic_15_P.png,XL-Synthetic,15,P,png,P01.docx,docx,large,3,DOCX,DOCX,1
extended_xl,XL-Synthetic_15_P__docx_medium__lsb2.png,/home/kali/Desktop/stego_dataset_expanded/stego_core_combined/XL-Synthetic_15_P__docx_medium__lsb2.png,XL-Synthetic_15_P.png,XL-Synthetic,15,P,png,P01.docx,docx,medium,2,DOCX,DOCX,1
extended_xl,XL-Synthetic_15_P__docx_medium__lsb3.png,/home/kali/Desktop/stego_dataset_expanded/stego_core_combined/XL-Synthetic_15_P__docx_medium__lsb3.png,XL-Synthetic_15_P.png,XL-Synthetic,15,P,png,P01.docx,docx,medium,3,DOCX,DOCX,1
extended_xl,XL-Synthetic_15_P__docx_small__lsb1.png,/home/kali/Desktop/stego_dataset_expanded/stego_core_combined/XL-Synthetic_15_P__docx_small__lsb1.png,XL-Synthetic_15_P.png,XL-Synthetic,15,P,png,P01.docx,docx,small,1,DOCX,DOCX,1
extended_xl,XL-Synthetic_15_P__docx_small__lsb2.png,/home/kali/Desktop/stego_dataset_expanded/stego_core_combined/XL-Synthetic_15_P__docx_small__lsb2.png,XL-Synthetic_15_P.png,XL-Synthetic,15,P,png,P01.docx,docx,small,2,DOCX,DOCX,1
extended_xl,XL-Synthetic_15_P__docx_small__lsb3.png,/home/kali/Desktop/stego_dataset_expanded/stego_core_combined/XL-Synthetic_15_P__docx_small__lsb3.png,XL-Synthetic_15_P.png,XL-Synthetic,15,P,png,P01.docx,docx,small,3,DOCX,DOCX,1
extended_xl,XL-Synthetic_15_P__exe_large__lsb3.png,/home/kali/Desktop/stego_dataset_expanded/stego_core_combined/XL-Synthetic_15_P__exe_large__lsb3.png,XL-Synthetic_15_P.png,XL-Synthetic,15,P,png,P06.exe,exe,large,3,EXE,EXE,1
extended_xl,XL-Synthetic_15_P__exe_medium__lsb2.png,/home/kali/Desktop/stego_dataset_expanded/stego_core_combined/XL-Synthetic_15_P__exe_medium__lsb2.png,XL-Synthetic_15_P.png,XL-Synthetic,15,P,png,P06.exe,exe,medium,2,EXE,EXE,1
extended_xl,XL-Synthetic_15_P__exe_medium__lsb3.png,/home/kali/Desktop/stego_dataset_expanded/stego_core_combined/XL-Synthetic_15_P__exe_medium__lsb3.png,XL-Synthetic_15_P.png,XL-Synthetic,15,P,png,P06.exe,exe,medium,3,EXE,EXE,1
extended_xl,XL-Synthetic_15_P__exe_small__lsb1.png,/home/kali/Desktop/stego_dataset_expanded/stego_core_combined/XL-Synthetic_15_P__exe_small__lsb1.png,XL-Synthetic_15_P.png,XL-Synthetic,15,P,png,P06.exe,exe,small,1,EXE,EXE,1
extended_xl,XL-Synthetic_15_P__exe_small__lsb2.png,/home/kali/Desktop/stego_dataset_expanded/stego_core_combined/XL-Synthetic_15_P__exe_small__lsb2.png,XL-Synthetic_15_P.png,XL-Synthetic,15,P,png,P06.exe,exe,small,2,EXE,EXE,1
extended_xl,XL-Synthetic_15_P__exe_small__lsb3.png,/home/kali/Desktop/stego_dataset_expanded/stego_core_combined/XL-Synthetic_15_P__exe_small__lsb3.png,XL-Synthetic_15_P.png,XL-Synthetic,15,P,png,P06.exe,exe,small,3,EXE,EXE,1
extended_xl,XL-Synthetic_15_P__pdf_large__lsb3.png,/home/kali/Desktop/stego_dataset_expanded/stego_core_combined/XL-Synthetic_15_P__pdf_large__lsb3.png,XL-Synthetic_15_P.png,XL-Synthetic,15,P,png,P02.pdf,pdf,large,3,PDF,PDF,1
extended_xl,XL-Synthetic_15_P__pdf_medium__lsb2.png,/home/kali/Desktop/stego_dataset_expanded/stego_core_combined/XL-Synthetic_15_P__pdf_medium__lsb2.png,XL-Synthetic_15_P.png,XL-Synthetic,15,P,png,P02.pdf,pdf,medium,2,PDF,PDF,1
extended_xl,XL-Synthetic_15_P__pdf_medium__lsb3.png,/home/kali/Desktop/stego_dataset_expanded/stego_core_combined/XL-Synthetic_15_P__pdf_medium__lsb3.png,XL-Synthetic_15_P.png,XL-Synthetic,15,P,png,P02.pdf,pdf,medium,3,PDF,PDF,1
extended_xl,XL-Synthetic_15_P__pdf_small__lsb1.png,/home/kali/Desktop/stego_dataset_expanded/stego_core_combined/XL-Synthetic_15_P__pdf_small__lsb1.png,XL-Synthetic_15_P.png,XL-Synthetic,15,P,png,P02.pdf,pdf,small,1,PDF,PDF,1
extended_xl,XL-Synthetic_15_P__pdf_small__lsb2.png,/home/kali/Desktop/stego_dataset_expanded/stego_core_combined/XL-Synthetic_15_P__pdf_small__lsb2.png,XL-Synthetic_15_P.png,XL-Synthetic,15,P,png,P02.pdf,pdf,small,2,PDF,PDF,1
extended_xl,XL-Synthetic_15_P__pdf_small__lsb3.png,/home/kali/Desktop/stego_dataset_expanded/stego_core_combined/XL-Synthetic_15_P__pdf_small__lsb3.png,XL-Synthetic_15_P.png,XL-Synthetic,15,P,png,P02.pdf,pdf,small,3,PDF,PDF,1
extended_xl,XL-Synthetic_15_P__pptx_large__lsb3.png,/home/kali/Desktop/stego_dataset_expanded/stego_core_combined/XL-Synthetic_15_P__pptx_large__lsb3.png,XL-Synthetic_15_P.png,XL-Synthetic,15,P,png,P04.pptx,pptx,large,3,PPTX,PPTX,1
extended_xl,XL-Synthetic_15_P__pptx_medium__lsb2.png,/home/kali/Desktop/stego_dataset_expanded/stego_core_combined/XL-Synthetic_15_P__pptx_medium__lsb2.png,XL-Synthetic_15_P.png,XL-Synthetic,15,P,png,P04.pptx,pptx,medium,2,PPTX,PPTX,1
extended_xl,XL-Synthetic_15_P__pptx_medium__lsb3.png,/home/kali/Desktop/stego_dataset_expanded/stego_core_combined/XL-Synthetic_15_P__pptx_medium__lsb3.png,XL-Synthetic_15_P.png,XL-Synthetic,15,P,png,P04.pptx,pptx,medium,3,PPTX,PPTX,1
extended_xl,XL-Synthetic_15_P__pptx_small__lsb1.png,/home/kali/Desktop/stego_dataset_expanded/stego_core_combined/XL-Synthetic_15_P__pptx_small__lsb1.png,XL-Synthetic_15_P.png,XL-Synthetic,15,P,png,P04.pptx,pptx,small,1,PPTX,PPTX,1
extended_xl,XL-Synthetic_15_P__pptx_small__lsb2.png,/home/kali/Desktop/stego_dataset_expanded/stego_core_combined/XL-Synthetic_15_P__pptx_small__lsb2.png,XL-Synthetic_15_P.png,XL-Synthetic,15,P,png,P04.pptx,pptx,small,2,PPTX,PPTX,1
extended_xl,XL-Synthetic_15_P__pptx_small__lsb3.png,/home/kali/Desktop/stego_dataset_expanded/stego_core_combined/XL-Synthetic_15_P__pptx_small__lsb3.png,XL-Synthetic_15_P.png,XL-Synthetic,15,P,png,P04.pptx,pptx,small,3,PPTX,PPTX,1
extended_xl,XL-Synthetic_15_P__rtf_large__lsb3.png,/home/kali/Desktop/stego_dataset_expanded/stego_core_combined/XL-Synthetic_15_P__rtf_large__lsb3.png,XL-Synthetic_15_P.png,XL-Synthetic,15,P,png,P05.rtf,rtf,large,3,RTF,RTF,1
extended_xl,XL-Synthetic_15_P__rtf_medium__lsb2.png,/home/kali/Desktop/stego_dataset_expanded/stego_core_combined/XL-Synthetic_15_P__rtf_medium__lsb2.png,XL-Synthetic_15_P.png,XL-Synthetic,15,P,png,P05.rtf,rtf,medium,2,RTF,RTF,1
extended_xl,XL-Synthetic_15_P__rtf_medium__lsb3.png,/home/kali/Desktop/stego_dataset_expanded/stego_core_combined/XL-Synthetic_15_P__rtf_medium__lsb3.png,XL-Synthetic_15_P.png,XL-Synthetic,15,P,png,P05.rtf,rtf,medium,3,RTF,RTF,1
extended_xl,XL-Synthetic_15_P__rtf_small__lsb1.png,/home/kali/Desktop/stego_dataset_expanded/stego_core_combined/XL-Synthetic_15_P__rtf_small__lsb1.png,XL-Synthetic_15_P.png,XL-Synthetic,15,P,png,P05.rtf,rtf,small,1,RTF,RTF,1
extended_xl,XL-Synthetic_15_P__rtf_small__lsb2.png,/home/kali/Desktop/stego_dataset_expanded/stego_core_combined/XL-Synthetic_15_P__rtf_small__lsb2.png,XL-Synthetic_15_P.png,XL-Synthetic,15,P,png,P05.rtf,rtf,small,2,RTF,RTF,1
extended_xl,XL-Synthetic_15_P__rtf_small__lsb3.png,/home/kali/Desktop/stego_dataset_expanded/stego_core_combined/XL-Synthetic_15_P__rtf_small__lsb3.png,XL-Synthetic_15_P.png,XL-Synthetic,15,P,png,P05.rtf,rtf,small,3,RTF,RTF,1
extended_xl,XL-Synthetic_15_P__xlsx_large__lsb3.png,/home/kali/Desktop/stego_dataset_expanded/stego_core_combined/XL-Synthetic_15_P__xlsx_large__lsb3.png,XL-Synthetic_15_P.png,XL-Synthetic,15,P,png,P03.xlsx,xlsx,large,3,XLSX,XLSX,1
extended_xl,XL-Synthetic_15_P__xlsx_medium__lsb2.png,/home/kali/Desktop/stego_dataset_expanded/stego_core_combined/XL-Synthetic_15_P__xlsx_medium__lsb2.png,XL-Synthetic_15_P.png,XL-Synthetic,15,P,png,P03.xlsx,xlsx,medium,2,XLSX,XLSX,1
extended_xl,XL-Synthetic_15_P__xlsx_medium__lsb3.png,/home/kali/Desktop/stego_dataset_expanded/stego_core_combined/XL-Synthetic_15_P__xlsx_medium__lsb3.png,XL-Synthetic_15_P.png,XL-Synthetic,15,P,png,P03.xlsx,xlsx,medium,3,XLSX,XLSX,1
extended_xl,XL-Synthetic_15_P__xlsx_small__lsb1.png,/home/kali/Desktop/stego_dataset_expanded/stego_core_combined/XL-Synthetic_15_P__xlsx_small__lsb1.png,XL-Synthetic_15_P.png,XL-Synthetic,15,P,png,P03.xlsx,xlsx,small,1,XLSX,XLSX,1
extended_xl,XL-Synthetic_15_P__xlsx_small__lsb2.png,/home/kali/Desktop/stego_dataset_expanded/stego_core_combined/XL-Synthetic_15_P__xlsx_small__lsb2.png,XL-Synthetic_15_P.png,XL-Synthetic,15,P,png,P03.xlsx,xlsx,small,2,XLSX,XLSX,1
extended_xl,XL-Synthetic_15_P__xlsx_small__lsb3.png,/home/kali/Desktop/stego_dataset_expanded/stego_core_combined/XL-Synthetic_15_P__xlsx_small__lsb3.png,XL-Synthetic_15_P.png,XL-Synthetic,15,P,png,P03.xlsx,xlsx,small,3,XLSX,XLSX,1
extended_xl,XL-Synthetic_1_B__docx_large__lsb1.bmp,/home/kali/Desktop/stego_dataset_expanded/stego_core_combined/XL-Synthetic_1_B__docx_large__lsb1.bmp,XL-Synthetic_1_B.bmp,XL-Synthetic,1,B,bmp,P01.docx,docx,large,1,DOCX,DOCX,1
extended_xl,XL-Synthetic_1_B__docx_large__lsb2.bmp,/home/kali/Desktop/stego_dataset_expanded/stego_core_combined/XL-Synthetic_1_B__docx_large__lsb2.bmp,XL-Synthetic_1_B.bmp,XL-Synthetic,1,B,bmp,P01.docx,docx,large,2,DOCX,DOCX,1
extended_xl,XL-Synthetic_1_B__docx_large__lsb3.bmp,/home/kali/Desktop/stego_dataset_expanded/stego_core_combined/XL-Synthetic_1_B__docx_large__lsb3.bmp,XL-Synthetic_1_B.bmp,XL-Synthetic,1,B,bmp,P01.docx,docx,large,3,DOCX,DOCX,1
extended_xl,XL-Synthetic_1_B__docx_medium__lsb1.bmp,/home/kali/Desktop/stego_dataset_expanded/stego_core_combined/XL-Synthetic_1_B__docx_medium__lsb1.bmp,XL-Synthetic_1_B.bmp,XL-Synthetic,1,B,bmp,P01.docx,docx,medium,1,DOCX,DOCX,1
extended_xl,XL-Synthetic_1_B__docx_medium__lsb2.bmp,/home/kali/Desktop/stego_dataset_expanded/stego_core_combined/XL-Synthetic_1_B__docx_medium__lsb2.bmp,XL-Synthetic_1_B.bmp,XL-Synthetic,1,B,bmp,P01.docx,docx,medium,2,DOCX,DOCX,1
extended_xl,XL-Synthetic_1_B__docx_medium__lsb3.bmp,/home/kali/Desktop/stego_dataset_expanded/stego_core_combined/XL-Synthetic_1_B__docx_medium__lsb3.bmp,XL-Synthetic_1_B.bmp,XL-Synthetic,1,B,bmp,P01.docx,docx,medium,3,DOCX,DOCX,1
extended_xl,XL-Synthetic_1_B__docx_small__lsb1.bmp,/home/kali/Desktop/stego_dataset_expanded/stego_core_combined/XL-Synthetic_1_B__docx_small__lsb1.bmp,XL-Synthetic_1_B.bmp,XL-Synthetic,1,B,bmp,P01.docx,docx,small,1,DOCX,DOCX,1
extended_xl,XL-Synthetic_1_B__docx_small__lsb2.bmp,/home/kali/Desktop/stego_dataset_expanded/stego_core_combined/XL-Synthetic_1_B__docx_small__lsb2.bmp,XL-Synthetic_1_B.bmp,XL-Synthetic,1,B,bmp,P01.docx,docx,small,2,DOCX,DOCX,1
extended_xl,XL-Synthetic_1_B__docx_small__lsb3.bmp,/home/kali/Desktop/stego_dataset_expanded/stego_core_combined/XL-Synthetic_1_B__docx_small__lsb3.bmp,XL-Synthetic_1_B.bmp,XL-Synthetic,1,B,bmp,P01.docx,docx,small,3,DOCX,DOCX,1
extended_xl,XL-Synthetic_1_B__exe_large__lsb1.bmp,/home/kali/Desktop/stego_dataset_expanded/stego_core_combined/XL-Synthetic_1_B__exe_large__lsb1.bmp,XL-Synthetic_1_B.bmp,XL-Synthetic,1,B,bmp,P06.exe,exe,large,1,EXE,EXE,1
extended_xl,XL-Synthetic_1_B__exe_large__lsb2.bmp,/home/kali/Desktop/stego_dataset_expanded/stego_core_combined/XL-Synthetic_1_B__exe_large__lsb2.bmp,XL-Synthetic_1_B.bmp,XL-Synthetic,1,B,bmp,P06.exe,exe,large,2,EXE,EXE,1
extended_xl,XL-Synthetic_1_B__exe_large__lsb3.bmp,/home/kali/Desktop/stego_dataset_expanded/stego_core_combined/XL-Synthetic_1_B__exe_large__lsb3.bmp,XL-Synthetic_1_B.bmp,XL-Synthetic,1,B,bmp,P06.exe,exe,large,3,EXE,EXE,1
extended_xl,XL-Synthetic_1_B__exe_medium__lsb1.bmp,/home/kali/Desktop/stego_dataset_expanded/stego_core_combined/XL-Synthetic_1_B__exe_medium__lsb1.bmp,XL-Synthetic_1_B.bmp,XL-Synthetic,1,B,bmp,P06.exe,exe,medium,1,EXE,EXE,1
extended_xl,XL-Synthetic_1_B__exe_medium__lsb2.bmp,/home/kali/Desktop/stego_dataset_expanded/stego_core_combined/XL-Synthetic_1_B__exe_medium__lsb2.bmp,XL-Synthetic_1_B.bmp,XL-Synthetic,1,B,bmp,P06.exe,exe,medium,2,EXE,EXE,1
extended_xl,XL-Synthetic_1_B__exe_medium__lsb3.bmp,/home/kali/Desktop/stego_dataset_expanded/stego_core_combined/XL-Synthetic_1_B__exe_medium__lsb3.bmp,XL-Synthetic_1_B.bmp,XL-Synthetic,1,B,bmp,P06.exe,exe,medium,3,EXE,EXE,1
extended_xl,XL-Synthetic_1_B__exe_small__lsb1.bmp,/home/kali/Desktop/stego_dataset_expanded/stego_core_combined/XL-Synthetic_1_B__exe_small__lsb1.bmp,XL-Synthetic_1_B.bmp,XL-Synthetic,1,B,bmp,P06.exe,exe,small,1,EXE,EXE,1
extended_xl,XL-Synthetic_1_B__exe_small__lsb2.bmp,/home/kali/Desktop/stego_dataset_expanded/stego_core_combined/XL-Synthetic_1_B__exe_small__lsb2.bmp,XL-Synthetic_1_B.bmp,XL-Synthetic,1,B,bmp,P06.exe,exe,small,2,EXE,EXE,1
extended_xl,XL-Synthetic_1_B__exe_small__lsb3.bmp,/home/kali/Desktop/stego_dataset_expanded/stego_core_combined/XL-Synthetic_1_B__exe_small__lsb3.bmp,XL-Synthetic_1_B.bmp,XL-Synthetic,1,B,bmp,P06.exe,exe,small,3,EXE,EXE,1
extended_xl,XL-Synthetic_1_B__pdf_large__lsb1.bmp,/home/kali/Desktop/stego_dataset_expanded/stego_core_combined/XL-Synthetic_1_B__pdf_large__lsb1.bmp,XL-Synthetic_1_B.bmp,XL-Synthetic,1,B,bmp,P02.pdf,pdf,large,1,PDF,PDF,1
extended_xl,XL-Synthetic_1_B__pdf_large__lsb2.bmp,/home/kali/Desktop/stego_dataset_expanded/stego_core_combined/XL-Synthetic_1_B__pdf_large__lsb2.bmp,XL-Synthetic_1_B.bmp,XL-Synthetic,1,B,bmp,P02.pdf,pdf,large,2,PDF,PDF,1
extended_xl,XL-Synthetic_1_B__pdf_large__lsb3.bmp,/home/kali/Desktop/stego_dataset_expanded/stego_core_combined/XL-Synthetic_1_B__pdf_large__lsb3.bmp,XL-Synthetic_1_B.bmp,XL-Synthetic,1,B,bmp,P02.pdf,pdf,large,3,PDF,PDF,1
extended_xl,XL-Synthetic_1_B__pdf_medium__lsb1.bmp,/home/kali/Desktop/stego_dataset_expanded/stego_core_combined/XL-Synthetic_1_B__pdf_medium__lsb1.bmp,XL-Synthetic_1_B.bmp,XL-Synthetic,1,B,bmp,P02.pdf,pdf,medium,1,PDF,PDF,1
extended_xl,XL-Synthetic_1_B__pdf_medium__lsb2.bmp,/home/kali/Desktop/stego_dataset_expanded/stego_core_combined/XL-Synthetic_1_B__pdf_medium__lsb2.bmp,XL-Synthetic_1_B.bmp,XL-Synthetic,1,B,bmp,P02.pdf,pdf,medium,2,PDF,PDF,1
extended_xl,XL-Synthetic_1_B__pdf_medium__lsb3.bmp,/home/kali/Desktop/stego_dataset_expanded/stego_core_combined/XL-Synthetic_1_B__pdf_medium__lsb3.bmp,XL-Synthetic_1_B.bmp,XL-Synthetic,1,B,bmp,P02.pdf,pdf,medium,3,PDF,PDF,1
extended_xl,XL-Synthetic_1_B__pdf_small__lsb1.bmp,/home/kali/Desktop/stego_dataset_expanded/stego_core_combined/XL-Synthetic_1_B__pdf_small__lsb1.bmp,XL-Synthetic_1_B.bmp,XL-Synthetic,1,B,bmp,P02.pdf,pdf,small,1,PDF,PDF,1
extended_xl,XL-Synthetic_1_B__pdf_small__lsb2.bmp,/home/kali/Desktop/stego_dataset_expanded/stego_core_combined/XL-Synthetic_1_B__pdf_small__lsb2.bmp,XL-Synthetic_1_B.bmp,XL-Synthetic,1,B,bmp,P02.pdf,pdf,small,2,PDF,PDF,1
extended_xl,XL-Synthetic_1_B__pdf_small__lsb3.bmp,/home/kali/Desktop/stego_dataset_expanded/stego_core_combined/XL-Synthetic_1_B__pdf_small__lsb3.bmp,XL-Synthetic_1_B.bmp,XL-Synthetic,1,B,bmp,P02.pdf,pdf,small,3,PDF,PDF,1
extended_xl,XL-Synthetic_1_B__pptx_large__lsb1.bmp,/home/kali/Desktop/stego_dataset_expanded/stego_core_combined/XL-Synthetic_1_B__pptx_large__lsb1.bmp,XL-Synthetic_1_B.bmp,XL-Synthetic,1,B,bmp,P04.pptx,pptx,large,1,PPTX,PPTX,1
extended_xl,XL-Synthetic_1_B__pptx_large__lsb2.bmp,/home/kali/Desktop/stego_dataset_expanded/stego_core_combined/XL-Synthetic_1_B__pptx_large__lsb2.bmp,XL-Synthetic_1_B.bmp,XL-Synthetic,1,B,bmp,P04.pptx,pptx,large,2,PPTX,PPTX,1
extended_xl,XL-Synthetic_1_B__pptx_large__lsb3.bmp,/home/kali/Desktop/stego_dataset_expanded/stego_core_combined/XL-Synthetic_1_B__pptx_large__lsb3.bmp,XL-Synthetic_1_B.bmp,XL-Synthetic,1,B,bmp,P04.pptx,pptx,large,3,PPTX,PPTX,1
extended_xl,XL-Synthetic_1_B__pptx_medium__lsb1.bmp,/home/kali/Desktop/stego_dataset_expanded/stego_core_combined/XL-Synthetic_1_B__pptx_medium__lsb1.bmp,XL-Synthetic_1_B.bmp,XL-Synthetic,1,B,bmp,P04.pptx,pptx,medium,1,PPTX,PPTX,1
extended_xl,XL-Synthetic_1_B__pptx_medium__lsb2.bmp,/home/kali/Desktop/stego_dataset_expanded/stego_core_combined/XL-Synthetic_1_B__pptx_medium__lsb2.bmp,XL-Synthetic_1_B.bmp,XL-Synthetic,1,B,bmp,P04.pptx,pptx,medium,2,PPTX,PPTX,1
extended_xl,XL-Synthetic_1_B__pptx_medium__lsb3.bmp,/home/kali/Desktop/stego_dataset_expanded/stego_core_combined/XL-Synthetic_1_B__pptx_medium__lsb3.bmp,XL-Synthetic_1_B.bmp,XL-Synthetic,1,B,bmp,P04.pptx,pptx,medium,3,PPTX,PPTX,1
extended_xl,XL-Synthetic_1_B__pptx_small__lsb1.bmp,/home/kali/Desktop/stego_dataset_expanded/stego_core_combined/XL-Synthetic_1_B__pptx_small__lsb1.bmp,XL-Synthetic_1_B.bmp,XL-Synthetic,1,B,bmp,P04.pptx,pptx,small,1,PPTX,PPTX,1
extended_xl,XL-Synthetic_1_B__pptx_small__lsb2.bmp,/home/kali/Desktop/stego_dataset_expanded/stego_core_combined/XL-Synthetic_1_B__pptx_small__lsb2.bmp,XL-Synthetic_1_B.bmp,XL-Synthetic,1,B,bmp,P04.pptx,pptx,small,2,PPTX,PPTX,1
extended_xl,XL-Synthetic_1_B__pptx_small__lsb3.bmp,/home/kali/Desktop/stego_dataset_expanded/stego_core_combined/XL-Synthetic_1_B__pptx_small__lsb3.bmp,XL-Synthetic_1_B.bmp,XL-Synthetic,1,B,bmp,P04.pptx,pptx,small,3,PPTX,PPTX,1
extended_xl,XL-Synthetic_1_B__rtf_large__lsb1.bmp,/home/kali/Desktop/stego_dataset_expanded/stego_core_combined/XL-Synthetic_1_B__rtf_large__lsb1.bmp,XL-Synthetic_1_B.bmp,XL-Synthetic,1,B,bmp,P05.rtf,rtf,large,1,RTF,RTF,1
extended_xl,XL-Synthetic_1_B__rtf_large__lsb2.bmp,/home/kali/Desktop/stego_dataset_expanded/stego_core_combined/XL-Synthetic_1_B__rtf_large__lsb2.bmp,XL-Synthetic_1_B.bmp,XL-Synthetic,1,B,bmp,P05.rtf,rtf,large,2,RTF,RTF,1
extended_xl,XL-Synthetic_1_B__rtf_large__lsb3.bmp,/home/kali/Desktop/stego_dataset_expanded/stego_core_combined/XL-Synthetic_1_B__rtf_large__lsb3.bmp,XL-Synthetic_1_B.bmp,XL-Synthetic,1,B,bmp,P05.rtf,rtf,large,3,RTF,RTF,1
extended_xl,XL-Synthetic_1_B__rtf_medium__lsb1.bmp,/home/kali/Desktop/stego_dataset_expanded/stego_core_combined/XL-Synthetic_1_B__rtf_medium__lsb1.bmp,XL-Synthetic_1_B.bmp,XL-Synthetic,1,B,bmp,P05.rtf,rtf,medium,1,RTF,RTF,1
extended_xl,XL-Synthetic_1_B__rtf_medium__lsb2.bmp,/home/kali/Desktop/stego_dataset_expanded/stego_core_combined/XL-Synthetic_1_B__rtf_medium__lsb2.bmp,XL-Synthetic_1_B.bmp,XL-Synthetic,1,B,bmp,P05.rtf,rtf,medium,2,RTF,RTF,1
extended_xl,XL-Synthetic_1_B__rtf_medium__lsb3.bmp,/home/kali/Desktop/stego_dataset_expanded/stego_core_combined/XL-Synthetic_1_B__rtf_medium__lsb3.bmp,XL-Synthetic_1_B.bmp,XL-Synthetic,1,B,bmp,P05.rtf,rtf,medium,3,RTF,RTF,1
extended_xl,XL-Synthetic_1_B__rtf_small__lsb1.bmp,/home/kali/Desktop/stego_dataset_expanded/stego_core_combined/XL-Synthetic_1_B__rtf_small__lsb1.bmp,XL-Synthetic_1_B.bmp,XL-Synthetic,1,B,bmp,P05.rtf,rtf,small,1,RTF,RTF,1
extended_xl,XL-Synthetic_1_B__rtf_small__lsb2.bmp,/home/kali/Desktop/stego_dataset_expanded/stego_core_combined/XL-Synthetic_1_B__rtf_small__lsb2.bmp,XL-Synthetic_1_B.bmp,XL-Synthetic,1,B,bmp,P05.rtf,rtf,small,2,RTF,RTF,1
extended_xl,XL-Synthetic_1_B__rtf_small__lsb3.bmp,/home/kali/Desktop/stego_dataset_expanded/stego_core_combined/XL-Synthetic_1_B__rtf_small__lsb3.bmp,XL-Synthetic_1_B.bmp,XL-Synthetic,1,B,bmp,P05.rtf,rtf,small,3,RTF,RTF,1
extended_xl,XL-Synthetic_1_B__xlsx_large__lsb1.bmp,/home/kali/Desktop/stego_dataset_expanded/stego_core_combined/XL-Synthetic_1_B__xlsx_large__lsb1.bmp,XL-Synthetic_1_B.bmp,XL-Synthetic,1,B,bmp,P03.xlsx,xlsx,large,1,XLSX,XLSX,1
extended_xl,XL-Synthetic_1_B__xlsx_large__lsb2.bmp,/home/kali/Desktop/stego_dataset_expanded/stego_core_combined/XL-Synthetic_1_B__xlsx_large__lsb2.bmp,XL-Synthetic_1_B.bmp,XL-Synthetic,1,B,bmp,P03.xlsx,xlsx,large,2,XLSX,XLSX,1
extended_xl,XL-Synthetic_1_B__xlsx_large__lsb3.bmp,/home/kali/Desktop/stego_dataset_expanded/stego_core_combined/XL-Synthetic_1_B__xlsx_large__lsb3.bmp,XL-Synthetic_1_B.bmp,XL-Synthetic,1,B,bmp,P03.xlsx,xlsx,large,3,XLSX,XLSX,1
extended_xl,XL-Synthetic_1_B__xlsx_medium__lsb1.bmp,/home/kali/Desktop/stego_dataset_expanded/stego_core_combined/XL-Synthetic_1_B__xlsx_medium__lsb1.bmp,XL-Synthetic_1_B.bmp,XL-Synthetic,1,B,bmp,P03.xlsx,xlsx,medium,1,XLSX,XLSX,1
extended_xl,XL-Synthetic_1_B__xlsx_medium__lsb2.bmp,/home/kali/Desktop/stego_dataset_expanded/stego_core_combined/XL-Synthetic_1_B__xlsx_medium__lsb2.bmp,XL-Synthetic_1_B.bmp,XL-Synthetic,1,B,bmp,P03.xlsx,xlsx,medium,2,XLSX,XLSX,1
extended_xl,XL-Synthetic_1_B__xlsx_medium__lsb3.bmp,/home/kali/Desktop/stego_dataset_expanded/stego_core_combined/XL-Synthetic_1_B__xlsx_medium__lsb3.bmp,XL-Synthetic_1_B.bmp,XL-Synthetic,1,B,bmp,P03.xlsx,xlsx,medium,3,XLSX,XLSX,1
extended_xl,XL-Synthetic_1_B__xlsx_small__lsb1.bmp,/home/kali/Desktop/stego_dataset_expanded/stego_core_combined/XL-Synthetic_1_B__xlsx_small__lsb1.bmp,XL-Synthetic_1_B.bmp,XL-Synthetic,1,B,bmp,P03.xlsx,xlsx,small,1,XLSX,XLSX,1
extended_xl,XL-Synthetic_1_B__xlsx_small__lsb2.bmp,/home/kali/Desktop/stego_dataset_expanded/stego_core_combined/XL-Synthetic_1_B__xlsx_small__lsb2.bmp,XL-Synthetic_1_B.bmp,XL-Synthetic,1,B,bmp,P03.xlsx,xlsx,small,2,XLSX,XLSX,1
extended_xl,XL-Synthetic_1_B__xlsx_small__lsb3.bmp,/home/kali/Desktop/stego_dataset_expanded/stego_core_combined/XL-Synthetic_1_B__xlsx_small__lsb3.bmp,XL-Synthetic_1_B.bmp,XL-Synthetic,1,B,bmp,P03.xlsx,xlsx,small,3,XLSX,XLSX,1
extended_xl,XL-Synthetic_1_P__docx_large__lsb3.png,/home/kali/Desktop/stego_dataset_expanded/stego_core_combined/XL-Synthetic_1_P__docx_large__lsb3.png,XL-Synthetic_1_P.png,XL-Synthetic,1,P,png,P01.docx,docx,large,3,DOCX,DOCX,1
extended_xl,XL-Synthetic_1_P__docx_medium__lsb2.png,/home/kali/Desktop/stego_dataset_expanded/stego_core_combined/XL-Synthetic_1_P__docx_medium__lsb2.png,XL-Synthetic_1_P.png,XL-Synthetic,1,P,png,P01.docx,docx,medium,2,DOCX,DOCX,1
extended_xl,XL-Synthetic_1_P__docx_medium__lsb3.png,/home/kali/Desktop/stego_dataset_expanded/stego_core_combined/XL-Synthetic_1_P__docx_medium__lsb3.png,XL-Synthetic_1_P.png,XL-Synthetic,1,P,png,P01.docx,docx,medium,3,DOCX,DOCX,1
extended_xl,XL-Synthetic_1_P__docx_small__lsb1.png,/home/kali/Desktop/stego_dataset_expanded/stego_core_combined/XL-Synthetic_1_P__docx_small__lsb1.png,XL-Synthetic_1_P.png,XL-Synthetic,1,P,png,P01.docx,docx,small,1,DOCX,DOCX,1
extended_xl,XL-Synthetic_1_P__docx_small__lsb2.png,/home/kali/Desktop/stego_dataset_expanded/stego_core_combined/XL-Synthetic_1_P__docx_small__lsb2.png,XL-Synthetic_1_P.png,XL-Synthetic,1,P,png,P01.docx,docx,small,2,DOCX,DOCX,1
extended_xl,XL-Synthetic_1_P__docx_small__lsb3.png,/home/kali/Desktop/stego_dataset_expanded/stego_core_combined/XL-Synthetic_1_P__docx_small__lsb3.png,XL-Synthetic_1_P.png,XL-Synthetic,1,P,png,P01.docx,docx,small,3,DOCX,DOCX,1
extended_xl,XL-Synthetic_1_P__exe_large__lsb3.png,/home/kali/Desktop/stego_dataset_expanded/stego_core_combined/XL-Synthetic_1_P__exe_large__lsb3.png,XL-Synthetic_1_P.png,XL-Synthetic,1,P,png,P06.exe,exe,large,3,EXE,EXE,1
extended_xl,XL-Synthetic_1_P__exe_medium__lsb2.png,/home/kali/Desktop/stego_dataset_expanded/stego_core_combined/XL-Synthetic_1_P__exe_medium__lsb2.png,XL-Synthetic_1_P.png,XL-Synthetic,1,P,png,P06.exe,exe,medium,2,EXE,EXE,1
extended_xl,XL-Synthetic_1_P__exe_medium__lsb3.png,/home/kali/Desktop/stego_dataset_expanded/stego_core_combined/XL-Synthetic_1_P__exe_medium__lsb3.png,XL-Synthetic_1_P.png,XL-Synthetic,1,P,png,P06.exe,exe,medium,3,EXE,EXE,1
extended_xl,XL-Synthetic_1_P__exe_small__lsb1.png,/home/kali/Desktop/stego_dataset_expanded/stego_core_combined/XL-Synthetic_1_P__exe_small__lsb1.png,XL-Synthetic_1_P.png,XL-Synthetic,1,P,png,P06.exe,exe,small,1,EXE,EXE,1
extended_xl,XL-Synthetic_1_P__exe_small__lsb2.png,/home/kali/Desktop/stego_dataset_expanded/stego_core_combined/XL-Synthetic_1_P__exe_small__lsb2.png,XL-Synthetic_1_P.png,XL-Synthetic,1,P,png,P06.exe,exe,small,2,EXE,EXE,1
extended_xl,XL-Synthetic_1_P__exe_small__lsb3.png,/home/kali/Desktop/stego_dataset_expanded/stego_core_combined/XL-Synthetic_1_P__exe_small__lsb3.png,XL-Synthetic_1_P.png,XL-Synthetic,1,P,png,P06.exe,exe,small,3,EXE,EXE,1
extended_xl,XL-Synthetic_1_P__pdf_large__lsb3.png,/home/kali/Desktop/stego_dataset_expanded/stego_core_combined/XL-Synthetic_1_P__pdf_large__lsb3.png,XL-Synthetic_1_P.png,XL-Synthetic,1,P,png,P02.pdf,pdf,large,3,PDF,PDF,1
extended_xl,XL-Synthetic_1_P__pdf_medium__lsb2.png,/home/kali/Desktop/stego_dataset_expanded/stego_core_combined/XL-Synthetic_1_P__pdf_medium__lsb2.png,XL-Synthetic_1_P.png,XL-Synthetic,1,P,png,P02.pdf,pdf,medium,2,PDF,PDF,1
extended_xl,XL-Synthetic_1_P__pdf_medium__lsb3.png,/home/kali/Desktop/stego_dataset_expanded/stego_core_combined/XL-Synthetic_1_P__pdf_medium__lsb3.png,XL-Synthetic_1_P.png,XL-Synthetic,1,P,png,P02.pdf,pdf,medium,3,PDF,PDF,1
extended_xl,XL-Synthetic_1_P__pdf_small__lsb1.png,/home/kali/Desktop/stego_dataset_expanded/stego_core_combined/XL-Synthetic_1_P__pdf_small__lsb1.png,XL-Synthetic_1_P.png,XL-Synthetic,1,P,png,P02.pdf,pdf,small,1,PDF,PDF,1
extended_xl,XL-Synthetic_1_P__pdf_small__lsb2.png,/home/kali/Desktop/stego_dataset_expanded/stego_core_combined/XL-Synthetic_1_P__pdf_small__lsb2.png,XL-Synthetic_1_P.png,XL-Synthetic,1,P,png,P02.pdf,pdf,small,2,PDF,PDF,1
extended_xl,XL-Synthetic_1_P__pdf_small__lsb3.png,/home/kali/Desktop/stego_dataset_expanded/stego_core_combined/XL-Synthetic_1_P__pdf_small__lsb3.png,XL-Synthetic_1_P.png,XL-Synthetic,1,P,png,P02.pdf,pdf,small,3,PDF,PDF,1
extended_xl,XL-Synthetic_1_P__pptx_large__lsb3.png,/home/kali/Desktop/stego_dataset_expanded/stego_core_combined/XL-Synthetic_1_P__pptx_large__lsb3.png,XL-Synthetic_1_P.png,XL-Synthetic,1,P,png,P04.pptx,pptx,large,3,PPTX,PPTX,1
extended_xl,XL-Synthetic_1_P__pptx_medium__lsb2.png,/home/kali/Desktop/stego_dataset_expanded/stego_core_combined/XL-Synthetic_1_P__pptx_medium__lsb2.png,XL-Synthetic_1_P.png,XL-Synthetic,1,P,png,P04.pptx,pptx,medium,2,PPTX,PPTX,1
extended_xl,XL-Synthetic_1_P__pptx_medium__lsb3.png,/home/kali/Desktop/stego_dataset_expanded/stego_core_combined/XL-Synthetic_1_P__pptx_medium__lsb3.png,XL-Synthetic_1_P.png,XL-Synthetic,1,P,png,P04.pptx,pptx,medium,3,PPTX,PPTX,1
extended_xl,XL-Synthetic_1_P__pptx_small__lsb1.png,/home/kali/Desktop/stego_dataset_expanded/stego_core_combined/XL-Synthetic_1_P__pptx_small__lsb1.png,XL-Synthetic_1_P.png,XL-Synthetic,1,P,png,P04.pptx,pptx,small,1,PPTX,PPTX,1
extended_xl,XL-Synthetic_1_P__pptx_small__lsb2.png,/home/kali/Desktop/stego_dataset_expanded/stego_core_combined/XL-Synthetic_1_P__pptx_small__lsb2.png,XL-Synthetic_1_P.png,XL-Synthetic,1,P,png,P04.pptx,pptx,small,2,PPTX,PPTX,1
extended_xl,XL-Synthetic_1_P__pptx_small__lsb3.png,/home/kali/Desktop/stego_dataset_expanded/stego_core_combined/XL-Synthetic_1_P__pptx_small__lsb3.png,XL-Synthetic_1_P.png,XL-Synthetic,1,P,png,P04.pptx,pptx,small,3,PPTX,PPTX,1
extended_xl,XL-Synthetic_1_P__rtf_large__lsb3.png,/home/kali/Desktop/stego_dataset_expanded/stego_core_combined/XL-Synthetic_1_P__rtf_large__lsb3.png,XL-Synthetic_1_P.png,XL-Synthetic,1,P,png,P05.rtf,rtf,large,3,RTF,RTF,1
extended_xl,XL-Synthetic_1_P__rtf_medium__lsb2.png,/home/kali/Desktop/stego_dataset_expanded/stego_core_combined/XL-Synthetic_1_P__rtf_medium__lsb2.png,XL-Synthetic_1_P.png,XL-Synthetic,1,P,png,P05.rtf,rtf,medium,2,RTF,RTF,1
extended_xl,XL-Synthetic_1_P__rtf_medium__lsb3.png,/home/kali/Desktop/stego_dataset_expanded/stego_core_combined/XL-Synthetic_1_P__rtf_medium__lsb3.png,XL-Synthetic_1_P.png,XL-Synthetic,1,P,png,P05.rtf,rtf,medium,3,RTF,RTF,1
extended_xl,XL-Synthetic_1_P__rtf_small__lsb1.png,/home/kali/Desktop/stego_dataset_expanded/stego_core_combined/XL-Synthetic_1_P__rtf_small__lsb1.png,XL-Synthetic_1_P.png,XL-Synthetic,1,P,png,P05.rtf,rtf,small,1,RTF,RTF,1
extended_xl,XL-Synthetic_1_P__rtf_small__lsb2.png,/home/kali/Desktop/stego_dataset_expanded/stego_core_combined/XL-Synthetic_1_P__rtf_small__lsb2.png,XL-Synthetic_1_P.png,XL-Synthetic,1,P,png,P05.rtf,rtf,small,2,RTF,RTF,1
extended_xl,XL-Synthetic_1_P__rtf_small__lsb3.png,/home/kali/Desktop/stego_dataset_expanded/stego_core_combined/XL-Synthetic_1_P__rtf_small__lsb3.png,XL-Synthetic_1_P.png,XL-Synthetic,1,P,png,P05.rtf,rtf,small,3,RTF,RTF,1
extended_xl,XL-Synthetic_1_P__xlsx_large__lsb3.png,/home/kali/Desktop/stego_dataset_expanded/stego_core_combined/XL-Synthetic_1_P__xlsx_large__lsb3.png,XL-Synthetic_1_P.png,XL-Synthetic,1,P,png,P03.xlsx,xlsx,large,3,XLSX,XLSX,1
extended_xl,XL-Synthetic_1_P__xlsx_medium__lsb2.png,/home/kali/Desktop/stego_dataset_expanded/stego_core_combined/XL-Synthetic_1_P__xlsx_medium__lsb2.png,XL-Synthetic_1_P.png,XL-Synthetic,1,P,png,P03.xlsx,xlsx,medium,2,XLSX,XLSX,1
extended_xl,XL-Synthetic_1_P__xlsx_medium__lsb3.png,/home/kali/Desktop/stego_dataset_expanded/stego_core_combined/XL-Synthetic_1_P__xlsx_medium__lsb3.png,XL-Synthetic_1_P.png,XL-Synthetic,1,P,png,P03.xlsx,xlsx,medium,3,XLSX,XLSX,1
extended_xl,XL-Synthetic_1_P__xlsx_small__lsb1.png,/home/kali/Desktop/stego_dataset_expanded/stego_core_combined/XL-Synthetic_1_P__xlsx_small__lsb1.png,XL-Synthetic_1_P.png,XL-Synthetic,1,P,png,P03.xlsx,xlsx,small,1,XLSX,XLSX,1
extended_xl,XL-Synthetic_1_P__xlsx_small__lsb2.png,/home/kali/Desktop/stego_dataset_expanded/stego_core_combined/XL-Synthetic_1_P__xlsx_small__lsb2.png,XL-Synthetic_1_P.png,XL-Synthetic,1,P,png,P03.xlsx,xlsx,small,2,XLSX,XLSX,1
extended_xl,XL-Synthetic_1_P__xlsx_small__lsb3.png,/home/kali/Desktop/stego_dataset_expanded/stego_core_combined/XL-Synthetic_1_P__xlsx_small__lsb3.png,XL-Synthetic_1_P.png,XL-Synthetic,1,P,png,P03.xlsx,xlsx,small,3,XLSX,XLSX,1
extended_xl,XL-Synthetic_2_B__docx_large__lsb1.bmp,/home/kali/Desktop/stego_dataset_expanded/stego_core_combined/XL-Synthetic_2_B__docx_large__lsb1.bmp,XL-Synthetic_2_B.bmp,XL-Synthetic,2,B,bmp,P01.docx,docx,large,1,DOCX,DOCX,1
extended_xl,XL-Synthetic_2_B__docx_large__lsb2.bmp,/home/kali/Desktop/stego_dataset_expanded/stego_core_combined/XL-Synthetic_2_B__docx_large__lsb2.bmp,XL-Synthetic_2_B.bmp,XL-Synthetic,2,B,bmp,P01.docx,docx,large,2,DOCX,DOCX,1
extended_xl,XL-Synthetic_2_B__docx_large__lsb3.bmp,/home/kali/Desktop/stego_dataset_expanded/stego_core_combined/XL-Synthetic_2_B__docx_large__lsb3.bmp,XL-Synthetic_2_B.bmp,XL-Synthetic,2,B,bmp,P01.docx,docx,large,3,DOCX,DOCX,1
extended_xl,XL-Synthetic_2_B__docx_medium__lsb1.bmp,/home/kali/Desktop/stego_dataset_expanded/stego_core_combined/XL-Synthetic_2_B__docx_medium__lsb1.bmp,XL-Synthetic_2_B.bmp,XL-Synthetic,2,B,bmp,P01.docx,docx,medium,1,DOCX,DOCX,1
extended_xl,XL-Synthetic_2_B__docx_medium__lsb2.bmp,/home/kali/Desktop/stego_dataset_expanded/stego_core_combined/XL-Synthetic_2_B__docx_medium__lsb2.bmp,XL-Synthetic_2_B.bmp,XL-Synthetic,2,B,bmp,P01.docx,docx,medium,2,DOCX,DOCX,1
extended_xl,XL-Synthetic_2_B__docx_medium__lsb3.bmp,/home/kali/Desktop/stego_dataset_expanded/stego_core_combined/XL-Synthetic_2_B__docx_medium__lsb3.bmp,XL-Synthetic_2_B.bmp,XL-Synthetic,2,B,bmp,P01.docx,docx,medium,3,DOCX,DOCX,1
extended_xl,XL-Synthetic_2_B__docx_small__lsb1.bmp,/home/kali/Desktop/stego_dataset_expanded/stego_core_combined/XL-Synthetic_2_B__docx_small__lsb1.bmp,XL-Synthetic_2_B.bmp,XL-Synthetic,2,B,bmp,P01.docx,docx,small,1,DOCX,DOCX,1
extended_xl,XL-Synthetic_2_B__docx_small__lsb2.bmp,/home/kali/Desktop/stego_dataset_expanded/stego_core_combined/XL-Synthetic_2_B__docx_small__lsb2.bmp,XL-Synthetic_2_B.bmp,XL-Synthetic,2,B,bmp,P01.docx,docx,small,2,DOCX,DOCX,1
extended_xl,XL-Synthetic_2_B__docx_small__lsb3.bmp,/home/kali/Desktop/stego_dataset_expanded/stego_core_combined/XL-Synthetic_2_B__docx_small__lsb3.bmp,XL-Synthetic_2_B.bmp,XL-Synthetic,2,B,bmp,P01.docx,docx,small,3,DOCX,DOCX,1
extended_xl,XL-Synthetic_2_B__exe_large__lsb1.bmp,/home/kali/Desktop/stego_dataset_expanded/stego_core_combined/XL-Synthetic_2_B__exe_large__lsb1.bmp,XL-Synthetic_2_B.bmp,XL-Synthetic,2,B,bmp,P06.exe,exe,large,1,EXE,EXE,1
extended_xl,XL-Synthetic_2_B__exe_large__lsb2.bmp,/home/kali/Desktop/stego_dataset_expanded/stego_core_combined/XL-Synthetic_2_B__exe_large__lsb2.bmp,XL-Synthetic_2_B.bmp,XL-Synthetic,2,B,bmp,P06.exe,exe,large,2,EXE,EXE,1
extended_xl,XL-Synthetic_2_B__exe_large__lsb3.bmp,/home/kali/Desktop/stego_dataset_expanded/stego_core_combined/XL-Synthetic_2_B__exe_large__lsb3.bmp,XL-Synthetic_2_B.bmp,XL-Synthetic,2,B,bmp,P06.exe,exe,large,3,EXE,EXE,1
extended_xl,XL-Synthetic_2_B__exe_medium__lsb1.bmp,/home/kali/Desktop/stego_dataset_expanded/stego_core_combined/XL-Synthetic_2_B__exe_medium__lsb1.bmp,XL-Synthetic_2_B.bmp,XL-Synthetic,2,B,bmp,P06.exe,exe,medium,1,EXE,EXE,1
extended_xl,XL-Synthetic_2_B__exe_medium__lsb2.bmp,/home/kali/Desktop/stego_dataset_expanded/stego_core_combined/XL-Synthetic_2_B__exe_medium__lsb2.bmp,XL-Synthetic_2_B.bmp,XL-Synthetic,2,B,bmp,P06.exe,exe,medium,2,EXE,EXE,1
extended_xl,XL-Synthetic_2_B__exe_medium__lsb3.bmp,/home/kali/Desktop/stego_dataset_expanded/stego_core_combined/XL-Synthetic_2_B__exe_medium__lsb3.bmp,XL-Synthetic_2_B.bmp,XL-Synthetic,2,B,bmp,P06.exe,exe,medium,3,EXE,EXE,1
extended_xl,XL-Synthetic_2_B__exe_small__lsb1.bmp,/home/kali/Desktop/stego_dataset_expanded/stego_core_combined/XL-Synthetic_2_B__exe_small__lsb1.bmp,XL-Synthetic_2_B.bmp,XL-Synthetic,2,B,bmp,P06.exe,exe,small,1,EXE,EXE,1
extended_xl,XL-Synthetic_2_B__exe_small__lsb2.bmp,/home/kali/Desktop/stego_dataset_expanded/stego_core_combined/XL-Synthetic_2_B__exe_small__lsb2.bmp,XL-Synthetic_2_B.bmp,XL-Synthetic,2,B,bmp,P06.exe,exe,small,2,EXE,EXE,1
extended_xl,XL-Synthetic_2_B__exe_small__lsb3.bmp,/home/kali/Desktop/stego_dataset_expanded/stego_core_combined/XL-Synthetic_2_B__exe_small__lsb3.bmp,XL-Synthetic_2_B.bmp,XL-Synthetic,2,B,bmp,P06.exe,exe,small,3,EXE,EXE,1
extended_xl,XL-Synthetic_2_B__pdf_large__lsb1.bmp,/home/kali/Desktop/stego_dataset_expanded/stego_core_combined/XL-Synthetic_2_B__pdf_large__lsb1.bmp,XL-Synthetic_2_B.bmp,XL-Synthetic,2,B,bmp,P02.pdf,pdf,large,1,PDF,PDF,1
extended_xl,XL-Synthetic_2_B__pdf_large__lsb2.bmp,/home/kali/Desktop/stego_dataset_expanded/stego_core_combined/XL-Synthetic_2_B__pdf_large__lsb2.bmp,XL-Synthetic_2_B.bmp,XL-Synthetic,2,B,bmp,P02.pdf,pdf,large,2,PDF,PDF,1
extended_xl,XL-Synthetic_2_B__pdf_large__lsb3.bmp,/home/kali/Desktop/stego_dataset_expanded/stego_core_combined/XL-Synthetic_2_B__pdf_large__lsb3.bmp,XL-Synthetic_2_B.bmp,XL-Synthetic,2,B,bmp,P02.pdf,pdf,large,3,PDF,PDF,1
extended_xl,XL-Synthetic_2_B__pdf_medium__lsb1.bmp,/home/kali/Desktop/stego_dataset_expanded/stego_core_combined/XL-Synthetic_2_B__pdf_medium__lsb1.bmp,XL-Synthetic_2_B.bmp,XL-Synthetic,2,B,bmp,P02.pdf,pdf,medium,1,PDF,PDF,1
extended_xl,XL-Synthetic_2_B__pdf_medium__lsb2.bmp,/home/kali/Desktop/stego_dataset_expanded/stego_core_combined/XL-Synthetic_2_B__pdf_medium__lsb2.bmp,XL-Synthetic_2_B.bmp,XL-Synthetic,2,B,bmp,P02.pdf,pdf,medium,2,PDF,PDF,1
extended_xl,XL-Synthetic_2_B__pdf_medium__lsb3.bmp,/home/kali/Desktop/stego_dataset_expanded/stego_core_combined/XL-Synthetic_2_B__pdf_medium__lsb3.bmp,XL-Synthetic_2_B.bmp,XL-Synthetic,2,B,bmp,P02.pdf,pdf,medium,3,PDF,PDF,1
extended_xl,XL-Synthetic_2_B__pdf_small__lsb1.bmp,/home/kali/Desktop/stego_dataset_expanded/stego_core_combined/XL-Synthetic_2_B__pdf_small__lsb1.bmp,XL-Synthetic_2_B.bmp,XL-Synthetic,2,B,bmp,P02.pdf,pdf,small,1,PDF,PDF,1
extended_xl,XL-Synthetic_2_B__pdf_small__lsb2.bmp,/home/kali/Desktop/stego_dataset_expanded/stego_core_combined/XL-Synthetic_2_B__pdf_small__lsb2.bmp,XL-Synthetic_2_B.bmp,XL-Synthetic,2,B,bmp,P02.pdf,pdf,small,2,PDF,PDF,1
extended_xl,XL-Synthetic_2_B__pdf_small__lsb3.bmp,/home/kali/Desktop/stego_dataset_expanded/stego_core_combined/XL-Synthetic_2_B__pdf_small__lsb3.bmp,XL-Synthetic_2_B.bmp,XL-Synthetic,2,B,bmp,P02.pdf,pdf,small,3,PDF,PDF,1
extended_xl,XL-Synthetic_2_B__pptx_large__lsb1.bmp,/home/kali/Desktop/stego_dataset_expanded/stego_core_combined/XL-Synthetic_2_B__pptx_large__lsb1.bmp,XL-Synthetic_2_B.bmp,XL-Synthetic,2,B,bmp,P04.pptx,pptx,large,1,PPTX,PPTX,1
extended_xl,XL-Synthetic_2_B__pptx_large__lsb2.bmp,/home/kali/Desktop/stego_dataset_expanded/stego_core_combined/XL-Synthetic_2_B__pptx_large__lsb2.bmp,XL-Synthetic_2_B.bmp,XL-Synthetic,2,B,bmp,P04.pptx,pptx,large,2,PPTX,PPTX,1
extended_xl,XL-Synthetic_2_B__pptx_large__lsb3.bmp,/home/kali/Desktop/stego_dataset_expanded/stego_core_combined/XL-Synthetic_2_B__pptx_large__lsb3.bmp,XL-Synthetic_2_B.bmp,XL-Synthetic,2,B,bmp,P04.pptx,pptx,large,3,PPTX,PPTX,1
extended_xl,XL-Synthetic_2_B__pptx_medium__lsb1.bmp,/home/kali/Desktop/stego_dataset_expanded/stego_core_combined/XL-Synthetic_2_B__pptx_medium__lsb1.bmp,XL-Synthetic_2_B.bmp,XL-Synthetic,2,B,bmp,P04.pptx,pptx,medium,1,PPTX,PPTX,1
extended_xl,XL-Synthetic_2_B__pptx_medium__lsb2.bmp,/home/kali/Desktop/stego_dataset_expanded/stego_core_combined/XL-Synthetic_2_B__pptx_medium__lsb2.bmp,XL-Synthetic_2_B.bmp,XL-Synthetic,2,B,bmp,P04.pptx,pptx,medium,2,PPTX,PPTX,1
extended_xl,XL-Synthetic_2_B__pptx_medium__lsb3.bmp,/home/kali/Desktop/stego_dataset_expanded/stego_core_combined/XL-Synthetic_2_B__pptx_medium__lsb3.bmp,XL-Synthetic_2_B.bmp,XL-Synthetic,2,B,bmp,P04.pptx,pptx,medium,3,PPTX,PPTX,1
extended_xl,XL-Synthetic_2_B__pptx_small__lsb1.bmp,/home/kali/Desktop/stego_dataset_expanded/stego_core_combined/XL-Synthetic_2_B__pptx_small__lsb1.bmp,XL-Synthetic_2_B.bmp,XL-Synthetic,2,B,bmp,P04.pptx,pptx,small,1,PPTX,PPTX,1
extended_xl,XL-Synthetic_2_B__pptx_small__lsb2.bmp,/home/kali/Desktop/stego_dataset_expanded/stego_core_combined/XL-Synthetic_2_B__pptx_small__lsb2.bmp,XL-Synthetic_2_B.bmp,XL-Synthetic,2,B,bmp,P04.pptx,pptx,small,2,PPTX,PPTX,1
extended_xl,XL-Synthetic_2_B__pptx_small__lsb3.bmp,/home/kali/Desktop/stego_dataset_expanded/stego_core_combined/XL-Synthetic_2_B__pptx_small__lsb3.bmp,XL-Synthetic_2_B.bmp,XL-Synthetic,2,B,bmp,P04.pptx,pptx,small,3,PPTX,PPTX,1
extended_xl,XL-Synthetic_2_B__rtf_large__lsb1.bmp,/home/kali/Desktop/stego_dataset_expanded/stego_core_combined/XL-Synthetic_2_B__rtf_large__lsb1.bmp,XL-Synthetic_2_B.bmp,XL-Synthetic,2,B,bmp,P05.rtf,rtf,large,1,RTF,RTF,1
extended_xl,XL-Synthetic_2_B__rtf_large__lsb2.bmp,/home/kali/Desktop/stego_dataset_expanded/stego_core_combined/XL-Synthetic_2_B__rtf_large__lsb2.bmp,XL-Synthetic_2_B.bmp,XL-Synthetic,2,B,bmp,P05.rtf,rtf,large,2,RTF,RTF,1
extended_xl,XL-Synthetic_2_B__rtf_large__lsb3.bmp,/home/kali/Desktop/stego_dataset_expanded/stego_core_combined/XL-Synthetic_2_B__rtf_large__lsb3.bmp,XL-Synthetic_2_B.bmp,XL-Synthetic,2,B,bmp,P05.rtf,rtf,large,3,RTF,RTF,1
extended_xl,XL-Synthetic_2_B__rtf_medium__lsb1.bmp,/home/kali/Desktop/stego_dataset_expanded/stego_core_combined/XL-Synthetic_2_B__rtf_medium__lsb1.bmp,XL-Synthetic_2_B.bmp,XL-Synthetic,2,B,bmp,P05.rtf,rtf,medium,1,RTF,RTF,1
extended_xl,XL-Synthetic_2_B__rtf_medium__lsb2.bmp,/home/kali/Desktop/stego_dataset_expanded/stego_core_combined/XL-Synthetic_2_B__rtf_medium__lsb2.bmp,XL-Synthetic_2_B.bmp,XL-Synthetic,2,B,bmp,P05.rtf,rtf,medium,2,RTF,RTF,1
extended_xl,XL-Synthetic_2_B__rtf_medium__lsb3.bmp,/home/kali/Desktop/stego_dataset_expanded/stego_core_combined/XL-Synthetic_2_B__rtf_medium__lsb3.bmp,XL-Synthetic_2_B.bmp,XL-Synthetic,2,B,bmp,P05.rtf,rtf,medium,3,RTF,RTF,1
extended_xl,XL-Synthetic_2_B__rtf_small__lsb1.bmp,/home/kali/Desktop/stego_dataset_expanded/stego_core_combined/XL-Synthetic_2_B__rtf_small__lsb1.bmp,XL-Synthetic_2_B.bmp,XL-Synthetic,2,B,bmp,P05.rtf,rtf,small,1,RTF,RTF,1
extended_xl,XL-Synthetic_2_B__rtf_small__lsb2.bmp,/home/kali/Desktop/stego_dataset_expanded/stego_core_combined/XL-Synthetic_2_B__rtf_small__lsb2.bmp,XL-Synthetic_2_B.bmp,XL-Synthetic,2,B,bmp,P05.rtf,rtf,small,2,RTF,RTF,1
extended_xl,XL-Synthetic_2_B__rtf_small__lsb3.bmp,/home/kali/Desktop/stego_dataset_expanded/stego_core_combined/XL-Synthetic_2_B__rtf_small__lsb3.bmp,XL-Synthetic_2_B.bmp,XL-Synthetic,2,B,bmp,P05.rtf,rtf,small,3,RTF,RTF,1
extended_xl,XL-Synthetic_2_B__xlsx_large__lsb1.bmp,/home/kali/Desktop/stego_dataset_expanded/stego_core_combined/XL-Synthetic_2_B__xlsx_large__lsb1.bmp,XL-Synthetic_2_B.bmp,XL-Synthetic,2,B,bmp,P03.xlsx,xlsx,large,1,XLSX,XLSX,1
extended_xl,XL-Synthetic_2_B__xlsx_large__lsb2.bmp,/home/kali/Desktop/stego_dataset_expanded/stego_core_combined/XL-Synthetic_2_B__xlsx_large__lsb2.bmp,XL-Synthetic_2_B.bmp,XL-Synthetic,2,B,bmp,P03.xlsx,xlsx,large,2,XLSX,XLSX,1
extended_xl,XL-Synthetic_2_B__xlsx_large__lsb3.bmp,/home/kali/Desktop/stego_dataset_expanded/stego_core_combined/XL-Synthetic_2_B__xlsx_large__lsb3.bmp,XL-Synthetic_2_B.bmp,XL-Synthetic,2,B,bmp,P03.xlsx,xlsx,large,3,XLSX,XLSX,1
extended_xl,XL-Synthetic_2_B__xlsx_medium__lsb1.bmp,/home/kali/Desktop/stego_dataset_expanded/stego_core_combined/XL-Synthetic_2_B__xlsx_medium__lsb1.bmp,XL-Synthetic_2_B.bmp,XL-Synthetic,2,B,bmp,P03.xlsx,xlsx,medium,1,XLSX,XLSX,1
extended_xl,XL-Synthetic_2_B__xlsx_medium__lsb2.bmp,/home/kali/Desktop/stego_dataset_expanded/stego_core_combined/XL-Synthetic_2_B__xlsx_medium__lsb2.bmp,XL-Synthetic_2_B.bmp,XL-Synthetic,2,B,bmp,P03.xlsx,xlsx,medium,2,XLSX,XLSX,1
extended_xl,XL-Synthetic_2_B__xlsx_medium__lsb3.bmp,/home/kali/Desktop/stego_dataset_expanded/stego_core_combined/XL-Synthetic_2_B__xlsx_medium__lsb3.bmp,XL-Synthetic_2_B.bmp,XL-Synthetic,2,B,bmp,P03.xlsx,xlsx,medium,3,XLSX,XLSX,1
extended_xl,XL-Synthetic_2_B__xlsx_small__lsb1.bmp,/home/kali/Desktop/stego_dataset_expanded/stego_core_combined/XL-Synthetic_2_B__xlsx_small__lsb1.bmp,XL-Synthetic_2_B.bmp,XL-Synthetic,2,B,bmp,P03.xlsx,xlsx,small,1,XLSX,XLSX,1
extended_xl,XL-Synthetic_2_B__xlsx_small__lsb2.bmp,/home/kali/Desktop/stego_dataset_expanded/stego_core_combined/XL-Synthetic_2_B__xlsx_small__lsb2.bmp,XL-Synthetic_2_B.bmp,XL-Synthetic,2,B,bmp,P03.xlsx,xlsx,small,2,XLSX,XLSX,1
extended_xl,XL-Synthetic_2_B__xlsx_small__lsb3.bmp,/home/kali/Desktop/stego_dataset_expanded/stego_core_combined/XL-Synthetic_2_B__xlsx_small__lsb3.bmp,XL-Synthetic_2_B.bmp,XL-Synthetic,2,B,bmp,P03.xlsx,xlsx,small,3,XLSX,XLSX,1
extended_xl,XL-Synthetic_2_P__docx_large__lsb3.png,/home/kali/Desktop/stego_dataset_expanded/stego_core_combined/XL-Synthetic_2_P__docx_large__lsb3.png,XL-Synthetic_2_P.png,XL-Synthetic,2,P,png,P01.docx,docx,large,3,DOCX,DOCX,1
extended_xl,XL-Synthetic_2_P__docx_medium__lsb2.png,/home/kali/Desktop/stego_dataset_expanded/stego_core_combined/XL-Synthetic_2_P__docx_medium__lsb2.png,XL-Synthetic_2_P.png,XL-Synthetic,2,P,png,P01.docx,docx,medium,2,DOCX,DOCX,1
extended_xl,XL-Synthetic_2_P__docx_medium__lsb3.png,/home/kali/Desktop/stego_dataset_expanded/stego_core_combined/XL-Synthetic_2_P__docx_medium__lsb3.png,XL-Synthetic_2_P.png,XL-Synthetic,2,P,png,P01.docx,docx,medium,3,DOCX,DOCX,1
extended_xl,XL-Synthetic_2_P__docx_small__lsb1.png,/home/kali/Desktop/stego_dataset_expanded/stego_core_combined/XL-Synthetic_2_P__docx_small__lsb1.png,XL-Synthetic_2_P.png,XL-Synthetic,2,P,png,P01.docx,docx,small,1,DOCX,DOCX,1
extended_xl,XL-Synthetic_2_P__docx_small__lsb2.png,/home/kali/Desktop/stego_dataset_expanded/stego_core_combined/XL-Synthetic_2_P__docx_small__lsb2.png,XL-Synthetic_2_P.png,XL-Synthetic,2,P,png,P01.docx,docx,small,2,DOCX,DOCX,1
extended_xl,XL-Synthetic_2_P__docx_small__lsb3.png,/home/kali/Desktop/stego_dataset_expanded/stego_core_combined/XL-Synthetic_2_P__docx_small__lsb3.png,XL-Synthetic_2_P.png,XL-Synthetic,2,P,png,P01.docx,docx,small,3,DOCX,DOCX,1
extended_xl,XL-Synthetic_2_P__exe_large__lsb3.png,/home/kali/Desktop/stego_dataset_expanded/stego_core_combined/XL-Synthetic_2_P__exe_large__lsb3.png,XL-Synthetic_2_P.png,XL-Synthetic,2,P,png,P06.exe,exe,large,3,EXE,EXE,1
extended_xl,XL-Synthetic_2_P__exe_medium__lsb2.png,/home/kali/Desktop/stego_dataset_expanded/stego_core_combined/XL-Synthetic_2_P__exe_medium__lsb2.png,XL-Synthetic_2_P.png,XL-Synthetic,2,P,png,P06.exe,exe,medium,2,EXE,EXE,1
extended_xl,XL-Synthetic_2_P__exe_medium__lsb3.png,/home/kali/Desktop/stego_dataset_expanded/stego_core_combined/XL-Synthetic_2_P__exe_medium__lsb3.png,XL-Synthetic_2_P.png,XL-Synthetic,2,P,png,P06.exe,exe,medium,3,EXE,EXE,1
extended_xl,XL-Synthetic_2_P__exe_small__lsb1.png,/home/kali/Desktop/stego_dataset_expanded/stego_core_combined/XL-Synthetic_2_P__exe_small__lsb1.png,XL-Synthetic_2_P.png,XL-Synthetic,2,P,png,P06.exe,exe,small,1,EXE,EXE,1
extended_xl,XL-Synthetic_2_P__exe_small__lsb2.png,/home/kali/Desktop/stego_dataset_expanded/stego_core_combined/XL-Synthetic_2_P__exe_small__lsb2.png,XL-Synthetic_2_P.png,XL-Synthetic,2,P,png,P06.exe,exe,small,2,EXE,EXE,1
extended_xl,XL-Synthetic_2_P__exe_small__lsb3.png,/home/kali/Desktop/stego_dataset_expanded/stego_core_combined/XL-Synthetic_2_P__exe_small__lsb3.png,XL-Synthetic_2_P.png,XL-Synthetic,2,P,png,P06.exe,exe,small,3,EXE,EXE,1
extended_xl,XL-Synthetic_2_P__pdf_large__lsb3.png,/home/kali/Desktop/stego_dataset_expanded/stego_core_combined/XL-Synthetic_2_P__pdf_large__lsb3.png,XL-Synthetic_2_P.png,XL-Synthetic,2,P,png,P02.pdf,pdf,large,3,PDF,PDF,1
extended_xl,XL-Synthetic_2_P__pdf_medium__lsb2.png,/home/kali/Desktop/stego_dataset_expanded/stego_core_combined/XL-Synthetic_2_P__pdf_medium__lsb2.png,XL-Synthetic_2_P.png,XL-Synthetic,2,P,png,P02.pdf,pdf,medium,2,PDF,PDF,1
extended_xl,XL-Synthetic_2_P__pdf_medium__lsb3.png,/home/kali/Desktop/stego_dataset_expanded/stego_core_combined/XL-Synthetic_2_P__pdf_medium__lsb3.png,XL-Synthetic_2_P.png,XL-Synthetic,2,P,png,P02.pdf,pdf,medium,3,PDF,PDF,1
extended_xl,XL-Synthetic_2_P__pdf_small__lsb1.png,/home/kali/Desktop/stego_dataset_expanded/stego_core_combined/XL-Synthetic_2_P__pdf_small__lsb1.png,XL-Synthetic_2_P.png,XL-Synthetic,2,P,png,P02.pdf,pdf,small,1,PDF,PDF,1
extended_xl,XL-Synthetic_2_P__pdf_small__lsb2.png,/home/kali/Desktop/stego_dataset_expanded/stego_core_combined/XL-Synthetic_2_P__pdf_small__lsb2.png,XL-Synthetic_2_P.png,XL-Synthetic,2,P,png,P02.pdf,pdf,small,2,PDF,PDF,1
extended_xl,XL-Synthetic_2_P__pdf_small__lsb3.png,/home/kali/Desktop/stego_dataset_expanded/stego_core_combined/XL-Synthetic_2_P__pdf_small__lsb3.png,XL-Synthetic_2_P.png,XL-Synthetic,2,P,png,P02.pdf,pdf,small,3,PDF,PDF,1
extended_xl,XL-Synthetic_2_P__pptx_large__lsb3.png,/home/kali/Desktop/stego_dataset_expanded/stego_core_combined/XL-Synthetic_2_P__pptx_large__lsb3.png,XL-Synthetic_2_P.png,XL-Synthetic,2,P,png,P04.pptx,pptx,large,3,PPTX,PPTX,1
extended_xl,XL-Synthetic_2_P__pptx_medium__lsb2.png,/home/kali/Desktop/stego_dataset_expanded/stego_core_combined/XL-Synthetic_2_P__pptx_medium__lsb2.png,XL-Synthetic_2_P.png,XL-Synthetic,2,P,png,P04.pptx,pptx,medium,2,PPTX,PPTX,1
extended_xl,XL-Synthetic_2_P__pptx_medium__lsb3.png,/home/kali/Desktop/stego_dataset_expanded/stego_core_combined/XL-Synthetic_2_P__pptx_medium__lsb3.png,XL-Synthetic_2_P.png,XL-Synthetic,2,P,png,P04.pptx,pptx,medium,3,PPTX,PPTX,1
extended_xl,XL-Synthetic_2_P__pptx_small__lsb1.png,/home/kali/Desktop/stego_dataset_expanded/stego_core_combined/XL-Synthetic_2_P__pptx_small__lsb1.png,XL-Synthetic_2_P.png,XL-Synthetic,2,P,png,P04.pptx,pptx,small,1,PPTX,PPTX,1
extended_xl,XL-Synthetic_2_P__pptx_small__lsb2.png,/home/kali/Desktop/stego_dataset_expanded/stego_core_combined/XL-Synthetic_2_P__pptx_small__lsb2.png,XL-Synthetic_2_P.png,XL-Synthetic,2,P,png,P04.pptx,pptx,small,2,PPTX,PPTX,1
extended_xl,XL-Synthetic_2_P__pptx_small__lsb3.png,/home/kali/Desktop/stego_dataset_expanded/stego_core_combined/XL-Synthetic_2_P__pptx_small__lsb3.png,XL-Synthetic_2_P.png,XL-Synthetic,2,P,png,P04.pptx,pptx,small,3,PPTX,PPTX,1
extended_xl,XL-Synthetic_2_P__rtf_large__lsb3.png,/home/kali/Desktop/stego_dataset_expanded/stego_core_combined/XL-Synthetic_2_P__rtf_large__lsb3.png,XL-Synthetic_2_P.png,XL-Synthetic,2,P,png,P05.rtf,rtf,large,3,RTF,RTF,1
extended_xl,XL-Synthetic_2_P__rtf_medium__lsb2.png,/home/kali/Desktop/stego_dataset_expanded/stego_core_combined/XL-Synthetic_2_P__rtf_medium__lsb2.png,XL-Synthetic_2_P.png,XL-Synthetic,2,P,png,P05.rtf,rtf,medium,2,RTF,RTF,1
extended_xl,XL-Synthetic_2_P__rtf_medium__lsb3.png,/home/kali/Desktop/stego_dataset_expanded/stego_core_combined/XL-Synthetic_2_P__rtf_medium__lsb3.png,XL-Synthetic_2_P.png,XL-Synthetic,2,P,png,P05.rtf,rtf,medium,3,RTF,RTF,1
extended_xl,XL-Synthetic_2_P__rtf_small__lsb1.png,/home/kali/Desktop/stego_dataset_expanded/stego_core_combined/XL-Synthetic_2_P__rtf_small__lsb1.png,XL-Synthetic_2_P.png,XL-Synthetic,2,P,png,P05.rtf,rtf,small,1,RTF,RTF,1
extended_xl,XL-Synthetic_2_P__rtf_small__lsb2.png,/home/kali/Desktop/stego_dataset_expanded/stego_core_combined/XL-Synthetic_2_P__rtf_small__lsb2.png,XL-Synthetic_2_P.png,XL-Synthetic,2,P,png,P05.rtf,rtf,small,2,RTF,RTF,1
extended_xl,XL-Synthetic_2_P__rtf_small__lsb3.png,/home/kali/Desktop/stego_dataset_expanded/stego_core_combined/XL-Synthetic_2_P__rtf_small__lsb3.png,XL-Synthetic_2_P.png,XL-Synthetic,2,P,png,P05.rtf,rtf,small,3,RTF,RTF,1
extended_xl,XL-Synthetic_2_P__xlsx_large__lsb3.png,/home/kali/Desktop/stego_dataset_expanded/stego_core_combined/XL-Synthetic_2_P__xlsx_large__lsb3.png,XL-Synthetic_2_P.png,XL-Synthetic,2,P,png,P03.xlsx,xlsx,large,3,XLSX,XLSX,1
extended_xl,XL-Synthetic_2_P__xlsx_medium__lsb2.png,/home/kali/Desktop/stego_dataset_expanded/stego_core_combined/XL-Synthetic_2_P__xlsx_medium__lsb2.png,XL-Synthetic_2_P.png,XL-Synthetic,2,P,png,P03.xlsx,xlsx,medium,2,XLSX,XLSX,1
extended_xl,XL-Synthetic_2_P__xlsx_medium__lsb3.png,/home/kali/Desktop/stego_dataset_expanded/stego_core_combined/XL-Synthetic_2_P__xlsx_medium__lsb3.png,XL-Synthetic_2_P.png,XL-Synthetic,2,P,png,P03.xlsx,xlsx,medium,3,XLSX,XLSX,1
extended_xl,XL-Synthetic_2_P__xlsx_small__lsb1.png,/home/kali/Desktop/stego_dataset_expanded/stego_core_combined/XL-Synthetic_2_P__xlsx_small__lsb1.png,XL-Synthetic_2_P.png,XL-Synthetic,2,P,png,P03.xlsx,xlsx,small,1,XLSX,XLSX,1
extended_xl,XL-Synthetic_2_P__xlsx_small__lsb2.png,/home/kali/Desktop/stego_dataset_expanded/stego_core_combined/XL-Synthetic_2_P__xlsx_small__lsb2.png,XL-Synthetic_2_P.png,XL-Synthetic,2,P,png,P03.xlsx,xlsx,small,2,XLSX,XLSX,1
extended_xl,XL-Synthetic_2_P__xlsx_small__lsb3.png,/home/kali/Desktop/stego_dataset_expanded/stego_core_combined/XL-Synthetic_2_P__xlsx_small__lsb3.png,XL-Synthetic_2_P.png,XL-Synthetic,2,P,png,P03.xlsx,xlsx,small,3,XLSX,XLSX,1
extended_xl,XL-Synthetic_3_B__docx_large__lsb1.bmp,/home/kali/Desktop/stego_dataset_expanded/stego_core_combined/XL-Synthetic_3_B__docx_large__lsb1.bmp,XL-Synthetic_3_B.bmp,XL-Synthetic,3,B,bmp,P01.docx,docx,large,1,DOCX,DOCX,1
extended_xl,XL-Synthetic_3_B__docx_large__lsb2.bmp,/home/kali/Desktop/stego_dataset_expanded/stego_core_combined/XL-Synthetic_3_B__docx_large__lsb2.bmp,XL-Synthetic_3_B.bmp,XL-Synthetic,3,B,bmp,P01.docx,docx,large,2,DOCX,DOCX,1
extended_xl,XL-Synthetic_3_B__docx_large__lsb3.bmp,/home/kali/Desktop/stego_dataset_expanded/stego_core_combined/XL-Synthetic_3_B__docx_large__lsb3.bmp,XL-Synthetic_3_B.bmp,XL-Synthetic,3,B,bmp,P01.docx,docx,large,3,DOCX,DOCX,1
extended_xl,XL-Synthetic_3_B__docx_medium__lsb1.bmp,/home/kali/Desktop/stego_dataset_expanded/stego_core_combined/XL-Synthetic_3_B__docx_medium__lsb1.bmp,XL-Synthetic_3_B.bmp,XL-Synthetic,3,B,bmp,P01.docx,docx,medium,1,DOCX,DOCX,1
extended_xl,XL-Synthetic_3_B__docx_medium__lsb2.bmp,/home/kali/Desktop/stego_dataset_expanded/stego_core_combined/XL-Synthetic_3_B__docx_medium__lsb2.bmp,XL-Synthetic_3_B.bmp,XL-Synthetic,3,B,bmp,P01.docx,docx,medium,2,DOCX,DOCX,1
extended_xl,XL-Synthetic_3_B__docx_medium__lsb3.bmp,/home/kali/Desktop/stego_dataset_expanded/stego_core_combined/XL-Synthetic_3_B__docx_medium__lsb3.bmp,XL-Synthetic_3_B.bmp,XL-Synthetic,3,B,bmp,P01.docx,docx,medium,3,DOCX,DOCX,1
extended_xl,XL-Synthetic_3_B__docx_small__lsb1.bmp,/home/kali/Desktop/stego_dataset_expanded/stego_core_combined/XL-Synthetic_3_B__docx_small__lsb1.bmp,XL-Synthetic_3_B.bmp,XL-Synthetic,3,B,bmp,P01.docx,docx,small,1,DOCX,DOCX,1
extended_xl,XL-Synthetic_3_B__docx_small__lsb2.bmp,/home/kali/Desktop/stego_dataset_expanded/stego_core_combined/XL-Synthetic_3_B__docx_small__lsb2.bmp,XL-Synthetic_3_B.bmp,XL-Synthetic,3,B,bmp,P01.docx,docx,small,2,DOCX,DOCX,1
extended_xl,XL-Synthetic_3_B__docx_small__lsb3.bmp,/home/kali/Desktop/stego_dataset_expanded/stego_core_combined/XL-Synthetic_3_B__docx_small__lsb3.bmp,XL-Synthetic_3_B.bmp,XL-Synthetic,3,B,bmp,P01.docx,docx,small,3,DOCX,DOCX,1
extended_xl,XL-Synthetic_3_B__exe_large__lsb1.bmp,/home/kali/Desktop/stego_dataset_expanded/stego_core_combined/XL-Synthetic_3_B__exe_large__lsb1.bmp,XL-Synthetic_3_B.bmp,XL-Synthetic,3,B,bmp,P06.exe,exe,large,1,EXE,EXE,1
extended_xl,XL-Synthetic_3_B__exe_large__lsb2.bmp,/home/kali/Desktop/stego_dataset_expanded/stego_core_combined/XL-Synthetic_3_B__exe_large__lsb2.bmp,XL-Synthetic_3_B.bmp,XL-Synthetic,3,B,bmp,P06.exe,exe,large,2,EXE,EXE,1
extended_xl,XL-Synthetic_3_B__exe_large__lsb3.bmp,/home/kali/Desktop/stego_dataset_expanded/stego_core_combined/XL-Synthetic_3_B__exe_large__lsb3.bmp,XL-Synthetic_3_B.bmp,XL-Synthetic,3,B,bmp,P06.exe,exe,large,3,EXE,EXE,1
extended_xl,XL-Synthetic_3_B__exe_medium__lsb1.bmp,/home/kali/Desktop/stego_dataset_expanded/stego_core_combined/XL-Synthetic_3_B__exe_medium__lsb1.bmp,XL-Synthetic_3_B.bmp,XL-Synthetic,3,B,bmp,P06.exe,exe,medium,1,EXE,EXE,1
extended_xl,XL-Synthetic_3_B__exe_medium__lsb2.bmp,/home/kali/Desktop/stego_dataset_expanded/stego_core_combined/XL-Synthetic_3_B__exe_medium__lsb2.bmp,XL-Synthetic_3_B.bmp,XL-Synthetic,3,B,bmp,P06.exe,exe,medium,2,EXE,EXE,1
extended_xl,XL-Synthetic_3_B__exe_medium__lsb3.bmp,/home/kali/Desktop/stego_dataset_expanded/stego_core_combined/XL-Synthetic_3_B__exe_medium__lsb3.bmp,XL-Synthetic_3_B.bmp,XL-Synthetic,3,B,bmp,P06.exe,exe,medium,3,EXE,EXE,1
extended_xl,XL-Synthetic_3_B__exe_small__lsb1.bmp,/home/kali/Desktop/stego_dataset_expanded/stego_core_combined/XL-Synthetic_3_B__exe_small__lsb1.bmp,XL-Synthetic_3_B.bmp,XL-Synthetic,3,B,bmp,P06.exe,exe,small,1,EXE,EXE,1
extended_xl,XL-Synthetic_3_B__exe_small__lsb2.bmp,/home/kali/Desktop/stego_dataset_expanded/stego_core_combined/XL-Synthetic_3_B__exe_small__lsb2.bmp,XL-Synthetic_3_B.bmp,XL-Synthetic,3,B,bmp,P06.exe,exe,small,2,EXE,EXE,1
extended_xl,XL-Synthetic_3_B__exe_small__lsb3.bmp,/home/kali/Desktop/stego_dataset_expanded/stego_core_combined/XL-Synthetic_3_B__exe_small__lsb3.bmp,XL-Synthetic_3_B.bmp,XL-Synthetic,3,B,bmp,P06.exe,exe,small,3,EXE,EXE,1
extended_xl,XL-Synthetic_3_B__pdf_large__lsb1.bmp,/home/kali/Desktop/stego_dataset_expanded/stego_core_combined/XL-Synthetic_3_B__pdf_large__lsb1.bmp,XL-Synthetic_3_B.bmp,XL-Synthetic,3,B,bmp,P02.pdf,pdf,large,1,PDF,PDF,1
extended_xl,XL-Synthetic_3_B__pdf_large__lsb2.bmp,/home/kali/Desktop/stego_dataset_expanded/stego_core_combined/XL-Synthetic_3_B__pdf_large__lsb2.bmp,XL-Synthetic_3_B.bmp,XL-Synthetic,3,B,bmp,P02.pdf,pdf,large,2,PDF,PDF,1
extended_xl,XL-Synthetic_3_B__pdf_large__lsb3.bmp,/home/kali/Desktop/stego_dataset_expanded/stego_core_combined/XL-Synthetic_3_B__pdf_large__lsb3.bmp,XL-Synthetic_3_B.bmp,XL-Synthetic,3,B,bmp,P02.pdf,pdf,large,3,PDF,PDF,1
extended_xl,XL-Synthetic_3_B__pdf_medium__lsb1.bmp,/home/kali/Desktop/stego_dataset_expanded/stego_core_combined/XL-Synthetic_3_B__pdf_medium__lsb1.bmp,XL-Synthetic_3_B.bmp,XL-Synthetic,3,B,bmp,P02.pdf,pdf,medium,1,PDF,PDF,1
extended_xl,XL-Synthetic_3_B__pdf_medium__lsb2.bmp,/home/kali/Desktop/stego_dataset_expanded/stego_core_combined/XL-Synthetic_3_B__pdf_medium__lsb2.bmp,XL-Synthetic_3_B.bmp,XL-Synthetic,3,B,bmp,P02.pdf,pdf,medium,2,PDF,PDF,1
extended_xl,XL-Synthetic_3_B__pdf_medium__lsb3.bmp,/home/kali/Desktop/stego_dataset_expanded/stego_core_combined/XL-Synthetic_3_B__pdf_medium__lsb3.bmp,XL-Synthetic_3_B.bmp,XL-Synthetic,3,B,bmp,P02.pdf,pdf,medium,3,PDF,PDF,1
extended_xl,XL-Synthetic_3_B__pdf_small__lsb1.bmp,/home/kali/Desktop/stego_dataset_expanded/stego_core_combined/XL-Synthetic_3_B__pdf_small__lsb1.bmp,XL-Synthetic_3_B.bmp,XL-Synthetic,3,B,bmp,P02.pdf,pdf,small,1,PDF,PDF,1
extended_xl,XL-Synthetic_3_B__pdf_small__lsb2.bmp,/home/kali/Desktop/stego_dataset_expanded/stego_core_combined/XL-Synthetic_3_B__pdf_small__lsb2.bmp,XL-Synthetic_3_B.bmp,XL-Synthetic,3,B,bmp,P02.pdf,pdf,small,2,PDF,PDF,1
extended_xl,XL-Synthetic_3_B__pdf_small__lsb3.bmp,/home/kali/Desktop/stego_dataset_expanded/stego_core_combined/XL-Synthetic_3_B__pdf_small__lsb3.bmp,XL-Synthetic_3_B.bmp,XL-Synthetic,3,B,bmp,P02.pdf,pdf,small,3,PDF,PDF,1
extended_xl,XL-Synthetic_3_B__pptx_large__lsb1.bmp,/home/kali/Desktop/stego_dataset_expanded/stego_core_combined/XL-Synthetic_3_B__pptx_large__lsb1.bmp,XL-Synthetic_3_B.bmp,XL-Synthetic,3,B,bmp,P04.pptx,pptx,large,1,PPTX,PPTX,1
extended_xl,XL-Synthetic_3_B__pptx_large__lsb2.bmp,/home/kali/Desktop/stego_dataset_expanded/stego_core_combined/XL-Synthetic_3_B__pptx_large__lsb2.bmp,XL-Synthetic_3_B.bmp,XL-Synthetic,3,B,bmp,P04.pptx,pptx,large,2,PPTX,PPTX,1
extended_xl,XL-Synthetic_3_B__pptx_large__lsb3.bmp,/home/kali/Desktop/stego_dataset_expanded/stego_core_combined/XL-Synthetic_3_B__pptx_large__lsb3.bmp,XL-Synthetic_3_B.bmp,XL-Synthetic,3,B,bmp,P04.pptx,pptx,large,3,PPTX,PPTX,1
extended_xl,XL-Synthetic_3_B__pptx_medium__lsb1.bmp,/home/kali/Desktop/stego_dataset_expanded/stego_core_combined/XL-Synthetic_3_B__pptx_medium__lsb1.bmp,XL-Synthetic_3_B.bmp,XL-Synthetic,3,B,bmp,P04.pptx,pptx,medium,1,PPTX,PPTX,1
extended_xl,XL-Synthetic_3_B__pptx_medium__lsb2.bmp,/home/kali/Desktop/stego_dataset_expanded/stego_core_combined/XL-Synthetic_3_B__pptx_medium__lsb2.bmp,XL-Synthetic_3_B.bmp,XL-Synthetic,3,B,bmp,P04.pptx,pptx,medium,2,PPTX,PPTX,1
extended_xl,XL-Synthetic_3_B__pptx_medium__lsb3.bmp,/home/kali/Desktop/stego_dataset_expanded/stego_core_combined/XL-Synthetic_3_B__pptx_medium__lsb3.bmp,XL-Synthetic_3_B.bmp,XL-Synthetic,3,B,bmp,P04.pptx,pptx,medium,3,PPTX,PPTX,1
extended_xl,XL-Synthetic_3_B__pptx_small__lsb1.bmp,/home/kali/Desktop/stego_dataset_expanded/stego_core_combined/XL-Synthetic_3_B__pptx_small__lsb1.bmp,XL-Synthetic_3_B.bmp,XL-Synthetic,3,B,bmp,P04.pptx,pptx,small,1,PPTX,PPTX,1
extended_xl,XL-Synthetic_3_B__pptx_small__lsb2.bmp,/home/kali/Desktop/stego_dataset_expanded/stego_core_combined/XL-Synthetic_3_B__pptx_small__lsb2.bmp,XL-Synthetic_3_B.bmp,XL-Synthetic,3,B,bmp,P04.pptx,pptx,small,2,PPTX,PPTX,1
extended_xl,XL-Synthetic_3_B__pptx_small__lsb3.bmp,/home/kali/Desktop/stego_dataset_expanded/stego_core_combined/XL-Synthetic_3_B__pptx_small__lsb3.bmp,XL-Synthetic_3_B.bmp,XL-Synthetic,3,B,bmp,P04.pptx,pptx,small,3,PPTX,PPTX,1
extended_xl,XL-Synthetic_3_B__rtf_large__lsb1.bmp,/home/kali/Desktop/stego_dataset_expanded/stego_core_combined/XL-Synthetic_3_B__rtf_large__lsb1.bmp,XL-Synthetic_3_B.bmp,XL-Synthetic,3,B,bmp,P05.rtf,rtf,large,1,RTF,RTF,1
extended_xl,XL-Synthetic_3_B__rtf_large__lsb2.bmp,/home/kali/Desktop/stego_dataset_expanded/stego_core_combined/XL-Synthetic_3_B__rtf_large__lsb2.bmp,XL-Synthetic_3_B.bmp,XL-Synthetic,3,B,bmp,P05.rtf,rtf,large,2,RTF,RTF,1
extended_xl,XL-Synthetic_3_B__rtf_large__lsb3.bmp,/home/kali/Desktop/stego_dataset_expanded/stego_core_combined/XL-Synthetic_3_B__rtf_large__lsb3.bmp,XL-Synthetic_3_B.bmp,XL-Synthetic,3,B,bmp,P05.rtf,rtf,large,3,RTF,RTF,1
extended_xl,XL-Synthetic_3_B__rtf_medium__lsb1.bmp,/home/kali/Desktop/stego_dataset_expanded/stego_core_combined/XL-Synthetic_3_B__rtf_medium__lsb1.bmp,XL-Synthetic_3_B.bmp,XL-Synthetic,3,B,bmp,P05.rtf,rtf,medium,1,RTF,RTF,1
extended_xl,XL-Synthetic_3_B__rtf_medium__lsb2.bmp,/home/kali/Desktop/stego_dataset_expanded/stego_core_combined/XL-Synthetic_3_B__rtf_medium__lsb2.bmp,XL-Synthetic_3_B.bmp,XL-Synthetic,3,B,bmp,P05.rtf,rtf,medium,2,RTF,RTF,1
extended_xl,XL-Synthetic_3_B__rtf_medium__lsb3.bmp,/home/kali/Desktop/stego_dataset_expanded/stego_core_combined/XL-Synthetic_3_B__rtf_medium__lsb3.bmp,XL-Synthetic_3_B.bmp,XL-Synthetic,3,B,bmp,P05.rtf,rtf,medium,3,RTF,RTF,1
extended_xl,XL-Synthetic_3_B__rtf_small__lsb1.bmp,/home/kali/Desktop/stego_dataset_expanded/stego_core_combined/XL-Synthetic_3_B__rtf_small__lsb1.bmp,XL-Synthetic_3_B.bmp,XL-Synthetic,3,B,bmp,P05.rtf,rtf,small,1,RTF,RTF,1
extended_xl,XL-Synthetic_3_B__rtf_small__lsb2.bmp,/home/kali/Desktop/stego_dataset_expanded/stego_core_combined/XL-Synthetic_3_B__rtf_small__lsb2.bmp,XL-Synthetic_3_B.bmp,XL-Synthetic,3,B,bmp,P05.rtf,rtf,small,2,RTF,RTF,1
extended_xl,XL-Synthetic_3_B__rtf_small__lsb3.bmp,/home/kali/Desktop/stego_dataset_expanded/stego_core_combined/XL-Synthetic_3_B__rtf_small__lsb3.bmp,XL-Synthetic_3_B.bmp,XL-Synthetic,3,B,bmp,P05.rtf,rtf,small,3,RTF,RTF,1
extended_xl,XL-Synthetic_3_B__xlsx_large__lsb1.bmp,/home/kali/Desktop/stego_dataset_expanded/stego_core_combined/XL-Synthetic_3_B__xlsx_large__lsb1.bmp,XL-Synthetic_3_B.bmp,XL-Synthetic,3,B,bmp,P03.xlsx,xlsx,large,1,XLSX,XLSX,1
extended_xl,XL-Synthetic_3_B__xlsx_large__lsb2.bmp,/home/kali/Desktop/stego_dataset_expanded/stego_core_combined/XL-Synthetic_3_B__xlsx_large__lsb2.bmp,XL-Synthetic_3_B.bmp,XL-Synthetic,3,B,bmp,P03.xlsx,xlsx,large,2,XLSX,XLSX,1
extended_xl,XL-Synthetic_3_B__xlsx_large__lsb3.bmp,/home/kali/Desktop/stego_dataset_expanded/stego_core_combined/XL-Synthetic_3_B__xlsx_large__lsb3.bmp,XL-Synthetic_3_B.bmp,XL-Synthetic,3,B,bmp,P03.xlsx,xlsx,large,3,XLSX,XLSX,1
extended_xl,XL-Synthetic_3_B__xlsx_medium__lsb1.bmp,/home/kali/Desktop/stego_dataset_expanded/stego_core_combined/XL-Synthetic_3_B__xlsx_medium__lsb1.bmp,XL-Synthetic_3_B.bmp,XL-Synthetic,3,B,bmp,P03.xlsx,xlsx,medium,1,XLSX,XLSX,1
extended_xl,XL-Synthetic_3_B__xlsx_medium__lsb2.bmp,/home/kali/Desktop/stego_dataset_expanded/stego_core_combined/XL-Synthetic_3_B__xlsx_medium__lsb2.bmp,XL-Synthetic_3_B.bmp,XL-Synthetic,3,B,bmp,P03.xlsx,xlsx,medium,2,XLSX,XLSX,1
extended_xl,XL-Synthetic_3_B__xlsx_medium__lsb3.bmp,/home/kali/Desktop/stego_dataset_expanded/stego_core_combined/XL-Synthetic_3_B__xlsx_medium__lsb3.bmp,XL-Synthetic_3_B.bmp,XL-Synthetic,3,B,bmp,P03.xlsx,xlsx,medium,3,XLSX,XLSX,1
extended_xl,XL-Synthetic_3_B__xlsx_small__lsb1.bmp,/home/kali/Desktop/stego_dataset_expanded/stego_core_combined/XL-Synthetic_3_B__xlsx_small__lsb1.bmp,XL-Synthetic_3_B.bmp,XL-Synthetic,3,B,bmp,P03.xlsx,xlsx,small,1,XLSX,XLSX,1
extended_xl,XL-Synthetic_3_B__xlsx_small__lsb2.bmp,/home/kali/Desktop/stego_dataset_expanded/stego_core_combined/XL-Synthetic_3_B__xlsx_small__lsb2.bmp,XL-Synthetic_3_B.bmp,XL-Synthetic,3,B,bmp,P03.xlsx,xlsx,small,2,XLSX,XLSX,1
extended_xl,XL-Synthetic_3_B__xlsx_small__lsb3.bmp,/home/kali/Desktop/stego_dataset_expanded/stego_core_combined/XL-Synthetic_3_B__xlsx_small__lsb3.bmp,XL-Synthetic_3_B.bmp,XL-Synthetic,3,B,bmp,P03.xlsx,xlsx,small,3,XLSX,XLSX,1
extended_xl,XL-Synthetic_3_P__docx_large__lsb3.png,/home/kali/Desktop/stego_dataset_expanded/stego_core_combined/XL-Synthetic_3_P__docx_large__lsb3.png,XL-Synthetic_3_P.png,XL-Synthetic,3,P,png,P01.docx,docx,large,3,DOCX,DOCX,1
extended_xl,XL-Synthetic_3_P__docx_medium__lsb2.png,/home/kali/Desktop/stego_dataset_expanded/stego_core_combined/XL-Synthetic_3_P__docx_medium__lsb2.png,XL-Synthetic_3_P.png,XL-Synthetic,3,P,png,P01.docx,docx,medium,2,DOCX,DOCX,1
extended_xl,XL-Synthetic_3_P__docx_medium__lsb3.png,/home/kali/Desktop/stego_dataset_expanded/stego_core_combined/XL-Synthetic_3_P__docx_medium__lsb3.png,XL-Synthetic_3_P.png,XL-Synthetic,3,P,png,P01.docx,docx,medium,3,DOCX,DOCX,1
extended_xl,XL-Synthetic_3_P__docx_small__lsb1.png,/home/kali/Desktop/stego_dataset_expanded/stego_core_combined/XL-Synthetic_3_P__docx_small__lsb1.png,XL-Synthetic_3_P.png,XL-Synthetic,3,P,png,P01.docx,docx,small,1,DOCX,DOCX,1
extended_xl,XL-Synthetic_3_P__docx_small__lsb2.png,/home/kali/Desktop/stego_dataset_expanded/stego_core_combined/XL-Synthetic_3_P__docx_small__lsb2.png,XL-Synthetic_3_P.png,XL-Synthetic,3,P,png,P01.docx,docx,small,2,DOCX,DOCX,1
extended_xl,XL-Synthetic_3_P__docx_small__lsb3.png,/home/kali/Desktop/stego_dataset_expanded/stego_core_combined/XL-Synthetic_3_P__docx_small__lsb3.png,XL-Synthetic_3_P.png,XL-Synthetic,3,P,png,P01.docx,docx,small,3,DOCX,DOCX,1
extended_xl,XL-Synthetic_3_P__exe_large__lsb3.png,/home/kali/Desktop/stego_dataset_expanded/stego_core_combined/XL-Synthetic_3_P__exe_large__lsb3.png,XL-Synthetic_3_P.png,XL-Synthetic,3,P,png,P06.exe,exe,large,3,EXE,EXE,1
extended_xl,XL-Synthetic_3_P__exe_medium__lsb2.png,/home/kali/Desktop/stego_dataset_expanded/stego_core_combined/XL-Synthetic_3_P__exe_medium__lsb2.png,XL-Synthetic_3_P.png,XL-Synthetic,3,P,png,P06.exe,exe,medium,2,EXE,EXE,1
extended_xl,XL-Synthetic_3_P__exe_medium__lsb3.png,/home/kali/Desktop/stego_dataset_expanded/stego_core_combined/XL-Synthetic_3_P__exe_medium__lsb3.png,XL-Synthetic_3_P.png,XL-Synthetic,3,P,png,P06.exe,exe,medium,3,EXE,EXE,1
extended_xl,XL-Synthetic_3_P__exe_small__lsb1.png,/home/kali/Desktop/stego_dataset_expanded/stego_core_combined/XL-Synthetic_3_P__exe_small__lsb1.png,XL-Synthetic_3_P.png,XL-Synthetic,3,P,png,P06.exe,exe,small,1,EXE,EXE,1
extended_xl,XL-Synthetic_3_P__exe_small__lsb2.png,/home/kali/Desktop/stego_dataset_expanded/stego_core_combined/XL-Synthetic_3_P__exe_small__lsb2.png,XL-Synthetic_3_P.png,XL-Synthetic,3,P,png,P06.exe,exe,small,2,EXE,EXE,1
extended_xl,XL-Synthetic_3_P__exe_small__lsb3.png,/home/kali/Desktop/stego_dataset_expanded/stego_core_combined/XL-Synthetic_3_P__exe_small__lsb3.png,XL-Synthetic_3_P.png,XL-Synthetic,3,P,png,P06.exe,exe,small,3,EXE,EXE,1
extended_xl,XL-Synthetic_3_P__pdf_large__lsb3.png,/home/kali/Desktop/stego_dataset_expanded/stego_core_combined/XL-Synthetic_3_P__pdf_large__lsb3.png,XL-Synthetic_3_P.png,XL-Synthetic,3,P,png,P02.pdf,pdf,large,3,PDF,PDF,1
extended_xl,XL-Synthetic_3_P__pdf_medium__lsb2.png,/home/kali/Desktop/stego_dataset_expanded/stego_core_combined/XL-Synthetic_3_P__pdf_medium__lsb2.png,XL-Synthetic_3_P.png,XL-Synthetic,3,P,png,P02.pdf,pdf,medium,2,PDF,PDF,1
extended_xl,XL-Synthetic_3_P__pdf_medium__lsb3.png,/home/kali/Desktop/stego_dataset_expanded/stego_core_combined/XL-Synthetic_3_P__pdf_medium__lsb3.png,XL-Synthetic_3_P.png,XL-Synthetic,3,P,png,P02.pdf,pdf,medium,3,PDF,PDF,1
extended_xl,XL-Synthetic_3_P__pdf_small__lsb1.png,/home/kali/Desktop/stego_dataset_expanded/stego_core_combined/XL-Synthetic_3_P__pdf_small__lsb1.png,XL-Synthetic_3_P.png,XL-Synthetic,3,P,png,P02.pdf,pdf,small,1,PDF,PDF,1
extended_xl,XL-Synthetic_3_P__pdf_small__lsb2.png,/home/kali/Desktop/stego_dataset_expanded/stego_core_combined/XL-Synthetic_3_P__pdf_small__lsb2.png,XL-Synthetic_3_P.png,XL-Synthetic,3,P,png,P02.pdf,pdf,small,2,PDF,PDF,1
extended_xl,XL-Synthetic_3_P__pdf_small__lsb3.png,/home/kali/Desktop/stego_dataset_expanded/stego_core_combined/XL-Synthetic_3_P__pdf_small__lsb3.png,XL-Synthetic_3_P.png,XL-Synthetic,3,P,png,P02.pdf,pdf,small,3,PDF,PDF,1
extended_xl,XL-Synthetic_3_P__pptx_large__lsb3.png,/home/kali/Desktop/stego_dataset_expanded/stego_core_combined/XL-Synthetic_3_P__pptx_large__lsb3.png,XL-Synthetic_3_P.png,XL-Synthetic,3,P,png,P04.pptx,pptx,large,3,PPTX,PPTX,1
extended_xl,XL-Synthetic_3_P__pptx_medium__lsb2.png,/home/kali/Desktop/stego_dataset_expanded/stego_core_combined/XL-Synthetic_3_P__pptx_medium__lsb2.png,XL-Synthetic_3_P.png,XL-Synthetic,3,P,png,P04.pptx,pptx,medium,2,PPTX,PPTX,1
extended_xl,XL-Synthetic_3_P__pptx_medium__lsb3.png,/home/kali/Desktop/stego_dataset_expanded/stego_core_combined/XL-Synthetic_3_P__pptx_medium__lsb3.png,XL-Synthetic_3_P.png,XL-Synthetic,3,P,png,P04.pptx,pptx,medium,3,PPTX,PPTX,1
extended_xl,XL-Synthetic_3_P__pptx_small__lsb1.png,/home/kali/Desktop/stego_dataset_expanded/stego_core_combined/XL-Synthetic_3_P__pptx_small__lsb1.png,XL-Synthetic_3_P.png,XL-Synthetic,3,P,png,P04.pptx,pptx,small,1,PPTX,PPTX,1
extended_xl,XL-Synthetic_3_P__pptx_small__lsb2.png,/home/kali/Desktop/stego_dataset_expanded/stego_core_combined/XL-Synthetic_3_P__pptx_small__lsb2.png,XL-Synthetic_3_P.png,XL-Synthetic,3,P,png,P04.pptx,pptx,small,2,PPTX,PPTX,1
extended_xl,XL-Synthetic_3_P__pptx_small__lsb3.png,/home/kali/Desktop/stego_dataset_expanded/stego_core_combined/XL-Synthetic_3_P__pptx_small__lsb3.png,XL-Synthetic_3_P.png,XL-Synthetic,3,P,png,P04.pptx,pptx,small,3,PPTX,PPTX,1
extended_xl,XL-Synthetic_3_P__rtf_large__lsb3.png,/home/kali/Desktop/stego_dataset_expanded/stego_core_combined/XL-Synthetic_3_P__rtf_large__lsb3.png,XL-Synthetic_3_P.png,XL-Synthetic,3,P,png,P05.rtf,rtf,large,3,RTF,RTF,1
extended_xl,XL-Synthetic_3_P__rtf_medium__lsb2.png,/home/kali/Desktop/stego_dataset_expanded/stego_core_combined/XL-Synthetic_3_P__rtf_medium__lsb2.png,XL-Synthetic_3_P.png,XL-Synthetic,3,P,png,P05.rtf,rtf,medium,2,RTF,RTF,1
extended_xl,XL-Synthetic_3_P__rtf_medium__lsb3.png,/home/kali/Desktop/stego_dataset_expanded/stego_core_combined/XL-Synthetic_3_P__rtf_medium__lsb3.png,XL-Synthetic_3_P.png,XL-Synthetic,3,P,png,P05.rtf,rtf,medium,3,RTF,RTF,1
extended_xl,XL-Synthetic_3_P__rtf_small__lsb1.png,/home/kali/Desktop/stego_dataset_expanded/stego_core_combined/XL-Synthetic_3_P__rtf_small__lsb1.png,XL-Synthetic_3_P.png,XL-Synthetic,3,P,png,P05.rtf,rtf,small,1,RTF,RTF,1
extended_xl,XL-Synthetic_3_P__rtf_small__lsb2.png,/home/kali/Desktop/stego_dataset_expanded/stego_core_combined/XL-Synthetic_3_P__rtf_small__lsb2.png,XL-Synthetic_3_P.png,XL-Synthetic,3,P,png,P05.rtf,rtf,small,2,RTF,RTF,1
extended_xl,XL-Synthetic_3_P__rtf_small__lsb3.png,/home/kali/Desktop/stego_dataset_expanded/stego_core_combined/XL-Synthetic_3_P__rtf_small__lsb3.png,XL-Synthetic_3_P.png,XL-Synthetic,3,P,png,P05.rtf,rtf,small,3,RTF,RTF,1
extended_xl,XL-Synthetic_3_P__xlsx_large__lsb3.png,/home/kali/Desktop/stego_dataset_expanded/stego_core_combined/XL-Synthetic_3_P__xlsx_large__lsb3.png,XL-Synthetic_3_P.png,XL-Synthetic,3,P,png,P03.xlsx,xlsx,large,3,XLSX,XLSX,1
extended_xl,XL-Synthetic_3_P__xlsx_medium__lsb2.png,/home/kali/Desktop/stego_dataset_expanded/stego_core_combined/XL-Synthetic_3_P__xlsx_medium__lsb2.png,XL-Synthetic_3_P.png,XL-Synthetic,3,P,png,P03.xlsx,xlsx,medium,2,XLSX,XLSX,1
extended_xl,XL-Synthetic_3_P__xlsx_medium__lsb3.png,/home/kali/Desktop/stego_dataset_expanded/stego_core_combined/XL-Synthetic_3_P__xlsx_medium__lsb3.png,XL-Synthetic_3_P.png,XL-Synthetic,3,P,png,P03.xlsx,xlsx,medium,3,XLSX,XLSX,1
extended_xl,XL-Synthetic_3_P__xlsx_small__lsb1.png,/home/kali/Desktop/stego_dataset_expanded/stego_core_combined/XL-Synthetic_3_P__xlsx_small__lsb1.png,XL-Synthetic_3_P.png,XL-Synthetic,3,P,png,P03.xlsx,xlsx,small,1,XLSX,XLSX,1
extended_xl,XL-Synthetic_3_P__xlsx_small__lsb2.png,/home/kali/Desktop/stego_dataset_expanded/stego_core_combined/XL-Synthetic_3_P__xlsx_small__lsb2.png,XL-Synthetic_3_P.png,XL-Synthetic,3,P,png,P03.xlsx,xlsx,small,2,XLSX,XLSX,1
extended_xl,XL-Synthetic_3_P__xlsx_small__lsb3.png,/home/kali/Desktop/stego_dataset_expanded/stego_core_combined/XL-Synthetic_3_P__xlsx_small__lsb3.png,XL-Synthetic_3_P.png,XL-Synthetic,3,P,png,P03.xlsx,xlsx,small,3,XLSX,XLSX,1
extended_xl,XL-Synthetic_4_B__docx_large__lsb1.bmp,/home/kali/Desktop/stego_dataset_expanded/stego_core_combined/XL-Synthetic_4_B__docx_large__lsb1.bmp,XL-Synthetic_4_B.bmp,XL-Synthetic,4,B,bmp,P01.docx,docx,large,1,DOCX,DOCX,1
extended_xl,XL-Synthetic_4_B__docx_large__lsb2.bmp,/home/kali/Desktop/stego_dataset_expanded/stego_core_combined/XL-Synthetic_4_B__docx_large__lsb2.bmp,XL-Synthetic_4_B.bmp,XL-Synthetic,4,B,bmp,P01.docx,docx,large,2,DOCX,DOCX,1
extended_xl,XL-Synthetic_4_B__docx_large__lsb3.bmp,/home/kali/Desktop/stego_dataset_expanded/stego_core_combined/XL-Synthetic_4_B__docx_large__lsb3.bmp,XL-Synthetic_4_B.bmp,XL-Synthetic,4,B,bmp,P01.docx,docx,large,3,DOCX,DOCX,1
extended_xl,XL-Synthetic_4_B__docx_medium__lsb1.bmp,/home/kali/Desktop/stego_dataset_expanded/stego_core_combined/XL-Synthetic_4_B__docx_medium__lsb1.bmp,XL-Synthetic_4_B.bmp,XL-Synthetic,4,B,bmp,P01.docx,docx,medium,1,DOCX,DOCX,1
extended_xl,XL-Synthetic_4_B__docx_medium__lsb2.bmp,/home/kali/Desktop/stego_dataset_expanded/stego_core_combined/XL-Synthetic_4_B__docx_medium__lsb2.bmp,XL-Synthetic_4_B.bmp,XL-Synthetic,4,B,bmp,P01.docx,docx,medium,2,DOCX,DOCX,1
extended_xl,XL-Synthetic_4_B__docx_medium__lsb3.bmp,/home/kali/Desktop/stego_dataset_expanded/stego_core_combined/XL-Synthetic_4_B__docx_medium__lsb3.bmp,XL-Synthetic_4_B.bmp,XL-Synthetic,4,B,bmp,P01.docx,docx,medium,3,DOCX,DOCX,1
extended_xl,XL-Synthetic_4_B__docx_small__lsb1.bmp,/home/kali/Desktop/stego_dataset_expanded/stego_core_combined/XL-Synthetic_4_B__docx_small__lsb1.bmp,XL-Synthetic_4_B.bmp,XL-Synthetic,4,B,bmp,P01.docx,docx,small,1,DOCX,DOCX,1
extended_xl,XL-Synthetic_4_B__docx_small__lsb2.bmp,/home/kali/Desktop/stego_dataset_expanded/stego_core_combined/XL-Synthetic_4_B__docx_small__lsb2.bmp,XL-Synthetic_4_B.bmp,XL-Synthetic,4,B,bmp,P01.docx,docx,small,2,DOCX,DOCX,1
extended_xl,XL-Synthetic_4_B__docx_small__lsb3.bmp,/home/kali/Desktop/stego_dataset_expanded/stego_core_combined/XL-Synthetic_4_B__docx_small__lsb3.bmp,XL-Synthetic_4_B.bmp,XL-Synthetic,4,B,bmp,P01.docx,docx,small,3,DOCX,DOCX,1
extended_xl,XL-Synthetic_4_B__exe_large__lsb1.bmp,/home/kali/Desktop/stego_dataset_expanded/stego_core_combined/XL-Synthetic_4_B__exe_large__lsb1.bmp,XL-Synthetic_4_B.bmp,XL-Synthetic,4,B,bmp,P06.exe,exe,large,1,EXE,EXE,1
extended_xl,XL-Synthetic_4_B__exe_large__lsb2.bmp,/home/kali/Desktop/stego_dataset_expanded/stego_core_combined/XL-Synthetic_4_B__exe_large__lsb2.bmp,XL-Synthetic_4_B.bmp,XL-Synthetic,4,B,bmp,P06.exe,exe,large,2,EXE,EXE,1
extended_xl,XL-Synthetic_4_B__exe_large__lsb3.bmp,/home/kali/Desktop/stego_dataset_expanded/stego_core_combined/XL-Synthetic_4_B__exe_large__lsb3.bmp,XL-Synthetic_4_B.bmp,XL-Synthetic,4,B,bmp,P06.exe,exe,large,3,EXE,EXE,1
extended_xl,XL-Synthetic_4_B__exe_medium__lsb1.bmp,/home/kali/Desktop/stego_dataset_expanded/stego_core_combined/XL-Synthetic_4_B__exe_medium__lsb1.bmp,XL-Synthetic_4_B.bmp,XL-Synthetic,4,B,bmp,P06.exe,exe,medium,1,EXE,EXE,1
extended_xl,XL-Synthetic_4_B__exe_medium__lsb2.bmp,/home/kali/Desktop/stego_dataset_expanded/stego_core_combined/XL-Synthetic_4_B__exe_medium__lsb2.bmp,XL-Synthetic_4_B.bmp,XL-Synthetic,4,B,bmp,P06.exe,exe,medium,2,EXE,EXE,1
extended_xl,XL-Synthetic_4_B__exe_medium__lsb3.bmp,/home/kali/Desktop/stego_dataset_expanded/stego_core_combined/XL-Synthetic_4_B__exe_medium__lsb3.bmp,XL-Synthetic_4_B.bmp,XL-Synthetic,4,B,bmp,P06.exe,exe,medium,3,EXE,EXE,1
extended_xl,XL-Synthetic_4_B__exe_small__lsb1.bmp,/home/kali/Desktop/stego_dataset_expanded/stego_core_combined/XL-Synthetic_4_B__exe_small__lsb1.bmp,XL-Synthetic_4_B.bmp,XL-Synthetic,4,B,bmp,P06.exe,exe,small,1,EXE,EXE,1
extended_xl,XL-Synthetic_4_B__exe_small__lsb2.bmp,/home/kali/Desktop/stego_dataset_expanded/stego_core_combined/XL-Synthetic_4_B__exe_small__lsb2.bmp,XL-Synthetic_4_B.bmp,XL-Synthetic,4,B,bmp,P06.exe,exe,small,2,EXE,EXE,1
extended_xl,XL-Synthetic_4_B__exe_small__lsb3.bmp,/home/kali/Desktop/stego_dataset_expanded/stego_core_combined/XL-Synthetic_4_B__exe_small__lsb3.bmp,XL-Synthetic_4_B.bmp,XL-Synthetic,4,B,bmp,P06.exe,exe,small,3,EXE,EXE,1
extended_xl,XL-Synthetic_4_B__pdf_large__lsb1.bmp,/home/kali/Desktop/stego_dataset_expanded/stego_core_combined/XL-Synthetic_4_B__pdf_large__lsb1.bmp,XL-Synthetic_4_B.bmp,XL-Synthetic,4,B,bmp,P02.pdf,pdf,large,1,PDF,PDF,1
extended_xl,XL-Synthetic_4_B__pdf_large__lsb2.bmp,/home/kali/Desktop/stego_dataset_expanded/stego_core_combined/XL-Synthetic_4_B__pdf_large__lsb2.bmp,XL-Synthetic_4_B.bmp,XL-Synthetic,4,B,bmp,P02.pdf,pdf,large,2,PDF,PDF,1
extended_xl,XL-Synthetic_4_B__pdf_large__lsb3.bmp,/home/kali/Desktop/stego_dataset_expanded/stego_core_combined/XL-Synthetic_4_B__pdf_large__lsb3.bmp,XL-Synthetic_4_B.bmp,XL-Synthetic,4,B,bmp,P02.pdf,pdf,large,3,PDF,PDF,1
extended_xl,XL-Synthetic_4_B__pdf_medium__lsb1.bmp,/home/kali/Desktop/stego_dataset_expanded/stego_core_combined/XL-Synthetic_4_B__pdf_medium__lsb1.bmp,XL-Synthetic_4_B.bmp,XL-Synthetic,4,B,bmp,P02.pdf,pdf,medium,1,PDF,PDF,1
extended_xl,XL-Synthetic_4_B__pdf_medium__lsb2.bmp,/home/kali/Desktop/stego_dataset_expanded/stego_core_combined/XL-Synthetic_4_B__pdf_medium__lsb2.bmp,XL-Synthetic_4_B.bmp,XL-Synthetic,4,B,bmp,P02.pdf,pdf,medium,2,PDF,PDF,1
extended_xl,XL-Synthetic_4_B__pdf_medium__lsb3.bmp,/home/kali/Desktop/stego_dataset_expanded/stego_core_combined/XL-Synthetic_4_B__pdf_medium__lsb3.bmp,XL-Synthetic_4_B.bmp,XL-Synthetic,4,B,bmp,P02.pdf,pdf,medium,3,PDF,PDF,1
extended_xl,XL-Synthetic_4_B__pdf_small__lsb1.bmp,/home/kali/Desktop/stego_dataset_expanded/stego_core_combined/XL-Synthetic_4_B__pdf_small__lsb1.bmp,XL-Synthetic_4_B.bmp,XL-Synthetic,4,B,bmp,P02.pdf,pdf,small,1,PDF,PDF,1
extended_xl,XL-Synthetic_4_B__pdf_small__lsb2.bmp,/home/kali/Desktop/stego_dataset_expanded/stego_core_combined/XL-Synthetic_4_B__pdf_small__lsb2.bmp,XL-Synthetic_4_B.bmp,XL-Synthetic,4,B,bmp,P02.pdf,pdf,small,2,PDF,PDF,1
extended_xl,XL-Synthetic_4_B__pdf_small__lsb3.bmp,/home/kali/Desktop/stego_dataset_expanded/stego_core_combined/XL-Synthetic_4_B__pdf_small__lsb3.bmp,XL-Synthetic_4_B.bmp,XL-Synthetic,4,B,bmp,P02.pdf,pdf,small,3,PDF,PDF,1
extended_xl,XL-Synthetic_4_B__pptx_large__lsb1.bmp,/home/kali/Desktop/stego_dataset_expanded/stego_core_combined/XL-Synthetic_4_B__pptx_large__lsb1.bmp,XL-Synthetic_4_B.bmp,XL-Synthetic,4,B,bmp,P04.pptx,pptx,large,1,PPTX,PPTX,1
extended_xl,XL-Synthetic_4_B__pptx_large__lsb2.bmp,/home/kali/Desktop/stego_dataset_expanded/stego_core_combined/XL-Synthetic_4_B__pptx_large__lsb2.bmp,XL-Synthetic_4_B.bmp,XL-Synthetic,4,B,bmp,P04.pptx,pptx,large,2,PPTX,PPTX,1
extended_xl,XL-Synthetic_4_B__pptx_large__lsb3.bmp,/home/kali/Desktop/stego_dataset_expanded/stego_core_combined/XL-Synthetic_4_B__pptx_large__lsb3.bmp,XL-Synthetic_4_B.bmp,XL-Synthetic,4,B,bmp,P04.pptx,pptx,large,3,PPTX,PPTX,1
extended_xl,XL-Synthetic_4_B__pptx_medium__lsb1.bmp,/home/kali/Desktop/stego_dataset_expanded/stego_core_combined/XL-Synthetic_4_B__pptx_medium__lsb1.bmp,XL-Synthetic_4_B.bmp,XL-Synthetic,4,B,bmp,P04.pptx,pptx,medium,1,PPTX,PPTX,1
extended_xl,XL-Synthetic_4_B__pptx_medium__lsb2.bmp,/home/kali/Desktop/stego_dataset_expanded/stego_core_combined/XL-Synthetic_4_B__pptx_medium__lsb2.bmp,XL-Synthetic_4_B.bmp,XL-Synthetic,4,B,bmp,P04.pptx,pptx,medium,2,PPTX,PPTX,1
extended_xl,XL-Synthetic_4_B__pptx_medium__lsb3.bmp,/home/kali/Desktop/stego_dataset_expanded/stego_core_combined/XL-Synthetic_4_B__pptx_medium__lsb3.bmp,XL-Synthetic_4_B.bmp,XL-Synthetic,4,B,bmp,P04.pptx,pptx,medium,3,PPTX,PPTX,1
extended_xl,XL-Synthetic_4_B__pptx_small__lsb1.bmp,/home/kali/Desktop/stego_dataset_expanded/stego_core_combined/XL-Synthetic_4_B__pptx_small__lsb1.bmp,XL-Synthetic_4_B.bmp,XL-Synthetic,4,B,bmp,P04.pptx,pptx,small,1,PPTX,PPTX,1
extended_xl,XL-Synthetic_4_B__pptx_small__lsb2.bmp,/home/kali/Desktop/stego_dataset_expanded/stego_core_combined/XL-Synthetic_4_B__pptx_small__lsb2.bmp,XL-Synthetic_4_B.bmp,XL-Synthetic,4,B,bmp,P04.pptx,pptx,small,2,PPTX,PPTX,1
extended_xl,XL-Synthetic_4_B__pptx_small__lsb3.bmp,/home/kali/Desktop/stego_dataset_expanded/stego_core_combined/XL-Synthetic_4_B__pptx_small__lsb3.bmp,XL-Synthetic_4_B.bmp,XL-Synthetic,4,B,bmp,P04.pptx,pptx,small,3,PPTX,PPTX,1
extended_xl,XL-Synthetic_4_B__rtf_large__lsb1.bmp,/home/kali/Desktop/stego_dataset_expanded/stego_core_combined/XL-Synthetic_4_B__rtf_large__lsb1.bmp,XL-Synthetic_4_B.bmp,XL-Synthetic,4,B,bmp,P05.rtf,rtf,large,1,RTF,RTF,1
extended_xl,XL-Synthetic_4_B__rtf_large__lsb2.bmp,/home/kali/Desktop/stego_dataset_expanded/stego_core_combined/XL-Synthetic_4_B__rtf_large__lsb2.bmp,XL-Synthetic_4_B.bmp,XL-Synthetic,4,B,bmp,P05.rtf,rtf,large,2,RTF,RTF,1
extended_xl,XL-Synthetic_4_B__rtf_large__lsb3.bmp,/home/kali/Desktop/stego_dataset_expanded/stego_core_combined/XL-Synthetic_4_B__rtf_large__lsb3.bmp,XL-Synthetic_4_B.bmp,XL-Synthetic,4,B,bmp,P05.rtf,rtf,large,3,RTF,RTF,1
extended_xl,XL-Synthetic_4_B__rtf_medium__lsb1.bmp,/home/kali/Desktop/stego_dataset_expanded/stego_core_combined/XL-Synthetic_4_B__rtf_medium__lsb1.bmp,XL-Synthetic_4_B.bmp,XL-Synthetic,4,B,bmp,P05.rtf,rtf,medium,1,RTF,RTF,1
extended_xl,XL-Synthetic_4_B__rtf_medium__lsb2.bmp,/home/kali/Desktop/stego_dataset_expanded/stego_core_combined/XL-Synthetic_4_B__rtf_medium__lsb2.bmp,XL-Synthetic_4_B.bmp,XL-Synthetic,4,B,bmp,P05.rtf,rtf,medium,2,RTF,RTF,1
extended_xl,XL-Synthetic_4_B__rtf_medium__lsb3.bmp,/home/kali/Desktop/stego_dataset_expanded/stego_core_combined/XL-Synthetic_4_B__rtf_medium__lsb3.bmp,XL-Synthetic_4_B.bmp,XL-Synthetic,4,B,bmp,P05.rtf,rtf,medium,3,RTF,RTF,1
extended_xl,XL-Synthetic_4_B__rtf_small__lsb1.bmp,/home/kali/Desktop/stego_dataset_expanded/stego_core_combined/XL-Synthetic_4_B__rtf_small__lsb1.bmp,XL-Synthetic_4_B.bmp,XL-Synthetic,4,B,bmp,P05.rtf,rtf,small,1,RTF,RTF,1
extended_xl,XL-Synthetic_4_B__rtf_small__lsb2.bmp,/home/kali/Desktop/stego_dataset_expanded/stego_core_combined/XL-Synthetic_4_B__rtf_small__lsb2.bmp,XL-Synthetic_4_B.bmp,XL-Synthetic,4,B,bmp,P05.rtf,rtf,small,2,RTF,RTF,1
extended_xl,XL-Synthetic_4_B__rtf_small__lsb3.bmp,/home/kali/Desktop/stego_dataset_expanded/stego_core_combined/XL-Synthetic_4_B__rtf_small__lsb3.bmp,XL-Synthetic_4_B.bmp,XL-Synthetic,4,B,bmp,P05.rtf,rtf,small,3,RTF,RTF,1
extended_xl,XL-Synthetic_4_B__xlsx_large__lsb1.bmp,/home/kali/Desktop/stego_dataset_expanded/stego_core_combined/XL-Synthetic_4_B__xlsx_large__lsb1.bmp,XL-Synthetic_4_B.bmp,XL-Synthetic,4,B,bmp,P03.xlsx,xlsx,large,1,XLSX,XLSX,1
extended_xl,XL-Synthetic_4_B__xlsx_large__lsb2.bmp,/home/kali/Desktop/stego_dataset_expanded/stego_core_combined/XL-Synthetic_4_B__xlsx_large__lsb2.bmp,XL-Synthetic_4_B.bmp,XL-Synthetic,4,B,bmp,P03.xlsx,xlsx,large,2,XLSX,XLSX,1
extended_xl,XL-Synthetic_4_B__xlsx_large__lsb3.bmp,/home/kali/Desktop/stego_dataset_expanded/stego_core_combined/XL-Synthetic_4_B__xlsx_large__lsb3.bmp,XL-Synthetic_4_B.bmp,XL-Synthetic,4,B,bmp,P03.xlsx,xlsx,large,3,XLSX,XLSX,1
extended_xl,XL-Synthetic_4_B__xlsx_medium__lsb1.bmp,/home/kali/Desktop/stego_dataset_expanded/stego_core_combined/XL-Synthetic_4_B__xlsx_medium__lsb1.bmp,XL-Synthetic_4_B.bmp,XL-Synthetic,4,B,bmp,P03.xlsx,xlsx,medium,1,XLSX,XLSX,1
extended_xl,XL-Synthetic_4_B__xlsx_medium__lsb2.bmp,/home/kali/Desktop/stego_dataset_expanded/stego_core_combined/XL-Synthetic_4_B__xlsx_medium__lsb2.bmp,XL-Synthetic_4_B.bmp,XL-Synthetic,4,B,bmp,P03.xlsx,xlsx,medium,2,XLSX,XLSX,1
extended_xl,XL-Synthetic_4_B__xlsx_medium__lsb3.bmp,/home/kali/Desktop/stego_dataset_expanded/stego_core_combined/XL-Synthetic_4_B__xlsx_medium__lsb3.bmp,XL-Synthetic_4_B.bmp,XL-Synthetic,4,B,bmp,P03.xlsx,xlsx,medium,3,XLSX,XLSX,1
extended_xl,XL-Synthetic_4_B__xlsx_small__lsb1.bmp,/home/kali/Desktop/stego_dataset_expanded/stego_core_combined/XL-Synthetic_4_B__xlsx_small__lsb1.bmp,XL-Synthetic_4_B.bmp,XL-Synthetic,4,B,bmp,P03.xlsx,xlsx,small,1,XLSX,XLSX,1
extended_xl,XL-Synthetic_4_B__xlsx_small__lsb2.bmp,/home/kali/Desktop/stego_dataset_expanded/stego_core_combined/XL-Synthetic_4_B__xlsx_small__lsb2.bmp,XL-Synthetic_4_B.bmp,XL-Synthetic,4,B,bmp,P03.xlsx,xlsx,small,2,XLSX,XLSX,1
extended_xl,XL-Synthetic_4_B__xlsx_small__lsb3.bmp,/home/kali/Desktop/stego_dataset_expanded/stego_core_combined/XL-Synthetic_4_B__xlsx_small__lsb3.bmp,XL-Synthetic_4_B.bmp,XL-Synthetic,4,B,bmp,P03.xlsx,xlsx,small,3,XLSX,XLSX,1
extended_xl,XL-Synthetic_4_P__docx_large__lsb3.png,/home/kali/Desktop/stego_dataset_expanded/stego_core_combined/XL-Synthetic_4_P__docx_large__lsb3.png,XL-Synthetic_4_P.png,XL-Synthetic,4,P,png,P01.docx,docx,large,3,DOCX,DOCX,1
extended_xl,XL-Synthetic_4_P__docx_medium__lsb2.png,/home/kali/Desktop/stego_dataset_expanded/stego_core_combined/XL-Synthetic_4_P__docx_medium__lsb2.png,XL-Synthetic_4_P.png,XL-Synthetic,4,P,png,P01.docx,docx,medium,2,DOCX,DOCX,1
extended_xl,XL-Synthetic_4_P__docx_medium__lsb3.png,/home/kali/Desktop/stego_dataset_expanded/stego_core_combined/XL-Synthetic_4_P__docx_medium__lsb3.png,XL-Synthetic_4_P.png,XL-Synthetic,4,P,png,P01.docx,docx,medium,3,DOCX,DOCX,1
extended_xl,XL-Synthetic_4_P__docx_small__lsb1.png,/home/kali/Desktop/stego_dataset_expanded/stego_core_combined/XL-Synthetic_4_P__docx_small__lsb1.png,XL-Synthetic_4_P.png,XL-Synthetic,4,P,png,P01.docx,docx,small,1,DOCX,DOCX,1
extended_xl,XL-Synthetic_4_P__docx_small__lsb2.png,/home/kali/Desktop/stego_dataset_expanded/stego_core_combined/XL-Synthetic_4_P__docx_small__lsb2.png,XL-Synthetic_4_P.png,XL-Synthetic,4,P,png,P01.docx,docx,small,2,DOCX,DOCX,1
extended_xl,XL-Synthetic_4_P__docx_small__lsb3.png,/home/kali/Desktop/stego_dataset_expanded/stego_core_combined/XL-Synthetic_4_P__docx_small__lsb3.png,XL-Synthetic_4_P.png,XL-Synthetic,4,P,png,P01.docx,docx,small,3,DOCX,DOCX,1
extended_xl,XL-Synthetic_4_P__exe_large__lsb3.png,/home/kali/Desktop/stego_dataset_expanded/stego_core_combined/XL-Synthetic_4_P__exe_large__lsb3.png,XL-Synthetic_4_P.png,XL-Synthetic,4,P,png,P06.exe,exe,large,3,EXE,EXE,1
extended_xl,XL-Synthetic_4_P__exe_medium__lsb2.png,/home/kali/Desktop/stego_dataset_expanded/stego_core_combined/XL-Synthetic_4_P__exe_medium__lsb2.png,XL-Synthetic_4_P.png,XL-Synthetic,4,P,png,P06.exe,exe,medium,2,EXE,EXE,1
extended_xl,XL-Synthetic_4_P__exe_medium__lsb3.png,/home/kali/Desktop/stego_dataset_expanded/stego_core_combined/XL-Synthetic_4_P__exe_medium__lsb3.png,XL-Synthetic_4_P.png,XL-Synthetic,4,P,png,P06.exe,exe,medium,3,EXE,EXE,1
extended_xl,XL-Synthetic_4_P__exe_small__lsb1.png,/home/kali/Desktop/stego_dataset_expanded/stego_core_combined/XL-Synthetic_4_P__exe_small__lsb1.png,XL-Synthetic_4_P.png,XL-Synthetic,4,P,png,P06.exe,exe,small,1,EXE,EXE,1
extended_xl,XL-Synthetic_4_P__exe_small__lsb2.png,/home/kali/Desktop/stego_dataset_expanded/stego_core_combined/XL-Synthetic_4_P__exe_small__lsb2.png,XL-Synthetic_4_P.png,XL-Synthetic,4,P,png,P06.exe,exe,small,2,EXE,EXE,1
extended_xl,XL-Synthetic_4_P__exe_small__lsb3.png,/home/kali/Desktop/stego_dataset_expanded/stego_core_combined/XL-Synthetic_4_P__exe_small__lsb3.png,XL-Synthetic_4_P.png,XL-Synthetic,4,P,png,P06.exe,exe,small,3,EXE,EXE,1
extended_xl,XL-Synthetic_4_P__pdf_large__lsb3.png,/home/kali/Desktop/stego_dataset_expanded/stego_core_combined/XL-Synthetic_4_P__pdf_large__lsb3.png,XL-Synthetic_4_P.png,XL-Synthetic,4,P,png,P02.pdf,pdf,large,3,PDF,PDF,1
extended_xl,XL-Synthetic_4_P__pdf_medium__lsb2.png,/home/kali/Desktop/stego_dataset_expanded/stego_core_combined/XL-Synthetic_4_P__pdf_medium__lsb2.png,XL-Synthetic_4_P.png,XL-Synthetic,4,P,png,P02.pdf,pdf,medium,2,PDF,PDF,1
extended_xl,XL-Synthetic_4_P__pdf_medium__lsb3.png,/home/kali/Desktop/stego_dataset_expanded/stego_core_combined/XL-Synthetic_4_P__pdf_medium__lsb3.png,XL-Synthetic_4_P.png,XL-Synthetic,4,P,png,P02.pdf,pdf,medium,3,PDF,PDF,1
extended_xl,XL-Synthetic_4_P__pdf_small__lsb1.png,/home/kali/Desktop/stego_dataset_expanded/stego_core_combined/XL-Synthetic_4_P__pdf_small__lsb1.png,XL-Synthetic_4_P.png,XL-Synthetic,4,P,png,P02.pdf,pdf,small,1,PDF,PDF,1
extended_xl,XL-Synthetic_4_P__pdf_small__lsb2.png,/home/kali/Desktop/stego_dataset_expanded/stego_core_combined/XL-Synthetic_4_P__pdf_small__lsb2.png,XL-Synthetic_4_P.png,XL-Synthetic,4,P,png,P02.pdf,pdf,small,2,PDF,PDF,1
extended_xl,XL-Synthetic_4_P__pdf_small__lsb3.png,/home/kali/Desktop/stego_dataset_expanded/stego_core_combined/XL-Synthetic_4_P__pdf_small__lsb3.png,XL-Synthetic_4_P.png,XL-Synthetic,4,P,png,P02.pdf,pdf,small,3,PDF,PDF,1
extended_xl,XL-Synthetic_4_P__pptx_large__lsb3.png,/home/kali/Desktop/stego_dataset_expanded/stego_core_combined/XL-Synthetic_4_P__pptx_large__lsb3.png,XL-Synthetic_4_P.png,XL-Synthetic,4,P,png,P04.pptx,pptx,large,3,PPTX,PPTX,1
extended_xl,XL-Synthetic_4_P__pptx_medium__lsb2.png,/home/kali/Desktop/stego_dataset_expanded/stego_core_combined/XL-Synthetic_4_P__pptx_medium__lsb2.png,XL-Synthetic_4_P.png,XL-Synthetic,4,P,png,P04.pptx,pptx,medium,2,PPTX,PPTX,1
extended_xl,XL-Synthetic_4_P__pptx_medium__lsb3.png,/home/kali/Desktop/stego_dataset_expanded/stego_core_combined/XL-Synthetic_4_P__pptx_medium__lsb3.png,XL-Synthetic_4_P.png,XL-Synthetic,4,P,png,P04.pptx,pptx,medium,3,PPTX,PPTX,1
extended_xl,XL-Synthetic_4_P__pptx_small__lsb1.png,/home/kali/Desktop/stego_dataset_expanded/stego_core_combined/XL-Synthetic_4_P__pptx_small__lsb1.png,XL-Synthetic_4_P.png,XL-Synthetic,4,P,png,P04.pptx,pptx,small,1,PPTX,PPTX,1
extended_xl,XL-Synthetic_4_P__pptx_small__lsb2.png,/home/kali/Desktop/stego_dataset_expanded/stego_core_combined/XL-Synthetic_4_P__pptx_small__lsb2.png,XL-Synthetic_4_P.png,XL-Synthetic,4,P,png,P04.pptx,pptx,small,2,PPTX,PPTX,1
extended_xl,XL-Synthetic_4_P__pptx_small__lsb3.png,/home/kali/Desktop/stego_dataset_expanded/stego_core_combined/XL-Synthetic_4_P__pptx_small__lsb3.png,XL-Synthetic_4_P.png,XL-Synthetic,4,P,png,P04.pptx,pptx,small,3,PPTX,PPTX,1
extended_xl,XL-Synthetic_4_P__rtf_large__lsb3.png,/home/kali/Desktop/stego_dataset_expanded/stego_core_combined/XL-Synthetic_4_P__rtf_large__lsb3.png,XL-Synthetic_4_P.png,XL-Synthetic,4,P,png,P05.rtf,rtf,large,3,RTF,RTF,1
extended_xl,XL-Synthetic_4_P__rtf_medium__lsb2.png,/home/kali/Desktop/stego_dataset_expanded/stego_core_combined/XL-Synthetic_4_P__rtf_medium__lsb2.png,XL-Synthetic_4_P.png,XL-Synthetic,4,P,png,P05.rtf,rtf,medium,2,RTF,RTF,1
extended_xl,XL-Synthetic_4_P__rtf_medium__lsb3.png,/home/kali/Desktop/stego_dataset_expanded/stego_core_combined/XL-Synthetic_4_P__rtf_medium__lsb3.png,XL-Synthetic_4_P.png,XL-Synthetic,4,P,png,P05.rtf,rtf,medium,3,RTF,RTF,1
extended_xl,XL-Synthetic_4_P__rtf_small__lsb1.png,/home/kali/Desktop/stego_dataset_expanded/stego_core_combined/XL-Synthetic_4_P__rtf_small__lsb1.png,XL-Synthetic_4_P.png,XL-Synthetic,4,P,png,P05.rtf,rtf,small,1,RTF,RTF,1
extended_xl,XL-Synthetic_4_P__rtf_small__lsb2.png,/home/kali/Desktop/stego_dataset_expanded/stego_core_combined/XL-Synthetic_4_P__rtf_small__lsb2.png,XL-Synthetic_4_P.png,XL-Synthetic,4,P,png,P05.rtf,rtf,small,2,RTF,RTF,1
extended_xl,XL-Synthetic_4_P__rtf_small__lsb3.png,/home/kali/Desktop/stego_dataset_expanded/stego_core_combined/XL-Synthetic_4_P__rtf_small__lsb3.png,XL-Synthetic_4_P.png,XL-Synthetic,4,P,png,P05.rtf,rtf,small,3,RTF,RTF,1
extended_xl,XL-Synthetic_4_P__xlsx_large__lsb3.png,/home/kali/Desktop/stego_dataset_expanded/stego_core_combined/XL-Synthetic_4_P__xlsx_large__lsb3.png,XL-Synthetic_4_P.png,XL-Synthetic,4,P,png,P03.xlsx,xlsx,large,3,XLSX,XLSX,1
extended_xl,XL-Synthetic_4_P__xlsx_medium__lsb2.png,/home/kali/Desktop/stego_dataset_expanded/stego_core_combined/XL-Synthetic_4_P__xlsx_medium__lsb2.png,XL-Synthetic_4_P.png,XL-Synthetic,4,P,png,P03.xlsx,xlsx,medium,2,XLSX,XLSX,1
extended_xl,XL-Synthetic_4_P__xlsx_medium__lsb3.png,/home/kali/Desktop/stego_dataset_expanded/stego_core_combined/XL-Synthetic_4_P__xlsx_medium__lsb3.png,XL-Synthetic_4_P.png,XL-Synthetic,4,P,png,P03.xlsx,xlsx,medium,3,XLSX,XLSX,1
extended_xl,XL-Synthetic_4_P__xlsx_small__lsb1.png,/home/kali/Desktop/stego_dataset_expanded/stego_core_combined/XL-Synthetic_4_P__xlsx_small__lsb1.png,XL-Synthetic_4_P.png,XL-Synthetic,4,P,png,P03.xlsx,xlsx,small,1,XLSX,XLSX,1
extended_xl,XL-Synthetic_4_P__xlsx_small__lsb2.png,/home/kali/Desktop/stego_dataset_expanded/stego_core_combined/XL-Synthetic_4_P__xlsx_small__lsb2.png,XL-Synthetic_4_P.png,XL-Synthetic,4,P,png,P03.xlsx,xlsx,small,2,XLSX,XLSX,1
extended_xl,XL-Synthetic_4_P__xlsx_small__lsb3.png,/home/kali/Desktop/stego_dataset_expanded/stego_core_combined/XL-Synthetic_4_P__xlsx_small__lsb3.png,XL-Synthetic_4_P.png,XL-Synthetic,4,P,png,P03.xlsx,xlsx,small,3,XLSX,XLSX,1
extended_xl,XL-Synthetic_5_B__docx_large__lsb1.bmp,/home/kali/Desktop/stego_dataset_expanded/stego_core_combined/XL-Synthetic_5_B__docx_large__lsb1.bmp,XL-Synthetic_5_B.bmp,XL-Synthetic,5,B,bmp,P01.docx,docx,large,1,DOCX,DOCX,1
extended_xl,XL-Synthetic_5_B__docx_large__lsb2.bmp,/home/kali/Desktop/stego_dataset_expanded/stego_core_combined/XL-Synthetic_5_B__docx_large__lsb2.bmp,XL-Synthetic_5_B.bmp,XL-Synthetic,5,B,bmp,P01.docx,docx,large,2,DOCX,DOCX,1
extended_xl,XL-Synthetic_5_B__docx_large__lsb3.bmp,/home/kali/Desktop/stego_dataset_expanded/stego_core_combined/XL-Synthetic_5_B__docx_large__lsb3.bmp,XL-Synthetic_5_B.bmp,XL-Synthetic,5,B,bmp,P01.docx,docx,large,3,DOCX,DOCX,1
extended_xl,XL-Synthetic_5_B__docx_medium__lsb1.bmp,/home/kali/Desktop/stego_dataset_expanded/stego_core_combined/XL-Synthetic_5_B__docx_medium__lsb1.bmp,XL-Synthetic_5_B.bmp,XL-Synthetic,5,B,bmp,P01.docx,docx,medium,1,DOCX,DOCX,1
extended_xl,XL-Synthetic_5_B__docx_medium__lsb2.bmp,/home/kali/Desktop/stego_dataset_expanded/stego_core_combined/XL-Synthetic_5_B__docx_medium__lsb2.bmp,XL-Synthetic_5_B.bmp,XL-Synthetic,5,B,bmp,P01.docx,docx,medium,2,DOCX,DOCX,1
extended_xl,XL-Synthetic_5_B__docx_medium__lsb3.bmp,/home/kali/Desktop/stego_dataset_expanded/stego_core_combined/XL-Synthetic_5_B__docx_medium__lsb3.bmp,XL-Synthetic_5_B.bmp,XL-Synthetic,5,B,bmp,P01.docx,docx,medium,3,DOCX,DOCX,1
extended_xl,XL-Synthetic_5_B__docx_small__lsb1.bmp,/home/kali/Desktop/stego_dataset_expanded/stego_core_combined/XL-Synthetic_5_B__docx_small__lsb1.bmp,XL-Synthetic_5_B.bmp,XL-Synthetic,5,B,bmp,P01.docx,docx,small,1,DOCX,DOCX,1
extended_xl,XL-Synthetic_5_B__docx_small__lsb2.bmp,/home/kali/Desktop/stego_dataset_expanded/stego_core_combined/XL-Synthetic_5_B__docx_small__lsb2.bmp,XL-Synthetic_5_B.bmp,XL-Synthetic,5,B,bmp,P01.docx,docx,small,2,DOCX,DOCX,1
extended_xl,XL-Synthetic_5_B__docx_small__lsb3.bmp,/home/kali/Desktop/stego_dataset_expanded/stego_core_combined/XL-Synthetic_5_B__docx_small__lsb3.bmp,XL-Synthetic_5_B.bmp,XL-Synthetic,5,B,bmp,P01.docx,docx,small,3,DOCX,DOCX,1
extended_xl,XL-Synthetic_5_B__exe_large__lsb1.bmp,/home/kali/Desktop/stego_dataset_expanded/stego_core_combined/XL-Synthetic_5_B__exe_large__lsb1.bmp,XL-Synthetic_5_B.bmp,XL-Synthetic,5,B,bmp,P06.exe,exe,large,1,EXE,EXE,1
extended_xl,XL-Synthetic_5_B__exe_large__lsb2.bmp,/home/kali/Desktop/stego_dataset_expanded/stego_core_combined/XL-Synthetic_5_B__exe_large__lsb2.bmp,XL-Synthetic_5_B.bmp,XL-Synthetic,5,B,bmp,P06.exe,exe,large,2,EXE,EXE,1
extended_xl,XL-Synthetic_5_B__exe_large__lsb3.bmp,/home/kali/Desktop/stego_dataset_expanded/stego_core_combined/XL-Synthetic_5_B__exe_large__lsb3.bmp,XL-Synthetic_5_B.bmp,XL-Synthetic,5,B,bmp,P06.exe,exe,large,3,EXE,EXE,1
extended_xl,XL-Synthetic_5_B__exe_medium__lsb1.bmp,/home/kali/Desktop/stego_dataset_expanded/stego_core_combined/XL-Synthetic_5_B__exe_medium__lsb1.bmp,XL-Synthetic_5_B.bmp,XL-Synthetic,5,B,bmp,P06.exe,exe,medium,1,EXE,EXE,1
extended_xl,XL-Synthetic_5_B__exe_medium__lsb2.bmp,/home/kali/Desktop/stego_dataset_expanded/stego_core_combined/XL-Synthetic_5_B__exe_medium__lsb2.bmp,XL-Synthetic_5_B.bmp,XL-Synthetic,5,B,bmp,P06.exe,exe,medium,2,EXE,EXE,1
extended_xl,XL-Synthetic_5_B__exe_medium__lsb3.bmp,/home/kali/Desktop/stego_dataset_expanded/stego_core_combined/XL-Synthetic_5_B__exe_medium__lsb3.bmp,XL-Synthetic_5_B.bmp,XL-Synthetic,5,B,bmp,P06.exe,exe,medium,3,EXE,EXE,1
extended_xl,XL-Synthetic_5_B__exe_small__lsb1.bmp,/home/kali/Desktop/stego_dataset_expanded/stego_core_combined/XL-Synthetic_5_B__exe_small__lsb1.bmp,XL-Synthetic_5_B.bmp,XL-Synthetic,5,B,bmp,P06.exe,exe,small,1,EXE,EXE,1
extended_xl,XL-Synthetic_5_B__exe_small__lsb2.bmp,/home/kali/Desktop/stego_dataset_expanded/stego_core_combined/XL-Synthetic_5_B__exe_small__lsb2.bmp,XL-Synthetic_5_B.bmp,XL-Synthetic,5,B,bmp,P06.exe,exe,small,2,EXE,EXE,1
extended_xl,XL-Synthetic_5_B__exe_small__lsb3.bmp,/home/kali/Desktop/stego_dataset_expanded/stego_core_combined/XL-Synthetic_5_B__exe_small__lsb3.bmp,XL-Synthetic_5_B.bmp,XL-Synthetic,5,B,bmp,P06.exe,exe,small,3,EXE,EXE,1
extended_xl,XL-Synthetic_5_B__pdf_large__lsb1.bmp,/home/kali/Desktop/stego_dataset_expanded/stego_core_combined/XL-Synthetic_5_B__pdf_large__lsb1.bmp,XL-Synthetic_5_B.bmp,XL-Synthetic,5,B,bmp,P02.pdf,pdf,large,1,PDF,PDF,1
extended_xl,XL-Synthetic_5_B__pdf_large__lsb2.bmp,/home/kali/Desktop/stego_dataset_expanded/stego_core_combined/XL-Synthetic_5_B__pdf_large__lsb2.bmp,XL-Synthetic_5_B.bmp,XL-Synthetic,5,B,bmp,P02.pdf,pdf,large,2,PDF,PDF,1
extended_xl,XL-Synthetic_5_B__pdf_large__lsb3.bmp,/home/kali/Desktop/stego_dataset_expanded/stego_core_combined/XL-Synthetic_5_B__pdf_large__lsb3.bmp,XL-Synthetic_5_B.bmp,XL-Synthetic,5,B,bmp,P02.pdf,pdf,large,3,PDF,PDF,1
extended_xl,XL-Synthetic_5_B__pdf_medium__lsb1.bmp,/home/kali/Desktop/stego_dataset_expanded/stego_core_combined/XL-Synthetic_5_B__pdf_medium__lsb1.bmp,XL-Synthetic_5_B.bmp,XL-Synthetic,5,B,bmp,P02.pdf,pdf,medium,1,PDF,PDF,1
extended_xl,XL-Synthetic_5_B__pdf_medium__lsb2.bmp,/home/kali/Desktop/stego_dataset_expanded/stego_core_combined/XL-Synthetic_5_B__pdf_medium__lsb2.bmp,XL-Synthetic_5_B.bmp,XL-Synthetic,5,B,bmp,P02.pdf,pdf,medium,2,PDF,PDF,1
extended_xl,XL-Synthetic_5_B__pdf_medium__lsb3.bmp,/home/kali/Desktop/stego_dataset_expanded/stego_core_combined/XL-Synthetic_5_B__pdf_medium__lsb3.bmp,XL-Synthetic_5_B.bmp,XL-Synthetic,5,B,bmp,P02.pdf,pdf,medium,3,PDF,PDF,1
extended_xl,XL-Synthetic_5_B__pdf_small__lsb1.bmp,/home/kali/Desktop/stego_dataset_expanded/stego_core_combined/XL-Synthetic_5_B__pdf_small__lsb1.bmp,XL-Synthetic_5_B.bmp,XL-Synthetic,5,B,bmp,P02.pdf,pdf,small,1,PDF,PDF,1
extended_xl,XL-Synthetic_5_B__pdf_small__lsb2.bmp,/home/kali/Desktop/stego_dataset_expanded/stego_core_combined/XL-Synthetic_5_B__pdf_small__lsb2.bmp,XL-Synthetic_5_B.bmp,XL-Synthetic,5,B,bmp,P02.pdf,pdf,small,2,PDF,PDF,1
extended_xl,XL-Synthetic_5_B__pdf_small__lsb3.bmp,/home/kali/Desktop/stego_dataset_expanded/stego_core_combined/XL-Synthetic_5_B__pdf_small__lsb3.bmp,XL-Synthetic_5_B.bmp,XL-Synthetic,5,B,bmp,P02.pdf,pdf,small,3,PDF,PDF,1
extended_xl,XL-Synthetic_5_B__pptx_large__lsb1.bmp,/home/kali/Desktop/stego_dataset_expanded/stego_core_combined/XL-Synthetic_5_B__pptx_large__lsb1.bmp,XL-Synthetic_5_B.bmp,XL-Synthetic,5,B,bmp,P04.pptx,pptx,large,1,PPTX,PPTX,1
extended_xl,XL-Synthetic_5_B__pptx_large__lsb2.bmp,/home/kali/Desktop/stego_dataset_expanded/stego_core_combined/XL-Synthetic_5_B__pptx_large__lsb2.bmp,XL-Synthetic_5_B.bmp,XL-Synthetic,5,B,bmp,P04.pptx,pptx,large,2,PPTX,PPTX,1
extended_xl,XL-Synthetic_5_B__pptx_large__lsb3.bmp,/home/kali/Desktop/stego_dataset_expanded/stego_core_combined/XL-Synthetic_5_B__pptx_large__lsb3.bmp,XL-Synthetic_5_B.bmp,XL-Synthetic,5,B,bmp,P04.pptx,pptx,large,3,PPTX,PPTX,1
extended_xl,XL-Synthetic_5_B__pptx_medium__lsb1.bmp,/home/kali/Desktop/stego_dataset_expanded/stego_core_combined/XL-Synthetic_5_B__pptx_medium__lsb1.bmp,XL-Synthetic_5_B.bmp,XL-Synthetic,5,B,bmp,P04.pptx,pptx,medium,1,PPTX,PPTX,1
extended_xl,XL-Synthetic_5_B__pptx_medium__lsb2.bmp,/home/kali/Desktop/stego_dataset_expanded/stego_core_combined/XL-Synthetic_5_B__pptx_medium__lsb2.bmp,XL-Synthetic_5_B.bmp,XL-Synthetic,5,B,bmp,P04.pptx,pptx,medium,2,PPTX,PPTX,1
extended_xl,XL-Synthetic_5_B__pptx_medium__lsb3.bmp,/home/kali/Desktop/stego_dataset_expanded/stego_core_combined/XL-Synthetic_5_B__pptx_medium__lsb3.bmp,XL-Synthetic_5_B.bmp,XL-Synthetic,5,B,bmp,P04.pptx,pptx,medium,3,PPTX,PPTX,1
extended_xl,XL-Synthetic_5_B__pptx_small__lsb1.bmp,/home/kali/Desktop/stego_dataset_expanded/stego_core_combined/XL-Synthetic_5_B__pptx_small__lsb1.bmp,XL-Synthetic_5_B.bmp,XL-Synthetic,5,B,bmp,P04.pptx,pptx,small,1,PPTX,PPTX,1
extended_xl,XL-Synthetic_5_B__pptx_small__lsb2.bmp,/home/kali/Desktop/stego_dataset_expanded/stego_core_combined/XL-Synthetic_5_B__pptx_small__lsb2.bmp,XL-Synthetic_5_B.bmp,XL-Synthetic,5,B,bmp,P04.pptx,pptx,small,2,PPTX,PPTX,1
extended_xl,XL-Synthetic_5_B__pptx_small__lsb3.bmp,/home/kali/Desktop/stego_dataset_expanded/stego_core_combined/XL-Synthetic_5_B__pptx_small__lsb3.bmp,XL-Synthetic_5_B.bmp,XL-Synthetic,5,B,bmp,P04.pptx,pptx,small,3,PPTX,PPTX,1
extended_xl,XL-Synthetic_5_B__rtf_large__lsb1.bmp,/home/kali/Desktop/stego_dataset_expanded/stego_core_combined/XL-Synthetic_5_B__rtf_large__lsb1.bmp,XL-Synthetic_5_B.bmp,XL-Synthetic,5,B,bmp,P05.rtf,rtf,large,1,RTF,RTF,1
extended_xl,XL-Synthetic_5_B__rtf_large__lsb2.bmp,/home/kali/Desktop/stego_dataset_expanded/stego_core_combined/XL-Synthetic_5_B__rtf_large__lsb2.bmp,XL-Synthetic_5_B.bmp,XL-Synthetic,5,B,bmp,P05.rtf,rtf,large,2,RTF,RTF,1
extended_xl,XL-Synthetic_5_B__rtf_large__lsb3.bmp,/home/kali/Desktop/stego_dataset_expanded/stego_core_combined/XL-Synthetic_5_B__rtf_large__lsb3.bmp,XL-Synthetic_5_B.bmp,XL-Synthetic,5,B,bmp,P05.rtf,rtf,large,3,RTF,RTF,1
extended_xl,XL-Synthetic_5_B__rtf_medium__lsb1.bmp,/home/kali/Desktop/stego_dataset_expanded/stego_core_combined/XL-Synthetic_5_B__rtf_medium__lsb1.bmp,XL-Synthetic_5_B.bmp,XL-Synthetic,5,B,bmp,P05.rtf,rtf,medium,1,RTF,RTF,1
extended_xl,XL-Synthetic_5_B__rtf_medium__lsb2.bmp,/home/kali/Desktop/stego_dataset_expanded/stego_core_combined/XL-Synthetic_5_B__rtf_medium__lsb2.bmp,XL-Synthetic_5_B.bmp,XL-Synthetic,5,B,bmp,P05.rtf,rtf,medium,2,RTF,RTF,1
extended_xl,XL-Synthetic_5_B__rtf_medium__lsb3.bmp,/home/kali/Desktop/stego_dataset_expanded/stego_core_combined/XL-Synthetic_5_B__rtf_medium__lsb3.bmp,XL-Synthetic_5_B.bmp,XL-Synthetic,5,B,bmp,P05.rtf,rtf,medium,3,RTF,RTF,1
extended_xl,XL-Synthetic_5_B__rtf_small__lsb1.bmp,/home/kali/Desktop/stego_dataset_expanded/stego_core_combined/XL-Synthetic_5_B__rtf_small__lsb1.bmp,XL-Synthetic_5_B.bmp,XL-Synthetic,5,B,bmp,P05.rtf,rtf,small,1,RTF,RTF,1
extended_xl,XL-Synthetic_5_B__rtf_small__lsb2.bmp,/home/kali/Desktop/stego_dataset_expanded/stego_core_combined/XL-Synthetic_5_B__rtf_small__lsb2.bmp,XL-Synthetic_5_B.bmp,XL-Synthetic,5,B,bmp,P05.rtf,rtf,small,2,RTF,RTF,1
extended_xl,XL-Synthetic_5_B__rtf_small__lsb3.bmp,/home/kali/Desktop/stego_dataset_expanded/stego_core_combined/XL-Synthetic_5_B__rtf_small__lsb3.bmp,XL-Synthetic_5_B.bmp,XL-Synthetic,5,B,bmp,P05.rtf,rtf,small,3,RTF,RTF,1
extended_xl,XL-Synthetic_5_B__xlsx_large__lsb1.bmp,/home/kali/Desktop/stego_dataset_expanded/stego_core_combined/XL-Synthetic_5_B__xlsx_large__lsb1.bmp,XL-Synthetic_5_B.bmp,XL-Synthetic,5,B,bmp,P03.xlsx,xlsx,large,1,XLSX,XLSX,1
extended_xl,XL-Synthetic_5_B__xlsx_large__lsb2.bmp,/home/kali/Desktop/stego_dataset_expanded/stego_core_combined/XL-Synthetic_5_B__xlsx_large__lsb2.bmp,XL-Synthetic_5_B.bmp,XL-Synthetic,5,B,bmp,P03.xlsx,xlsx,large,2,XLSX,XLSX,1
extended_xl,XL-Synthetic_5_B__xlsx_large__lsb3.bmp,/home/kali/Desktop/stego_dataset_expanded/stego_core_combined/XL-Synthetic_5_B__xlsx_large__lsb3.bmp,XL-Synthetic_5_B.bmp,XL-Synthetic,5,B,bmp,P03.xlsx,xlsx,large,3,XLSX,XLSX,1
extended_xl,XL-Synthetic_5_B__xlsx_medium__lsb1.bmp,/home/kali/Desktop/stego_dataset_expanded/stego_core_combined/XL-Synthetic_5_B__xlsx_medium__lsb1.bmp,XL-Synthetic_5_B.bmp,XL-Synthetic,5,B,bmp,P03.xlsx,xlsx,medium,1,XLSX,XLSX,1
extended_xl,XL-Synthetic_5_B__xlsx_medium__lsb2.bmp,/home/kali/Desktop/stego_dataset_expanded/stego_core_combined/XL-Synthetic_5_B__xlsx_medium__lsb2.bmp,XL-Synthetic_5_B.bmp,XL-Synthetic,5,B,bmp,P03.xlsx,xlsx,medium,2,XLSX,XLSX,1
extended_xl,XL-Synthetic_5_B__xlsx_medium__lsb3.bmp,/home/kali/Desktop/stego_dataset_expanded/stego_core_combined/XL-Synthetic_5_B__xlsx_medium__lsb3.bmp,XL-Synthetic_5_B.bmp,XL-Synthetic,5,B,bmp,P03.xlsx,xlsx,medium,3,XLSX,XLSX,1
extended_xl,XL-Synthetic_5_B__xlsx_small__lsb1.bmp,/home/kali/Desktop/stego_dataset_expanded/stego_core_combined/XL-Synthetic_5_B__xlsx_small__lsb1.bmp,XL-Synthetic_5_B.bmp,XL-Synthetic,5,B,bmp,P03.xlsx,xlsx,small,1,XLSX,XLSX,1
extended_xl,XL-Synthetic_5_B__xlsx_small__lsb2.bmp,/home/kali/Desktop/stego_dataset_expanded/stego_core_combined/XL-Synthetic_5_B__xlsx_small__lsb2.bmp,XL-Synthetic_5_B.bmp,XL-Synthetic,5,B,bmp,P03.xlsx,xlsx,small,2,XLSX,XLSX,1
extended_xl,XL-Synthetic_5_B__xlsx_small__lsb3.bmp,/home/kali/Desktop/stego_dataset_expanded/stego_core_combined/XL-Synthetic_5_B__xlsx_small__lsb3.bmp,XL-Synthetic_5_B.bmp,XL-Synthetic,5,B,bmp,P03.xlsx,xlsx,small,3,XLSX,XLSX,1
extended_xl,XL-Synthetic_5_P__docx_large__lsb3.png,/home/kali/Desktop/stego_dataset_expanded/stego_core_combined/XL-Synthetic_5_P__docx_large__lsb3.png,XL-Synthetic_5_P.png,XL-Synthetic,5,P,png,P01.docx,docx,large,3,DOCX,DOCX,1
extended_xl,XL-Synthetic_5_P__docx_medium__lsb2.png,/home/kali/Desktop/stego_dataset_expanded/stego_core_combined/XL-Synthetic_5_P__docx_medium__lsb2.png,XL-Synthetic_5_P.png,XL-Synthetic,5,P,png,P01.docx,docx,medium,2,DOCX,DOCX,1
extended_xl,XL-Synthetic_5_P__docx_medium__lsb3.png,/home/kali/Desktop/stego_dataset_expanded/stego_core_combined/XL-Synthetic_5_P__docx_medium__lsb3.png,XL-Synthetic_5_P.png,XL-Synthetic,5,P,png,P01.docx,docx,medium,3,DOCX,DOCX,1
extended_xl,XL-Synthetic_5_P__docx_small__lsb1.png,/home/kali/Desktop/stego_dataset_expanded/stego_core_combined/XL-Synthetic_5_P__docx_small__lsb1.png,XL-Synthetic_5_P.png,XL-Synthetic,5,P,png,P01.docx,docx,small,1,DOCX,DOCX,1
extended_xl,XL-Synthetic_5_P__docx_small__lsb2.png,/home/kali/Desktop/stego_dataset_expanded/stego_core_combined/XL-Synthetic_5_P__docx_small__lsb2.png,XL-Synthetic_5_P.png,XL-Synthetic,5,P,png,P01.docx,docx,small,2,DOCX,DOCX,1
extended_xl,XL-Synthetic_5_P__docx_small__lsb3.png,/home/kali/Desktop/stego_dataset_expanded/stego_core_combined/XL-Synthetic_5_P__docx_small__lsb3.png,XL-Synthetic_5_P.png,XL-Synthetic,5,P,png,P01.docx,docx,small,3,DOCX,DOCX,1
extended_xl,XL-Synthetic_5_P__exe_large__lsb3.png,/home/kali/Desktop/stego_dataset_expanded/stego_core_combined/XL-Synthetic_5_P__exe_large__lsb3.png,XL-Synthetic_5_P.png,XL-Synthetic,5,P,png,P06.exe,exe,large,3,EXE,EXE,1
extended_xl,XL-Synthetic_5_P__exe_medium__lsb2.png,/home/kali/Desktop/stego_dataset_expanded/stego_core_combined/XL-Synthetic_5_P__exe_medium__lsb2.png,XL-Synthetic_5_P.png,XL-Synthetic,5,P,png,P06.exe,exe,medium,2,EXE,EXE,1
extended_xl,XL-Synthetic_5_P__exe_medium__lsb3.png,/home/kali/Desktop/stego_dataset_expanded/stego_core_combined/XL-Synthetic_5_P__exe_medium__lsb3.png,XL-Synthetic_5_P.png,XL-Synthetic,5,P,png,P06.exe,exe,medium,3,EXE,EXE,1
extended_xl,XL-Synthetic_5_P__exe_small__lsb1.png,/home/kali/Desktop/stego_dataset_expanded/stego_core_combined/XL-Synthetic_5_P__exe_small__lsb1.png,XL-Synthetic_5_P.png,XL-Synthetic,5,P,png,P06.exe,exe,small,1,EXE,EXE,1
extended_xl,XL-Synthetic_5_P__exe_small__lsb2.png,/home/kali/Desktop/stego_dataset_expanded/stego_core_combined/XL-Synthetic_5_P__exe_small__lsb2.png,XL-Synthetic_5_P.png,XL-Synthetic,5,P,png,P06.exe,exe,small,2,EXE,EXE,1
extended_xl,XL-Synthetic_5_P__exe_small__lsb3.png,/home/kali/Desktop/stego_dataset_expanded/stego_core_combined/XL-Synthetic_5_P__exe_small__lsb3.png,XL-Synthetic_5_P.png,XL-Synthetic,5,P,png,P06.exe,exe,small,3,EXE,EXE,1
extended_xl,XL-Synthetic_5_P__pdf_large__lsb3.png,/home/kali/Desktop/stego_dataset_expanded/stego_core_combined/XL-Synthetic_5_P__pdf_large__lsb3.png,XL-Synthetic_5_P.png,XL-Synthetic,5,P,png,P02.pdf,pdf,large,3,PDF,PDF,1
extended_xl,XL-Synthetic_5_P__pdf_medium__lsb2.png,/home/kali/Desktop/stego_dataset_expanded/stego_core_combined/XL-Synthetic_5_P__pdf_medium__lsb2.png,XL-Synthetic_5_P.png,XL-Synthetic,5,P,png,P02.pdf,pdf,medium,2,PDF,PDF,1
extended_xl,XL-Synthetic_5_P__pdf_medium__lsb3.png,/home/kali/Desktop/stego_dataset_expanded/stego_core_combined/XL-Synthetic_5_P__pdf_medium__lsb3.png,XL-Synthetic_5_P.png,XL-Synthetic,5,P,png,P02.pdf,pdf,medium,3,PDF,PDF,1
extended_xl,XL-Synthetic_5_P__pdf_small__lsb1.png,/home/kali/Desktop/stego_dataset_expanded/stego_core_combined/XL-Synthetic_5_P__pdf_small__lsb1.png,XL-Synthetic_5_P.png,XL-Synthetic,5,P,png,P02.pdf,pdf,small,1,PDF,PDF,1
extended_xl,XL-Synthetic_5_P__pdf_small__lsb2.png,/home/kali/Desktop/stego_dataset_expanded/stego_core_combined/XL-Synthetic_5_P__pdf_small__lsb2.png,XL-Synthetic_5_P.png,XL-Synthetic,5,P,png,P02.pdf,pdf,small,2,PDF,PDF,1
extended_xl,XL-Synthetic_5_P__pdf_small__lsb3.png,/home/kali/Desktop/stego_dataset_expanded/stego_core_combined/XL-Synthetic_5_P__pdf_small__lsb3.png,XL-Synthetic_5_P.png,XL-Synthetic,5,P,png,P02.pdf,pdf,small,3,PDF,PDF,1
extended_xl,XL-Synthetic_5_P__pptx_large__lsb3.png,/home/kali/Desktop/stego_dataset_expanded/stego_core_combined/XL-Synthetic_5_P__pptx_large__lsb3.png,XL-Synthetic_5_P.png,XL-Synthetic,5,P,png,P04.pptx,pptx,large,3,PPTX,PPTX,1
extended_xl,XL-Synthetic_5_P__pptx_medium__lsb2.png,/home/kali/Desktop/stego_dataset_expanded/stego_core_combined/XL-Synthetic_5_P__pptx_medium__lsb2.png,XL-Synthetic_5_P.png,XL-Synthetic,5,P,png,P04.pptx,pptx,medium,2,PPTX,PPTX,1
extended_xl,XL-Synthetic_5_P__pptx_medium__lsb3.png,/home/kali/Desktop/stego_dataset_expanded/stego_core_combined/XL-Synthetic_5_P__pptx_medium__lsb3.png,XL-Synthetic_5_P.png,XL-Synthetic,5,P,png,P04.pptx,pptx,medium,3,PPTX,PPTX,1
extended_xl,XL-Synthetic_5_P__pptx_small__lsb1.png,/home/kali/Desktop/stego_dataset_expanded/stego_core_combined/XL-Synthetic_5_P__pptx_small__lsb1.png,XL-Synthetic_5_P.png,XL-Synthetic,5,P,png,P04.pptx,pptx,small,1,PPTX,PPTX,1
extended_xl,XL-Synthetic_5_P__pptx_small__lsb2.png,/home/kali/Desktop/stego_dataset_expanded/stego_core_combined/XL-Synthetic_5_P__pptx_small__lsb2.png,XL-Synthetic_5_P.png,XL-Synthetic,5,P,png,P04.pptx,pptx,small,2,PPTX,PPTX,1
extended_xl,XL-Synthetic_5_P__pptx_small__lsb3.png,/home/kali/Desktop/stego_dataset_expanded/stego_core_combined/XL-Synthetic_5_P__pptx_small__lsb3.png,XL-Synthetic_5_P.png,XL-Synthetic,5,P,png,P04.pptx,pptx,small,3,PPTX,PPTX,1
extended_xl,XL-Synthetic_5_P__rtf_large__lsb3.png,/home/kali/Desktop/stego_dataset_expanded/stego_core_combined/XL-Synthetic_5_P__rtf_large__lsb3.png,XL-Synthetic_5_P.png,XL-Synthetic,5,P,png,P05.rtf,rtf,large,3,RTF,RTF,1
extended_xl,XL-Synthetic_5_P__rtf_medium__lsb2.png,/home/kali/Desktop/stego_dataset_expanded/stego_core_combined/XL-Synthetic_5_P__rtf_medium__lsb2.png,XL-Synthetic_5_P.png,XL-Synthetic,5,P,png,P05.rtf,rtf,medium,2,RTF,RTF,1
extended_xl,XL-Synthetic_5_P__rtf_medium__lsb3.png,/home/kali/Desktop/stego_dataset_expanded/stego_core_combined/XL-Synthetic_5_P__rtf_medium__lsb3.png,XL-Synthetic_5_P.png,XL-Synthetic,5,P,png,P05.rtf,rtf,medium,3,RTF,RTF,1
extended_xl,XL-Synthetic_5_P__rtf_small__lsb1.png,/home/kali/Desktop/stego_dataset_expanded/stego_core_combined/XL-Synthetic_5_P__rtf_small__lsb1.png,XL-Synthetic_5_P.png,XL-Synthetic,5,P,png,P05.rtf,rtf,small,1,RTF,RTF,1
extended_xl,XL-Synthetic_5_P__rtf_small__lsb2.png,/home/kali/Desktop/stego_dataset_expanded/stego_core_combined/XL-Synthetic_5_P__rtf_small__lsb2.png,XL-Synthetic_5_P.png,XL-Synthetic,5,P,png,P05.rtf,rtf,small,2,RTF,RTF,1
extended_xl,XL-Synthetic_5_P__rtf_small__lsb3.png,/home/kali/Desktop/stego_dataset_expanded/stego_core_combined/XL-Synthetic_5_P__rtf_small__lsb3.png,XL-Synthetic_5_P.png,XL-Synthetic,5,P,png,P05.rtf,rtf,small,3,RTF,RTF,1
extended_xl,XL-Synthetic_5_P__xlsx_large__lsb3.png,/home/kali/Desktop/stego_dataset_expanded/stego_core_combined/XL-Synthetic_5_P__xlsx_large__lsb3.png,XL-Synthetic_5_P.png,XL-Synthetic,5,P,png,P03.xlsx,xlsx,large,3,XLSX,XLSX,1
extended_xl,XL-Synthetic_5_P__xlsx_medium__lsb2.png,/home/kali/Desktop/stego_dataset_expanded/stego_core_combined/XL-Synthetic_5_P__xlsx_medium__lsb2.png,XL-Synthetic_5_P.png,XL-Synthetic,5,P,png,P03.xlsx,xlsx,medium,2,XLSX,XLSX,1
extended_xl,XL-Synthetic_5_P__xlsx_medium__lsb3.png,/home/kali/Desktop/stego_dataset_expanded/stego_core_combined/XL-Synthetic_5_P__xlsx_medium__lsb3.png,XL-Synthetic_5_P.png,XL-Synthetic,5,P,png,P03.xlsx,xlsx,medium,3,XLSX,XLSX,1
extended_xl,XL-Synthetic_5_P__xlsx_small__lsb1.png,/home/kali/Desktop/stego_dataset_expanded/stego_core_combined/XL-Synthetic_5_P__xlsx_small__lsb1.png,XL-Synthetic_5_P.png,XL-Synthetic,5,P,png,P03.xlsx,xlsx,small,1,XLSX,XLSX,1
extended_xl,XL-Synthetic_5_P__xlsx_small__lsb2.png,/home/kali/Desktop/stego_dataset_expanded/stego_core_combined/XL-Synthetic_5_P__xlsx_small__lsb2.png,XL-Synthetic_5_P.png,XL-Synthetic,5,P,png,P03.xlsx,xlsx,small,2,XLSX,XLSX,1
extended_xl,XL-Synthetic_5_P__xlsx_small__lsb3.png,/home/kali/Desktop/stego_dataset_expanded/stego_core_combined/XL-Synthetic_5_P__xlsx_small__lsb3.png,XL-Synthetic_5_P.png,XL-Synthetic,5,P,png,P03.xlsx,xlsx,small,3,XLSX,XLSX,1
extended_xl,XL-Synthetic_6_B__docx_large__lsb1.bmp,/home/kali/Desktop/stego_dataset_expanded/stego_core_combined/XL-Synthetic_6_B__docx_large__lsb1.bmp,XL-Synthetic_6_B.bmp,XL-Synthetic,6,B,bmp,P01.docx,docx,large,1,DOCX,DOCX,1
extended_xl,XL-Synthetic_6_B__docx_large__lsb2.bmp,/home/kali/Desktop/stego_dataset_expanded/stego_core_combined/XL-Synthetic_6_B__docx_large__lsb2.bmp,XL-Synthetic_6_B.bmp,XL-Synthetic,6,B,bmp,P01.docx,docx,large,2,DOCX,DOCX,1
extended_xl,XL-Synthetic_6_B__docx_large__lsb3.bmp,/home/kali/Desktop/stego_dataset_expanded/stego_core_combined/XL-Synthetic_6_B__docx_large__lsb3.bmp,XL-Synthetic_6_B.bmp,XL-Synthetic,6,B,bmp,P01.docx,docx,large,3,DOCX,DOCX,1
extended_xl,XL-Synthetic_6_B__docx_medium__lsb1.bmp,/home/kali/Desktop/stego_dataset_expanded/stego_core_combined/XL-Synthetic_6_B__docx_medium__lsb1.bmp,XL-Synthetic_6_B.bmp,XL-Synthetic,6,B,bmp,P01.docx,docx,medium,1,DOCX,DOCX,1
extended_xl,XL-Synthetic_6_B__docx_medium__lsb2.bmp,/home/kali/Desktop/stego_dataset_expanded/stego_core_combined/XL-Synthetic_6_B__docx_medium__lsb2.bmp,XL-Synthetic_6_B.bmp,XL-Synthetic,6,B,bmp,P01.docx,docx,medium,2,DOCX,DOCX,1
extended_xl,XL-Synthetic_6_B__docx_medium__lsb3.bmp,/home/kali/Desktop/stego_dataset_expanded/stego_core_combined/XL-Synthetic_6_B__docx_medium__lsb3.bmp,XL-Synthetic_6_B.bmp,XL-Synthetic,6,B,bmp,P01.docx,docx,medium,3,DOCX,DOCX,1
extended_xl,XL-Synthetic_6_B__docx_small__lsb1.bmp,/home/kali/Desktop/stego_dataset_expanded/stego_core_combined/XL-Synthetic_6_B__docx_small__lsb1.bmp,XL-Synthetic_6_B.bmp,XL-Synthetic,6,B,bmp,P01.docx,docx,small,1,DOCX,DOCX,1
extended_xl,XL-Synthetic_6_B__docx_small__lsb2.bmp,/home/kali/Desktop/stego_dataset_expanded/stego_core_combined/XL-Synthetic_6_B__docx_small__lsb2.bmp,XL-Synthetic_6_B.bmp,XL-Synthetic,6,B,bmp,P01.docx,docx,small,2,DOCX,DOCX,1
extended_xl,XL-Synthetic_6_B__docx_small__lsb3.bmp,/home/kali/Desktop/stego_dataset_expanded/stego_core_combined/XL-Synthetic_6_B__docx_small__lsb3.bmp,XL-Synthetic_6_B.bmp,XL-Synthetic,6,B,bmp,P01.docx,docx,small,3,DOCX,DOCX,1
extended_xl,XL-Synthetic_6_B__exe_large__lsb1.bmp,/home/kali/Desktop/stego_dataset_expanded/stego_core_combined/XL-Synthetic_6_B__exe_large__lsb1.bmp,XL-Synthetic_6_B.bmp,XL-Synthetic,6,B,bmp,P06.exe,exe,large,1,EXE,EXE,1
extended_xl,XL-Synthetic_6_B__exe_large__lsb2.bmp,/home/kali/Desktop/stego_dataset_expanded/stego_core_combined/XL-Synthetic_6_B__exe_large__lsb2.bmp,XL-Synthetic_6_B.bmp,XL-Synthetic,6,B,bmp,P06.exe,exe,large,2,EXE,EXE,1
extended_xl,XL-Synthetic_6_B__exe_large__lsb3.bmp,/home/kali/Desktop/stego_dataset_expanded/stego_core_combined/XL-Synthetic_6_B__exe_large__lsb3.bmp,XL-Synthetic_6_B.bmp,XL-Synthetic,6,B,bmp,P06.exe,exe,large,3,EXE,EXE,1
extended_xl,XL-Synthetic_6_B__exe_medium__lsb1.bmp,/home/kali/Desktop/stego_dataset_expanded/stego_core_combined/XL-Synthetic_6_B__exe_medium__lsb1.bmp,XL-Synthetic_6_B.bmp,XL-Synthetic,6,B,bmp,P06.exe,exe,medium,1,EXE,EXE,1
extended_xl,XL-Synthetic_6_B__exe_medium__lsb2.bmp,/home/kali/Desktop/stego_dataset_expanded/stego_core_combined/XL-Synthetic_6_B__exe_medium__lsb2.bmp,XL-Synthetic_6_B.bmp,XL-Synthetic,6,B,bmp,P06.exe,exe,medium,2,EXE,EXE,1
extended_xl,XL-Synthetic_6_B__exe_medium__lsb3.bmp,/home/kali/Desktop/stego_dataset_expanded/stego_core_combined/XL-Synthetic_6_B__exe_medium__lsb3.bmp,XL-Synthetic_6_B.bmp,XL-Synthetic,6,B,bmp,P06.exe,exe,medium,3,EXE,EXE,1
extended_xl,XL-Synthetic_6_B__exe_small__lsb1.bmp,/home/kali/Desktop/stego_dataset_expanded/stego_core_combined/XL-Synthetic_6_B__exe_small__lsb1.bmp,XL-Synthetic_6_B.bmp,XL-Synthetic,6,B,bmp,P06.exe,exe,small,1,EXE,EXE,1
extended_xl,XL-Synthetic_6_B__exe_small__lsb2.bmp,/home/kali/Desktop/stego_dataset_expanded/stego_core_combined/XL-Synthetic_6_B__exe_small__lsb2.bmp,XL-Synthetic_6_B.bmp,XL-Synthetic,6,B,bmp,P06.exe,exe,small,2,EXE,EXE,1
extended_xl,XL-Synthetic_6_B__exe_small__lsb3.bmp,/home/kali/Desktop/stego_dataset_expanded/stego_core_combined/XL-Synthetic_6_B__exe_small__lsb3.bmp,XL-Synthetic_6_B.bmp,XL-Synthetic,6,B,bmp,P06.exe,exe,small,3,EXE,EXE,1
extended_xl,XL-Synthetic_6_B__pdf_large__lsb1.bmp,/home/kali/Desktop/stego_dataset_expanded/stego_core_combined/XL-Synthetic_6_B__pdf_large__lsb1.bmp,XL-Synthetic_6_B.bmp,XL-Synthetic,6,B,bmp,P02.pdf,pdf,large,1,PDF,PDF,1
extended_xl,XL-Synthetic_6_B__pdf_large__lsb2.bmp,/home/kali/Desktop/stego_dataset_expanded/stego_core_combined/XL-Synthetic_6_B__pdf_large__lsb2.bmp,XL-Synthetic_6_B.bmp,XL-Synthetic,6,B,bmp,P02.pdf,pdf,large,2,PDF,PDF,1
extended_xl,XL-Synthetic_6_B__pdf_large__lsb3.bmp,/home/kali/Desktop/stego_dataset_expanded/stego_core_combined/XL-Synthetic_6_B__pdf_large__lsb3.bmp,XL-Synthetic_6_B.bmp,XL-Synthetic,6,B,bmp,P02.pdf,pdf,large,3,PDF,PDF,1
extended_xl,XL-Synthetic_6_B__pdf_medium__lsb1.bmp,/home/kali/Desktop/stego_dataset_expanded/stego_core_combined/XL-Synthetic_6_B__pdf_medium__lsb1.bmp,XL-Synthetic_6_B.bmp,XL-Synthetic,6,B,bmp,P02.pdf,pdf,medium,1,PDF,PDF,1
extended_xl,XL-Synthetic_6_B__pdf_medium__lsb2.bmp,/home/kali/Desktop/stego_dataset_expanded/stego_core_combined/XL-Synthetic_6_B__pdf_medium__lsb2.bmp,XL-Synthetic_6_B.bmp,XL-Synthetic,6,B,bmp,P02.pdf,pdf,medium,2,PDF,PDF,1
extended_xl,XL-Synthetic_6_B__pdf_medium__lsb3.bmp,/home/kali/Desktop/stego_dataset_expanded/stego_core_combined/XL-Synthetic_6_B__pdf_medium__lsb3.bmp,XL-Synthetic_6_B.bmp,XL-Synthetic,6,B,bmp,P02.pdf,pdf,medium,3,PDF,PDF,1
extended_xl,XL-Synthetic_6_B__pdf_small__lsb1.bmp,/home/kali/Desktop/stego_dataset_expanded/stego_core_combined/XL-Synthetic_6_B__pdf_small__lsb1.bmp,XL-Synthetic_6_B.bmp,XL-Synthetic,6,B,bmp,P02.pdf,pdf,small,1,PDF,PDF,1
extended_xl,XL-Synthetic_6_B__pdf_small__lsb2.bmp,/home/kali/Desktop/stego_dataset_expanded/stego_core_combined/XL-Synthetic_6_B__pdf_small__lsb2.bmp,XL-Synthetic_6_B.bmp,XL-Synthetic,6,B,bmp,P02.pdf,pdf,small,2,PDF,PDF,1
extended_xl,XL-Synthetic_6_B__pdf_small__lsb3.bmp,/home/kali/Desktop/stego_dataset_expanded/stego_core_combined/XL-Synthetic_6_B__pdf_small__lsb3.bmp,XL-Synthetic_6_B.bmp,XL-Synthetic,6,B,bmp,P02.pdf,pdf,small,3,PDF,PDF,1
extended_xl,XL-Synthetic_6_B__pptx_large__lsb1.bmp,/home/kali/Desktop/stego_dataset_expanded/stego_core_combined/XL-Synthetic_6_B__pptx_large__lsb1.bmp,XL-Synthetic_6_B.bmp,XL-Synthetic,6,B,bmp,P04.pptx,pptx,large,1,PPTX,PPTX,1
extended_xl,XL-Synthetic_6_B__pptx_large__lsb2.bmp,/home/kali/Desktop/stego_dataset_expanded/stego_core_combined/XL-Synthetic_6_B__pptx_large__lsb2.bmp,XL-Synthetic_6_B.bmp,XL-Synthetic,6,B,bmp,P04.pptx,pptx,large,2,PPTX,PPTX,1
extended_xl,XL-Synthetic_6_B__pptx_large__lsb3.bmp,/home/kali/Desktop/stego_dataset_expanded/stego_core_combined/XL-Synthetic_6_B__pptx_large__lsb3.bmp,XL-Synthetic_6_B.bmp,XL-Synthetic,6,B,bmp,P04.pptx,pptx,large,3,PPTX,PPTX,1
extended_xl,XL-Synthetic_6_B__pptx_medium__lsb1.bmp,/home/kali/Desktop/stego_dataset_expanded/stego_core_combined/XL-Synthetic_6_B__pptx_medium__lsb1.bmp,XL-Synthetic_6_B.bmp,XL-Synthetic,6,B,bmp,P04.pptx,pptx,medium,1,PPTX,PPTX,1
extended_xl,XL-Synthetic_6_B__pptx_medium__lsb2.bmp,/home/kali/Desktop/stego_dataset_expanded/stego_core_combined/XL-Synthetic_6_B__pptx_medium__lsb2.bmp,XL-Synthetic_6_B.bmp,XL-Synthetic,6,B,bmp,P04.pptx,pptx,medium,2,PPTX,PPTX,1
extended_xl,XL-Synthetic_6_B__pptx_medium__lsb3.bmp,/home/kali/Desktop/stego_dataset_expanded/stego_core_combined/XL-Synthetic_6_B__pptx_medium__lsb3.bmp,XL-Synthetic_6_B.bmp,XL-Synthetic,6,B,bmp,P04.pptx,pptx,medium,3,PPTX,PPTX,1
extended_xl,XL-Synthetic_6_B__pptx_small__lsb1.bmp,/home/kali/Desktop/stego_dataset_expanded/stego_core_combined/XL-Synthetic_6_B__pptx_small__lsb1.bmp,XL-Synthetic_6_B.bmp,XL-Synthetic,6,B,bmp,P04.pptx,pptx,small,1,PPTX,PPTX,1
extended_xl,XL-Synthetic_6_B__pptx_small__lsb2.bmp,/home/kali/Desktop/stego_dataset_expanded/stego_core_combined/XL-Synthetic_6_B__pptx_small__lsb2.bmp,XL-Synthetic_6_B.bmp,XL-Synthetic,6,B,bmp,P04.pptx,pptx,small,2,PPTX,PPTX,1
extended_xl,XL-Synthetic_6_B__pptx_small__lsb3.bmp,/home/kali/Desktop/stego_dataset_expanded/stego_core_combined/XL-Synthetic_6_B__pptx_small__lsb3.bmp,XL-Synthetic_6_B.bmp,XL-Synthetic,6,B,bmp,P04.pptx,pptx,small,3,PPTX,PPTX,1
extended_xl,XL-Synthetic_6_B__rtf_large__lsb1.bmp,/home/kali/Desktop/stego_dataset_expanded/stego_core_combined/XL-Synthetic_6_B__rtf_large__lsb1.bmp,XL-Synthetic_6_B.bmp,XL-Synthetic,6,B,bmp,P05.rtf,rtf,large,1,RTF,RTF,1
extended_xl,XL-Synthetic_6_B__rtf_large__lsb2.bmp,/home/kali/Desktop/stego_dataset_expanded/stego_core_combined/XL-Synthetic_6_B__rtf_large__lsb2.bmp,XL-Synthetic_6_B.bmp,XL-Synthetic,6,B,bmp,P05.rtf,rtf,large,2,RTF,RTF,1
extended_xl,XL-Synthetic_6_B__rtf_large__lsb3.bmp,/home/kali/Desktop/stego_dataset_expanded/stego_core_combined/XL-Synthetic_6_B__rtf_large__lsb3.bmp,XL-Synthetic_6_B.bmp,XL-Synthetic,6,B,bmp,P05.rtf,rtf,large,3,RTF,RTF,1
extended_xl,XL-Synthetic_6_B__rtf_medium__lsb1.bmp,/home/kali/Desktop/stego_dataset_expanded/stego_core_combined/XL-Synthetic_6_B__rtf_medium__lsb1.bmp,XL-Synthetic_6_B.bmp,XL-Synthetic,6,B,bmp,P05.rtf,rtf,medium,1,RTF,RTF,1
extended_xl,XL-Synthetic_6_B__rtf_medium__lsb2.bmp,/home/kali/Desktop/stego_dataset_expanded/stego_core_combined/XL-Synthetic_6_B__rtf_medium__lsb2.bmp,XL-Synthetic_6_B.bmp,XL-Synthetic,6,B,bmp,P05.rtf,rtf,medium,2,RTF,RTF,1
extended_xl,XL-Synthetic_6_B__rtf_medium__lsb3.bmp,/home/kali/Desktop/stego_dataset_expanded/stego_core_combined/XL-Synthetic_6_B__rtf_medium__lsb3.bmp,XL-Synthetic_6_B.bmp,XL-Synthetic,6,B,bmp,P05.rtf,rtf,medium,3,RTF,RTF,1
extended_xl,XL-Synthetic_6_B__rtf_small__lsb1.bmp,/home/kali/Desktop/stego_dataset_expanded/stego_core_combined/XL-Synthetic_6_B__rtf_small__lsb1.bmp,XL-Synthetic_6_B.bmp,XL-Synthetic,6,B,bmp,P05.rtf,rtf,small,1,RTF,RTF,1
extended_xl,XL-Synthetic_6_B__rtf_small__lsb2.bmp,/home/kali/Desktop/stego_dataset_expanded/stego_core_combined/XL-Synthetic_6_B__rtf_small__lsb2.bmp,XL-Synthetic_6_B.bmp,XL-Synthetic,6,B,bmp,P05.rtf,rtf,small,2,RTF,RTF,1
extended_xl,XL-Synthetic_6_B__rtf_small__lsb3.bmp,/home/kali/Desktop/stego_dataset_expanded/stego_core_combined/XL-Synthetic_6_B__rtf_small__lsb3.bmp,XL-Synthetic_6_B.bmp,XL-Synthetic,6,B,bmp,P05.rtf,rtf,small,3,RTF,RTF,1
extended_xl,XL-Synthetic_6_B__xlsx_large__lsb1.bmp,/home/kali/Desktop/stego_dataset_expanded/stego_core_combined/XL-Synthetic_6_B__xlsx_large__lsb1.bmp,XL-Synthetic_6_B.bmp,XL-Synthetic,6,B,bmp,P03.xlsx,xlsx,large,1,XLSX,XLSX,1
extended_xl,XL-Synthetic_6_B__xlsx_large__lsb2.bmp,/home/kali/Desktop/stego_dataset_expanded/stego_core_combined/XL-Synthetic_6_B__xlsx_large__lsb2.bmp,XL-Synthetic_6_B.bmp,XL-Synthetic,6,B,bmp,P03.xlsx,xlsx,large,2,XLSX,XLSX,1
extended_xl,XL-Synthetic_6_B__xlsx_large__lsb3.bmp,/home/kali/Desktop/stego_dataset_expanded/stego_core_combined/XL-Synthetic_6_B__xlsx_large__lsb3.bmp,XL-Synthetic_6_B.bmp,XL-Synthetic,6,B,bmp,P03.xlsx,xlsx,large,3,XLSX,XLSX,1
extended_xl,XL-Synthetic_6_B__xlsx_medium__lsb1.bmp,/home/kali/Desktop/stego_dataset_expanded/stego_core_combined/XL-Synthetic_6_B__xlsx_medium__lsb1.bmp,XL-Synthetic_6_B.bmp,XL-Synthetic,6,B,bmp,P03.xlsx,xlsx,medium,1,XLSX,XLSX,1
extended_xl,XL-Synthetic_6_B__xlsx_medium__lsb2.bmp,/home/kali/Desktop/stego_dataset_expanded/stego_core_combined/XL-Synthetic_6_B__xlsx_medium__lsb2.bmp,XL-Synthetic_6_B.bmp,XL-Synthetic,6,B,bmp,P03.xlsx,xlsx,medium,2,XLSX,XLSX,1
extended_xl,XL-Synthetic_6_B__xlsx_medium__lsb3.bmp,/home/kali/Desktop/stego_dataset_expanded/stego_core_combined/XL-Synthetic_6_B__xlsx_medium__lsb3.bmp,XL-Synthetic_6_B.bmp,XL-Synthetic,6,B,bmp,P03.xlsx,xlsx,medium,3,XLSX,XLSX,1
extended_xl,XL-Synthetic_6_B__xlsx_small__lsb1.bmp,/home/kali/Desktop/stego_dataset_expanded/stego_core_combined/XL-Synthetic_6_B__xlsx_small__lsb1.bmp,XL-Synthetic_6_B.bmp,XL-Synthetic,6,B,bmp,P03.xlsx,xlsx,small,1,XLSX,XLSX,1
extended_xl,XL-Synthetic_6_B__xlsx_small__lsb2.bmp,/home/kali/Desktop/stego_dataset_expanded/stego_core_combined/XL-Synthetic_6_B__xlsx_small__lsb2.bmp,XL-Synthetic_6_B.bmp,XL-Synthetic,6,B,bmp,P03.xlsx,xlsx,small,2,XLSX,XLSX,1
extended_xl,XL-Synthetic_6_B__xlsx_small__lsb3.bmp,/home/kali/Desktop/stego_dataset_expanded/stego_core_combined/XL-Synthetic_6_B__xlsx_small__lsb3.bmp,XL-Synthetic_6_B.bmp,XL-Synthetic,6,B,bmp,P03.xlsx,xlsx,small,3,XLSX,XLSX,1
extended_xl,XL-Synthetic_6_P__docx_large__lsb3.png,/home/kali/Desktop/stego_dataset_expanded/stego_core_combined/XL-Synthetic_6_P__docx_large__lsb3.png,XL-Synthetic_6_P.png,XL-Synthetic,6,P,png,P01.docx,docx,large,3,DOCX,DOCX,1
extended_xl,XL-Synthetic_6_P__docx_medium__lsb2.png,/home/kali/Desktop/stego_dataset_expanded/stego_core_combined/XL-Synthetic_6_P__docx_medium__lsb2.png,XL-Synthetic_6_P.png,XL-Synthetic,6,P,png,P01.docx,docx,medium,2,DOCX,DOCX,1
extended_xl,XL-Synthetic_6_P__docx_medium__lsb3.png,/home/kali/Desktop/stego_dataset_expanded/stego_core_combined/XL-Synthetic_6_P__docx_medium__lsb3.png,XL-Synthetic_6_P.png,XL-Synthetic,6,P,png,P01.docx,docx,medium,3,DOCX,DOCX,1
extended_xl,XL-Synthetic_6_P__docx_small__lsb1.png,/home/kali/Desktop/stego_dataset_expanded/stego_core_combined/XL-Synthetic_6_P__docx_small__lsb1.png,XL-Synthetic_6_P.png,XL-Synthetic,6,P,png,P01.docx,docx,small,1,DOCX,DOCX,1
extended_xl,XL-Synthetic_6_P__docx_small__lsb2.png,/home/kali/Desktop/stego_dataset_expanded/stego_core_combined/XL-Synthetic_6_P__docx_small__lsb2.png,XL-Synthetic_6_P.png,XL-Synthetic,6,P,png,P01.docx,docx,small,2,DOCX,DOCX,1
extended_xl,XL-Synthetic_6_P__docx_small__lsb3.png,/home/kali/Desktop/stego_dataset_expanded/stego_core_combined/XL-Synthetic_6_P__docx_small__lsb3.png,XL-Synthetic_6_P.png,XL-Synthetic,6,P,png,P01.docx,docx,small,3,DOCX,DOCX,1
extended_xl,XL-Synthetic_6_P__exe_large__lsb3.png,/home/kali/Desktop/stego_dataset_expanded/stego_core_combined/XL-Synthetic_6_P__exe_large__lsb3.png,XL-Synthetic_6_P.png,XL-Synthetic,6,P,png,P06.exe,exe,large,3,EXE,EXE,1
extended_xl,XL-Synthetic_6_P__exe_medium__lsb2.png,/home/kali/Desktop/stego_dataset_expanded/stego_core_combined/XL-Synthetic_6_P__exe_medium__lsb2.png,XL-Synthetic_6_P.png,XL-Synthetic,6,P,png,P06.exe,exe,medium,2,EXE,EXE,1
extended_xl,XL-Synthetic_6_P__exe_medium__lsb3.png,/home/kali/Desktop/stego_dataset_expanded/stego_core_combined/XL-Synthetic_6_P__exe_medium__lsb3.png,XL-Synthetic_6_P.png,XL-Synthetic,6,P,png,P06.exe,exe,medium,3,EXE,EXE,1
extended_xl,XL-Synthetic_6_P__exe_small__lsb1.png,/home/kali/Desktop/stego_dataset_expanded/stego_core_combined/XL-Synthetic_6_P__exe_small__lsb1.png,XL-Synthetic_6_P.png,XL-Synthetic,6,P,png,P06.exe,exe,small,1,EXE,EXE,1
extended_xl,XL-Synthetic_6_P__exe_small__lsb2.png,/home/kali/Desktop/stego_dataset_expanded/stego_core_combined/XL-Synthetic_6_P__exe_small__lsb2.png,XL-Synthetic_6_P.png,XL-Synthetic,6,P,png,P06.exe,exe,small,2,EXE,EXE,1
extended_xl,XL-Synthetic_6_P__exe_small__lsb3.png,/home/kali/Desktop/stego_dataset_expanded/stego_core_combined/XL-Synthetic_6_P__exe_small__lsb3.png,XL-Synthetic_6_P.png,XL-Synthetic,6,P,png,P06.exe,exe,small,3,EXE,EXE,1
extended_xl,XL-Synthetic_6_P__pdf_large__lsb3.png,/home/kali/Desktop/stego_dataset_expanded/stego_core_combined/XL-Synthetic_6_P__pdf_large__lsb3.png,XL-Synthetic_6_P.png,XL-Synthetic,6,P,png,P02.pdf,pdf,large,3,PDF,PDF,1
extended_xl,XL-Synthetic_6_P__pdf_medium__lsb2.png,/home/kali/Desktop/stego_dataset_expanded/stego_core_combined/XL-Synthetic_6_P__pdf_medium__lsb2.png,XL-Synthetic_6_P.png,XL-Synthetic,6,P,png,P02.pdf,pdf,medium,2,PDF,PDF,1
extended_xl,XL-Synthetic_6_P__pdf_medium__lsb3.png,/home/kali/Desktop/stego_dataset_expanded/stego_core_combined/XL-Synthetic_6_P__pdf_medium__lsb3.png,XL-Synthetic_6_P.png,XL-Synthetic,6,P,png,P02.pdf,pdf,medium,3,PDF,PDF,1
extended_xl,XL-Synthetic_6_P__pdf_small__lsb1.png,/home/kali/Desktop/stego_dataset_expanded/stego_core_combined/XL-Synthetic_6_P__pdf_small__lsb1.png,XL-Synthetic_6_P.png,XL-Synthetic,6,P,png,P02.pdf,pdf,small,1,PDF,PDF,1
extended_xl,XL-Synthetic_6_P__pdf_small__lsb2.png,/home/kali/Desktop/stego_dataset_expanded/stego_core_combined/XL-Synthetic_6_P__pdf_small__lsb2.png,XL-Synthetic_6_P.png,XL-Synthetic,6,P,png,P02.pdf,pdf,small,2,PDF,PDF,1
extended_xl,XL-Synthetic_6_P__pdf_small__lsb3.png,/home/kali/Desktop/stego_dataset_expanded/stego_core_combined/XL-Synthetic_6_P__pdf_small__lsb3.png,XL-Synthetic_6_P.png,XL-Synthetic,6,P,png,P02.pdf,pdf,small,3,PDF,PDF,1
extended_xl,XL-Synthetic_6_P__pptx_large__lsb3.png,/home/kali/Desktop/stego_dataset_expanded/stego_core_combined/XL-Synthetic_6_P__pptx_large__lsb3.png,XL-Synthetic_6_P.png,XL-Synthetic,6,P,png,P04.pptx,pptx,large,3,PPTX,PPTX,1
extended_xl,XL-Synthetic_6_P__pptx_medium__lsb2.png,/home/kali/Desktop/stego_dataset_expanded/stego_core_combined/XL-Synthetic_6_P__pptx_medium__lsb2.png,XL-Synthetic_6_P.png,XL-Synthetic,6,P,png,P04.pptx,pptx,medium,2,PPTX,PPTX,1
extended_xl,XL-Synthetic_6_P__pptx_medium__lsb3.png,/home/kali/Desktop/stego_dataset_expanded/stego_core_combined/XL-Synthetic_6_P__pptx_medium__lsb3.png,XL-Synthetic_6_P.png,XL-Synthetic,6,P,png,P04.pptx,pptx,medium,3,PPTX,PPTX,1
extended_xl,XL-Synthetic_6_P__pptx_small__lsb1.png,/home/kali/Desktop/stego_dataset_expanded/stego_core_combined/XL-Synthetic_6_P__pptx_small__lsb1.png,XL-Synthetic_6_P.png,XL-Synthetic,6,P,png,P04.pptx,pptx,small,1,PPTX,PPTX,1
extended_xl,XL-Synthetic_6_P__pptx_small__lsb2.png,/home/kali/Desktop/stego_dataset_expanded/stego_core_combined/XL-Synthetic_6_P__pptx_small__lsb2.png,XL-Synthetic_6_P.png,XL-Synthetic,6,P,png,P04.pptx,pptx,small,2,PPTX,PPTX,1
extended_xl,XL-Synthetic_6_P__pptx_small__lsb3.png,/home/kali/Desktop/stego_dataset_expanded/stego_core_combined/XL-Synthetic_6_P__pptx_small__lsb3.png,XL-Synthetic_6_P.png,XL-Synthetic,6,P,png,P04.pptx,pptx,small,3,PPTX,PPTX,1
extended_xl,XL-Synthetic_6_P__rtf_large__lsb3.png,/home/kali/Desktop/stego_dataset_expanded/stego_core_combined/XL-Synthetic_6_P__rtf_large__lsb3.png,XL-Synthetic_6_P.png,XL-Synthetic,6,P,png,P05.rtf,rtf,large,3,RTF,RTF,1
extended_xl,XL-Synthetic_6_P__rtf_medium__lsb2.png,/home/kali/Desktop/stego_dataset_expanded/stego_core_combined/XL-Synthetic_6_P__rtf_medium__lsb2.png,XL-Synthetic_6_P.png,XL-Synthetic,6,P,png,P05.rtf,rtf,medium,2,RTF,RTF,1
extended_xl,XL-Synthetic_6_P__rtf_medium__lsb3.png,/home/kali/Desktop/stego_dataset_expanded/stego_core_combined/XL-Synthetic_6_P__rtf_medium__lsb3.png,XL-Synthetic_6_P.png,XL-Synthetic,6,P,png,P05.rtf,rtf,medium,3,RTF,RTF,1
extended_xl,XL-Synthetic_6_P__rtf_small__lsb1.png,/home/kali/Desktop/stego_dataset_expanded/stego_core_combined/XL-Synthetic_6_P__rtf_small__lsb1.png,XL-Synthetic_6_P.png,XL-Synthetic,6,P,png,P05.rtf,rtf,small,1,RTF,RTF,1
extended_xl,XL-Synthetic_6_P__rtf_small__lsb2.png,/home/kali/Desktop/stego_dataset_expanded/stego_core_combined/XL-Synthetic_6_P__rtf_small__lsb2.png,XL-Synthetic_6_P.png,XL-Synthetic,6,P,png,P05.rtf,rtf,small,2,RTF,RTF,1
extended_xl,XL-Synthetic_6_P__rtf_small__lsb3.png,/home/kali/Desktop/stego_dataset_expanded/stego_core_combined/XL-Synthetic_6_P__rtf_small__lsb3.png,XL-Synthetic_6_P.png,XL-Synthetic,6,P,png,P05.rtf,rtf,small,3,RTF,RTF,1
extended_xl,XL-Synthetic_6_P__xlsx_large__lsb3.png,/home/kali/Desktop/stego_dataset_expanded/stego_core_combined/XL-Synthetic_6_P__xlsx_large__lsb3.png,XL-Synthetic_6_P.png,XL-Synthetic,6,P,png,P03.xlsx,xlsx,large,3,XLSX,XLSX,1
extended_xl,XL-Synthetic_6_P__xlsx_medium__lsb2.png,/home/kali/Desktop/stego_dataset_expanded/stego_core_combined/XL-Synthetic_6_P__xlsx_medium__lsb2.png,XL-Synthetic_6_P.png,XL-Synthetic,6,P,png,P03.xlsx,xlsx,medium,2,XLSX,XLSX,1
extended_xl,XL-Synthetic_6_P__xlsx_medium__lsb3.png,/home/kali/Desktop/stego_dataset_expanded/stego_core_combined/XL-Synthetic_6_P__xlsx_medium__lsb3.png,XL-Synthetic_6_P.png,XL-Synthetic,6,P,png,P03.xlsx,xlsx,medium,3,XLSX,XLSX,1
extended_xl,XL-Synthetic_6_P__xlsx_small__lsb1.png,/home/kali/Desktop/stego_dataset_expanded/stego_core_combined/XL-Synthetic_6_P__xlsx_small__lsb1.png,XL-Synthetic_6_P.png,XL-Synthetic,6,P,png,P03.xlsx,xlsx,small,1,XLSX,XLSX,1
extended_xl,XL-Synthetic_6_P__xlsx_small__lsb2.png,/home/kali/Desktop/stego_dataset_expanded/stego_core_combined/XL-Synthetic_6_P__xlsx_small__lsb2.png,XL-Synthetic_6_P.png,XL-Synthetic,6,P,png,P03.xlsx,xlsx,small,2,XLSX,XLSX,1
extended_xl,XL-Synthetic_6_P__xlsx_small__lsb3.png,/home/kali/Desktop/stego_dataset_expanded/stego_core_combined/XL-Synthetic_6_P__xlsx_small__lsb3.png,XL-Synthetic_6_P.png,XL-Synthetic,6,P,png,P03.xlsx,xlsx,small,3,XLSX,XLSX,1
extended_xl,XL-Synthetic_7_B__docx_large__lsb1.bmp,/home/kali/Desktop/stego_dataset_expanded/stego_core_combined/XL-Synthetic_7_B__docx_large__lsb1.bmp,XL-Synthetic_7_B.bmp,XL-Synthetic,7,B,bmp,P01.docx,docx,large,1,DOCX,DOCX,1
extended_xl,XL-Synthetic_7_B__docx_large__lsb2.bmp,/home/kali/Desktop/stego_dataset_expanded/stego_core_combined/XL-Synthetic_7_B__docx_large__lsb2.bmp,XL-Synthetic_7_B.bmp,XL-Synthetic,7,B,bmp,P01.docx,docx,large,2,DOCX,DOCX,1
extended_xl,XL-Synthetic_7_B__docx_large__lsb3.bmp,/home/kali/Desktop/stego_dataset_expanded/stego_core_combined/XL-Synthetic_7_B__docx_large__lsb3.bmp,XL-Synthetic_7_B.bmp,XL-Synthetic,7,B,bmp,P01.docx,docx,large,3,DOCX,DOCX,1
extended_xl,XL-Synthetic_7_B__docx_medium__lsb1.bmp,/home/kali/Desktop/stego_dataset_expanded/stego_core_combined/XL-Synthetic_7_B__docx_medium__lsb1.bmp,XL-Synthetic_7_B.bmp,XL-Synthetic,7,B,bmp,P01.docx,docx,medium,1,DOCX,DOCX,1
extended_xl,XL-Synthetic_7_B__docx_medium__lsb2.bmp,/home/kali/Desktop/stego_dataset_expanded/stego_core_combined/XL-Synthetic_7_B__docx_medium__lsb2.bmp,XL-Synthetic_7_B.bmp,XL-Synthetic,7,B,bmp,P01.docx,docx,medium,2,DOCX,DOCX,1
extended_xl,XL-Synthetic_7_B__docx_medium__lsb3.bmp,/home/kali/Desktop/stego_dataset_expanded/stego_core_combined/XL-Synthetic_7_B__docx_medium__lsb3.bmp,XL-Synthetic_7_B.bmp,XL-Synthetic,7,B,bmp,P01.docx,docx,medium,3,DOCX,DOCX,1
extended_xl,XL-Synthetic_7_B__docx_small__lsb1.bmp,/home/kali/Desktop/stego_dataset_expanded/stego_core_combined/XL-Synthetic_7_B__docx_small__lsb1.bmp,XL-Synthetic_7_B.bmp,XL-Synthetic,7,B,bmp,P01.docx,docx,small,1,DOCX,DOCX,1
extended_xl,XL-Synthetic_7_B__docx_small__lsb2.bmp,/home/kali/Desktop/stego_dataset_expanded/stego_core_combined/XL-Synthetic_7_B__docx_small__lsb2.bmp,XL-Synthetic_7_B.bmp,XL-Synthetic,7,B,bmp,P01.docx,docx,small,2,DOCX,DOCX,1
extended_xl,XL-Synthetic_7_B__docx_small__lsb3.bmp,/home/kali/Desktop/stego_dataset_expanded/stego_core_combined/XL-Synthetic_7_B__docx_small__lsb3.bmp,XL-Synthetic_7_B.bmp,XL-Synthetic,7,B,bmp,P01.docx,docx,small,3,DOCX,DOCX,1
extended_xl,XL-Synthetic_7_B__exe_large__lsb1.bmp,/home/kali/Desktop/stego_dataset_expanded/stego_core_combined/XL-Synthetic_7_B__exe_large__lsb1.bmp,XL-Synthetic_7_B.bmp,XL-Synthetic,7,B,bmp,P06.exe,exe,large,1,EXE,EXE,1
extended_xl,XL-Synthetic_7_B__exe_large__lsb2.bmp,/home/kali/Desktop/stego_dataset_expanded/stego_core_combined/XL-Synthetic_7_B__exe_large__lsb2.bmp,XL-Synthetic_7_B.bmp,XL-Synthetic,7,B,bmp,P06.exe,exe,large,2,EXE,EXE,1
extended_xl,XL-Synthetic_7_B__exe_large__lsb3.bmp,/home/kali/Desktop/stego_dataset_expanded/stego_core_combined/XL-Synthetic_7_B__exe_large__lsb3.bmp,XL-Synthetic_7_B.bmp,XL-Synthetic,7,B,bmp,P06.exe,exe,large,3,EXE,EXE,1
extended_xl,XL-Synthetic_7_B__exe_medium__lsb1.bmp,/home/kali/Desktop/stego_dataset_expanded/stego_core_combined/XL-Synthetic_7_B__exe_medium__lsb1.bmp,XL-Synthetic_7_B.bmp,XL-Synthetic,7,B,bmp,P06.exe,exe,medium,1,EXE,EXE,1
extended_xl,XL-Synthetic_7_B__exe_medium__lsb2.bmp,/home/kali/Desktop/stego_dataset_expanded/stego_core_combined/XL-Synthetic_7_B__exe_medium__lsb2.bmp,XL-Synthetic_7_B.bmp,XL-Synthetic,7,B,bmp,P06.exe,exe,medium,2,EXE,EXE,1
extended_xl,XL-Synthetic_7_B__exe_medium__lsb3.bmp,/home/kali/Desktop/stego_dataset_expanded/stego_core_combined/XL-Synthetic_7_B__exe_medium__lsb3.bmp,XL-Synthetic_7_B.bmp,XL-Synthetic,7,B,bmp,P06.exe,exe,medium,3,EXE,EXE,1
extended_xl,XL-Synthetic_7_B__exe_small__lsb1.bmp,/home/kali/Desktop/stego_dataset_expanded/stego_core_combined/XL-Synthetic_7_B__exe_small__lsb1.bmp,XL-Synthetic_7_B.bmp,XL-Synthetic,7,B,bmp,P06.exe,exe,small,1,EXE,EXE,1
extended_xl,XL-Synthetic_7_B__exe_small__lsb2.bmp,/home/kali/Desktop/stego_dataset_expanded/stego_core_combined/XL-Synthetic_7_B__exe_small__lsb2.bmp,XL-Synthetic_7_B.bmp,XL-Synthetic,7,B,bmp,P06.exe,exe,small,2,EXE,EXE,1
extended_xl,XL-Synthetic_7_B__exe_small__lsb3.bmp,/home/kali/Desktop/stego_dataset_expanded/stego_core_combined/XL-Synthetic_7_B__exe_small__lsb3.bmp,XL-Synthetic_7_B.bmp,XL-Synthetic,7,B,bmp,P06.exe,exe,small,3,EXE,EXE,1
extended_xl,XL-Synthetic_7_B__pdf_large__lsb1.bmp,/home/kali/Desktop/stego_dataset_expanded/stego_core_combined/XL-Synthetic_7_B__pdf_large__lsb1.bmp,XL-Synthetic_7_B.bmp,XL-Synthetic,7,B,bmp,P02.pdf,pdf,large,1,PDF,PDF,1
extended_xl,XL-Synthetic_7_B__pdf_large__lsb2.bmp,/home/kali/Desktop/stego_dataset_expanded/stego_core_combined/XL-Synthetic_7_B__pdf_large__lsb2.bmp,XL-Synthetic_7_B.bmp,XL-Synthetic,7,B,bmp,P02.pdf,pdf,large,2,PDF,PDF,1
extended_xl,XL-Synthetic_7_B__pdf_large__lsb3.bmp,/home/kali/Desktop/stego_dataset_expanded/stego_core_combined/XL-Synthetic_7_B__pdf_large__lsb3.bmp,XL-Synthetic_7_B.bmp,XL-Synthetic,7,B,bmp,P02.pdf,pdf,large,3,PDF,PDF,1
extended_xl,XL-Synthetic_7_B__pdf_medium__lsb1.bmp,/home/kali/Desktop/stego_dataset_expanded/stego_core_combined/XL-Synthetic_7_B__pdf_medium__lsb1.bmp,XL-Synthetic_7_B.bmp,XL-Synthetic,7,B,bmp,P02.pdf,pdf,medium,1,PDF,PDF,1
extended_xl,XL-Synthetic_7_B__pdf_medium__lsb2.bmp,/home/kali/Desktop/stego_dataset_expanded/stego_core_combined/XL-Synthetic_7_B__pdf_medium__lsb2.bmp,XL-Synthetic_7_B.bmp,XL-Synthetic,7,B,bmp,P02.pdf,pdf,medium,2,PDF,PDF,1
extended_xl,XL-Synthetic_7_B__pdf_medium__lsb3.bmp,/home/kali/Desktop/stego_dataset_expanded/stego_core_combined/XL-Synthetic_7_B__pdf_medium__lsb3.bmp,XL-Synthetic_7_B.bmp,XL-Synthetic,7,B,bmp,P02.pdf,pdf,medium,3,PDF,PDF,1
extended_xl,XL-Synthetic_7_B__pdf_small__lsb1.bmp,/home/kali/Desktop/stego_dataset_expanded/stego_core_combined/XL-Synthetic_7_B__pdf_small__lsb1.bmp,XL-Synthetic_7_B.bmp,XL-Synthetic,7,B,bmp,P02.pdf,pdf,small,1,PDF,PDF,1
extended_xl,XL-Synthetic_7_B__pdf_small__lsb2.bmp,/home/kali/Desktop/stego_dataset_expanded/stego_core_combined/XL-Synthetic_7_B__pdf_small__lsb2.bmp,XL-Synthetic_7_B.bmp,XL-Synthetic,7,B,bmp,P02.pdf,pdf,small,2,PDF,PDF,1
extended_xl,XL-Synthetic_7_B__pdf_small__lsb3.bmp,/home/kali/Desktop/stego_dataset_expanded/stego_core_combined/XL-Synthetic_7_B__pdf_small__lsb3.bmp,XL-Synthetic_7_B.bmp,XL-Synthetic,7,B,bmp,P02.pdf,pdf,small,3,PDF,PDF,1
extended_xl,XL-Synthetic_7_B__pptx_large__lsb1.bmp,/home/kali/Desktop/stego_dataset_expanded/stego_core_combined/XL-Synthetic_7_B__pptx_large__lsb1.bmp,XL-Synthetic_7_B.bmp,XL-Synthetic,7,B,bmp,P04.pptx,pptx,large,1,PPTX,PPTX,1
extended_xl,XL-Synthetic_7_B__pptx_large__lsb2.bmp,/home/kali/Desktop/stego_dataset_expanded/stego_core_combined/XL-Synthetic_7_B__pptx_large__lsb2.bmp,XL-Synthetic_7_B.bmp,XL-Synthetic,7,B,bmp,P04.pptx,pptx,large,2,PPTX,PPTX,1
extended_xl,XL-Synthetic_7_B__pptx_large__lsb3.bmp,/home/kali/Desktop/stego_dataset_expanded/stego_core_combined/XL-Synthetic_7_B__pptx_large__lsb3.bmp,XL-Synthetic_7_B.bmp,XL-Synthetic,7,B,bmp,P04.pptx,pptx,large,3,PPTX,PPTX,1
extended_xl,XL-Synthetic_7_B__pptx_medium__lsb1.bmp,/home/kali/Desktop/stego_dataset_expanded/stego_core_combined/XL-Synthetic_7_B__pptx_medium__lsb1.bmp,XL-Synthetic_7_B.bmp,XL-Synthetic,7,B,bmp,P04.pptx,pptx,medium,1,PPTX,PPTX,1
extended_xl,XL-Synthetic_7_B__pptx_medium__lsb2.bmp,/home/kali/Desktop/stego_dataset_expanded/stego_core_combined/XL-Synthetic_7_B__pptx_medium__lsb2.bmp,XL-Synthetic_7_B.bmp,XL-Synthetic,7,B,bmp,P04.pptx,pptx,medium,2,PPTX,PPTX,1
extended_xl,XL-Synthetic_7_B__pptx_medium__lsb3.bmp,/home/kali/Desktop/stego_dataset_expanded/stego_core_combined/XL-Synthetic_7_B__pptx_medium__lsb3.bmp,XL-Synthetic_7_B.bmp,XL-Synthetic,7,B,bmp,P04.pptx,pptx,medium,3,PPTX,PPTX,1
extended_xl,XL-Synthetic_7_B__pptx_small__lsb1.bmp,/home/kali/Desktop/stego_dataset_expanded/stego_core_combined/XL-Synthetic_7_B__pptx_small__lsb1.bmp,XL-Synthetic_7_B.bmp,XL-Synthetic,7,B,bmp,P04.pptx,pptx,small,1,PPTX,PPTX,1
extended_xl,XL-Synthetic_7_B__pptx_small__lsb2.bmp,/home/kali/Desktop/stego_dataset_expanded/stego_core_combined/XL-Synthetic_7_B__pptx_small__lsb2.bmp,XL-Synthetic_7_B.bmp,XL-Synthetic,7,B,bmp,P04.pptx,pptx,small,2,PPTX,PPTX,1
extended_xl,XL-Synthetic_7_B__pptx_small__lsb3.bmp,/home/kali/Desktop/stego_dataset_expanded/stego_core_combined/XL-Synthetic_7_B__pptx_small__lsb3.bmp,XL-Synthetic_7_B.bmp,XL-Synthetic,7,B,bmp,P04.pptx,pptx,small,3,PPTX,PPTX,1
extended_xl,XL-Synthetic_7_B__rtf_large__lsb1.bmp,/home/kali/Desktop/stego_dataset_expanded/stego_core_combined/XL-Synthetic_7_B__rtf_large__lsb1.bmp,XL-Synthetic_7_B.bmp,XL-Synthetic,7,B,bmp,P05.rtf,rtf,large,1,RTF,RTF,1
extended_xl,XL-Synthetic_7_B__rtf_large__lsb2.bmp,/home/kali/Desktop/stego_dataset_expanded/stego_core_combined/XL-Synthetic_7_B__rtf_large__lsb2.bmp,XL-Synthetic_7_B.bmp,XL-Synthetic,7,B,bmp,P05.rtf,rtf,large,2,RTF,RTF,1
extended_xl,XL-Synthetic_7_B__rtf_large__lsb3.bmp,/home/kali/Desktop/stego_dataset_expanded/stego_core_combined/XL-Synthetic_7_B__rtf_large__lsb3.bmp,XL-Synthetic_7_B.bmp,XL-Synthetic,7,B,bmp,P05.rtf,rtf,large,3,RTF,RTF,1
extended_xl,XL-Synthetic_7_B__rtf_medium__lsb1.bmp,/home/kali/Desktop/stego_dataset_expanded/stego_core_combined/XL-Synthetic_7_B__rtf_medium__lsb1.bmp,XL-Synthetic_7_B.bmp,XL-Synthetic,7,B,bmp,P05.rtf,rtf,medium,1,RTF,RTF,1
extended_xl,XL-Synthetic_7_B__rtf_medium__lsb2.bmp,/home/kali/Desktop/stego_dataset_expanded/stego_core_combined/XL-Synthetic_7_B__rtf_medium__lsb2.bmp,XL-Synthetic_7_B.bmp,XL-Synthetic,7,B,bmp,P05.rtf,rtf,medium,2,RTF,RTF,1
extended_xl,XL-Synthetic_7_B__rtf_medium__lsb3.bmp,/home/kali/Desktop/stego_dataset_expanded/stego_core_combined/XL-Synthetic_7_B__rtf_medium__lsb3.bmp,XL-Synthetic_7_B.bmp,XL-Synthetic,7,B,bmp,P05.rtf,rtf,medium,3,RTF,RTF,1
extended_xl,XL-Synthetic_7_B__rtf_small__lsb1.bmp,/home/kali/Desktop/stego_dataset_expanded/stego_core_combined/XL-Synthetic_7_B__rtf_small__lsb1.bmp,XL-Synthetic_7_B.bmp,XL-Synthetic,7,B,bmp,P05.rtf,rtf,small,1,RTF,RTF,1
extended_xl,XL-Synthetic_7_B__rtf_small__lsb2.bmp,/home/kali/Desktop/stego_dataset_expanded/stego_core_combined/XL-Synthetic_7_B__rtf_small__lsb2.bmp,XL-Synthetic_7_B.bmp,XL-Synthetic,7,B,bmp,P05.rtf,rtf,small,2,RTF,RTF,1
extended_xl,XL-Synthetic_7_B__rtf_small__lsb3.bmp,/home/kali/Desktop/stego_dataset_expanded/stego_core_combined/XL-Synthetic_7_B__rtf_small__lsb3.bmp,XL-Synthetic_7_B.bmp,XL-Synthetic,7,B,bmp,P05.rtf,rtf,small,3,RTF,RTF,1
extended_xl,XL-Synthetic_7_B__xlsx_large__lsb1.bmp,/home/kali/Desktop/stego_dataset_expanded/stego_core_combined/XL-Synthetic_7_B__xlsx_large__lsb1.bmp,XL-Synthetic_7_B.bmp,XL-Synthetic,7,B,bmp,P03.xlsx,xlsx,large,1,XLSX,XLSX,1
extended_xl,XL-Synthetic_7_B__xlsx_large__lsb2.bmp,/home/kali/Desktop/stego_dataset_expanded/stego_core_combined/XL-Synthetic_7_B__xlsx_large__lsb2.bmp,XL-Synthetic_7_B.bmp,XL-Synthetic,7,B,bmp,P03.xlsx,xlsx,large,2,XLSX,XLSX,1
extended_xl,XL-Synthetic_7_B__xlsx_large__lsb3.bmp,/home/kali/Desktop/stego_dataset_expanded/stego_core_combined/XL-Synthetic_7_B__xlsx_large__lsb3.bmp,XL-Synthetic_7_B.bmp,XL-Synthetic,7,B,bmp,P03.xlsx,xlsx,large,3,XLSX,XLSX,1
extended_xl,XL-Synthetic_7_B__xlsx_medium__lsb1.bmp,/home/kali/Desktop/stego_dataset_expanded/stego_core_combined/XL-Synthetic_7_B__xlsx_medium__lsb1.bmp,XL-Synthetic_7_B.bmp,XL-Synthetic,7,B,bmp,P03.xlsx,xlsx,medium,1,XLSX,XLSX,1
extended_xl,XL-Synthetic_7_B__xlsx_medium__lsb2.bmp,/home/kali/Desktop/stego_dataset_expanded/stego_core_combined/XL-Synthetic_7_B__xlsx_medium__lsb2.bmp,XL-Synthetic_7_B.bmp,XL-Synthetic,7,B,bmp,P03.xlsx,xlsx,medium,2,XLSX,XLSX,1
extended_xl,XL-Synthetic_7_B__xlsx_medium__lsb3.bmp,/home/kali/Desktop/stego_dataset_expanded/stego_core_combined/XL-Synthetic_7_B__xlsx_medium__lsb3.bmp,XL-Synthetic_7_B.bmp,XL-Synthetic,7,B,bmp,P03.xlsx,xlsx,medium,3,XLSX,XLSX,1
extended_xl,XL-Synthetic_7_B__xlsx_small__lsb1.bmp,/home/kali/Desktop/stego_dataset_expanded/stego_core_combined/XL-Synthetic_7_B__xlsx_small__lsb1.bmp,XL-Synthetic_7_B.bmp,XL-Synthetic,7,B,bmp,P03.xlsx,xlsx,small,1,XLSX,XLSX,1
extended_xl,XL-Synthetic_7_B__xlsx_small__lsb2.bmp,/home/kali/Desktop/stego_dataset_expanded/stego_core_combined/XL-Synthetic_7_B__xlsx_small__lsb2.bmp,XL-Synthetic_7_B.bmp,XL-Synthetic,7,B,bmp,P03.xlsx,xlsx,small,2,XLSX,XLSX,1
extended_xl,XL-Synthetic_7_B__xlsx_small__lsb3.bmp,/home/kali/Desktop/stego_dataset_expanded/stego_core_combined/XL-Synthetic_7_B__xlsx_small__lsb3.bmp,XL-Synthetic_7_B.bmp,XL-Synthetic,7,B,bmp,P03.xlsx,xlsx,small,3,XLSX,XLSX,1
extended_xl,XL-Synthetic_7_P__docx_large__lsb3.png,/home/kali/Desktop/stego_dataset_expanded/stego_core_combined/XL-Synthetic_7_P__docx_large__lsb3.png,XL-Synthetic_7_P.png,XL-Synthetic,7,P,png,P01.docx,docx,large,3,DOCX,DOCX,1
extended_xl,XL-Synthetic_7_P__docx_medium__lsb2.png,/home/kali/Desktop/stego_dataset_expanded/stego_core_combined/XL-Synthetic_7_P__docx_medium__lsb2.png,XL-Synthetic_7_P.png,XL-Synthetic,7,P,png,P01.docx,docx,medium,2,DOCX,DOCX,1
extended_xl,XL-Synthetic_7_P__docx_medium__lsb3.png,/home/kali/Desktop/stego_dataset_expanded/stego_core_combined/XL-Synthetic_7_P__docx_medium__lsb3.png,XL-Synthetic_7_P.png,XL-Synthetic,7,P,png,P01.docx,docx,medium,3,DOCX,DOCX,1
extended_xl,XL-Synthetic_7_P__docx_small__lsb1.png,/home/kali/Desktop/stego_dataset_expanded/stego_core_combined/XL-Synthetic_7_P__docx_small__lsb1.png,XL-Synthetic_7_P.png,XL-Synthetic,7,P,png,P01.docx,docx,small,1,DOCX,DOCX,1
extended_xl,XL-Synthetic_7_P__docx_small__lsb2.png,/home/kali/Desktop/stego_dataset_expanded/stego_core_combined/XL-Synthetic_7_P__docx_small__lsb2.png,XL-Synthetic_7_P.png,XL-Synthetic,7,P,png,P01.docx,docx,small,2,DOCX,DOCX,1
extended_xl,XL-Synthetic_7_P__docx_small__lsb3.png,/home/kali/Desktop/stego_dataset_expanded/stego_core_combined/XL-Synthetic_7_P__docx_small__lsb3.png,XL-Synthetic_7_P.png,XL-Synthetic,7,P,png,P01.docx,docx,small,3,DOCX,DOCX,1
extended_xl,XL-Synthetic_7_P__exe_large__lsb3.png,/home/kali/Desktop/stego_dataset_expanded/stego_core_combined/XL-Synthetic_7_P__exe_large__lsb3.png,XL-Synthetic_7_P.png,XL-Synthetic,7,P,png,P06.exe,exe,large,3,EXE,EXE,1
extended_xl,XL-Synthetic_7_P__exe_medium__lsb2.png,/home/kali/Desktop/stego_dataset_expanded/stego_core_combined/XL-Synthetic_7_P__exe_medium__lsb2.png,XL-Synthetic_7_P.png,XL-Synthetic,7,P,png,P06.exe,exe,medium,2,EXE,EXE,1
extended_xl,XL-Synthetic_7_P__exe_medium__lsb3.png,/home/kali/Desktop/stego_dataset_expanded/stego_core_combined/XL-Synthetic_7_P__exe_medium__lsb3.png,XL-Synthetic_7_P.png,XL-Synthetic,7,P,png,P06.exe,exe,medium,3,EXE,EXE,1
extended_xl,XL-Synthetic_7_P__exe_small__lsb1.png,/home/kali/Desktop/stego_dataset_expanded/stego_core_combined/XL-Synthetic_7_P__exe_small__lsb1.png,XL-Synthetic_7_P.png,XL-Synthetic,7,P,png,P06.exe,exe,small,1,EXE,EXE,1
extended_xl,XL-Synthetic_7_P__exe_small__lsb2.png,/home/kali/Desktop/stego_dataset_expanded/stego_core_combined/XL-Synthetic_7_P__exe_small__lsb2.png,XL-Synthetic_7_P.png,XL-Synthetic,7,P,png,P06.exe,exe,small,2,EXE,EXE,1
extended_xl,XL-Synthetic_7_P__exe_small__lsb3.png,/home/kali/Desktop/stego_dataset_expanded/stego_core_combined/XL-Synthetic_7_P__exe_small__lsb3.png,XL-Synthetic_7_P.png,XL-Synthetic,7,P,png,P06.exe,exe,small,3,EXE,EXE,1
extended_xl,XL-Synthetic_7_P__pdf_large__lsb3.png,/home/kali/Desktop/stego_dataset_expanded/stego_core_combined/XL-Synthetic_7_P__pdf_large__lsb3.png,XL-Synthetic_7_P.png,XL-Synthetic,7,P,png,P02.pdf,pdf,large,3,PDF,PDF,1
extended_xl,XL-Synthetic_7_P__pdf_medium__lsb2.png,/home/kali/Desktop/stego_dataset_expanded/stego_core_combined/XL-Synthetic_7_P__pdf_medium__lsb2.png,XL-Synthetic_7_P.png,XL-Synthetic,7,P,png,P02.pdf,pdf,medium,2,PDF,PDF,1
extended_xl,XL-Synthetic_7_P__pdf_medium__lsb3.png,/home/kali/Desktop/stego_dataset_expanded/stego_core_combined/XL-Synthetic_7_P__pdf_medium__lsb3.png,XL-Synthetic_7_P.png,XL-Synthetic,7,P,png,P02.pdf,pdf,medium,3,PDF,PDF,1
extended_xl,XL-Synthetic_7_P__pdf_small__lsb1.png,/home/kali/Desktop/stego_dataset_expanded/stego_core_combined/XL-Synthetic_7_P__pdf_small__lsb1.png,XL-Synthetic_7_P.png,XL-Synthetic,7,P,png,P02.pdf,pdf,small,1,PDF,PDF,1
extended_xl,XL-Synthetic_7_P__pdf_small__lsb2.png,/home/kali/Desktop/stego_dataset_expanded/stego_core_combined/XL-Synthetic_7_P__pdf_small__lsb2.png,XL-Synthetic_7_P.png,XL-Synthetic,7,P,png,P02.pdf,pdf,small,2,PDF,PDF,1
extended_xl,XL-Synthetic_7_P__pdf_small__lsb3.png,/home/kali/Desktop/stego_dataset_expanded/stego_core_combined/XL-Synthetic_7_P__pdf_small__lsb3.png,XL-Synthetic_7_P.png,XL-Synthetic,7,P,png,P02.pdf,pdf,small,3,PDF,PDF,1
extended_xl,XL-Synthetic_7_P__pptx_large__lsb3.png,/home/kali/Desktop/stego_dataset_expanded/stego_core_combined/XL-Synthetic_7_P__pptx_large__lsb3.png,XL-Synthetic_7_P.png,XL-Synthetic,7,P,png,P04.pptx,pptx,large,3,PPTX,PPTX,1
extended_xl,XL-Synthetic_7_P__pptx_medium__lsb2.png,/home/kali/Desktop/stego_dataset_expanded/stego_core_combined/XL-Synthetic_7_P__pptx_medium__lsb2.png,XL-Synthetic_7_P.png,XL-Synthetic,7,P,png,P04.pptx,pptx,medium,2,PPTX,PPTX,1
extended_xl,XL-Synthetic_7_P__pptx_medium__lsb3.png,/home/kali/Desktop/stego_dataset_expanded/stego_core_combined/XL-Synthetic_7_P__pptx_medium__lsb3.png,XL-Synthetic_7_P.png,XL-Synthetic,7,P,png,P04.pptx,pptx,medium,3,PPTX,PPTX,1
extended_xl,XL-Synthetic_7_P__pptx_small__lsb1.png,/home/kali/Desktop/stego_dataset_expanded/stego_core_combined/XL-Synthetic_7_P__pptx_small__lsb1.png,XL-Synthetic_7_P.png,XL-Synthetic,7,P,png,P04.pptx,pptx,small,1,PPTX,PPTX,1
extended_xl,XL-Synthetic_7_P__pptx_small__lsb2.png,/home/kali/Desktop/stego_dataset_expanded/stego_core_combined/XL-Synthetic_7_P__pptx_small__lsb2.png,XL-Synthetic_7_P.png,XL-Synthetic,7,P,png,P04.pptx,pptx,small,2,PPTX,PPTX,1
extended_xl,XL-Synthetic_7_P__pptx_small__lsb3.png,/home/kali/Desktop/stego_dataset_expanded/stego_core_combined/XL-Synthetic_7_P__pptx_small__lsb3.png,XL-Synthetic_7_P.png,XL-Synthetic,7,P,png,P04.pptx,pptx,small,3,PPTX,PPTX,1
extended_xl,XL-Synthetic_7_P__rtf_large__lsb3.png,/home/kali/Desktop/stego_dataset_expanded/stego_core_combined/XL-Synthetic_7_P__rtf_large__lsb3.png,XL-Synthetic_7_P.png,XL-Synthetic,7,P,png,P05.rtf,rtf,large,3,RTF,RTF,1
extended_xl,XL-Synthetic_7_P__rtf_medium__lsb2.png,/home/kali/Desktop/stego_dataset_expanded/stego_core_combined/XL-Synthetic_7_P__rtf_medium__lsb2.png,XL-Synthetic_7_P.png,XL-Synthetic,7,P,png,P05.rtf,rtf,medium,2,RTF,RTF,1
extended_xl,XL-Synthetic_7_P__rtf_medium__lsb3.png,/home/kali/Desktop/stego_dataset_expanded/stego_core_combined/XL-Synthetic_7_P__rtf_medium__lsb3.png,XL-Synthetic_7_P.png,XL-Synthetic,7,P,png,P05.rtf,rtf,medium,3,RTF,RTF,1
extended_xl,XL-Synthetic_7_P__rtf_small__lsb1.png,/home/kali/Desktop/stego_dataset_expanded/stego_core_combined/XL-Synthetic_7_P__rtf_small__lsb1.png,XL-Synthetic_7_P.png,XL-Synthetic,7,P,png,P05.rtf,rtf,small,1,RTF,RTF,1
extended_xl,XL-Synthetic_7_P__rtf_small__lsb2.png,/home/kali/Desktop/stego_dataset_expanded/stego_core_combined/XL-Synthetic_7_P__rtf_small__lsb2.png,XL-Synthetic_7_P.png,XL-Synthetic,7,P,png,P05.rtf,rtf,small,2,RTF,RTF,1
extended_xl,XL-Synthetic_7_P__rtf_small__lsb3.png,/home/kali/Desktop/stego_dataset_expanded/stego_core_combined/XL-Synthetic_7_P__rtf_small__lsb3.png,XL-Synthetic_7_P.png,XL-Synthetic,7,P,png,P05.rtf,rtf,small,3,RTF,RTF,1
extended_xl,XL-Synthetic_7_P__xlsx_large__lsb3.png,/home/kali/Desktop/stego_dataset_expanded/stego_core_combined/XL-Synthetic_7_P__xlsx_large__lsb3.png,XL-Synthetic_7_P.png,XL-Synthetic,7,P,png,P03.xlsx,xlsx,large,3,XLSX,XLSX,1
extended_xl,XL-Synthetic_7_P__xlsx_medium__lsb2.png,/home/kali/Desktop/stego_dataset_expanded/stego_core_combined/XL-Synthetic_7_P__xlsx_medium__lsb2.png,XL-Synthetic_7_P.png,XL-Synthetic,7,P,png,P03.xlsx,xlsx,medium,2,XLSX,XLSX,1
extended_xl,XL-Synthetic_7_P__xlsx_medium__lsb3.png,/home/kali/Desktop/stego_dataset_expanded/stego_core_combined/XL-Synthetic_7_P__xlsx_medium__lsb3.png,XL-Synthetic_7_P.png,XL-Synthetic,7,P,png,P03.xlsx,xlsx,medium,3,XLSX,XLSX,1
extended_xl,XL-Synthetic_7_P__xlsx_small__lsb1.png,/home/kali/Desktop/stego_dataset_expanded/stego_core_combined/XL-Synthetic_7_P__xlsx_small__lsb1.png,XL-Synthetic_7_P.png,XL-Synthetic,7,P,png,P03.xlsx,xlsx,small,1,XLSX,XLSX,1
extended_xl,XL-Synthetic_7_P__xlsx_small__lsb2.png,/home/kali/Desktop/stego_dataset_expanded/stego_core_combined/XL-Synthetic_7_P__xlsx_small__lsb2.png,XL-Synthetic_7_P.png,XL-Synthetic,7,P,png,P03.xlsx,xlsx,small,2,XLSX,XLSX,1
extended_xl,XL-Synthetic_7_P__xlsx_small__lsb3.png,/home/kali/Desktop/stego_dataset_expanded/stego_core_combined/XL-Synthetic_7_P__xlsx_small__lsb3.png,XL-Synthetic_7_P.png,XL-Synthetic,7,P,png,P03.xlsx,xlsx,small,3,XLSX,XLSX,1
extended_xl,XL-Synthetic_8_B__docx_large__lsb1.bmp,/home/kali/Desktop/stego_dataset_expanded/stego_core_combined/XL-Synthetic_8_B__docx_large__lsb1.bmp,XL-Synthetic_8_B.bmp,XL-Synthetic,8,B,bmp,P01.docx,docx,large,1,DOCX,DOCX,1
extended_xl,XL-Synthetic_8_B__docx_large__lsb2.bmp,/home/kali/Desktop/stego_dataset_expanded/stego_core_combined/XL-Synthetic_8_B__docx_large__lsb2.bmp,XL-Synthetic_8_B.bmp,XL-Synthetic,8,B,bmp,P01.docx,docx,large,2,DOCX,DOCX,1
extended_xl,XL-Synthetic_8_B__docx_large__lsb3.bmp,/home/kali/Desktop/stego_dataset_expanded/stego_core_combined/XL-Synthetic_8_B__docx_large__lsb3.bmp,XL-Synthetic_8_B.bmp,XL-Synthetic,8,B,bmp,P01.docx,docx,large,3,DOCX,DOCX,1
extended_xl,XL-Synthetic_8_B__docx_medium__lsb1.bmp,/home/kali/Desktop/stego_dataset_expanded/stego_core_combined/XL-Synthetic_8_B__docx_medium__lsb1.bmp,XL-Synthetic_8_B.bmp,XL-Synthetic,8,B,bmp,P01.docx,docx,medium,1,DOCX,DOCX,1
extended_xl,XL-Synthetic_8_B__docx_medium__lsb2.bmp,/home/kali/Desktop/stego_dataset_expanded/stego_core_combined/XL-Synthetic_8_B__docx_medium__lsb2.bmp,XL-Synthetic_8_B.bmp,XL-Synthetic,8,B,bmp,P01.docx,docx,medium,2,DOCX,DOCX,1
extended_xl,XL-Synthetic_8_B__docx_medium__lsb3.bmp,/home/kali/Desktop/stego_dataset_expanded/stego_core_combined/XL-Synthetic_8_B__docx_medium__lsb3.bmp,XL-Synthetic_8_B.bmp,XL-Synthetic,8,B,bmp,P01.docx,docx,medium,3,DOCX,DOCX,1
extended_xl,XL-Synthetic_8_B__docx_small__lsb1.bmp,/home/kali/Desktop/stego_dataset_expanded/stego_core_combined/XL-Synthetic_8_B__docx_small__lsb1.bmp,XL-Synthetic_8_B.bmp,XL-Synthetic,8,B,bmp,P01.docx,docx,small,1,DOCX,DOCX,1
extended_xl,XL-Synthetic_8_B__docx_small__lsb2.bmp,/home/kali/Desktop/stego_dataset_expanded/stego_core_combined/XL-Synthetic_8_B__docx_small__lsb2.bmp,XL-Synthetic_8_B.bmp,XL-Synthetic,8,B,bmp,P01.docx,docx,small,2,DOCX,DOCX,1
extended_xl,XL-Synthetic_8_B__docx_small__lsb3.bmp,/home/kali/Desktop/stego_dataset_expanded/stego_core_combined/XL-Synthetic_8_B__docx_small__lsb3.bmp,XL-Synthetic_8_B.bmp,XL-Synthetic,8,B,bmp,P01.docx,docx,small,3,DOCX,DOCX,1
extended_xl,XL-Synthetic_8_B__exe_large__lsb1.bmp,/home/kali/Desktop/stego_dataset_expanded/stego_core_combined/XL-Synthetic_8_B__exe_large__lsb1.bmp,XL-Synthetic_8_B.bmp,XL-Synthetic,8,B,bmp,P06.exe,exe,large,1,EXE,EXE,1
extended_xl,XL-Synthetic_8_B__exe_large__lsb2.bmp,/home/kali/Desktop/stego_dataset_expanded/stego_core_combined/XL-Synthetic_8_B__exe_large__lsb2.bmp,XL-Synthetic_8_B.bmp,XL-Synthetic,8,B,bmp,P06.exe,exe,large,2,EXE,EXE,1
extended_xl,XL-Synthetic_8_B__exe_large__lsb3.bmp,/home/kali/Desktop/stego_dataset_expanded/stego_core_combined/XL-Synthetic_8_B__exe_large__lsb3.bmp,XL-Synthetic_8_B.bmp,XL-Synthetic,8,B,bmp,P06.exe,exe,large,3,EXE,EXE,1
extended_xl,XL-Synthetic_8_B__exe_medium__lsb1.bmp,/home/kali/Desktop/stego_dataset_expanded/stego_core_combined/XL-Synthetic_8_B__exe_medium__lsb1.bmp,XL-Synthetic_8_B.bmp,XL-Synthetic,8,B,bmp,P06.exe,exe,medium,1,EXE,EXE,1
extended_xl,XL-Synthetic_8_B__exe_medium__lsb2.bmp,/home/kali/Desktop/stego_dataset_expanded/stego_core_combined/XL-Synthetic_8_B__exe_medium__lsb2.bmp,XL-Synthetic_8_B.bmp,XL-Synthetic,8,B,bmp,P06.exe,exe,medium,2,EXE,EXE,1
extended_xl,XL-Synthetic_8_B__exe_medium__lsb3.bmp,/home/kali/Desktop/stego_dataset_expanded/stego_core_combined/XL-Synthetic_8_B__exe_medium__lsb3.bmp,XL-Synthetic_8_B.bmp,XL-Synthetic,8,B,bmp,P06.exe,exe,medium,3,EXE,EXE,1
extended_xl,XL-Synthetic_8_B__exe_small__lsb1.bmp,/home/kali/Desktop/stego_dataset_expanded/stego_core_combined/XL-Synthetic_8_B__exe_small__lsb1.bmp,XL-Synthetic_8_B.bmp,XL-Synthetic,8,B,bmp,P06.exe,exe,small,1,EXE,EXE,1
extended_xl,XL-Synthetic_8_B__exe_small__lsb2.bmp,/home/kali/Desktop/stego_dataset_expanded/stego_core_combined/XL-Synthetic_8_B__exe_small__lsb2.bmp,XL-Synthetic_8_B.bmp,XL-Synthetic,8,B,bmp,P06.exe,exe,small,2,EXE,EXE,1
extended_xl,XL-Synthetic_8_B__exe_small__lsb3.bmp,/home/kali/Desktop/stego_dataset_expanded/stego_core_combined/XL-Synthetic_8_B__exe_small__lsb3.bmp,XL-Synthetic_8_B.bmp,XL-Synthetic,8,B,bmp,P06.exe,exe,small,3,EXE,EXE,1
extended_xl,XL-Synthetic_8_B__pdf_large__lsb1.bmp,/home/kali/Desktop/stego_dataset_expanded/stego_core_combined/XL-Synthetic_8_B__pdf_large__lsb1.bmp,XL-Synthetic_8_B.bmp,XL-Synthetic,8,B,bmp,P02.pdf,pdf,large,1,PDF,PDF,1
extended_xl,XL-Synthetic_8_B__pdf_large__lsb2.bmp,/home/kali/Desktop/stego_dataset_expanded/stego_core_combined/XL-Synthetic_8_B__pdf_large__lsb2.bmp,XL-Synthetic_8_B.bmp,XL-Synthetic,8,B,bmp,P02.pdf,pdf,large,2,PDF,PDF,1
extended_xl,XL-Synthetic_8_B__pdf_large__lsb3.bmp,/home/kali/Desktop/stego_dataset_expanded/stego_core_combined/XL-Synthetic_8_B__pdf_large__lsb3.bmp,XL-Synthetic_8_B.bmp,XL-Synthetic,8,B,bmp,P02.pdf,pdf,large,3,PDF,PDF,1
extended_xl,XL-Synthetic_8_B__pdf_medium__lsb1.bmp,/home/kali/Desktop/stego_dataset_expanded/stego_core_combined/XL-Synthetic_8_B__pdf_medium__lsb1.bmp,XL-Synthetic_8_B.bmp,XL-Synthetic,8,B,bmp,P02.pdf,pdf,medium,1,PDF,PDF,1
extended_xl,XL-Synthetic_8_B__pdf_medium__lsb2.bmp,/home/kali/Desktop/stego_dataset_expanded/stego_core_combined/XL-Synthetic_8_B__pdf_medium__lsb2.bmp,XL-Synthetic_8_B.bmp,XL-Synthetic,8,B,bmp,P02.pdf,pdf,medium,2,PDF,PDF,1
extended_xl,XL-Synthetic_8_B__pdf_medium__lsb3.bmp,/home/kali/Desktop/stego_dataset_expanded/stego_core_combined/XL-Synthetic_8_B__pdf_medium__lsb3.bmp,XL-Synthetic_8_B.bmp,XL-Synthetic,8,B,bmp,P02.pdf,pdf,medium,3,PDF,PDF,1
extended_xl,XL-Synthetic_8_B__pdf_small__lsb1.bmp,/home/kali/Desktop/stego_dataset_expanded/stego_core_combined/XL-Synthetic_8_B__pdf_small__lsb1.bmp,XL-Synthetic_8_B.bmp,XL-Synthetic,8,B,bmp,P02.pdf,pdf,small,1,PDF,PDF,1
extended_xl,XL-Synthetic_8_B__pdf_small__lsb2.bmp,/home/kali/Desktop/stego_dataset_expanded/stego_core_combined/XL-Synthetic_8_B__pdf_small__lsb2.bmp,XL-Synthetic_8_B.bmp,XL-Synthetic,8,B,bmp,P02.pdf,pdf,small,2,PDF,PDF,1
extended_xl,XL-Synthetic_8_B__pdf_small__lsb3.bmp,/home/kali/Desktop/stego_dataset_expanded/stego_core_combined/XL-Synthetic_8_B__pdf_small__lsb3.bmp,XL-Synthetic_8_B.bmp,XL-Synthetic,8,B,bmp,P02.pdf,pdf,small,3,PDF,PDF,1
extended_xl,XL-Synthetic_8_B__pptx_large__lsb1.bmp,/home/kali/Desktop/stego_dataset_expanded/stego_core_combined/XL-Synthetic_8_B__pptx_large__lsb1.bmp,XL-Synthetic_8_B.bmp,XL-Synthetic,8,B,bmp,P04.pptx,pptx,large,1,PPTX,PPTX,1
extended_xl,XL-Synthetic_8_B__pptx_large__lsb2.bmp,/home/kali/Desktop/stego_dataset_expanded/stego_core_combined/XL-Synthetic_8_B__pptx_large__lsb2.bmp,XL-Synthetic_8_B.bmp,XL-Synthetic,8,B,bmp,P04.pptx,pptx,large,2,PPTX,PPTX,1
extended_xl,XL-Synthetic_8_B__pptx_large__lsb3.bmp,/home/kali/Desktop/stego_dataset_expanded/stego_core_combined/XL-Synthetic_8_B__pptx_large__lsb3.bmp,XL-Synthetic_8_B.bmp,XL-Synthetic,8,B,bmp,P04.pptx,pptx,large,3,PPTX,PPTX,1
extended_xl,XL-Synthetic_8_B__pptx_medium__lsb1.bmp,/home/kali/Desktop/stego_dataset_expanded/stego_core_combined/XL-Synthetic_8_B__pptx_medium__lsb1.bmp,XL-Synthetic_8_B.bmp,XL-Synthetic,8,B,bmp,P04.pptx,pptx,medium,1,PPTX,PPTX,1
extended_xl,XL-Synthetic_8_B__pptx_medium__lsb2.bmp,/home/kali/Desktop/stego_dataset_expanded/stego_core_combined/XL-Synthetic_8_B__pptx_medium__lsb2.bmp,XL-Synthetic_8_B.bmp,XL-Synthetic,8,B,bmp,P04.pptx,pptx,medium,2,PPTX,PPTX,1
extended_xl,XL-Synthetic_8_B__pptx_medium__lsb3.bmp,/home/kali/Desktop/stego_dataset_expanded/stego_core_combined/XL-Synthetic_8_B__pptx_medium__lsb3.bmp,XL-Synthetic_8_B.bmp,XL-Synthetic,8,B,bmp,P04.pptx,pptx,medium,3,PPTX,PPTX,1
extended_xl,XL-Synthetic_8_B__pptx_small__lsb1.bmp,/home/kali/Desktop/stego_dataset_expanded/stego_core_combined/XL-Synthetic_8_B__pptx_small__lsb1.bmp,XL-Synthetic_8_B.bmp,XL-Synthetic,8,B,bmp,P04.pptx,pptx,small,1,PPTX,PPTX,1
extended_xl,XL-Synthetic_8_B__pptx_small__lsb2.bmp,/home/kali/Desktop/stego_dataset_expanded/stego_core_combined/XL-Synthetic_8_B__pptx_small__lsb2.bmp,XL-Synthetic_8_B.bmp,XL-Synthetic,8,B,bmp,P04.pptx,pptx,small,2,PPTX,PPTX,1
extended_xl,XL-Synthetic_8_B__pptx_small__lsb3.bmp,/home/kali/Desktop/stego_dataset_expanded/stego_core_combined/XL-Synthetic_8_B__pptx_small__lsb3.bmp,XL-Synthetic_8_B.bmp,XL-Synthetic,8,B,bmp,P04.pptx,pptx,small,3,PPTX,PPTX,1
extended_xl,XL-Synthetic_8_B__rtf_large__lsb1.bmp,/home/kali/Desktop/stego_dataset_expanded/stego_core_combined/XL-Synthetic_8_B__rtf_large__lsb1.bmp,XL-Synthetic_8_B.bmp,XL-Synthetic,8,B,bmp,P05.rtf,rtf,large,1,RTF,RTF,1
extended_xl,XL-Synthetic_8_B__rtf_large__lsb2.bmp,/home/kali/Desktop/stego_dataset_expanded/stego_core_combined/XL-Synthetic_8_B__rtf_large__lsb2.bmp,XL-Synthetic_8_B.bmp,XL-Synthetic,8,B,bmp,P05.rtf,rtf,large,2,RTF,RTF,1
extended_xl,XL-Synthetic_8_B__rtf_large__lsb3.bmp,/home/kali/Desktop/stego_dataset_expanded/stego_core_combined/XL-Synthetic_8_B__rtf_large__lsb3.bmp,XL-Synthetic_8_B.bmp,XL-Synthetic,8,B,bmp,P05.rtf,rtf,large,3,RTF,RTF,1
extended_xl,XL-Synthetic_8_B__rtf_medium__lsb1.bmp,/home/kali/Desktop/stego_dataset_expanded/stego_core_combined/XL-Synthetic_8_B__rtf_medium__lsb1.bmp,XL-Synthetic_8_B.bmp,XL-Synthetic,8,B,bmp,P05.rtf,rtf,medium,1,RTF,RTF,1
extended_xl,XL-Synthetic_8_B__rtf_medium__lsb2.bmp,/home/kali/Desktop/stego_dataset_expanded/stego_core_combined/XL-Synthetic_8_B__rtf_medium__lsb2.bmp,XL-Synthetic_8_B.bmp,XL-Synthetic,8,B,bmp,P05.rtf,rtf,medium,2,RTF,RTF,1
extended_xl,XL-Synthetic_8_B__rtf_medium__lsb3.bmp,/home/kali/Desktop/stego_dataset_expanded/stego_core_combined/XL-Synthetic_8_B__rtf_medium__lsb3.bmp,XL-Synthetic_8_B.bmp,XL-Synthetic,8,B,bmp,P05.rtf,rtf,medium,3,RTF,RTF,1
extended_xl,XL-Synthetic_8_B__rtf_small__lsb1.bmp,/home/kali/Desktop/stego_dataset_expanded/stego_core_combined/XL-Synthetic_8_B__rtf_small__lsb1.bmp,XL-Synthetic_8_B.bmp,XL-Synthetic,8,B,bmp,P05.rtf,rtf,small,1,RTF,RTF,1
extended_xl,XL-Synthetic_8_B__rtf_small__lsb2.bmp,/home/kali/Desktop/stego_dataset_expanded/stego_core_combined/XL-Synthetic_8_B__rtf_small__lsb2.bmp,XL-Synthetic_8_B.bmp,XL-Synthetic,8,B,bmp,P05.rtf,rtf,small,2,RTF,RTF,1
extended_xl,XL-Synthetic_8_B__rtf_small__lsb3.bmp,/home/kali/Desktop/stego_dataset_expanded/stego_core_combined/XL-Synthetic_8_B__rtf_small__lsb3.bmp,XL-Synthetic_8_B.bmp,XL-Synthetic,8,B,bmp,P05.rtf,rtf,small,3,RTF,RTF,1
extended_xl,XL-Synthetic_8_B__xlsx_large__lsb1.bmp,/home/kali/Desktop/stego_dataset_expanded/stego_core_combined/XL-Synthetic_8_B__xlsx_large__lsb1.bmp,XL-Synthetic_8_B.bmp,XL-Synthetic,8,B,bmp,P03.xlsx,xlsx,large,1,XLSX,XLSX,1
extended_xl,XL-Synthetic_8_B__xlsx_large__lsb2.bmp,/home/kali/Desktop/stego_dataset_expanded/stego_core_combined/XL-Synthetic_8_B__xlsx_large__lsb2.bmp,XL-Synthetic_8_B.bmp,XL-Synthetic,8,B,bmp,P03.xlsx,xlsx,large,2,XLSX,XLSX,1
extended_xl,XL-Synthetic_8_B__xlsx_large__lsb3.bmp,/home/kali/Desktop/stego_dataset_expanded/stego_core_combined/XL-Synthetic_8_B__xlsx_large__lsb3.bmp,XL-Synthetic_8_B.bmp,XL-Synthetic,8,B,bmp,P03.xlsx,xlsx,large,3,XLSX,XLSX,1
extended_xl,XL-Synthetic_8_B__xlsx_medium__lsb1.bmp,/home/kali/Desktop/stego_dataset_expanded/stego_core_combined/XL-Synthetic_8_B__xlsx_medium__lsb1.bmp,XL-Synthetic_8_B.bmp,XL-Synthetic,8,B,bmp,P03.xlsx,xlsx,medium,1,XLSX,XLSX,1
extended_xl,XL-Synthetic_8_B__xlsx_medium__lsb2.bmp,/home/kali/Desktop/stego_dataset_expanded/stego_core_combined/XL-Synthetic_8_B__xlsx_medium__lsb2.bmp,XL-Synthetic_8_B.bmp,XL-Synthetic,8,B,bmp,P03.xlsx,xlsx,medium,2,XLSX,XLSX,1
extended_xl,XL-Synthetic_8_B__xlsx_medium__lsb3.bmp,/home/kali/Desktop/stego_dataset_expanded/stego_core_combined/XL-Synthetic_8_B__xlsx_medium__lsb3.bmp,XL-Synthetic_8_B.bmp,XL-Synthetic,8,B,bmp,P03.xlsx,xlsx,medium,3,XLSX,XLSX,1
extended_xl,XL-Synthetic_8_B__xlsx_small__lsb1.bmp,/home/kali/Desktop/stego_dataset_expanded/stego_core_combined/XL-Synthetic_8_B__xlsx_small__lsb1.bmp,XL-Synthetic_8_B.bmp,XL-Synthetic,8,B,bmp,P03.xlsx,xlsx,small,1,XLSX,XLSX,1
extended_xl,XL-Synthetic_8_B__xlsx_small__lsb2.bmp,/home/kali/Desktop/stego_dataset_expanded/stego_core_combined/XL-Synthetic_8_B__xlsx_small__lsb2.bmp,XL-Synthetic_8_B.bmp,XL-Synthetic,8,B,bmp,P03.xlsx,xlsx,small,2,XLSX,XLSX,1
extended_xl,XL-Synthetic_8_B__xlsx_small__lsb3.bmp,/home/kali/Desktop/stego_dataset_expanded/stego_core_combined/XL-Synthetic_8_B__xlsx_small__lsb3.bmp,XL-Synthetic_8_B.bmp,XL-Synthetic,8,B,bmp,P03.xlsx,xlsx,small,3,XLSX,XLSX,1
extended_xl,XL-Synthetic_8_P__docx_large__lsb3.png,/home/kali/Desktop/stego_dataset_expanded/stego_core_combined/XL-Synthetic_8_P__docx_large__lsb3.png,XL-Synthetic_8_P.png,XL-Synthetic,8,P,png,P01.docx,docx,large,3,DOCX,DOCX,1
extended_xl,XL-Synthetic_8_P__docx_medium__lsb2.png,/home/kali/Desktop/stego_dataset_expanded/stego_core_combined/XL-Synthetic_8_P__docx_medium__lsb2.png,XL-Synthetic_8_P.png,XL-Synthetic,8,P,png,P01.docx,docx,medium,2,DOCX,DOCX,1
extended_xl,XL-Synthetic_8_P__docx_medium__lsb3.png,/home/kali/Desktop/stego_dataset_expanded/stego_core_combined/XL-Synthetic_8_P__docx_medium__lsb3.png,XL-Synthetic_8_P.png,XL-Synthetic,8,P,png,P01.docx,docx,medium,3,DOCX,DOCX,1
extended_xl,XL-Synthetic_8_P__docx_small__lsb1.png,/home/kali/Desktop/stego_dataset_expanded/stego_core_combined/XL-Synthetic_8_P__docx_small__lsb1.png,XL-Synthetic_8_P.png,XL-Synthetic,8,P,png,P01.docx,docx,small,1,DOCX,DOCX,1
extended_xl,XL-Synthetic_8_P__docx_small__lsb2.png,/home/kali/Desktop/stego_dataset_expanded/stego_core_combined/XL-Synthetic_8_P__docx_small__lsb2.png,XL-Synthetic_8_P.png,XL-Synthetic,8,P,png,P01.docx,docx,small,2,DOCX,DOCX,1
extended_xl,XL-Synthetic_8_P__docx_small__lsb3.png,/home/kali/Desktop/stego_dataset_expanded/stego_core_combined/XL-Synthetic_8_P__docx_small__lsb3.png,XL-Synthetic_8_P.png,XL-Synthetic,8,P,png,P01.docx,docx,small,3,DOCX,DOCX,1
extended_xl,XL-Synthetic_8_P__exe_large__lsb3.png,/home/kali/Desktop/stego_dataset_expanded/stego_core_combined/XL-Synthetic_8_P__exe_large__lsb3.png,XL-Synthetic_8_P.png,XL-Synthetic,8,P,png,P06.exe,exe,large,3,EXE,EXE,1
extended_xl,XL-Synthetic_8_P__exe_medium__lsb2.png,/home/kali/Desktop/stego_dataset_expanded/stego_core_combined/XL-Synthetic_8_P__exe_medium__lsb2.png,XL-Synthetic_8_P.png,XL-Synthetic,8,P,png,P06.exe,exe,medium,2,EXE,EXE,1
extended_xl,XL-Synthetic_8_P__exe_medium__lsb3.png,/home/kali/Desktop/stego_dataset_expanded/stego_core_combined/XL-Synthetic_8_P__exe_medium__lsb3.png,XL-Synthetic_8_P.png,XL-Synthetic,8,P,png,P06.exe,exe,medium,3,EXE,EXE,1
extended_xl,XL-Synthetic_8_P__exe_small__lsb1.png,/home/kali/Desktop/stego_dataset_expanded/stego_core_combined/XL-Synthetic_8_P__exe_small__lsb1.png,XL-Synthetic_8_P.png,XL-Synthetic,8,P,png,P06.exe,exe,small,1,EXE,EXE,1
extended_xl,XL-Synthetic_8_P__exe_small__lsb2.png,/home/kali/Desktop/stego_dataset_expanded/stego_core_combined/XL-Synthetic_8_P__exe_small__lsb2.png,XL-Synthetic_8_P.png,XL-Synthetic,8,P,png,P06.exe,exe,small,2,EXE,EXE,1
extended_xl,XL-Synthetic_8_P__exe_small__lsb3.png,/home/kali/Desktop/stego_dataset_expanded/stego_core_combined/XL-Synthetic_8_P__exe_small__lsb3.png,XL-Synthetic_8_P.png,XL-Synthetic,8,P,png,P06.exe,exe,small,3,EXE,EXE,1
extended_xl,XL-Synthetic_8_P__pdf_large__lsb3.png,/home/kali/Desktop/stego_dataset_expanded/stego_core_combined/XL-Synthetic_8_P__pdf_large__lsb3.png,XL-Synthetic_8_P.png,XL-Synthetic,8,P,png,P02.pdf,pdf,large,3,PDF,PDF,1
extended_xl,XL-Synthetic_8_P__pdf_medium__lsb2.png,/home/kali/Desktop/stego_dataset_expanded/stego_core_combined/XL-Synthetic_8_P__pdf_medium__lsb2.png,XL-Synthetic_8_P.png,XL-Synthetic,8,P,png,P02.pdf,pdf,medium,2,PDF,PDF,1
extended_xl,XL-Synthetic_8_P__pdf_medium__lsb3.png,/home/kali/Desktop/stego_dataset_expanded/stego_core_combined/XL-Synthetic_8_P__pdf_medium__lsb3.png,XL-Synthetic_8_P.png,XL-Synthetic,8,P,png,P02.pdf,pdf,medium,3,PDF,PDF,1
extended_xl,XL-Synthetic_8_P__pdf_small__lsb1.png,/home/kali/Desktop/stego_dataset_expanded/stego_core_combined/XL-Synthetic_8_P__pdf_small__lsb1.png,XL-Synthetic_8_P.png,XL-Synthetic,8,P,png,P02.pdf,pdf,small,1,PDF,PDF,1
extended_xl,XL-Synthetic_8_P__pdf_small__lsb2.png,/home/kali/Desktop/stego_dataset_expanded/stego_core_combined/XL-Synthetic_8_P__pdf_small__lsb2.png,XL-Synthetic_8_P.png,XL-Synthetic,8,P,png,P02.pdf,pdf,small,2,PDF,PDF,1
extended_xl,XL-Synthetic_8_P__pdf_small__lsb3.png,/home/kali/Desktop/stego_dataset_expanded/stego_core_combined/XL-Synthetic_8_P__pdf_small__lsb3.png,XL-Synthetic_8_P.png,XL-Synthetic,8,P,png,P02.pdf,pdf,small,3,PDF,PDF,1
extended_xl,XL-Synthetic_8_P__pptx_large__lsb3.png,/home/kali/Desktop/stego_dataset_expanded/stego_core_combined/XL-Synthetic_8_P__pptx_large__lsb3.png,XL-Synthetic_8_P.png,XL-Synthetic,8,P,png,P04.pptx,pptx,large,3,PPTX,PPTX,1
extended_xl,XL-Synthetic_8_P__pptx_medium__lsb2.png,/home/kali/Desktop/stego_dataset_expanded/stego_core_combined/XL-Synthetic_8_P__pptx_medium__lsb2.png,XL-Synthetic_8_P.png,XL-Synthetic,8,P,png,P04.pptx,pptx,medium,2,PPTX,PPTX,1
extended_xl,XL-Synthetic_8_P__pptx_medium__lsb3.png,/home/kali/Desktop/stego_dataset_expanded/stego_core_combined/XL-Synthetic_8_P__pptx_medium__lsb3.png,XL-Synthetic_8_P.png,XL-Synthetic,8,P,png,P04.pptx,pptx,medium,3,PPTX,PPTX,1
extended_xl,XL-Synthetic_8_P__pptx_small__lsb1.png,/home/kali/Desktop/stego_dataset_expanded/stego_core_combined/XL-Synthetic_8_P__pptx_small__lsb1.png,XL-Synthetic_8_P.png,XL-Synthetic,8,P,png,P04.pptx,pptx,small,1,PPTX,PPTX,1
extended_xl,XL-Synthetic_8_P__pptx_small__lsb2.png,/home/kali/Desktop/stego_dataset_expanded/stego_core_combined/XL-Synthetic_8_P__pptx_small__lsb2.png,XL-Synthetic_8_P.png,XL-Synthetic,8,P,png,P04.pptx,pptx,small,2,PPTX,PPTX,1
extended_xl,XL-Synthetic_8_P__pptx_small__lsb3.png,/home/kali/Desktop/stego_dataset_expanded/stego_core_combined/XL-Synthetic_8_P__pptx_small__lsb3.png,XL-Synthetic_8_P.png,XL-Synthetic,8,P,png,P04.pptx,pptx,small,3,PPTX,PPTX,1
extended_xl,XL-Synthetic_8_P__rtf_large__lsb3.png,/home/kali/Desktop/stego_dataset_expanded/stego_core_combined/XL-Synthetic_8_P__rtf_large__lsb3.png,XL-Synthetic_8_P.png,XL-Synthetic,8,P,png,P05.rtf,rtf,large,3,RTF,RTF,1
extended_xl,XL-Synthetic_8_P__rtf_medium__lsb2.png,/home/kali/Desktop/stego_dataset_expanded/stego_core_combined/XL-Synthetic_8_P__rtf_medium__lsb2.png,XL-Synthetic_8_P.png,XL-Synthetic,8,P,png,P05.rtf,rtf,medium,2,RTF,RTF,1
extended_xl,XL-Synthetic_8_P__rtf_medium__lsb3.png,/home/kali/Desktop/stego_dataset_expanded/stego_core_combined/XL-Synthetic_8_P__rtf_medium__lsb3.png,XL-Synthetic_8_P.png,XL-Synthetic,8,P,png,P05.rtf,rtf,medium,3,RTF,RTF,1
extended_xl,XL-Synthetic_8_P__rtf_small__lsb1.png,/home/kali/Desktop/stego_dataset_expanded/stego_core_combined/XL-Synthetic_8_P__rtf_small__lsb1.png,XL-Synthetic_8_P.png,XL-Synthetic,8,P,png,P05.rtf,rtf,small,1,RTF,RTF,1
extended_xl,XL-Synthetic_8_P__rtf_small__lsb2.png,/home/kali/Desktop/stego_dataset_expanded/stego_core_combined/XL-Synthetic_8_P__rtf_small__lsb2.png,XL-Synthetic_8_P.png,XL-Synthetic,8,P,png,P05.rtf,rtf,small,2,RTF,RTF,1
extended_xl,XL-Synthetic_8_P__rtf_small__lsb3.png,/home/kali/Desktop/stego_dataset_expanded/stego_core_combined/XL-Synthetic_8_P__rtf_small__lsb3.png,XL-Synthetic_8_P.png,XL-Synthetic,8,P,png,P05.rtf,rtf,small,3,RTF,RTF,1
extended_xl,XL-Synthetic_8_P__xlsx_large__lsb3.png,/home/kali/Desktop/stego_dataset_expanded/stego_core_combined/XL-Synthetic_8_P__xlsx_large__lsb3.png,XL-Synthetic_8_P.png,XL-Synthetic,8,P,png,P03.xlsx,xlsx,large,3,XLSX,XLSX,1
extended_xl,XL-Synthetic_8_P__xlsx_medium__lsb2.png,/home/kali/Desktop/stego_dataset_expanded/stego_core_combined/XL-Synthetic_8_P__xlsx_medium__lsb2.png,XL-Synthetic_8_P.png,XL-Synthetic,8,P,png,P03.xlsx,xlsx,medium,2,XLSX,XLSX,1
extended_xl,XL-Synthetic_8_P__xlsx_medium__lsb3.png,/home/kali/Desktop/stego_dataset_expanded/stego_core_combined/XL-Synthetic_8_P__xlsx_medium__lsb3.png,XL-Synthetic_8_P.png,XL-Synthetic,8,P,png,P03.xlsx,xlsx,medium,3,XLSX,XLSX,1
extended_xl,XL-Synthetic_8_P__xlsx_small__lsb1.png,/home/kali/Desktop/stego_dataset_expanded/stego_core_combined/XL-Synthetic_8_P__xlsx_small__lsb1.png,XL-Synthetic_8_P.png,XL-Synthetic,8,P,png,P03.xlsx,xlsx,small,1,XLSX,XLSX,1
extended_xl,XL-Synthetic_8_P__xlsx_small__lsb2.png,/home/kali/Desktop/stego_dataset_expanded/stego_core_combined/XL-Synthetic_8_P__xlsx_small__lsb2.png,XL-Synthetic_8_P.png,XL-Synthetic,8,P,png,P03.xlsx,xlsx,small,2,XLSX,XLSX,1
extended_xl,XL-Synthetic_8_P__xlsx_small__lsb3.png,/home/kali/Desktop/stego_dataset_expanded/stego_core_combined/XL-Synthetic_8_P__xlsx_small__lsb3.png,XL-Synthetic_8_P.png,XL-Synthetic,8,P,png,P03.xlsx,xlsx,small,3,XLSX,XLSX,1
extended_xl,XL-Synthetic_9_B__docx_large__lsb1.bmp,/home/kali/Desktop/stego_dataset_expanded/stego_core_combined/XL-Synthetic_9_B__docx_large__lsb1.bmp,XL-Synthetic_9_B.bmp,XL-Synthetic,9,B,bmp,P01.docx,docx,large,1,DOCX,DOCX,1
extended_xl,XL-Synthetic_9_B__docx_large__lsb2.bmp,/home/kali/Desktop/stego_dataset_expanded/stego_core_combined/XL-Synthetic_9_B__docx_large__lsb2.bmp,XL-Synthetic_9_B.bmp,XL-Synthetic,9,B,bmp,P01.docx,docx,large,2,DOCX,DOCX,1
extended_xl,XL-Synthetic_9_B__docx_large__lsb3.bmp,/home/kali/Desktop/stego_dataset_expanded/stego_core_combined/XL-Synthetic_9_B__docx_large__lsb3.bmp,XL-Synthetic_9_B.bmp,XL-Synthetic,9,B,bmp,P01.docx,docx,large,3,DOCX,DOCX,1
extended_xl,XL-Synthetic_9_B__docx_medium__lsb1.bmp,/home/kali/Desktop/stego_dataset_expanded/stego_core_combined/XL-Synthetic_9_B__docx_medium__lsb1.bmp,XL-Synthetic_9_B.bmp,XL-Synthetic,9,B,bmp,P01.docx,docx,medium,1,DOCX,DOCX,1
extended_xl,XL-Synthetic_9_B__docx_medium__lsb2.bmp,/home/kali/Desktop/stego_dataset_expanded/stego_core_combined/XL-Synthetic_9_B__docx_medium__lsb2.bmp,XL-Synthetic_9_B.bmp,XL-Synthetic,9,B,bmp,P01.docx,docx,medium,2,DOCX,DOCX,1
extended_xl,XL-Synthetic_9_B__docx_medium__lsb3.bmp,/home/kali/Desktop/stego_dataset_expanded/stego_core_combined/XL-Synthetic_9_B__docx_medium__lsb3.bmp,XL-Synthetic_9_B.bmp,XL-Synthetic,9,B,bmp,P01.docx,docx,medium,3,DOCX,DOCX,1
extended_xl,XL-Synthetic_9_B__docx_small__lsb1.bmp,/home/kali/Desktop/stego_dataset_expanded/stego_core_combined/XL-Synthetic_9_B__docx_small__lsb1.bmp,XL-Synthetic_9_B.bmp,XL-Synthetic,9,B,bmp,P01.docx,docx,small,1,DOCX,DOCX,1
extended_xl,XL-Synthetic_9_B__docx_small__lsb2.bmp,/home/kali/Desktop/stego_dataset_expanded/stego_core_combined/XL-Synthetic_9_B__docx_small__lsb2.bmp,XL-Synthetic_9_B.bmp,XL-Synthetic,9,B,bmp,P01.docx,docx,small,2,DOCX,DOCX,1
extended_xl,XL-Synthetic_9_B__docx_small__lsb3.bmp,/home/kali/Desktop/stego_dataset_expanded/stego_core_combined/XL-Synthetic_9_B__docx_small__lsb3.bmp,XL-Synthetic_9_B.bmp,XL-Synthetic,9,B,bmp,P01.docx,docx,small,3,DOCX,DOCX,1
extended_xl,XL-Synthetic_9_B__exe_large__lsb1.bmp,/home/kali/Desktop/stego_dataset_expanded/stego_core_combined/XL-Synthetic_9_B__exe_large__lsb1.bmp,XL-Synthetic_9_B.bmp,XL-Synthetic,9,B,bmp,P06.exe,exe,large,1,EXE,EXE,1
extended_xl,XL-Synthetic_9_B__exe_large__lsb2.bmp,/home/kali/Desktop/stego_dataset_expanded/stego_core_combined/XL-Synthetic_9_B__exe_large__lsb2.bmp,XL-Synthetic_9_B.bmp,XL-Synthetic,9,B,bmp,P06.exe,exe,large,2,EXE,EXE,1
extended_xl,XL-Synthetic_9_B__exe_large__lsb3.bmp,/home/kali/Desktop/stego_dataset_expanded/stego_core_combined/XL-Synthetic_9_B__exe_large__lsb3.bmp,XL-Synthetic_9_B.bmp,XL-Synthetic,9,B,bmp,P06.exe,exe,large,3,EXE,EXE,1
extended_xl,XL-Synthetic_9_B__exe_medium__lsb1.bmp,/home/kali/Desktop/stego_dataset_expanded/stego_core_combined/XL-Synthetic_9_B__exe_medium__lsb1.bmp,XL-Synthetic_9_B.bmp,XL-Synthetic,9,B,bmp,P06.exe,exe,medium,1,EXE,EXE,1
extended_xl,XL-Synthetic_9_B__exe_medium__lsb2.bmp,/home/kali/Desktop/stego_dataset_expanded/stego_core_combined/XL-Synthetic_9_B__exe_medium__lsb2.bmp,XL-Synthetic_9_B.bmp,XL-Synthetic,9,B,bmp,P06.exe,exe,medium,2,EXE,EXE,1
extended_xl,XL-Synthetic_9_B__exe_medium__lsb3.bmp,/home/kali/Desktop/stego_dataset_expanded/stego_core_combined/XL-Synthetic_9_B__exe_medium__lsb3.bmp,XL-Synthetic_9_B.bmp,XL-Synthetic,9,B,bmp,P06.exe,exe,medium,3,EXE,EXE,1
extended_xl,XL-Synthetic_9_B__exe_small__lsb1.bmp,/home/kali/Desktop/stego_dataset_expanded/stego_core_combined/XL-Synthetic_9_B__exe_small__lsb1.bmp,XL-Synthetic_9_B.bmp,XL-Synthetic,9,B,bmp,P06.exe,exe,small,1,EXE,EXE,1
extended_xl,XL-Synthetic_9_B__exe_small__lsb2.bmp,/home/kali/Desktop/stego_dataset_expanded/stego_core_combined/XL-Synthetic_9_B__exe_small__lsb2.bmp,XL-Synthetic_9_B.bmp,XL-Synthetic,9,B,bmp,P06.exe,exe,small,2,EXE,EXE,1
extended_xl,XL-Synthetic_9_B__exe_small__lsb3.bmp,/home/kali/Desktop/stego_dataset_expanded/stego_core_combined/XL-Synthetic_9_B__exe_small__lsb3.bmp,XL-Synthetic_9_B.bmp,XL-Synthetic,9,B,bmp,P06.exe,exe,small,3,EXE,EXE,1
extended_xl,XL-Synthetic_9_B__pdf_large__lsb1.bmp,/home/kali/Desktop/stego_dataset_expanded/stego_core_combined/XL-Synthetic_9_B__pdf_large__lsb1.bmp,XL-Synthetic_9_B.bmp,XL-Synthetic,9,B,bmp,P02.pdf,pdf,large,1,PDF,PDF,1
extended_xl,XL-Synthetic_9_B__pdf_large__lsb2.bmp,/home/kali/Desktop/stego_dataset_expanded/stego_core_combined/XL-Synthetic_9_B__pdf_large__lsb2.bmp,XL-Synthetic_9_B.bmp,XL-Synthetic,9,B,bmp,P02.pdf,pdf,large,2,PDF,PDF,1
extended_xl,XL-Synthetic_9_B__pdf_large__lsb3.bmp,/home/kali/Desktop/stego_dataset_expanded/stego_core_combined/XL-Synthetic_9_B__pdf_large__lsb3.bmp,XL-Synthetic_9_B.bmp,XL-Synthetic,9,B,bmp,P02.pdf,pdf,large,3,PDF,PDF,1
extended_xl,XL-Synthetic_9_B__pdf_medium__lsb1.bmp,/home/kali/Desktop/stego_dataset_expanded/stego_core_combined/XL-Synthetic_9_B__pdf_medium__lsb1.bmp,XL-Synthetic_9_B.bmp,XL-Synthetic,9,B,bmp,P02.pdf,pdf,medium,1,PDF,PDF,1
extended_xl,XL-Synthetic_9_B__pdf_medium__lsb2.bmp,/home/kali/Desktop/stego_dataset_expanded/stego_core_combined/XL-Synthetic_9_B__pdf_medium__lsb2.bmp,XL-Synthetic_9_B.bmp,XL-Synthetic,9,B,bmp,P02.pdf,pdf,medium,2,PDF,PDF,1
extended_xl,XL-Synthetic_9_B__pdf_medium__lsb3.bmp,/home/kali/Desktop/stego_dataset_expanded/stego_core_combined/XL-Synthetic_9_B__pdf_medium__lsb3.bmp,XL-Synthetic_9_B.bmp,XL-Synthetic,9,B,bmp,P02.pdf,pdf,medium,3,PDF,PDF,1
extended_xl,XL-Synthetic_9_B__pdf_small__lsb1.bmp,/home/kali/Desktop/stego_dataset_expanded/stego_core_combined/XL-Synthetic_9_B__pdf_small__lsb1.bmp,XL-Synthetic_9_B.bmp,XL-Synthetic,9,B,bmp,P02.pdf,pdf,small,1,PDF,PDF,1
extended_xl,XL-Synthetic_9_B__pdf_small__lsb2.bmp,/home/kali/Desktop/stego_dataset_expanded/stego_core_combined/XL-Synthetic_9_B__pdf_small__lsb2.bmp,XL-Synthetic_9_B.bmp,XL-Synthetic,9,B,bmp,P02.pdf,pdf,small,2,PDF,PDF,1
extended_xl,XL-Synthetic_9_B__pdf_small__lsb3.bmp,/home/kali/Desktop/stego_dataset_expanded/stego_core_combined/XL-Synthetic_9_B__pdf_small__lsb3.bmp,XL-Synthetic_9_B.bmp,XL-Synthetic,9,B,bmp,P02.pdf,pdf,small,3,PDF,PDF,1
extended_xl,XL-Synthetic_9_B__pptx_large__lsb1.bmp,/home/kali/Desktop/stego_dataset_expanded/stego_core_combined/XL-Synthetic_9_B__pptx_large__lsb1.bmp,XL-Synthetic_9_B.bmp,XL-Synthetic,9,B,bmp,P04.pptx,pptx,large,1,PPTX,PPTX,1
extended_xl,XL-Synthetic_9_B__pptx_large__lsb2.bmp,/home/kali/Desktop/stego_dataset_expanded/stego_core_combined/XL-Synthetic_9_B__pptx_large__lsb2.bmp,XL-Synthetic_9_B.bmp,XL-Synthetic,9,B,bmp,P04.pptx,pptx,large,2,PPTX,PPTX,1
extended_xl,XL-Synthetic_9_B__pptx_large__lsb3.bmp,/home/kali/Desktop/stego_dataset_expanded/stego_core_combined/XL-Synthetic_9_B__pptx_large__lsb3.bmp,XL-Synthetic_9_B.bmp,XL-Synthetic,9,B,bmp,P04.pptx,pptx,large,3,PPTX,PPTX,1
extended_xl,XL-Synthetic_9_B__pptx_medium__lsb1.bmp,/home/kali/Desktop/stego_dataset_expanded/stego_core_combined/XL-Synthetic_9_B__pptx_medium__lsb1.bmp,XL-Synthetic_9_B.bmp,XL-Synthetic,9,B,bmp,P04.pptx,pptx,medium,1,PPTX,PPTX,1
extended_xl,XL-Synthetic_9_B__pptx_medium__lsb2.bmp,/home/kali/Desktop/stego_dataset_expanded/stego_core_combined/XL-Synthetic_9_B__pptx_medium__lsb2.bmp,XL-Synthetic_9_B.bmp,XL-Synthetic,9,B,bmp,P04.pptx,pptx,medium,2,PPTX,PPTX,1
extended_xl,XL-Synthetic_9_B__pptx_medium__lsb3.bmp,/home/kali/Desktop/stego_dataset_expanded/stego_core_combined/XL-Synthetic_9_B__pptx_medium__lsb3.bmp,XL-Synthetic_9_B.bmp,XL-Synthetic,9,B,bmp,P04.pptx,pptx,medium,3,PPTX,PPTX,1
extended_xl,XL-Synthetic_9_B__pptx_small__lsb1.bmp,/home/kali/Desktop/stego_dataset_expanded/stego_core_combined/XL-Synthetic_9_B__pptx_small__lsb1.bmp,XL-Synthetic_9_B.bmp,XL-Synthetic,9,B,bmp,P04.pptx,pptx,small,1,PPTX,PPTX,1
extended_xl,XL-Synthetic_9_B__pptx_small__lsb2.bmp,/home/kali/Desktop/stego_dataset_expanded/stego_core_combined/XL-Synthetic_9_B__pptx_small__lsb2.bmp,XL-Synthetic_9_B.bmp,XL-Synthetic,9,B,bmp,P04.pptx,pptx,small,2,PPTX,PPTX,1
extended_xl,XL-Synthetic_9_B__pptx_small__lsb3.bmp,/home/kali/Desktop/stego_dataset_expanded/stego_core_combined/XL-Synthetic_9_B__pptx_small__lsb3.bmp,XL-Synthetic_9_B.bmp,XL-Synthetic,9,B,bmp,P04.pptx,pptx,small,3,PPTX,PPTX,1
extended_xl,XL-Synthetic_9_B__rtf_large__lsb1.bmp,/home/kali/Desktop/stego_dataset_expanded/stego_core_combined/XL-Synthetic_9_B__rtf_large__lsb1.bmp,XL-Synthetic_9_B.bmp,XL-Synthetic,9,B,bmp,P05.rtf,rtf,large,1,RTF,RTF,1
extended_xl,XL-Synthetic_9_B__rtf_large__lsb2.bmp,/home/kali/Desktop/stego_dataset_expanded/stego_core_combined/XL-Synthetic_9_B__rtf_large__lsb2.bmp,XL-Synthetic_9_B.bmp,XL-Synthetic,9,B,bmp,P05.rtf,rtf,large,2,RTF,RTF,1
extended_xl,XL-Synthetic_9_B__rtf_large__lsb3.bmp,/home/kali/Desktop/stego_dataset_expanded/stego_core_combined/XL-Synthetic_9_B__rtf_large__lsb3.bmp,XL-Synthetic_9_B.bmp,XL-Synthetic,9,B,bmp,P05.rtf,rtf,large,3,RTF,RTF,1
extended_xl,XL-Synthetic_9_B__rtf_medium__lsb1.bmp,/home/kali/Desktop/stego_dataset_expanded/stego_core_combined/XL-Synthetic_9_B__rtf_medium__lsb1.bmp,XL-Synthetic_9_B.bmp,XL-Synthetic,9,B,bmp,P05.rtf,rtf,medium,1,RTF,RTF,1
extended_xl,XL-Synthetic_9_B__rtf_medium__lsb2.bmp,/home/kali/Desktop/stego_dataset_expanded/stego_core_combined/XL-Synthetic_9_B__rtf_medium__lsb2.bmp,XL-Synthetic_9_B.bmp,XL-Synthetic,9,B,bmp,P05.rtf,rtf,medium,2,RTF,RTF,1
extended_xl,XL-Synthetic_9_B__rtf_medium__lsb3.bmp,/home/kali/Desktop/stego_dataset_expanded/stego_core_combined/XL-Synthetic_9_B__rtf_medium__lsb3.bmp,XL-Synthetic_9_B.bmp,XL-Synthetic,9,B,bmp,P05.rtf,rtf,medium,3,RTF,RTF,1
extended_xl,XL-Synthetic_9_B__rtf_small__lsb1.bmp,/home/kali/Desktop/stego_dataset_expanded/stego_core_combined/XL-Synthetic_9_B__rtf_small__lsb1.bmp,XL-Synthetic_9_B.bmp,XL-Synthetic,9,B,bmp,P05.rtf,rtf,small,1,RTF,RTF,1
extended_xl,XL-Synthetic_9_B__rtf_small__lsb2.bmp,/home/kali/Desktop/stego_dataset_expanded/stego_core_combined/XL-Synthetic_9_B__rtf_small__lsb2.bmp,XL-Synthetic_9_B.bmp,XL-Synthetic,9,B,bmp,P05.rtf,rtf,small,2,RTF,RTF,1
extended_xl,XL-Synthetic_9_B__rtf_small__lsb3.bmp,/home/kali/Desktop/stego_dataset_expanded/stego_core_combined/XL-Synthetic_9_B__rtf_small__lsb3.bmp,XL-Synthetic_9_B.bmp,XL-Synthetic,9,B,bmp,P05.rtf,rtf,small,3,RTF,RTF,1
extended_xl,XL-Synthetic_9_B__xlsx_large__lsb1.bmp,/home/kali/Desktop/stego_dataset_expanded/stego_core_combined/XL-Synthetic_9_B__xlsx_large__lsb1.bmp,XL-Synthetic_9_B.bmp,XL-Synthetic,9,B,bmp,P03.xlsx,xlsx,large,1,XLSX,XLSX,1
extended_xl,XL-Synthetic_9_B__xlsx_large__lsb2.bmp,/home/kali/Desktop/stego_dataset_expanded/stego_core_combined/XL-Synthetic_9_B__xlsx_large__lsb2.bmp,XL-Synthetic_9_B.bmp,XL-Synthetic,9,B,bmp,P03.xlsx,xlsx,large,2,XLSX,XLSX,1
extended_xl,XL-Synthetic_9_B__xlsx_large__lsb3.bmp,/home/kali/Desktop/stego_dataset_expanded/stego_core_combined/XL-Synthetic_9_B__xlsx_large__lsb3.bmp,XL-Synthetic_9_B.bmp,XL-Synthetic,9,B,bmp,P03.xlsx,xlsx,large,3,XLSX,XLSX,1
extended_xl,XL-Synthetic_9_B__xlsx_medium__lsb1.bmp,/home/kali/Desktop/stego_dataset_expanded/stego_core_combined/XL-Synthetic_9_B__xlsx_medium__lsb1.bmp,XL-Synthetic_9_B.bmp,XL-Synthetic,9,B,bmp,P03.xlsx,xlsx,medium,1,XLSX,XLSX,1
extended_xl,XL-Synthetic_9_B__xlsx_medium__lsb2.bmp,/home/kali/Desktop/stego_dataset_expanded/stego_core_combined/XL-Synthetic_9_B__xlsx_medium__lsb2.bmp,XL-Synthetic_9_B.bmp,XL-Synthetic,9,B,bmp,P03.xlsx,xlsx,medium,2,XLSX,XLSX,1
extended_xl,XL-Synthetic_9_B__xlsx_medium__lsb3.bmp,/home/kali/Desktop/stego_dataset_expanded/stego_core_combined/XL-Synthetic_9_B__xlsx_medium__lsb3.bmp,XL-Synthetic_9_B.bmp,XL-Synthetic,9,B,bmp,P03.xlsx,xlsx,medium,3,XLSX,XLSX,1
extended_xl,XL-Synthetic_9_B__xlsx_small__lsb1.bmp,/home/kali/Desktop/stego_dataset_expanded/stego_core_combined/XL-Synthetic_9_B__xlsx_small__lsb1.bmp,XL-Synthetic_9_B.bmp,XL-Synthetic,9,B,bmp,P03.xlsx,xlsx,small,1,XLSX,XLSX,1
extended_xl,XL-Synthetic_9_B__xlsx_small__lsb2.bmp,/home/kali/Desktop/stego_dataset_expanded/stego_core_combined/XL-Synthetic_9_B__xlsx_small__lsb2.bmp,XL-Synthetic_9_B.bmp,XL-Synthetic,9,B,bmp,P03.xlsx,xlsx,small,2,XLSX,XLSX,1
extended_xl,XL-Synthetic_9_B__xlsx_small__lsb3.bmp,/home/kali/Desktop/stego_dataset_expanded/stego_core_combined/XL-Synthetic_9_B__xlsx_small__lsb3.bmp,XL-Synthetic_9_B.bmp,XL-Synthetic,9,B,bmp,P03.xlsx,xlsx,small,3,XLSX,XLSX,1
extended_xl,XL-Synthetic_9_P__docx_large__lsb3.png,/home/kali/Desktop/stego_dataset_expanded/stego_core_combined/XL-Synthetic_9_P__docx_large__lsb3.png,XL-Synthetic_9_P.png,XL-Synthetic,9,P,png,P01.docx,docx,large,3,DOCX,DOCX,1
extended_xl,XL-Synthetic_9_P__docx_medium__lsb2.png,/home/kali/Desktop/stego_dataset_expanded/stego_core_combined/XL-Synthetic_9_P__docx_medium__lsb2.png,XL-Synthetic_9_P.png,XL-Synthetic,9,P,png,P01.docx,docx,medium,2,DOCX,DOCX,1
extended_xl,XL-Synthetic_9_P__docx_medium__lsb3.png,/home/kali/Desktop/stego_dataset_expanded/stego_core_combined/XL-Synthetic_9_P__docx_medium__lsb3.png,XL-Synthetic_9_P.png,XL-Synthetic,9,P,png,P01.docx,docx,medium,3,DOCX,DOCX,1
extended_xl,XL-Synthetic_9_P__docx_small__lsb1.png,/home/kali/Desktop/stego_dataset_expanded/stego_core_combined/XL-Synthetic_9_P__docx_small__lsb1.png,XL-Synthetic_9_P.png,XL-Synthetic,9,P,png,P01.docx,docx,small,1,DOCX,DOCX,1
extended_xl,XL-Synthetic_9_P__docx_small__lsb2.png,/home/kali/Desktop/stego_dataset_expanded/stego_core_combined/XL-Synthetic_9_P__docx_small__lsb2.png,XL-Synthetic_9_P.png,XL-Synthetic,9,P,png,P01.docx,docx,small,2,DOCX,DOCX,1
extended_xl,XL-Synthetic_9_P__docx_small__lsb3.png,/home/kali/Desktop/stego_dataset_expanded/stego_core_combined/XL-Synthetic_9_P__docx_small__lsb3.png,XL-Synthetic_9_P.png,XL-Synthetic,9,P,png,P01.docx,docx,small,3,DOCX,DOCX,1
extended_xl,XL-Synthetic_9_P__exe_large__lsb3.png,/home/kali/Desktop/stego_dataset_expanded/stego_core_combined/XL-Synthetic_9_P__exe_large__lsb3.png,XL-Synthetic_9_P.png,XL-Synthetic,9,P,png,P06.exe,exe,large,3,EXE,EXE,1
extended_xl,XL-Synthetic_9_P__exe_medium__lsb2.png,/home/kali/Desktop/stego_dataset_expanded/stego_core_combined/XL-Synthetic_9_P__exe_medium__lsb2.png,XL-Synthetic_9_P.png,XL-Synthetic,9,P,png,P06.exe,exe,medium,2,EXE,EXE,1
extended_xl,XL-Synthetic_9_P__exe_medium__lsb3.png,/home/kali/Desktop/stego_dataset_expanded/stego_core_combined/XL-Synthetic_9_P__exe_medium__lsb3.png,XL-Synthetic_9_P.png,XL-Synthetic,9,P,png,P06.exe,exe,medium,3,EXE,EXE,1
extended_xl,XL-Synthetic_9_P__exe_small__lsb1.png,/home/kali/Desktop/stego_dataset_expanded/stego_core_combined/XL-Synthetic_9_P__exe_small__lsb1.png,XL-Synthetic_9_P.png,XL-Synthetic,9,P,png,P06.exe,exe,small,1,EXE,EXE,1
extended_xl,XL-Synthetic_9_P__exe_small__lsb2.png,/home/kali/Desktop/stego_dataset_expanded/stego_core_combined/XL-Synthetic_9_P__exe_small__lsb2.png,XL-Synthetic_9_P.png,XL-Synthetic,9,P,png,P06.exe,exe,small,2,EXE,EXE,1
extended_xl,XL-Synthetic_9_P__exe_small__lsb3.png,/home/kali/Desktop/stego_dataset_expanded/stego_core_combined/XL-Synthetic_9_P__exe_small__lsb3.png,XL-Synthetic_9_P.png,XL-Synthetic,9,P,png,P06.exe,exe,small,3,EXE,EXE,1
extended_xl,XL-Synthetic_9_P__pdf_large__lsb3.png,/home/kali/Desktop/stego_dataset_expanded/stego_core_combined/XL-Synthetic_9_P__pdf_large__lsb3.png,XL-Synthetic_9_P.png,XL-Synthetic,9,P,png,P02.pdf,pdf,large,3,PDF,PDF,1
extended_xl,XL-Synthetic_9_P__pdf_medium__lsb2.png,/home/kali/Desktop/stego_dataset_expanded/stego_core_combined/XL-Synthetic_9_P__pdf_medium__lsb2.png,XL-Synthetic_9_P.png,XL-Synthetic,9,P,png,P02.pdf,pdf,medium,2,PDF,PDF,1
extended_xl,XL-Synthetic_9_P__pdf_medium__lsb3.png,/home/kali/Desktop/stego_dataset_expanded/stego_core_combined/XL-Synthetic_9_P__pdf_medium__lsb3.png,XL-Synthetic_9_P.png,XL-Synthetic,9,P,png,P02.pdf,pdf,medium,3,PDF,PDF,1
extended_xl,XL-Synthetic_9_P__pdf_small__lsb1.png,/home/kali/Desktop/stego_dataset_expanded/stego_core_combined/XL-Synthetic_9_P__pdf_small__lsb1.png,XL-Synthetic_9_P.png,XL-Synthetic,9,P,png,P02.pdf,pdf,small,1,PDF,PDF,1
extended_xl,XL-Synthetic_9_P__pdf_small__lsb2.png,/home/kali/Desktop/stego_dataset_expanded/stego_core_combined/XL-Synthetic_9_P__pdf_small__lsb2.png,XL-Synthetic_9_P.png,XL-Synthetic,9,P,png,P02.pdf,pdf,small,2,PDF,PDF,1
extended_xl,XL-Synthetic_9_P__pdf_small__lsb3.png,/home/kali/Desktop/stego_dataset_expanded/stego_core_combined/XL-Synthetic_9_P__pdf_small__lsb3.png,XL-Synthetic_9_P.png,XL-Synthetic,9,P,png,P02.pdf,pdf,small,3,PDF,PDF,1
extended_xl,XL-Synthetic_9_P__pptx_large__lsb3.png,/home/kali/Desktop/stego_dataset_expanded/stego_core_combined/XL-Synthetic_9_P__pptx_large__lsb3.png,XL-Synthetic_9_P.png,XL-Synthetic,9,P,png,P04.pptx,pptx,large,3,PPTX,PPTX,1
extended_xl,XL-Synthetic_9_P__pptx_medium__lsb2.png,/home/kali/Desktop/stego_dataset_expanded/stego_core_combined/XL-Synthetic_9_P__pptx_medium__lsb2.png,XL-Synthetic_9_P.png,XL-Synthetic,9,P,png,P04.pptx,pptx,medium,2,PPTX,PPTX,1
extended_xl,XL-Synthetic_9_P__pptx_medium__lsb3.png,/home/kali/Desktop/stego_dataset_expanded/stego_core_combined/XL-Synthetic_9_P__pptx_medium__lsb3.png,XL-Synthetic_9_P.png,XL-Synthetic,9,P,png,P04.pptx,pptx,medium,3,PPTX,PPTX,1
extended_xl,XL-Synthetic_9_P__pptx_small__lsb1.png,/home/kali/Desktop/stego_dataset_expanded/stego_core_combined/XL-Synthetic_9_P__pptx_small__lsb1.png,XL-Synthetic_9_P.png,XL-Synthetic,9,P,png,P04.pptx,pptx,small,1,PPTX,PPTX,1
extended_xl,XL-Synthetic_9_P__pptx_small__lsb2.png,/home/kali/Desktop/stego_dataset_expanded/stego_core_combined/XL-Synthetic_9_P__pptx_small__lsb2.png,XL-Synthetic_9_P.png,XL-Synthetic,9,P,png,P04.pptx,pptx,small,2,PPTX,PPTX,1
extended_xl,XL-Synthetic_9_P__pptx_small__lsb3.png,/home/kali/Desktop/stego_dataset_expanded/stego_core_combined/XL-Synthetic_9_P__pptx_small__lsb3.png,XL-Synthetic_9_P.png,XL-Synthetic,9,P,png,P04.pptx,pptx,small,3,PPTX,PPTX,1
extended_xl,XL-Synthetic_9_P__rtf_large__lsb3.png,/home/kali/Desktop/stego_dataset_expanded/stego_core_combined/XL-Synthetic_9_P__rtf_large__lsb3.png,XL-Synthetic_9_P.png,XL-Synthetic,9,P,png,P05.rtf,rtf,large,3,RTF,RTF,1
extended_xl,XL-Synthetic_9_P__rtf_medium__lsb2.png,/home/kali/Desktop/stego_dataset_expanded/stego_core_combined/XL-Synthetic_9_P__rtf_medium__lsb2.png,XL-Synthetic_9_P.png,XL-Synthetic,9,P,png,P05.rtf,rtf,medium,2,RTF,RTF,1
extended_xl,XL-Synthetic_9_P__rtf_medium__lsb3.png,/home/kali/Desktop/stego_dataset_expanded/stego_core_combined/XL-Synthetic_9_P__rtf_medium__lsb3.png,XL-Synthetic_9_P.png,XL-Synthetic,9,P,png,P05.rtf,rtf,medium,3,RTF,RTF,1
extended_xl,XL-Synthetic_9_P__rtf_small__lsb1.png,/home/kali/Desktop/stego_dataset_expanded/stego_core_combined/XL-Synthetic_9_P__rtf_small__lsb1.png,XL-Synthetic_9_P.png,XL-Synthetic,9,P,png,P05.rtf,rtf,small,1,RTF,RTF,1
extended_xl,XL-Synthetic_9_P__rtf_small__lsb2.png,/home/kali/Desktop/stego_dataset_expanded/stego_core_combined/XL-Synthetic_9_P__rtf_small__lsb2.png,XL-Synthetic_9_P.png,XL-Synthetic,9,P,png,P05.rtf,rtf,small,2,RTF,RTF,1
extended_xl,XL-Synthetic_9_P__rtf_small__lsb3.png,/home/kali/Desktop/stego_dataset_expanded/stego_core_combined/XL-Synthetic_9_P__rtf_small__lsb3.png,XL-Synthetic_9_P.png,XL-Synthetic,9,P,png,P05.rtf,rtf,small,3,RTF,RTF,1
extended_xl,XL-Synthetic_9_P__xlsx_large__lsb3.png,/home/kali/Desktop/stego_dataset_expanded/stego_core_combined/XL-Synthetic_9_P__xlsx_large__lsb3.png,XL-Synthetic_9_P.png,XL-Synthetic,9,P,png,P03.xlsx,xlsx,large,3,XLSX,XLSX,1
extended_xl,XL-Synthetic_9_P__xlsx_medium__lsb2.png,/home/kali/Desktop/stego_dataset_expanded/stego_core_combined/XL-Synthetic_9_P__xlsx_medium__lsb2.png,XL-Synthetic_9_P.png,XL-Synthetic,9,P,png,P03.xlsx,xlsx,medium,2,XLSX,XLSX,1
extended_xl,XL-Synthetic_9_P__xlsx_medium__lsb3.png,/home/kali/Desktop/stego_dataset_expanded/stego_core_combined/XL-Synthetic_9_P__xlsx_medium__lsb3.png,XL-Synthetic_9_P.png,XL-Synthetic,9,P,png,P03.xlsx,xlsx,medium,3,XLSX,XLSX,1
extended_xl,XL-Synthetic_9_P__xlsx_small__lsb1.png,/home/kali/Desktop/stego_dataset_expanded/stego_core_combined/XL-Synthetic_9_P__xlsx_small__lsb1.png,XL-Synthetic_9_P.png,XL-Synthetic,9,P,png,P03.xlsx,xlsx,small,1,XLSX,XLSX,1
extended_xl,XL-Synthetic_9_P__xlsx_small__lsb2.png,/home/kali/Desktop/stego_dataset_expanded/stego_core_combined/XL-Synthetic_9_P__xlsx_small__lsb2.png,XL-Synthetic_9_P.png,XL-Synthetic,9,P,png,P03.xlsx,xlsx,small,2,XLSX,XLSX,1
extended_xl,XL-Synthetic_9_P__xlsx_small__lsb3.png,/home/kali/Desktop/stego_dataset_expanded/stego_core_combined/XL-Synthetic_9_P__xlsx_small__lsb3.png,XL-Synthetic_9_P.png,XL-Synthetic,9,P,png,P03.xlsx,xlsx,small,3,XLSX,XLSX,1
