subset,cover_filename,cover_category,cover_variant,cover_size_label,cover_format,cover_mode,cover_width,cover_height,cover_channels,payload_filename,payload_type,payload_size_class,payload_size_bytes,lsb,capacity_bytes,status,reason
core,Flat-Color_1_S.bmp,Flat-Color,1,S,bmp,RGB,512,512,3,P01.docx,docx,large,1121154,1,98304,SKIP_CAPACITY,Payload exceeds cover capacity at selected LSB depth
core,Flat-Color_1_S.bmp,Flat-Color,1,S,bmp,RGB,512,512,3,P01.docx,docx,large,1121154,2,196608,SKIP_CAPACITY,Payload exceeds cover capacity at selected LSB depth
core,Flat-Color_1_S.bmp,Flat-Color,1,S,bmp,RGB,512,512,3,P01.docx,docx,large,1121154,3,294912,SKIP_CAPACITY,Payload exceeds cover capacity at selected LSB depth
core,Flat-Color_1_S.bmp,Flat-Color,1,S,bmp,RGB,512,512,3,P01.docx,docx,medium,511127,1,98304,SKIP_CAPACITY,Payload exceeds cover capacity at selected LSB depth
core,Flat-Color_1_S.bmp,Flat-Color,1,S,bmp,RGB,512,512,3,P01.docx,docx,medium,511127,2,196608,SKIP_CAPACITY,Payload exceeds cover capacity at selected LSB depth
core,Flat-Color_1_S.bmp,Flat-Color,1,S,bmp,RGB,512,512,3,P01.docx,docx,medium,511127,3,294912,SKIP_CAPACITY,Payload exceeds cover capacity at selected LSB depth
core,Flat-Color_1_S.bmp,Flat-Color,1,S,bmp,RGB,512,512,3,P01.docx,docx,small,13432,1,98304,OK,
core,Flat-Color_1_S.bmp,Flat-Color,1,S,bmp,RGB,512,512,3,P01.docx,docx,small,13432,2,196608,OK,
core,Flat-Color_1_S.bmp,Flat-Color,1,S,bmp,RGB,512,512,3,P01.docx,docx,small,13432,3,294912,OK,
core,Flat-Color_1_S.bmp,Flat-Color,1,S,bmp,RGB,512,512,3,P06.exe,exe,large,1017856,1,98304,SKIP_CAPACITY,Payload exceeds cover capacity at selected LSB depth
core,Flat-Color_1_S.bmp,Flat-Color,1,S,bmp,RGB,512,512,3,P06.exe,exe,large,1017856,2,196608,SKIP_CAPACITY,Payload exceeds cover capacity at selected LSB depth
core,Flat-Color_1_S.bmp,Flat-Color,1,S,bmp,RGB,512,512,3,P06.exe,exe,large,1017856,3,294912,SKIP_CAPACITY,Payload exceeds cover capacity at selected LSB depth
core,Flat-Color_1_S.bmp,Flat-Color,1,S,bmp,RGB,512,512,3,P06.exe,exe,medium,505856,1,98304,SKIP_CAPACITY,Payload exceeds cover capacity at selected LSB depth
core,Flat-Color_1_S.bmp,Flat-Color,1,S,bmp,RGB,512,512,3,P06.exe,exe,medium,505856,2,196608,SKIP_CAPACITY,Payload exceeds cover capacity at selected LSB depth
core,Flat-Color_1_S.bmp,Flat-Color,1,S,bmp,RGB,512,512,3,P06.exe,exe,medium,505856,3,294912,SKIP_CAPACITY,Payload exceeds cover capacity at selected LSB depth
core,Flat-Color_1_S.bmp,Flat-Color,1,S,bmp,RGB,512,512,3,P06.exe,exe,small,40448,1,98304,OK,
core,Flat-Color_1_S.bmp,Flat-Color,1,S,bmp,RGB,512,512,3,P06.exe,exe,small,40448,2,196608,OK,
core,Flat-Color_1_S.bmp,Flat-Color,1,S,bmp,RGB,512,512,3,P06.exe,exe,small,40448,3,294912,OK,
core,Flat-Color_1_S.bmp,Flat-Color,1,S,bmp,RGB,512,512,3,P02.pdf,pdf,large,1100144,1,98304,SKIP_CAPACITY,Payload exceeds cover capacity at selected LSB depth
core,Flat-Color_1_S.bmp,Flat-Color,1,S,bmp,RGB,512,512,3,P02.pdf,pdf,large,1100144,2,196608,SKIP_CAPACITY,Payload exceeds cover capacity at selected LSB depth
core,Flat-Color_1_S.bmp,Flat-Color,1,S,bmp,RGB,512,512,3,P02.pdf,pdf,large,1100144,3,294912,SKIP_CAPACITY,Payload exceeds cover capacity at selected LSB depth
core,Flat-Color_1_S.bmp,Flat-Color,1,S,bmp,RGB,512,512,3,P02.pdf,pdf,medium,510410,1,98304,SKIP_CAPACITY,Payload exceeds cover capacity at selected LSB depth
core,Flat-Color_1_S.bmp,Flat-Color,1,S,bmp,RGB,512,512,3,P02.pdf,pdf,medium,510410,2,196608,SKIP_CAPACITY,Payload exceeds cover capacity at selected LSB depth
core,Flat-Color_1_S.bmp,Flat-Color,1,S,bmp,RGB,512,512,3,P02.pdf,pdf,medium,510410,3,294912,SKIP_CAPACITY,Payload exceeds cover capacity at selected LSB depth
core,Flat-Color_1_S.bmp,Flat-Color,1,S,bmp,RGB,512,512,3,P02.pdf,pdf,small,16620,1,98304,OK,
core,Flat-Color_1_S.bmp,Flat-Color,1,S,bmp,RGB,512,512,3,P02.pdf,pdf,small,16620,2,196608,OK,
core,Flat-Color_1_S.bmp,Flat-Color,1,S,bmp,RGB,512,512,3,P02.pdf,pdf,small,16620,3,294912,OK,
core,Flat-Color_1_S.bmp,Flat-Color,1,S,bmp,RGB,512,512,3,P04.pptx,pptx,large,1082610,1,98304,SKIP_CAPACITY,Payload exceeds cover capacity at selected LSB depth
core,Flat-Color_1_S.bmp,Flat-Color,1,S,bmp,RGB,512,512,3,P04.pptx,pptx,large,1082610,2,196608,SKIP_CAPACITY,Payload exceeds cover capacity at selected LSB depth
core,Flat-Color_1_S.bmp,Flat-Color,1,S,bmp,RGB,512,512,3,P04.pptx,pptx,large,1082610,3,294912,SKIP_CAPACITY,Payload exceeds cover capacity at selected LSB depth
core,Flat-Color_1_S.bmp,Flat-Color,1,S,bmp,RGB,512,512,3,P04.pptx,pptx,medium,512113,1,98304,SKIP_CAPACITY,Payload exceeds cover capacity at selected LSB depth
core,Flat-Color_1_S.bmp,Flat-Color,1,S,bmp,RGB,512,512,3,P04.pptx,pptx,medium,512113,2,196608,SKIP_CAPACITY,Payload exceeds cover capacity at selected LSB depth
core,Flat-Color_1_S.bmp,Flat-Color,1,S,bmp,RGB,512,512,3,P04.pptx,pptx,medium,512113,3,294912,SKIP_CAPACITY,Payload exceeds cover capacity at selected LSB depth
core,Flat-Color_1_S.bmp,Flat-Color,1,S,bmp,RGB,512,512,3,P04.pptx,pptx,small,32020,1,98304,OK,
core,Flat-Color_1_S.bmp,Flat-Color,1,S,bmp,RGB,512,512,3,P04.pptx,pptx,small,32020,2,196608,OK,
core,Flat-Color_1_S.bmp,Flat-Color,1,S,bmp,RGB,512,512,3,P04.pptx,pptx,small,32020,3,294912,OK,
core,Flat-Color_1_S.bmp,Flat-Color,1,S,bmp,RGB,512,512,3,P05.rtf,rtf,large,1085026,1,98304,SKIP_CAPACITY,Payload exceeds cover capacity at selected LSB depth
core,Flat-Color_1_S.bmp,Flat-Color,1,S,bmp,RGB,512,512,3,P05.rtf,rtf,large,1085026,2,196608,SKIP_CAPACITY,Payload exceeds cover capacity at selected LSB depth
core,Flat-Color_1_S.bmp,Flat-Color,1,S,bmp,RGB,512,512,3,P05.rtf,rtf,large,1085026,3,294912,SKIP_CAPACITY,Payload exceeds cover capacity at selected LSB depth
core,Flat-Color_1_S.bmp,Flat-Color,1,S,bmp,RGB,512,512,3,P05.rtf,rtf,medium,511504,1,98304,SKIP_CAPACITY,Payload exceeds cover capacity at selected LSB depth
core,Flat-Color_1_S.bmp,Flat-Color,1,S,bmp,RGB,512,512,3,P05.rtf,rtf,medium,511504,2,196608,SKIP_CAPACITY,Payload exceeds cover capacity at selected LSB depth
core,Flat-Color_1_S.bmp,Flat-Color,1,S,bmp,RGB,512,512,3,P05.rtf,rtf,medium,511504,3,294912,SKIP_CAPACITY,Payload exceeds cover capacity at selected LSB depth
core,Flat-Color_1_S.bmp,Flat-Color,1,S,bmp,RGB,512,512,3,P05.rtf,rtf,small,50275,1,98304,OK,
core,Flat-Color_1_S.bmp,Flat-Color,1,S,bmp,RGB,512,512,3,P05.rtf,rtf,small,50275,2,196608,OK,
core,Flat-Color_1_S.bmp,Flat-Color,1,S,bmp,RGB,512,512,3,P05.rtf,rtf,small,50275,3,294912,OK,
core,Flat-Color_1_S.bmp,Flat-Color,1,S,bmp,RGB,512,512,3,P03.xlsx,xlsx,large,1090468,1,98304,SKIP_CAPACITY,Payload exceeds cover capacity at selected LSB depth
core,Flat-Color_1_S.bmp,Flat-Color,1,S,bmp,RGB,512,512,3,P03.xlsx,xlsx,large,1090468,2,196608,SKIP_CAPACITY,Payload exceeds cover capacity at selected LSB depth
core,Flat-Color_1_S.bmp,Flat-Color,1,S,bmp,RGB,512,512,3,P03.xlsx,xlsx,large,1090468,3,294912,SKIP_CAPACITY,Payload exceeds cover capacity at selected LSB depth
core,Flat-Color_1_S.bmp,Flat-Color,1,S,bmp,RGB,512,512,3,P03.xlsx,xlsx,medium,511280,1,98304,SKIP_CAPACITY,Payload exceeds cover capacity at selected LSB depth
core,Flat-Color_1_S.bmp,Flat-Color,1,S,bmp,RGB,512,512,3,P03.xlsx,xlsx,medium,511280,2,196608,SKIP_CAPACITY,Payload exceeds cover capacity at selected LSB depth
core,Flat-Color_1_S.bmp,Flat-Color,1,S,bmp,RGB,512,512,3,P03.xlsx,xlsx,medium,511280,3,294912,SKIP_CAPACITY,Payload exceeds cover capacity at selected LSB depth
core,Flat-Color_1_S.bmp,Flat-Color,1,S,bmp,RGB,512,512,3,P03.xlsx,xlsx,small,8899,1,98304,OK,
core,Flat-Color_1_S.bmp,Flat-Color,1,S,bmp,RGB,512,512,3,P03.xlsx,xlsx,small,8899,2,196608,OK,
core,Flat-Color_1_S.bmp,Flat-Color,1,S,bmp,RGB,512,512,3,P03.xlsx,xlsx,small,8899,3,294912,OK,
core,Flat-Color_2_M.png,Flat-Color,2,M,png,RGB,1024,1024,3,P01.docx,docx,large,1121154,1,393216,SKIP_CAPACITY,Payload exceeds cover capacity at selected LSB depth
core,Flat-Color_2_M.png,Flat-Color,2,M,png,RGB,1024,1024,3,P01.docx,docx,large,1121154,2,786432,SKIP_CAPACITY,Payload exceeds cover capacity at selected LSB depth
core,Flat-Color_2_M.png,Flat-Color,2,M,png,RGB,1024,1024,3,P01.docx,docx,large,1121154,3,1179648,OK,
core,Flat-Color_2_M.png,Flat-Color,2,M,png,RGB,1024,1024,3,P01.docx,docx,medium,511127,1,393216,SKIP_CAPACITY,Payload exceeds cover capacity at selected LSB depth
core,Flat-Color_2_M.png,Flat-Color,2,M,png,RGB,1024,1024,3,P01.docx,docx,medium,511127,2,786432,OK,
core,Flat-Color_2_M.png,Flat-Color,2,M,png,RGB,1024,1024,3,P01.docx,docx,medium,511127,3,1179648,OK,
core,Flat-Color_2_M.png,Flat-Color,2,M,png,RGB,1024,1024,3,P01.docx,docx,small,13432,1,393216,OK,
core,Flat-Color_2_M.png,Flat-Color,2,M,png,RGB,1024,1024,3,P01.docx,docx,small,13432,2,786432,OK,
core,Flat-Color_2_M.png,Flat-Color,2,M,png,RGB,1024,1024,3,P01.docx,docx,small,13432,3,1179648,OK,
core,Flat-Color_2_M.png,Flat-Color,2,M,png,RGB,1024,1024,3,P06.exe,exe,large,1017856,1,393216,SKIP_CAPACITY,Payload exceeds cover capacity at selected LSB depth
core,Flat-Color_2_M.png,Flat-Color,2,M,png,RGB,1024,1024,3,P06.exe,exe,large,1017856,2,786432,SKIP_CAPACITY,Payload exceeds cover capacity at selected LSB depth
core,Flat-Color_2_M.png,Flat-Color,2,M,png,RGB,1024,1024,3,P06.exe,exe,large,1017856,3,1179648,OK,
core,Flat-Color_2_M.png,Flat-Color,2,M,png,RGB,1024,1024,3,P06.exe,exe,medium,505856,1,393216,SKIP_CAPACITY,Payload exceeds cover capacity at selected LSB depth
core,Flat-Color_2_M.png,Flat-Color,2,M,png,RGB,1024,1024,3,P06.exe,exe,medium,505856,2,786432,OK,
core,Flat-Color_2_M.png,Flat-Color,2,M,png,RGB,1024,1024,3,P06.exe,exe,medium,505856,3,1179648,OK,
core,Flat-Color_2_M.png,Flat-Color,2,M,png,RGB,1024,1024,3,P06.exe,exe,small,40448,1,393216,OK,
core,Flat-Color_2_M.png,Flat-Color,2,M,png,RGB,1024,1024,3,P06.exe,exe,small,40448,2,786432,OK,
core,Flat-Color_2_M.png,Flat-Color,2,M,png,RGB,1024,1024,3,P06.exe,exe,small,40448,3,1179648,OK,
core,Flat-Color_2_M.png,Flat-Color,2,M,png,RGB,1024,1024,3,P02.pdf,pdf,large,1100144,1,393216,SKIP_CAPACITY,Payload exceeds cover capacity at selected LSB depth
core,Flat-Color_2_M.png,Flat-Color,2,M,png,RGB,1024,1024,3,P02.pdf,pdf,large,1100144,2,786432,SKIP_CAPACITY,Payload exceeds cover capacity at selected LSB depth
core,Flat-Color_2_M.png,Flat-Color,2,M,png,RGB,1024,1024,3,P02.pdf,pdf,large,1100144,3,1179648,OK,
core,Flat-Color_2_M.png,Flat-Color,2,M,png,RGB,1024,1024,3,P02.pdf,pdf,medium,510410,1,393216,SKIP_CAPACITY,Payload exceeds cover capacity at selected LSB depth
core,Flat-Color_2_M.png,Flat-Color,2,M,png,RGB,1024,1024,3,P02.pdf,pdf,medium,510410,2,786432,OK,
core,Flat-Color_2_M.png,Flat-Color,2,M,png,RGB,1024,1024,3,P02.pdf,pdf,medium,510410,3,1179648,OK,
core,Flat-Color_2_M.png,Flat-Color,2,M,png,RGB,1024,1024,3,P02.pdf,pdf,small,16620,1,393216,OK,
core,Flat-Color_2_M.png,Flat-Color,2,M,png,RGB,1024,1024,3,P02.pdf,pdf,small,16620,2,786432,OK,
core,Flat-Color_2_M.png,Flat-Color,2,M,png,RGB,1024,1024,3,P02.pdf,pdf,small,16620,3,1179648,OK,
core,Flat-Color_2_M.png,Flat-Color,2,M,png,RGB,1024,1024,3,P04.pptx,pptx,large,1082610,1,393216,SKIP_CAPACITY,Payload exceeds cover capacity at selected LSB depth
core,Flat-Color_2_M.png,Flat-Color,2,M,png,RGB,1024,1024,3,P04.pptx,pptx,large,1082610,2,786432,SKIP_CAPACITY,Payload exceeds cover capacity at selected LSB depth
core,Flat-Color_2_M.png,Flat-Color,2,M,png,RGB,1024,1024,3,P04.pptx,pptx,large,1082610,3,1179648,OK,
core,Flat-Color_2_M.png,Flat-Color,2,M,png,RGB,1024,1024,3,P04.pptx,pptx,medium,512113,1,393216,SKIP_CAPACITY,Payload exceeds cover capacity at selected LSB depth
core,Flat-Color_2_M.png,Flat-Color,2,M,png,RGB,1024,1024,3,P04.pptx,pptx,medium,512113,2,786432,OK,
core,Flat-Color_2_M.png,Flat-Color,2,M,png,RGB,1024,1024,3,P04.pptx,pptx,medium,512113,3,1179648,OK,
core,Flat-Color_2_M.png,Flat-Color,2,M,png,RGB,1024,1024,3,P04.pptx,pptx,small,32020,1,393216,OK,
core,Flat-Color_2_M.png,Flat-Color,2,M,png,RGB,1024,1024,3,P04.pptx,pptx,small,32020,2,786432,OK,
core,Flat-Color_2_M.png,Flat-Color,2,M,png,RGB,1024,1024,3,P04.pptx,pptx,small,32020,3,1179648,OK,
core,Flat-Color_2_M.png,Flat-Color,2,M,png,RGB,1024,1024,3,P05.rtf,rtf,large,1085026,1,393216,SKIP_CAPACITY,Payload exceeds cover capacity at selected LSB depth
core,Flat-Color_2_M.png,Flat-Color,2,M,png,RGB,1024,1024,3,P05.rtf,rtf,large,1085026,2,786432,SKIP_CAPACITY,Payload exceeds cover capacity at selected LSB depth
core,Flat-Color_2_M.png,Flat-Color,2,M,png,RGB,1024,1024,3,P05.rtf,rtf,large,1085026,3,1179648,OK,
core,Flat-Color_2_M.png,Flat-Color,2,M,png,RGB,1024,1024,3,P05.rtf,rtf,medium,511504,1,393216,SKIP_CAPACITY,Payload exceeds cover capacity at selected LSB depth
core,Flat-Color_2_M.png,Flat-Color,2,M,png,RGB,1024,1024,3,P05.rtf,rtf,medium,511504,2,786432,OK,
core,Flat-Color_2_M.png,Flat-Color,2,M,png,RGB,1024,1024,3,P05.rtf,rtf,medium,511504,3,1179648,OK,
core,Flat-Color_2_M.png,Flat-Color,2,M,png,RGB,1024,1024,3,P05.rtf,rtf,small,50275,1,393216,OK,
core,Flat-Color_2_M.png,Flat-Color,2,M,png,RGB,1024,1024,3,P05.rtf,rtf,small,50275,2,786432,OK,
core,Flat-Color_2_M.png,Flat-Color,2,M,png,RGB,1024,1024,3,P05.rtf,rtf,small,50275,3,1179648,OK,
core,Flat-Color_2_M.png,Flat-Color,2,M,png,RGB,1024,1024,3,P03.xlsx,xlsx,large,1090468,1,393216,SKIP_CAPACITY,Payload exceeds cover capacity at selected LSB depth
core,Flat-Color_2_M.png,Flat-Color,2,M,png,RGB,1024,1024,3,P03.xlsx,xlsx,large,1090468,2,786432,SKIP_CAPACITY,Payload exceeds cover capacity at selected LSB depth
core,Flat-Color_2_M.png,Flat-Color,2,M,png,RGB,1024,1024,3,P03.xlsx,xlsx,large,1090468,3,1179648,OK,
core,Flat-Color_2_M.png,Flat-Color,2,M,png,RGB,1024,1024,3,P03.xlsx,xlsx,medium,511280,1,393216,SKIP_CAPACITY,Payload exceeds cover capacity at selected LSB depth
core,Flat-Color_2_M.png,Flat-Color,2,M,png,RGB,1024,1024,3,P03.xlsx,xlsx,medium,511280,2,786432,OK,
core,Flat-Color_2_M.png,Flat-Color,2,M,png,RGB,1024,1024,3,P03.xlsx,xlsx,medium,511280,3,1179648,OK,
core,Flat-Color_2_M.png,Flat-Color,2,M,png,RGB,1024,1024,3,P03.xlsx,xlsx,small,8899,1,393216,OK,
core,Flat-Color_2_M.png,Flat-Color,2,M,png,RGB,1024,1024,3,P03.xlsx,xlsx,small,8899,2,786432,OK,
core,Flat-Color_2_M.png,Flat-Color,2,M,png,RGB,1024,1024,3,P03.xlsx,xlsx,small,8899,3,1179648,OK,
core,Grayscale_1_S.png,Grayscale,1,S,png,L,512,512,1,P01.docx,docx,large,1121154,1,32768,SKIP_TOOL_LIMITATION,StegoLSB grayscale PNG iterable pixel failure
core,Grayscale_1_S.png,Grayscale,1,S,png,L,512,512,1,P01.docx,docx,large,1121154,2,65536,SKIP_TOOL_LIMITATION,StegoLSB grayscale PNG iterable pixel failure
core,Grayscale_1_S.png,Grayscale,1,S,png,L,512,512,1,P01.docx,docx,large,1121154,3,98304,SKIP_TOOL_LIMITATION,StegoLSB grayscale PNG iterable pixel failure
core,Grayscale_1_S.png,Grayscale,1,S,png,L,512,512,1,P01.docx,docx,medium,511127,1,32768,SKIP_TOOL_LIMITATION,StegoLSB grayscale PNG iterable pixel failure
core,Grayscale_1_S.png,Grayscale,1,S,png,L,512,512,1,P01.docx,docx,medium,511127,2,65536,SKIP_TOOL_LIMITATION,StegoLSB grayscale PNG iterable pixel failure
core,Grayscale_1_S.png,Grayscale,1,S,png,L,512,512,1,P01.docx,docx,medium,511127,3,98304,SKIP_TOOL_LIMITATION,StegoLSB grayscale PNG iterable pixel failure
core,Grayscale_1_S.png,Grayscale,1,S,png,L,512,512,1,P01.docx,docx,small,13432,1,32768,SKIP_TOOL_LIMITATION,StegoLSB grayscale PNG iterable pixel failure
core,Grayscale_1_S.png,Grayscale,1,S,png,L,512,512,1,P01.docx,docx,small,13432,2,65536,SKIP_TOOL_LIMITATION,StegoLSB grayscale PNG iterable pixel failure
core,Grayscale_1_S.png,Grayscale,1,S,png,L,512,512,1,P01.docx,docx,small,13432,3,98304,SKIP_TOOL_LIMITATION,StegoLSB grayscale PNG iterable pixel failure
core,Grayscale_1_S.png,Grayscale,1,S,png,L,512,512,1,P06.exe,exe,large,1017856,1,32768,SKIP_TOOL_LIMITATION,StegoLSB grayscale PNG iterable pixel failure
core,Grayscale_1_S.png,Grayscale,1,S,png,L,512,512,1,P06.exe,exe,large,1017856,2,65536,SKIP_TOOL_LIMITATION,StegoLSB grayscale PNG iterable pixel failure
core,Grayscale_1_S.png,Grayscale,1,S,png,L,512,512,1,P06.exe,exe,large,1017856,3,98304,SKIP_TOOL_LIMITATION,StegoLSB grayscale PNG iterable pixel failure
core,Grayscale_1_S.png,Grayscale,1,S,png,L,512,512,1,P06.exe,exe,medium,505856,1,32768,SKIP_TOOL_LIMITATION,StegoLSB grayscale PNG iterable pixel failure
core,Grayscale_1_S.png,Grayscale,1,S,png,L,512,512,1,P06.exe,exe,medium,505856,2,65536,SKIP_TOOL_LIMITATION,StegoLSB grayscale PNG iterable pixel failure
core,Grayscale_1_S.png,Grayscale,1,S,png,L,512,512,1,P06.exe,exe,medium,505856,3,98304,SKIP_TOOL_LIMITATION,StegoLSB grayscale PNG iterable pixel failure
core,Grayscale_1_S.png,Grayscale,1,S,png,L,512,512,1,P06.exe,exe,small,40448,1,32768,SKIP_TOOL_LIMITATION,StegoLSB grayscale PNG iterable pixel failure
core,Grayscale_1_S.png,Grayscale,1,S,png,L,512,512,1,P06.exe,exe,small,40448,2,65536,SKIP_TOOL_LIMITATION,StegoLSB grayscale PNG iterable pixel failure
core,Grayscale_1_S.png,Grayscale,1,S,png,L,512,512,1,P06.exe,exe,small,40448,3,98304,SKIP_TOOL_LIMITATION,StegoLSB grayscale PNG iterable pixel failure
core,Grayscale_1_S.png,Grayscale,1,S,png,L,512,512,1,P02.pdf,pdf,large,1100144,1,32768,SKIP_TOOL_LIMITATION,StegoLSB grayscale PNG iterable pixel failure
core,Grayscale_1_S.png,Grayscale,1,S,png,L,512,512,1,P02.pdf,pdf,large,1100144,2,65536,SKIP_TOOL_LIMITATION,StegoLSB grayscale PNG iterable pixel failure
core,Grayscale_1_S.png,Grayscale,1,S,png,L,512,512,1,P02.pdf,pdf,large,1100144,3,98304,SKIP_TOOL_LIMITATION,StegoLSB grayscale PNG iterable pixel failure
core,Grayscale_1_S.png,Grayscale,1,S,png,L,512,512,1,P02.pdf,pdf,medium,510410,1,32768,SKIP_TOOL_LIMITATION,StegoLSB grayscale PNG iterable pixel failure
core,Grayscale_1_S.png,Grayscale,1,S,png,L,512,512,1,P02.pdf,pdf,medium,510410,2,65536,SKIP_TOOL_LIMITATION,StegoLSB grayscale PNG iterable pixel failure
core,Grayscale_1_S.png,Grayscale,1,S,png,L,512,512,1,P02.pdf,pdf,medium,510410,3,98304,SKIP_TOOL_LIMITATION,StegoLSB grayscale PNG iterable pixel failure
core,Grayscale_1_S.png,Grayscale,1,S,png,L,512,512,1,P02.pdf,pdf,small,16620,1,32768,SKIP_TOOL_LIMITATION,StegoLSB grayscale PNG iterable pixel failure
core,Grayscale_1_S.png,Grayscale,1,S,png,L,512,512,1,P02.pdf,pdf,small,16620,2,65536,SKIP_TOOL_LIMITATION,StegoLSB grayscale PNG iterable pixel failure
core,Grayscale_1_S.png,Grayscale,1,S,png,L,512,512,1,P02.pdf,pdf,small,16620,3,98304,SKIP_TOOL_LIMITATION,StegoLSB grayscale PNG iterable pixel failure
core,Grayscale_1_S.png,Grayscale,1,S,png,L,512,512,1,P04.pptx,pptx,large,1082610,1,32768,SKIP_TOOL_LIMITATION,StegoLSB grayscale PNG iterable pixel failure
core,Grayscale_1_S.png,Grayscale,1,S,png,L,512,512,1,P04.pptx,pptx,large,1082610,2,65536,SKIP_TOOL_LIMITATION,StegoLSB grayscale PNG iterable pixel failure
core,Grayscale_1_S.png,Grayscale,1,S,png,L,512,512,1,P04.pptx,pptx,large,1082610,3,98304,SKIP_TOOL_LIMITATION,StegoLSB grayscale PNG iterable pixel failure
core,Grayscale_1_S.png,Grayscale,1,S,png,L,512,512,1,P04.pptx,pptx,medium,512113,1,32768,SKIP_TOOL_LIMITATION,StegoLSB grayscale PNG iterable pixel failure
core,Grayscale_1_S.png,Grayscale,1,S,png,L,512,512,1,P04.pptx,pptx,medium,512113,2,65536,SKIP_TOOL_LIMITATION,StegoLSB grayscale PNG iterable pixel failure
core,Grayscale_1_S.png,Grayscale,1,S,png,L,512,512,1,P04.pptx,pptx,medium,512113,3,98304,SKIP_TOOL_LIMITATION,StegoLSB grayscale PNG iterable pixel failure
core,Grayscale_1_S.png,Grayscale,1,S,png,L,512,512,1,P04.pptx,pptx,small,32020,1,32768,SKIP_TOOL_LIMITATION,StegoLSB grayscale PNG iterable pixel failure
core,Grayscale_1_S.png,Grayscale,1,S,png,L,512,512,1,P04.pptx,pptx,small,32020,2,65536,SKIP_TOOL_LIMITATION,StegoLSB grayscale PNG iterable pixel failure
core,Grayscale_1_S.png,Grayscale,1,S,png,L,512,512,1,P04.pptx,pptx,small,32020,3,98304,SKIP_TOOL_LIMITATION,StegoLSB grayscale PNG iterable pixel failure
core,Grayscale_1_S.png,Grayscale,1,S,png,L,512,512,1,P05.rtf,rtf,large,1085026,1,32768,SKIP_TOOL_LIMITATION,StegoLSB grayscale PNG iterable pixel failure
core,Grayscale_1_S.png,Grayscale,1,S,png,L,512,512,1,P05.rtf,rtf,large,1085026,2,65536,SKIP_TOOL_LIMITATION,StegoLSB grayscale PNG iterable pixel failure
core,Grayscale_1_S.png,Grayscale,1,S,png,L,512,512,1,P05.rtf,rtf,large,1085026,3,98304,SKIP_TOOL_LIMITATION,StegoLSB grayscale PNG iterable pixel failure
core,Grayscale_1_S.png,Grayscale,1,S,png,L,512,512,1,P05.rtf,rtf,medium,511504,1,32768,SKIP_TOOL_LIMITATION,StegoLSB grayscale PNG iterable pixel failure
core,Grayscale_1_S.png,Grayscale,1,S,png,L,512,512,1,P05.rtf,rtf,medium,511504,2,65536,SKIP_TOOL_LIMITATION,StegoLSB grayscale PNG iterable pixel failure
core,Grayscale_1_S.png,Grayscale,1,S,png,L,512,512,1,P05.rtf,rtf,medium,511504,3,98304,SKIP_TOOL_LIMITATION,StegoLSB grayscale PNG iterable pixel failure
core,Grayscale_1_S.png,Grayscale,1,S,png,L,512,512,1,P05.rtf,rtf,small,50275,1,32768,SKIP_TOOL_LIMITATION,StegoLSB grayscale PNG iterable pixel failure
core,Grayscale_1_S.png,Grayscale,1,S,png,L,512,512,1,P05.rtf,rtf,small,50275,2,65536,SKIP_TOOL_LIMITATION,StegoLSB grayscale PNG iterable pixel failure
core,Grayscale_1_S.png,Grayscale,1,S,png,L,512,512,1,P05.rtf,rtf,small,50275,3,98304,SKIP_TOOL_LIMITATION,StegoLSB grayscale PNG iterable pixel failure
core,Grayscale_1_S.png,Grayscale,1,S,png,L,512,512,1,P03.xlsx,xlsx,large,1090468,1,32768,SKIP_TOOL_LIMITATION,StegoLSB grayscale PNG iterable pixel failure
core,Grayscale_1_S.png,Grayscale,1,S,png,L,512,512,1,P03.xlsx,xlsx,large,1090468,2,65536,SKIP_TOOL_LIMITATION,StegoLSB grayscale PNG iterable pixel failure
core,Grayscale_1_S.png,Grayscale,1,S,png,L,512,512,1,P03.xlsx,xlsx,large,1090468,3,98304,SKIP_TOOL_LIMITATION,StegoLSB grayscale PNG iterable pixel failure
core,Grayscale_1_S.png,Grayscale,1,S,png,L,512,512,1,P03.xlsx,xlsx,medium,511280,1,32768,SKIP_TOOL_LIMITATION,StegoLSB grayscale PNG iterable pixel failure
core,Grayscale_1_S.png,Grayscale,1,S,png,L,512,512,1,P03.xlsx,xlsx,medium,511280,2,65536,SKIP_TOOL_LIMITATION,StegoLSB grayscale PNG iterable pixel failure
core,Grayscale_1_S.png,Grayscale,1,S,png,L,512,512,1,P03.xlsx,xlsx,medium,511280,3,98304,SKIP_TOOL_LIMITATION,StegoLSB grayscale PNG iterable pixel failure
core,Grayscale_1_S.png,Grayscale,1,S,png,L,512,512,1,P03.xlsx,xlsx,small,8899,1,32768,SKIP_TOOL_LIMITATION,StegoLSB grayscale PNG iterable pixel failure
core,Grayscale_1_S.png,Grayscale,1,S,png,L,512,512,1,P03.xlsx,xlsx,small,8899,2,65536,SKIP_TOOL_LIMITATION,StegoLSB grayscale PNG iterable pixel failure
core,Grayscale_1_S.png,Grayscale,1,S,png,L,512,512,1,P03.xlsx,xlsx,small,8899,3,98304,SKIP_TOOL_LIMITATION,StegoLSB grayscale PNG iterable pixel failure
core,Grayscale_2_M.bmp,Grayscale,2,M,bmp,RGB,1024,1024,3,P01.docx,docx,large,1121154,1,393216,SKIP_CAPACITY,Payload exceeds cover capacity at selected LSB depth
core,Grayscale_2_M.bmp,Grayscale,2,M,bmp,RGB,1024,1024,3,P01.docx,docx,large,1121154,2,786432,SKIP_CAPACITY,Payload exceeds cover capacity at selected LSB depth
core,Grayscale_2_M.bmp,Grayscale,2,M,bmp,RGB,1024,1024,3,P01.docx,docx,large,1121154,3,1179648,OK,
core,Grayscale_2_M.bmp,Grayscale,2,M,bmp,RGB,1024,1024,3,P01.docx,docx,medium,511127,1,393216,SKIP_CAPACITY,Payload exceeds cover capacity at selected LSB depth
core,Grayscale_2_M.bmp,Grayscale,2,M,bmp,RGB,1024,1024,3,P01.docx,docx,medium,511127,2,786432,OK,
core,Grayscale_2_M.bmp,Grayscale,2,M,bmp,RGB,1024,1024,3,P01.docx,docx,medium,511127,3,1179648,OK,
core,Grayscale_2_M.bmp,Grayscale,2,M,bmp,RGB,1024,1024,3,P01.docx,docx,small,13432,1,393216,OK,
core,Grayscale_2_M.bmp,Grayscale,2,M,bmp,RGB,1024,1024,3,P01.docx,docx,small,13432,2,786432,OK,
core,Grayscale_2_M.bmp,Grayscale,2,M,bmp,RGB,1024,1024,3,P01.docx,docx,small,13432,3,1179648,OK,
core,Grayscale_2_M.bmp,Grayscale,2,M,bmp,RGB,1024,1024,3,P06.exe,exe,large,1017856,1,393216,SKIP_CAPACITY,Payload exceeds cover capacity at selected LSB depth
core,Grayscale_2_M.bmp,Grayscale,2,M,bmp,RGB,1024,1024,3,P06.exe,exe,large,1017856,2,786432,SKIP_CAPACITY,Payload exceeds cover capacity at selected LSB depth
core,Grayscale_2_M.bmp,Grayscale,2,M,bmp,RGB,1024,1024,3,P06.exe,exe,large,1017856,3,1179648,OK,
core,Grayscale_2_M.bmp,Grayscale,2,M,bmp,RGB,1024,1024,3,P06.exe,exe,medium,505856,1,393216,SKIP_CAPACITY,Payload exceeds cover capacity at selected LSB depth
core,Grayscale_2_M.bmp,Grayscale,2,M,bmp,RGB,1024,1024,3,P06.exe,exe,medium,505856,2,786432,OK,
core,Grayscale_2_M.bmp,Grayscale,2,M,bmp,RGB,1024,1024,3,P06.exe,exe,medium,505856,3,1179648,OK,
core,Grayscale_2_M.bmp,Grayscale,2,M,bmp,RGB,1024,1024,3,P06.exe,exe,small,40448,1,393216,OK,
core,Grayscale_2_M.bmp,Grayscale,2,M,bmp,RGB,1024,1024,3,P06.exe,exe,small,40448,2,786432,OK,
core,Grayscale_2_M.bmp,Grayscale,2,M,bmp,RGB,1024,1024,3,P06.exe,exe,small,40448,3,1179648,OK,
core,Grayscale_2_M.bmp,Grayscale,2,M,bmp,RGB,1024,1024,3,P02.pdf,pdf,large,1100144,1,393216,SKIP_CAPACITY,Payload exceeds cover capacity at selected LSB depth
core,Grayscale_2_M.bmp,Grayscale,2,M,bmp,RGB,1024,1024,3,P02.pdf,pdf,large,1100144,2,786432,SKIP_CAPACITY,Payload exceeds cover capacity at selected LSB depth
core,Grayscale_2_M.bmp,Grayscale,2,M,bmp,RGB,1024,1024,3,P02.pdf,pdf,large,1100144,3,1179648,OK,
core,Grayscale_2_M.bmp,Grayscale,2,M,bmp,RGB,1024,1024,3,P02.pdf,pdf,medium,510410,1,393216,SKIP_CAPACITY,Payload exceeds cover capacity at selected LSB depth
core,Grayscale_2_M.bmp,Grayscale,2,M,bmp,RGB,1024,1024,3,P02.pdf,pdf,medium,510410,2,786432,OK,
core,Grayscale_2_M.bmp,Grayscale,2,M,bmp,RGB,1024,1024,3,P02.pdf,pdf,medium,510410,3,1179648,OK,
core,Grayscale_2_M.bmp,Grayscale,2,M,bmp,RGB,1024,1024,3,P02.pdf,pdf,small,16620,1,393216,OK,
core,Grayscale_2_M.bmp,Grayscale,2,M,bmp,RGB,1024,1024,3,P02.pdf,pdf,small,16620,2,786432,OK,
core,Grayscale_2_M.bmp,Grayscale,2,M,bmp,RGB,1024,1024,3,P02.pdf,pdf,small,16620,3,1179648,OK,
core,Grayscale_2_M.bmp,Grayscale,2,M,bmp,RGB,1024,1024,3,P04.pptx,pptx,large,1082610,1,393216,SKIP_CAPACITY,Payload exceeds cover capacity at selected LSB depth
core,Grayscale_2_M.bmp,Grayscale,2,M,bmp,RGB,1024,1024,3,P04.pptx,pptx,large,1082610,2,786432,SKIP_CAPACITY,Payload exceeds cover capacity at selected LSB depth
core,Grayscale_2_M.bmp,Grayscale,2,M,bmp,RGB,1024,1024,3,P04.pptx,pptx,large,1082610,3,1179648,OK,
core,Grayscale_2_M.bmp,Grayscale,2,M,bmp,RGB,1024,1024,3,P04.pptx,pptx,medium,512113,1,393216,SKIP_CAPACITY,Payload exceeds cover capacity at selected LSB depth
core,Grayscale_2_M.bmp,Grayscale,2,M,bmp,RGB,1024,1024,3,P04.pptx,pptx,medium,512113,2,786432,OK,
core,Grayscale_2_M.bmp,Grayscale,2,M,bmp,RGB,1024,1024,3,P04.pptx,pptx,medium,512113,3,1179648,OK,
core,Grayscale_2_M.bmp,Grayscale,2,M,bmp,RGB,1024,1024,3,P04.pptx,pptx,small,32020,1,393216,OK,
core,Grayscale_2_M.bmp,Grayscale,2,M,bmp,RGB,1024,1024,3,P04.pptx,pptx,small,32020,2,786432,OK,
core,Grayscale_2_M.bmp,Grayscale,2,M,bmp,RGB,1024,1024,3,P04.pptx,pptx,small,32020,3,1179648,OK,
core,Grayscale_2_M.bmp,Grayscale,2,M,bmp,RGB,1024,1024,3,P05.rtf,rtf,large,1085026,1,393216,SKIP_CAPACITY,Payload exceeds cover capacity at selected LSB depth
core,Grayscale_2_M.bmp,Grayscale,2,M,bmp,RGB,1024,1024,3,P05.rtf,rtf,large,1085026,2,786432,SKIP_CAPACITY,Payload exceeds cover capacity at selected LSB depth
core,Grayscale_2_M.bmp,Grayscale,2,M,bmp,RGB,1024,1024,3,P05.rtf,rtf,large,1085026,3,1179648,OK,
core,Grayscale_2_M.bmp,Grayscale,2,M,bmp,RGB,1024,1024,3,P05.rtf,rtf,medium,511504,1,393216,SKIP_CAPACITY,Payload exceeds cover capacity at selected LSB depth
core,Grayscale_2_M.bmp,Grayscale,2,M,bmp,RGB,1024,1024,3,P05.rtf,rtf,medium,511504,2,786432,OK,
core,Grayscale_2_M.bmp,Grayscale,2,M,bmp,RGB,1024,1024,3,P05.rtf,rtf,medium,511504,3,1179648,OK,
core,Grayscale_2_M.bmp,Grayscale,2,M,bmp,RGB,1024,1024,3,P05.rtf,rtf,small,50275,1,393216,OK,
core,Grayscale_2_M.bmp,Grayscale,2,M,bmp,RGB,1024,1024,3,P05.rtf,rtf,small,50275,2,786432,OK,
core,Grayscale_2_M.bmp,Grayscale,2,M,bmp,RGB,1024,1024,3,P05.rtf,rtf,small,50275,3,1179648,OK,
core,Grayscale_2_M.bmp,Grayscale,2,M,bmp,RGB,1024,1024,3,P03.xlsx,xlsx,large,1090468,1,393216,SKIP_CAPACITY,Payload exceeds cover capacity at selected LSB depth
core,Grayscale_2_M.bmp,Grayscale,2,M,bmp,RGB,1024,1024,3,P03.xlsx,xlsx,large,1090468,2,786432,SKIP_CAPACITY,Payload exceeds cover capacity at selected LSB depth
core,Grayscale_2_M.bmp,Grayscale,2,M,bmp,RGB,1024,1024,3,P03.xlsx,xlsx,large,1090468,3,1179648,OK,
core,Grayscale_2_M.bmp,Grayscale,2,M,bmp,RGB,1024,1024,3,P03.xlsx,xlsx,medium,511280,1,393216,SKIP_CAPACITY,Payload exceeds cover capacity at selected LSB depth
core,Grayscale_2_M.bmp,Grayscale,2,M,bmp,RGB,1024,1024,3,P03.xlsx,xlsx,medium,511280,2,786432,OK,
core,Grayscale_2_M.bmp,Grayscale,2,M,bmp,RGB,1024,1024,3,P03.xlsx,xlsx,medium,511280,3,1179648,OK,
core,Grayscale_2_M.bmp,Grayscale,2,M,bmp,RGB,1024,1024,3,P03.xlsx,xlsx,small,8899,1,393216,OK,
core,Grayscale_2_M.bmp,Grayscale,2,M,bmp,RGB,1024,1024,3,P03.xlsx,xlsx,small,8899,2,786432,OK,
core,Grayscale_2_M.bmp,Grayscale,2,M,bmp,RGB,1024,1024,3,P03.xlsx,xlsx,small,8899,3,1179648,OK,
core,High-Detail_1_M.png,High-Detail,1,M,png,RGB,1024,1024,3,P01.docx,docx,large,1121154,1,393216,SKIP_CAPACITY,Payload exceeds cover capacity at selected LSB depth
core,High-Detail_1_M.png,High-Detail,1,M,png,RGB,1024,1024,3,P01.docx,docx,large,1121154,2,786432,SKIP_CAPACITY,Payload exceeds cover capacity at selected LSB depth
core,High-Detail_1_M.png,High-Detail,1,M,png,RGB,1024,1024,3,P01.docx,docx,large,1121154,3,1179648,OK,
core,High-Detail_1_M.png,High-Detail,1,M,png,RGB,1024,1024,3,P01.docx,docx,medium,511127,1,393216,SKIP_CAPACITY,Payload exceeds cover capacity at selected LSB depth
core,High-Detail_1_M.png,High-Detail,1,M,png,RGB,1024,1024,3,P01.docx,docx,medium,511127,2,786432,OK,
core,High-Detail_1_M.png,High-Detail,1,M,png,RGB,1024,1024,3,P01.docx,docx,medium,511127,3,1179648,OK,
core,High-Detail_1_M.png,High-Detail,1,M,png,RGB,1024,1024,3,P01.docx,docx,small,13432,1,393216,OK,
core,High-Detail_1_M.png,High-Detail,1,M,png,RGB,1024,1024,3,P01.docx,docx,small,13432,2,786432,OK,
core,High-Detail_1_M.png,High-Detail,1,M,png,RGB,1024,1024,3,P01.docx,docx,small,13432,3,1179648,OK,
core,High-Detail_1_M.png,High-Detail,1,M,png,RGB,1024,1024,3,P06.exe,exe,large,1017856,1,393216,SKIP_CAPACITY,Payload exceeds cover capacity at selected LSB depth
core,High-Detail_1_M.png,High-Detail,1,M,png,RGB,1024,1024,3,P06.exe,exe,large,1017856,2,786432,SKIP_CAPACITY,Payload exceeds cover capacity at selected LSB depth
core,High-Detail_1_M.png,High-Detail,1,M,png,RGB,1024,1024,3,P06.exe,exe,large,1017856,3,1179648,OK,
core,High-Detail_1_M.png,High-Detail,1,M,png,RGB,1024,1024,3,P06.exe,exe,medium,505856,1,393216,SKIP_CAPACITY,Payload exceeds cover capacity at selected LSB depth
core,High-Detail_1_M.png,High-Detail,1,M,png,RGB,1024,1024,3,P06.exe,exe,medium,505856,2,786432,OK,
core,High-Detail_1_M.png,High-Detail,1,M,png,RGB,1024,1024,3,P06.exe,exe,medium,505856,3,1179648,OK,
core,High-Detail_1_M.png,High-Detail,1,M,png,RGB,1024,1024,3,P06.exe,exe,small,40448,1,393216,OK,
core,High-Detail_1_M.png,High-Detail,1,M,png,RGB,1024,1024,3,P06.exe,exe,small,40448,2,786432,OK,
core,High-Detail_1_M.png,High-Detail,1,M,png,RGB,1024,1024,3,P06.exe,exe,small,40448,3,1179648,OK,
core,High-Detail_1_M.png,High-Detail,1,M,png,RGB,1024,1024,3,P02.pdf,pdf,large,1100144,1,393216,SKIP_CAPACITY,Payload exceeds cover capacity at selected LSB depth
core,High-Detail_1_M.png,High-Detail,1,M,png,RGB,1024,1024,3,P02.pdf,pdf,large,1100144,2,786432,SKIP_CAPACITY,Payload exceeds cover capacity at selected LSB depth
core,High-Detail_1_M.png,High-Detail,1,M,png,RGB,1024,1024,3,P02.pdf,pdf,large,1100144,3,1179648,OK,
core,High-Detail_1_M.png,High-Detail,1,M,png,RGB,1024,1024,3,P02.pdf,pdf,medium,510410,1,393216,SKIP_CAPACITY,Payload exceeds cover capacity at selected LSB depth
core,High-Detail_1_M.png,High-Detail,1,M,png,RGB,1024,1024,3,P02.pdf,pdf,medium,510410,2,786432,OK,
core,High-Detail_1_M.png,High-Detail,1,M,png,RGB,1024,1024,3,P02.pdf,pdf,medium,510410,3,1179648,OK,
core,High-Detail_1_M.png,High-Detail,1,M,png,RGB,1024,1024,3,P02.pdf,pdf,small,16620,1,393216,OK,
core,High-Detail_1_M.png,High-Detail,1,M,png,RGB,1024,1024,3,P02.pdf,pdf,small,16620,2,786432,OK,
core,High-Detail_1_M.png,High-Detail,1,M,png,RGB,1024,1024,3,P02.pdf,pdf,small,16620,3,1179648,OK,
core,High-Detail_1_M.png,High-Detail,1,M,png,RGB,1024,1024,3,P04.pptx,pptx,large,1082610,1,393216,SKIP_CAPACITY,Payload exceeds cover capacity at selected LSB depth
core,High-Detail_1_M.png,High-Detail,1,M,png,RGB,1024,1024,3,P04.pptx,pptx,large,1082610,2,786432,SKIP_CAPACITY,Payload exceeds cover capacity at selected LSB depth
core,High-Detail_1_M.png,High-Detail,1,M,png,RGB,1024,1024,3,P04.pptx,pptx,large,1082610,3,1179648,OK,
core,High-Detail_1_M.png,High-Detail,1,M,png,RGB,1024,1024,3,P04.pptx,pptx,medium,512113,1,393216,SKIP_CAPACITY,Payload exceeds cover capacity at selected LSB depth
core,High-Detail_1_M.png,High-Detail,1,M,png,RGB,1024,1024,3,P04.pptx,pptx,medium,512113,2,786432,OK,
core,High-Detail_1_M.png,High-Detail,1,M,png,RGB,1024,1024,3,P04.pptx,pptx,medium,512113,3,1179648,OK,
core,High-Detail_1_M.png,High-Detail,1,M,png,RGB,1024,1024,3,P04.pptx,pptx,small,32020,1,393216,OK,
core,High-Detail_1_M.png,High-Detail,1,M,png,RGB,1024,1024,3,P04.pptx,pptx,small,32020,2,786432,OK,
core,High-Detail_1_M.png,High-Detail,1,M,png,RGB,1024,1024,3,P04.pptx,pptx,small,32020,3,1179648,OK,
core,High-Detail_1_M.png,High-Detail,1,M,png,RGB,1024,1024,3,P05.rtf,rtf,large,1085026,1,393216,SKIP_CAPACITY,Payload exceeds cover capacity at selected LSB depth
core,High-Detail_1_M.png,High-Detail,1,M,png,RGB,1024,1024,3,P05.rtf,rtf,large,1085026,2,786432,SKIP_CAPACITY,Payload exceeds cover capacity at selected LSB depth
core,High-Detail_1_M.png,High-Detail,1,M,png,RGB,1024,1024,3,P05.rtf,rtf,large,1085026,3,1179648,OK,
core,High-Detail_1_M.png,High-Detail,1,M,png,RGB,1024,1024,3,P05.rtf,rtf,medium,511504,1,393216,SKIP_CAPACITY,Payload exceeds cover capacity at selected LSB depth
core,High-Detail_1_M.png,High-Detail,1,M,png,RGB,1024,1024,3,P05.rtf,rtf,medium,511504,2,786432,OK,
core,High-Detail_1_M.png,High-Detail,1,M,png,RGB,1024,1024,3,P05.rtf,rtf,medium,511504,3,1179648,OK,
core,High-Detail_1_M.png,High-Detail,1,M,png,RGB,1024,1024,3,P05.rtf,rtf,small,50275,1,393216,OK,
core,High-Detail_1_M.png,High-Detail,1,M,png,RGB,1024,1024,3,P05.rtf,rtf,small,50275,2,786432,OK,
core,High-Detail_1_M.png,High-Detail,1,M,png,RGB,1024,1024,3,P05.rtf,rtf,small,50275,3,1179648,OK,
core,High-Detail_1_M.png,High-Detail,1,M,png,RGB,1024,1024,3,P03.xlsx,xlsx,large,1090468,1,393216,SKIP_CAPACITY,Payload exceeds cover capacity at selected LSB depth
core,High-Detail_1_M.png,High-Detail,1,M,png,RGB,1024,1024,3,P03.xlsx,xlsx,large,1090468,2,786432,SKIP_CAPACITY,Payload exceeds cover capacity at selected LSB depth
core,High-Detail_1_M.png,High-Detail,1,M,png,RGB,1024,1024,3,P03.xlsx,xlsx,large,1090468,3,1179648,OK,
core,High-Detail_1_M.png,High-Detail,1,M,png,RGB,1024,1024,3,P03.xlsx,xlsx,medium,511280,1,393216,SKIP_CAPACITY,Payload exceeds cover capacity at selected LSB depth
core,High-Detail_1_M.png,High-Detail,1,M,png,RGB,1024,1024,3,P03.xlsx,xlsx,medium,511280,2,786432,OK,
core,High-Detail_1_M.png,High-Detail,1,M,png,RGB,1024,1024,3,P03.xlsx,xlsx,medium,511280,3,1179648,OK,
core,High-Detail_1_M.png,High-Detail,1,M,png,RGB,1024,1024,3,P03.xlsx,xlsx,small,8899,1,393216,OK,
core,High-Detail_1_M.png,High-Detail,1,M,png,RGB,1024,1024,3,P03.xlsx,xlsx,small,8899,2,786432,OK,
core,High-Detail_1_M.png,High-Detail,1,M,png,RGB,1024,1024,3,P03.xlsx,xlsx,small,8899,3,1179648,OK,
core,High-Detail_2_L.png,High-Detail,2,L,png,RGB,1920,1080,3,P01.docx,docx,large,1121154,1,777600,SKIP_CAPACITY,Payload exceeds cover capacity at selected LSB depth
core,High-Detail_2_L.png,High-Detail,2,L,png,RGB,1920,1080,3,P01.docx,docx,large,1121154,2,1555200,OK,
core,High-Detail_2_L.png,High-Detail,2,L,png,RGB,1920,1080,3,P01.docx,docx,large,1121154,3,2332800,OK,
core,High-Detail_2_L.png,High-Detail,2,L,png,RGB,1920,1080,3,P01.docx,docx,medium,511127,1,777600,OK,
core,High-Detail_2_L.png,High-Detail,2,L,png,RGB,1920,1080,3,P01.docx,docx,medium,511127,2,1555200,OK,
core,High-Detail_2_L.png,High-Detail,2,L,png,RGB,1920,1080,3,P01.docx,docx,medium,511127,3,2332800,OK,
core,High-Detail_2_L.png,High-Detail,2,L,png,RGB,1920,1080,3,P01.docx,docx,small,13432,1,777600,OK,
core,High-Detail_2_L.png,High-Detail,2,L,png,RGB,1920,1080,3,P01.docx,docx,small,13432,2,1555200,OK,
core,High-Detail_2_L.png,High-Detail,2,L,png,RGB,1920,1080,3,P01.docx,docx,small,13432,3,2332800,OK,
core,High-Detail_2_L.png,High-Detail,2,L,png,RGB,1920,1080,3,P06.exe,exe,large,1017856,1,777600,SKIP_CAPACITY,Payload exceeds cover capacity at selected LSB depth
core,High-Detail_2_L.png,High-Detail,2,L,png,RGB,1920,1080,3,P06.exe,exe,large,1017856,2,1555200,OK,
core,High-Detail_2_L.png,High-Detail,2,L,png,RGB,1920,1080,3,P06.exe,exe,large,1017856,3,2332800,OK,
core,High-Detail_2_L.png,High-Detail,2,L,png,RGB,1920,1080,3,P06.exe,exe,medium,505856,1,777600,OK,
core,High-Detail_2_L.png,High-Detail,2,L,png,RGB,1920,1080,3,P06.exe,exe,medium,505856,2,1555200,OK,
core,High-Detail_2_L.png,High-Detail,2,L,png,RGB,1920,1080,3,P06.exe,exe,medium,505856,3,2332800,OK,
core,High-Detail_2_L.png,High-Detail,2,L,png,RGB,1920,1080,3,P06.exe,exe,small,40448,1,777600,OK,
core,High-Detail_2_L.png,High-Detail,2,L,png,RGB,1920,1080,3,P06.exe,exe,small,40448,2,1555200,OK,
core,High-Detail_2_L.png,High-Detail,2,L,png,RGB,1920,1080,3,P06.exe,exe,small,40448,3,2332800,OK,
core,High-Detail_2_L.png,High-Detail,2,L,png,RGB,1920,1080,3,P02.pdf,pdf,large,1100144,1,777600,SKIP_CAPACITY,Payload exceeds cover capacity at selected LSB depth
core,High-Detail_2_L.png,High-Detail,2,L,png,RGB,1920,1080,3,P02.pdf,pdf,large,1100144,2,1555200,OK,
core,High-Detail_2_L.png,High-Detail,2,L,png,RGB,1920,1080,3,P02.pdf,pdf,large,1100144,3,2332800,OK,
core,High-Detail_2_L.png,High-Detail,2,L,png,RGB,1920,1080,3,P02.pdf,pdf,medium,510410,1,777600,OK,
core,High-Detail_2_L.png,High-Detail,2,L,png,RGB,1920,1080,3,P02.pdf,pdf,medium,510410,2,1555200,OK,
core,High-Detail_2_L.png,High-Detail,2,L,png,RGB,1920,1080,3,P02.pdf,pdf,medium,510410,3,2332800,OK,
core,High-Detail_2_L.png,High-Detail,2,L,png,RGB,1920,1080,3,P02.pdf,pdf,small,16620,1,777600,OK,
core,High-Detail_2_L.png,High-Detail,2,L,png,RGB,1920,1080,3,P02.pdf,pdf,small,16620,2,1555200,OK,
core,High-Detail_2_L.png,High-Detail,2,L,png,RGB,1920,1080,3,P02.pdf,pdf,small,16620,3,2332800,OK,
core,High-Detail_2_L.png,High-Detail,2,L,png,RGB,1920,1080,3,P04.pptx,pptx,large,1082610,1,777600,SKIP_CAPACITY,Payload exceeds cover capacity at selected LSB depth
core,High-Detail_2_L.png,High-Detail,2,L,png,RGB,1920,1080,3,P04.pptx,pptx,large,1082610,2,1555200,OK,
core,High-Detail_2_L.png,High-Detail,2,L,png,RGB,1920,1080,3,P04.pptx,pptx,large,1082610,3,2332800,OK,
core,High-Detail_2_L.png,High-Detail,2,L,png,RGB,1920,1080,3,P04.pptx,pptx,medium,512113,1,777600,OK,
core,High-Detail_2_L.png,High-Detail,2,L,png,RGB,1920,1080,3,P04.pptx,pptx,medium,512113,2,1555200,OK,
core,High-Detail_2_L.png,High-Detail,2,L,png,RGB,1920,1080,3,P04.pptx,pptx,medium,512113,3,2332800,OK,
core,High-Detail_2_L.png,High-Detail,2,L,png,RGB,1920,1080,3,P04.pptx,pptx,small,32020,1,777600,OK,
core,High-Detail_2_L.png,High-Detail,2,L,png,RGB,1920,1080,3,P04.pptx,pptx,small,32020,2,1555200,OK,
core,High-Detail_2_L.png,High-Detail,2,L,png,RGB,1920,1080,3,P04.pptx,pptx,small,32020,3,2332800,OK,
core,High-Detail_2_L.png,High-Detail,2,L,png,RGB,1920,1080,3,P05.rtf,rtf,large,1085026,1,777600,SKIP_CAPACITY,Payload exceeds cover capacity at selected LSB depth
core,High-Detail_2_L.png,High-Detail,2,L,png,RGB,1920,1080,3,P05.rtf,rtf,large,1085026,2,1555200,OK,
core,High-Detail_2_L.png,High-Detail,2,L,png,RGB,1920,1080,3,P05.rtf,rtf,large,1085026,3,2332800,OK,
core,High-Detail_2_L.png,High-Detail,2,L,png,RGB,1920,1080,3,P05.rtf,rtf,medium,511504,1,777600,OK,
core,High-Detail_2_L.png,High-Detail,2,L,png,RGB,1920,1080,3,P05.rtf,rtf,medium,511504,2,1555200,OK,
core,High-Detail_2_L.png,High-Detail,2,L,png,RGB,1920,1080,3,P05.rtf,rtf,medium,511504,3,2332800,OK,
core,High-Detail_2_L.png,High-Detail,2,L,png,RGB,1920,1080,3,P05.rtf,rtf,small,50275,1,777600,OK,
core,High-Detail_2_L.png,High-Detail,2,L,png,RGB,1920,1080,3,P05.rtf,rtf,small,50275,2,1555200,OK,
core,High-Detail_2_L.png,High-Detail,2,L,png,RGB,1920,1080,3,P05.rtf,rtf,small,50275,3,2332800,OK,
core,High-Detail_2_L.png,High-Detail,2,L,png,RGB,1920,1080,3,P03.xlsx,xlsx,large,1090468,1,777600,SKIP_CAPACITY,Payload exceeds cover capacity at selected LSB depth
core,High-Detail_2_L.png,High-Detail,2,L,png,RGB,1920,1080,3,P03.xlsx,xlsx,large,1090468,2,1555200,OK,
core,High-Detail_2_L.png,High-Detail,2,L,png,RGB,1920,1080,3,P03.xlsx,xlsx,large,1090468,3,2332800,OK,
core,High-Detail_2_L.png,High-Detail,2,L,png,RGB,1920,1080,3,P03.xlsx,xlsx,medium,511280,1,777600,OK,
core,High-Detail_2_L.png,High-Detail,2,L,png,RGB,1920,1080,3,P03.xlsx,xlsx,medium,511280,2,1555200,OK,
core,High-Detail_2_L.png,High-Detail,2,L,png,RGB,1920,1080,3,P03.xlsx,xlsx,medium,511280,3,2332800,OK,
core,High-Detail_2_L.png,High-Detail,2,L,png,RGB,1920,1080,3,P03.xlsx,xlsx,small,8899,1,777600,OK,
core,High-Detail_2_L.png,High-Detail,2,L,png,RGB,1920,1080,3,P03.xlsx,xlsx,small,8899,2,1555200,OK,
core,High-Detail_2_L.png,High-Detail,2,L,png,RGB,1920,1080,3,P03.xlsx,xlsx,small,8899,3,2332800,OK,
core,Low-Detail_1_M.bmp,Low-Detail,1,M,bmp,RGB,1024,1024,3,P01.docx,docx,large,1121154,1,393216,SKIP_CAPACITY,Payload exceeds cover capacity at selected LSB depth
core,Low-Detail_1_M.bmp,Low-Detail,1,M,bmp,RGB,1024,1024,3,P01.docx,docx,large,1121154,2,786432,SKIP_CAPACITY,Payload exceeds cover capacity at selected LSB depth
core,Low-Detail_1_M.bmp,Low-Detail,1,M,bmp,RGB,1024,1024,3,P01.docx,docx,large,1121154,3,1179648,OK,
core,Low-Detail_1_M.bmp,Low-Detail,1,M,bmp,RGB,1024,1024,3,P01.docx,docx,medium,511127,1,393216,SKIP_CAPACITY,Payload exceeds cover capacity at selected LSB depth
core,Low-Detail_1_M.bmp,Low-Detail,1,M,bmp,RGB,1024,1024,3,P01.docx,docx,medium,511127,2,786432,OK,
core,Low-Detail_1_M.bmp,Low-Detail,1,M,bmp,RGB,1024,1024,3,P01.docx,docx,medium,511127,3,1179648,OK,
core,Low-Detail_1_M.bmp,Low-Detail,1,M,bmp,RGB,1024,1024,3,P01.docx,docx,small,13432,1,393216,OK,
core,Low-Detail_1_M.bmp,Low-Detail,1,M,bmp,RGB,1024,1024,3,P01.docx,docx,small,13432,2,786432,OK,
core,Low-Detail_1_M.bmp,Low-Detail,1,M,bmp,RGB,1024,1024,3,P01.docx,docx,small,13432,3,1179648,OK,
core,Low-Detail_1_M.bmp,Low-Detail,1,M,bmp,RGB,1024,1024,3,P06.exe,exe,large,1017856,1,393216,SKIP_CAPACITY,Payload exceeds cover capacity at selected LSB depth
core,Low-Detail_1_M.bmp,Low-Detail,1,M,bmp,RGB,1024,1024,3,P06.exe,exe,large,1017856,2,786432,SKIP_CAPACITY,Payload exceeds cover capacity at selected LSB depth
core,Low-Detail_1_M.bmp,Low-Detail,1,M,bmp,RGB,1024,1024,3,P06.exe,exe,large,1017856,3,1179648,OK,
core,Low-Detail_1_M.bmp,Low-Detail,1,M,bmp,RGB,1024,1024,3,P06.exe,exe,medium,505856,1,393216,SKIP_CAPACITY,Payload exceeds cover capacity at selected LSB depth
core,Low-Detail_1_M.bmp,Low-Detail,1,M,bmp,RGB,1024,1024,3,P06.exe,exe,medium,505856,2,786432,OK,
core,Low-Detail_1_M.bmp,Low-Detail,1,M,bmp,RGB,1024,1024,3,P06.exe,exe,medium,505856,3,1179648,OK,
core,Low-Detail_1_M.bmp,Low-Detail,1,M,bmp,RGB,1024,1024,3,P06.exe,exe,small,40448,1,393216,OK,
core,Low-Detail_1_M.bmp,Low-Detail,1,M,bmp,RGB,1024,1024,3,P06.exe,exe,small,40448,2,786432,OK,
core,Low-Detail_1_M.bmp,Low-Detail,1,M,bmp,RGB,1024,1024,3,P06.exe,exe,small,40448,3,1179648,OK,
core,Low-Detail_1_M.bmp,Low-Detail,1,M,bmp,RGB,1024,1024,3,P02.pdf,pdf,large,1100144,1,393216,SKIP_CAPACITY,Payload exceeds cover capacity at selected LSB depth
core,Low-Detail_1_M.bmp,Low-Detail,1,M,bmp,RGB,1024,1024,3,P02.pdf,pdf,large,1100144,2,786432,SKIP_CAPACITY,Payload exceeds cover capacity at selected LSB depth
core,Low-Detail_1_M.bmp,Low-Detail,1,M,bmp,RGB,1024,1024,3,P02.pdf,pdf,large,1100144,3,1179648,OK,
core,Low-Detail_1_M.bmp,Low-Detail,1,M,bmp,RGB,1024,1024,3,P02.pdf,pdf,medium,510410,1,393216,SKIP_CAPACITY,Payload exceeds cover capacity at selected LSB depth
core,Low-Detail_1_M.bmp,Low-Detail,1,M,bmp,RGB,1024,1024,3,P02.pdf,pdf,medium,510410,2,786432,OK,
core,Low-Detail_1_M.bmp,Low-Detail,1,M,bmp,RGB,1024,1024,3,P02.pdf,pdf,medium,510410,3,1179648,OK,
core,Low-Detail_1_M.bmp,Low-Detail,1,M,bmp,RGB,1024,1024,3,P02.pdf,pdf,small,16620,1,393216,OK,
core,Low-Detail_1_M.bmp,Low-Detail,1,M,bmp,RGB,1024,1024,3,P02.pdf,pdf,small,16620,2,786432,OK,
core,Low-Detail_1_M.bmp,Low-Detail,1,M,bmp,RGB,1024,1024,3,P02.pdf,pdf,small,16620,3,1179648,OK,
core,Low-Detail_1_M.bmp,Low-Detail,1,M,bmp,RGB,1024,1024,3,P04.pptx,pptx,large,1082610,1,393216,SKIP_CAPACITY,Payload exceeds cover capacity at selected LSB depth
core,Low-Detail_1_M.bmp,Low-Detail,1,M,bmp,RGB,1024,1024,3,P04.pptx,pptx,large,1082610,2,786432,SKIP_CAPACITY,Payload exceeds cover capacity at selected LSB depth
core,Low-Detail_1_M.bmp,Low-Detail,1,M,bmp,RGB,1024,1024,3,P04.pptx,pptx,large,1082610,3,1179648,OK,
core,Low-Detail_1_M.bmp,Low-Detail,1,M,bmp,RGB,1024,1024,3,P04.pptx,pptx,medium,512113,1,393216,SKIP_CAPACITY,Payload exceeds cover capacity at selected LSB depth
core,Low-Detail_1_M.bmp,Low-Detail,1,M,bmp,RGB,1024,1024,3,P04.pptx,pptx,medium,512113,2,786432,OK,
core,Low-Detail_1_M.bmp,Low-Detail,1,M,bmp,RGB,1024,1024,3,P04.pptx,pptx,medium,512113,3,1179648,OK,
core,Low-Detail_1_M.bmp,Low-Detail,1,M,bmp,RGB,1024,1024,3,P04.pptx,pptx,small,32020,1,393216,OK,
core,Low-Detail_1_M.bmp,Low-Detail,1,M,bmp,RGB,1024,1024,3,P04.pptx,pptx,small,32020,2,786432,OK,
core,Low-Detail_1_M.bmp,Low-Detail,1,M,bmp,RGB,1024,1024,3,P04.pptx,pptx,small,32020,3,1179648,OK,
core,Low-Detail_1_M.bmp,Low-Detail,1,M,bmp,RGB,1024,1024,3,P05.rtf,rtf,large,1085026,1,393216,SKIP_CAPACITY,Payload exceeds cover capacity at selected LSB depth
core,Low-Detail_1_M.bmp,Low-Detail,1,M,bmp,RGB,1024,1024,3,P05.rtf,rtf,large,1085026,2,786432,SKIP_CAPACITY,Payload exceeds cover capacity at selected LSB depth
core,Low-Detail_1_M.bmp,Low-Detail,1,M,bmp,RGB,1024,1024,3,P05.rtf,rtf,large,1085026,3,1179648,OK,
core,Low-Detail_1_M.bmp,Low-Detail,1,M,bmp,RGB,1024,1024,3,P05.rtf,rtf,medium,511504,1,393216,SKIP_CAPACITY,Payload exceeds cover capacity at selected LSB depth
core,Low-Detail_1_M.bmp,Low-Detail,1,M,bmp,RGB,1024,1024,3,P05.rtf,rtf,medium,511504,2,786432,OK,
core,Low-Detail_1_M.bmp,Low-Detail,1,M,bmp,RGB,1024,1024,3,P05.rtf,rtf,medium,511504,3,1179648,OK,
core,Low-Detail_1_M.bmp,Low-Detail,1,M,bmp,RGB,1024,1024,3,P05.rtf,rtf,small,50275,1,393216,OK,
core,Low-Detail_1_M.bmp,Low-Detail,1,M,bmp,RGB,1024,1024,3,P05.rtf,rtf,small,50275,2,786432,OK,
core,Low-Detail_1_M.bmp,Low-Detail,1,M,bmp,RGB,1024,1024,3,P05.rtf,rtf,small,50275,3,1179648,OK,
core,Low-Detail_1_M.bmp,Low-Detail,1,M,bmp,RGB,1024,1024,3,P03.xlsx,xlsx,large,1090468,1,393216,SKIP_CAPACITY,Payload exceeds cover capacity at selected LSB depth
core,Low-Detail_1_M.bmp,Low-Detail,1,M,bmp,RGB,1024,1024,3,P03.xlsx,xlsx,large,1090468,2,786432,SKIP_CAPACITY,Payload exceeds cover capacity at selected LSB depth
core,Low-Detail_1_M.bmp,Low-Detail,1,M,bmp,RGB,1024,1024,3,P03.xlsx,xlsx,large,1090468,3,1179648,OK,
core,Low-Detail_1_M.bmp,Low-Detail,1,M,bmp,RGB,1024,1024,3,P03.xlsx,xlsx,medium,511280,1,393216,SKIP_CAPACITY,Payload exceeds cover capacity at selected LSB depth
core,Low-Detail_1_M.bmp,Low-Detail,1,M,bmp,RGB,1024,1024,3,P03.xlsx,xlsx,medium,511280,2,786432,OK,
core,Low-Detail_1_M.bmp,Low-Detail,1,M,bmp,RGB,1024,1024,3,P03.xlsx,xlsx,medium,511280,3,1179648,OK,
core,Low-Detail_1_M.bmp,Low-Detail,1,M,bmp,RGB,1024,1024,3,P03.xlsx,xlsx,small,8899,1,393216,OK,
core,Low-Detail_1_M.bmp,Low-Detail,1,M,bmp,RGB,1024,1024,3,P03.xlsx,xlsx,small,8899,2,786432,OK,
core,Low-Detail_1_M.bmp,Low-Detail,1,M,bmp,RGB,1024,1024,3,P03.xlsx,xlsx,small,8899,3,1179648,OK,
core,Low-Detail_2_L.bmp,Low-Detail,2,L,bmp,RGB,1920,1080,3,P01.docx,docx,large,1121154,1,777600,SKIP_CAPACITY,Payload exceeds cover capacity at selected LSB depth
core,Low-Detail_2_L.bmp,Low-Detail,2,L,bmp,RGB,1920,1080,3,P01.docx,docx,large,1121154,2,1555200,OK,
core,Low-Detail_2_L.bmp,Low-Detail,2,L,bmp,RGB,1920,1080,3,P01.docx,docx,large,1121154,3,2332800,OK,
core,Low-Detail_2_L.bmp,Low-Detail,2,L,bmp,RGB,1920,1080,3,P01.docx,docx,medium,511127,1,777600,OK,
core,Low-Detail_2_L.bmp,Low-Detail,2,L,bmp,RGB,1920,1080,3,P01.docx,docx,medium,511127,2,1555200,OK,
core,Low-Detail_2_L.bmp,Low-Detail,2,L,bmp,RGB,1920,1080,3,P01.docx,docx,medium,511127,3,2332800,OK,
core,Low-Detail_2_L.bmp,Low-Detail,2,L,bmp,RGB,1920,1080,3,P01.docx,docx,small,13432,1,777600,OK,
core,Low-Detail_2_L.bmp,Low-Detail,2,L,bmp,RGB,1920,1080,3,P01.docx,docx,small,13432,2,1555200,OK,
core,Low-Detail_2_L.bmp,Low-Detail,2,L,bmp,RGB,1920,1080,3,P01.docx,docx,small,13432,3,2332800,OK,
core,Low-Detail_2_L.bmp,Low-Detail,2,L,bmp,RGB,1920,1080,3,P06.exe,exe,large,1017856,1,777600,SKIP_CAPACITY,Payload exceeds cover capacity at selected LSB depth
core,Low-Detail_2_L.bmp,Low-Detail,2,L,bmp,RGB,1920,1080,3,P06.exe,exe,large,1017856,2,1555200,OK,
core,Low-Detail_2_L.bmp,Low-Detail,2,L,bmp,RGB,1920,1080,3,P06.exe,exe,large,1017856,3,2332800,OK,
core,Low-Detail_2_L.bmp,Low-Detail,2,L,bmp,RGB,1920,1080,3,P06.exe,exe,medium,505856,1,777600,OK,
core,Low-Detail_2_L.bmp,Low-Detail,2,L,bmp,RGB,1920,1080,3,P06.exe,exe,medium,505856,2,1555200,OK,
core,Low-Detail_2_L.bmp,Low-Detail,2,L,bmp,RGB,1920,1080,3,P06.exe,exe,medium,505856,3,2332800,OK,
core,Low-Detail_2_L.bmp,Low-Detail,2,L,bmp,RGB,1920,1080,3,P06.exe,exe,small,40448,1,777600,OK,
core,Low-Detail_2_L.bmp,Low-Detail,2,L,bmp,RGB,1920,1080,3,P06.exe,exe,small,40448,2,1555200,OK,
core,Low-Detail_2_L.bmp,Low-Detail,2,L,bmp,RGB,1920,1080,3,P06.exe,exe,small,40448,3,2332800,OK,
core,Low-Detail_2_L.bmp,Low-Detail,2,L,bmp,RGB,1920,1080,3,P02.pdf,pdf,large,1100144,1,777600,SKIP_CAPACITY,Payload exceeds cover capacity at selected LSB depth
core,Low-Detail_2_L.bmp,Low-Detail,2,L,bmp,RGB,1920,1080,3,P02.pdf,pdf,large,1100144,2,1555200,OK,
core,Low-Detail_2_L.bmp,Low-Detail,2,L,bmp,RGB,1920,1080,3,P02.pdf,pdf,large,1100144,3,2332800,OK,
core,Low-Detail_2_L.bmp,Low-Detail,2,L,bmp,RGB,1920,1080,3,P02.pdf,pdf,medium,510410,1,777600,OK,
core,Low-Detail_2_L.bmp,Low-Detail,2,L,bmp,RGB,1920,1080,3,P02.pdf,pdf,medium,510410,2,1555200,OK,
core,Low-Detail_2_L.bmp,Low-Detail,2,L,bmp,RGB,1920,1080,3,P02.pdf,pdf,medium,510410,3,2332800,OK,
core,Low-Detail_2_L.bmp,Low-Detail,2,L,bmp,RGB,1920,1080,3,P02.pdf,pdf,small,16620,1,777600,OK,
core,Low-Detail_2_L.bmp,Low-Detail,2,L,bmp,RGB,1920,1080,3,P02.pdf,pdf,small,16620,2,1555200,OK,
core,Low-Detail_2_L.bmp,Low-Detail,2,L,bmp,RGB,1920,1080,3,P02.pdf,pdf,small,16620,3,2332800,OK,
core,Low-Detail_2_L.bmp,Low-Detail,2,L,bmp,RGB,1920,1080,3,P04.pptx,pptx,large,1082610,1,777600,SKIP_CAPACITY,Payload exceeds cover capacity at selected LSB depth
core,Low-Detail_2_L.bmp,Low-Detail,2,L,bmp,RGB,1920,1080,3,P04.pptx,pptx,large,1082610,2,1555200,OK,
core,Low-Detail_2_L.bmp,Low-Detail,2,L,bmp,RGB,1920,1080,3,P04.pptx,pptx,large,1082610,3,2332800,OK,
core,Low-Detail_2_L.bmp,Low-Detail,2,L,bmp,RGB,1920,1080,3,P04.pptx,pptx,medium,512113,1,777600,OK,
core,Low-Detail_2_L.bmp,Low-Detail,2,L,bmp,RGB,1920,1080,3,P04.pptx,pptx,medium,512113,2,1555200,OK,
core,Low-Detail_2_L.bmp,Low-Detail,2,L,bmp,RGB,1920,1080,3,P04.pptx,pptx,medium,512113,3,2332800,OK,
core,Low-Detail_2_L.bmp,Low-Detail,2,L,bmp,RGB,1920,1080,3,P04.pptx,pptx,small,32020,1,777600,OK,
core,Low-Detail_2_L.bmp,Low-Detail,2,L,bmp,RGB,1920,1080,3,P04.pptx,pptx,small,32020,2,1555200,OK,
core,Low-Detail_2_L.bmp,Low-Detail,2,L,bmp,RGB,1920,1080,3,P04.pptx,pptx,small,32020,3,2332800,OK,
core,Low-Detail_2_L.bmp,Low-Detail,2,L,bmp,RGB,1920,1080,3,P05.rtf,rtf,large,1085026,1,777600,SKIP_CAPACITY,Payload exceeds cover capacity at selected LSB depth
core,Low-Detail_2_L.bmp,Low-Detail,2,L,bmp,RGB,1920,1080,3,P05.rtf,rtf,large,1085026,2,1555200,OK,
core,Low-Detail_2_L.bmp,Low-Detail,2,L,bmp,RGB,1920,1080,3,P05.rtf,rtf,large,1085026,3,2332800,OK,
core,Low-Detail_2_L.bmp,Low-Detail,2,L,bmp,RGB,1920,1080,3,P05.rtf,rtf,medium,511504,1,777600,OK,
core,Low-Detail_2_L.bmp,Low-Detail,2,L,bmp,RGB,1920,1080,3,P05.rtf,rtf,medium,511504,2,1555200,OK,
core,Low-Detail_2_L.bmp,Low-Detail,2,L,bmp,RGB,1920,1080,3,P05.rtf,rtf,medium,511504,3,2332800,OK,
core,Low-Detail_2_L.bmp,Low-Detail,2,L,bmp,RGB,1920,1080,3,P05.rtf,rtf,small,50275,1,777600,OK,
core,Low-Detail_2_L.bmp,Low-Detail,2,L,bmp,RGB,1920,1080,3,P05.rtf,rtf,small,50275,2,1555200,OK,
core,Low-Detail_2_L.bmp,Low-Detail,2,L,bmp,RGB,1920,1080,3,P05.rtf,rtf,small,50275,3,2332800,OK,
core,Low-Detail_2_L.bmp,Low-Detail,2,L,bmp,RGB,1920,1080,3,P03.xlsx,xlsx,large,1090468,1,777600,SKIP_CAPACITY,Payload exceeds cover capacity at selected LSB depth
core,Low-Detail_2_L.bmp,Low-Detail,2,L,bmp,RGB,1920,1080,3,P03.xlsx,xlsx,large,1090468,2,1555200,OK,
core,Low-Detail_2_L.bmp,Low-Detail,2,L,bmp,RGB,1920,1080,3,P03.xlsx,xlsx,large,1090468,3,2332800,OK,
core,Low-Detail_2_L.bmp,Low-Detail,2,L,bmp,RGB,1920,1080,3,P03.xlsx,xlsx,medium,511280,1,777600,OK,
core,Low-Detail_2_L.bmp,Low-Detail,2,L,bmp,RGB,1920,1080,3,P03.xlsx,xlsx,medium,511280,2,1555200,OK,
core,Low-Detail_2_L.bmp,Low-Detail,2,L,bmp,RGB,1920,1080,3,P03.xlsx,xlsx,medium,511280,3,2332800,OK,
core,Low-Detail_2_L.bmp,Low-Detail,2,L,bmp,RGB,1920,1080,3,P03.xlsx,xlsx,small,8899,1,777600,OK,
core,Low-Detail_2_L.bmp,Low-Detail,2,L,bmp,RGB,1920,1080,3,P03.xlsx,xlsx,small,8899,2,1555200,OK,
core,Low-Detail_2_L.bmp,Low-Detail,2,L,bmp,RGB,1920,1080,3,P03.xlsx,xlsx,small,8899,3,2332800,OK,
core,Mixed-Content_1_S.bmp,Mixed-Content,1,S,bmp,RGB,512,512,3,P01.docx,docx,large,1121154,1,98304,SKIP_CAPACITY,Payload exceeds cover capacity at selected LSB depth
core,Mixed-Content_1_S.bmp,Mixed-Content,1,S,bmp,RGB,512,512,3,P01.docx,docx,large,1121154,2,196608,SKIP_CAPACITY,Payload exceeds cover capacity at selected LSB depth
core,Mixed-Content_1_S.bmp,Mixed-Content,1,S,bmp,RGB,512,512,3,P01.docx,docx,large,1121154,3,294912,SKIP_CAPACITY,Payload exceeds cover capacity at selected LSB depth
core,Mixed-Content_1_S.bmp,Mixed-Content,1,S,bmp,RGB,512,512,3,P01.docx,docx,medium,511127,1,98304,SKIP_CAPACITY,Payload exceeds cover capacity at selected LSB depth
core,Mixed-Content_1_S.bmp,Mixed-Content,1,S,bmp,RGB,512,512,3,P01.docx,docx,medium,511127,2,196608,SKIP_CAPACITY,Payload exceeds cover capacity at selected LSB depth
core,Mixed-Content_1_S.bmp,Mixed-Content,1,S,bmp,RGB,512,512,3,P01.docx,docx,medium,511127,3,294912,SKIP_CAPACITY,Payload exceeds cover capacity at selected LSB depth
core,Mixed-Content_1_S.bmp,Mixed-Content,1,S,bmp,RGB,512,512,3,P01.docx,docx,small,13432,1,98304,OK,
core,Mixed-Content_1_S.bmp,Mixed-Content,1,S,bmp,RGB,512,512,3,P01.docx,docx,small,13432,2,196608,OK,
core,Mixed-Content_1_S.bmp,Mixed-Content,1,S,bmp,RGB,512,512,3,P01.docx,docx,small,13432,3,294912,OK,
core,Mixed-Content_1_S.bmp,Mixed-Content,1,S,bmp,RGB,512,512,3,P06.exe,exe,large,1017856,1,98304,SKIP_CAPACITY,Payload exceeds cover capacity at selected LSB depth
core,Mixed-Content_1_S.bmp,Mixed-Content,1,S,bmp,RGB,512,512,3,P06.exe,exe,large,1017856,2,196608,SKIP_CAPACITY,Payload exceeds cover capacity at selected LSB depth
core,Mixed-Content_1_S.bmp,Mixed-Content,1,S,bmp,RGB,512,512,3,P06.exe,exe,large,1017856,3,294912,SKIP_CAPACITY,Payload exceeds cover capacity at selected LSB depth
core,Mixed-Content_1_S.bmp,Mixed-Content,1,S,bmp,RGB,512,512,3,P06.exe,exe,medium,505856,1,98304,SKIP_CAPACITY,Payload exceeds cover capacity at selected LSB depth
core,Mixed-Content_1_S.bmp,Mixed-Content,1,S,bmp,RGB,512,512,3,P06.exe,exe,medium,505856,2,196608,SKIP_CAPACITY,Payload exceeds cover capacity at selected LSB depth
core,Mixed-Content_1_S.bmp,Mixed-Content,1,S,bmp,RGB,512,512,3,P06.exe,exe,medium,505856,3,294912,SKIP_CAPACITY,Payload exceeds cover capacity at selected LSB depth
core,Mixed-Content_1_S.bmp,Mixed-Content,1,S,bmp,RGB,512,512,3,P06.exe,exe,small,40448,1,98304,OK,
core,Mixed-Content_1_S.bmp,Mixed-Content,1,S,bmp,RGB,512,512,3,P06.exe,exe,small,40448,2,196608,OK,
core,Mixed-Content_1_S.bmp,Mixed-Content,1,S,bmp,RGB,512,512,3,P06.exe,exe,small,40448,3,294912,OK,
core,Mixed-Content_1_S.bmp,Mixed-Content,1,S,bmp,RGB,512,512,3,P02.pdf,pdf,large,1100144,1,98304,SKIP_CAPACITY,Payload exceeds cover capacity at selected LSB depth
core,Mixed-Content_1_S.bmp,Mixed-Content,1,S,bmp,RGB,512,512,3,P02.pdf,pdf,large,1100144,2,196608,SKIP_CAPACITY,Payload exceeds cover capacity at selected LSB depth
core,Mixed-Content_1_S.bmp,Mixed-Content,1,S,bmp,RGB,512,512,3,P02.pdf,pdf,large,1100144,3,294912,SKIP_CAPACITY,Payload exceeds cover capacity at selected LSB depth
core,Mixed-Content_1_S.bmp,Mixed-Content,1,S,bmp,RGB,512,512,3,P02.pdf,pdf,medium,510410,1,98304,SKIP_CAPACITY,Payload exceeds cover capacity at selected LSB depth
core,Mixed-Content_1_S.bmp,Mixed-Content,1,S,bmp,RGB,512,512,3,P02.pdf,pdf,medium,510410,2,196608,SKIP_CAPACITY,Payload exceeds cover capacity at selected LSB depth
core,Mixed-Content_1_S.bmp,Mixed-Content,1,S,bmp,RGB,512,512,3,P02.pdf,pdf,medium,510410,3,294912,SKIP_CAPACITY,Payload exceeds cover capacity at selected LSB depth
core,Mixed-Content_1_S.bmp,Mixed-Content,1,S,bmp,RGB,512,512,3,P02.pdf,pdf,small,16620,1,98304,OK,
core,Mixed-Content_1_S.bmp,Mixed-Content,1,S,bmp,RGB,512,512,3,P02.pdf,pdf,small,16620,2,196608,OK,
core,Mixed-Content_1_S.bmp,Mixed-Content,1,S,bmp,RGB,512,512,3,P02.pdf,pdf,small,16620,3,294912,OK,
core,Mixed-Content_1_S.bmp,Mixed-Content,1,S,bmp,RGB,512,512,3,P04.pptx,pptx,large,1082610,1,98304,SKIP_CAPACITY,Payload exceeds cover capacity at selected LSB depth
core,Mixed-Content_1_S.bmp,Mixed-Content,1,S,bmp,RGB,512,512,3,P04.pptx,pptx,large,1082610,2,196608,SKIP_CAPACITY,Payload exceeds cover capacity at selected LSB depth
core,Mixed-Content_1_S.bmp,Mixed-Content,1,S,bmp,RGB,512,512,3,P04.pptx,pptx,large,1082610,3,294912,SKIP_CAPACITY,Payload exceeds cover capacity at selected LSB depth
core,Mixed-Content_1_S.bmp,Mixed-Content,1,S,bmp,RGB,512,512,3,P04.pptx,pptx,medium,512113,1,98304,SKIP_CAPACITY,Payload exceeds cover capacity at selected LSB depth
core,Mixed-Content_1_S.bmp,Mixed-Content,1,S,bmp,RGB,512,512,3,P04.pptx,pptx,medium,512113,2,196608,SKIP_CAPACITY,Payload exceeds cover capacity at selected LSB depth
core,Mixed-Content_1_S.bmp,Mixed-Content,1,S,bmp,RGB,512,512,3,P04.pptx,pptx,medium,512113,3,294912,SKIP_CAPACITY,Payload exceeds cover capacity at selected LSB depth
core,Mixed-Content_1_S.bmp,Mixed-Content,1,S,bmp,RGB,512,512,3,P04.pptx,pptx,small,32020,1,98304,OK,
core,Mixed-Content_1_S.bmp,Mixed-Content,1,S,bmp,RGB,512,512,3,P04.pptx,pptx,small,32020,2,196608,OK,
core,Mixed-Content_1_S.bmp,Mixed-Content,1,S,bmp,RGB,512,512,3,P04.pptx,pptx,small,32020,3,294912,OK,
core,Mixed-Content_1_S.bmp,Mixed-Content,1,S,bmp,RGB,512,512,3,P05.rtf,rtf,large,1085026,1,98304,SKIP_CAPACITY,Payload exceeds cover capacity at selected LSB depth
core,Mixed-Content_1_S.bmp,Mixed-Content,1,S,bmp,RGB,512,512,3,P05.rtf,rtf,large,1085026,2,196608,SKIP_CAPACITY,Payload exceeds cover capacity at selected LSB depth
core,Mixed-Content_1_S.bmp,Mixed-Content,1,S,bmp,RGB,512,512,3,P05.rtf,rtf,large,1085026,3,294912,SKIP_CAPACITY,Payload exceeds cover capacity at selected LSB depth
core,Mixed-Content_1_S.bmp,Mixed-Content,1,S,bmp,RGB,512,512,3,P05.rtf,rtf,medium,511504,1,98304,SKIP_CAPACITY,Payload exceeds cover capacity at selected LSB depth
core,Mixed-Content_1_S.bmp,Mixed-Content,1,S,bmp,RGB,512,512,3,P05.rtf,rtf,medium,511504,2,196608,SKIP_CAPACITY,Payload exceeds cover capacity at selected LSB depth
core,Mixed-Content_1_S.bmp,Mixed-Content,1,S,bmp,RGB,512,512,3,P05.rtf,rtf,medium,511504,3,294912,SKIP_CAPACITY,Payload exceeds cover capacity at selected LSB depth
core,Mixed-Content_1_S.bmp,Mixed-Content,1,S,bmp,RGB,512,512,3,P05.rtf,rtf,small,50275,1,98304,OK,
core,Mixed-Content_1_S.bmp,Mixed-Content,1,S,bmp,RGB,512,512,3,P05.rtf,rtf,small,50275,2,196608,OK,
core,Mixed-Content_1_S.bmp,Mixed-Content,1,S,bmp,RGB,512,512,3,P05.rtf,rtf,small,50275,3,294912,OK,
core,Mixed-Content_1_S.bmp,Mixed-Content,1,S,bmp,RGB,512,512,3,P03.xlsx,xlsx,large,1090468,1,98304,SKIP_CAPACITY,Payload exceeds cover capacity at selected LSB depth
core,Mixed-Content_1_S.bmp,Mixed-Content,1,S,bmp,RGB,512,512,3,P03.xlsx,xlsx,large,1090468,2,196608,SKIP_CAPACITY,Payload exceeds cover capacity at selected LSB depth
core,Mixed-Content_1_S.bmp,Mixed-Content,1,S,bmp,RGB,512,512,3,P03.xlsx,xlsx,large,1090468,3,294912,SKIP_CAPACITY,Payload exceeds cover capacity at selected LSB depth
core,Mixed-Content_1_S.bmp,Mixed-Content,1,S,bmp,RGB,512,512,3,P03.xlsx,xlsx,medium,511280,1,98304,SKIP_CAPACITY,Payload exceeds cover capacity at selected LSB depth
core,Mixed-Content_1_S.bmp,Mixed-Content,1,S,bmp,RGB,512,512,3,P03.xlsx,xlsx,medium,511280,2,196608,SKIP_CAPACITY,Payload exceeds cover capacity at selected LSB depth
core,Mixed-Content_1_S.bmp,Mixed-Content,1,S,bmp,RGB,512,512,3,P03.xlsx,xlsx,medium,511280,3,294912,SKIP_CAPACITY,Payload exceeds cover capacity at selected LSB depth
core,Mixed-Content_1_S.bmp,Mixed-Content,1,S,bmp,RGB,512,512,3,P03.xlsx,xlsx,small,8899,1,98304,OK,
core,Mixed-Content_1_S.bmp,Mixed-Content,1,S,bmp,RGB,512,512,3,P03.xlsx,xlsx,small,8899,2,196608,OK,
core,Mixed-Content_1_S.bmp,Mixed-Content,1,S,bmp,RGB,512,512,3,P03.xlsx,xlsx,small,8899,3,294912,OK,
core,Mixed-Content_2_L.bmp,Mixed-Content,2,L,bmp,RGB,1920,1080,3,P01.docx,docx,large,1121154,1,777600,SKIP_CAPACITY,Payload exceeds cover capacity at selected LSB depth
core,Mixed-Content_2_L.bmp,Mixed-Content,2,L,bmp,RGB,1920,1080,3,P01.docx,docx,large,1121154,2,1555200,OK,
core,Mixed-Content_2_L.bmp,Mixed-Content,2,L,bmp,RGB,1920,1080,3,P01.docx,docx,large,1121154,3,2332800,OK,
core,Mixed-Content_2_L.bmp,Mixed-Content,2,L,bmp,RGB,1920,1080,3,P01.docx,docx,medium,511127,1,777600,OK,
core,Mixed-Content_2_L.bmp,Mixed-Content,2,L,bmp,RGB,1920,1080,3,P01.docx,docx,medium,511127,2,1555200,OK,
core,Mixed-Content_2_L.bmp,Mixed-Content,2,L,bmp,RGB,1920,1080,3,P01.docx,docx,medium,511127,3,2332800,OK,
core,Mixed-Content_2_L.bmp,Mixed-Content,2,L,bmp,RGB,1920,1080,3,P01.docx,docx,small,13432,1,777600,OK,
core,Mixed-Content_2_L.bmp,Mixed-Content,2,L,bmp,RGB,1920,1080,3,P01.docx,docx,small,13432,2,1555200,OK,
core,Mixed-Content_2_L.bmp,Mixed-Content,2,L,bmp,RGB,1920,1080,3,P01.docx,docx,small,13432,3,2332800,OK,
core,Mixed-Content_2_L.bmp,Mixed-Content,2,L,bmp,RGB,1920,1080,3,P06.exe,exe,large,1017856,1,777600,SKIP_CAPACITY,Payload exceeds cover capacity at selected LSB depth
core,Mixed-Content_2_L.bmp,Mixed-Content,2,L,bmp,RGB,1920,1080,3,P06.exe,exe,large,1017856,2,1555200,OK,
core,Mixed-Content_2_L.bmp,Mixed-Content,2,L,bmp,RGB,1920,1080,3,P06.exe,exe,large,1017856,3,2332800,OK,
core,Mixed-Content_2_L.bmp,Mixed-Content,2,L,bmp,RGB,1920,1080,3,P06.exe,exe,medium,505856,1,777600,OK,
core,Mixed-Content_2_L.bmp,Mixed-Content,2,L,bmp,RGB,1920,1080,3,P06.exe,exe,medium,505856,2,1555200,OK,
core,Mixed-Content_2_L.bmp,Mixed-Content,2,L,bmp,RGB,1920,1080,3,P06.exe,exe,medium,505856,3,2332800,OK,
core,Mixed-Content_2_L.bmp,Mixed-Content,2,L,bmp,RGB,1920,1080,3,P06.exe,exe,small,40448,1,777600,OK,
core,Mixed-Content_2_L.bmp,Mixed-Content,2,L,bmp,RGB,1920,1080,3,P06.exe,exe,small,40448,2,1555200,OK,
core,Mixed-Content_2_L.bmp,Mixed-Content,2,L,bmp,RGB,1920,1080,3,P06.exe,exe,small,40448,3,2332800,OK,
core,Mixed-Content_2_L.bmp,Mixed-Content,2,L,bmp,RGB,1920,1080,3,P02.pdf,pdf,large,1100144,1,777600,SKIP_CAPACITY,Payload exceeds cover capacity at selected LSB depth
core,Mixed-Content_2_L.bmp,Mixed-Content,2,L,bmp,RGB,1920,1080,3,P02.pdf,pdf,large,1100144,2,1555200,OK,
core,Mixed-Content_2_L.bmp,Mixed-Content,2,L,bmp,RGB,1920,1080,3,P02.pdf,pdf,large,1100144,3,2332800,OK,
core,Mixed-Content_2_L.bmp,Mixed-Content,2,L,bmp,RGB,1920,1080,3,P02.pdf,pdf,medium,510410,1,777600,OK,
core,Mixed-Content_2_L.bmp,Mixed-Content,2,L,bmp,RGB,1920,1080,3,P02.pdf,pdf,medium,510410,2,1555200,OK,
core,Mixed-Content_2_L.bmp,Mixed-Content,2,L,bmp,RGB,1920,1080,3,P02.pdf,pdf,medium,510410,3,2332800,OK,
core,Mixed-Content_2_L.bmp,Mixed-Content,2,L,bmp,RGB,1920,1080,3,P02.pdf,pdf,small,16620,1,777600,OK,
core,Mixed-Content_2_L.bmp,Mixed-Content,2,L,bmp,RGB,1920,1080,3,P02.pdf,pdf,small,16620,2,1555200,OK,
core,Mixed-Content_2_L.bmp,Mixed-Content,2,L,bmp,RGB,1920,1080,3,P02.pdf,pdf,small,16620,3,2332800,OK,
core,Mixed-Content_2_L.bmp,Mixed-Content,2,L,bmp,RGB,1920,1080,3,P04.pptx,pptx,large,1082610,1,777600,SKIP_CAPACITY,Payload exceeds cover capacity at selected LSB depth
core,Mixed-Content_2_L.bmp,Mixed-Content,2,L,bmp,RGB,1920,1080,3,P04.pptx,pptx,large,1082610,2,1555200,OK,
core,Mixed-Content_2_L.bmp,Mixed-Content,2,L,bmp,RGB,1920,1080,3,P04.pptx,pptx,large,1082610,3,2332800,OK,
core,Mixed-Content_2_L.bmp,Mixed-Content,2,L,bmp,RGB,1920,1080,3,P04.pptx,pptx,medium,512113,1,777600,OK,
core,Mixed-Content_2_L.bmp,Mixed-Content,2,L,bmp,RGB,1920,1080,3,P04.pptx,pptx,medium,512113,2,1555200,OK,
core,Mixed-Content_2_L.bmp,Mixed-Content,2,L,bmp,RGB,1920,1080,3,P04.pptx,pptx,medium,512113,3,2332800,OK,
core,Mixed-Content_2_L.bmp,Mixed-Content,2,L,bmp,RGB,1920,1080,3,P04.pptx,pptx,small,32020,1,777600,OK,
core,Mixed-Content_2_L.bmp,Mixed-Content,2,L,bmp,RGB,1920,1080,3,P04.pptx,pptx,small,32020,2,1555200,OK,
core,Mixed-Content_2_L.bmp,Mixed-Content,2,L,bmp,RGB,1920,1080,3,P04.pptx,pptx,small,32020,3,2332800,OK,
core,Mixed-Content_2_L.bmp,Mixed-Content,2,L,bmp,RGB,1920,1080,3,P05.rtf,rtf,large,1085026,1,777600,SKIP_CAPACITY,Payload exceeds cover capacity at selected LSB depth
core,Mixed-Content_2_L.bmp,Mixed-Content,2,L,bmp,RGB,1920,1080,3,P05.rtf,rtf,large,1085026,2,1555200,OK,
core,Mixed-Content_2_L.bmp,Mixed-Content,2,L,bmp,RGB,1920,1080,3,P05.rtf,rtf,large,1085026,3,2332800,OK,
core,Mixed-Content_2_L.bmp,Mixed-Content,2,L,bmp,RGB,1920,1080,3,P05.rtf,rtf,medium,511504,1,777600,OK,
core,Mixed-Content_2_L.bmp,Mixed-Content,2,L,bmp,RGB,1920,1080,3,P05.rtf,rtf,medium,511504,2,1555200,OK,
core,Mixed-Content_2_L.bmp,Mixed-Content,2,L,bmp,RGB,1920,1080,3,P05.rtf,rtf,medium,511504,3,2332800,OK,
core,Mixed-Content_2_L.bmp,Mixed-Content,2,L,bmp,RGB,1920,1080,3,P05.rtf,rtf,small,50275,1,777600,OK,
core,Mixed-Content_2_L.bmp,Mixed-Content,2,L,bmp,RGB,1920,1080,3,P05.rtf,rtf,small,50275,2,1555200,OK,
core,Mixed-Content_2_L.bmp,Mixed-Content,2,L,bmp,RGB,1920,1080,3,P05.rtf,rtf,small,50275,3,2332800,OK,
core,Mixed-Content_2_L.bmp,Mixed-Content,2,L,bmp,RGB,1920,1080,3,P03.xlsx,xlsx,large,1090468,1,777600,SKIP_CAPACITY,Payload exceeds cover capacity at selected LSB depth
core,Mixed-Content_2_L.bmp,Mixed-Content,2,L,bmp,RGB,1920,1080,3,P03.xlsx,xlsx,large,1090468,2,1555200,OK,
core,Mixed-Content_2_L.bmp,Mixed-Content,2,L,bmp,RGB,1920,1080,3,P03.xlsx,xlsx,large,1090468,3,2332800,OK,
core,Mixed-Content_2_L.bmp,Mixed-Content,2,L,bmp,RGB,1920,1080,3,P03.xlsx,xlsx,medium,511280,1,777600,OK,
core,Mixed-Content_2_L.bmp,Mixed-Content,2,L,bmp,RGB,1920,1080,3,P03.xlsx,xlsx,medium,511280,2,1555200,OK,
core,Mixed-Content_2_L.bmp,Mixed-Content,2,L,bmp,RGB,1920,1080,3,P03.xlsx,xlsx,medium,511280,3,2332800,OK,
core,Mixed-Content_2_L.bmp,Mixed-Content,2,L,bmp,RGB,1920,1080,3,P03.xlsx,xlsx,small,8899,1,777600,OK,
core,Mixed-Content_2_L.bmp,Mixed-Content,2,L,bmp,RGB,1920,1080,3,P03.xlsx,xlsx,small,8899,2,1555200,OK,
core,Mixed-Content_2_L.bmp,Mixed-Content,2,L,bmp,RGB,1920,1080,3,P03.xlsx,xlsx,small,8899,3,2332800,OK,
core,Noisy_1_S.bmp,Noisy,1,S,bmp,RGB,512,512,3,P01.docx,docx,large,1121154,1,98304,SKIP_CAPACITY,Payload exceeds cover capacity at selected LSB depth
core,Noisy_1_S.bmp,Noisy,1,S,bmp,RGB,512,512,3,P01.docx,docx,large,1121154,2,196608,SKIP_CAPACITY,Payload exceeds cover capacity at selected LSB depth
core,Noisy_1_S.bmp,Noisy,1,S,bmp,RGB,512,512,3,P01.docx,docx,large,1121154,3,294912,SKIP_CAPACITY,Payload exceeds cover capacity at selected LSB depth
core,Noisy_1_S.bmp,Noisy,1,S,bmp,RGB,512,512,3,P01.docx,docx,medium,511127,1,98304,SKIP_CAPACITY,Payload exceeds cover capacity at selected LSB depth
core,Noisy_1_S.bmp,Noisy,1,S,bmp,RGB,512,512,3,P01.docx,docx,medium,511127,2,196608,SKIP_CAPACITY,Payload exceeds cover capacity at selected LSB depth
core,Noisy_1_S.bmp,Noisy,1,S,bmp,RGB,512,512,3,P01.docx,docx,medium,511127,3,294912,SKIP_CAPACITY,Payload exceeds cover capacity at selected LSB depth
core,Noisy_1_S.bmp,Noisy,1,S,bmp,RGB,512,512,3,P01.docx,docx,small,13432,1,98304,OK,
core,Noisy_1_S.bmp,Noisy,1,S,bmp,RGB,512,512,3,P01.docx,docx,small,13432,2,196608,OK,
core,Noisy_1_S.bmp,Noisy,1,S,bmp,RGB,512,512,3,P01.docx,docx,small,13432,3,294912,OK,
core,Noisy_1_S.bmp,Noisy,1,S,bmp,RGB,512,512,3,P06.exe,exe,large,1017856,1,98304,SKIP_CAPACITY,Payload exceeds cover capacity at selected LSB depth
core,Noisy_1_S.bmp,Noisy,1,S,bmp,RGB,512,512,3,P06.exe,exe,large,1017856,2,196608,SKIP_CAPACITY,Payload exceeds cover capacity at selected LSB depth
core,Noisy_1_S.bmp,Noisy,1,S,bmp,RGB,512,512,3,P06.exe,exe,large,1017856,3,294912,SKIP_CAPACITY,Payload exceeds cover capacity at selected LSB depth
core,Noisy_1_S.bmp,Noisy,1,S,bmp,RGB,512,512,3,P06.exe,exe,medium,505856,1,98304,SKIP_CAPACITY,Payload exceeds cover capacity at selected LSB depth
core,Noisy_1_S.bmp,Noisy,1,S,bmp,RGB,512,512,3,P06.exe,exe,medium,505856,2,196608,SKIP_CAPACITY,Payload exceeds cover capacity at selected LSB depth
core,Noisy_1_S.bmp,Noisy,1,S,bmp,RGB,512,512,3,P06.exe,exe,medium,505856,3,294912,SKIP_CAPACITY,Payload exceeds cover capacity at selected LSB depth
core,Noisy_1_S.bmp,Noisy,1,S,bmp,RGB,512,512,3,P06.exe,exe,small,40448,1,98304,OK,
core,Noisy_1_S.bmp,Noisy,1,S,bmp,RGB,512,512,3,P06.exe,exe,small,40448,2,196608,OK,
core,Noisy_1_S.bmp,Noisy,1,S,bmp,RGB,512,512,3,P06.exe,exe,small,40448,3,294912,OK,
core,Noisy_1_S.bmp,Noisy,1,S,bmp,RGB,512,512,3,P02.pdf,pdf,large,1100144,1,98304,SKIP_CAPACITY,Payload exceeds cover capacity at selected LSB depth
core,Noisy_1_S.bmp,Noisy,1,S,bmp,RGB,512,512,3,P02.pdf,pdf,large,1100144,2,196608,SKIP_CAPACITY,Payload exceeds cover capacity at selected LSB depth
core,Noisy_1_S.bmp,Noisy,1,S,bmp,RGB,512,512,3,P02.pdf,pdf,large,1100144,3,294912,SKIP_CAPACITY,Payload exceeds cover capacity at selected LSB depth
core,Noisy_1_S.bmp,Noisy,1,S,bmp,RGB,512,512,3,P02.pdf,pdf,medium,510410,1,98304,SKIP_CAPACITY,Payload exceeds cover capacity at selected LSB depth
core,Noisy_1_S.bmp,Noisy,1,S,bmp,RGB,512,512,3,P02.pdf,pdf,medium,510410,2,196608,SKIP_CAPACITY,Payload exceeds cover capacity at selected LSB depth
core,Noisy_1_S.bmp,Noisy,1,S,bmp,RGB,512,512,3,P02.pdf,pdf,medium,510410,3,294912,SKIP_CAPACITY,Payload exceeds cover capacity at selected LSB depth
core,Noisy_1_S.bmp,Noisy,1,S,bmp,RGB,512,512,3,P02.pdf,pdf,small,16620,1,98304,OK,
core,Noisy_1_S.bmp,Noisy,1,S,bmp,RGB,512,512,3,P02.pdf,pdf,small,16620,2,196608,OK,
core,Noisy_1_S.bmp,Noisy,1,S,bmp,RGB,512,512,3,P02.pdf,pdf,small,16620,3,294912,OK,
core,Noisy_1_S.bmp,Noisy,1,S,bmp,RGB,512,512,3,P04.pptx,pptx,large,1082610,1,98304,SKIP_CAPACITY,Payload exceeds cover capacity at selected LSB depth
core,Noisy_1_S.bmp,Noisy,1,S,bmp,RGB,512,512,3,P04.pptx,pptx,large,1082610,2,196608,SKIP_CAPACITY,Payload exceeds cover capacity at selected LSB depth
core,Noisy_1_S.bmp,Noisy,1,S,bmp,RGB,512,512,3,P04.pptx,pptx,large,1082610,3,294912,SKIP_CAPACITY,Payload exceeds cover capacity at selected LSB depth
core,Noisy_1_S.bmp,Noisy,1,S,bmp,RGB,512,512,3,P04.pptx,pptx,medium,512113,1,98304,SKIP_CAPACITY,Payload exceeds cover capacity at selected LSB depth
core,Noisy_1_S.bmp,Noisy,1,S,bmp,RGB,512,512,3,P04.pptx,pptx,medium,512113,2,196608,SKIP_CAPACITY,Payload exceeds cover capacity at selected LSB depth
core,Noisy_1_S.bmp,Noisy,1,S,bmp,RGB,512,512,3,P04.pptx,pptx,medium,512113,3,294912,SKIP_CAPACITY,Payload exceeds cover capacity at selected LSB depth
core,Noisy_1_S.bmp,Noisy,1,S,bmp,RGB,512,512,3,P04.pptx,pptx,small,32020,1,98304,OK,
core,Noisy_1_S.bmp,Noisy,1,S,bmp,RGB,512,512,3,P04.pptx,pptx,small,32020,2,196608,OK,
core,Noisy_1_S.bmp,Noisy,1,S,bmp,RGB,512,512,3,P04.pptx,pptx,small,32020,3,294912,OK,
core,Noisy_1_S.bmp,Noisy,1,S,bmp,RGB,512,512,3,P05.rtf,rtf,large,1085026,1,98304,SKIP_CAPACITY,Payload exceeds cover capacity at selected LSB depth
core,Noisy_1_S.bmp,Noisy,1,S,bmp,RGB,512,512,3,P05.rtf,rtf,large,1085026,2,196608,SKIP_CAPACITY,Payload exceeds cover capacity at selected LSB depth
core,Noisy_1_S.bmp,Noisy,1,S,bmp,RGB,512,512,3,P05.rtf,rtf,large,1085026,3,294912,SKIP_CAPACITY,Payload exceeds cover capacity at selected LSB depth
core,Noisy_1_S.bmp,Noisy,1,S,bmp,RGB,512,512,3,P05.rtf,rtf,medium,511504,1,98304,SKIP_CAPACITY,Payload exceeds cover capacity at selected LSB depth
core,Noisy_1_S.bmp,Noisy,1,S,bmp,RGB,512,512,3,P05.rtf,rtf,medium,511504,2,196608,SKIP_CAPACITY,Payload exceeds cover capacity at selected LSB depth
core,Noisy_1_S.bmp,Noisy,1,S,bmp,RGB,512,512,3,P05.rtf,rtf,medium,511504,3,294912,SKIP_CAPACITY,Payload exceeds cover capacity at selected LSB depth
core,Noisy_1_S.bmp,Noisy,1,S,bmp,RGB,512,512,3,P05.rtf,rtf,small,50275,1,98304,OK,
core,Noisy_1_S.bmp,Noisy,1,S,bmp,RGB,512,512,3,P05.rtf,rtf,small,50275,2,196608,OK,
core,Noisy_1_S.bmp,Noisy,1,S,bmp,RGB,512,512,3,P05.rtf,rtf,small,50275,3,294912,OK,
core,Noisy_1_S.bmp,Noisy,1,S,bmp,RGB,512,512,3,P03.xlsx,xlsx,large,1090468,1,98304,SKIP_CAPACITY,Payload exceeds cover capacity at selected LSB depth
core,Noisy_1_S.bmp,Noisy,1,S,bmp,RGB,512,512,3,P03.xlsx,xlsx,large,1090468,2,196608,SKIP_CAPACITY,Payload exceeds cover capacity at selected LSB depth
core,Noisy_1_S.bmp,Noisy,1,S,bmp,RGB,512,512,3,P03.xlsx,xlsx,large,1090468,3,294912,SKIP_CAPACITY,Payload exceeds cover capacity at selected LSB depth
core,Noisy_1_S.bmp,Noisy,1,S,bmp,RGB,512,512,3,P03.xlsx,xlsx,medium,511280,1,98304,SKIP_CAPACITY,Payload exceeds cover capacity at selected LSB depth
core,Noisy_1_S.bmp,Noisy,1,S,bmp,RGB,512,512,3,P03.xlsx,xlsx,medium,511280,2,196608,SKIP_CAPACITY,Payload exceeds cover capacity at selected LSB depth
core,Noisy_1_S.bmp,Noisy,1,S,bmp,RGB,512,512,3,P03.xlsx,xlsx,medium,511280,3,294912,SKIP_CAPACITY,Payload exceeds cover capacity at selected LSB depth
core,Noisy_1_S.bmp,Noisy,1,S,bmp,RGB,512,512,3,P03.xlsx,xlsx,small,8899,1,98304,OK,
core,Noisy_1_S.bmp,Noisy,1,S,bmp,RGB,512,512,3,P03.xlsx,xlsx,small,8899,2,196608,OK,
core,Noisy_1_S.bmp,Noisy,1,S,bmp,RGB,512,512,3,P03.xlsx,xlsx,small,8899,3,294912,OK,
core,Noisy_2_M.png,Noisy,2,M,png,RGB,1024,1024,3,P01.docx,docx,large,1121154,1,393216,SKIP_CAPACITY,Payload exceeds cover capacity at selected LSB depth
core,Noisy_2_M.png,Noisy,2,M,png,RGB,1024,1024,3,P01.docx,docx,large,1121154,2,786432,SKIP_CAPACITY,Payload exceeds cover capacity at selected LSB depth
core,Noisy_2_M.png,Noisy,2,M,png,RGB,1024,1024,3,P01.docx,docx,large,1121154,3,1179648,OK,
core,Noisy_2_M.png,Noisy,2,M,png,RGB,1024,1024,3,P01.docx,docx,medium,511127,1,393216,SKIP_CAPACITY,Payload exceeds cover capacity at selected LSB depth
core,Noisy_2_M.png,Noisy,2,M,png,RGB,1024,1024,3,P01.docx,docx,medium,511127,2,786432,OK,
core,Noisy_2_M.png,Noisy,2,M,png,RGB,1024,1024,3,P01.docx,docx,medium,511127,3,1179648,OK,
core,Noisy_2_M.png,Noisy,2,M,png,RGB,1024,1024,3,P01.docx,docx,small,13432,1,393216,OK,
core,Noisy_2_M.png,Noisy,2,M,png,RGB,1024,1024,3,P01.docx,docx,small,13432,2,786432,OK,
core,Noisy_2_M.png,Noisy,2,M,png,RGB,1024,1024,3,P01.docx,docx,small,13432,3,1179648,OK,
core,Noisy_2_M.png,Noisy,2,M,png,RGB,1024,1024,3,P06.exe,exe,large,1017856,1,393216,SKIP_CAPACITY,Payload exceeds cover capacity at selected LSB depth
core,Noisy_2_M.png,Noisy,2,M,png,RGB,1024,1024,3,P06.exe,exe,large,1017856,2,786432,SKIP_CAPACITY,Payload exceeds cover capacity at selected LSB depth
core,Noisy_2_M.png,Noisy,2,M,png,RGB,1024,1024,3,P06.exe,exe,large,1017856,3,1179648,OK,
core,Noisy_2_M.png,Noisy,2,M,png,RGB,1024,1024,3,P06.exe,exe,medium,505856,1,393216,SKIP_CAPACITY,Payload exceeds cover capacity at selected LSB depth
core,Noisy_2_M.png,Noisy,2,M,png,RGB,1024,1024,3,P06.exe,exe,medium,505856,2,786432,OK,
core,Noisy_2_M.png,Noisy,2,M,png,RGB,1024,1024,3,P06.exe,exe,medium,505856,3,1179648,OK,
core,Noisy_2_M.png,Noisy,2,M,png,RGB,1024,1024,3,P06.exe,exe,small,40448,1,393216,OK,
core,Noisy_2_M.png,Noisy,2,M,png,RGB,1024,1024,3,P06.exe,exe,small,40448,2,786432,OK,
core,Noisy_2_M.png,Noisy,2,M,png,RGB,1024,1024,3,P06.exe,exe,small,40448,3,1179648,OK,
core,Noisy_2_M.png,Noisy,2,M,png,RGB,1024,1024,3,P02.pdf,pdf,large,1100144,1,393216,SKIP_CAPACITY,Payload exceeds cover capacity at selected LSB depth
core,Noisy_2_M.png,Noisy,2,M,png,RGB,1024,1024,3,P02.pdf,pdf,large,1100144,2,786432,SKIP_CAPACITY,Payload exceeds cover capacity at selected LSB depth
core,Noisy_2_M.png,Noisy,2,M,png,RGB,1024,1024,3,P02.pdf,pdf,large,1100144,3,1179648,OK,
core,Noisy_2_M.png,Noisy,2,M,png,RGB,1024,1024,3,P02.pdf,pdf,medium,510410,1,393216,SKIP_CAPACITY,Payload exceeds cover capacity at selected LSB depth
core,Noisy_2_M.png,Noisy,2,M,png,RGB,1024,1024,3,P02.pdf,pdf,medium,510410,2,786432,OK,
core,Noisy_2_M.png,Noisy,2,M,png,RGB,1024,1024,3,P02.pdf,pdf,medium,510410,3,1179648,OK,
core,Noisy_2_M.png,Noisy,2,M,png,RGB,1024,1024,3,P02.pdf,pdf,small,16620,1,393216,OK,
core,Noisy_2_M.png,Noisy,2,M,png,RGB,1024,1024,3,P02.pdf,pdf,small,16620,2,786432,OK,
core,Noisy_2_M.png,Noisy,2,M,png,RGB,1024,1024,3,P02.pdf,pdf,small,16620,3,1179648,OK,
core,Noisy_2_M.png,Noisy,2,M,png,RGB,1024,1024,3,P04.pptx,pptx,large,1082610,1,393216,SKIP_CAPACITY,Payload exceeds cover capacity at selected LSB depth
core,Noisy_2_M.png,Noisy,2,M,png,RGB,1024,1024,3,P04.pptx,pptx,large,1082610,2,786432,SKIP_CAPACITY,Payload exceeds cover capacity at selected LSB depth
core,Noisy_2_M.png,Noisy,2,M,png,RGB,1024,1024,3,P04.pptx,pptx,large,1082610,3,1179648,OK,
core,Noisy_2_M.png,Noisy,2,M,png,RGB,1024,1024,3,P04.pptx,pptx,medium,512113,1,393216,SKIP_CAPACITY,Payload exceeds cover capacity at selected LSB depth
core,Noisy_2_M.png,Noisy,2,M,png,RGB,1024,1024,3,P04.pptx,pptx,medium,512113,2,786432,OK,
core,Noisy_2_M.png,Noisy,2,M,png,RGB,1024,1024,3,P04.pptx,pptx,medium,512113,3,1179648,OK,
core,Noisy_2_M.png,Noisy,2,M,png,RGB,1024,1024,3,P04.pptx,pptx,small,32020,1,393216,OK,
core,Noisy_2_M.png,Noisy,2,M,png,RGB,1024,1024,3,P04.pptx,pptx,small,32020,2,786432,OK,
core,Noisy_2_M.png,Noisy,2,M,png,RGB,1024,1024,3,P04.pptx,pptx,small,32020,3,1179648,OK,
core,Noisy_2_M.png,Noisy,2,M,png,RGB,1024,1024,3,P05.rtf,rtf,large,1085026,1,393216,SKIP_CAPACITY,Payload exceeds cover capacity at selected LSB depth
core,Noisy_2_M.png,Noisy,2,M,png,RGB,1024,1024,3,P05.rtf,rtf,large,1085026,2,786432,SKIP_CAPACITY,Payload exceeds cover capacity at selected LSB depth
core,Noisy_2_M.png,Noisy,2,M,png,RGB,1024,1024,3,P05.rtf,rtf,large,1085026,3,1179648,OK,
core,Noisy_2_M.png,Noisy,2,M,png,RGB,1024,1024,3,P05.rtf,rtf,medium,511504,1,393216,SKIP_CAPACITY,Payload exceeds cover capacity at selected LSB depth
core,Noisy_2_M.png,Noisy,2,M,png,RGB,1024,1024,3,P05.rtf,rtf,medium,511504,2,786432,OK,
core,Noisy_2_M.png,Noisy,2,M,png,RGB,1024,1024,3,P05.rtf,rtf,medium,511504,3,1179648,OK,
core,Noisy_2_M.png,Noisy,2,M,png,RGB,1024,1024,3,P05.rtf,rtf,small,50275,1,393216,OK,
core,Noisy_2_M.png,Noisy,2,M,png,RGB,1024,1024,3,P05.rtf,rtf,small,50275,2,786432,OK,
core,Noisy_2_M.png,Noisy,2,M,png,RGB,1024,1024,3,P05.rtf,rtf,small,50275,3,1179648,OK,
core,Noisy_2_M.png,Noisy,2,M,png,RGB,1024,1024,3,P03.xlsx,xlsx,large,1090468,1,393216,SKIP_CAPACITY,Payload exceeds cover capacity at selected LSB depth
core,Noisy_2_M.png,Noisy,2,M,png,RGB,1024,1024,3,P03.xlsx,xlsx,large,1090468,2,786432,SKIP_CAPACITY,Payload exceeds cover capacity at selected LSB depth
core,Noisy_2_M.png,Noisy,2,M,png,RGB,1024,1024,3,P03.xlsx,xlsx,large,1090468,3,1179648,OK,
core,Noisy_2_M.png,Noisy,2,M,png,RGB,1024,1024,3,P03.xlsx,xlsx,medium,511280,1,393216,SKIP_CAPACITY,Payload exceeds cover capacity at selected LSB depth
core,Noisy_2_M.png,Noisy,2,M,png,RGB,1024,1024,3,P03.xlsx,xlsx,medium,511280,2,786432,OK,
core,Noisy_2_M.png,Noisy,2,M,png,RGB,1024,1024,3,P03.xlsx,xlsx,medium,511280,3,1179648,OK,
core,Noisy_2_M.png,Noisy,2,M,png,RGB,1024,1024,3,P03.xlsx,xlsx,small,8899,1,393216,OK,
core,Noisy_2_M.png,Noisy,2,M,png,RGB,1024,1024,3,P03.xlsx,xlsx,small,8899,2,786432,OK,
core,Noisy_2_M.png,Noisy,2,M,png,RGB,1024,1024,3,P03.xlsx,xlsx,small,8899,3,1179648,OK,
core,Photographic_1_S.png,Photographic,1,S,png,RGB,512,512,3,P01.docx,docx,large,1121154,1,98304,SKIP_CAPACITY,Payload exceeds cover capacity at selected LSB depth
core,Photographic_1_S.png,Photographic,1,S,png,RGB,512,512,3,P01.docx,docx,large,1121154,2,196608,SKIP_CAPACITY,Payload exceeds cover capacity at selected LSB depth
core,Photographic_1_S.png,Photographic,1,S,png,RGB,512,512,3,P01.docx,docx,large,1121154,3,294912,SKIP_CAPACITY,Payload exceeds cover capacity at selected LSB depth
core,Photographic_1_S.png,Photographic,1,S,png,RGB,512,512,3,P01.docx,docx,medium,511127,1,98304,SKIP_CAPACITY,Payload exceeds cover capacity at selected LSB depth
core,Photographic_1_S.png,Photographic,1,S,png,RGB,512,512,3,P01.docx,docx,medium,511127,2,196608,SKIP_CAPACITY,Payload exceeds cover capacity at selected LSB depth
core,Photographic_1_S.png,Photographic,1,S,png,RGB,512,512,3,P01.docx,docx,medium,511127,3,294912,SKIP_CAPACITY,Payload exceeds cover capacity at selected LSB depth
core,Photographic_1_S.png,Photographic,1,S,png,RGB,512,512,3,P01.docx,docx,small,13432,1,98304,OK,
core,Photographic_1_S.png,Photographic,1,S,png,RGB,512,512,3,P01.docx,docx,small,13432,2,196608,OK,
core,Photographic_1_S.png,Photographic,1,S,png,RGB,512,512,3,P01.docx,docx,small,13432,3,294912,OK,
core,Photographic_1_S.png,Photographic,1,S,png,RGB,512,512,3,P06.exe,exe,large,1017856,1,98304,SKIP_CAPACITY,Payload exceeds cover capacity at selected LSB depth
core,Photographic_1_S.png,Photographic,1,S,png,RGB,512,512,3,P06.exe,exe,large,1017856,2,196608,SKIP_CAPACITY,Payload exceeds cover capacity at selected LSB depth
core,Photographic_1_S.png,Photographic,1,S,png,RGB,512,512,3,P06.exe,exe,large,1017856,3,294912,SKIP_CAPACITY,Payload exceeds cover capacity at selected LSB depth
core,Photographic_1_S.png,Photographic,1,S,png,RGB,512,512,3,P06.exe,exe,medium,505856,1,98304,SKIP_CAPACITY,Payload exceeds cover capacity at selected LSB depth
core,Photographic_1_S.png,Photographic,1,S,png,RGB,512,512,3,P06.exe,exe,medium,505856,2,196608,SKIP_CAPACITY,Payload exceeds cover capacity at selected LSB depth
core,Photographic_1_S.png,Photographic,1,S,png,RGB,512,512,3,P06.exe,exe,medium,505856,3,294912,SKIP_CAPACITY,Payload exceeds cover capacity at selected LSB depth
core,Photographic_1_S.png,Photographic,1,S,png,RGB,512,512,3,P06.exe,exe,small,40448,1,98304,OK,
core,Photographic_1_S.png,Photographic,1,S,png,RGB,512,512,3,P06.exe,exe,small,40448,2,196608,OK,
core,Photographic_1_S.png,Photographic,1,S,png,RGB,512,512,3,P06.exe,exe,small,40448,3,294912,OK,
core,Photographic_1_S.png,Photographic,1,S,png,RGB,512,512,3,P02.pdf,pdf,large,1100144,1,98304,SKIP_CAPACITY,Payload exceeds cover capacity at selected LSB depth
core,Photographic_1_S.png,Photographic,1,S,png,RGB,512,512,3,P02.pdf,pdf,large,1100144,2,196608,SKIP_CAPACITY,Payload exceeds cover capacity at selected LSB depth
core,Photographic_1_S.png,Photographic,1,S,png,RGB,512,512,3,P02.pdf,pdf,large,1100144,3,294912,SKIP_CAPACITY,Payload exceeds cover capacity at selected LSB depth
core,Photographic_1_S.png,Photographic,1,S,png,RGB,512,512,3,P02.pdf,pdf,medium,510410,1,98304,SKIP_CAPACITY,Payload exceeds cover capacity at selected LSB depth
core,Photographic_1_S.png,Photographic,1,S,png,RGB,512,512,3,P02.pdf,pdf,medium,510410,2,196608,SKIP_CAPACITY,Payload exceeds cover capacity at selected LSB depth
core,Photographic_1_S.png,Photographic,1,S,png,RGB,512,512,3,P02.pdf,pdf,medium,510410,3,294912,SKIP_CAPACITY,Payload exceeds cover capacity at selected LSB depth
core,Photographic_1_S.png,Photographic,1,S,png,RGB,512,512,3,P02.pdf,pdf,small,16620,1,98304,OK,
core,Photographic_1_S.png,Photographic,1,S,png,RGB,512,512,3,P02.pdf,pdf,small,16620,2,196608,OK,
core,Photographic_1_S.png,Photographic,1,S,png,RGB,512,512,3,P02.pdf,pdf,small,16620,3,294912,OK,
core,Photographic_1_S.png,Photographic,1,S,png,RGB,512,512,3,P04.pptx,pptx,large,1082610,1,98304,SKIP_CAPACITY,Payload exceeds cover capacity at selected LSB depth
core,Photographic_1_S.png,Photographic,1,S,png,RGB,512,512,3,P04.pptx,pptx,large,1082610,2,196608,SKIP_CAPACITY,Payload exceeds cover capacity at selected LSB depth
core,Photographic_1_S.png,Photographic,1,S,png,RGB,512,512,3,P04.pptx,pptx,large,1082610,3,294912,SKIP_CAPACITY,Payload exceeds cover capacity at selected LSB depth
core,Photographic_1_S.png,Photographic,1,S,png,RGB,512,512,3,P04.pptx,pptx,medium,512113,1,98304,SKIP_CAPACITY,Payload exceeds cover capacity at selected LSB depth
core,Photographic_1_S.png,Photographic,1,S,png,RGB,512,512,3,P04.pptx,pptx,medium,512113,2,196608,SKIP_CAPACITY,Payload exceeds cover capacity at selected LSB depth
core,Photographic_1_S.png,Photographic,1,S,png,RGB,512,512,3,P04.pptx,pptx,medium,512113,3,294912,SKIP_CAPACITY,Payload exceeds cover capacity at selected LSB depth
core,Photographic_1_S.png,Photographic,1,S,png,RGB,512,512,3,P04.pptx,pptx,small,32020,1,98304,OK,
core,Photographic_1_S.png,Photographic,1,S,png,RGB,512,512,3,P04.pptx,pptx,small,32020,2,196608,OK,
core,Photographic_1_S.png,Photographic,1,S,png,RGB,512,512,3,P04.pptx,pptx,small,32020,3,294912,OK,
core,Photographic_1_S.png,Photographic,1,S,png,RGB,512,512,3,P05.rtf,rtf,large,1085026,1,98304,SKIP_CAPACITY,Payload exceeds cover capacity at selected LSB depth
core,Photographic_1_S.png,Photographic,1,S,png,RGB,512,512,3,P05.rtf,rtf,large,1085026,2,196608,SKIP_CAPACITY,Payload exceeds cover capacity at selected LSB depth
core,Photographic_1_S.png,Photographic,1,S,png,RGB,512,512,3,P05.rtf,rtf,large,1085026,3,294912,SKIP_CAPACITY,Payload exceeds cover capacity at selected LSB depth
core,Photographic_1_S.png,Photographic,1,S,png,RGB,512,512,3,P05.rtf,rtf,medium,511504,1,98304,SKIP_CAPACITY,Payload exceeds cover capacity at selected LSB depth
core,Photographic_1_S.png,Photographic,1,S,png,RGB,512,512,3,P05.rtf,rtf,medium,511504,2,196608,SKIP_CAPACITY,Payload exceeds cover capacity at selected LSB depth
core,Photographic_1_S.png,Photographic,1,S,png,RGB,512,512,3,P05.rtf,rtf,medium,511504,3,294912,SKIP_CAPACITY,Payload exceeds cover capacity at selected LSB depth
core,Photographic_1_S.png,Photographic,1,S,png,RGB,512,512,3,P05.rtf,rtf,small,50275,1,98304,OK,
core,Photographic_1_S.png,Photographic,1,S,png,RGB,512,512,3,P05.rtf,rtf,small,50275,2,196608,OK,
core,Photographic_1_S.png,Photographic,1,S,png,RGB,512,512,3,P05.rtf,rtf,small,50275,3,294912,OK,
core,Photographic_1_S.png,Photographic,1,S,png,RGB,512,512,3,P03.xlsx,xlsx,large,1090468,1,98304,SKIP_CAPACITY,Payload exceeds cover capacity at selected LSB depth
core,Photographic_1_S.png,Photographic,1,S,png,RGB,512,512,3,P03.xlsx,xlsx,large,1090468,2,196608,SKIP_CAPACITY,Payload exceeds cover capacity at selected LSB depth
core,Photographic_1_S.png,Photographic,1,S,png,RGB,512,512,3,P03.xlsx,xlsx,large,1090468,3,294912,SKIP_CAPACITY,Payload exceeds cover capacity at selected LSB depth
core,Photographic_1_S.png,Photographic,1,S,png,RGB,512,512,3,P03.xlsx,xlsx,medium,511280,1,98304,SKIP_CAPACITY,Payload exceeds cover capacity at selected LSB depth
core,Photographic_1_S.png,Photographic,1,S,png,RGB,512,512,3,P03.xlsx,xlsx,medium,511280,2,196608,SKIP_CAPACITY,Payload exceeds cover capacity at selected LSB depth
core,Photographic_1_S.png,Photographic,1,S,png,RGB,512,512,3,P03.xlsx,xlsx,medium,511280,3,294912,SKIP_CAPACITY,Payload exceeds cover capacity at selected LSB depth
core,Photographic_1_S.png,Photographic,1,S,png,RGB,512,512,3,P03.xlsx,xlsx,small,8899,1,98304,OK,
core,Photographic_1_S.png,Photographic,1,S,png,RGB,512,512,3,P03.xlsx,xlsx,small,8899,2,196608,OK,
core,Photographic_1_S.png,Photographic,1,S,png,RGB,512,512,3,P03.xlsx,xlsx,small,8899,3,294912,OK,
core,Photographic_2_M.bmp,Photographic,2,M,bmp,RGB,1024,1024,3,P01.docx,docx,large,1121154,1,393216,SKIP_CAPACITY,Payload exceeds cover capacity at selected LSB depth
core,Photographic_2_M.bmp,Photographic,2,M,bmp,RGB,1024,1024,3,P01.docx,docx,large,1121154,2,786432,SKIP_CAPACITY,Payload exceeds cover capacity at selected LSB depth
core,Photographic_2_M.bmp,Photographic,2,M,bmp,RGB,1024,1024,3,P01.docx,docx,large,1121154,3,1179648,OK,
core,Photographic_2_M.bmp,Photographic,2,M,bmp,RGB,1024,1024,3,P01.docx,docx,medium,511127,1,393216,SKIP_CAPACITY,Payload exceeds cover capacity at selected LSB depth
core,Photographic_2_M.bmp,Photographic,2,M,bmp,RGB,1024,1024,3,P01.docx,docx,medium,511127,2,786432,OK,
core,Photographic_2_M.bmp,Photographic,2,M,bmp,RGB,1024,1024,3,P01.docx,docx,medium,511127,3,1179648,OK,
core,Photographic_2_M.bmp,Photographic,2,M,bmp,RGB,1024,1024,3,P01.docx,docx,small,13432,1,393216,OK,
core,Photographic_2_M.bmp,Photographic,2,M,bmp,RGB,1024,1024,3,P01.docx,docx,small,13432,2,786432,OK,
core,Photographic_2_M.bmp,Photographic,2,M,bmp,RGB,1024,1024,3,P01.docx,docx,small,13432,3,1179648,OK,
core,Photographic_2_M.bmp,Photographic,2,M,bmp,RGB,1024,1024,3,P06.exe,exe,large,1017856,1,393216,SKIP_CAPACITY,Payload exceeds cover capacity at selected LSB depth
core,Photographic_2_M.bmp,Photographic,2,M,bmp,RGB,1024,1024,3,P06.exe,exe,large,1017856,2,786432,SKIP_CAPACITY,Payload exceeds cover capacity at selected LSB depth
core,Photographic_2_M.bmp,Photographic,2,M,bmp,RGB,1024,1024,3,P06.exe,exe,large,1017856,3,1179648,OK,
core,Photographic_2_M.bmp,Photographic,2,M,bmp,RGB,1024,1024,3,P06.exe,exe,medium,505856,1,393216,SKIP_CAPACITY,Payload exceeds cover capacity at selected LSB depth
core,Photographic_2_M.bmp,Photographic,2,M,bmp,RGB,1024,1024,3,P06.exe,exe,medium,505856,2,786432,OK,
core,Photographic_2_M.bmp,Photographic,2,M,bmp,RGB,1024,1024,3,P06.exe,exe,medium,505856,3,1179648,OK,
core,Photographic_2_M.bmp,Photographic,2,M,bmp,RGB,1024,1024,3,P06.exe,exe,small,40448,1,393216,OK,
core,Photographic_2_M.bmp,Photographic,2,M,bmp,RGB,1024,1024,3,P06.exe,exe,small,40448,2,786432,OK,
core,Photographic_2_M.bmp,Photographic,2,M,bmp,RGB,1024,1024,3,P06.exe,exe,small,40448,3,1179648,OK,
core,Photographic_2_M.bmp,Photographic,2,M,bmp,RGB,1024,1024,3,P02.pdf,pdf,large,1100144,1,393216,SKIP_CAPACITY,Payload exceeds cover capacity at selected LSB depth
core,Photographic_2_M.bmp,Photographic,2,M,bmp,RGB,1024,1024,3,P02.pdf,pdf,large,1100144,2,786432,SKIP_CAPACITY,Payload exceeds cover capacity at selected LSB depth
core,Photographic_2_M.bmp,Photographic,2,M,bmp,RGB,1024,1024,3,P02.pdf,pdf,large,1100144,3,1179648,OK,
core,Photographic_2_M.bmp,Photographic,2,M,bmp,RGB,1024,1024,3,P02.pdf,pdf,medium,510410,1,393216,SKIP_CAPACITY,Payload exceeds cover capacity at selected LSB depth
core,Photographic_2_M.bmp,Photographic,2,M,bmp,RGB,1024,1024,3,P02.pdf,pdf,medium,510410,2,786432,OK,
core,Photographic_2_M.bmp,Photographic,2,M,bmp,RGB,1024,1024,3,P02.pdf,pdf,medium,510410,3,1179648,OK,
core,Photographic_2_M.bmp,Photographic,2,M,bmp,RGB,1024,1024,3,P02.pdf,pdf,small,16620,1,393216,OK,
core,Photographic_2_M.bmp,Photographic,2,M,bmp,RGB,1024,1024,3,P02.pdf,pdf,small,16620,2,786432,OK,
core,Photographic_2_M.bmp,Photographic,2,M,bmp,RGB,1024,1024,3,P02.pdf,pdf,small,16620,3,1179648,OK,
core,Photographic_2_M.bmp,Photographic,2,M,bmp,RGB,1024,1024,3,P04.pptx,pptx,large,1082610,1,393216,SKIP_CAPACITY,Payload exceeds cover capacity at selected LSB depth
core,Photographic_2_M.bmp,Photographic,2,M,bmp,RGB,1024,1024,3,P04.pptx,pptx,large,1082610,2,786432,SKIP_CAPACITY,Payload exceeds cover capacity at selected LSB depth
core,Photographic_2_M.bmp,Photographic,2,M,bmp,RGB,1024,1024,3,P04.pptx,pptx,large,1082610,3,1179648,OK,
core,Photographic_2_M.bmp,Photographic,2,M,bmp,RGB,1024,1024,3,P04.pptx,pptx,medium,512113,1,393216,SKIP_CAPACITY,Payload exceeds cover capacity at selected LSB depth
core,Photographic_2_M.bmp,Photographic,2,M,bmp,RGB,1024,1024,3,P04.pptx,pptx,medium,512113,2,786432,OK,
core,Photographic_2_M.bmp,Photographic,2,M,bmp,RGB,1024,1024,3,P04.pptx,pptx,medium,512113,3,1179648,OK,
core,Photographic_2_M.bmp,Photographic,2,M,bmp,RGB,1024,1024,3,P04.pptx,pptx,small,32020,1,393216,OK,
core,Photographic_2_M.bmp,Photographic,2,M,bmp,RGB,1024,1024,3,P04.pptx,pptx,small,32020,2,786432,OK,
core,Photographic_2_M.bmp,Photographic,2,M,bmp,RGB,1024,1024,3,P04.pptx,pptx,small,32020,3,1179648,OK,
core,Photographic_2_M.bmp,Photographic,2,M,bmp,RGB,1024,1024,3,P05.rtf,rtf,large,1085026,1,393216,SKIP_CAPACITY,Payload exceeds cover capacity at selected LSB depth
core,Photographic_2_M.bmp,Photographic,2,M,bmp,RGB,1024,1024,3,P05.rtf,rtf,large,1085026,2,786432,SKIP_CAPACITY,Payload exceeds cover capacity at selected LSB depth
core,Photographic_2_M.bmp,Photographic,2,M,bmp,RGB,1024,1024,3,P05.rtf,rtf,large,1085026,3,1179648,OK,
core,Photographic_2_M.bmp,Photographic,2,M,bmp,RGB,1024,1024,3,P05.rtf,rtf,medium,511504,1,393216,SKIP_CAPACITY,Payload exceeds cover capacity at selected LSB depth
core,Photographic_2_M.bmp,Photographic,2,M,bmp,RGB,1024,1024,3,P05.rtf,rtf,medium,511504,2,786432,OK,
core,Photographic_2_M.bmp,Photographic,2,M,bmp,RGB,1024,1024,3,P05.rtf,rtf,medium,511504,3,1179648,OK,
core,Photographic_2_M.bmp,Photographic,2,M,bmp,RGB,1024,1024,3,P05.rtf,rtf,small,50275,1,393216,OK,
core,Photographic_2_M.bmp,Photographic,2,M,bmp,RGB,1024,1024,3,P05.rtf,rtf,small,50275,2,786432,OK,
core,Photographic_2_M.bmp,Photographic,2,M,bmp,RGB,1024,1024,3,P05.rtf,rtf,small,50275,3,1179648,OK,
core,Photographic_2_M.bmp,Photographic,2,M,bmp,RGB,1024,1024,3,P03.xlsx,xlsx,large,1090468,1,393216,SKIP_CAPACITY,Payload exceeds cover capacity at selected LSB depth
core,Photographic_2_M.bmp,Photographic,2,M,bmp,RGB,1024,1024,3,P03.xlsx,xlsx,large,1090468,2,786432,SKIP_CAPACITY,Payload exceeds cover capacity at selected LSB depth
core,Photographic_2_M.bmp,Photographic,2,M,bmp,RGB,1024,1024,3,P03.xlsx,xlsx,large,1090468,3,1179648,OK,
core,Photographic_2_M.bmp,Photographic,2,M,bmp,RGB,1024,1024,3,P03.xlsx,xlsx,medium,511280,1,393216,SKIP_CAPACITY,Payload exceeds cover capacity at selected LSB depth
core,Photographic_2_M.bmp,Photographic,2,M,bmp,RGB,1024,1024,3,P03.xlsx,xlsx,medium,511280,2,786432,OK,
core,Photographic_2_M.bmp,Photographic,2,M,bmp,RGB,1024,1024,3,P03.xlsx,xlsx,medium,511280,3,1179648,OK,
core,Photographic_2_M.bmp,Photographic,2,M,bmp,RGB,1024,1024,3,P03.xlsx,xlsx,small,8899,1,393216,OK,
core,Photographic_2_M.bmp,Photographic,2,M,bmp,RGB,1024,1024,3,P03.xlsx,xlsx,small,8899,2,786432,OK,
core,Photographic_2_M.bmp,Photographic,2,M,bmp,RGB,1024,1024,3,P03.xlsx,xlsx,small,8899,3,1179648,OK,
core,Transparency_1_S.png,Transparency,1,S,png,RGB,512,512,3,P01.docx,docx,large,1121154,1,98304,SKIP_CAPACITY,Payload exceeds cover capacity at selected LSB depth
core,Transparency_1_S.png,Transparency,1,S,png,RGB,512,512,3,P01.docx,docx,large,1121154,2,196608,SKIP_CAPACITY,Payload exceeds cover capacity at selected LSB depth
core,Transparency_1_S.png,Transparency,1,S,png,RGB,512,512,3,P01.docx,docx,large,1121154,3,294912,SKIP_CAPACITY,Payload exceeds cover capacity at selected LSB depth
core,Transparency_1_S.png,Transparency,1,S,png,RGB,512,512,3,P01.docx,docx,medium,511127,1,98304,SKIP_CAPACITY,Payload exceeds cover capacity at selected LSB depth
core,Transparency_1_S.png,Transparency,1,S,png,RGB,512,512,3,P01.docx,docx,medium,511127,2,196608,SKIP_CAPACITY,Payload exceeds cover capacity at selected LSB depth
core,Transparency_1_S.png,Transparency,1,S,png,RGB,512,512,3,P01.docx,docx,medium,511127,3,294912,SKIP_CAPACITY,Payload exceeds cover capacity at selected LSB depth
core,Transparency_1_S.png,Transparency,1,S,png,RGB,512,512,3,P01.docx,docx,small,13432,1,98304,OK,
core,Transparency_1_S.png,Transparency,1,S,png,RGB,512,512,3,P01.docx,docx,small,13432,2,196608,OK,
core,Transparency_1_S.png,Transparency,1,S,png,RGB,512,512,3,P01.docx,docx,small,13432,3,294912,OK,
core,Transparency_1_S.png,Transparency,1,S,png,RGB,512,512,3,P06.exe,exe,large,1017856,1,98304,SKIP_CAPACITY,Payload exceeds cover capacity at selected LSB depth
core,Transparency_1_S.png,Transparency,1,S,png,RGB,512,512,3,P06.exe,exe,large,1017856,2,196608,SKIP_CAPACITY,Payload exceeds cover capacity at selected LSB depth
core,Transparency_1_S.png,Transparency,1,S,png,RGB,512,512,3,P06.exe,exe,large,1017856,3,294912,SKIP_CAPACITY,Payload exceeds cover capacity at selected LSB depth
core,Transparency_1_S.png,Transparency,1,S,png,RGB,512,512,3,P06.exe,exe,medium,505856,1,98304,SKIP_CAPACITY,Payload exceeds cover capacity at selected LSB depth
core,Transparency_1_S.png,Transparency,1,S,png,RGB,512,512,3,P06.exe,exe,medium,505856,2,196608,SKIP_CAPACITY,Payload exceeds cover capacity at selected LSB depth
core,Transparency_1_S.png,Transparency,1,S,png,RGB,512,512,3,P06.exe,exe,medium,505856,3,294912,SKIP_CAPACITY,Payload exceeds cover capacity at selected LSB depth
core,Transparency_1_S.png,Transparency,1,S,png,RGB,512,512,3,P06.exe,exe,small,40448,1,98304,OK,
core,Transparency_1_S.png,Transparency,1,S,png,RGB,512,512,3,P06.exe,exe,small,40448,2,196608,OK,
core,Transparency_1_S.png,Transparency,1,S,png,RGB,512,512,3,P06.exe,exe,small,40448,3,294912,OK,
core,Transparency_1_S.png,Transparency,1,S,png,RGB,512,512,3,P02.pdf,pdf,large,1100144,1,98304,SKIP_CAPACITY,Payload exceeds cover capacity at selected LSB depth
core,Transparency_1_S.png,Transparency,1,S,png,RGB,512,512,3,P02.pdf,pdf,large,1100144,2,196608,SKIP_CAPACITY,Payload exceeds cover capacity at selected LSB depth
core,Transparency_1_S.png,Transparency,1,S,png,RGB,512,512,3,P02.pdf,pdf,large,1100144,3,294912,SKIP_CAPACITY,Payload exceeds cover capacity at selected LSB depth
core,Transparency_1_S.png,Transparency,1,S,png,RGB,512,512,3,P02.pdf,pdf,medium,510410,1,98304,SKIP_CAPACITY,Payload exceeds cover capacity at selected LSB depth
core,Transparency_1_S.png,Transparency,1,S,png,RGB,512,512,3,P02.pdf,pdf,medium,510410,2,196608,SKIP_CAPACITY,Payload exceeds cover capacity at selected LSB depth
core,Transparency_1_S.png,Transparency,1,S,png,RGB,512,512,3,P02.pdf,pdf,medium,510410,3,294912,SKIP_CAPACITY,Payload exceeds cover capacity at selected LSB depth
core,Transparency_1_S.png,Transparency,1,S,png,RGB,512,512,3,P02.pdf,pdf,small,16620,1,98304,OK,
core,Transparency_1_S.png,Transparency,1,S,png,RGB,512,512,3,P02.pdf,pdf,small,16620,2,196608,OK,
core,Transparency_1_S.png,Transparency,1,S,png,RGB,512,512,3,P02.pdf,pdf,small,16620,3,294912,OK,
core,Transparency_1_S.png,Transparency,1,S,png,RGB,512,512,3,P04.pptx,pptx,large,1082610,1,98304,SKIP_CAPACITY,Payload exceeds cover capacity at selected LSB depth
core,Transparency_1_S.png,Transparency,1,S,png,RGB,512,512,3,P04.pptx,pptx,large,1082610,2,196608,SKIP_CAPACITY,Payload exceeds cover capacity at selected LSB depth
core,Transparency_1_S.png,Transparency,1,S,png,RGB,512,512,3,P04.pptx,pptx,large,1082610,3,294912,SKIP_CAPACITY,Payload exceeds cover capacity at selected LSB depth
core,Transparency_1_S.png,Transparency,1,S,png,RGB,512,512,3,P04.pptx,pptx,medium,512113,1,98304,SKIP_CAPACITY,Payload exceeds cover capacity at selected LSB depth
core,Transparency_1_S.png,Transparency,1,S,png,RGB,512,512,3,P04.pptx,pptx,medium,512113,2,196608,SKIP_CAPACITY,Payload exceeds cover capacity at selected LSB depth
core,Transparency_1_S.png,Transparency,1,S,png,RGB,512,512,3,P04.pptx,pptx,medium,512113,3,294912,SKIP_CAPACITY,Payload exceeds cover capacity at selected LSB depth
core,Transparency_1_S.png,Transparency,1,S,png,RGB,512,512,3,P04.pptx,pptx,small,32020,1,98304,OK,
core,Transparency_1_S.png,Transparency,1,S,png,RGB,512,512,3,P04.pptx,pptx,small,32020,2,196608,OK,
core,Transparency_1_S.png,Transparency,1,S,png,RGB,512,512,3,P04.pptx,pptx,small,32020,3,294912,OK,
core,Transparency_1_S.png,Transparency,1,S,png,RGB,512,512,3,P05.rtf,rtf,large,1085026,1,98304,SKIP_CAPACITY,Payload exceeds cover capacity at selected LSB depth
core,Transparency_1_S.png,Transparency,1,S,png,RGB,512,512,3,P05.rtf,rtf,large,1085026,2,196608,SKIP_CAPACITY,Payload exceeds cover capacity at selected LSB depth
core,Transparency_1_S.png,Transparency,1,S,png,RGB,512,512,3,P05.rtf,rtf,large,1085026,3,294912,SKIP_CAPACITY,Payload exceeds cover capacity at selected LSB depth
core,Transparency_1_S.png,Transparency,1,S,png,RGB,512,512,3,P05.rtf,rtf,medium,511504,1,98304,SKIP_CAPACITY,Payload exceeds cover capacity at selected LSB depth
core,Transparency_1_S.png,Transparency,1,S,png,RGB,512,512,3,P05.rtf,rtf,medium,511504,2,196608,SKIP_CAPACITY,Payload exceeds cover capacity at selected LSB depth
core,Transparency_1_S.png,Transparency,1,S,png,RGB,512,512,3,P05.rtf,rtf,medium,511504,3,294912,SKIP_CAPACITY,Payload exceeds cover capacity at selected LSB depth
core,Transparency_1_S.png,Transparency,1,S,png,RGB,512,512,3,P05.rtf,rtf,small,50275,1,98304,OK,
core,Transparency_1_S.png,Transparency,1,S,png,RGB,512,512,3,P05.rtf,rtf,small,50275,2,196608,OK,
core,Transparency_1_S.png,Transparency,1,S,png,RGB,512,512,3,P05.rtf,rtf,small,50275,3,294912,OK,
core,Transparency_1_S.png,Transparency,1,S,png,RGB,512,512,3,P03.xlsx,xlsx,large,1090468,1,98304,SKIP_CAPACITY,Payload exceeds cover capacity at selected LSB depth
core,Transparency_1_S.png,Transparency,1,S,png,RGB,512,512,3,P03.xlsx,xlsx,large,1090468,2,196608,SKIP_CAPACITY,Payload exceeds cover capacity at selected LSB depth
core,Transparency_1_S.png,Transparency,1,S,png,RGB,512,512,3,P03.xlsx,xlsx,large,1090468,3,294912,SKIP_CAPACITY,Payload exceeds cover capacity at selected LSB depth
core,Transparency_1_S.png,Transparency,1,S,png,RGB,512,512,3,P03.xlsx,xlsx,medium,511280,1,98304,SKIP_CAPACITY,Payload exceeds cover capacity at selected LSB depth
core,Transparency_1_S.png,Transparency,1,S,png,RGB,512,512,3,P03.xlsx,xlsx,medium,511280,2,196608,SKIP_CAPACITY,Payload exceeds cover capacity at selected LSB depth
core,Transparency_1_S.png,Transparency,1,S,png,RGB,512,512,3,P03.xlsx,xlsx,medium,511280,3,294912,SKIP_CAPACITY,Payload exceeds cover capacity at selected LSB depth
core,Transparency_1_S.png,Transparency,1,S,png,RGB,512,512,3,P03.xlsx,xlsx,small,8899,1,98304,OK,
core,Transparency_1_S.png,Transparency,1,S,png,RGB,512,512,3,P03.xlsx,xlsx,small,8899,2,196608,OK,
core,Transparency_1_S.png,Transparency,1,S,png,RGB,512,512,3,P03.xlsx,xlsx,small,8899,3,294912,OK,
core,Transparency_2_L.png,Transparency,2,L,png,RGB,1920,1080,3,P01.docx,docx,large,1121154,1,777600,SKIP_CAPACITY,Payload exceeds cover capacity at selected LSB depth
core,Transparency_2_L.png,Transparency,2,L,png,RGB,1920,1080,3,P01.docx,docx,large,1121154,2,1555200,OK,
core,Transparency_2_L.png,Transparency,2,L,png,RGB,1920,1080,3,P01.docx,docx,large,1121154,3,2332800,OK,
core,Transparency_2_L.png,Transparency,2,L,png,RGB,1920,1080,3,P01.docx,docx,medium,511127,1,777600,OK,
core,Transparency_2_L.png,Transparency,2,L,png,RGB,1920,1080,3,P01.docx,docx,medium,511127,2,1555200,OK,
core,Transparency_2_L.png,Transparency,2,L,png,RGB,1920,1080,3,P01.docx,docx,medium,511127,3,2332800,OK,
core,Transparency_2_L.png,Transparency,2,L,png,RGB,1920,1080,3,P01.docx,docx,small,13432,1,777600,OK,
core,Transparency_2_L.png,Transparency,2,L,png,RGB,1920,1080,3,P01.docx,docx,small,13432,2,1555200,OK,
core,Transparency_2_L.png,Transparency,2,L,png,RGB,1920,1080,3,P01.docx,docx,small,13432,3,2332800,OK,
core,Transparency_2_L.png,Transparency,2,L,png,RGB,1920,1080,3,P06.exe,exe,large,1017856,1,777600,SKIP_CAPACITY,Payload exceeds cover capacity at selected LSB depth
core,Transparency_2_L.png,Transparency,2,L,png,RGB,1920,1080,3,P06.exe,exe,large,1017856,2,1555200,OK,
core,Transparency_2_L.png,Transparency,2,L,png,RGB,1920,1080,3,P06.exe,exe,large,1017856,3,2332800,OK,
core,Transparency_2_L.png,Transparency,2,L,png,RGB,1920,1080,3,P06.exe,exe,medium,505856,1,777600,OK,
core,Transparency_2_L.png,Transparency,2,L,png,RGB,1920,1080,3,P06.exe,exe,medium,505856,2,1555200,OK,
core,Transparency_2_L.png,Transparency,2,L,png,RGB,1920,1080,3,P06.exe,exe,medium,505856,3,2332800,OK,
core,Transparency_2_L.png,Transparency,2,L,png,RGB,1920,1080,3,P06.exe,exe,small,40448,1,777600,OK,
core,Transparency_2_L.png,Transparency,2,L,png,RGB,1920,1080,3,P06.exe,exe,small,40448,2,1555200,OK,
core,Transparency_2_L.png,Transparency,2,L,png,RGB,1920,1080,3,P06.exe,exe,small,40448,3,2332800,OK,
core,Transparency_2_L.png,Transparency,2,L,png,RGB,1920,1080,3,P02.pdf,pdf,large,1100144,1,777600,SKIP_CAPACITY,Payload exceeds cover capacity at selected LSB depth
core,Transparency_2_L.png,Transparency,2,L,png,RGB,1920,1080,3,P02.pdf,pdf,large,1100144,2,1555200,OK,
core,Transparency_2_L.png,Transparency,2,L,png,RGB,1920,1080,3,P02.pdf,pdf,large,1100144,3,2332800,OK,
core,Transparency_2_L.png,Transparency,2,L,png,RGB,1920,1080,3,P02.pdf,pdf,medium,510410,1,777600,OK,
core,Transparency_2_L.png,Transparency,2,L,png,RGB,1920,1080,3,P02.pdf,pdf,medium,510410,2,1555200,OK,
core,Transparency_2_L.png,Transparency,2,L,png,RGB,1920,1080,3,P02.pdf,pdf,medium,510410,3,2332800,OK,
core,Transparency_2_L.png,Transparency,2,L,png,RGB,1920,1080,3,P02.pdf,pdf,small,16620,1,777600,OK,
core,Transparency_2_L.png,Transparency,2,L,png,RGB,1920,1080,3,P02.pdf,pdf,small,16620,2,1555200,OK,
core,Transparency_2_L.png,Transparency,2,L,png,RGB,1920,1080,3,P02.pdf,pdf,small,16620,3,2332800,OK,
core,Transparency_2_L.png,Transparency,2,L,png,RGB,1920,1080,3,P04.pptx,pptx,large,1082610,1,777600,SKIP_CAPACITY,Payload exceeds cover capacity at selected LSB depth
core,Transparency_2_L.png,Transparency,2,L,png,RGB,1920,1080,3,P04.pptx,pptx,large,1082610,2,1555200,OK,
core,Transparency_2_L.png,Transparency,2,L,png,RGB,1920,1080,3,P04.pptx,pptx,large,1082610,3,2332800,OK,
core,Transparency_2_L.png,Transparency,2,L,png,RGB,1920,1080,3,P04.pptx,pptx,medium,512113,1,777600,OK,
core,Transparency_2_L.png,Transparency,2,L,png,RGB,1920,1080,3,P04.pptx,pptx,medium,512113,2,1555200,OK,
core,Transparency_2_L.png,Transparency,2,L,png,RGB,1920,1080,3,P04.pptx,pptx,medium,512113,3,2332800,OK,
core,Transparency_2_L.png,Transparency,2,L,png,RGB,1920,1080,3,P04.pptx,pptx,small,32020,1,777600,OK,
core,Transparency_2_L.png,Transparency,2,L,png,RGB,1920,1080,3,P04.pptx,pptx,small,32020,2,1555200,OK,
core,Transparency_2_L.png,Transparency,2,L,png,RGB,1920,1080,3,P04.pptx,pptx,small,32020,3,2332800,OK,
core,Transparency_2_L.png,Transparency,2,L,png,RGB,1920,1080,3,P05.rtf,rtf,large,1085026,1,777600,SKIP_CAPACITY,Payload exceeds cover capacity at selected LSB depth
core,Transparency_2_L.png,Transparency,2,L,png,RGB,1920,1080,3,P05.rtf,rtf,large,1085026,2,1555200,OK,
core,Transparency_2_L.png,Transparency,2,L,png,RGB,1920,1080,3,P05.rtf,rtf,large,1085026,3,2332800,OK,
core,Transparency_2_L.png,Transparency,2,L,png,RGB,1920,1080,3,P05.rtf,rtf,medium,511504,1,777600,OK,
core,Transparency_2_L.png,Transparency,2,L,png,RGB,1920,1080,3,P05.rtf,rtf,medium,511504,2,1555200,OK,
core,Transparency_2_L.png,Transparency,2,L,png,RGB,1920,1080,3,P05.rtf,rtf,medium,511504,3,2332800,OK,
core,Transparency_2_L.png,Transparency,2,L,png,RGB,1920,1080,3,P05.rtf,rtf,small,50275,1,777600,OK,
core,Transparency_2_L.png,Transparency,2,L,png,RGB,1920,1080,3,P05.rtf,rtf,small,50275,2,1555200,OK,
core,Transparency_2_L.png,Transparency,2,L,png,RGB,1920,1080,3,P05.rtf,rtf,small,50275,3,2332800,OK,
core,Transparency_2_L.png,Transparency,2,L,png,RGB,1920,1080,3,P03.xlsx,xlsx,large,1090468,1,777600,SKIP_CAPACITY,Payload exceeds cover capacity at selected LSB depth
core,Transparency_2_L.png,Transparency,2,L,png,RGB,1920,1080,3,P03.xlsx,xlsx,large,1090468,2,1555200,OK,
core,Transparency_2_L.png,Transparency,2,L,png,RGB,1920,1080,3,P03.xlsx,xlsx,large,1090468,3,2332800,OK,
core,Transparency_2_L.png,Transparency,2,L,png,RGB,1920,1080,3,P03.xlsx,xlsx,medium,511280,1,777600,OK,
core,Transparency_2_L.png,Transparency,2,L,png,RGB,1920,1080,3,P03.xlsx,xlsx,medium,511280,2,1555200,OK,
core,Transparency_2_L.png,Transparency,2,L,png,RGB,1920,1080,3,P03.xlsx,xlsx,medium,511280,3,2332800,OK,
core,Transparency_2_L.png,Transparency,2,L,png,RGB,1920,1080,3,P03.xlsx,xlsx,small,8899,1,777600,OK,
core,Transparency_2_L.png,Transparency,2,L,png,RGB,1920,1080,3,P03.xlsx,xlsx,small,8899,2,1555200,OK,
core,Transparency_2_L.png,Transparency,2,L,png,RGB,1920,1080,3,P03.xlsx,xlsx,small,8899,3,2332800,OK,
extended_xl,XL-Synthetic_10_B.bmp,XL-Synthetic,10,B,bmp,RGB,4200,4200,3,P01.docx,docx,large,1121154,1,6615000,OK,
extended_xl,XL-Synthetic_10_B.bmp,XL-Synthetic,10,B,bmp,RGB,4200,4200,3,P01.docx,docx,large,1121154,2,13230000,OK,
extended_xl,XL-Synthetic_10_B.bmp,XL-Synthetic,10,B,bmp,RGB,4200,4200,3,P01.docx,docx,large,1121154,3,19845000,OK,
extended_xl,XL-Synthetic_10_B.bmp,XL-Synthetic,10,B,bmp,RGB,4200,4200,3,P01.docx,docx,medium,511127,1,6615000,OK,
extended_xl,XL-Synthetic_10_B.bmp,XL-Synthetic,10,B,bmp,RGB,4200,4200,3,P01.docx,docx,medium,511127,2,13230000,OK,
extended_xl,XL-Synthetic_10_B.bmp,XL-Synthetic,10,B,bmp,RGB,4200,4200,3,P01.docx,docx,medium,511127,3,19845000,OK,
extended_xl,XL-Synthetic_10_B.bmp,XL-Synthetic,10,B,bmp,RGB,4200,4200,3,P01.docx,docx,small,13432,1,6615000,OK,
extended_xl,XL-Synthetic_10_B.bmp,XL-Synthetic,10,B,bmp,RGB,4200,4200,3,P01.docx,docx,small,13432,2,13230000,OK,
extended_xl,XL-Synthetic_10_B.bmp,XL-Synthetic,10,B,bmp,RGB,4200,4200,3,P01.docx,docx,small,13432,3,19845000,OK,
extended_xl,XL-Synthetic_10_B.bmp,XL-Synthetic,10,B,bmp,RGB,4200,4200,3,P06.exe,exe,large,1017856,1,6615000,OK,
extended_xl,XL-Synthetic_10_B.bmp,XL-Synthetic,10,B,bmp,RGB,4200,4200,3,P06.exe,exe,large,1017856,2,13230000,OK,
extended_xl,XL-Synthetic_10_B.bmp,XL-Synthetic,10,B,bmp,RGB,4200,4200,3,P06.exe,exe,large,1017856,3,19845000,OK,
extended_xl,XL-Synthetic_10_B.bmp,XL-Synthetic,10,B,bmp,RGB,4200,4200,3,P06.exe,exe,medium,505856,1,6615000,OK,
extended_xl,XL-Synthetic_10_B.bmp,XL-Synthetic,10,B,bmp,RGB,4200,4200,3,P06.exe,exe,medium,505856,2,13230000,OK,
extended_xl,XL-Synthetic_10_B.bmp,XL-Synthetic,10,B,bmp,RGB,4200,4200,3,P06.exe,exe,medium,505856,3,19845000,OK,
extended_xl,XL-Synthetic_10_B.bmp,XL-Synthetic,10,B,bmp,RGB,4200,4200,3,P06.exe,exe,small,40448,1,6615000,OK,
extended_xl,XL-Synthetic_10_B.bmp,XL-Synthetic,10,B,bmp,RGB,4200,4200,3,P06.exe,exe,small,40448,2,13230000,OK,
extended_xl,XL-Synthetic_10_B.bmp,XL-Synthetic,10,B,bmp,RGB,4200,4200,3,P06.exe,exe,small,40448,3,19845000,OK,
extended_xl,XL-Synthetic_10_B.bmp,XL-Synthetic,10,B,bmp,RGB,4200,4200,3,P02.pdf,pdf,large,1100144,1,6615000,OK,
extended_xl,XL-Synthetic_10_B.bmp,XL-Synthetic,10,B,bmp,RGB,4200,4200,3,P02.pdf,pdf,large,1100144,2,13230000,OK,
extended_xl,XL-Synthetic_10_B.bmp,XL-Synthetic,10,B,bmp,RGB,4200,4200,3,P02.pdf,pdf,large,1100144,3,19845000,OK,
extended_xl,XL-Synthetic_10_B.bmp,XL-Synthetic,10,B,bmp,RGB,4200,4200,3,P02.pdf,pdf,medium,510410,1,6615000,OK,
extended_xl,XL-Synthetic_10_B.bmp,XL-Synthetic,10,B,bmp,RGB,4200,4200,3,P02.pdf,pdf,medium,510410,2,13230000,OK,
extended_xl,XL-Synthetic_10_B.bmp,XL-Synthetic,10,B,bmp,RGB,4200,4200,3,P02.pdf,pdf,medium,510410,3,19845000,OK,
extended_xl,XL-Synthetic_10_B.bmp,XL-Synthetic,10,B,bmp,RGB,4200,4200,3,P02.pdf,pdf,small,16620,1,6615000,OK,
extended_xl,XL-Synthetic_10_B.bmp,XL-Synthetic,10,B,bmp,RGB,4200,4200,3,P02.pdf,pdf,small,16620,2,13230000,OK,
extended_xl,XL-Synthetic_10_B.bmp,XL-Synthetic,10,B,bmp,RGB,4200,4200,3,P02.pdf,pdf,small,16620,3,19845000,OK,
extended_xl,XL-Synthetic_10_B.bmp,XL-Synthetic,10,B,bmp,RGB,4200,4200,3,P04.pptx,pptx,large,1082610,1,6615000,OK,
extended_xl,XL-Synthetic_10_B.bmp,XL-Synthetic,10,B,bmp,RGB,4200,4200,3,P04.pptx,pptx,large,1082610,2,13230000,OK,
extended_xl,XL-Synthetic_10_B.bmp,XL-Synthetic,10,B,bmp,RGB,4200,4200,3,P04.pptx,pptx,large,1082610,3,19845000,OK,
extended_xl,XL-Synthetic_10_B.bmp,XL-Synthetic,10,B,bmp,RGB,4200,4200,3,P04.pptx,pptx,medium,512113,1,6615000,OK,
extended_xl,XL-Synthetic_10_B.bmp,XL-Synthetic,10,B,bmp,RGB,4200,4200,3,P04.pptx,pptx,medium,512113,2,13230000,OK,
extended_xl,XL-Synthetic_10_B.bmp,XL-Synthetic,10,B,bmp,RGB,4200,4200,3,P04.pptx,pptx,medium,512113,3,19845000,OK,
extended_xl,XL-Synthetic_10_B.bmp,XL-Synthetic,10,B,bmp,RGB,4200,4200,3,P04.pptx,pptx,small,32020,1,6615000,OK,
extended_xl,XL-Synthetic_10_B.bmp,XL-Synthetic,10,B,bmp,RGB,4200,4200,3,P04.pptx,pptx,small,32020,2,13230000,OK,
extended_xl,XL-Synthetic_10_B.bmp,XL-Synthetic,10,B,bmp,RGB,4200,4200,3,P04.pptx,pptx,small,32020,3,19845000,OK,
extended_xl,XL-Synthetic_10_B.bmp,XL-Synthetic,10,B,bmp,RGB,4200,4200,3,P05.rtf,rtf,large,1085026,1,6615000,OK,
extended_xl,XL-Synthetic_10_B.bmp,XL-Synthetic,10,B,bmp,RGB,4200,4200,3,P05.rtf,rtf,large,1085026,2,13230000,OK,
extended_xl,XL-Synthetic_10_B.bmp,XL-Synthetic,10,B,bmp,RGB,4200,4200,3,P05.rtf,rtf,large,1085026,3,19845000,OK,
extended_xl,XL-Synthetic_10_B.bmp,XL-Synthetic,10,B,bmp,RGB,4200,4200,3,P05.rtf,rtf,medium,511504,1,6615000,OK,
extended_xl,XL-Synthetic_10_B.bmp,XL-Synthetic,10,B,bmp,RGB,4200,4200,3,P05.rtf,rtf,medium,511504,2,13230000,OK,
extended_xl,XL-Synthetic_10_B.bmp,XL-Synthetic,10,B,bmp,RGB,4200,4200,3,P05.rtf,rtf,medium,511504,3,19845000,OK,
extended_xl,XL-Synthetic_10_B.bmp,XL-Synthetic,10,B,bmp,RGB,4200,4200,3,P05.rtf,rtf,small,50275,1,6615000,OK,
extended_xl,XL-Synthetic_10_B.bmp,XL-Synthetic,10,B,bmp,RGB,4200,4200,3,P05.rtf,rtf,small,50275,2,13230000,OK,
extended_xl,XL-Synthetic_10_B.bmp,XL-Synthetic,10,B,bmp,RGB,4200,4200,3,P05.rtf,rtf,small,50275,3,19845000,OK,
extended_xl,XL-Synthetic_10_B.bmp,XL-Synthetic,10,B,bmp,RGB,4200,4200,3,P03.xlsx,xlsx,large,1090468,1,6615000,OK,
extended_xl,XL-Synthetic_10_B.bmp,XL-Synthetic,10,B,bmp,RGB,4200,4200,3,P03.xlsx,xlsx,large,1090468,2,13230000,OK,
extended_xl,XL-Synthetic_10_B.bmp,XL-Synthetic,10,B,bmp,RGB,4200,4200,3,P03.xlsx,xlsx,large,1090468,3,19845000,OK,
extended_xl,XL-Synthetic_10_B.bmp,XL-Synthetic,10,B,bmp,RGB,4200,4200,3,P03.xlsx,xlsx,medium,511280,1,6615000,OK,
extended_xl,XL-Synthetic_10_B.bmp,XL-Synthetic,10,B,bmp,RGB,4200,4200,3,P03.xlsx,xlsx,medium,511280,2,13230000,OK,
extended_xl,XL-Synthetic_10_B.bmp,XL-Synthetic,10,B,bmp,RGB,4200,4200,3,P03.xlsx,xlsx,medium,511280,3,19845000,OK,
extended_xl,XL-Synthetic_10_B.bmp,XL-Synthetic,10,B,bmp,RGB,4200,4200,3,P03.xlsx,xlsx,small,8899,1,6615000,OK,
extended_xl,XL-Synthetic_10_B.bmp,XL-Synthetic,10,B,bmp,RGB,4200,4200,3,P03.xlsx,xlsx,small,8899,2,13230000,OK,
extended_xl,XL-Synthetic_10_B.bmp,XL-Synthetic,10,B,bmp,RGB,4200,4200,3,P03.xlsx,xlsx,small,8899,3,19845000,OK,
extended_xl,XL-Synthetic_10_P.png,XL-Synthetic,10,P,png,RGB,1000,1000,3,P01.docx,docx,large,1121154,1,375000,SKIP_CAPACITY,Payload exceeds cover capacity at selected LSB depth
extended_xl,XL-Synthetic_10_P.png,XL-Synthetic,10,P,png,RGB,1000,1000,3,P01.docx,docx,large,1121154,2,750000,SKIP_CAPACITY,Payload exceeds cover capacity at selected LSB depth
extended_xl,XL-Synthetic_10_P.png,XL-Synthetic,10,P,png,RGB,1000,1000,3,P01.docx,docx,large,1121154,3,1125000,OK,
extended_xl,XL-Synthetic_10_P.png,XL-Synthetic,10,P,png,RGB,1000,1000,3,P01.docx,docx,medium,511127,1,375000,SKIP_CAPACITY,Payload exceeds cover capacity at selected LSB depth
extended_xl,XL-Synthetic_10_P.png,XL-Synthetic,10,P,png,RGB,1000,1000,3,P01.docx,docx,medium,511127,2,750000,OK,
extended_xl,XL-Synthetic_10_P.png,XL-Synthetic,10,P,png,RGB,1000,1000,3,P01.docx,docx,medium,511127,3,1125000,OK,
extended_xl,XL-Synthetic_10_P.png,XL-Synthetic,10,P,png,RGB,1000,1000,3,P01.docx,docx,small,13432,1,375000,OK,
extended_xl,XL-Synthetic_10_P.png,XL-Synthetic,10,P,png,RGB,1000,1000,3,P01.docx,docx,small,13432,2,750000,OK,
extended_xl,XL-Synthetic_10_P.png,XL-Synthetic,10,P,png,RGB,1000,1000,3,P01.docx,docx,small,13432,3,1125000,OK,
extended_xl,XL-Synthetic_10_P.png,XL-Synthetic,10,P,png,RGB,1000,1000,3,P06.exe,exe,large,1017856,1,375000,SKIP_CAPACITY,Payload exceeds cover capacity at selected LSB depth
extended_xl,XL-Synthetic_10_P.png,XL-Synthetic,10,P,png,RGB,1000,1000,3,P06.exe,exe,large,1017856,2,750000,SKIP_CAPACITY,Payload exceeds cover capacity at selected LSB depth
extended_xl,XL-Synthetic_10_P.png,XL-Synthetic,10,P,png,RGB,1000,1000,3,P06.exe,exe,large,1017856,3,1125000,OK,
extended_xl,XL-Synthetic_10_P.png,XL-Synthetic,10,P,png,RGB,1000,1000,3,P06.exe,exe,medium,505856,1,375000,SKIP_CAPACITY,Payload exceeds cover capacity at selected LSB depth
extended_xl,XL-Synthetic_10_P.png,XL-Synthetic,10,P,png,RGB,1000,1000,3,P06.exe,exe,medium,505856,2,750000,OK,
extended_xl,XL-Synthetic_10_P.png,XL-Synthetic,10,P,png,RGB,1000,1000,3,P06.exe,exe,medium,505856,3,1125000,OK,
extended_xl,XL-Synthetic_10_P.png,XL-Synthetic,10,P,png,RGB,1000,1000,3,P06.exe,exe,small,40448,1,375000,OK,
extended_xl,XL-Synthetic_10_P.png,XL-Synthetic,10,P,png,RGB,1000,1000,3,P06.exe,exe,small,40448,2,750000,OK,
extended_xl,XL-Synthetic_10_P.png,XL-Synthetic,10,P,png,RGB,1000,1000,3,P06.exe,exe,small,40448,3,1125000,OK,
extended_xl,XL-Synthetic_10_P.png,XL-Synthetic,10,P,png,RGB,1000,1000,3,P02.pdf,pdf,large,1100144,1,375000,SKIP_CAPACITY,Payload exceeds cover capacity at selected LSB depth
extended_xl,XL-Synthetic_10_P.png,XL-Synthetic,10,P,png,RGB,1000,1000,3,P02.pdf,pdf,large,1100144,2,750000,SKIP_CAPACITY,Payload exceeds cover capacity at selected LSB depth
extended_xl,XL-Synthetic_10_P.png,XL-Synthetic,10,P,png,RGB,1000,1000,3,P02.pdf,pdf,large,1100144,3,1125000,OK,
extended_xl,XL-Synthetic_10_P.png,XL-Synthetic,10,P,png,RGB,1000,1000,3,P02.pdf,pdf,medium,510410,1,375000,SKIP_CAPACITY,Payload exceeds cover capacity at selected LSB depth
extended_xl,XL-Synthetic_10_P.png,XL-Synthetic,10,P,png,RGB,1000,1000,3,P02.pdf,pdf,medium,510410,2,750000,OK,
extended_xl,XL-Synthetic_10_P.png,XL-Synthetic,10,P,png,RGB,1000,1000,3,P02.pdf,pdf,medium,510410,3,1125000,OK,
extended_xl,XL-Synthetic_10_P.png,XL-Synthetic,10,P,png,RGB,1000,1000,3,P02.pdf,pdf,small,16620,1,375000,OK,
extended_xl,XL-Synthetic_10_P.png,XL-Synthetic,10,P,png,RGB,1000,1000,3,P02.pdf,pdf,small,16620,2,750000,OK,
extended_xl,XL-Synthetic_10_P.png,XL-Synthetic,10,P,png,RGB,1000,1000,3,P02.pdf,pdf,small,16620,3,1125000,OK,
extended_xl,XL-Synthetic_10_P.png,XL-Synthetic,10,P,png,RGB,1000,1000,3,P04.pptx,pptx,large,1082610,1,375000,SKIP_CAPACITY,Payload exceeds cover capacity at selected LSB depth
extended_xl,XL-Synthetic_10_P.png,XL-Synthetic,10,P,png,RGB,1000,1000,3,P04.pptx,pptx,large,1082610,2,750000,SKIP_CAPACITY,Payload exceeds cover capacity at selected LSB depth
extended_xl,XL-Synthetic_10_P.png,XL-Synthetic,10,P,png,RGB,1000,1000,3,P04.pptx,pptx,large,1082610,3,1125000,OK,
extended_xl,XL-Synthetic_10_P.png,XL-Synthetic,10,P,png,RGB,1000,1000,3,P04.pptx,pptx,medium,512113,1,375000,SKIP_CAPACITY,Payload exceeds cover capacity at selected LSB depth
extended_xl,XL-Synthetic_10_P.png,XL-Synthetic,10,P,png,RGB,1000,1000,3,P04.pptx,pptx,medium,512113,2,750000,OK,
extended_xl,XL-Synthetic_10_P.png,XL-Synthetic,10,P,png,RGB,1000,1000,3,P04.pptx,pptx,medium,512113,3,1125000,OK,
extended_xl,XL-Synthetic_10_P.png,XL-Synthetic,10,P,png,RGB,1000,1000,3,P04.pptx,pptx,small,32020,1,375000,OK,
extended_xl,XL-Synthetic_10_P.png,XL-Synthetic,10,P,png,RGB,1000,1000,3,P04.pptx,pptx,small,32020,2,750000,OK,
extended_xl,XL-Synthetic_10_P.png,XL-Synthetic,10,P,png,RGB,1000,1000,3,P04.pptx,pptx,small,32020,3,1125000,OK,
extended_xl,XL-Synthetic_10_P.png,XL-Synthetic,10,P,png,RGB,1000,1000,3,P05.rtf,rtf,large,1085026,1,375000,SKIP_CAPACITY,Payload exceeds cover capacity at selected LSB depth
extended_xl,XL-Synthetic_10_P.png,XL-Synthetic,10,P,png,RGB,1000,1000,3,P05.rtf,rtf,large,1085026,2,750000,SKIP_CAPACITY,Payload exceeds cover capacity at selected LSB depth
extended_xl,XL-Synthetic_10_P.png,XL-Synthetic,10,P,png,RGB,1000,1000,3,P05.rtf,rtf,large,1085026,3,1125000,OK,
extended_xl,XL-Synthetic_10_P.png,XL-Synthetic,10,P,png,RGB,1000,1000,3,P05.rtf,rtf,medium,511504,1,375000,SKIP_CAPACITY,Payload exceeds cover capacity at selected LSB depth
extended_xl,XL-Synthetic_10_P.png,XL-Synthetic,10,P,png,RGB,1000,1000,3,P05.rtf,rtf,medium,511504,2,750000,OK,
extended_xl,XL-Synthetic_10_P.png,XL-Synthetic,10,P,png,RGB,1000,1000,3,P05.rtf,rtf,medium,511504,3,1125000,OK,
extended_xl,XL-Synthetic_10_P.png,XL-Synthetic,10,P,png,RGB,1000,1000,3,P05.rtf,rtf,small,50275,1,375000,OK,
extended_xl,XL-Synthetic_10_P.png,XL-Synthetic,10,P,png,RGB,1000,1000,3,P05.rtf,rtf,small,50275,2,750000,OK,
extended_xl,XL-Synthetic_10_P.png,XL-Synthetic,10,P,png,RGB,1000,1000,3,P05.rtf,rtf,small,50275,3,1125000,OK,
extended_xl,XL-Synthetic_10_P.png,XL-Synthetic,10,P,png,RGB,1000,1000,3,P03.xlsx,xlsx,large,1090468,1,375000,SKIP_CAPACITY,Payload exceeds cover capacity at selected LSB depth
extended_xl,XL-Synthetic_10_P.png,XL-Synthetic,10,P,png,RGB,1000,1000,3,P03.xlsx,xlsx,large,1090468,2,750000,SKIP_CAPACITY,Payload exceeds cover capacity at selected LSB depth
extended_xl,XL-Synthetic_10_P.png,XL-Synthetic,10,P,png,RGB,1000,1000,3,P03.xlsx,xlsx,large,1090468,3,1125000,OK,
extended_xl,XL-Synthetic_10_P.png,XL-Synthetic,10,P,png,RGB,1000,1000,3,P03.xlsx,xlsx,medium,511280,1,375000,SKIP_CAPACITY,Payload exceeds cover capacity at selected LSB depth
extended_xl,XL-Synthetic_10_P.png,XL-Synthetic,10,P,png,RGB,1000,1000,3,P03.xlsx,xlsx,medium,511280,2,750000,OK,
extended_xl,XL-Synthetic_10_P.png,XL-Synthetic,10,P,png,RGB,1000,1000,3,P03.xlsx,xlsx,medium,511280,3,1125000,OK,
extended_xl,XL-Synthetic_10_P.png,XL-Synthetic,10,P,png,RGB,1000,1000,3,P03.xlsx,xlsx,small,8899,1,375000,OK,
extended_xl,XL-Synthetic_10_P.png,XL-Synthetic,10,P,png,RGB,1000,1000,3,P03.xlsx,xlsx,small,8899,2,750000,OK,
extended_xl,XL-Synthetic_10_P.png,XL-Synthetic,10,P,png,RGB,1000,1000,3,P03.xlsx,xlsx,small,8899,3,1125000,OK,
extended_xl,XL-Synthetic_11_B.bmp,XL-Synthetic,11,B,bmp,RGB,4597,4597,3,P01.docx,docx,large,1121154,1,7924653,OK,
extended_xl,XL-Synthetic_11_B.bmp,XL-Synthetic,11,B,bmp,RGB,4597,4597,3,P01.docx,docx,large,1121154,2,15849306,OK,
extended_xl,XL-Synthetic_11_B.bmp,XL-Synthetic,11,B,bmp,RGB,4597,4597,3,P01.docx,docx,large,1121154,3,23773960,OK,
extended_xl,XL-Synthetic_11_B.bmp,XL-Synthetic,11,B,bmp,RGB,4597,4597,3,P01.docx,docx,medium,511127,1,7924653,OK,
extended_xl,XL-Synthetic_11_B.bmp,XL-Synthetic,11,B,bmp,RGB,4597,4597,3,P01.docx,docx,medium,511127,2,15849306,OK,
extended_xl,XL-Synthetic_11_B.bmp,XL-Synthetic,11,B,bmp,RGB,4597,4597,3,P01.docx,docx,medium,511127,3,23773960,OK,
extended_xl,XL-Synthetic_11_B.bmp,XL-Synthetic,11,B,bmp,RGB,4597,4597,3,P01.docx,docx,small,13432,1,7924653,OK,
extended_xl,XL-Synthetic_11_B.bmp,XL-Synthetic,11,B,bmp,RGB,4597,4597,3,P01.docx,docx,small,13432,2,15849306,OK,
extended_xl,XL-Synthetic_11_B.bmp,XL-Synthetic,11,B,bmp,RGB,4597,4597,3,P01.docx,docx,small,13432,3,23773960,OK,
extended_xl,XL-Synthetic_11_B.bmp,XL-Synthetic,11,B,bmp,RGB,4597,4597,3,P06.exe,exe,large,1017856,1,7924653,OK,
extended_xl,XL-Synthetic_11_B.bmp,XL-Synthetic,11,B,bmp,RGB,4597,4597,3,P06.exe,exe,large,1017856,2,15849306,OK,
extended_xl,XL-Synthetic_11_B.bmp,XL-Synthetic,11,B,bmp,RGB,4597,4597,3,P06.exe,exe,large,1017856,3,23773960,OK,
extended_xl,XL-Synthetic_11_B.bmp,XL-Synthetic,11,B,bmp,RGB,4597,4597,3,P06.exe,exe,medium,505856,1,7924653,OK,
extended_xl,XL-Synthetic_11_B.bmp,XL-Synthetic,11,B,bmp,RGB,4597,4597,3,P06.exe,exe,medium,505856,2,15849306,OK,
extended_xl,XL-Synthetic_11_B.bmp,XL-Synthetic,11,B,bmp,RGB,4597,4597,3,P06.exe,exe,medium,505856,3,23773960,OK,
extended_xl,XL-Synthetic_11_B.bmp,XL-Synthetic,11,B,bmp,RGB,4597,4597,3,P06.exe,exe,small,40448,1,7924653,OK,
extended_xl,XL-Synthetic_11_B.bmp,XL-Synthetic,11,B,bmp,RGB,4597,4597,3,P06.exe,exe,small,40448,2,15849306,OK,
extended_xl,XL-Synthetic_11_B.bmp,XL-Synthetic,11,B,bmp,RGB,4597,4597,3,P06.exe,exe,small,40448,3,23773960,OK,
extended_xl,XL-Synthetic_11_B.bmp,XL-Synthetic,11,B,bmp,RGB,4597,4597,3,P02.pdf,pdf,large,1100144,1,7924653,OK,
extended_xl,XL-Synthetic_11_B.bmp,XL-Synthetic,11,B,bmp,RGB,4597,4597,3,P02.pdf,pdf,large,1100144,2,15849306,OK,
extended_xl,XL-Synthetic_11_B.bmp,XL-Synthetic,11,B,bmp,RGB,4597,4597,3,P02.pdf,pdf,large,1100144,3,23773960,OK,
extended_xl,XL-Synthetic_11_B.bmp,XL-Synthetic,11,B,bmp,RGB,4597,4597,3,P02.pdf,pdf,medium,510410,1,7924653,OK,
extended_xl,XL-Synthetic_11_B.bmp,XL-Synthetic,11,B,bmp,RGB,4597,4597,3,P02.pdf,pdf,medium,510410,2,15849306,OK,
extended_xl,XL-Synthetic_11_B.bmp,XL-Synthetic,11,B,bmp,RGB,4597,4597,3,P02.pdf,pdf,medium,510410,3,23773960,OK,
extended_xl,XL-Synthetic_11_B.bmp,XL-Synthetic,11,B,bmp,RGB,4597,4597,3,P02.pdf,pdf,small,16620,1,7924653,OK,
extended_xl,XL-Synthetic_11_B.bmp,XL-Synthetic,11,B,bmp,RGB,4597,4597,3,P02.pdf,pdf,small,16620,2,15849306,OK,
extended_xl,XL-Synthetic_11_B.bmp,XL-Synthetic,11,B,bmp,RGB,4597,4597,3,P02.pdf,pdf,small,16620,3,23773960,OK,
extended_xl,XL-Synthetic_11_B.bmp,XL-Synthetic,11,B,bmp,RGB,4597,4597,3,P04.pptx,pptx,large,1082610,1,7924653,OK,
extended_xl,XL-Synthetic_11_B.bmp,XL-Synthetic,11,B,bmp,RGB,4597,4597,3,P04.pptx,pptx,large,1082610,2,15849306,OK,
extended_xl,XL-Synthetic_11_B.bmp,XL-Synthetic,11,B,bmp,RGB,4597,4597,3,P04.pptx,pptx,large,1082610,3,23773960,OK,
extended_xl,XL-Synthetic_11_B.bmp,XL-Synthetic,11,B,bmp,RGB,4597,4597,3,P04.pptx,pptx,medium,512113,1,7924653,OK,
extended_xl,XL-Synthetic_11_B.bmp,XL-Synthetic,11,B,bmp,RGB,4597,4597,3,P04.pptx,pptx,medium,512113,2,15849306,OK,
extended_xl,XL-Synthetic_11_B.bmp,XL-Synthetic,11,B,bmp,RGB,4597,4597,3,P04.pptx,pptx,medium,512113,3,23773960,OK,
extended_xl,XL-Synthetic_11_B.bmp,XL-Synthetic,11,B,bmp,RGB,4597,4597,3,P04.pptx,pptx,small,32020,1,7924653,OK,
extended_xl,XL-Synthetic_11_B.bmp,XL-Synthetic,11,B,bmp,RGB,4597,4597,3,P04.pptx,pptx,small,32020,2,15849306,OK,
extended_xl,XL-Synthetic_11_B.bmp,XL-Synthetic,11,B,bmp,RGB,4597,4597,3,P04.pptx,pptx,small,32020,3,23773960,OK,
extended_xl,XL-Synthetic_11_B.bmp,XL-Synthetic,11,B,bmp,RGB,4597,4597,3,P05.rtf,rtf,large,1085026,1,7924653,OK,
extended_xl,XL-Synthetic_11_B.bmp,XL-Synthetic,11,B,bmp,RGB,4597,4597,3,P05.rtf,rtf,large,1085026,2,15849306,OK,
extended_xl,XL-Synthetic_11_B.bmp,XL-Synthetic,11,B,bmp,RGB,4597,4597,3,P05.rtf,rtf,large,1085026,3,23773960,OK,
extended_xl,XL-Synthetic_11_B.bmp,XL-Synthetic,11,B,bmp,RGB,4597,4597,3,P05.rtf,rtf,medium,511504,1,7924653,OK,
extended_xl,XL-Synthetic_11_B.bmp,XL-Synthetic,11,B,bmp,RGB,4597,4597,3,P05.rtf,rtf,medium,511504,2,15849306,OK,
extended_xl,XL-Synthetic_11_B.bmp,XL-Synthetic,11,B,bmp,RGB,4597,4597,3,P05.rtf,rtf,medium,511504,3,23773960,OK,
extended_xl,XL-Synthetic_11_B.bmp,XL-Synthetic,11,B,bmp,RGB,4597,4597,3,P05.rtf,rtf,small,50275,1,7924653,OK,
extended_xl,XL-Synthetic_11_B.bmp,XL-Synthetic,11,B,bmp,RGB,4597,4597,3,P05.rtf,rtf,small,50275,2,15849306,OK,
extended_xl,XL-Synthetic_11_B.bmp,XL-Synthetic,11,B,bmp,RGB,4597,4597,3,P05.rtf,rtf,small,50275,3,23773960,OK,
extended_xl,XL-Synthetic_11_B.bmp,XL-Synthetic,11,B,bmp,RGB,4597,4597,3,P03.xlsx,xlsx,large,1090468,1,7924653,OK,
extended_xl,XL-Synthetic_11_B.bmp,XL-Synthetic,11,B,bmp,RGB,4597,4597,3,P03.xlsx,xlsx,large,1090468,2,15849306,OK,
extended_xl,XL-Synthetic_11_B.bmp,XL-Synthetic,11,B,bmp,RGB,4597,4597,3,P03.xlsx,xlsx,large,1090468,3,23773960,OK,
extended_xl,XL-Synthetic_11_B.bmp,XL-Synthetic,11,B,bmp,RGB,4597,4597,3,P03.xlsx,xlsx,medium,511280,1,7924653,OK,
extended_xl,XL-Synthetic_11_B.bmp,XL-Synthetic,11,B,bmp,RGB,4597,4597,3,P03.xlsx,xlsx,medium,511280,2,15849306,OK,
extended_xl,XL-Synthetic_11_B.bmp,XL-Synthetic,11,B,bmp,RGB,4597,4597,3,P03.xlsx,xlsx,medium,511280,3,23773960,OK,
extended_xl,XL-Synthetic_11_B.bmp,XL-Synthetic,11,B,bmp,RGB,4597,4597,3,P03.xlsx,xlsx,small,8899,1,7924653,OK,
extended_xl,XL-Synthetic_11_B.bmp,XL-Synthetic,11,B,bmp,RGB,4597,4597,3,P03.xlsx,xlsx,small,8899,2,15849306,OK,
extended_xl,XL-Synthetic_11_B.bmp,XL-Synthetic,11,B,bmp,RGB,4597,4597,3,P03.xlsx,xlsx,small,8899,3,23773960,OK,
extended_xl,XL-Synthetic_11_P.png,XL-Synthetic,11,P,png,RGB,1000,1000,3,P01.docx,docx,large,1121154,1,375000,SKIP_CAPACITY,Payload exceeds cover capacity at selected LSB depth
extended_xl,XL-Synthetic_11_P.png,XL-Synthetic,11,P,png,RGB,1000,1000,3,P01.docx,docx,large,1121154,2,750000,SKIP_CAPACITY,Payload exceeds cover capacity at selected LSB depth
extended_xl,XL-Synthetic_11_P.png,XL-Synthetic,11,P,png,RGB,1000,1000,3,P01.docx,docx,large,1121154,3,1125000,OK,
extended_xl,XL-Synthetic_11_P.png,XL-Synthetic,11,P,png,RGB,1000,1000,3,P01.docx,docx,medium,511127,1,375000,SKIP_CAPACITY,Payload exceeds cover capacity at selected LSB depth
extended_xl,XL-Synthetic_11_P.png,XL-Synthetic,11,P,png,RGB,1000,1000,3,P01.docx,docx,medium,511127,2,750000,OK,
extended_xl,XL-Synthetic_11_P.png,XL-Synthetic,11,P,png,RGB,1000,1000,3,P01.docx,docx,medium,511127,3,1125000,OK,
extended_xl,XL-Synthetic_11_P.png,XL-Synthetic,11,P,png,RGB,1000,1000,3,P01.docx,docx,small,13432,1,375000,OK,
extended_xl,XL-Synthetic_11_P.png,XL-Synthetic,11,P,png,RGB,1000,1000,3,P01.docx,docx,small,13432,2,750000,OK,
extended_xl,XL-Synthetic_11_P.png,XL-Synthetic,11,P,png,RGB,1000,1000,3,P01.docx,docx,small,13432,3,1125000,OK,
extended_xl,XL-Synthetic_11_P.png,XL-Synthetic,11,P,png,RGB,1000,1000,3,P06.exe,exe,large,1017856,1,375000,SKIP_CAPACITY,Payload exceeds cover capacity at selected LSB depth
extended_xl,XL-Synthetic_11_P.png,XL-Synthetic,11,P,png,RGB,1000,1000,3,P06.exe,exe,large,1017856,2,750000,SKIP_CAPACITY,Payload exceeds cover capacity at selected LSB depth
extended_xl,XL-Synthetic_11_P.png,XL-Synthetic,11,P,png,RGB,1000,1000,3,P06.exe,exe,large,1017856,3,1125000,OK,
extended_xl,XL-Synthetic_11_P.png,XL-Synthetic,11,P,png,RGB,1000,1000,3,P06.exe,exe,medium,505856,1,375000,SKIP_CAPACITY,Payload exceeds cover capacity at selected LSB depth
extended_xl,XL-Synthetic_11_P.png,XL-Synthetic,11,P,png,RGB,1000,1000,3,P06.exe,exe,medium,505856,2,750000,OK,
extended_xl,XL-Synthetic_11_P.png,XL-Synthetic,11,P,png,RGB,1000,1000,3,P06.exe,exe,medium,505856,3,1125000,OK,
extended_xl,XL-Synthetic_11_P.png,XL-Synthetic,11,P,png,RGB,1000,1000,3,P06.exe,exe,small,40448,1,375000,OK,
extended_xl,XL-Synthetic_11_P.png,XL-Synthetic,11,P,png,RGB,1000,1000,3,P06.exe,exe,small,40448,2,750000,OK,
extended_xl,XL-Synthetic_11_P.png,XL-Synthetic,11,P,png,RGB,1000,1000,3,P06.exe,exe,small,40448,3,1125000,OK,
extended_xl,XL-Synthetic_11_P.png,XL-Synthetic,11,P,png,RGB,1000,1000,3,P02.pdf,pdf,large,1100144,1,375000,SKIP_CAPACITY,Payload exceeds cover capacity at selected LSB depth
extended_xl,XL-Synthetic_11_P.png,XL-Synthetic,11,P,png,RGB,1000,1000,3,P02.pdf,pdf,large,1100144,2,750000,SKIP_CAPACITY,Payload exceeds cover capacity at selected LSB depth
extended_xl,XL-Synthetic_11_P.png,XL-Synthetic,11,P,png,RGB,1000,1000,3,P02.pdf,pdf,large,1100144,3,1125000,OK,
extended_xl,XL-Synthetic_11_P.png,XL-Synthetic,11,P,png,RGB,1000,1000,3,P02.pdf,pdf,medium,510410,1,375000,SKIP_CAPACITY,Payload exceeds cover capacity at selected LSB depth
extended_xl,XL-Synthetic_11_P.png,XL-Synthetic,11,P,png,RGB,1000,1000,3,P02.pdf,pdf,medium,510410,2,750000,OK,
extended_xl,XL-Synthetic_11_P.png,XL-Synthetic,11,P,png,RGB,1000,1000,3,P02.pdf,pdf,medium,510410,3,1125000,OK,
extended_xl,XL-Synthetic_11_P.png,XL-Synthetic,11,P,png,RGB,1000,1000,3,P02.pdf,pdf,small,16620,1,375000,OK,
extended_xl,XL-Synthetic_11_P.png,XL-Synthetic,11,P,png,RGB,1000,1000,3,P02.pdf,pdf,small,16620,2,750000,OK,
extended_xl,XL-Synthetic_11_P.png,XL-Synthetic,11,P,png,RGB,1000,1000,3,P02.pdf,pdf,small,16620,3,1125000,OK,
extended_xl,XL-Synthetic_11_P.png,XL-Synthetic,11,P,png,RGB,1000,1000,3,P04.pptx,pptx,large,1082610,1,375000,SKIP_CAPACITY,Payload exceeds cover capacity at selected LSB depth
extended_xl,XL-Synthetic_11_P.png,XL-Synthetic,11,P,png,RGB,1000,1000,3,P04.pptx,pptx,large,1082610,2,750000,SKIP_CAPACITY,Payload exceeds cover capacity at selected LSB depth
extended_xl,XL-Synthetic_11_P.png,XL-Synthetic,11,P,png,RGB,1000,1000,3,P04.pptx,pptx,large,1082610,3,1125000,OK,
extended_xl,XL-Synthetic_11_P.png,XL-Synthetic,11,P,png,RGB,1000,1000,3,P04.pptx,pptx,medium,512113,1,375000,SKIP_CAPACITY,Payload exceeds cover capacity at selected LSB depth
extended_xl,XL-Synthetic_11_P.png,XL-Synthetic,11,P,png,RGB,1000,1000,3,P04.pptx,pptx,medium,512113,2,750000,OK,
extended_xl,XL-Synthetic_11_P.png,XL-Synthetic,11,P,png,RGB,1000,1000,3,P04.pptx,pptx,medium,512113,3,1125000,OK,
extended_xl,XL-Synthetic_11_P.png,XL-Synthetic,11,P,png,RGB,1000,1000,3,P04.pptx,pptx,small,32020,1,375000,OK,
extended_xl,XL-Synthetic_11_P.png,XL-Synthetic,11,P,png,RGB,1000,1000,3,P04.pptx,pptx,small,32020,2,750000,OK,
extended_xl,XL-Synthetic_11_P.png,XL-Synthetic,11,P,png,RGB,1000,1000,3,P04.pptx,pptx,small,32020,3,1125000,OK,
extended_xl,XL-Synthetic_11_P.png,XL-Synthetic,11,P,png,RGB,1000,1000,3,P05.rtf,rtf,large,1085026,1,375000,SKIP_CAPACITY,Payload exceeds cover capacity at selected LSB depth
extended_xl,XL-Synthetic_11_P.png,XL-Synthetic,11,P,png,RGB,1000,1000,3,P05.rtf,rtf,large,1085026,2,750000,SKIP_CAPACITY,Payload exceeds cover capacity at selected LSB depth
extended_xl,XL-Synthetic_11_P.png,XL-Synthetic,11,P,png,RGB,1000,1000,3,P05.rtf,rtf,large,1085026,3,1125000,OK,
extended_xl,XL-Synthetic_11_P.png,XL-Synthetic,11,P,png,RGB,1000,1000,3,P05.rtf,rtf,medium,511504,1,375000,SKIP_CAPACITY,Payload exceeds cover capacity at selected LSB depth
extended_xl,XL-Synthetic_11_P.png,XL-Synthetic,11,P,png,RGB,1000,1000,3,P05.rtf,rtf,medium,511504,2,750000,OK,
extended_xl,XL-Synthetic_11_P.png,XL-Synthetic,11,P,png,RGB,1000,1000,3,P05.rtf,rtf,medium,511504,3,1125000,OK,
extended_xl,XL-Synthetic_11_P.png,XL-Synthetic,11,P,png,RGB,1000,1000,3,P05.rtf,rtf,small,50275,1,375000,OK,
extended_xl,XL-Synthetic_11_P.png,XL-Synthetic,11,P,png,RGB,1000,1000,3,P05.rtf,rtf,small,50275,2,750000,OK,
extended_xl,XL-Synthetic_11_P.png,XL-Synthetic,11,P,png,RGB,1000,1000,3,P05.rtf,rtf,small,50275,3,1125000,OK,
extended_xl,XL-Synthetic_11_P.png,XL-Synthetic,11,P,png,RGB,1000,1000,3,P03.xlsx,xlsx,large,1090468,1,375000,SKIP_CAPACITY,Payload exceeds cover capacity at selected LSB depth
extended_xl,XL-Synthetic_11_P.png,XL-Synthetic,11,P,png,RGB,1000,1000,3,P03.xlsx,xlsx,large,1090468,2,750000,SKIP_CAPACITY,Payload exceeds cover capacity at selected LSB depth
extended_xl,XL-Synthetic_11_P.png,XL-Synthetic,11,P,png,RGB,1000,1000,3,P03.xlsx,xlsx,large,1090468,3,1125000,OK,
extended_xl,XL-Synthetic_11_P.png,XL-Synthetic,11,P,png,RGB,1000,1000,3,P03.xlsx,xlsx,medium,511280,1,375000,SKIP_CAPACITY,Payload exceeds cover capacity at selected LSB depth
extended_xl,XL-Synthetic_11_P.png,XL-Synthetic,11,P,png,RGB,1000,1000,3,P03.xlsx,xlsx,medium,511280,2,750000,OK,
extended_xl,XL-Synthetic_11_P.png,XL-Synthetic,11,P,png,RGB,1000,1000,3,P03.xlsx,xlsx,medium,511280,3,1125000,OK,
extended_xl,XL-Synthetic_11_P.png,XL-Synthetic,11,P,png,RGB,1000,1000,3,P03.xlsx,xlsx,small,8899,1,375000,OK,
extended_xl,XL-Synthetic_11_P.png,XL-Synthetic,11,P,png,RGB,1000,1000,3,P03.xlsx,xlsx,small,8899,2,750000,OK,
extended_xl,XL-Synthetic_11_P.png,XL-Synthetic,11,P,png,RGB,1000,1000,3,P03.xlsx,xlsx,small,8899,3,1125000,OK,
extended_xl,XL-Synthetic_12_B.bmp,XL-Synthetic,12,B,bmp,RGB,4979,4979,3,P01.docx,docx,large,1121154,1,9296415,OK,
extended_xl,XL-Synthetic_12_B.bmp,XL-Synthetic,12,B,bmp,RGB,4979,4979,3,P01.docx,docx,large,1121154,2,18592830,OK,
extended_xl,XL-Synthetic_12_B.bmp,XL-Synthetic,12,B,bmp,RGB,4979,4979,3,P01.docx,docx,large,1121154,3,27889246,OK,
extended_xl,XL-Synthetic_12_B.bmp,XL-Synthetic,12,B,bmp,RGB,4979,4979,3,P01.docx,docx,medium,511127,1,9296415,OK,
extended_xl,XL-Synthetic_12_B.bmp,XL-Synthetic,12,B,bmp,RGB,4979,4979,3,P01.docx,docx,medium,511127,2,18592830,OK,
extended_xl,XL-Synthetic_12_B.bmp,XL-Synthetic,12,B,bmp,RGB,4979,4979,3,P01.docx,docx,medium,511127,3,27889246,OK,
extended_xl,XL-Synthetic_12_B.bmp,XL-Synthetic,12,B,bmp,RGB,4979,4979,3,P01.docx,docx,small,13432,1,9296415,OK,
extended_xl,XL-Synthetic_12_B.bmp,XL-Synthetic,12,B,bmp,RGB,4979,4979,3,P01.docx,docx,small,13432,2,18592830,OK,
extended_xl,XL-Synthetic_12_B.bmp,XL-Synthetic,12,B,bmp,RGB,4979,4979,3,P01.docx,docx,small,13432,3,27889246,OK,
extended_xl,XL-Synthetic_12_B.bmp,XL-Synthetic,12,B,bmp,RGB,4979,4979,3,P06.exe,exe,large,1017856,1,9296415,OK,
extended_xl,XL-Synthetic_12_B.bmp,XL-Synthetic,12,B,bmp,RGB,4979,4979,3,P06.exe,exe,large,1017856,2,18592830,OK,
extended_xl,XL-Synthetic_12_B.bmp,XL-Synthetic,12,B,bmp,RGB,4979,4979,3,P06.exe,exe,large,1017856,3,27889246,OK,
extended_xl,XL-Synthetic_12_B.bmp,XL-Synthetic,12,B,bmp,RGB,4979,4979,3,P06.exe,exe,medium,505856,1,9296415,OK,
extended_xl,XL-Synthetic_12_B.bmp,XL-Synthetic,12,B,bmp,RGB,4979,4979,3,P06.exe,exe,medium,505856,2,18592830,OK,
extended_xl,XL-Synthetic_12_B.bmp,XL-Synthetic,12,B,bmp,RGB,4979,4979,3,P06.exe,exe,medium,505856,3,27889246,OK,
extended_xl,XL-Synthetic_12_B.bmp,XL-Synthetic,12,B,bmp,RGB,4979,4979,3,P06.exe,exe,small,40448,1,9296415,OK,
extended_xl,XL-Synthetic_12_B.bmp,XL-Synthetic,12,B,bmp,RGB,4979,4979,3,P06.exe,exe,small,40448,2,18592830,OK,
extended_xl,XL-Synthetic_12_B.bmp,XL-Synthetic,12,B,bmp,RGB,4979,4979,3,P06.exe,exe,small,40448,3,27889246,OK,
extended_xl,XL-Synthetic_12_B.bmp,XL-Synthetic,12,B,bmp,RGB,4979,4979,3,P02.pdf,pdf,large,1100144,1,9296415,OK,
extended_xl,XL-Synthetic_12_B.bmp,XL-Synthetic,12,B,bmp,RGB,4979,4979,3,P02.pdf,pdf,large,1100144,2,18592830,OK,
extended_xl,XL-Synthetic_12_B.bmp,XL-Synthetic,12,B,bmp,RGB,4979,4979,3,P02.pdf,pdf,large,1100144,3,27889246,OK,
extended_xl,XL-Synthetic_12_B.bmp,XL-Synthetic,12,B,bmp,RGB,4979,4979,3,P02.pdf,pdf,medium,510410,1,9296415,OK,
extended_xl,XL-Synthetic_12_B.bmp,XL-Synthetic,12,B,bmp,RGB,4979,4979,3,P02.pdf,pdf,medium,510410,2,18592830,OK,
extended_xl,XL-Synthetic_12_B.bmp,XL-Synthetic,12,B,bmp,RGB,4979,4979,3,P02.pdf,pdf,medium,510410,3,27889246,OK,
extended_xl,XL-Synthetic_12_B.bmp,XL-Synthetic,12,B,bmp,RGB,4979,4979,3,P02.pdf,pdf,small,16620,1,9296415,OK,
extended_xl,XL-Synthetic_12_B.bmp,XL-Synthetic,12,B,bmp,RGB,4979,4979,3,P02.pdf,pdf,small,16620,2,18592830,OK,
extended_xl,XL-Synthetic_12_B.bmp,XL-Synthetic,12,B,bmp,RGB,4979,4979,3,P02.pdf,pdf,small,16620,3,27889246,OK,
extended_xl,XL-Synthetic_12_B.bmp,XL-Synthetic,12,B,bmp,RGB,4979,4979,3,P04.pptx,pptx,large,1082610,1,9296415,OK,
extended_xl,XL-Synthetic_12_B.bmp,XL-Synthetic,12,B,bmp,RGB,4979,4979,3,P04.pptx,pptx,large,1082610,2,18592830,OK,
extended_xl,XL-Synthetic_12_B.bmp,XL-Synthetic,12,B,bmp,RGB,4979,4979,3,P04.pptx,pptx,large,1082610,3,27889246,OK,
extended_xl,XL-Synthetic_12_B.bmp,XL-Synthetic,12,B,bmp,RGB,4979,4979,3,P04.pptx,pptx,medium,512113,1,9296415,OK,
extended_xl,XL-Synthetic_12_B.bmp,XL-Synthetic,12,B,bmp,RGB,4979,4979,3,P04.pptx,pptx,medium,512113,2,18592830,OK,
extended_xl,XL-Synthetic_12_B.bmp,XL-Synthetic,12,B,bmp,RGB,4979,4979,3,P04.pptx,pptx,medium,512113,3,27889246,OK,
extended_xl,XL-Synthetic_12_B.bmp,XL-Synthetic,12,B,bmp,RGB,4979,4979,3,P04.pptx,pptx,small,32020,1,9296415,OK,
extended_xl,XL-Synthetic_12_B.bmp,XL-Synthetic,12,B,bmp,RGB,4979,4979,3,P04.pptx,pptx,small,32020,2,18592830,OK,
extended_xl,XL-Synthetic_12_B.bmp,XL-Synthetic,12,B,bmp,RGB,4979,4979,3,P04.pptx,pptx,small,32020,3,27889246,OK,
extended_xl,XL-Synthetic_12_B.bmp,XL-Synthetic,12,B,bmp,RGB,4979,4979,3,P05.rtf,rtf,large,1085026,1,9296415,OK,
extended_xl,XL-Synthetic_12_B.bmp,XL-Synthetic,12,B,bmp,RGB,4979,4979,3,P05.rtf,rtf,large,1085026,2,18592830,OK,
extended_xl,XL-Synthetic_12_B.bmp,XL-Synthetic,12,B,bmp,RGB,4979,4979,3,P05.rtf,rtf,large,1085026,3,27889246,OK,
extended_xl,XL-Synthetic_12_B.bmp,XL-Synthetic,12,B,bmp,RGB,4979,4979,3,P05.rtf,rtf,medium,511504,1,9296415,OK,
extended_xl,XL-Synthetic_12_B.bmp,XL-Synthetic,12,B,bmp,RGB,4979,4979,3,P05.rtf,rtf,medium,511504,2,18592830,OK,
extended_xl,XL-Synthetic_12_B.bmp,XL-Synthetic,12,B,bmp,RGB,4979,4979,3,P05.rtf,rtf,medium,511504,3,27889246,OK,
extended_xl,XL-Synthetic_12_B.bmp,XL-Synthetic,12,B,bmp,RGB,4979,4979,3,P05.rtf,rtf,small,50275,1,9296415,OK,
extended_xl,XL-Synthetic_12_B.bmp,XL-Synthetic,12,B,bmp,RGB,4979,4979,3,P05.rtf,rtf,small,50275,2,18592830,OK,
extended_xl,XL-Synthetic_12_B.bmp,XL-Synthetic,12,B,bmp,RGB,4979,4979,3,P05.rtf,rtf,small,50275,3,27889246,OK,
extended_xl,XL-Synthetic_12_B.bmp,XL-Synthetic,12,B,bmp,RGB,4979,4979,3,P03.xlsx,xlsx,large,1090468,1,9296415,OK,
extended_xl,XL-Synthetic_12_B.bmp,XL-Synthetic,12,B,bmp,RGB,4979,4979,3,P03.xlsx,xlsx,large,1090468,2,18592830,OK,
extended_xl,XL-Synthetic_12_B.bmp,XL-Synthetic,12,B,bmp,RGB,4979,4979,3,P03.xlsx,xlsx,large,1090468,3,27889246,OK,
extended_xl,XL-Synthetic_12_B.bmp,XL-Synthetic,12,B,bmp,RGB,4979,4979,3,P03.xlsx,xlsx,medium,511280,1,9296415,OK,
extended_xl,XL-Synthetic_12_B.bmp,XL-Synthetic,12,B,bmp,RGB,4979,4979,3,P03.xlsx,xlsx,medium,511280,2,18592830,OK,
extended_xl,XL-Synthetic_12_B.bmp,XL-Synthetic,12,B,bmp,RGB,4979,4979,3,P03.xlsx,xlsx,medium,511280,3,27889246,OK,
extended_xl,XL-Synthetic_12_B.bmp,XL-Synthetic,12,B,bmp,RGB,4979,4979,3,P03.xlsx,xlsx,small,8899,1,9296415,OK,
extended_xl,XL-Synthetic_12_B.bmp,XL-Synthetic,12,B,bmp,RGB,4979,4979,3,P03.xlsx,xlsx,small,8899,2,18592830,OK,
extended_xl,XL-Synthetic_12_B.bmp,XL-Synthetic,12,B,bmp,RGB,4979,4979,3,P03.xlsx,xlsx,small,8899,3,27889246,OK,
extended_xl,XL-Synthetic_12_P.png,XL-Synthetic,12,P,png,RGB,1000,1000,3,P01.docx,docx,large,1121154,1,375000,SKIP_CAPACITY,Payload exceeds cover capacity at selected LSB depth
extended_xl,XL-Synthetic_12_P.png,XL-Synthetic,12,P,png,RGB,1000,1000,3,P01.docx,docx,large,1121154,2,750000,SKIP_CAPACITY,Payload exceeds cover capacity at selected LSB depth
extended_xl,XL-Synthetic_12_P.png,XL-Synthetic,12,P,png,RGB,1000,1000,3,P01.docx,docx,large,1121154,3,1125000,OK,
extended_xl,XL-Synthetic_12_P.png,XL-Synthetic,12,P,png,RGB,1000,1000,3,P01.docx,docx,medium,511127,1,375000,SKIP_CAPACITY,Payload exceeds cover capacity at selected LSB depth
extended_xl,XL-Synthetic_12_P.png,XL-Synthetic,12,P,png,RGB,1000,1000,3,P01.docx,docx,medium,511127,2,750000,OK,
extended_xl,XL-Synthetic_12_P.png,XL-Synthetic,12,P,png,RGB,1000,1000,3,P01.docx,docx,medium,511127,3,1125000,OK,
extended_xl,XL-Synthetic_12_P.png,XL-Synthetic,12,P,png,RGB,1000,1000,3,P01.docx,docx,small,13432,1,375000,OK,
extended_xl,XL-Synthetic_12_P.png,XL-Synthetic,12,P,png,RGB,1000,1000,3,P01.docx,docx,small,13432,2,750000,OK,
extended_xl,XL-Synthetic_12_P.png,XL-Synthetic,12,P,png,RGB,1000,1000,3,P01.docx,docx,small,13432,3,1125000,OK,
extended_xl,XL-Synthetic_12_P.png,XL-Synthetic,12,P,png,RGB,1000,1000,3,P06.exe,exe,large,1017856,1,375000,SKIP_CAPACITY,Payload exceeds cover capacity at selected LSB depth
extended_xl,XL-Synthetic_12_P.png,XL-Synthetic,12,P,png,RGB,1000,1000,3,P06.exe,exe,large,1017856,2,750000,SKIP_CAPACITY,Payload exceeds cover capacity at selected LSB depth
extended_xl,XL-Synthetic_12_P.png,XL-Synthetic,12,P,png,RGB,1000,1000,3,P06.exe,exe,large,1017856,3,1125000,OK,
extended_xl,XL-Synthetic_12_P.png,XL-Synthetic,12,P,png,RGB,1000,1000,3,P06.exe,exe,medium,505856,1,375000,SKIP_CAPACITY,Payload exceeds cover capacity at selected LSB depth
extended_xl,XL-Synthetic_12_P.png,XL-Synthetic,12,P,png,RGB,1000,1000,3,P06.exe,exe,medium,505856,2,750000,OK,
extended_xl,XL-Synthetic_12_P.png,XL-Synthetic,12,P,png,RGB,1000,1000,3,P06.exe,exe,medium,505856,3,1125000,OK,
extended_xl,XL-Synthetic_12_P.png,XL-Synthetic,12,P,png,RGB,1000,1000,3,P06.exe,exe,small,40448,1,375000,OK,
extended_xl,XL-Synthetic_12_P.png,XL-Synthetic,12,P,png,RGB,1000,1000,3,P06.exe,exe,small,40448,2,750000,OK,
extended_xl,XL-Synthetic_12_P.png,XL-Synthetic,12,P,png,RGB,1000,1000,3,P06.exe,exe,small,40448,3,1125000,OK,
extended_xl,XL-Synthetic_12_P.png,XL-Synthetic,12,P,png,RGB,1000,1000,3,P02.pdf,pdf,large,1100144,1,375000,SKIP_CAPACITY,Payload exceeds cover capacity at selected LSB depth
extended_xl,XL-Synthetic_12_P.png,XL-Synthetic,12,P,png,RGB,1000,1000,3,P02.pdf,pdf,large,1100144,2,750000,SKIP_CAPACITY,Payload exceeds cover capacity at selected LSB depth
extended_xl,XL-Synthetic_12_P.png,XL-Synthetic,12,P,png,RGB,1000,1000,3,P02.pdf,pdf,large,1100144,3,1125000,OK,
extended_xl,XL-Synthetic_12_P.png,XL-Synthetic,12,P,png,RGB,1000,1000,3,P02.pdf,pdf,medium,510410,1,375000,SKIP_CAPACITY,Payload exceeds cover capacity at selected LSB depth
extended_xl,XL-Synthetic_12_P.png,XL-Synthetic,12,P,png,RGB,1000,1000,3,P02.pdf,pdf,medium,510410,2,750000,OK,
extended_xl,XL-Synthetic_12_P.png,XL-Synthetic,12,P,png,RGB,1000,1000,3,P02.pdf,pdf,medium,510410,3,1125000,OK,
extended_xl,XL-Synthetic_12_P.png,XL-Synthetic,12,P,png,RGB,1000,1000,3,P02.pdf,pdf,small,16620,1,375000,OK,
extended_xl,XL-Synthetic_12_P.png,XL-Synthetic,12,P,png,RGB,1000,1000,3,P02.pdf,pdf,small,16620,2,750000,OK,
extended_xl,XL-Synthetic_12_P.png,XL-Synthetic,12,P,png,RGB,1000,1000,3,P02.pdf,pdf,small,16620,3,1125000,OK,
extended_xl,XL-Synthetic_12_P.png,XL-Synthetic,12,P,png,RGB,1000,1000,3,P04.pptx,pptx,large,1082610,1,375000,SKIP_CAPACITY,Payload exceeds cover capacity at selected LSB depth
extended_xl,XL-Synthetic_12_P.png,XL-Synthetic,12,P,png,RGB,1000,1000,3,P04.pptx,pptx,large,1082610,2,750000,SKIP_CAPACITY,Payload exceeds cover capacity at selected LSB depth
extended_xl,XL-Synthetic_12_P.png,XL-Synthetic,12,P,png,RGB,1000,1000,3,P04.pptx,pptx,large,1082610,3,1125000,OK,
extended_xl,XL-Synthetic_12_P.png,XL-Synthetic,12,P,png,RGB,1000,1000,3,P04.pptx,pptx,medium,512113,1,375000,SKIP_CAPACITY,Payload exceeds cover capacity at selected LSB depth
extended_xl,XL-Synthetic_12_P.png,XL-Synthetic,12,P,png,RGB,1000,1000,3,P04.pptx,pptx,medium,512113,2,750000,OK,
extended_xl,XL-Synthetic_12_P.png,XL-Synthetic,12,P,png,RGB,1000,1000,3,P04.pptx,pptx,medium,512113,3,1125000,OK,
extended_xl,XL-Synthetic_12_P.png,XL-Synthetic,12,P,png,RGB,1000,1000,3,P04.pptx,pptx,small,32020,1,375000,OK,
extended_xl,XL-Synthetic_12_P.png,XL-Synthetic,12,P,png,RGB,1000,1000,3,P04.pptx,pptx,small,32020,2,750000,OK,
extended_xl,XL-Synthetic_12_P.png,XL-Synthetic,12,P,png,RGB,1000,1000,3,P04.pptx,pptx,small,32020,3,1125000,OK,
extended_xl,XL-Synthetic_12_P.png,XL-Synthetic,12,P,png,RGB,1000,1000,3,P05.rtf,rtf,large,1085026,1,375000,SKIP_CAPACITY,Payload exceeds cover capacity at selected LSB depth
extended_xl,XL-Synthetic_12_P.png,XL-Synthetic,12,P,png,RGB,1000,1000,3,P05.rtf,rtf,large,1085026,2,750000,SKIP_CAPACITY,Payload exceeds cover capacity at selected LSB depth
extended_xl,XL-Synthetic_12_P.png,XL-Synthetic,12,P,png,RGB,1000,1000,3,P05.rtf,rtf,large,1085026,3,1125000,OK,
extended_xl,XL-Synthetic_12_P.png,XL-Synthetic,12,P,png,RGB,1000,1000,3,P05.rtf,rtf,medium,511504,1,375000,SKIP_CAPACITY,Payload exceeds cover capacity at selected LSB depth
extended_xl,XL-Synthetic_12_P.png,XL-Synthetic,12,P,png,RGB,1000,1000,3,P05.rtf,rtf,medium,511504,2,750000,OK,
extended_xl,XL-Synthetic_12_P.png,XL-Synthetic,12,P,png,RGB,1000,1000,3,P05.rtf,rtf,medium,511504,3,1125000,OK,
extended_xl,XL-Synthetic_12_P.png,XL-Synthetic,12,P,png,RGB,1000,1000,3,P05.rtf,rtf,small,50275,1,375000,OK,
extended_xl,XL-Synthetic_12_P.png,XL-Synthetic,12,P,png,RGB,1000,1000,3,P05.rtf,rtf,small,50275,2,750000,OK,
extended_xl,XL-Synthetic_12_P.png,XL-Synthetic,12,P,png,RGB,1000,1000,3,P05.rtf,rtf,small,50275,3,1125000,OK,
extended_xl,XL-Synthetic_12_P.png,XL-Synthetic,12,P,png,RGB,1000,1000,3,P03.xlsx,xlsx,large,1090468,1,375000,SKIP_CAPACITY,Payload exceeds cover capacity at selected LSB depth
extended_xl,XL-Synthetic_12_P.png,XL-Synthetic,12,P,png,RGB,1000,1000,3,P03.xlsx,xlsx,large,1090468,2,750000,SKIP_CAPACITY,Payload exceeds cover capacity at selected LSB depth
extended_xl,XL-Synthetic_12_P.png,XL-Synthetic,12,P,png,RGB,1000,1000,3,P03.xlsx,xlsx,large,1090468,3,1125000,OK,
extended_xl,XL-Synthetic_12_P.png,XL-Synthetic,12,P,png,RGB,1000,1000,3,P03.xlsx,xlsx,medium,511280,1,375000,SKIP_CAPACITY,Payload exceeds cover capacity at selected LSB depth
extended_xl,XL-Synthetic_12_P.png,XL-Synthetic,12,P,png,RGB,1000,1000,3,P03.xlsx,xlsx,medium,511280,2,750000,OK,
extended_xl,XL-Synthetic_12_P.png,XL-Synthetic,12,P,png,RGB,1000,1000,3,P03.xlsx,xlsx,medium,511280,3,1125000,OK,
extended_xl,XL-Synthetic_12_P.png,XL-Synthetic,12,P,png,RGB,1000,1000,3,P03.xlsx,xlsx,small,8899,1,375000,OK,
extended_xl,XL-Synthetic_12_P.png,XL-Synthetic,12,P,png,RGB,1000,1000,3,P03.xlsx,xlsx,small,8899,2,750000,OK,
extended_xl,XL-Synthetic_12_P.png,XL-Synthetic,12,P,png,RGB,1000,1000,3,P03.xlsx,xlsx,small,8899,3,1125000,OK,
extended_xl,XL-Synthetic_13_B.bmp,XL-Synthetic,13,B,bmp,RGB,5319,5319,3,P01.docx,docx,large,1121154,1,10609410,OK,
extended_xl,XL-Synthetic_13_B.bmp,XL-Synthetic,13,B,bmp,RGB,5319,5319,3,P01.docx,docx,large,1121154,2,21218820,OK,
extended_xl,XL-Synthetic_13_B.bmp,XL-Synthetic,13,B,bmp,RGB,5319,5319,3,P01.docx,docx,large,1121154,3,31828231,OK,
extended_xl,XL-Synthetic_13_B.bmp,XL-Synthetic,13,B,bmp,RGB,5319,5319,3,P01.docx,docx,medium,511127,1,10609410,OK,
extended_xl,XL-Synthetic_13_B.bmp,XL-Synthetic,13,B,bmp,RGB,5319,5319,3,P01.docx,docx,medium,511127,2,21218820,OK,
extended_xl,XL-Synthetic_13_B.bmp,XL-Synthetic,13,B,bmp,RGB,5319,5319,3,P01.docx,docx,medium,511127,3,31828231,OK,
extended_xl,XL-Synthetic_13_B.bmp,XL-Synthetic,13,B,bmp,RGB,5319,5319,3,P01.docx,docx,small,13432,1,10609410,OK,
extended_xl,XL-Synthetic_13_B.bmp,XL-Synthetic,13,B,bmp,RGB,5319,5319,3,P01.docx,docx,small,13432,2,21218820,OK,
extended_xl,XL-Synthetic_13_B.bmp,XL-Synthetic,13,B,bmp,RGB,5319,5319,3,P01.docx,docx,small,13432,3,31828231,OK,
extended_xl,XL-Synthetic_13_B.bmp,XL-Synthetic,13,B,bmp,RGB,5319,5319,3,P06.exe,exe,large,1017856,1,10609410,OK,
extended_xl,XL-Synthetic_13_B.bmp,XL-Synthetic,13,B,bmp,RGB,5319,5319,3,P06.exe,exe,large,1017856,2,21218820,OK,
extended_xl,XL-Synthetic_13_B.bmp,XL-Synthetic,13,B,bmp,RGB,5319,5319,3,P06.exe,exe,large,1017856,3,31828231,OK,
extended_xl,XL-Synthetic_13_B.bmp,XL-Synthetic,13,B,bmp,RGB,5319,5319,3,P06.exe,exe,medium,505856,1,10609410,OK,
extended_xl,XL-Synthetic_13_B.bmp,XL-Synthetic,13,B,bmp,RGB,5319,5319,3,P06.exe,exe,medium,505856,2,21218820,OK,
extended_xl,XL-Synthetic_13_B.bmp,XL-Synthetic,13,B,bmp,RGB,5319,5319,3,P06.exe,exe,medium,505856,3,31828231,OK,
extended_xl,XL-Synthetic_13_B.bmp,XL-Synthetic,13,B,bmp,RGB,5319,5319,3,P06.exe,exe,small,40448,1,10609410,OK,
extended_xl,XL-Synthetic_13_B.bmp,XL-Synthetic,13,B,bmp,RGB,5319,5319,3,P06.exe,exe,small,40448,2,21218820,OK,
extended_xl,XL-Synthetic_13_B.bmp,XL-Synthetic,13,B,bmp,RGB,5319,5319,3,P06.exe,exe,small,40448,3,31828231,OK,
extended_xl,XL-Synthetic_13_B.bmp,XL-Synthetic,13,B,bmp,RGB,5319,5319,3,P02.pdf,pdf,large,1100144,1,10609410,OK,
extended_xl,XL-Synthetic_13_B.bmp,XL-Synthetic,13,B,bmp,RGB,5319,5319,3,P02.pdf,pdf,large,1100144,2,21218820,OK,
extended_xl,XL-Synthetic_13_B.bmp,XL-Synthetic,13,B,bmp,RGB,5319,5319,3,P02.pdf,pdf,large,1100144,3,31828231,OK,
extended_xl,XL-Synthetic_13_B.bmp,XL-Synthetic,13,B,bmp,RGB,5319,5319,3,P02.pdf,pdf,medium,510410,1,10609410,OK,
extended_xl,XL-Synthetic_13_B.bmp,XL-Synthetic,13,B,bmp,RGB,5319,5319,3,P02.pdf,pdf,medium,510410,2,21218820,OK,
extended_xl,XL-Synthetic_13_B.bmp,XL-Synthetic,13,B,bmp,RGB,5319,5319,3,P02.pdf,pdf,medium,510410,3,31828231,OK,
extended_xl,XL-Synthetic_13_B.bmp,XL-Synthetic,13,B,bmp,RGB,5319,5319,3,P02.pdf,pdf,small,16620,1,10609410,OK,
extended_xl,XL-Synthetic_13_B.bmp,XL-Synthetic,13,B,bmp,RGB,5319,5319,3,P02.pdf,pdf,small,16620,2,21218820,OK,
extended_xl,XL-Synthetic_13_B.bmp,XL-Synthetic,13,B,bmp,RGB,5319,5319,3,P02.pdf,pdf,small,16620,3,31828231,OK,
extended_xl,XL-Synthetic_13_B.bmp,XL-Synthetic,13,B,bmp,RGB,5319,5319,3,P04.pptx,pptx,large,1082610,1,10609410,OK,
extended_xl,XL-Synthetic_13_B.bmp,XL-Synthetic,13,B,bmp,RGB,5319,5319,3,P04.pptx,pptx,large,1082610,2,21218820,OK,
extended_xl,XL-Synthetic_13_B.bmp,XL-Synthetic,13,B,bmp,RGB,5319,5319,3,P04.pptx,pptx,large,1082610,3,31828231,OK,
extended_xl,XL-Synthetic_13_B.bmp,XL-Synthetic,13,B,bmp,RGB,5319,5319,3,P04.pptx,pptx,medium,512113,1,10609410,OK,
extended_xl,XL-Synthetic_13_B.bmp,XL-Synthetic,13,B,bmp,RGB,5319,5319,3,P04.pptx,pptx,medium,512113,2,21218820,OK,
extended_xl,XL-Synthetic_13_B.bmp,XL-Synthetic,13,B,bmp,RGB,5319,5319,3,P04.pptx,pptx,medium,512113,3,31828231,OK,
extended_xl,XL-Synthetic_13_B.bmp,XL-Synthetic,13,B,bmp,RGB,5319,5319,3,P04.pptx,pptx,small,32020,1,10609410,OK,
extended_xl,XL-Synthetic_13_B.bmp,XL-Synthetic,13,B,bmp,RGB,5319,5319,3,P04.pptx,pptx,small,32020,2,21218820,OK,
extended_xl,XL-Synthetic_13_B.bmp,XL-Synthetic,13,B,bmp,RGB,5319,5319,3,P04.pptx,pptx,small,32020,3,31828231,OK,
extended_xl,XL-Synthetic_13_B.bmp,XL-Synthetic,13,B,bmp,RGB,5319,5319,3,P05.rtf,rtf,large,1085026,1,10609410,OK,
extended_xl,XL-Synthetic_13_B.bmp,XL-Synthetic,13,B,bmp,RGB,5319,5319,3,P05.rtf,rtf,large,1085026,2,21218820,OK,
extended_xl,XL-Synthetic_13_B.bmp,XL-Synthetic,13,B,bmp,RGB,5319,5319,3,P05.rtf,rtf,large,1085026,3,31828231,OK,
extended_xl,XL-Synthetic_13_B.bmp,XL-Synthetic,13,B,bmp,RGB,5319,5319,3,P05.rtf,rtf,medium,511504,1,10609410,OK,
extended_xl,XL-Synthetic_13_B.bmp,XL-Synthetic,13,B,bmp,RGB,5319,5319,3,P05.rtf,rtf,medium,511504,2,21218820,OK,
extended_xl,XL-Synthetic_13_B.bmp,XL-Synthetic,13,B,bmp,RGB,5319,5319,3,P05.rtf,rtf,medium,511504,3,31828231,OK,
extended_xl,XL-Synthetic_13_B.bmp,XL-Synthetic,13,B,bmp,RGB,5319,5319,3,P05.rtf,rtf,small,50275,1,10609410,OK,
extended_xl,XL-Synthetic_13_B.bmp,XL-Synthetic,13,B,bmp,RGB,5319,5319,3,P05.rtf,rtf,small,50275,2,21218820,OK,
extended_xl,XL-Synthetic_13_B.bmp,XL-Synthetic,13,B,bmp,RGB,5319,5319,3,P05.rtf,rtf,small,50275,3,31828231,OK,
extended_xl,XL-Synthetic_13_B.bmp,XL-Synthetic,13,B,bmp,RGB,5319,5319,3,P03.xlsx,xlsx,large,1090468,1,10609410,OK,
extended_xl,XL-Synthetic_13_B.bmp,XL-Synthetic,13,B,bmp,RGB,5319,5319,3,P03.xlsx,xlsx,large,1090468,2,21218820,OK,
extended_xl,XL-Synthetic_13_B.bmp,XL-Synthetic,13,B,bmp,RGB,5319,5319,3,P03.xlsx,xlsx,large,1090468,3,31828231,OK,
extended_xl,XL-Synthetic_13_B.bmp,XL-Synthetic,13,B,bmp,RGB,5319,5319,3,P03.xlsx,xlsx,medium,511280,1,10609410,OK,
extended_xl,XL-Synthetic_13_B.bmp,XL-Synthetic,13,B,bmp,RGB,5319,5319,3,P03.xlsx,xlsx,medium,511280,2,21218820,OK,
extended_xl,XL-Synthetic_13_B.bmp,XL-Synthetic,13,B,bmp,RGB,5319,5319,3,P03.xlsx,xlsx,medium,511280,3,31828231,OK,
extended_xl,XL-Synthetic_13_B.bmp,XL-Synthetic,13,B,bmp,RGB,5319,5319,3,P03.xlsx,xlsx,small,8899,1,10609410,OK,
extended_xl,XL-Synthetic_13_B.bmp,XL-Synthetic,13,B,bmp,RGB,5319,5319,3,P03.xlsx,xlsx,small,8899,2,21218820,OK,
extended_xl,XL-Synthetic_13_B.bmp,XL-Synthetic,13,B,bmp,RGB,5319,5319,3,P03.xlsx,xlsx,small,8899,3,31828231,OK,
extended_xl,XL-Synthetic_13_P.png,XL-Synthetic,13,P,png,RGB,1000,1000,3,P01.docx,docx,large,1121154,1,375000,SKIP_CAPACITY,Payload exceeds cover capacity at selected LSB depth
extended_xl,XL-Synthetic_13_P.png,XL-Synthetic,13,P,png,RGB,1000,1000,3,P01.docx,docx,large,1121154,2,750000,SKIP_CAPACITY,Payload exceeds cover capacity at selected LSB depth
extended_xl,XL-Synthetic_13_P.png,XL-Synthetic,13,P,png,RGB,1000,1000,3,P01.docx,docx,large,1121154,3,1125000,OK,
extended_xl,XL-Synthetic_13_P.png,XL-Synthetic,13,P,png,RGB,1000,1000,3,P01.docx,docx,medium,511127,1,375000,SKIP_CAPACITY,Payload exceeds cover capacity at selected LSB depth
extended_xl,XL-Synthetic_13_P.png,XL-Synthetic,13,P,png,RGB,1000,1000,3,P01.docx,docx,medium,511127,2,750000,OK,
extended_xl,XL-Synthetic_13_P.png,XL-Synthetic,13,P,png,RGB,1000,1000,3,P01.docx,docx,medium,511127,3,1125000,OK,
extended_xl,XL-Synthetic_13_P.png,XL-Synthetic,13,P,png,RGB,1000,1000,3,P01.docx,docx,small,13432,1,375000,OK,
extended_xl,XL-Synthetic_13_P.png,XL-Synthetic,13,P,png,RGB,1000,1000,3,P01.docx,docx,small,13432,2,750000,OK,
extended_xl,XL-Synthetic_13_P.png,XL-Synthetic,13,P,png,RGB,1000,1000,3,P01.docx,docx,small,13432,3,1125000,OK,
extended_xl,XL-Synthetic_13_P.png,XL-Synthetic,13,P,png,RGB,1000,1000,3,P06.exe,exe,large,1017856,1,375000,SKIP_CAPACITY,Payload exceeds cover capacity at selected LSB depth
extended_xl,XL-Synthetic_13_P.png,XL-Synthetic,13,P,png,RGB,1000,1000,3,P06.exe,exe,large,1017856,2,750000,SKIP_CAPACITY,Payload exceeds cover capacity at selected LSB depth
extended_xl,XL-Synthetic_13_P.png,XL-Synthetic,13,P,png,RGB,1000,1000,3,P06.exe,exe,large,1017856,3,1125000,OK,
extended_xl,XL-Synthetic_13_P.png,XL-Synthetic,13,P,png,RGB,1000,1000,3,P06.exe,exe,medium,505856,1,375000,SKIP_CAPACITY,Payload exceeds cover capacity at selected LSB depth
extended_xl,XL-Synthetic_13_P.png,XL-Synthetic,13,P,png,RGB,1000,1000,3,P06.exe,exe,medium,505856,2,750000,OK,
extended_xl,XL-Synthetic_13_P.png,XL-Synthetic,13,P,png,RGB,1000,1000,3,P06.exe,exe,medium,505856,3,1125000,OK,
extended_xl,XL-Synthetic_13_P.png,XL-Synthetic,13,P,png,RGB,1000,1000,3,P06.exe,exe,small,40448,1,375000,OK,
extended_xl,XL-Synthetic_13_P.png,XL-Synthetic,13,P,png,RGB,1000,1000,3,P06.exe,exe,small,40448,2,750000,OK,
extended_xl,XL-Synthetic_13_P.png,XL-Synthetic,13,P,png,RGB,1000,1000,3,P06.exe,exe,small,40448,3,1125000,OK,
extended_xl,XL-Synthetic_13_P.png,XL-Synthetic,13,P,png,RGB,1000,1000,3,P02.pdf,pdf,large,1100144,1,375000,SKIP_CAPACITY,Payload exceeds cover capacity at selected LSB depth
extended_xl,XL-Synthetic_13_P.png,XL-Synthetic,13,P,png,RGB,1000,1000,3,P02.pdf,pdf,large,1100144,2,750000,SKIP_CAPACITY,Payload exceeds cover capacity at selected LSB depth
extended_xl,XL-Synthetic_13_P.png,XL-Synthetic,13,P,png,RGB,1000,1000,3,P02.pdf,pdf,large,1100144,3,1125000,OK,
extended_xl,XL-Synthetic_13_P.png,XL-Synthetic,13,P,png,RGB,1000,1000,3,P02.pdf,pdf,medium,510410,1,375000,SKIP_CAPACITY,Payload exceeds cover capacity at selected LSB depth
extended_xl,XL-Synthetic_13_P.png,XL-Synthetic,13,P,png,RGB,1000,1000,3,P02.pdf,pdf,medium,510410,2,750000,OK,
extended_xl,XL-Synthetic_13_P.png,XL-Synthetic,13,P,png,RGB,1000,1000,3,P02.pdf,pdf,medium,510410,3,1125000,OK,
extended_xl,XL-Synthetic_13_P.png,XL-Synthetic,13,P,png,RGB,1000,1000,3,P02.pdf,pdf,small,16620,1,375000,OK,
extended_xl,XL-Synthetic_13_P.png,XL-Synthetic,13,P,png,RGB,1000,1000,3,P02.pdf,pdf,small,16620,2,750000,OK,
extended_xl,XL-Synthetic_13_P.png,XL-Synthetic,13,P,png,RGB,1000,1000,3,P02.pdf,pdf,small,16620,3,1125000,OK,
extended_xl,XL-Synthetic_13_P.png,XL-Synthetic,13,P,png,RGB,1000,1000,3,P04.pptx,pptx,large,1082610,1,375000,SKIP_CAPACITY,Payload exceeds cover capacity at selected LSB depth
extended_xl,XL-Synthetic_13_P.png,XL-Synthetic,13,P,png,RGB,1000,1000,3,P04.pptx,pptx,large,1082610,2,750000,SKIP_CAPACITY,Payload exceeds cover capacity at selected LSB depth
extended_xl,XL-Synthetic_13_P.png,XL-Synthetic,13,P,png,RGB,1000,1000,3,P04.pptx,pptx,large,1082610,3,1125000,OK,
extended_xl,XL-Synthetic_13_P.png,XL-Synthetic,13,P,png,RGB,1000,1000,3,P04.pptx,pptx,medium,512113,1,375000,SKIP_CAPACITY,Payload exceeds cover capacity at selected LSB depth
extended_xl,XL-Synthetic_13_P.png,XL-Synthetic,13,P,png,RGB,1000,1000,3,P04.pptx,pptx,medium,512113,2,750000,OK,
extended_xl,XL-Synthetic_13_P.png,XL-Synthetic,13,P,png,RGB,1000,1000,3,P04.pptx,pptx,medium,512113,3,1125000,OK,
extended_xl,XL-Synthetic_13_P.png,XL-Synthetic,13,P,png,RGB,1000,1000,3,P04.pptx,pptx,small,32020,1,375000,OK,
extended_xl,XL-Synthetic_13_P.png,XL-Synthetic,13,P,png,RGB,1000,1000,3,P04.pptx,pptx,small,32020,2,750000,OK,
extended_xl,XL-Synthetic_13_P.png,XL-Synthetic,13,P,png,RGB,1000,1000,3,P04.pptx,pptx,small,32020,3,1125000,OK,
extended_xl,XL-Synthetic_13_P.png,XL-Synthetic,13,P,png,RGB,1000,1000,3,P05.rtf,rtf,large,1085026,1,375000,SKIP_CAPACITY,Payload exceeds cover capacity at selected LSB depth
extended_xl,XL-Synthetic_13_P.png,XL-Synthetic,13,P,png,RGB,1000,1000,3,P05.rtf,rtf,large,1085026,2,750000,SKIP_CAPACITY,Payload exceeds cover capacity at selected LSB depth
extended_xl,XL-Synthetic_13_P.png,XL-Synthetic,13,P,png,RGB,1000,1000,3,P05.rtf,rtf,large,1085026,3,1125000,OK,
extended_xl,XL-Synthetic_13_P.png,XL-Synthetic,13,P,png,RGB,1000,1000,3,P05.rtf,rtf,medium,511504,1,375000,SKIP_CAPACITY,Payload exceeds cover capacity at selected LSB depth
extended_xl,XL-Synthetic_13_P.png,XL-Synthetic,13,P,png,RGB,1000,1000,3,P05.rtf,rtf,medium,511504,2,750000,OK,
extended_xl,XL-Synthetic_13_P.png,XL-Synthetic,13,P,png,RGB,1000,1000,3,P05.rtf,rtf,medium,511504,3,1125000,OK,
extended_xl,XL-Synthetic_13_P.png,XL-Synthetic,13,P,png,RGB,1000,1000,3,P05.rtf,rtf,small,50275,1,375000,OK,
extended_xl,XL-Synthetic_13_P.png,XL-Synthetic,13,P,png,RGB,1000,1000,3,P05.rtf,rtf,small,50275,2,750000,OK,
extended_xl,XL-Synthetic_13_P.png,XL-Synthetic,13,P,png,RGB,1000,1000,3,P05.rtf,rtf,small,50275,3,1125000,OK,
extended_xl,XL-Synthetic_13_P.png,XL-Synthetic,13,P,png,RGB,1000,1000,3,P03.xlsx,xlsx,large,1090468,1,375000,SKIP_CAPACITY,Payload exceeds cover capacity at selected LSB depth
extended_xl,XL-Synthetic_13_P.png,XL-Synthetic,13,P,png,RGB,1000,1000,3,P03.xlsx,xlsx,large,1090468,2,750000,SKIP_CAPACITY,Payload exceeds cover capacity at selected LSB depth
extended_xl,XL-Synthetic_13_P.png,XL-Synthetic,13,P,png,RGB,1000,1000,3,P03.xlsx,xlsx,large,1090468,3,1125000,OK,
extended_xl,XL-Synthetic_13_P.png,XL-Synthetic,13,P,png,RGB,1000,1000,3,P03.xlsx,xlsx,medium,511280,1,375000,SKIP_CAPACITY,Payload exceeds cover capacity at selected LSB depth
extended_xl,XL-Synthetic_13_P.png,XL-Synthetic,13,P,png,RGB,1000,1000,3,P03.xlsx,xlsx,medium,511280,2,750000,OK,
extended_xl,XL-Synthetic_13_P.png,XL-Synthetic,13,P,png,RGB,1000,1000,3,P03.xlsx,xlsx,medium,511280,3,1125000,OK,
extended_xl,XL-Synthetic_13_P.png,XL-Synthetic,13,P,png,RGB,1000,1000,3,P03.xlsx,xlsx,small,8899,1,375000,OK,
extended_xl,XL-Synthetic_13_P.png,XL-Synthetic,13,P,png,RGB,1000,1000,3,P03.xlsx,xlsx,small,8899,2,750000,OK,
extended_xl,XL-Synthetic_13_P.png,XL-Synthetic,13,P,png,RGB,1000,1000,3,P03.xlsx,xlsx,small,8899,3,1125000,OK,
extended_xl,XL-Synthetic_14_B.bmp,XL-Synthetic,14,B,bmp,RGB,5623,5623,3,P01.docx,docx,large,1121154,1,11856798,OK,
extended_xl,XL-Synthetic_14_B.bmp,XL-Synthetic,14,B,bmp,RGB,5623,5623,3,P01.docx,docx,large,1121154,2,23713596,OK,
extended_xl,XL-Synthetic_14_B.bmp,XL-Synthetic,14,B,bmp,RGB,5623,5623,3,P01.docx,docx,large,1121154,3,35570395,OK,
extended_xl,XL-Synthetic_14_B.bmp,XL-Synthetic,14,B,bmp,RGB,5623,5623,3,P01.docx,docx,medium,511127,1,11856798,OK,
extended_xl,XL-Synthetic_14_B.bmp,XL-Synthetic,14,B,bmp,RGB,5623,5623,3,P01.docx,docx,medium,511127,2,23713596,OK,
extended_xl,XL-Synthetic_14_B.bmp,XL-Synthetic,14,B,bmp,RGB,5623,5623,3,P01.docx,docx,medium,511127,3,35570395,OK,
extended_xl,XL-Synthetic_14_B.bmp,XL-Synthetic,14,B,bmp,RGB,5623,5623,3,P01.docx,docx,small,13432,1,11856798,OK,
extended_xl,XL-Synthetic_14_B.bmp,XL-Synthetic,14,B,bmp,RGB,5623,5623,3,P01.docx,docx,small,13432,2,23713596,OK,
extended_xl,XL-Synthetic_14_B.bmp,XL-Synthetic,14,B,bmp,RGB,5623,5623,3,P01.docx,docx,small,13432,3,35570395,OK,
extended_xl,XL-Synthetic_14_B.bmp,XL-Synthetic,14,B,bmp,RGB,5623,5623,3,P06.exe,exe,large,1017856,1,11856798,OK,
extended_xl,XL-Synthetic_14_B.bmp,XL-Synthetic,14,B,bmp,RGB,5623,5623,3,P06.exe,exe,large,1017856,2,23713596,OK,
extended_xl,XL-Synthetic_14_B.bmp,XL-Synthetic,14,B,bmp,RGB,5623,5623,3,P06.exe,exe,large,1017856,3,35570395,OK,
extended_xl,XL-Synthetic_14_B.bmp,XL-Synthetic,14,B,bmp,RGB,5623,5623,3,P06.exe,exe,medium,505856,1,11856798,OK,
extended_xl,XL-Synthetic_14_B.bmp,XL-Synthetic,14,B,bmp,RGB,5623,5623,3,P06.exe,exe,medium,505856,2,23713596,OK,
extended_xl,XL-Synthetic_14_B.bmp,XL-Synthetic,14,B,bmp,RGB,5623,5623,3,P06.exe,exe,medium,505856,3,35570395,OK,
extended_xl,XL-Synthetic_14_B.bmp,XL-Synthetic,14,B,bmp,RGB,5623,5623,3,P06.exe,exe,small,40448,1,11856798,OK,
extended_xl,XL-Synthetic_14_B.bmp,XL-Synthetic,14,B,bmp,RGB,5623,5623,3,P06.exe,exe,small,40448,2,23713596,OK,
extended_xl,XL-Synthetic_14_B.bmp,XL-Synthetic,14,B,bmp,RGB,5623,5623,3,P06.exe,exe,small,40448,3,35570395,OK,
extended_xl,XL-Synthetic_14_B.bmp,XL-Synthetic,14,B,bmp,RGB,5623,5623,3,P02.pdf,pdf,large,1100144,1,11856798,OK,
extended_xl,XL-Synthetic_14_B.bmp,XL-Synthetic,14,B,bmp,RGB,5623,5623,3,P02.pdf,pdf,large,1100144,2,23713596,OK,
extended_xl,XL-Synthetic_14_B.bmp,XL-Synthetic,14,B,bmp,RGB,5623,5623,3,P02.pdf,pdf,large,1100144,3,35570395,OK,
extended_xl,XL-Synthetic_14_B.bmp,XL-Synthetic,14,B,bmp,RGB,5623,5623,3,P02.pdf,pdf,medium,510410,1,11856798,OK,
extended_xl,XL-Synthetic_14_B.bmp,XL-Synthetic,14,B,bmp,RGB,5623,5623,3,P02.pdf,pdf,medium,510410,2,23713596,OK,
extended_xl,XL-Synthetic_14_B.bmp,XL-Synthetic,14,B,bmp,RGB,5623,5623,3,P02.pdf,pdf,medium,510410,3,35570395,OK,
extended_xl,XL-Synthetic_14_B.bmp,XL-Synthetic,14,B,bmp,RGB,5623,5623,3,P02.pdf,pdf,small,16620,1,11856798,OK,
extended_xl,XL-Synthetic_14_B.bmp,XL-Synthetic,14,B,bmp,RGB,5623,5623,3,P02.pdf,pdf,small,16620,2,23713596,OK,
extended_xl,XL-Synthetic_14_B.bmp,XL-Synthetic,14,B,bmp,RGB,5623,5623,3,P02.pdf,pdf,small,16620,3,35570395,OK,
extended_xl,XL-Synthetic_14_B.bmp,XL-Synthetic,14,B,bmp,RGB,5623,5623,3,P04.pptx,pptx,large,1082610,1,11856798,OK,
extended_xl,XL-Synthetic_14_B.bmp,XL-Synthetic,14,B,bmp,RGB,5623,5623,3,P04.pptx,pptx,large,1082610,2,23713596,OK,
extended_xl,XL-Synthetic_14_B.bmp,XL-Synthetic,14,B,bmp,RGB,5623,5623,3,P04.pptx,pptx,large,1082610,3,35570395,OK,
extended_xl,XL-Synthetic_14_B.bmp,XL-Synthetic,14,B,bmp,RGB,5623,5623,3,P04.pptx,pptx,medium,512113,1,11856798,OK,
extended_xl,XL-Synthetic_14_B.bmp,XL-Synthetic,14,B,bmp,RGB,5623,5623,3,P04.pptx,pptx,medium,512113,2,23713596,OK,
extended_xl,XL-Synthetic_14_B.bmp,XL-Synthetic,14,B,bmp,RGB,5623,5623,3,P04.pptx,pptx,medium,512113,3,35570395,OK,
extended_xl,XL-Synthetic_14_B.bmp,XL-Synthetic,14,B,bmp,RGB,5623,5623,3,P04.pptx,pptx,small,32020,1,11856798,OK,
extended_xl,XL-Synthetic_14_B.bmp,XL-Synthetic,14,B,bmp,RGB,5623,5623,3,P04.pptx,pptx,small,32020,2,23713596,OK,
extended_xl,XL-Synthetic_14_B.bmp,XL-Synthetic,14,B,bmp,RGB,5623,5623,3,P04.pptx,pptx,small,32020,3,35570395,OK,
extended_xl,XL-Synthetic_14_B.bmp,XL-Synthetic,14,B,bmp,RGB,5623,5623,3,P05.rtf,rtf,large,1085026,1,11856798,OK,
extended_xl,XL-Synthetic_14_B.bmp,XL-Synthetic,14,B,bmp,RGB,5623,5623,3,P05.rtf,rtf,large,1085026,2,23713596,OK,
extended_xl,XL-Synthetic_14_B.bmp,XL-Synthetic,14,B,bmp,RGB,5623,5623,3,P05.rtf,rtf,large,1085026,3,35570395,OK,
extended_xl,XL-Synthetic_14_B.bmp,XL-Synthetic,14,B,bmp,RGB,5623,5623,3,P05.rtf,rtf,medium,511504,1,11856798,OK,
extended_xl,XL-Synthetic_14_B.bmp,XL-Synthetic,14,B,bmp,RGB,5623,5623,3,P05.rtf,rtf,medium,511504,2,23713596,OK,
extended_xl,XL-Synthetic_14_B.bmp,XL-Synthetic,14,B,bmp,RGB,5623,5623,3,P05.rtf,rtf,medium,511504,3,35570395,OK,
extended_xl,XL-Synthetic_14_B.bmp,XL-Synthetic,14,B,bmp,RGB,5623,5623,3,P05.rtf,rtf,small,50275,1,11856798,OK,
extended_xl,XL-Synthetic_14_B.bmp,XL-Synthetic,14,B,bmp,RGB,5623,5623,3,P05.rtf,rtf,small,50275,2,23713596,OK,
extended_xl,XL-Synthetic_14_B.bmp,XL-Synthetic,14,B,bmp,RGB,5623,5623,3,P05.rtf,rtf,small,50275,3,35570395,OK,
extended_xl,XL-Synthetic_14_B.bmp,XL-Synthetic,14,B,bmp,RGB,5623,5623,3,P03.xlsx,xlsx,large,1090468,1,11856798,OK,
extended_xl,XL-Synthetic_14_B.bmp,XL-Synthetic,14,B,bmp,RGB,5623,5623,3,P03.xlsx,xlsx,large,1090468,2,23713596,OK,
extended_xl,XL-Synthetic_14_B.bmp,XL-Synthetic,14,B,bmp,RGB,5623,5623,3,P03.xlsx,xlsx,large,1090468,3,35570395,OK,
extended_xl,XL-Synthetic_14_B.bmp,XL-Synthetic,14,B,bmp,RGB,5623,5623,3,P03.xlsx,xlsx,medium,511280,1,11856798,OK,
extended_xl,XL-Synthetic_14_B.bmp,XL-Synthetic,14,B,bmp,RGB,5623,5623,3,P03.xlsx,xlsx,medium,511280,2,23713596,OK,
extended_xl,XL-Synthetic_14_B.bmp,XL-Synthetic,14,B,bmp,RGB,5623,5623,3,P03.xlsx,xlsx,medium,511280,3,35570395,OK,
extended_xl,XL-Synthetic_14_B.bmp,XL-Synthetic,14,B,bmp,RGB,5623,5623,3,P03.xlsx,xlsx,small,8899,1,11856798,OK,
extended_xl,XL-Synthetic_14_B.bmp,XL-Synthetic,14,B,bmp,RGB,5623,5623,3,P03.xlsx,xlsx,small,8899,2,23713596,OK,
extended_xl,XL-Synthetic_14_B.bmp,XL-Synthetic,14,B,bmp,RGB,5623,5623,3,P03.xlsx,xlsx,small,8899,3,35570395,OK,
extended_xl,XL-Synthetic_14_P.png,XL-Synthetic,14,P,png,RGB,1000,1000,3,P01.docx,docx,large,1121154,1,375000,SKIP_CAPACITY,Payload exceeds cover capacity at selected LSB depth
extended_xl,XL-Synthetic_14_P.png,XL-Synthetic,14,P,png,RGB,1000,1000,3,P01.docx,docx,large,1121154,2,750000,SKIP_CAPACITY,Payload exceeds cover capacity at selected LSB depth
extended_xl,XL-Synthetic_14_P.png,XL-Synthetic,14,P,png,RGB,1000,1000,3,P01.docx,docx,large,1121154,3,1125000,OK,
extended_xl,XL-Synthetic_14_P.png,XL-Synthetic,14,P,png,RGB,1000,1000,3,P01.docx,docx,medium,511127,1,375000,SKIP_CAPACITY,Payload exceeds cover capacity at selected LSB depth
extended_xl,XL-Synthetic_14_P.png,XL-Synthetic,14,P,png,RGB,1000,1000,3,P01.docx,docx,medium,511127,2,750000,OK,
extended_xl,XL-Synthetic_14_P.png,XL-Synthetic,14,P,png,RGB,1000,1000,3,P01.docx,docx,medium,511127,3,1125000,OK,
extended_xl,XL-Synthetic_14_P.png,XL-Synthetic,14,P,png,RGB,1000,1000,3,P01.docx,docx,small,13432,1,375000,OK,
extended_xl,XL-Synthetic_14_P.png,XL-Synthetic,14,P,png,RGB,1000,1000,3,P01.docx,docx,small,13432,2,750000,OK,
extended_xl,XL-Synthetic_14_P.png,XL-Synthetic,14,P,png,RGB,1000,1000,3,P01.docx,docx,small,13432,3,1125000,OK,
extended_xl,XL-Synthetic_14_P.png,XL-Synthetic,14,P,png,RGB,1000,1000,3,P06.exe,exe,large,1017856,1,375000,SKIP_CAPACITY,Payload exceeds cover capacity at selected LSB depth
extended_xl,XL-Synthetic_14_P.png,XL-Synthetic,14,P,png,RGB,1000,1000,3,P06.exe,exe,large,1017856,2,750000,SKIP_CAPACITY,Payload exceeds cover capacity at selected LSB depth
extended_xl,XL-Synthetic_14_P.png,XL-Synthetic,14,P,png,RGB,1000,1000,3,P06.exe,exe,large,1017856,3,1125000,OK,
extended_xl,XL-Synthetic_14_P.png,XL-Synthetic,14,P,png,RGB,1000,1000,3,P06.exe,exe,medium,505856,1,375000,SKIP_CAPACITY,Payload exceeds cover capacity at selected LSB depth
extended_xl,XL-Synthetic_14_P.png,XL-Synthetic,14,P,png,RGB,1000,1000,3,P06.exe,exe,medium,505856,2,750000,OK,
extended_xl,XL-Synthetic_14_P.png,XL-Synthetic,14,P,png,RGB,1000,1000,3,P06.exe,exe,medium,505856,3,1125000,OK,
extended_xl,XL-Synthetic_14_P.png,XL-Synthetic,14,P,png,RGB,1000,1000,3,P06.exe,exe,small,40448,1,375000,OK,
extended_xl,XL-Synthetic_14_P.png,XL-Synthetic,14,P,png,RGB,1000,1000,3,P06.exe,exe,small,40448,2,750000,OK,
extended_xl,XL-Synthetic_14_P.png,XL-Synthetic,14,P,png,RGB,1000,1000,3,P06.exe,exe,small,40448,3,1125000,OK,
extended_xl,XL-Synthetic_14_P.png,XL-Synthetic,14,P,png,RGB,1000,1000,3,P02.pdf,pdf,large,1100144,1,375000,SKIP_CAPACITY,Payload exceeds cover capacity at selected LSB depth
extended_xl,XL-Synthetic_14_P.png,XL-Synthetic,14,P,png,RGB,1000,1000,3,P02.pdf,pdf,large,1100144,2,750000,SKIP_CAPACITY,Payload exceeds cover capacity at selected LSB depth
extended_xl,XL-Synthetic_14_P.png,XL-Synthetic,14,P,png,RGB,1000,1000,3,P02.pdf,pdf,large,1100144,3,1125000,OK,
extended_xl,XL-Synthetic_14_P.png,XL-Synthetic,14,P,png,RGB,1000,1000,3,P02.pdf,pdf,medium,510410,1,375000,SKIP_CAPACITY,Payload exceeds cover capacity at selected LSB depth
extended_xl,XL-Synthetic_14_P.png,XL-Synthetic,14,P,png,RGB,1000,1000,3,P02.pdf,pdf,medium,510410,2,750000,OK,
extended_xl,XL-Synthetic_14_P.png,XL-Synthetic,14,P,png,RGB,1000,1000,3,P02.pdf,pdf,medium,510410,3,1125000,OK,
extended_xl,XL-Synthetic_14_P.png,XL-Synthetic,14,P,png,RGB,1000,1000,3,P02.pdf,pdf,small,16620,1,375000,OK,
extended_xl,XL-Synthetic_14_P.png,XL-Synthetic,14,P,png,RGB,1000,1000,3,P02.pdf,pdf,small,16620,2,750000,OK,
extended_xl,XL-Synthetic_14_P.png,XL-Synthetic,14,P,png,RGB,1000,1000,3,P02.pdf,pdf,small,16620,3,1125000,OK,
extended_xl,XL-Synthetic_14_P.png,XL-Synthetic,14,P,png,RGB,1000,1000,3,P04.pptx,pptx,large,1082610,1,375000,SKIP_CAPACITY,Payload exceeds cover capacity at selected LSB depth
extended_xl,XL-Synthetic_14_P.png,XL-Synthetic,14,P,png,RGB,1000,1000,3,P04.pptx,pptx,large,1082610,2,750000,SKIP_CAPACITY,Payload exceeds cover capacity at selected LSB depth
extended_xl,XL-Synthetic_14_P.png,XL-Synthetic,14,P,png,RGB,1000,1000,3,P04.pptx,pptx,large,1082610,3,1125000,OK,
extended_xl,XL-Synthetic_14_P.png,XL-Synthetic,14,P,png,RGB,1000,1000,3,P04.pptx,pptx,medium,512113,1,375000,SKIP_CAPACITY,Payload exceeds cover capacity at selected LSB depth
extended_xl,XL-Synthetic_14_P.png,XL-Synthetic,14,P,png,RGB,1000,1000,3,P04.pptx,pptx,medium,512113,2,750000,OK,
extended_xl,XL-Synthetic_14_P.png,XL-Synthetic,14,P,png,RGB,1000,1000,3,P04.pptx,pptx,medium,512113,3,1125000,OK,
extended_xl,XL-Synthetic_14_P.png,XL-Synthetic,14,P,png,RGB,1000,1000,3,P04.pptx,pptx,small,32020,1,375000,OK,
extended_xl,XL-Synthetic_14_P.png,XL-Synthetic,14,P,png,RGB,1000,1000,3,P04.pptx,pptx,small,32020,2,750000,OK,
extended_xl,XL-Synthetic_14_P.png,XL-Synthetic,14,P,png,RGB,1000,1000,3,P04.pptx,pptx,small,32020,3,1125000,OK,
extended_xl,XL-Synthetic_14_P.png,XL-Synthetic,14,P,png,RGB,1000,1000,3,P05.rtf,rtf,large,1085026,1,375000,SKIP_CAPACITY,Payload exceeds cover capacity at selected LSB depth
extended_xl,XL-Synthetic_14_P.png,XL-Synthetic,14,P,png,RGB,1000,1000,3,P05.rtf,rtf,large,1085026,2,750000,SKIP_CAPACITY,Payload exceeds cover capacity at selected LSB depth
extended_xl,XL-Synthetic_14_P.png,XL-Synthetic,14,P,png,RGB,1000,1000,3,P05.rtf,rtf,large,1085026,3,1125000,OK,
extended_xl,XL-Synthetic_14_P.png,XL-Synthetic,14,P,png,RGB,1000,1000,3,P05.rtf,rtf,medium,511504,1,375000,SKIP_CAPACITY,Payload exceeds cover capacity at selected LSB depth
extended_xl,XL-Synthetic_14_P.png,XL-Synthetic,14,P,png,RGB,1000,1000,3,P05.rtf,rtf,medium,511504,2,750000,OK,
extended_xl,XL-Synthetic_14_P.png,XL-Synthetic,14,P,png,RGB,1000,1000,3,P05.rtf,rtf,medium,511504,3,1125000,OK,
extended_xl,XL-Synthetic_14_P.png,XL-Synthetic,14,P,png,RGB,1000,1000,3,P05.rtf,rtf,small,50275,1,375000,OK,
extended_xl,XL-Synthetic_14_P.png,XL-Synthetic,14,P,png,RGB,1000,1000,3,P05.rtf,rtf,small,50275,2,750000,OK,
extended_xl,XL-Synthetic_14_P.png,XL-Synthetic,14,P,png,RGB,1000,1000,3,P05.rtf,rtf,small,50275,3,1125000,OK,
extended_xl,XL-Synthetic_14_P.png,XL-Synthetic,14,P,png,RGB,1000,1000,3,P03.xlsx,xlsx,large,1090468,1,375000,SKIP_CAPACITY,Payload exceeds cover capacity at selected LSB depth
extended_xl,XL-Synthetic_14_P.png,XL-Synthetic,14,P,png,RGB,1000,1000,3,P03.xlsx,xlsx,large,1090468,2,750000,SKIP_CAPACITY,Payload exceeds cover capacity at selected LSB depth
extended_xl,XL-Synthetic_14_P.png,XL-Synthetic,14,P,png,RGB,1000,1000,3,P03.xlsx,xlsx,large,1090468,3,1125000,OK,
extended_xl,XL-Synthetic_14_P.png,XL-Synthetic,14,P,png,RGB,1000,1000,3,P03.xlsx,xlsx,medium,511280,1,375000,SKIP_CAPACITY,Payload exceeds cover capacity at selected LSB depth
extended_xl,XL-Synthetic_14_P.png,XL-Synthetic,14,P,png,RGB,1000,1000,3,P03.xlsx,xlsx,medium,511280,2,750000,OK,
extended_xl,XL-Synthetic_14_P.png,XL-Synthetic,14,P,png,RGB,1000,1000,3,P03.xlsx,xlsx,medium,511280,3,1125000,OK,
extended_xl,XL-Synthetic_14_P.png,XL-Synthetic,14,P,png,RGB,1000,1000,3,P03.xlsx,xlsx,small,8899,1,375000,OK,
extended_xl,XL-Synthetic_14_P.png,XL-Synthetic,14,P,png,RGB,1000,1000,3,P03.xlsx,xlsx,small,8899,2,750000,OK,
extended_xl,XL-Synthetic_14_P.png,XL-Synthetic,14,P,png,RGB,1000,1000,3,P03.xlsx,xlsx,small,8899,3,1125000,OK,
extended_xl,XL-Synthetic_15_B.bmp,XL-Synthetic,15,B,bmp,RGB,5926,5926,3,P01.docx,docx,large,1121154,1,13169053,OK,
extended_xl,XL-Synthetic_15_B.bmp,XL-Synthetic,15,B,bmp,RGB,5926,5926,3,P01.docx,docx,large,1121154,2,26338107,OK,
extended_xl,XL-Synthetic_15_B.bmp,XL-Synthetic,15,B,bmp,RGB,5926,5926,3,P01.docx,docx,large,1121154,3,39507160,OK,
extended_xl,XL-Synthetic_15_B.bmp,XL-Synthetic,15,B,bmp,RGB,5926,5926,3,P01.docx,docx,medium,511127,1,13169053,OK,
extended_xl,XL-Synthetic_15_B.bmp,XL-Synthetic,15,B,bmp,RGB,5926,5926,3,P01.docx,docx,medium,511127,2,26338107,OK,
extended_xl,XL-Synthetic_15_B.bmp,XL-Synthetic,15,B,bmp,RGB,5926,5926,3,P01.docx,docx,medium,511127,3,39507160,OK,
extended_xl,XL-Synthetic_15_B.bmp,XL-Synthetic,15,B,bmp,RGB,5926,5926,3,P01.docx,docx,small,13432,1,13169053,OK,
extended_xl,XL-Synthetic_15_B.bmp,XL-Synthetic,15,B,bmp,RGB,5926,5926,3,P01.docx,docx,small,13432,2,26338107,OK,
extended_xl,XL-Synthetic_15_B.bmp,XL-Synthetic,15,B,bmp,RGB,5926,5926,3,P01.docx,docx,small,13432,3,39507160,OK,
extended_xl,XL-Synthetic_15_B.bmp,XL-Synthetic,15,B,bmp,RGB,5926,5926,3,P06.exe,exe,large,1017856,1,13169053,OK,
extended_xl,XL-Synthetic_15_B.bmp,XL-Synthetic,15,B,bmp,RGB,5926,5926,3,P06.exe,exe,large,1017856,2,26338107,OK,
extended_xl,XL-Synthetic_15_B.bmp,XL-Synthetic,15,B,bmp,RGB,5926,5926,3,P06.exe,exe,large,1017856,3,39507160,OK,
extended_xl,XL-Synthetic_15_B.bmp,XL-Synthetic,15,B,bmp,RGB,5926,5926,3,P06.exe,exe,medium,505856,1,13169053,OK,
extended_xl,XL-Synthetic_15_B.bmp,XL-Synthetic,15,B,bmp,RGB,5926,5926,3,P06.exe,exe,medium,505856,2,26338107,OK,
extended_xl,XL-Synthetic_15_B.bmp,XL-Synthetic,15,B,bmp,RGB,5926,5926,3,P06.exe,exe,medium,505856,3,39507160,OK,
extended_xl,XL-Synthetic_15_B.bmp,XL-Synthetic,15,B,bmp,RGB,5926,5926,3,P06.exe,exe,small,40448,1,13169053,OK,
extended_xl,XL-Synthetic_15_B.bmp,XL-Synthetic,15,B,bmp,RGB,5926,5926,3,P06.exe,exe,small,40448,2,26338107,OK,
extended_xl,XL-Synthetic_15_B.bmp,XL-Synthetic,15,B,bmp,RGB,5926,5926,3,P06.exe,exe,small,40448,3,39507160,OK,
extended_xl,XL-Synthetic_15_B.bmp,XL-Synthetic,15,B,bmp,RGB,5926,5926,3,P02.pdf,pdf,large,1100144,1,13169053,OK,
extended_xl,XL-Synthetic_15_B.bmp,XL-Synthetic,15,B,bmp,RGB,5926,5926,3,P02.pdf,pdf,large,1100144,2,26338107,OK,
extended_xl,XL-Synthetic_15_B.bmp,XL-Synthetic,15,B,bmp,RGB,5926,5926,3,P02.pdf,pdf,large,1100144,3,39507160,OK,
extended_xl,XL-Synthetic_15_B.bmp,XL-Synthetic,15,B,bmp,RGB,5926,5926,3,P02.pdf,pdf,medium,510410,1,13169053,OK,
extended_xl,XL-Synthetic_15_B.bmp,XL-Synthetic,15,B,bmp,RGB,5926,5926,3,P02.pdf,pdf,medium,510410,2,26338107,OK,
extended_xl,XL-Synthetic_15_B.bmp,XL-Synthetic,15,B,bmp,RGB,5926,5926,3,P02.pdf,pdf,medium,510410,3,39507160,OK,
extended_xl,XL-Synthetic_15_B.bmp,XL-Synthetic,15,B,bmp,RGB,5926,5926,3,P02.pdf,pdf,small,16620,1,13169053,OK,
extended_xl,XL-Synthetic_15_B.bmp,XL-Synthetic,15,B,bmp,RGB,5926,5926,3,P02.pdf,pdf,small,16620,2,26338107,OK,
extended_xl,XL-Synthetic_15_B.bmp,XL-Synthetic,15,B,bmp,RGB,5926,5926,3,P02.pdf,pdf,small,16620,3,39507160,OK,
extended_xl,XL-Synthetic_15_B.bmp,XL-Synthetic,15,B,bmp,RGB,5926,5926,3,P04.pptx,pptx,large,1082610,1,13169053,OK,
extended_xl,XL-Synthetic_15_B.bmp,XL-Synthetic,15,B,bmp,RGB,5926,5926,3,P04.pptx,pptx,large,1082610,2,26338107,OK,
extended_xl,XL-Synthetic_15_B.bmp,XL-Synthetic,15,B,bmp,RGB,5926,5926,3,P04.pptx,pptx,large,1082610,3,39507160,OK,
extended_xl,XL-Synthetic_15_B.bmp,XL-Synthetic,15,B,bmp,RGB,5926,5926,3,P04.pptx,pptx,medium,512113,1,13169053,OK,
extended_xl,XL-Synthetic_15_B.bmp,XL-Synthetic,15,B,bmp,RGB,5926,5926,3,P04.pptx,pptx,medium,512113,2,26338107,OK,
extended_xl,XL-Synthetic_15_B.bmp,XL-Synthetic,15,B,bmp,RGB,5926,5926,3,P04.pptx,pptx,medium,512113,3,39507160,OK,
extended_xl,XL-Synthetic_15_B.bmp,XL-Synthetic,15,B,bmp,RGB,5926,5926,3,P04.pptx,pptx,small,32020,1,13169053,OK,
extended_xl,XL-Synthetic_15_B.bmp,XL-Synthetic,15,B,bmp,RGB,5926,5926,3,P04.pptx,pptx,small,32020,2,26338107,OK,
extended_xl,XL-Synthetic_15_B.bmp,XL-Synthetic,15,B,bmp,RGB,5926,5926,3,P04.pptx,pptx,small,32020,3,39507160,OK,
extended_xl,XL-Synthetic_15_B.bmp,XL-Synthetic,15,B,bmp,RGB,5926,5926,3,P05.rtf,rtf,large,1085026,1,13169053,OK,
extended_xl,XL-Synthetic_15_B.bmp,XL-Synthetic,15,B,bmp,RGB,5926,5926,3,P05.rtf,rtf,large,1085026,2,26338107,OK,
extended_xl,XL-Synthetic_15_B.bmp,XL-Synthetic,15,B,bmp,RGB,5926,5926,3,P05.rtf,rtf,large,1085026,3,39507160,OK,
extended_xl,XL-Synthetic_15_B.bmp,XL-Synthetic,15,B,bmp,RGB,5926,5926,3,P05.rtf,rtf,medium,511504,1,13169053,OK,
extended_xl,XL-Synthetic_15_B.bmp,XL-Synthetic,15,B,bmp,RGB,5926,5926,3,P05.rtf,rtf,medium,511504,2,26338107,OK,
extended_xl,XL-Synthetic_15_B.bmp,XL-Synthetic,15,B,bmp,RGB,5926,5926,3,P05.rtf,rtf,medium,511504,3,39507160,OK,
extended_xl,XL-Synthetic_15_B.bmp,XL-Synthetic,15,B,bmp,RGB,5926,5926,3,P05.rtf,rtf,small,50275,1,13169053,OK,
extended_xl,XL-Synthetic_15_B.bmp,XL-Synthetic,15,B,bmp,RGB,5926,5926,3,P05.rtf,rtf,small,50275,2,26338107,OK,
extended_xl,XL-Synthetic_15_B.bmp,XL-Synthetic,15,B,bmp,RGB,5926,5926,3,P05.rtf,rtf,small,50275,3,39507160,OK,
extended_xl,XL-Synthetic_15_B.bmp,XL-Synthetic,15,B,bmp,RGB,5926,5926,3,P03.xlsx,xlsx,large,1090468,1,13169053,OK,
extended_xl,XL-Synthetic_15_B.bmp,XL-Synthetic,15,B,bmp,RGB,5926,5926,3,P03.xlsx,xlsx,large,1090468,2,26338107,OK,
extended_xl,XL-Synthetic_15_B.bmp,XL-Synthetic,15,B,bmp,RGB,5926,5926,3,P03.xlsx,xlsx,large,1090468,3,39507160,OK,
extended_xl,XL-Synthetic_15_B.bmp,XL-Synthetic,15,B,bmp,RGB,5926,5926,3,P03.xlsx,xlsx,medium,511280,1,13169053,OK,
extended_xl,XL-Synthetic_15_B.bmp,XL-Synthetic,15,B,bmp,RGB,5926,5926,3,P03.xlsx,xlsx,medium,511280,2,26338107,OK,
extended_xl,XL-Synthetic_15_B.bmp,XL-Synthetic,15,B,bmp,RGB,5926,5926,3,P03.xlsx,xlsx,medium,511280,3,39507160,OK,
extended_xl,XL-Synthetic_15_B.bmp,XL-Synthetic,15,B,bmp,RGB,5926,5926,3,P03.xlsx,xlsx,small,8899,1,13169053,OK,
extended_xl,XL-Synthetic_15_B.bmp,XL-Synthetic,15,B,bmp,RGB,5926,5926,3,P03.xlsx,xlsx,small,8899,2,26338107,OK,
extended_xl,XL-Synthetic_15_B.bmp,XL-Synthetic,15,B,bmp,RGB,5926,5926,3,P03.xlsx,xlsx,small,8899,3,39507160,OK,
extended_xl,XL-Synthetic_15_P.png,XL-Synthetic,15,P,png,RGB,1000,1000,3,P01.docx,docx,large,1121154,1,375000,SKIP_CAPACITY,Payload exceeds cover capacity at selected LSB depth
extended_xl,XL-Synthetic_15_P.png,XL-Synthetic,15,P,png,RGB,1000,1000,3,P01.docx,docx,large,1121154,2,750000,SKIP_CAPACITY,Payload exceeds cover capacity at selected LSB depth
extended_xl,XL-Synthetic_15_P.png,XL-Synthetic,15,P,png,RGB,1000,1000,3,P01.docx,docx,large,1121154,3,1125000,OK,
extended_xl,XL-Synthetic_15_P.png,XL-Synthetic,15,P,png,RGB,1000,1000,3,P01.docx,docx,medium,511127,1,375000,SKIP_CAPACITY,Payload exceeds cover capacity at selected LSB depth
extended_xl,XL-Synthetic_15_P.png,XL-Synthetic,15,P,png,RGB,1000,1000,3,P01.docx,docx,medium,511127,2,750000,OK,
extended_xl,XL-Synthetic_15_P.png,XL-Synthetic,15,P,png,RGB,1000,1000,3,P01.docx,docx,medium,511127,3,1125000,OK,
extended_xl,XL-Synthetic_15_P.png,XL-Synthetic,15,P,png,RGB,1000,1000,3,P01.docx,docx,small,13432,1,375000,OK,
extended_xl,XL-Synthetic_15_P.png,XL-Synthetic,15,P,png,RGB,1000,1000,3,P01.docx,docx,small,13432,2,750000,OK,
extended_xl,XL-Synthetic_15_P.png,XL-Synthetic,15,P,png,RGB,1000,1000,3,P01.docx,docx,small,13432,3,1125000,OK,
extended_xl,XL-Synthetic_15_P.png,XL-Synthetic,15,P,png,RGB,1000,1000,3,P06.exe,exe,large,1017856,1,375000,SKIP_CAPACITY,Payload exceeds cover capacity at selected LSB depth
extended_xl,XL-Synthetic_15_P.png,XL-Synthetic,15,P,png,RGB,1000,1000,3,P06.exe,exe,large,1017856,2,750000,SKIP_CAPACITY,Payload exceeds cover capacity at selected LSB depth
extended_xl,XL-Synthetic_15_P.png,XL-Synthetic,15,P,png,RGB,1000,1000,3,P06.exe,exe,large,1017856,3,1125000,OK,
extended_xl,XL-Synthetic_15_P.png,XL-Synthetic,15,P,png,RGB,1000,1000,3,P06.exe,exe,medium,505856,1,375000,SKIP_CAPACITY,Payload exceeds cover capacity at selected LSB depth
extended_xl,XL-Synthetic_15_P.png,XL-Synthetic,15,P,png,RGB,1000,1000,3,P06.exe,exe,medium,505856,2,750000,OK,
extended_xl,XL-Synthetic_15_P.png,XL-Synthetic,15,P,png,RGB,1000,1000,3,P06.exe,exe,medium,505856,3,1125000,OK,
extended_xl,XL-Synthetic_15_P.png,XL-Synthetic,15,P,png,RGB,1000,1000,3,P06.exe,exe,small,40448,1,375000,OK,
extended_xl,XL-Synthetic_15_P.png,XL-Synthetic,15,P,png,RGB,1000,1000,3,P06.exe,exe,small,40448,2,750000,OK,
extended_xl,XL-Synthetic_15_P.png,XL-Synthetic,15,P,png,RGB,1000,1000,3,P06.exe,exe,small,40448,3,1125000,OK,
extended_xl,XL-Synthetic_15_P.png,XL-Synthetic,15,P,png,RGB,1000,1000,3,P02.pdf,pdf,large,1100144,1,375000,SKIP_CAPACITY,Payload exceeds cover capacity at selected LSB depth
extended_xl,XL-Synthetic_15_P.png,XL-Synthetic,15,P,png,RGB,1000,1000,3,P02.pdf,pdf,large,1100144,2,750000,SKIP_CAPACITY,Payload exceeds cover capacity at selected LSB depth
extended_xl,XL-Synthetic_15_P.png,XL-Synthetic,15,P,png,RGB,1000,1000,3,P02.pdf,pdf,large,1100144,3,1125000,OK,
extended_xl,XL-Synthetic_15_P.png,XL-Synthetic,15,P,png,RGB,1000,1000,3,P02.pdf,pdf,medium,510410,1,375000,SKIP_CAPACITY,Payload exceeds cover capacity at selected LSB depth
extended_xl,XL-Synthetic_15_P.png,XL-Synthetic,15,P,png,RGB,1000,1000,3,P02.pdf,pdf,medium,510410,2,750000,OK,
extended_xl,XL-Synthetic_15_P.png,XL-Synthetic,15,P,png,RGB,1000,1000,3,P02.pdf,pdf,medium,510410,3,1125000,OK,
extended_xl,XL-Synthetic_15_P.png,XL-Synthetic,15,P,png,RGB,1000,1000,3,P02.pdf,pdf,small,16620,1,375000,OK,
extended_xl,XL-Synthetic_15_P.png,XL-Synthetic,15,P,png,RGB,1000,1000,3,P02.pdf,pdf,small,16620,2,750000,OK,
extended_xl,XL-Synthetic_15_P.png,XL-Synthetic,15,P,png,RGB,1000,1000,3,P02.pdf,pdf,small,16620,3,1125000,OK,
extended_xl,XL-Synthetic_15_P.png,XL-Synthetic,15,P,png,RGB,1000,1000,3,P04.pptx,pptx,large,1082610,1,375000,SKIP_CAPACITY,Payload exceeds cover capacity at selected LSB depth
extended_xl,XL-Synthetic_15_P.png,XL-Synthetic,15,P,png,RGB,1000,1000,3,P04.pptx,pptx,large,1082610,2,750000,SKIP_CAPACITY,Payload exceeds cover capacity at selected LSB depth
extended_xl,XL-Synthetic_15_P.png,XL-Synthetic,15,P,png,RGB,1000,1000,3,P04.pptx,pptx,large,1082610,3,1125000,OK,
extended_xl,XL-Synthetic_15_P.png,XL-Synthetic,15,P,png,RGB,1000,1000,3,P04.pptx,pptx,medium,512113,1,375000,SKIP_CAPACITY,Payload exceeds cover capacity at selected LSB depth
extended_xl,XL-Synthetic_15_P.png,XL-Synthetic,15,P,png,RGB,1000,1000,3,P04.pptx,pptx,medium,512113,2,750000,OK,
extended_xl,XL-Synthetic_15_P.png,XL-Synthetic,15,P,png,RGB,1000,1000,3,P04.pptx,pptx,medium,512113,3,1125000,OK,
extended_xl,XL-Synthetic_15_P.png,XL-Synthetic,15,P,png,RGB,1000,1000,3,P04.pptx,pptx,small,32020,1,375000,OK,
extended_xl,XL-Synthetic_15_P.png,XL-Synthetic,15,P,png,RGB,1000,1000,3,P04.pptx,pptx,small,32020,2,750000,OK,
extended_xl,XL-Synthetic_15_P.png,XL-Synthetic,15,P,png,RGB,1000,1000,3,P04.pptx,pptx,small,32020,3,1125000,OK,
extended_xl,XL-Synthetic_15_P.png,XL-Synthetic,15,P,png,RGB,1000,1000,3,P05.rtf,rtf,large,1085026,1,375000,SKIP_CAPACITY,Payload exceeds cover capacity at selected LSB depth
extended_xl,XL-Synthetic_15_P.png,XL-Synthetic,15,P,png,RGB,1000,1000,3,P05.rtf,rtf,large,1085026,2,750000,SKIP_CAPACITY,Payload exceeds cover capacity at selected LSB depth
extended_xl,XL-Synthetic_15_P.png,XL-Synthetic,15,P,png,RGB,1000,1000,3,P05.rtf,rtf,large,1085026,3,1125000,OK,
extended_xl,XL-Synthetic_15_P.png,XL-Synthetic,15,P,png,RGB,1000,1000,3,P05.rtf,rtf,medium,511504,1,375000,SKIP_CAPACITY,Payload exceeds cover capacity at selected LSB depth
extended_xl,XL-Synthetic_15_P.png,XL-Synthetic,15,P,png,RGB,1000,1000,3,P05.rtf,rtf,medium,511504,2,750000,OK,
extended_xl,XL-Synthetic_15_P.png,XL-Synthetic,15,P,png,RGB,1000,1000,3,P05.rtf,rtf,medium,511504,3,1125000,OK,
extended_xl,XL-Synthetic_15_P.png,XL-Synthetic,15,P,png,RGB,1000,1000,3,P05.rtf,rtf,small,50275,1,375000,OK,
extended_xl,XL-Synthetic_15_P.png,XL-Synthetic,15,P,png,RGB,1000,1000,3,P05.rtf,rtf,small,50275,2,750000,OK,
extended_xl,XL-Synthetic_15_P.png,XL-Synthetic,15,P,png,RGB,1000,1000,3,P05.rtf,rtf,small,50275,3,1125000,OK,
extended_xl,XL-Synthetic_15_P.png,XL-Synthetic,15,P,png,RGB,1000,1000,3,P03.xlsx,xlsx,large,1090468,1,375000,SKIP_CAPACITY,Payload exceeds cover capacity at selected LSB depth
extended_xl,XL-Synthetic_15_P.png,XL-Synthetic,15,P,png,RGB,1000,1000,3,P03.xlsx,xlsx,large,1090468,2,750000,SKIP_CAPACITY,Payload exceeds cover capacity at selected LSB depth
extended_xl,XL-Synthetic_15_P.png,XL-Synthetic,15,P,png,RGB,1000,1000,3,P03.xlsx,xlsx,large,1090468,3,1125000,OK,
extended_xl,XL-Synthetic_15_P.png,XL-Synthetic,15,P,png,RGB,1000,1000,3,P03.xlsx,xlsx,medium,511280,1,375000,SKIP_CAPACITY,Payload exceeds cover capacity at selected LSB depth
extended_xl,XL-Synthetic_15_P.png,XL-Synthetic,15,P,png,RGB,1000,1000,3,P03.xlsx,xlsx,medium,511280,2,750000,OK,
extended_xl,XL-Synthetic_15_P.png,XL-Synthetic,15,P,png,RGB,1000,1000,3,P03.xlsx,xlsx,medium,511280,3,1125000,OK,
extended_xl,XL-Synthetic_15_P.png,XL-Synthetic,15,P,png,RGB,1000,1000,3,P03.xlsx,xlsx,small,8899,1,375000,OK,
extended_xl,XL-Synthetic_15_P.png,XL-Synthetic,15,P,png,RGB,1000,1000,3,P03.xlsx,xlsx,small,8899,2,750000,OK,
extended_xl,XL-Synthetic_15_P.png,XL-Synthetic,15,P,png,RGB,1000,1000,3,P03.xlsx,xlsx,small,8899,3,1125000,OK,
extended_xl,XL-Synthetic_1_B.bmp,XL-Synthetic,1,B,bmp,RGB,2234,2234,3,P01.docx,docx,large,1121154,1,1871533,OK,
extended_xl,XL-Synthetic_1_B.bmp,XL-Synthetic,1,B,bmp,RGB,2234,2234,3,P01.docx,docx,large,1121154,2,3743067,OK,
extended_xl,XL-Synthetic_1_B.bmp,XL-Synthetic,1,B,bmp,RGB,2234,2234,3,P01.docx,docx,large,1121154,3,5614600,OK,
extended_xl,XL-Synthetic_1_B.bmp,XL-Synthetic,1,B,bmp,RGB,2234,2234,3,P01.docx,docx,medium,511127,1,1871533,OK,
extended_xl,XL-Synthetic_1_B.bmp,XL-Synthetic,1,B,bmp,RGB,2234,2234,3,P01.docx,docx,medium,511127,2,3743067,OK,
extended_xl,XL-Synthetic_1_B.bmp,XL-Synthetic,1,B,bmp,RGB,2234,2234,3,P01.docx,docx,medium,511127,3,5614600,OK,
extended_xl,XL-Synthetic_1_B.bmp,XL-Synthetic,1,B,bmp,RGB,2234,2234,3,P01.docx,docx,small,13432,1,1871533,OK,
extended_xl,XL-Synthetic_1_B.bmp,XL-Synthetic,1,B,bmp,RGB,2234,2234,3,P01.docx,docx,small,13432,2,3743067,OK,
extended_xl,XL-Synthetic_1_B.bmp,XL-Synthetic,1,B,bmp,RGB,2234,2234,3,P01.docx,docx,small,13432,3,5614600,OK,
extended_xl,XL-Synthetic_1_B.bmp,XL-Synthetic,1,B,bmp,RGB,2234,2234,3,P06.exe,exe,large,1017856,1,1871533,OK,
extended_xl,XL-Synthetic_1_B.bmp,XL-Synthetic,1,B,bmp,RGB,2234,2234,3,P06.exe,exe,large,1017856,2,3743067,OK,
extended_xl,XL-Synthetic_1_B.bmp,XL-Synthetic,1,B,bmp,RGB,2234,2234,3,P06.exe,exe,large,1017856,3,5614600,OK,
extended_xl,XL-Synthetic_1_B.bmp,XL-Synthetic,1,B,bmp,RGB,2234,2234,3,P06.exe,exe,medium,505856,1,1871533,OK,
extended_xl,XL-Synthetic_1_B.bmp,XL-Synthetic,1,B,bmp,RGB,2234,2234,3,P06.exe,exe,medium,505856,2,3743067,OK,
extended_xl,XL-Synthetic_1_B.bmp,XL-Synthetic,1,B,bmp,RGB,2234,2234,3,P06.exe,exe,medium,505856,3,5614600,OK,
extended_xl,XL-Synthetic_1_B.bmp,XL-Synthetic,1,B,bmp,RGB,2234,2234,3,P06.exe,exe,small,40448,1,1871533,OK,
extended_xl,XL-Synthetic_1_B.bmp,XL-Synthetic,1,B,bmp,RGB,2234,2234,3,P06.exe,exe,small,40448,2,3743067,OK,
extended_xl,XL-Synthetic_1_B.bmp,XL-Synthetic,1,B,bmp,RGB,2234,2234,3,P06.exe,exe,small,40448,3,5614600,OK,
extended_xl,XL-Synthetic_1_B.bmp,XL-Synthetic,1,B,bmp,RGB,2234,2234,3,P02.pdf,pdf,large,1100144,1,1871533,OK,
extended_xl,XL-Synthetic_1_B.bmp,XL-Synthetic,1,B,bmp,RGB,2234,2234,3,P02.pdf,pdf,large,1100144,2,3743067,OK,
extended_xl,XL-Synthetic_1_B.bmp,XL-Synthetic,1,B,bmp,RGB,2234,2234,3,P02.pdf,pdf,large,1100144,3,5614600,OK,
extended_xl,XL-Synthetic_1_B.bmp,XL-Synthetic,1,B,bmp,RGB,2234,2234,3,P02.pdf,pdf,medium,510410,1,1871533,OK,
extended_xl,XL-Synthetic_1_B.bmp,XL-Synthetic,1,B,bmp,RGB,2234,2234,3,P02.pdf,pdf,medium,510410,2,3743067,OK,
extended_xl,XL-Synthetic_1_B.bmp,XL-Synthetic,1,B,bmp,RGB,2234,2234,3,P02.pdf,pdf,medium,510410,3,5614600,OK,
extended_xl,XL-Synthetic_1_B.bmp,XL-Synthetic,1,B,bmp,RGB,2234,2234,3,P02.pdf,pdf,small,16620,1,1871533,OK,
extended_xl,XL-Synthetic_1_B.bmp,XL-Synthetic,1,B,bmp,RGB,2234,2234,3,P02.pdf,pdf,small,16620,2,3743067,OK,
extended_xl,XL-Synthetic_1_B.bmp,XL-Synthetic,1,B,bmp,RGB,2234,2234,3,P02.pdf,pdf,small,16620,3,5614600,OK,
extended_xl,XL-Synthetic_1_B.bmp,XL-Synthetic,1,B,bmp,RGB,2234,2234,3,P04.pptx,pptx,large,1082610,1,1871533,OK,
extended_xl,XL-Synthetic_1_B.bmp,XL-Synthetic,1,B,bmp,RGB,2234,2234,3,P04.pptx,pptx,large,1082610,2,3743067,OK,
extended_xl,XL-Synthetic_1_B.bmp,XL-Synthetic,1,B,bmp,RGB,2234,2234,3,P04.pptx,pptx,large,1082610,3,5614600,OK,
extended_xl,XL-Synthetic_1_B.bmp,XL-Synthetic,1,B,bmp,RGB,2234,2234,3,P04.pptx,pptx,medium,512113,1,1871533,OK,
extended_xl,XL-Synthetic_1_B.bmp,XL-Synthetic,1,B,bmp,RGB,2234,2234,3,P04.pptx,pptx,medium,512113,2,3743067,OK,
extended_xl,XL-Synthetic_1_B.bmp,XL-Synthetic,1,B,bmp,RGB,2234,2234,3,P04.pptx,pptx,medium,512113,3,5614600,OK,
extended_xl,XL-Synthetic_1_B.bmp,XL-Synthetic,1,B,bmp,RGB,2234,2234,3,P04.pptx,pptx,small,32020,1,1871533,OK,
extended_xl,XL-Synthetic_1_B.bmp,XL-Synthetic,1,B,bmp,RGB,2234,2234,3,P04.pptx,pptx,small,32020,2,3743067,OK,
extended_xl,XL-Synthetic_1_B.bmp,XL-Synthetic,1,B,bmp,RGB,2234,2234,3,P04.pptx,pptx,small,32020,3,5614600,OK,
extended_xl,XL-Synthetic_1_B.bmp,XL-Synthetic,1,B,bmp,RGB,2234,2234,3,P05.rtf,rtf,large,1085026,1,1871533,OK,
extended_xl,XL-Synthetic_1_B.bmp,XL-Synthetic,1,B,bmp,RGB,2234,2234,3,P05.rtf,rtf,large,1085026,2,3743067,OK,
extended_xl,XL-Synthetic_1_B.bmp,XL-Synthetic,1,B,bmp,RGB,2234,2234,3,P05.rtf,rtf,large,1085026,3,5614600,OK,
extended_xl,XL-Synthetic_1_B.bmp,XL-Synthetic,1,B,bmp,RGB,2234,2234,3,P05.rtf,rtf,medium,511504,1,1871533,OK,
extended_xl,XL-Synthetic_1_B.bmp,XL-Synthetic,1,B,bmp,RGB,2234,2234,3,P05.rtf,rtf,medium,511504,2,3743067,OK,
extended_xl,XL-Synthetic_1_B.bmp,XL-Synthetic,1,B,bmp,RGB,2234,2234,3,P05.rtf,rtf,medium,511504,3,5614600,OK,
extended_xl,XL-Synthetic_1_B.bmp,XL-Synthetic,1,B,bmp,RGB,2234,2234,3,P05.rtf,rtf,small,50275,1,1871533,OK,
extended_xl,XL-Synthetic_1_B.bmp,XL-Synthetic,1,B,bmp,RGB,2234,2234,3,P05.rtf,rtf,small,50275,2,3743067,OK,
extended_xl,XL-Synthetic_1_B.bmp,XL-Synthetic,1,B,bmp,RGB,2234,2234,3,P05.rtf,rtf,small,50275,3,5614600,OK,
extended_xl,XL-Synthetic_1_B.bmp,XL-Synthetic,1,B,bmp,RGB,2234,2234,3,P03.xlsx,xlsx,large,1090468,1,1871533,OK,
extended_xl,XL-Synthetic_1_B.bmp,XL-Synthetic,1,B,bmp,RGB,2234,2234,3,P03.xlsx,xlsx,large,1090468,2,3743067,OK,
extended_xl,XL-Synthetic_1_B.bmp,XL-Synthetic,1,B,bmp,RGB,2234,2234,3,P03.xlsx,xlsx,large,1090468,3,5614600,OK,
extended_xl,XL-Synthetic_1_B.bmp,XL-Synthetic,1,B,bmp,RGB,2234,2234,3,P03.xlsx,xlsx,medium,511280,1,1871533,OK,
extended_xl,XL-Synthetic_1_B.bmp,XL-Synthetic,1,B,bmp,RGB,2234,2234,3,P03.xlsx,xlsx,medium,511280,2,3743067,OK,
extended_xl,XL-Synthetic_1_B.bmp,XL-Synthetic,1,B,bmp,RGB,2234,2234,3,P03.xlsx,xlsx,medium,511280,3,5614600,OK,
extended_xl,XL-Synthetic_1_B.bmp,XL-Synthetic,1,B,bmp,RGB,2234,2234,3,P03.xlsx,xlsx,small,8899,1,1871533,OK,
extended_xl,XL-Synthetic_1_B.bmp,XL-Synthetic,1,B,bmp,RGB,2234,2234,3,P03.xlsx,xlsx,small,8899,2,3743067,OK,
extended_xl,XL-Synthetic_1_B.bmp,XL-Synthetic,1,B,bmp,RGB,2234,2234,3,P03.xlsx,xlsx,small,8899,3,5614600,OK,
extended_xl,XL-Synthetic_1_P.png,XL-Synthetic,1,P,png,RGB,1000,1000,3,P01.docx,docx,large,1121154,1,375000,SKIP_CAPACITY,Payload exceeds cover capacity at selected LSB depth
extended_xl,XL-Synthetic_1_P.png,XL-Synthetic,1,P,png,RGB,1000,1000,3,P01.docx,docx,large,1121154,2,750000,SKIP_CAPACITY,Payload exceeds cover capacity at selected LSB depth
extended_xl,XL-Synthetic_1_P.png,XL-Synthetic,1,P,png,RGB,1000,1000,3,P01.docx,docx,large,1121154,3,1125000,OK,
extended_xl,XL-Synthetic_1_P.png,XL-Synthetic,1,P,png,RGB,1000,1000,3,P01.docx,docx,medium,511127,1,375000,SKIP_CAPACITY,Payload exceeds cover capacity at selected LSB depth
extended_xl,XL-Synthetic_1_P.png,XL-Synthetic,1,P,png,RGB,1000,1000,3,P01.docx,docx,medium,511127,2,750000,OK,
extended_xl,XL-Synthetic_1_P.png,XL-Synthetic,1,P,png,RGB,1000,1000,3,P01.docx,docx,medium,511127,3,1125000,OK,
extended_xl,XL-Synthetic_1_P.png,XL-Synthetic,1,P,png,RGB,1000,1000,3,P01.docx,docx,small,13432,1,375000,OK,
extended_xl,XL-Synthetic_1_P.png,XL-Synthetic,1,P,png,RGB,1000,1000,3,P01.docx,docx,small,13432,2,750000,OK,
extended_xl,XL-Synthetic_1_P.png,XL-Synthetic,1,P,png,RGB,1000,1000,3,P01.docx,docx,small,13432,3,1125000,OK,
extended_xl,XL-Synthetic_1_P.png,XL-Synthetic,1,P,png,RGB,1000,1000,3,P06.exe,exe,large,1017856,1,375000,SKIP_CAPACITY,Payload exceeds cover capacity at selected LSB depth
extended_xl,XL-Synthetic_1_P.png,XL-Synthetic,1,P,png,RGB,1000,1000,3,P06.exe,exe,large,1017856,2,750000,SKIP_CAPACITY,Payload exceeds cover capacity at selected LSB depth
extended_xl,XL-Synthetic_1_P.png,XL-Synthetic,1,P,png,RGB,1000,1000,3,P06.exe,exe,large,1017856,3,1125000,OK,
extended_xl,XL-Synthetic_1_P.png,XL-Synthetic,1,P,png,RGB,1000,1000,3,P06.exe,exe,medium,505856,1,375000,SKIP_CAPACITY,Payload exceeds cover capacity at selected LSB depth
extended_xl,XL-Synthetic_1_P.png,XL-Synthetic,1,P,png,RGB,1000,1000,3,P06.exe,exe,medium,505856,2,750000,OK,
extended_xl,XL-Synthetic_1_P.png,XL-Synthetic,1,P,png,RGB,1000,1000,3,P06.exe,exe,medium,505856,3,1125000,OK,
extended_xl,XL-Synthetic_1_P.png,XL-Synthetic,1,P,png,RGB,1000,1000,3,P06.exe,exe,small,40448,1,375000,OK,
extended_xl,XL-Synthetic_1_P.png,XL-Synthetic,1,P,png,RGB,1000,1000,3,P06.exe,exe,small,40448,2,750000,OK,
extended_xl,XL-Synthetic_1_P.png,XL-Synthetic,1,P,png,RGB,1000,1000,3,P06.exe,exe,small,40448,3,1125000,OK,
extended_xl,XL-Synthetic_1_P.png,XL-Synthetic,1,P,png,RGB,1000,1000,3,P02.pdf,pdf,large,1100144,1,375000,SKIP_CAPACITY,Payload exceeds cover capacity at selected LSB depth
extended_xl,XL-Synthetic_1_P.png,XL-Synthetic,1,P,png,RGB,1000,1000,3,P02.pdf,pdf,large,1100144,2,750000,SKIP_CAPACITY,Payload exceeds cover capacity at selected LSB depth
extended_xl,XL-Synthetic_1_P.png,XL-Synthetic,1,P,png,RGB,1000,1000,3,P02.pdf,pdf,large,1100144,3,1125000,OK,
extended_xl,XL-Synthetic_1_P.png,XL-Synthetic,1,P,png,RGB,1000,1000,3,P02.pdf,pdf,medium,510410,1,375000,SKIP_CAPACITY,Payload exceeds cover capacity at selected LSB depth
extended_xl,XL-Synthetic_1_P.png,XL-Synthetic,1,P,png,RGB,1000,1000,3,P02.pdf,pdf,medium,510410,2,750000,OK,
extended_xl,XL-Synthetic_1_P.png,XL-Synthetic,1,P,png,RGB,1000,1000,3,P02.pdf,pdf,medium,510410,3,1125000,OK,
extended_xl,XL-Synthetic_1_P.png,XL-Synthetic,1,P,png,RGB,1000,1000,3,P02.pdf,pdf,small,16620,1,375000,OK,
extended_xl,XL-Synthetic_1_P.png,XL-Synthetic,1,P,png,RGB,1000,1000,3,P02.pdf,pdf,small,16620,2,750000,OK,
extended_xl,XL-Synthetic_1_P.png,XL-Synthetic,1,P,png,RGB,1000,1000,3,P02.pdf,pdf,small,16620,3,1125000,OK,
extended_xl,XL-Synthetic_1_P.png,XL-Synthetic,1,P,png,RGB,1000,1000,3,P04.pptx,pptx,large,1082610,1,375000,SKIP_CAPACITY,Payload exceeds cover capacity at selected LSB depth
extended_xl,XL-Synthetic_1_P.png,XL-Synthetic,1,P,png,RGB,1000,1000,3,P04.pptx,pptx,large,1082610,2,750000,SKIP_CAPACITY,Payload exceeds cover capacity at selected LSB depth
extended_xl,XL-Synthetic_1_P.png,XL-Synthetic,1,P,png,RGB,1000,1000,3,P04.pptx,pptx,large,1082610,3,1125000,OK,
extended_xl,XL-Synthetic_1_P.png,XL-Synthetic,1,P,png,RGB,1000,1000,3,P04.pptx,pptx,medium,512113,1,375000,SKIP_CAPACITY,Payload exceeds cover capacity at selected LSB depth
extended_xl,XL-Synthetic_1_P.png,XL-Synthetic,1,P,png,RGB,1000,1000,3,P04.pptx,pptx,medium,512113,2,750000,OK,
extended_xl,XL-Synthetic_1_P.png,XL-Synthetic,1,P,png,RGB,1000,1000,3,P04.pptx,pptx,medium,512113,3,1125000,OK,
extended_xl,XL-Synthetic_1_P.png,XL-Synthetic,1,P,png,RGB,1000,1000,3,P04.pptx,pptx,small,32020,1,375000,OK,
extended_xl,XL-Synthetic_1_P.png,XL-Synthetic,1,P,png,RGB,1000,1000,3,P04.pptx,pptx,small,32020,2,750000,OK,
extended_xl,XL-Synthetic_1_P.png,XL-Synthetic,1,P,png,RGB,1000,1000,3,P04.pptx,pptx,small,32020,3,1125000,OK,
extended_xl,XL-Synthetic_1_P.png,XL-Synthetic,1,P,png,RGB,1000,1000,3,P05.rtf,rtf,large,1085026,1,375000,SKIP_CAPACITY,Payload exceeds cover capacity at selected LSB depth
extended_xl,XL-Synthetic_1_P.png,XL-Synthetic,1,P,png,RGB,1000,1000,3,P05.rtf,rtf,large,1085026,2,750000,SKIP_CAPACITY,Payload exceeds cover capacity at selected LSB depth
extended_xl,XL-Synthetic_1_P.png,XL-Synthetic,1,P,png,RGB,1000,1000,3,P05.rtf,rtf,large,1085026,3,1125000,OK,
extended_xl,XL-Synthetic_1_P.png,XL-Synthetic,1,P,png,RGB,1000,1000,3,P05.rtf,rtf,medium,511504,1,375000,SKIP_CAPACITY,Payload exceeds cover capacity at selected LSB depth
extended_xl,XL-Synthetic_1_P.png,XL-Synthetic,1,P,png,RGB,1000,1000,3,P05.rtf,rtf,medium,511504,2,750000,OK,
extended_xl,XL-Synthetic_1_P.png,XL-Synthetic,1,P,png,RGB,1000,1000,3,P05.rtf,rtf,medium,511504,3,1125000,OK,
extended_xl,XL-Synthetic_1_P.png,XL-Synthetic,1,P,png,RGB,1000,1000,3,P05.rtf,rtf,small,50275,1,375000,OK,
extended_xl,XL-Synthetic_1_P.png,XL-Synthetic,1,P,png,RGB,1000,1000,3,P05.rtf,rtf,small,50275,2,750000,OK,
extended_xl,XL-Synthetic_1_P.png,XL-Synthetic,1,P,png,RGB,1000,1000,3,P05.rtf,rtf,small,50275,3,1125000,OK,
extended_xl,XL-Synthetic_1_P.png,XL-Synthetic,1,P,png,RGB,1000,1000,3,P03.xlsx,xlsx,large,1090468,1,375000,SKIP_CAPACITY,Payload exceeds cover capacity at selected LSB depth
extended_xl,XL-Synthetic_1_P.png,XL-Synthetic,1,P,png,RGB,1000,1000,3,P03.xlsx,xlsx,large,1090468,2,750000,SKIP_CAPACITY,Payload exceeds cover capacity at selected LSB depth
extended_xl,XL-Synthetic_1_P.png,XL-Synthetic,1,P,png,RGB,1000,1000,3,P03.xlsx,xlsx,large,1090468,3,1125000,OK,
extended_xl,XL-Synthetic_1_P.png,XL-Synthetic,1,P,png,RGB,1000,1000,3,P03.xlsx,xlsx,medium,511280,1,375000,SKIP_CAPACITY,Payload exceeds cover capacity at selected LSB depth
extended_xl,XL-Synthetic_1_P.png,XL-Synthetic,1,P,png,RGB,1000,1000,3,P03.xlsx,xlsx,medium,511280,2,750000,OK,
extended_xl,XL-Synthetic_1_P.png,XL-Synthetic,1,P,png,RGB,1000,1000,3,P03.xlsx,xlsx,medium,511280,3,1125000,OK,
extended_xl,XL-Synthetic_1_P.png,XL-Synthetic,1,P,png,RGB,1000,1000,3,P03.xlsx,xlsx,small,8899,1,375000,OK,
extended_xl,XL-Synthetic_1_P.png,XL-Synthetic,1,P,png,RGB,1000,1000,3,P03.xlsx,xlsx,small,8899,2,750000,OK,
extended_xl,XL-Synthetic_1_P.png,XL-Synthetic,1,P,png,RGB,1000,1000,3,P03.xlsx,xlsx,small,8899,3,1125000,OK,
extended_xl,XL-Synthetic_2_B.bmp,XL-Synthetic,2,B,bmp,RGB,2311,2311,3,P01.docx,docx,large,1121154,1,2002770,OK,
extended_xl,XL-Synthetic_2_B.bmp,XL-Synthetic,2,B,bmp,RGB,2311,2311,3,P01.docx,docx,large,1121154,2,4005540,OK,
extended_xl,XL-Synthetic_2_B.bmp,XL-Synthetic,2,B,bmp,RGB,2311,2311,3,P01.docx,docx,large,1121154,3,6008311,OK,
extended_xl,XL-Synthetic_2_B.bmp,XL-Synthetic,2,B,bmp,RGB,2311,2311,3,P01.docx,docx,medium,511127,1,2002770,OK,
extended_xl,XL-Synthetic_2_B.bmp,XL-Synthetic,2,B,bmp,RGB,2311,2311,3,P01.docx,docx,medium,511127,2,4005540,OK,
extended_xl,XL-Synthetic_2_B.bmp,XL-Synthetic,2,B,bmp,RGB,2311,2311,3,P01.docx,docx,medium,511127,3,6008311,OK,
extended_xl,XL-Synthetic_2_B.bmp,XL-Synthetic,2,B,bmp,RGB,2311,2311,3,P01.docx,docx,small,13432,1,2002770,OK,
extended_xl,XL-Synthetic_2_B.bmp,XL-Synthetic,2,B,bmp,RGB,2311,2311,3,P01.docx,docx,small,13432,2,4005540,OK,
extended_xl,XL-Synthetic_2_B.bmp,XL-Synthetic,2,B,bmp,RGB,2311,2311,3,P01.docx,docx,small,13432,3,6008311,OK,
extended_xl,XL-Synthetic_2_B.bmp,XL-Synthetic,2,B,bmp,RGB,2311,2311,3,P06.exe,exe,large,1017856,1,2002770,OK,
extended_xl,XL-Synthetic_2_B.bmp,XL-Synthetic,2,B,bmp,RGB,2311,2311,3,P06.exe,exe,large,1017856,2,4005540,OK,
extended_xl,XL-Synthetic_2_B.bmp,XL-Synthetic,2,B,bmp,RGB,2311,2311,3,P06.exe,exe,large,1017856,3,6008311,OK,
extended_xl,XL-Synthetic_2_B.bmp,XL-Synthetic,2,B,bmp,RGB,2311,2311,3,P06.exe,exe,medium,505856,1,2002770,OK,
extended_xl,XL-Synthetic_2_B.bmp,XL-Synthetic,2,B,bmp,RGB,2311,2311,3,P06.exe,exe,medium,505856,2,4005540,OK,
extended_xl,XL-Synthetic_2_B.bmp,XL-Synthetic,2,B,bmp,RGB,2311,2311,3,P06.exe,exe,medium,505856,3,6008311,OK,
extended_xl,XL-Synthetic_2_B.bmp,XL-Synthetic,2,B,bmp,RGB,2311,2311,3,P06.exe,exe,small,40448,1,2002770,OK,
extended_xl,XL-Synthetic_2_B.bmp,XL-Synthetic,2,B,bmp,RGB,2311,2311,3,P06.exe,exe,small,40448,2,4005540,OK,
extended_xl,XL-Synthetic_2_B.bmp,XL-Synthetic,2,B,bmp,RGB,2311,2311,3,P06.exe,exe,small,40448,3,6008311,OK,
extended_xl,XL-Synthetic_2_B.bmp,XL-Synthetic,2,B,bmp,RGB,2311,2311,3,P02.pdf,pdf,large,1100144,1,2002770,OK,
extended_xl,XL-Synthetic_2_B.bmp,XL-Synthetic,2,B,bmp,RGB,2311,2311,3,P02.pdf,pdf,large,1100144,2,4005540,OK,
extended_xl,XL-Synthetic_2_B.bmp,XL-Synthetic,2,B,bmp,RGB,2311,2311,3,P02.pdf,pdf,large,1100144,3,6008311,OK,
extended_xl,XL-Synthetic_2_B.bmp,XL-Synthetic,2,B,bmp,RGB,2311,2311,3,P02.pdf,pdf,medium,510410,1,2002770,OK,
extended_xl,XL-Synthetic_2_B.bmp,XL-Synthetic,2,B,bmp,RGB,2311,2311,3,P02.pdf,pdf,medium,510410,2,4005540,OK,
extended_xl,XL-Synthetic_2_B.bmp,XL-Synthetic,2,B,bmp,RGB,2311,2311,3,P02.pdf,pdf,medium,510410,3,6008311,OK,
extended_xl,XL-Synthetic_2_B.bmp,XL-Synthetic,2,B,bmp,RGB,2311,2311,3,P02.pdf,pdf,small,16620,1,2002770,OK,
extended_xl,XL-Synthetic_2_B.bmp,XL-Synthetic,2,B,bmp,RGB,2311,2311,3,P02.pdf,pdf,small,16620,2,4005540,OK,
extended_xl,XL-Synthetic_2_B.bmp,XL-Synthetic,2,B,bmp,RGB,2311,2311,3,P02.pdf,pdf,small,16620,3,6008311,OK,
extended_xl,XL-Synthetic_2_B.bmp,XL-Synthetic,2,B,bmp,RGB,2311,2311,3,P04.pptx,pptx,large,1082610,1,2002770,OK,
extended_xl,XL-Synthetic_2_B.bmp,XL-Synthetic,2,B,bmp,RGB,2311,2311,3,P04.pptx,pptx,large,1082610,2,4005540,OK,
extended_xl,XL-Synthetic_2_B.bmp,XL-Synthetic,2,B,bmp,RGB,2311,2311,3,P04.pptx,pptx,large,1082610,3,6008311,OK,
extended_xl,XL-Synthetic_2_B.bmp,XL-Synthetic,2,B,bmp,RGB,2311,2311,3,P04.pptx,pptx,medium,512113,1,2002770,OK,
extended_xl,XL-Synthetic_2_B.bmp,XL-Synthetic,2,B,bmp,RGB,2311,2311,3,P04.pptx,pptx,medium,512113,2,4005540,OK,
extended_xl,XL-Synthetic_2_B.bmp,XL-Synthetic,2,B,bmp,RGB,2311,2311,3,P04.pptx,pptx,medium,512113,3,6008311,OK,
extended_xl,XL-Synthetic_2_B.bmp,XL-Synthetic,2,B,bmp,RGB,2311,2311,3,P04.pptx,pptx,small,32020,1,2002770,OK,
extended_xl,XL-Synthetic_2_B.bmp,XL-Synthetic,2,B,bmp,RGB,2311,2311,3,P04.pptx,pptx,small,32020,2,4005540,OK,
extended_xl,XL-Synthetic_2_B.bmp,XL-Synthetic,2,B,bmp,RGB,2311,2311,3,P04.pptx,pptx,small,32020,3,6008311,OK,
extended_xl,XL-Synthetic_2_B.bmp,XL-Synthetic,2,B,bmp,RGB,2311,2311,3,P05.rtf,rtf,large,1085026,1,2002770,OK,
extended_xl,XL-Synthetic_2_B.bmp,XL-Synthetic,2,B,bmp,RGB,2311,2311,3,P05.rtf,rtf,large,1085026,2,4005540,OK,
extended_xl,XL-Synthetic_2_B.bmp,XL-Synthetic,2,B,bmp,RGB,2311,2311,3,P05.rtf,rtf,large,1085026,3,6008311,OK,
extended_xl,XL-Synthetic_2_B.bmp,XL-Synthetic,2,B,bmp,RGB,2311,2311,3,P05.rtf,rtf,medium,511504,1,2002770,OK,
extended_xl,XL-Synthetic_2_B.bmp,XL-Synthetic,2,B,bmp,RGB,2311,2311,3,P05.rtf,rtf,medium,511504,2,4005540,OK,
extended_xl,XL-Synthetic_2_B.bmp,XL-Synthetic,2,B,bmp,RGB,2311,2311,3,P05.rtf,rtf,medium,511504,3,6008311,OK,
extended_xl,XL-Synthetic_2_B.bmp,XL-Synthetic,2,B,bmp,RGB,2311,2311,3,P05.rtf,rtf,small,50275,1,2002770,OK,
extended_xl,XL-Synthetic_2_B.bmp,XL-Synthetic,2,B,bmp,RGB,2311,2311,3,P05.rtf,rtf,small,50275,2,4005540,OK,
extended_xl,XL-Synthetic_2_B.bmp,XL-Synthetic,2,B,bmp,RGB,2311,2311,3,P05.rtf,rtf,small,50275,3,6008311,OK,
extended_xl,XL-Synthetic_2_B.bmp,XL-Synthetic,2,B,bmp,RGB,2311,2311,3,P03.xlsx,xlsx,large,1090468,1,2002770,OK,
extended_xl,XL-Synthetic_2_B.bmp,XL-Synthetic,2,B,bmp,RGB,2311,2311,3,P03.xlsx,xlsx,large,1090468,2,4005540,OK,
extended_xl,XL-Synthetic_2_B.bmp,XL-Synthetic,2,B,bmp,RGB,2311,2311,3,P03.xlsx,xlsx,large,1090468,3,6008311,OK,
extended_xl,XL-Synthetic_2_B.bmp,XL-Synthetic,2,B,bmp,RGB,2311,2311,3,P03.xlsx,xlsx,medium,511280,1,2002770,OK,
extended_xl,XL-Synthetic_2_B.bmp,XL-Synthetic,2,B,bmp,RGB,2311,2311,3,P03.xlsx,xlsx,medium,511280,2,4005540,OK,
extended_xl,XL-Synthetic_2_B.bmp,XL-Synthetic,2,B,bmp,RGB,2311,2311,3,P03.xlsx,xlsx,medium,511280,3,6008311,OK,
extended_xl,XL-Synthetic_2_B.bmp,XL-Synthetic,2,B,bmp,RGB,2311,2311,3,P03.xlsx,xlsx,small,8899,1,2002770,OK,
extended_xl,XL-Synthetic_2_B.bmp,XL-Synthetic,2,B,bmp,RGB,2311,2311,3,P03.xlsx,xlsx,small,8899,2,4005540,OK,
extended_xl,XL-Synthetic_2_B.bmp,XL-Synthetic,2,B,bmp,RGB,2311,2311,3,P03.xlsx,xlsx,small,8899,3,6008311,OK,
extended_xl,XL-Synthetic_2_P.png,XL-Synthetic,2,P,png,RGB,1000,1000,3,P01.docx,docx,large,1121154,1,375000,SKIP_CAPACITY,Payload exceeds cover capacity at selected LSB depth
extended_xl,XL-Synthetic_2_P.png,XL-Synthetic,2,P,png,RGB,1000,1000,3,P01.docx,docx,large,1121154,2,750000,SKIP_CAPACITY,Payload exceeds cover capacity at selected LSB depth
extended_xl,XL-Synthetic_2_P.png,XL-Synthetic,2,P,png,RGB,1000,1000,3,P01.docx,docx,large,1121154,3,1125000,OK,
extended_xl,XL-Synthetic_2_P.png,XL-Synthetic,2,P,png,RGB,1000,1000,3,P01.docx,docx,medium,511127,1,375000,SKIP_CAPACITY,Payload exceeds cover capacity at selected LSB depth
extended_xl,XL-Synthetic_2_P.png,XL-Synthetic,2,P,png,RGB,1000,1000,3,P01.docx,docx,medium,511127,2,750000,OK,
extended_xl,XL-Synthetic_2_P.png,XL-Synthetic,2,P,png,RGB,1000,1000,3,P01.docx,docx,medium,511127,3,1125000,OK,
extended_xl,XL-Synthetic_2_P.png,XL-Synthetic,2,P,png,RGB,1000,1000,3,P01.docx,docx,small,13432,1,375000,OK,
extended_xl,XL-Synthetic_2_P.png,XL-Synthetic,2,P,png,RGB,1000,1000,3,P01.docx,docx,small,13432,2,750000,OK,
extended_xl,XL-Synthetic_2_P.png,XL-Synthetic,2,P,png,RGB,1000,1000,3,P01.docx,docx,small,13432,3,1125000,OK,
extended_xl,XL-Synthetic_2_P.png,XL-Synthetic,2,P,png,RGB,1000,1000,3,P06.exe,exe,large,1017856,1,375000,SKIP_CAPACITY,Payload exceeds cover capacity at selected LSB depth
extended_xl,XL-Synthetic_2_P.png,XL-Synthetic,2,P,png,RGB,1000,1000,3,P06.exe,exe,large,1017856,2,750000,SKIP_CAPACITY,Payload exceeds cover capacity at selected LSB depth
extended_xl,XL-Synthetic_2_P.png,XL-Synthetic,2,P,png,RGB,1000,1000,3,P06.exe,exe,large,1017856,3,1125000,OK,
extended_xl,XL-Synthetic_2_P.png,XL-Synthetic,2,P,png,RGB,1000,1000,3,P06.exe,exe,medium,505856,1,375000,SKIP_CAPACITY,Payload exceeds cover capacity at selected LSB depth
extended_xl,XL-Synthetic_2_P.png,XL-Synthetic,2,P,png,RGB,1000,1000,3,P06.exe,exe,medium,505856,2,750000,OK,
extended_xl,XL-Synthetic_2_P.png,XL-Synthetic,2,P,png,RGB,1000,1000,3,P06.exe,exe,medium,505856,3,1125000,OK,
extended_xl,XL-Synthetic_2_P.png,XL-Synthetic,2,P,png,RGB,1000,1000,3,P06.exe,exe,small,40448,1,375000,OK,
extended_xl,XL-Synthetic_2_P.png,XL-Synthetic,2,P,png,RGB,1000,1000,3,P06.exe,exe,small,40448,2,750000,OK,
extended_xl,XL-Synthetic_2_P.png,XL-Synthetic,2,P,png,RGB,1000,1000,3,P06.exe,exe,small,40448,3,1125000,OK,
extended_xl,XL-Synthetic_2_P.png,XL-Synthetic,2,P,png,RGB,1000,1000,3,P02.pdf,pdf,large,1100144,1,375000,SKIP_CAPACITY,Payload exceeds cover capacity at selected LSB depth
extended_xl,XL-Synthetic_2_P.png,XL-Synthetic,2,P,png,RGB,1000,1000,3,P02.pdf,pdf,large,1100144,2,750000,SKIP_CAPACITY,Payload exceeds cover capacity at selected LSB depth
extended_xl,XL-Synthetic_2_P.png,XL-Synthetic,2,P,png,RGB,1000,1000,3,P02.pdf,pdf,large,1100144,3,1125000,OK,
extended_xl,XL-Synthetic_2_P.png,XL-Synthetic,2,P,png,RGB,1000,1000,3,P02.pdf,pdf,medium,510410,1,375000,SKIP_CAPACITY,Payload exceeds cover capacity at selected LSB depth
extended_xl,XL-Synthetic_2_P.png,XL-Synthetic,2,P,png,RGB,1000,1000,3,P02.pdf,pdf,medium,510410,2,750000,OK,
extended_xl,XL-Synthetic_2_P.png,XL-Synthetic,2,P,png,RGB,1000,1000,3,P02.pdf,pdf,medium,510410,3,1125000,OK,
extended_xl,XL-Synthetic_2_P.png,XL-Synthetic,2,P,png,RGB,1000,1000,3,P02.pdf,pdf,small,16620,1,375000,OK,
extended_xl,XL-Synthetic_2_P.png,XL-Synthetic,2,P,png,RGB,1000,1000,3,P02.pdf,pdf,small,16620,2,750000,OK,
extended_xl,XL-Synthetic_2_P.png,XL-Synthetic,2,P,png,RGB,1000,1000,3,P02.pdf,pdf,small,16620,3,1125000,OK,
extended_xl,XL-Synthetic_2_P.png,XL-Synthetic,2,P,png,RGB,1000,1000,3,P04.pptx,pptx,large,1082610,1,375000,SKIP_CAPACITY,Payload exceeds cover capacity at selected LSB depth
extended_xl,XL-Synthetic_2_P.png,XL-Synthetic,2,P,png,RGB,1000,1000,3,P04.pptx,pptx,large,1082610,2,750000,SKIP_CAPACITY,Payload exceeds cover capacity at selected LSB depth
extended_xl,XL-Synthetic_2_P.png,XL-Synthetic,2,P,png,RGB,1000,1000,3,P04.pptx,pptx,large,1082610,3,1125000,OK,
extended_xl,XL-Synthetic_2_P.png,XL-Synthetic,2,P,png,RGB,1000,1000,3,P04.pptx,pptx,medium,512113,1,375000,SKIP_CAPACITY,Payload exceeds cover capacity at selected LSB depth
extended_xl,XL-Synthetic_2_P.png,XL-Synthetic,2,P,png,RGB,1000,1000,3,P04.pptx,pptx,medium,512113,2,750000,OK,
extended_xl,XL-Synthetic_2_P.png,XL-Synthetic,2,P,png,RGB,1000,1000,3,P04.pptx,pptx,medium,512113,3,1125000,OK,
extended_xl,XL-Synthetic_2_P.png,XL-Synthetic,2,P,png,RGB,1000,1000,3,P04.pptx,pptx,small,32020,1,375000,OK,
extended_xl,XL-Synthetic_2_P.png,XL-Synthetic,2,P,png,RGB,1000,1000,3,P04.pptx,pptx,small,32020,2,750000,OK,
extended_xl,XL-Synthetic_2_P.png,XL-Synthetic,2,P,png,RGB,1000,1000,3,P04.pptx,pptx,small,32020,3,1125000,OK,
extended_xl,XL-Synthetic_2_P.png,XL-Synthetic,2,P,png,RGB,1000,1000,3,P05.rtf,rtf,large,1085026,1,375000,SKIP_CAPACITY,Payload exceeds cover capacity at selected LSB depth
extended_xl,XL-Synthetic_2_P.png,XL-Synthetic,2,P,png,RGB,1000,1000,3,P05.rtf,rtf,large,1085026,2,750000,SKIP_CAPACITY,Payload exceeds cover capacity at selected LSB depth
extended_xl,XL-Synthetic_2_P.png,XL-Synthetic,2,P,png,RGB,1000,1000,3,P05.rtf,rtf,large,1085026,3,1125000,OK,
extended_xl,XL-Synthetic_2_P.png,XL-Synthetic,2,P,png,RGB,1000,1000,3,P05.rtf,rtf,medium,511504,1,375000,SKIP_CAPACITY,Payload exceeds cover capacity at selected LSB depth
extended_xl,XL-Synthetic_2_P.png,XL-Synthetic,2,P,png,RGB,1000,1000,3,P05.rtf,rtf,medium,511504,2,750000,OK,
extended_xl,XL-Synthetic_2_P.png,XL-Synthetic,2,P,png,RGB,1000,1000,3,P05.rtf,rtf,medium,511504,3,1125000,OK,
extended_xl,XL-Synthetic_2_P.png,XL-Synthetic,2,P,png,RGB,1000,1000,3,P05.rtf,rtf,small,50275,1,375000,OK,
extended_xl,XL-Synthetic_2_P.png,XL-Synthetic,2,P,png,RGB,1000,1000,3,P05.rtf,rtf,small,50275,2,750000,OK,
extended_xl,XL-Synthetic_2_P.png,XL-Synthetic,2,P,png,RGB,1000,1000,3,P05.rtf,rtf,small,50275,3,1125000,OK,
extended_xl,XL-Synthetic_2_P.png,XL-Synthetic,2,P,png,RGB,1000,1000,3,P03.xlsx,xlsx,large,1090468,1,375000,SKIP_CAPACITY,Payload exceeds cover capacity at selected LSB depth
extended_xl,XL-Synthetic_2_P.png,XL-Synthetic,2,P,png,RGB,1000,1000,3,P03.xlsx,xlsx,large,1090468,2,750000,SKIP_CAPACITY,Payload exceeds cover capacity at selected LSB depth
extended_xl,XL-Synthetic_2_P.png,XL-Synthetic,2,P,png,RGB,1000,1000,3,P03.xlsx,xlsx,large,1090468,3,1125000,OK,
extended_xl,XL-Synthetic_2_P.png,XL-Synthetic,2,P,png,RGB,1000,1000,3,P03.xlsx,xlsx,medium,511280,1,375000,SKIP_CAPACITY,Payload exceeds cover capacity at selected LSB depth
extended_xl,XL-Synthetic_2_P.png,XL-Synthetic,2,P,png,RGB,1000,1000,3,P03.xlsx,xlsx,medium,511280,2,750000,OK,
extended_xl,XL-Synthetic_2_P.png,XL-Synthetic,2,P,png,RGB,1000,1000,3,P03.xlsx,xlsx,medium,511280,3,1125000,OK,
extended_xl,XL-Synthetic_2_P.png,XL-Synthetic,2,P,png,RGB,1000,1000,3,P03.xlsx,xlsx,small,8899,1,375000,OK,
extended_xl,XL-Synthetic_2_P.png,XL-Synthetic,2,P,png,RGB,1000,1000,3,P03.xlsx,xlsx,small,8899,2,750000,OK,
extended_xl,XL-Synthetic_2_P.png,XL-Synthetic,2,P,png,RGB,1000,1000,3,P03.xlsx,xlsx,small,8899,3,1125000,OK,
extended_xl,XL-Synthetic_3_B.bmp,XL-Synthetic,3,B,bmp,RGB,2388,2388,3,P01.docx,docx,large,1121154,1,2138454,OK,
extended_xl,XL-Synthetic_3_B.bmp,XL-Synthetic,3,B,bmp,RGB,2388,2388,3,P01.docx,docx,large,1121154,2,4276908,OK,
extended_xl,XL-Synthetic_3_B.bmp,XL-Synthetic,3,B,bmp,RGB,2388,2388,3,P01.docx,docx,large,1121154,3,6415362,OK,
extended_xl,XL-Synthetic_3_B.bmp,XL-Synthetic,3,B,bmp,RGB,2388,2388,3,P01.docx,docx,medium,511127,1,2138454,OK,
extended_xl,XL-Synthetic_3_B.bmp,XL-Synthetic,3,B,bmp,RGB,2388,2388,3,P01.docx,docx,medium,511127,2,4276908,OK,
extended_xl,XL-Synthetic_3_B.bmp,XL-Synthetic,3,B,bmp,RGB,2388,2388,3,P01.docx,docx,medium,511127,3,6415362,OK,
extended_xl,XL-Synthetic_3_B.bmp,XL-Synthetic,3,B,bmp,RGB,2388,2388,3,P01.docx,docx,small,13432,1,2138454,OK,
extended_xl,XL-Synthetic_3_B.bmp,XL-Synthetic,3,B,bmp,RGB,2388,2388,3,P01.docx,docx,small,13432,2,4276908,OK,
extended_xl,XL-Synthetic_3_B.bmp,XL-Synthetic,3,B,bmp,RGB,2388,2388,3,P01.docx,docx,small,13432,3,6415362,OK,
extended_xl,XL-Synthetic_3_B.bmp,XL-Synthetic,3,B,bmp,RGB,2388,2388,3,P06.exe,exe,large,1017856,1,2138454,OK,
extended_xl,XL-Synthetic_3_B.bmp,XL-Synthetic,3,B,bmp,RGB,2388,2388,3,P06.exe,exe,large,1017856,2,4276908,OK,
extended_xl,XL-Synthetic_3_B.bmp,XL-Synthetic,3,B,bmp,RGB,2388,2388,3,P06.exe,exe,large,1017856,3,6415362,OK,
extended_xl,XL-Synthetic_3_B.bmp,XL-Synthetic,3,B,bmp,RGB,2388,2388,3,P06.exe,exe,medium,505856,1,2138454,OK,
extended_xl,XL-Synthetic_3_B.bmp,XL-Synthetic,3,B,bmp,RGB,2388,2388,3,P06.exe,exe,medium,505856,2,4276908,OK,
extended_xl,XL-Synthetic_3_B.bmp,XL-Synthetic,3,B,bmp,RGB,2388,2388,3,P06.exe,exe,medium,505856,3,6415362,OK,
extended_xl,XL-Synthetic_3_B.bmp,XL-Synthetic,3,B,bmp,RGB,2388,2388,3,P06.exe,exe,small,40448,1,2138454,OK,
extended_xl,XL-Synthetic_3_B.bmp,XL-Synthetic,3,B,bmp,RGB,2388,2388,3,P06.exe,exe,small,40448,2,4276908,OK,
extended_xl,XL-Synthetic_3_B.bmp,XL-Synthetic,3,B,bmp,RGB,2388,2388,3,P06.exe,exe,small,40448,3,6415362,OK,
extended_xl,XL-Synthetic_3_B.bmp,XL-Synthetic,3,B,bmp,RGB,2388,2388,3,P02.pdf,pdf,large,1100144,1,2138454,OK,
extended_xl,XL-Synthetic_3_B.bmp,XL-Synthetic,3,B,bmp,RGB,2388,2388,3,P02.pdf,pdf,large,1100144,2,4276908,OK,
extended_xl,XL-Synthetic_3_B.bmp,XL-Synthetic,3,B,bmp,RGB,2388,2388,3,P02.pdf,pdf,large,1100144,3,6415362,OK,
extended_xl,XL-Synthetic_3_B.bmp,XL-Synthetic,3,B,bmp,RGB,2388,2388,3,P02.pdf,pdf,medium,510410,1,2138454,OK,
extended_xl,XL-Synthetic_3_B.bmp,XL-Synthetic,3,B,bmp,RGB,2388,2388,3,P02.pdf,pdf,medium,510410,2,4276908,OK,
extended_xl,XL-Synthetic_3_B.bmp,XL-Synthetic,3,B,bmp,RGB,2388,2388,3,P02.pdf,pdf,medium,510410,3,6415362,OK,
extended_xl,XL-Synthetic_3_B.bmp,XL-Synthetic,3,B,bmp,RGB,2388,2388,3,P02.pdf,pdf,small,16620,1,2138454,OK,
extended_xl,XL-Synthetic_3_B.bmp,XL-Synthetic,3,B,bmp,RGB,2388,2388,3,P02.pdf,pdf,small,16620,2,4276908,OK,
extended_xl,XL-Synthetic_3_B.bmp,XL-Synthetic,3,B,bmp,RGB,2388,2388,3,P02.pdf,pdf,small,16620,3,6415362,OK,
extended_xl,XL-Synthetic_3_B.bmp,XL-Synthetic,3,B,bmp,RGB,2388,2388,3,P04.pptx,pptx,large,1082610,1,2138454,OK,
extended_xl,XL-Synthetic_3_B.bmp,XL-Synthetic,3,B,bmp,RGB,2388,2388,3,P04.pptx,pptx,large,1082610,2,4276908,OK,
extended_xl,XL-Synthetic_3_B.bmp,XL-Synthetic,3,B,bmp,RGB,2388,2388,3,P04.pptx,pptx,large,1082610,3,6415362,OK,
extended_xl,XL-Synthetic_3_B.bmp,XL-Synthetic,3,B,bmp,RGB,2388,2388,3,P04.pptx,pptx,medium,512113,1,2138454,OK,
extended_xl,XL-Synthetic_3_B.bmp,XL-Synthetic,3,B,bmp,RGB,2388,2388,3,P04.pptx,pptx,medium,512113,2,4276908,OK,
extended_xl,XL-Synthetic_3_B.bmp,XL-Synthetic,3,B,bmp,RGB,2388,2388,3,P04.pptx,pptx,medium,512113,3,6415362,OK,
extended_xl,XL-Synthetic_3_B.bmp,XL-Synthetic,3,B,bmp,RGB,2388,2388,3,P04.pptx,pptx,small,32020,1,2138454,OK,
extended_xl,XL-Synthetic_3_B.bmp,XL-Synthetic,3,B,bmp,RGB,2388,2388,3,P04.pptx,pptx,small,32020,2,4276908,OK,
extended_xl,XL-Synthetic_3_B.bmp,XL-Synthetic,3,B,bmp,RGB,2388,2388,3,P04.pptx,pptx,small,32020,3,6415362,OK,
extended_xl,XL-Synthetic_3_B.bmp,XL-Synthetic,3,B,bmp,RGB,2388,2388,3,P05.rtf,rtf,large,1085026,1,2138454,OK,
extended_xl,XL-Synthetic_3_B.bmp,XL-Synthetic,3,B,bmp,RGB,2388,2388,3,P05.rtf,rtf,large,1085026,2,4276908,OK,
extended_xl,XL-Synthetic_3_B.bmp,XL-Synthetic,3,B,bmp,RGB,2388,2388,3,P05.rtf,rtf,large,1085026,3,6415362,OK,
extended_xl,XL-Synthetic_3_B.bmp,XL-Synthetic,3,B,bmp,RGB,2388,2388,3,P05.rtf,rtf,medium,511504,1,2138454,OK,
extended_xl,XL-Synthetic_3_B.bmp,XL-Synthetic,3,B,bmp,RGB,2388,2388,3,P05.rtf,rtf,medium,511504,2,4276908,OK,
extended_xl,XL-Synthetic_3_B.bmp,XL-Synthetic,3,B,bmp,RGB,2388,2388,3,P05.rtf,rtf,medium,511504,3,6415362,OK,
extended_xl,XL-Synthetic_3_B.bmp,XL-Synthetic,3,B,bmp,RGB,2388,2388,3,P05.rtf,rtf,small,50275,1,2138454,OK,
extended_xl,XL-Synthetic_3_B.bmp,XL-Synthetic,3,B,bmp,RGB,2388,2388,3,P05.rtf,rtf,small,50275,2,4276908,OK,
extended_xl,XL-Synthetic_3_B.bmp,XL-Synthetic,3,B,bmp,RGB,2388,2388,3,P05.rtf,rtf,small,50275,3,6415362,OK,
extended_xl,XL-Synthetic_3_B.bmp,XL-Synthetic,3,B,bmp,RGB,2388,2388,3,P03.xlsx,xlsx,large,1090468,1,2138454,OK,
extended_xl,XL-Synthetic_3_B.bmp,XL-Synthetic,3,B,bmp,RGB,2388,2388,3,P03.xlsx,xlsx,large,1090468,2,4276908,OK,
extended_xl,XL-Synthetic_3_B.bmp,XL-Synthetic,3,B,bmp,RGB,2388,2388,3,P03.xlsx,xlsx,large,1090468,3,6415362,OK,
extended_xl,XL-Synthetic_3_B.bmp,XL-Synthetic,3,B,bmp,RGB,2388,2388,3,P03.xlsx,xlsx,medium,511280,1,2138454,OK,
extended_xl,XL-Synthetic_3_B.bmp,XL-Synthetic,3,B,bmp,RGB,2388,2388,3,P03.xlsx,xlsx,medium,511280,2,4276908,OK,
extended_xl,XL-Synthetic_3_B.bmp,XL-Synthetic,3,B,bmp,RGB,2388,2388,3,P03.xlsx,xlsx,medium,511280,3,6415362,OK,
extended_xl,XL-Synthetic_3_B.bmp,XL-Synthetic,3,B,bmp,RGB,2388,2388,3,P03.xlsx,xlsx,small,8899,1,2138454,OK,
extended_xl,XL-Synthetic_3_B.bmp,XL-Synthetic,3,B,bmp,RGB,2388,2388,3,P03.xlsx,xlsx,small,8899,2,4276908,OK,
extended_xl,XL-Synthetic_3_B.bmp,XL-Synthetic,3,B,bmp,RGB,2388,2388,3,P03.xlsx,xlsx,small,8899,3,6415362,OK,
extended_xl,XL-Synthetic_3_P.png,XL-Synthetic,3,P,png,RGB,1000,1000,3,P01.docx,docx,large,1121154,1,375000,SKIP_CAPACITY,Payload exceeds cover capacity at selected LSB depth
extended_xl,XL-Synthetic_3_P.png,XL-Synthetic,3,P,png,RGB,1000,1000,3,P01.docx,docx,large,1121154,2,750000,SKIP_CAPACITY,Payload exceeds cover capacity at selected LSB depth
extended_xl,XL-Synthetic_3_P.png,XL-Synthetic,3,P,png,RGB,1000,1000,3,P01.docx,docx,large,1121154,3,1125000,OK,
extended_xl,XL-Synthetic_3_P.png,XL-Synthetic,3,P,png,RGB,1000,1000,3,P01.docx,docx,medium,511127,1,375000,SKIP_CAPACITY,Payload exceeds cover capacity at selected LSB depth
extended_xl,XL-Synthetic_3_P.png,XL-Synthetic,3,P,png,RGB,1000,1000,3,P01.docx,docx,medium,511127,2,750000,OK,
extended_xl,XL-Synthetic_3_P.png,XL-Synthetic,3,P,png,RGB,1000,1000,3,P01.docx,docx,medium,511127,3,1125000,OK,
extended_xl,XL-Synthetic_3_P.png,XL-Synthetic,3,P,png,RGB,1000,1000,3,P01.docx,docx,small,13432,1,375000,OK,
extended_xl,XL-Synthetic_3_P.png,XL-Synthetic,3,P,png,RGB,1000,1000,3,P01.docx,docx,small,13432,2,750000,OK,
extended_xl,XL-Synthetic_3_P.png,XL-Synthetic,3,P,png,RGB,1000,1000,3,P01.docx,docx,small,13432,3,1125000,OK,
extended_xl,XL-Synthetic_3_P.png,XL-Synthetic,3,P,png,RGB,1000,1000,3,P06.exe,exe,large,1017856,1,375000,SKIP_CAPACITY,Payload exceeds cover capacity at selected LSB depth
extended_xl,XL-Synthetic_3_P.png,XL-Synthetic,3,P,png,RGB,1000,1000,3,P06.exe,exe,large,1017856,2,750000,SKIP_CAPACITY,Payload exceeds cover capacity at selected LSB depth
extended_xl,XL-Synthetic_3_P.png,XL-Synthetic,3,P,png,RGB,1000,1000,3,P06.exe,exe,large,1017856,3,1125000,OK,
extended_xl,XL-Synthetic_3_P.png,XL-Synthetic,3,P,png,RGB,1000,1000,3,P06.exe,exe,medium,505856,1,375000,SKIP_CAPACITY,Payload exceeds cover capacity at selected LSB depth
extended_xl,XL-Synthetic_3_P.png,XL-Synthetic,3,P,png,RGB,1000,1000,3,P06.exe,exe,medium,505856,2,750000,OK,
extended_xl,XL-Synthetic_3_P.png,XL-Synthetic,3,P,png,RGB,1000,1000,3,P06.exe,exe,medium,505856,3,1125000,OK,
extended_xl,XL-Synthetic_3_P.png,XL-Synthetic,3,P,png,RGB,1000,1000,3,P06.exe,exe,small,40448,1,375000,OK,
extended_xl,XL-Synthetic_3_P.png,XL-Synthetic,3,P,png,RGB,1000,1000,3,P06.exe,exe,small,40448,2,750000,OK,
extended_xl,XL-Synthetic_3_P.png,XL-Synthetic,3,P,png,RGB,1000,1000,3,P06.exe,exe,small,40448,3,1125000,OK,
extended_xl,XL-Synthetic_3_P.png,XL-Synthetic,3,P,png,RGB,1000,1000,3,P02.pdf,pdf,large,1100144,1,375000,SKIP_CAPACITY,Payload exceeds cover capacity at selected LSB depth
extended_xl,XL-Synthetic_3_P.png,XL-Synthetic,3,P,png,RGB,1000,1000,3,P02.pdf,pdf,large,1100144,2,750000,SKIP_CAPACITY,Payload exceeds cover capacity at selected LSB depth
extended_xl,XL-Synthetic_3_P.png,XL-Synthetic,3,P,png,RGB,1000,1000,3,P02.pdf,pdf,large,1100144,3,1125000,OK,
extended_xl,XL-Synthetic_3_P.png,XL-Synthetic,3,P,png,RGB,1000,1000,3,P02.pdf,pdf,medium,510410,1,375000,SKIP_CAPACITY,Payload exceeds cover capacity at selected LSB depth
extended_xl,XL-Synthetic_3_P.png,XL-Synthetic,3,P,png,RGB,1000,1000,3,P02.pdf,pdf,medium,510410,2,750000,OK,
extended_xl,XL-Synthetic_3_P.png,XL-Synthetic,3,P,png,RGB,1000,1000,3,P02.pdf,pdf,medium,510410,3,1125000,OK,
extended_xl,XL-Synthetic_3_P.png,XL-Synthetic,3,P,png,RGB,1000,1000,3,P02.pdf,pdf,small,16620,1,375000,OK,
extended_xl,XL-Synthetic_3_P.png,XL-Synthetic,3,P,png,RGB,1000,1000,3,P02.pdf,pdf,small,16620,2,750000,OK,
extended_xl,XL-Synthetic_3_P.png,XL-Synthetic,3,P,png,RGB,1000,1000,3,P02.pdf,pdf,small,16620,3,1125000,OK,
extended_xl,XL-Synthetic_3_P.png,XL-Synthetic,3,P,png,RGB,1000,1000,3,P04.pptx,pptx,large,1082610,1,375000,SKIP_CAPACITY,Payload exceeds cover capacity at selected LSB depth
extended_xl,XL-Synthetic_3_P.png,XL-Synthetic,3,P,png,RGB,1000,1000,3,P04.pptx,pptx,large,1082610,2,750000,SKIP_CAPACITY,Payload exceeds cover capacity at selected LSB depth
extended_xl,XL-Synthetic_3_P.png,XL-Synthetic,3,P,png,RGB,1000,1000,3,P04.pptx,pptx,large,1082610,3,1125000,OK,
extended_xl,XL-Synthetic_3_P.png,XL-Synthetic,3,P,png,RGB,1000,1000,3,P04.pptx,pptx,medium,512113,1,375000,SKIP_CAPACITY,Payload exceeds cover capacity at selected LSB depth
extended_xl,XL-Synthetic_3_P.png,XL-Synthetic,3,P,png,RGB,1000,1000,3,P04.pptx,pptx,medium,512113,2,750000,OK,
extended_xl,XL-Synthetic_3_P.png,XL-Synthetic,3,P,png,RGB,1000,1000,3,P04.pptx,pptx,medium,512113,3,1125000,OK,
extended_xl,XL-Synthetic_3_P.png,XL-Synthetic,3,P,png,RGB,1000,1000,3,P04.pptx,pptx,small,32020,1,375000,OK,
extended_xl,XL-Synthetic_3_P.png,XL-Synthetic,3,P,png,RGB,1000,1000,3,P04.pptx,pptx,small,32020,2,750000,OK,
extended_xl,XL-Synthetic_3_P.png,XL-Synthetic,3,P,png,RGB,1000,1000,3,P04.pptx,pptx,small,32020,3,1125000,OK,
extended_xl,XL-Synthetic_3_P.png,XL-Synthetic,3,P,png,RGB,1000,1000,3,P05.rtf,rtf,large,1085026,1,375000,SKIP_CAPACITY,Payload exceeds cover capacity at selected LSB depth
extended_xl,XL-Synthetic_3_P.png,XL-Synthetic,3,P,png,RGB,1000,1000,3,P05.rtf,rtf,large,1085026,2,750000,SKIP_CAPACITY,Payload exceeds cover capacity at selected LSB depth
extended_xl,XL-Synthetic_3_P.png,XL-Synthetic,3,P,png,RGB,1000,1000,3,P05.rtf,rtf,large,1085026,3,1125000,OK,
extended_xl,XL-Synthetic_3_P.png,XL-Synthetic,3,P,png,RGB,1000,1000,3,P05.rtf,rtf,medium,511504,1,375000,SKIP_CAPACITY,Payload exceeds cover capacity at selected LSB depth
extended_xl,XL-Synthetic_3_P.png,XL-Synthetic,3,P,png,RGB,1000,1000,3,P05.rtf,rtf,medium,511504,2,750000,OK,
extended_xl,XL-Synthetic_3_P.png,XL-Synthetic,3,P,png,RGB,1000,1000,3,P05.rtf,rtf,medium,511504,3,1125000,OK,
extended_xl,XL-Synthetic_3_P.png,XL-Synthetic,3,P,png,RGB,1000,1000,3,P05.rtf,rtf,small,50275,1,375000,OK,
extended_xl,XL-Synthetic_3_P.png,XL-Synthetic,3,P,png,RGB,1000,1000,3,P05.rtf,rtf,small,50275,2,750000,OK,
extended_xl,XL-Synthetic_3_P.png,XL-Synthetic,3,P,png,RGB,1000,1000,3,P05.rtf,rtf,small,50275,3,1125000,OK,
extended_xl,XL-Synthetic_3_P.png,XL-Synthetic,3,P,png,RGB,1000,1000,3,P03.xlsx,xlsx,large,1090468,1,375000,SKIP_CAPACITY,Payload exceeds cover capacity at selected LSB depth
extended_xl,XL-Synthetic_3_P.png,XL-Synthetic,3,P,png,RGB,1000,1000,3,P03.xlsx,xlsx,large,1090468,2,750000,SKIP_CAPACITY,Payload exceeds cover capacity at selected LSB depth
extended_xl,XL-Synthetic_3_P.png,XL-Synthetic,3,P,png,RGB,1000,1000,3,P03.xlsx,xlsx,large,1090468,3,1125000,OK,
extended_xl,XL-Synthetic_3_P.png,XL-Synthetic,3,P,png,RGB,1000,1000,3,P03.xlsx,xlsx,medium,511280,1,375000,SKIP_CAPACITY,Payload exceeds cover capacity at selected LSB depth
extended_xl,XL-Synthetic_3_P.png,XL-Synthetic,3,P,png,RGB,1000,1000,3,P03.xlsx,xlsx,medium,511280,2,750000,OK,
extended_xl,XL-Synthetic_3_P.png,XL-Synthetic,3,P,png,RGB,1000,1000,3,P03.xlsx,xlsx,medium,511280,3,1125000,OK,
extended_xl,XL-Synthetic_3_P.png,XL-Synthetic,3,P,png,RGB,1000,1000,3,P03.xlsx,xlsx,small,8899,1,375000,OK,
extended_xl,XL-Synthetic_3_P.png,XL-Synthetic,3,P,png,RGB,1000,1000,3,P03.xlsx,xlsx,small,8899,2,750000,OK,
extended_xl,XL-Synthetic_3_P.png,XL-Synthetic,3,P,png,RGB,1000,1000,3,P03.xlsx,xlsx,small,8899,3,1125000,OK,
extended_xl,XL-Synthetic_4_B.bmp,XL-Synthetic,4,B,bmp,RGB,2460,2460,3,P01.docx,docx,large,1121154,1,2269350,OK,
extended_xl,XL-Synthetic_4_B.bmp,XL-Synthetic,4,B,bmp,RGB,2460,2460,3,P01.docx,docx,large,1121154,2,4538700,OK,
extended_xl,XL-Synthetic_4_B.bmp,XL-Synthetic,4,B,bmp,RGB,2460,2460,3,P01.docx,docx,large,1121154,3,6808050,OK,
extended_xl,XL-Synthetic_4_B.bmp,XL-Synthetic,4,B,bmp,RGB,2460,2460,3,P01.docx,docx,medium,511127,1,2269350,OK,
extended_xl,XL-Synthetic_4_B.bmp,XL-Synthetic,4,B,bmp,RGB,2460,2460,3,P01.docx,docx,medium,511127,2,4538700,OK,
extended_xl,XL-Synthetic_4_B.bmp,XL-Synthetic,4,B,bmp,RGB,2460,2460,3,P01.docx,docx,medium,511127,3,6808050,OK,
extended_xl,XL-Synthetic_4_B.bmp,XL-Synthetic,4,B,bmp,RGB,2460,2460,3,P01.docx,docx,small,13432,1,2269350,OK,
extended_xl,XL-Synthetic_4_B.bmp,XL-Synthetic,4,B,bmp,RGB,2460,2460,3,P01.docx,docx,small,13432,2,4538700,OK,
extended_xl,XL-Synthetic_4_B.bmp,XL-Synthetic,4,B,bmp,RGB,2460,2460,3,P01.docx,docx,small,13432,3,6808050,OK,
extended_xl,XL-Synthetic_4_B.bmp,XL-Synthetic,4,B,bmp,RGB,2460,2460,3,P06.exe,exe,large,1017856,1,2269350,OK,
extended_xl,XL-Synthetic_4_B.bmp,XL-Synthetic,4,B,bmp,RGB,2460,2460,3,P06.exe,exe,large,1017856,2,4538700,OK,
extended_xl,XL-Synthetic_4_B.bmp,XL-Synthetic,4,B,bmp,RGB,2460,2460,3,P06.exe,exe,large,1017856,3,6808050,OK,
extended_xl,XL-Synthetic_4_B.bmp,XL-Synthetic,4,B,bmp,RGB,2460,2460,3,P06.exe,exe,medium,505856,1,2269350,OK,
extended_xl,XL-Synthetic_4_B.bmp,XL-Synthetic,4,B,bmp,RGB,2460,2460,3,P06.exe,exe,medium,505856,2,4538700,OK,
extended_xl,XL-Synthetic_4_B.bmp,XL-Synthetic,4,B,bmp,RGB,2460,2460,3,P06.exe,exe,medium,505856,3,6808050,OK,
extended_xl,XL-Synthetic_4_B.bmp,XL-Synthetic,4,B,bmp,RGB,2460,2460,3,P06.exe,exe,small,40448,1,2269350,OK,
extended_xl,XL-Synthetic_4_B.bmp,XL-Synthetic,4,B,bmp,RGB,2460,2460,3,P06.exe,exe,small,40448,2,4538700,OK,
extended_xl,XL-Synthetic_4_B.bmp,XL-Synthetic,4,B,bmp,RGB,2460,2460,3,P06.exe,exe,small,40448,3,6808050,OK,
extended_xl,XL-Synthetic_4_B.bmp,XL-Synthetic,4,B,bmp,RGB,2460,2460,3,P02.pdf,pdf,large,1100144,1,2269350,OK,
extended_xl,XL-Synthetic_4_B.bmp,XL-Synthetic,4,B,bmp,RGB,2460,2460,3,P02.pdf,pdf,large,1100144,2,4538700,OK,
extended_xl,XL-Synthetic_4_B.bmp,XL-Synthetic,4,B,bmp,RGB,2460,2460,3,P02.pdf,pdf,large,1100144,3,6808050,OK,
extended_xl,XL-Synthetic_4_B.bmp,XL-Synthetic,4,B,bmp,RGB,2460,2460,3,P02.pdf,pdf,medium,510410,1,2269350,OK,
extended_xl,XL-Synthetic_4_B.bmp,XL-Synthetic,4,B,bmp,RGB,2460,2460,3,P02.pdf,pdf,medium,510410,2,4538700,OK,
extended_xl,XL-Synthetic_4_B.bmp,XL-Synthetic,4,B,bmp,RGB,2460,2460,3,P02.pdf,pdf,medium,510410,3,6808050,OK,
extended_xl,XL-Synthetic_4_B.bmp,XL-Synthetic,4,B,bmp,RGB,2460,2460,3,P02.pdf,pdf,small,16620,1,2269350,OK,
extended_xl,XL-Synthetic_4_B.bmp,XL-Synthetic,4,B,bmp,RGB,2460,2460,3,P02.pdf,pdf,small,16620,2,4538700,OK,
extended_xl,XL-Synthetic_4_B.bmp,XL-Synthetic,4,B,bmp,RGB,2460,2460,3,P02.pdf,pdf,small,16620,3,6808050,OK,
extended_xl,XL-Synthetic_4_B.bmp,XL-Synthetic,4,B,bmp,RGB,2460,2460,3,P04.pptx,pptx,large,1082610,1,2269350,OK,
extended_xl,XL-Synthetic_4_B.bmp,XL-Synthetic,4,B,bmp,RGB,2460,2460,3,P04.pptx,pptx,large,1082610,2,4538700,OK,
extended_xl,XL-Synthetic_4_B.bmp,XL-Synthetic,4,B,bmp,RGB,2460,2460,3,P04.pptx,pptx,large,1082610,3,6808050,OK,
extended_xl,XL-Synthetic_4_B.bmp,XL-Synthetic,4,B,bmp,RGB,2460,2460,3,P04.pptx,pptx,medium,512113,1,2269350,OK,
extended_xl,XL-Synthetic_4_B.bmp,XL-Synthetic,4,B,bmp,RGB,2460,2460,3,P04.pptx,pptx,medium,512113,2,4538700,OK,
extended_xl,XL-Synthetic_4_B.bmp,XL-Synthetic,4,B,bmp,RGB,2460,2460,3,P04.pptx,pptx,medium,512113,3,6808050,OK,
extended_xl,XL-Synthetic_4_B.bmp,XL-Synthetic,4,B,bmp,RGB,2460,2460,3,P04.pptx,pptx,small,32020,1,2269350,OK,
extended_xl,XL-Synthetic_4_B.bmp,XL-Synthetic,4,B,bmp,RGB,2460,2460,3,P04.pptx,pptx,small,32020,2,4538700,OK,
extended_xl,XL-Synthetic_4_B.bmp,XL-Synthetic,4,B,bmp,RGB,2460,2460,3,P04.pptx,pptx,small,32020,3,6808050,OK,
extended_xl,XL-Synthetic_4_B.bmp,XL-Synthetic,4,B,bmp,RGB,2460,2460,3,P05.rtf,rtf,large,1085026,1,2269350,OK,
extended_xl,XL-Synthetic_4_B.bmp,XL-Synthetic,4,B,bmp,RGB,2460,2460,3,P05.rtf,rtf,large,1085026,2,4538700,OK,
extended_xl,XL-Synthetic_4_B.bmp,XL-Synthetic,4,B,bmp,RGB,2460,2460,3,P05.rtf,rtf,large,1085026,3,6808050,OK,
extended_xl,XL-Synthetic_4_B.bmp,XL-Synthetic,4,B,bmp,RGB,2460,2460,3,P05.rtf,rtf,medium,511504,1,2269350,OK,
extended_xl,XL-Synthetic_4_B.bmp,XL-Synthetic,4,B,bmp,RGB,2460,2460,3,P05.rtf,rtf,medium,511504,2,4538700,OK,
extended_xl,XL-Synthetic_4_B.bmp,XL-Synthetic,4,B,bmp,RGB,2460,2460,3,P05.rtf,rtf,medium,511504,3,6808050,OK,
extended_xl,XL-Synthetic_4_B.bmp,XL-Synthetic,4,B,bmp,RGB,2460,2460,3,P05.rtf,rtf,small,50275,1,2269350,OK,
extended_xl,XL-Synthetic_4_B.bmp,XL-Synthetic,4,B,bmp,RGB,2460,2460,3,P05.rtf,rtf,small,50275,2,4538700,OK,
extended_xl,XL-Synthetic_4_B.bmp,XL-Synthetic,4,B,bmp,RGB,2460,2460,3,P05.rtf,rtf,small,50275,3,6808050,OK,
extended_xl,XL-Synthetic_4_B.bmp,XL-Synthetic,4,B,bmp,RGB,2460,2460,3,P03.xlsx,xlsx,large,1090468,1,2269350,OK,
extended_xl,XL-Synthetic_4_B.bmp,XL-Synthetic,4,B,bmp,RGB,2460,2460,3,P03.xlsx,xlsx,large,1090468,2,4538700,OK,
extended_xl,XL-Synthetic_4_B.bmp,XL-Synthetic,4,B,bmp,RGB,2460,2460,3,P03.xlsx,xlsx,large,1090468,3,6808050,OK,
extended_xl,XL-Synthetic_4_B.bmp,XL-Synthetic,4,B,bmp,RGB,2460,2460,3,P03.xlsx,xlsx,medium,511280,1,2269350,OK,
extended_xl,XL-Synthetic_4_B.bmp,XL-Synthetic,4,B,bmp,RGB,2460,2460,3,P03.xlsx,xlsx,medium,511280,2,4538700,OK,
extended_xl,XL-Synthetic_4_B.bmp,XL-Synthetic,4,B,bmp,RGB,2460,2460,3,P03.xlsx,xlsx,medium,511280,3,6808050,OK,
extended_xl,XL-Synthetic_4_B.bmp,XL-Synthetic,4,B,bmp,RGB,2460,2460,3,P03.xlsx,xlsx,small,8899,1,2269350,OK,
extended_xl,XL-Synthetic_4_B.bmp,XL-Synthetic,4,B,bmp,RGB,2460,2460,3,P03.xlsx,xlsx,small,8899,2,4538700,OK,
extended_xl,XL-Synthetic_4_B.bmp,XL-Synthetic,4,B,bmp,RGB,2460,2460,3,P03.xlsx,xlsx,small,8899,3,6808050,OK,
extended_xl,XL-Synthetic_4_P.png,XL-Synthetic,4,P,png,RGB,1000,1000,3,P01.docx,docx,large,1121154,1,375000,SKIP_CAPACITY,Payload exceeds cover capacity at selected LSB depth
extended_xl,XL-Synthetic_4_P.png,XL-Synthetic,4,P,png,RGB,1000,1000,3,P01.docx,docx,large,1121154,2,750000,SKIP_CAPACITY,Payload exceeds cover capacity at selected LSB depth
extended_xl,XL-Synthetic_4_P.png,XL-Synthetic,4,P,png,RGB,1000,1000,3,P01.docx,docx,large,1121154,3,1125000,OK,
extended_xl,XL-Synthetic_4_P.png,XL-Synthetic,4,P,png,RGB,1000,1000,3,P01.docx,docx,medium,511127,1,375000,SKIP_CAPACITY,Payload exceeds cover capacity at selected LSB depth
extended_xl,XL-Synthetic_4_P.png,XL-Synthetic,4,P,png,RGB,1000,1000,3,P01.docx,docx,medium,511127,2,750000,OK,
extended_xl,XL-Synthetic_4_P.png,XL-Synthetic,4,P,png,RGB,1000,1000,3,P01.docx,docx,medium,511127,3,1125000,OK,
extended_xl,XL-Synthetic_4_P.png,XL-Synthetic,4,P,png,RGB,1000,1000,3,P01.docx,docx,small,13432,1,375000,OK,
extended_xl,XL-Synthetic_4_P.png,XL-Synthetic,4,P,png,RGB,1000,1000,3,P01.docx,docx,small,13432,2,750000,OK,
extended_xl,XL-Synthetic_4_P.png,XL-Synthetic,4,P,png,RGB,1000,1000,3,P01.docx,docx,small,13432,3,1125000,OK,
extended_xl,XL-Synthetic_4_P.png,XL-Synthetic,4,P,png,RGB,1000,1000,3,P06.exe,exe,large,1017856,1,375000,SKIP_CAPACITY,Payload exceeds cover capacity at selected LSB depth
extended_xl,XL-Synthetic_4_P.png,XL-Synthetic,4,P,png,RGB,1000,1000,3,P06.exe,exe,large,1017856,2,750000,SKIP_CAPACITY,Payload exceeds cover capacity at selected LSB depth
extended_xl,XL-Synthetic_4_P.png,XL-Synthetic,4,P,png,RGB,1000,1000,3,P06.exe,exe,large,1017856,3,1125000,OK,
extended_xl,XL-Synthetic_4_P.png,XL-Synthetic,4,P,png,RGB,1000,1000,3,P06.exe,exe,medium,505856,1,375000,SKIP_CAPACITY,Payload exceeds cover capacity at selected LSB depth
extended_xl,XL-Synthetic_4_P.png,XL-Synthetic,4,P,png,RGB,1000,1000,3,P06.exe,exe,medium,505856,2,750000,OK,
extended_xl,XL-Synthetic_4_P.png,XL-Synthetic,4,P,png,RGB,1000,1000,3,P06.exe,exe,medium,505856,3,1125000,OK,
extended_xl,XL-Synthetic_4_P.png,XL-Synthetic,4,P,png,RGB,1000,1000,3,P06.exe,exe,small,40448,1,375000,OK,
extended_xl,XL-Synthetic_4_P.png,XL-Synthetic,4,P,png,RGB,1000,1000,3,P06.exe,exe,small,40448,2,750000,OK,
extended_xl,XL-Synthetic_4_P.png,XL-Synthetic,4,P,png,RGB,1000,1000,3,P06.exe,exe,small,40448,3,1125000,OK,
extended_xl,XL-Synthetic_4_P.png,XL-Synthetic,4,P,png,RGB,1000,1000,3,P02.pdf,pdf,large,1100144,1,375000,SKIP_CAPACITY,Payload exceeds cover capacity at selected LSB depth
extended_xl,XL-Synthetic_4_P.png,XL-Synthetic,4,P,png,RGB,1000,1000,3,P02.pdf,pdf,large,1100144,2,750000,SKIP_CAPACITY,Payload exceeds cover capacity at selected LSB depth
extended_xl,XL-Synthetic_4_P.png,XL-Synthetic,4,P,png,RGB,1000,1000,3,P02.pdf,pdf,large,1100144,3,1125000,OK,
extended_xl,XL-Synthetic_4_P.png,XL-Synthetic,4,P,png,RGB,1000,1000,3,P02.pdf,pdf,medium,510410,1,375000,SKIP_CAPACITY,Payload exceeds cover capacity at selected LSB depth
extended_xl,XL-Synthetic_4_P.png,XL-Synthetic,4,P,png,RGB,1000,1000,3,P02.pdf,pdf,medium,510410,2,750000,OK,
extended_xl,XL-Synthetic_4_P.png,XL-Synthetic,4,P,png,RGB,1000,1000,3,P02.pdf,pdf,medium,510410,3,1125000,OK,
extended_xl,XL-Synthetic_4_P.png,XL-Synthetic,4,P,png,RGB,1000,1000,3,P02.pdf,pdf,small,16620,1,375000,OK,
extended_xl,XL-Synthetic_4_P.png,XL-Synthetic,4,P,png,RGB,1000,1000,3,P02.pdf,pdf,small,16620,2,750000,OK,
extended_xl,XL-Synthetic_4_P.png,XL-Synthetic,4,P,png,RGB,1000,1000,3,P02.pdf,pdf,small,16620,3,1125000,OK,
extended_xl,XL-Synthetic_4_P.png,XL-Synthetic,4,P,png,RGB,1000,1000,3,P04.pptx,pptx,large,1082610,1,375000,SKIP_CAPACITY,Payload exceeds cover capacity at selected LSB depth
extended_xl,XL-Synthetic_4_P.png,XL-Synthetic,4,P,png,RGB,1000,1000,3,P04.pptx,pptx,large,1082610,2,750000,SKIP_CAPACITY,Payload exceeds cover capacity at selected LSB depth
extended_xl,XL-Synthetic_4_P.png,XL-Synthetic,4,P,png,RGB,1000,1000,3,P04.pptx,pptx,large,1082610,3,1125000,OK,
extended_xl,XL-Synthetic_4_P.png,XL-Synthetic,4,P,png,RGB,1000,1000,3,P04.pptx,pptx,medium,512113,1,375000,SKIP_CAPACITY,Payload exceeds cover capacity at selected LSB depth
extended_xl,XL-Synthetic_4_P.png,XL-Synthetic,4,P,png,RGB,1000,1000,3,P04.pptx,pptx,medium,512113,2,750000,OK,
extended_xl,XL-Synthetic_4_P.png,XL-Synthetic,4,P,png,RGB,1000,1000,3,P04.pptx,pptx,medium,512113,3,1125000,OK,
extended_xl,XL-Synthetic_4_P.png,XL-Synthetic,4,P,png,RGB,1000,1000,3,P04.pptx,pptx,small,32020,1,375000,OK,
extended_xl,XL-Synthetic_4_P.png,XL-Synthetic,4,P,png,RGB,1000,1000,3,P04.pptx,pptx,small,32020,2,750000,OK,
extended_xl,XL-Synthetic_4_P.png,XL-Synthetic,4,P,png,RGB,1000,1000,3,P04.pptx,pptx,small,32020,3,1125000,OK,
extended_xl,XL-Synthetic_4_P.png,XL-Synthetic,4,P,png,RGB,1000,1000,3,P05.rtf,rtf,large,1085026,1,375000,SKIP_CAPACITY,Payload exceeds cover capacity at selected LSB depth
extended_xl,XL-Synthetic_4_P.png,XL-Synthetic,4,P,png,RGB,1000,1000,3,P05.rtf,rtf,large,1085026,2,750000,SKIP_CAPACITY,Payload exceeds cover capacity at selected LSB depth
extended_xl,XL-Synthetic_4_P.png,XL-Synthetic,4,P,png,RGB,1000,1000,3,P05.rtf,rtf,large,1085026,3,1125000,OK,
extended_xl,XL-Synthetic_4_P.png,XL-Synthetic,4,P,png,RGB,1000,1000,3,P05.rtf,rtf,medium,511504,1,375000,SKIP_CAPACITY,Payload exceeds cover capacity at selected LSB depth
extended_xl,XL-Synthetic_4_P.png,XL-Synthetic,4,P,png,RGB,1000,1000,3,P05.rtf,rtf,medium,511504,2,750000,OK,
extended_xl,XL-Synthetic_4_P.png,XL-Synthetic,4,P,png,RGB,1000,1000,3,P05.rtf,rtf,medium,511504,3,1125000,OK,
extended_xl,XL-Synthetic_4_P.png,XL-Synthetic,4,P,png,RGB,1000,1000,3,P05.rtf,rtf,small,50275,1,375000,OK,
extended_xl,XL-Synthetic_4_P.png,XL-Synthetic,4,P,png,RGB,1000,1000,3,P05.rtf,rtf,small,50275,2,750000,OK,
extended_xl,XL-Synthetic_4_P.png,XL-Synthetic,4,P,png,RGB,1000,1000,3,P05.rtf,rtf,small,50275,3,1125000,OK,
extended_xl,XL-Synthetic_4_P.png,XL-Synthetic,4,P,png,RGB,1000,1000,3,P03.xlsx,xlsx,large,1090468,1,375000,SKIP_CAPACITY,Payload exceeds cover capacity at selected LSB depth
extended_xl,XL-Synthetic_4_P.png,XL-Synthetic,4,P,png,RGB,1000,1000,3,P03.xlsx,xlsx,large,1090468,2,750000,SKIP_CAPACITY,Payload exceeds cover capacity at selected LSB depth
extended_xl,XL-Synthetic_4_P.png,XL-Synthetic,4,P,png,RGB,1000,1000,3,P03.xlsx,xlsx,large,1090468,3,1125000,OK,
extended_xl,XL-Synthetic_4_P.png,XL-Synthetic,4,P,png,RGB,1000,1000,3,P03.xlsx,xlsx,medium,511280,1,375000,SKIP_CAPACITY,Payload exceeds cover capacity at selected LSB depth
extended_xl,XL-Synthetic_4_P.png,XL-Synthetic,4,P,png,RGB,1000,1000,3,P03.xlsx,xlsx,medium,511280,2,750000,OK,
extended_xl,XL-Synthetic_4_P.png,XL-Synthetic,4,P,png,RGB,1000,1000,3,P03.xlsx,xlsx,medium,511280,3,1125000,OK,
extended_xl,XL-Synthetic_4_P.png,XL-Synthetic,4,P,png,RGB,1000,1000,3,P03.xlsx,xlsx,small,8899,1,375000,OK,
extended_xl,XL-Synthetic_4_P.png,XL-Synthetic,4,P,png,RGB,1000,1000,3,P03.xlsx,xlsx,small,8899,2,750000,OK,
extended_xl,XL-Synthetic_4_P.png,XL-Synthetic,4,P,png,RGB,1000,1000,3,P03.xlsx,xlsx,small,8899,3,1125000,OK,
extended_xl,XL-Synthetic_5_B.bmp,XL-Synthetic,5,B,bmp,RGB,2530,2530,3,P01.docx,docx,large,1121154,1,2400337,OK,
extended_xl,XL-Synthetic_5_B.bmp,XL-Synthetic,5,B,bmp,RGB,2530,2530,3,P01.docx,docx,large,1121154,2,4800675,OK,
extended_xl,XL-Synthetic_5_B.bmp,XL-Synthetic,5,B,bmp,RGB,2530,2530,3,P01.docx,docx,large,1121154,3,7201012,OK,
extended_xl,XL-Synthetic_5_B.bmp,XL-Synthetic,5,B,bmp,RGB,2530,2530,3,P01.docx,docx,medium,511127,1,2400337,OK,
extended_xl,XL-Synthetic_5_B.bmp,XL-Synthetic,5,B,bmp,RGB,2530,2530,3,P01.docx,docx,medium,511127,2,4800675,OK,
extended_xl,XL-Synthetic_5_B.bmp,XL-Synthetic,5,B,bmp,RGB,2530,2530,3,P01.docx,docx,medium,511127,3,7201012,OK,
extended_xl,XL-Synthetic_5_B.bmp,XL-Synthetic,5,B,bmp,RGB,2530,2530,3,P01.docx,docx,small,13432,1,2400337,OK,
extended_xl,XL-Synthetic_5_B.bmp,XL-Synthetic,5,B,bmp,RGB,2530,2530,3,P01.docx,docx,small,13432,2,4800675,OK,
extended_xl,XL-Synthetic_5_B.bmp,XL-Synthetic,5,B,bmp,RGB,2530,2530,3,P01.docx,docx,small,13432,3,7201012,OK,
extended_xl,XL-Synthetic_5_B.bmp,XL-Synthetic,5,B,bmp,RGB,2530,2530,3,P06.exe,exe,large,1017856,1,2400337,OK,
extended_xl,XL-Synthetic_5_B.bmp,XL-Synthetic,5,B,bmp,RGB,2530,2530,3,P06.exe,exe,large,1017856,2,4800675,OK,
extended_xl,XL-Synthetic_5_B.bmp,XL-Synthetic,5,B,bmp,RGB,2530,2530,3,P06.exe,exe,large,1017856,3,7201012,OK,
extended_xl,XL-Synthetic_5_B.bmp,XL-Synthetic,5,B,bmp,RGB,2530,2530,3,P06.exe,exe,medium,505856,1,2400337,OK,
extended_xl,XL-Synthetic_5_B.bmp,XL-Synthetic,5,B,bmp,RGB,2530,2530,3,P06.exe,exe,medium,505856,2,4800675,OK,
extended_xl,XL-Synthetic_5_B.bmp,XL-Synthetic,5,B,bmp,RGB,2530,2530,3,P06.exe,exe,medium,505856,3,7201012,OK,
extended_xl,XL-Synthetic_5_B.bmp,XL-Synthetic,5,B,bmp,RGB,2530,2530,3,P06.exe,exe,small,40448,1,2400337,OK,
extended_xl,XL-Synthetic_5_B.bmp,XL-Synthetic,5,B,bmp,RGB,2530,2530,3,P06.exe,exe,small,40448,2,4800675,OK,
extended_xl,XL-Synthetic_5_B.bmp,XL-Synthetic,5,B,bmp,RGB,2530,2530,3,P06.exe,exe,small,40448,3,7201012,OK,
extended_xl,XL-Synthetic_5_B.bmp,XL-Synthetic,5,B,bmp,RGB,2530,2530,3,P02.pdf,pdf,large,1100144,1,2400337,OK,
extended_xl,XL-Synthetic_5_B.bmp,XL-Synthetic,5,B,bmp,RGB,2530,2530,3,P02.pdf,pdf,large,1100144,2,4800675,OK,
extended_xl,XL-Synthetic_5_B.bmp,XL-Synthetic,5,B,bmp,RGB,2530,2530,3,P02.pdf,pdf,large,1100144,3,7201012,OK,
extended_xl,XL-Synthetic_5_B.bmp,XL-Synthetic,5,B,bmp,RGB,2530,2530,3,P02.pdf,pdf,medium,510410,1,2400337,OK,
extended_xl,XL-Synthetic_5_B.bmp,XL-Synthetic,5,B,bmp,RGB,2530,2530,3,P02.pdf,pdf,medium,510410,2,4800675,OK,
extended_xl,XL-Synthetic_5_B.bmp,XL-Synthetic,5,B,bmp,RGB,2530,2530,3,P02.pdf,pdf,medium,510410,3,7201012,OK,
extended_xl,XL-Synthetic_5_B.bmp,XL-Synthetic,5,B,bmp,RGB,2530,2530,3,P02.pdf,pdf,small,16620,1,2400337,OK,
extended_xl,XL-Synthetic_5_B.bmp,XL-Synthetic,5,B,bmp,RGB,2530,2530,3,P02.pdf,pdf,small,16620,2,4800675,OK,
extended_xl,XL-Synthetic_5_B.bmp,XL-Synthetic,5,B,bmp,RGB,2530,2530,3,P02.pdf,pdf,small,16620,3,7201012,OK,
extended_xl,XL-Synthetic_5_B.bmp,XL-Synthetic,5,B,bmp,RGB,2530,2530,3,P04.pptx,pptx,large,1082610,1,2400337,OK,
extended_xl,XL-Synthetic_5_B.bmp,XL-Synthetic,5,B,bmp,RGB,2530,2530,3,P04.pptx,pptx,large,1082610,2,4800675,OK,
extended_xl,XL-Synthetic_5_B.bmp,XL-Synthetic,5,B,bmp,RGB,2530,2530,3,P04.pptx,pptx,large,1082610,3,7201012,OK,
extended_xl,XL-Synthetic_5_B.bmp,XL-Synthetic,5,B,bmp,RGB,2530,2530,3,P04.pptx,pptx,medium,512113,1,2400337,OK,
extended_xl,XL-Synthetic_5_B.bmp,XL-Synthetic,5,B,bmp,RGB,2530,2530,3,P04.pptx,pptx,medium,512113,2,4800675,OK,
extended_xl,XL-Synthetic_5_B.bmp,XL-Synthetic,5,B,bmp,RGB,2530,2530,3,P04.pptx,pptx,medium,512113,3,7201012,OK,
extended_xl,XL-Synthetic_5_B.bmp,XL-Synthetic,5,B,bmp,RGB,2530,2530,3,P04.pptx,pptx,small,32020,1,2400337,OK,
extended_xl,XL-Synthetic_5_B.bmp,XL-Synthetic,5,B,bmp,RGB,2530,2530,3,P04.pptx,pptx,small,32020,2,4800675,OK,
extended_xl,XL-Synthetic_5_B.bmp,XL-Synthetic,5,B,bmp,RGB,2530,2530,3,P04.pptx,pptx,small,32020,3,7201012,OK,
extended_xl,XL-Synthetic_5_B.bmp,XL-Synthetic,5,B,bmp,RGB,2530,2530,3,P05.rtf,rtf,large,1085026,1,2400337,OK,
extended_xl,XL-Synthetic_5_B.bmp,XL-Synthetic,5,B,bmp,RGB,2530,2530,3,P05.rtf,rtf,large,1085026,2,4800675,OK,
extended_xl,XL-Synthetic_5_B.bmp,XL-Synthetic,5,B,bmp,RGB,2530,2530,3,P05.rtf,rtf,large,1085026,3,7201012,OK,
extended_xl,XL-Synthetic_5_B.bmp,XL-Synthetic,5,B,bmp,RGB,2530,2530,3,P05.rtf,rtf,medium,511504,1,2400337,OK,
extended_xl,XL-Synthetic_5_B.bmp,XL-Synthetic,5,B,bmp,RGB,2530,2530,3,P05.rtf,rtf,medium,511504,2,4800675,OK,
extended_xl,XL-Synthetic_5_B.bmp,XL-Synthetic,5,B,bmp,RGB,2530,2530,3,P05.rtf,rtf,medium,511504,3,7201012,OK,
extended_xl,XL-Synthetic_5_B.bmp,XL-Synthetic,5,B,bmp,RGB,2530,2530,3,P05.rtf,rtf,small,50275,1,2400337,OK,
extended_xl,XL-Synthetic_5_B.bmp,XL-Synthetic,5,B,bmp,RGB,2530,2530,3,P05.rtf,rtf,small,50275,2,4800675,OK,
extended_xl,XL-Synthetic_5_B.bmp,XL-Synthetic,5,B,bmp,RGB,2530,2530,3,P05.rtf,rtf,small,50275,3,7201012,OK,
extended_xl,XL-Synthetic_5_B.bmp,XL-Synthetic,5,B,bmp,RGB,2530,2530,3,P03.xlsx,xlsx,large,1090468,1,2400337,OK,
extended_xl,XL-Synthetic_5_B.bmp,XL-Synthetic,5,B,bmp,RGB,2530,2530,3,P03.xlsx,xlsx,large,1090468,2,4800675,OK,
extended_xl,XL-Synthetic_5_B.bmp,XL-Synthetic,5,B,bmp,RGB,2530,2530,3,P03.xlsx,xlsx,large,1090468,3,7201012,OK,
extended_xl,XL-Synthetic_5_B.bmp,XL-Synthetic,5,B,bmp,RGB,2530,2530,3,P03.xlsx,xlsx,medium,511280,1,2400337,OK,
extended_xl,XL-Synthetic_5_B.bmp,XL-Synthetic,5,B,bmp,RGB,2530,2530,3,P03.xlsx,xlsx,medium,511280,2,4800675,OK,
extended_xl,XL-Synthetic_5_B.bmp,XL-Synthetic,5,B,bmp,RGB,2530,2530,3,P03.xlsx,xlsx,medium,511280,3,7201012,OK,
extended_xl,XL-Synthetic_5_B.bmp,XL-Synthetic,5,B,bmp,RGB,2530,2530,3,P03.xlsx,xlsx,small,8899,1,2400337,OK,
extended_xl,XL-Synthetic_5_B.bmp,XL-Synthetic,5,B,bmp,RGB,2530,2530,3,P03.xlsx,xlsx,small,8899,2,4800675,OK,
extended_xl,XL-Synthetic_5_B.bmp,XL-Synthetic,5,B,bmp,RGB,2530,2530,3,P03.xlsx,xlsx,small,8899,3,7201012,OK,
extended_xl,XL-Synthetic_5_P.png,XL-Synthetic,5,P,png,RGB,1000,1000,3,P01.docx,docx,large,1121154,1,375000,SKIP_CAPACITY,Payload exceeds cover capacity at selected LSB depth
extended_xl,XL-Synthetic_5_P.png,XL-Synthetic,5,P,png,RGB,1000,1000,3,P01.docx,docx,large,1121154,2,750000,SKIP_CAPACITY,Payload exceeds cover capacity at selected LSB depth
extended_xl,XL-Synthetic_5_P.png,XL-Synthetic,5,P,png,RGB,1000,1000,3,P01.docx,docx,large,1121154,3,1125000,OK,
extended_xl,XL-Synthetic_5_P.png,XL-Synthetic,5,P,png,RGB,1000,1000,3,P01.docx,docx,medium,511127,1,375000,SKIP_CAPACITY,Payload exceeds cover capacity at selected LSB depth
extended_xl,XL-Synthetic_5_P.png,XL-Synthetic,5,P,png,RGB,1000,1000,3,P01.docx,docx,medium,511127,2,750000,OK,
extended_xl,XL-Synthetic_5_P.png,XL-Synthetic,5,P,png,RGB,1000,1000,3,P01.docx,docx,medium,511127,3,1125000,OK,
extended_xl,XL-Synthetic_5_P.png,XL-Synthetic,5,P,png,RGB,1000,1000,3,P01.docx,docx,small,13432,1,375000,OK,
extended_xl,XL-Synthetic_5_P.png,XL-Synthetic,5,P,png,RGB,1000,1000,3,P01.docx,docx,small,13432,2,750000,OK,
extended_xl,XL-Synthetic_5_P.png,XL-Synthetic,5,P,png,RGB,1000,1000,3,P01.docx,docx,small,13432,3,1125000,OK,
extended_xl,XL-Synthetic_5_P.png,XL-Synthetic,5,P,png,RGB,1000,1000,3,P06.exe,exe,large,1017856,1,375000,SKIP_CAPACITY,Payload exceeds cover capacity at selected LSB depth
extended_xl,XL-Synthetic_5_P.png,XL-Synthetic,5,P,png,RGB,1000,1000,3,P06.exe,exe,large,1017856,2,750000,SKIP_CAPACITY,Payload exceeds cover capacity at selected LSB depth
extended_xl,XL-Synthetic_5_P.png,XL-Synthetic,5,P,png,RGB,1000,1000,3,P06.exe,exe,large,1017856,3,1125000,OK,
extended_xl,XL-Synthetic_5_P.png,XL-Synthetic,5,P,png,RGB,1000,1000,3,P06.exe,exe,medium,505856,1,375000,SKIP_CAPACITY,Payload exceeds cover capacity at selected LSB depth
extended_xl,XL-Synthetic_5_P.png,XL-Synthetic,5,P,png,RGB,1000,1000,3,P06.exe,exe,medium,505856,2,750000,OK,
extended_xl,XL-Synthetic_5_P.png,XL-Synthetic,5,P,png,RGB,1000,1000,3,P06.exe,exe,medium,505856,3,1125000,OK,
extended_xl,XL-Synthetic_5_P.png,XL-Synthetic,5,P,png,RGB,1000,1000,3,P06.exe,exe,small,40448,1,375000,OK,
extended_xl,XL-Synthetic_5_P.png,XL-Synthetic,5,P,png,RGB,1000,1000,3,P06.exe,exe,small,40448,2,750000,OK,
extended_xl,XL-Synthetic_5_P.png,XL-Synthetic,5,P,png,RGB,1000,1000,3,P06.exe,exe,small,40448,3,1125000,OK,
extended_xl,XL-Synthetic_5_P.png,XL-Synthetic,5,P,png,RGB,1000,1000,3,P02.pdf,pdf,large,1100144,1,375000,SKIP_CAPACITY,Payload exceeds cover capacity at selected LSB depth
extended_xl,XL-Synthetic_5_P.png,XL-Synthetic,5,P,png,RGB,1000,1000,3,P02.pdf,pdf,large,1100144,2,750000,SKIP_CAPACITY,Payload exceeds cover capacity at selected LSB depth
extended_xl,XL-Synthetic_5_P.png,XL-Synthetic,5,P,png,RGB,1000,1000,3,P02.pdf,pdf,large,1100144,3,1125000,OK,
extended_xl,XL-Synthetic_5_P.png,XL-Synthetic,5,P,png,RGB,1000,1000,3,P02.pdf,pdf,medium,510410,1,375000,SKIP_CAPACITY,Payload exceeds cover capacity at selected LSB depth
extended_xl,XL-Synthetic_5_P.png,XL-Synthetic,5,P,png,RGB,1000,1000,3,P02.pdf,pdf,medium,510410,2,750000,OK,
extended_xl,XL-Synthetic_5_P.png,XL-Synthetic,5,P,png,RGB,1000,1000,3,P02.pdf,pdf,medium,510410,3,1125000,OK,
extended_xl,XL-Synthetic_5_P.png,XL-Synthetic,5,P,png,RGB,1000,1000,3,P02.pdf,pdf,small,16620,1,375000,OK,
extended_xl,XL-Synthetic_5_P.png,XL-Synthetic,5,P,png,RGB,1000,1000,3,P02.pdf,pdf,small,16620,2,750000,OK,
extended_xl,XL-Synthetic_5_P.png,XL-Synthetic,5,P,png,RGB,1000,1000,3,P02.pdf,pdf,small,16620,3,1125000,OK,
extended_xl,XL-Synthetic_5_P.png,XL-Synthetic,5,P,png,RGB,1000,1000,3,P04.pptx,pptx,large,1082610,1,375000,SKIP_CAPACITY,Payload exceeds cover capacity at selected LSB depth
extended_xl,XL-Synthetic_5_P.png,XL-Synthetic,5,P,png,RGB,1000,1000,3,P04.pptx,pptx,large,1082610,2,750000,SKIP_CAPACITY,Payload exceeds cover capacity at selected LSB depth
extended_xl,XL-Synthetic_5_P.png,XL-Synthetic,5,P,png,RGB,1000,1000,3,P04.pptx,pptx,large,1082610,3,1125000,OK,
extended_xl,XL-Synthetic_5_P.png,XL-Synthetic,5,P,png,RGB,1000,1000,3,P04.pptx,pptx,medium,512113,1,375000,SKIP_CAPACITY,Payload exceeds cover capacity at selected LSB depth
extended_xl,XL-Synthetic_5_P.png,XL-Synthetic,5,P,png,RGB,1000,1000,3,P04.pptx,pptx,medium,512113,2,750000,OK,
extended_xl,XL-Synthetic_5_P.png,XL-Synthetic,5,P,png,RGB,1000,1000,3,P04.pptx,pptx,medium,512113,3,1125000,OK,
extended_xl,XL-Synthetic_5_P.png,XL-Synthetic,5,P,png,RGB,1000,1000,3,P04.pptx,pptx,small,32020,1,375000,OK,
extended_xl,XL-Synthetic_5_P.png,XL-Synthetic,5,P,png,RGB,1000,1000,3,P04.pptx,pptx,small,32020,2,750000,OK,
extended_xl,XL-Synthetic_5_P.png,XL-Synthetic,5,P,png,RGB,1000,1000,3,P04.pptx,pptx,small,32020,3,1125000,OK,
extended_xl,XL-Synthetic_5_P.png,XL-Synthetic,5,P,png,RGB,1000,1000,3,P05.rtf,rtf,large,1085026,1,375000,SKIP_CAPACITY,Payload exceeds cover capacity at selected LSB depth
extended_xl,XL-Synthetic_5_P.png,XL-Synthetic,5,P,png,RGB,1000,1000,3,P05.rtf,rtf,large,1085026,2,750000,SKIP_CAPACITY,Payload exceeds cover capacity at selected LSB depth
extended_xl,XL-Synthetic_5_P.png,XL-Synthetic,5,P,png,RGB,1000,1000,3,P05.rtf,rtf,large,1085026,3,1125000,OK,
extended_xl,XL-Synthetic_5_P.png,XL-Synthetic,5,P,png,RGB,1000,1000,3,P05.rtf,rtf,medium,511504,1,375000,SKIP_CAPACITY,Payload exceeds cover capacity at selected LSB depth
extended_xl,XL-Synthetic_5_P.png,XL-Synthetic,5,P,png,RGB,1000,1000,3,P05.rtf,rtf,medium,511504,2,750000,OK,
extended_xl,XL-Synthetic_5_P.png,XL-Synthetic,5,P,png,RGB,1000,1000,3,P05.rtf,rtf,medium,511504,3,1125000,OK,
extended_xl,XL-Synthetic_5_P.png,XL-Synthetic,5,P,png,RGB,1000,1000,3,P05.rtf,rtf,small,50275,1,375000,OK,
extended_xl,XL-Synthetic_5_P.png,XL-Synthetic,5,P,png,RGB,1000,1000,3,P05.rtf,rtf,small,50275,2,750000,OK,
extended_xl,XL-Synthetic_5_P.png,XL-Synthetic,5,P,png,RGB,1000,1000,3,P05.rtf,rtf,small,50275,3,1125000,OK,
extended_xl,XL-Synthetic_5_P.png,XL-Synthetic,5,P,png,RGB,1000,1000,3,P03.xlsx,xlsx,large,1090468,1,375000,SKIP_CAPACITY,Payload exceeds cover capacity at selected LSB depth
extended_xl,XL-Synthetic_5_P.png,XL-Synthetic,5,P,png,RGB,1000,1000,3,P03.xlsx,xlsx,large,1090468,2,750000,SKIP_CAPACITY,Payload exceeds cover capacity at selected LSB depth
extended_xl,XL-Synthetic_5_P.png,XL-Synthetic,5,P,png,RGB,1000,1000,3,P03.xlsx,xlsx,large,1090468,3,1125000,OK,
extended_xl,XL-Synthetic_5_P.png,XL-Synthetic,5,P,png,RGB,1000,1000,3,P03.xlsx,xlsx,medium,511280,1,375000,SKIP_CAPACITY,Payload exceeds cover capacity at selected LSB depth
extended_xl,XL-Synthetic_5_P.png,XL-Synthetic,5,P,png,RGB,1000,1000,3,P03.xlsx,xlsx,medium,511280,2,750000,OK,
extended_xl,XL-Synthetic_5_P.png,XL-Synthetic,5,P,png,RGB,1000,1000,3,P03.xlsx,xlsx,medium,511280,3,1125000,OK,
extended_xl,XL-Synthetic_5_P.png,XL-Synthetic,5,P,png,RGB,1000,1000,3,P03.xlsx,xlsx,small,8899,1,375000,OK,
extended_xl,XL-Synthetic_5_P.png,XL-Synthetic,5,P,png,RGB,1000,1000,3,P03.xlsx,xlsx,small,8899,2,750000,OK,
extended_xl,XL-Synthetic_5_P.png,XL-Synthetic,5,P,png,RGB,1000,1000,3,P03.xlsx,xlsx,small,8899,3,1125000,OK,
extended_xl,XL-Synthetic_6_B.bmp,XL-Synthetic,6,B,bmp,RGB,2605,2605,3,P01.docx,docx,large,1121154,1,2544759,OK,
extended_xl,XL-Synthetic_6_B.bmp,XL-Synthetic,6,B,bmp,RGB,2605,2605,3,P01.docx,docx,large,1121154,2,5089518,OK,
extended_xl,XL-Synthetic_6_B.bmp,XL-Synthetic,6,B,bmp,RGB,2605,2605,3,P01.docx,docx,large,1121154,3,7634278,OK,
extended_xl,XL-Synthetic_6_B.bmp,XL-Synthetic,6,B,bmp,RGB,2605,2605,3,P01.docx,docx,medium,511127,1,2544759,OK,
extended_xl,XL-Synthetic_6_B.bmp,XL-Synthetic,6,B,bmp,RGB,2605,2605,3,P01.docx,docx,medium,511127,2,5089518,OK,
extended_xl,XL-Synthetic_6_B.bmp,XL-Synthetic,6,B,bmp,RGB,2605,2605,3,P01.docx,docx,medium,511127,3,7634278,OK,
extended_xl,XL-Synthetic_6_B.bmp,XL-Synthetic,6,B,bmp,RGB,2605,2605,3,P01.docx,docx,small,13432,1,2544759,OK,
extended_xl,XL-Synthetic_6_B.bmp,XL-Synthetic,6,B,bmp,RGB,2605,2605,3,P01.docx,docx,small,13432,2,5089518,OK,
extended_xl,XL-Synthetic_6_B.bmp,XL-Synthetic,6,B,bmp,RGB,2605,2605,3,P01.docx,docx,small,13432,3,7634278,OK,
extended_xl,XL-Synthetic_6_B.bmp,XL-Synthetic,6,B,bmp,RGB,2605,2605,3,P06.exe,exe,large,1017856,1,2544759,OK,
extended_xl,XL-Synthetic_6_B.bmp,XL-Synthetic,6,B,bmp,RGB,2605,2605,3,P06.exe,exe,large,1017856,2,5089518,OK,
extended_xl,XL-Synthetic_6_B.bmp,XL-Synthetic,6,B,bmp,RGB,2605,2605,3,P06.exe,exe,large,1017856,3,7634278,OK,
extended_xl,XL-Synthetic_6_B.bmp,XL-Synthetic,6,B,bmp,RGB,2605,2605,3,P06.exe,exe,medium,505856,1,2544759,OK,
extended_xl,XL-Synthetic_6_B.bmp,XL-Synthetic,6,B,bmp,RGB,2605,2605,3,P06.exe,exe,medium,505856,2,5089518,OK,
extended_xl,XL-Synthetic_6_B.bmp,XL-Synthetic,6,B,bmp,RGB,2605,2605,3,P06.exe,exe,medium,505856,3,7634278,OK,
extended_xl,XL-Synthetic_6_B.bmp,XL-Synthetic,6,B,bmp,RGB,2605,2605,3,P06.exe,exe,small,40448,1,2544759,OK,
extended_xl,XL-Synthetic_6_B.bmp,XL-Synthetic,6,B,bmp,RGB,2605,2605,3,P06.exe,exe,small,40448,2,5089518,OK,
extended_xl,XL-Synthetic_6_B.bmp,XL-Synthetic,6,B,bmp,RGB,2605,2605,3,P06.exe,exe,small,40448,3,7634278,OK,
extended_xl,XL-Synthetic_6_B.bmp,XL-Synthetic,6,B,bmp,RGB,2605,2605,3,P02.pdf,pdf,large,1100144,1,2544759,OK,
extended_xl,XL-Synthetic_6_B.bmp,XL-Synthetic,6,B,bmp,RGB,2605,2605,3,P02.pdf,pdf,large,1100144,2,5089518,OK,
extended_xl,XL-Synthetic_6_B.bmp,XL-Synthetic,6,B,bmp,RGB,2605,2605,3,P02.pdf,pdf,large,1100144,3,7634278,OK,
extended_xl,XL-Synthetic_6_B.bmp,XL-Synthetic,6,B,bmp,RGB,2605,2605,3,P02.pdf,pdf,medium,510410,1,2544759,OK,
extended_xl,XL-Synthetic_6_B.bmp,XL-Synthetic,6,B,bmp,RGB,2605,2605,3,P02.pdf,pdf,medium,510410,2,5089518,OK,
extended_xl,XL-Synthetic_6_B.bmp,XL-Synthetic,6,B,bmp,RGB,2605,2605,3,P02.pdf,pdf,medium,510410,3,7634278,OK,
extended_xl,XL-Synthetic_6_B.bmp,XL-Synthetic,6,B,bmp,RGB,2605,2605,3,P02.pdf,pdf,small,16620,1,2544759,OK,
extended_xl,XL-Synthetic_6_B.bmp,XL-Synthetic,6,B,bmp,RGB,2605,2605,3,P02.pdf,pdf,small,16620,2,5089518,OK,
extended_xl,XL-Synthetic_6_B.bmp,XL-Synthetic,6,B,bmp,RGB,2605,2605,3,P02.pdf,pdf,small,16620,3,7634278,OK,
extended_xl,XL-Synthetic_6_B.bmp,XL-Synthetic,6,B,bmp,RGB,2605,2605,3,P04.pptx,pptx,large,1082610,1,2544759,OK,
extended_xl,XL-Synthetic_6_B.bmp,XL-Synthetic,6,B,bmp,RGB,2605,2605,3,P04.pptx,pptx,large,1082610,2,5089518,OK,
extended_xl,XL-Synthetic_6_B.bmp,XL-Synthetic,6,B,bmp,RGB,2605,2605,3,P04.pptx,pptx,large,1082610,3,7634278,OK,
extended_xl,XL-Synthetic_6_B.bmp,XL-Synthetic,6,B,bmp,RGB,2605,2605,3,P04.pptx,pptx,medium,512113,1,2544759,OK,
extended_xl,XL-Synthetic_6_B.bmp,XL-Synthetic,6,B,bmp,RGB,2605,2605,3,P04.pptx,pptx,medium,512113,2,5089518,OK,
extended_xl,XL-Synthetic_6_B.bmp,XL-Synthetic,6,B,bmp,RGB,2605,2605,3,P04.pptx,pptx,medium,512113,3,7634278,OK,
extended_xl,XL-Synthetic_6_B.bmp,XL-Synthetic,6,B,bmp,RGB,2605,2605,3,P04.pptx,pptx,small,32020,1,2544759,OK,
extended_xl,XL-Synthetic_6_B.bmp,XL-Synthetic,6,B,bmp,RGB,2605,2605,3,P04.pptx,pptx,small,32020,2,5089518,OK,
extended_xl,XL-Synthetic_6_B.bmp,XL-Synthetic,6,B,bmp,RGB,2605,2605,3,P04.pptx,pptx,small,32020,3,7634278,OK,
extended_xl,XL-Synthetic_6_B.bmp,XL-Synthetic,6,B,bmp,RGB,2605,2605,3,P05.rtf,rtf,large,1085026,1,2544759,OK,
extended_xl,XL-Synthetic_6_B.bmp,XL-Synthetic,6,B,bmp,RGB,2605,2605,3,P05.rtf,rtf,large,1085026,2,5089518,OK,
extended_xl,XL-Synthetic_6_B.bmp,XL-Synthetic,6,B,bmp,RGB,2605,2605,3,P05.rtf,rtf,large,1085026,3,7634278,OK,
extended_xl,XL-Synthetic_6_B.bmp,XL-Synthetic,6,B,bmp,RGB,2605,2605,3,P05.rtf,rtf,medium,511504,1,2544759,OK,
extended_xl,XL-Synthetic_6_B.bmp,XL-Synthetic,6,B,bmp,RGB,2605,2605,3,P05.rtf,rtf,medium,511504,2,5089518,OK,
extended_xl,XL-Synthetic_6_B.bmp,XL-Synthetic,6,B,bmp,RGB,2605,2605,3,P05.rtf,rtf,medium,511504,3,7634278,OK,
extended_xl,XL-Synthetic_6_B.bmp,XL-Synthetic,6,B,bmp,RGB,2605,2605,3,P05.rtf,rtf,small,50275,1,2544759,OK,
extended_xl,XL-Synthetic_6_B.bmp,XL-Synthetic,6,B,bmp,RGB,2605,2605,3,P05.rtf,rtf,small,50275,2,5089518,OK,
extended_xl,XL-Synthetic_6_B.bmp,XL-Synthetic,6,B,bmp,RGB,2605,2605,3,P05.rtf,rtf,small,50275,3,7634278,OK,
extended_xl,XL-Synthetic_6_B.bmp,XL-Synthetic,6,B,bmp,RGB,2605,2605,3,P03.xlsx,xlsx,large,1090468,1,2544759,OK,
extended_xl,XL-Synthetic_6_B.bmp,XL-Synthetic,6,B,bmp,RGB,2605,2605,3,P03.xlsx,xlsx,large,1090468,2,5089518,OK,
extended_xl,XL-Synthetic_6_B.bmp,XL-Synthetic,6,B,bmp,RGB,2605,2605,3,P03.xlsx,xlsx,large,1090468,3,7634278,OK,
extended_xl,XL-Synthetic_6_B.bmp,XL-Synthetic,6,B,bmp,RGB,2605,2605,3,P03.xlsx,xlsx,medium,511280,1,2544759,OK,
extended_xl,XL-Synthetic_6_B.bmp,XL-Synthetic,6,B,bmp,RGB,2605,2605,3,P03.xlsx,xlsx,medium,511280,2,5089518,OK,
extended_xl,XL-Synthetic_6_B.bmp,XL-Synthetic,6,B,bmp,RGB,2605,2605,3,P03.xlsx,xlsx,medium,511280,3,7634278,OK,
extended_xl,XL-Synthetic_6_B.bmp,XL-Synthetic,6,B,bmp,RGB,2605,2605,3,P03.xlsx,xlsx,small,8899,1,2544759,OK,
extended_xl,XL-Synthetic_6_B.bmp,XL-Synthetic,6,B,bmp,RGB,2605,2605,3,P03.xlsx,xlsx,small,8899,2,5089518,OK,
extended_xl,XL-Synthetic_6_B.bmp,XL-Synthetic,6,B,bmp,RGB,2605,2605,3,P03.xlsx,xlsx,small,8899,3,7634278,OK,
extended_xl,XL-Synthetic_6_P.png,XL-Synthetic,6,P,png,RGB,1000,1000,3,P01.docx,docx,large,1121154,1,375000,SKIP_CAPACITY,Payload exceeds cover capacity at selected LSB depth
extended_xl,XL-Synthetic_6_P.png,XL-Synthetic,6,P,png,RGB,1000,1000,3,P01.docx,docx,large,1121154,2,750000,SKIP_CAPACITY,Payload exceeds cover capacity at selected LSB depth
extended_xl,XL-Synthetic_6_P.png,XL-Synthetic,6,P,png,RGB,1000,1000,3,P01.docx,docx,large,1121154,3,1125000,OK,
extended_xl,XL-Synthetic_6_P.png,XL-Synthetic,6,P,png,RGB,1000,1000,3,P01.docx,docx,medium,511127,1,375000,SKIP_CAPACITY,Payload exceeds cover capacity at selected LSB depth
extended_xl,XL-Synthetic_6_P.png,XL-Synthetic,6,P,png,RGB,1000,1000,3,P01.docx,docx,medium,511127,2,750000,OK,
extended_xl,XL-Synthetic_6_P.png,XL-Synthetic,6,P,png,RGB,1000,1000,3,P01.docx,docx,medium,511127,3,1125000,OK,
extended_xl,XL-Synthetic_6_P.png,XL-Synthetic,6,P,png,RGB,1000,1000,3,P01.docx,docx,small,13432,1,375000,OK,
extended_xl,XL-Synthetic_6_P.png,XL-Synthetic,6,P,png,RGB,1000,1000,3,P01.docx,docx,small,13432,2,750000,OK,
extended_xl,XL-Synthetic_6_P.png,XL-Synthetic,6,P,png,RGB,1000,1000,3,P01.docx,docx,small,13432,3,1125000,OK,
extended_xl,XL-Synthetic_6_P.png,XL-Synthetic,6,P,png,RGB,1000,1000,3,P06.exe,exe,large,1017856,1,375000,SKIP_CAPACITY,Payload exceeds cover capacity at selected LSB depth
extended_xl,XL-Synthetic_6_P.png,XL-Synthetic,6,P,png,RGB,1000,1000,3,P06.exe,exe,large,1017856,2,750000,SKIP_CAPACITY,Payload exceeds cover capacity at selected LSB depth
extended_xl,XL-Synthetic_6_P.png,XL-Synthetic,6,P,png,RGB,1000,1000,3,P06.exe,exe,large,1017856,3,1125000,OK,
extended_xl,XL-Synthetic_6_P.png,XL-Synthetic,6,P,png,RGB,1000,1000,3,P06.exe,exe,medium,505856,1,375000,SKIP_CAPACITY,Payload exceeds cover capacity at selected LSB depth
extended_xl,XL-Synthetic_6_P.png,XL-Synthetic,6,P,png,RGB,1000,1000,3,P06.exe,exe,medium,505856,2,750000,OK,
extended_xl,XL-Synthetic_6_P.png,XL-Synthetic,6,P,png,RGB,1000,1000,3,P06.exe,exe,medium,505856,3,1125000,OK,
extended_xl,XL-Synthetic_6_P.png,XL-Synthetic,6,P,png,RGB,1000,1000,3,P06.exe,exe,small,40448,1,375000,OK,
extended_xl,XL-Synthetic_6_P.png,XL-Synthetic,6,P,png,RGB,1000,1000,3,P06.exe,exe,small,40448,2,750000,OK,
extended_xl,XL-Synthetic_6_P.png,XL-Synthetic,6,P,png,RGB,1000,1000,3,P06.exe,exe,small,40448,3,1125000,OK,
extended_xl,XL-Synthetic_6_P.png,XL-Synthetic,6,P,png,RGB,1000,1000,3,P02.pdf,pdf,large,1100144,1,375000,SKIP_CAPACITY,Payload exceeds cover capacity at selected LSB depth
extended_xl,XL-Synthetic_6_P.png,XL-Synthetic,6,P,png,RGB,1000,1000,3,P02.pdf,pdf,large,1100144,2,750000,SKIP_CAPACITY,Payload exceeds cover capacity at selected LSB depth
extended_xl,XL-Synthetic_6_P.png,XL-Synthetic,6,P,png,RGB,1000,1000,3,P02.pdf,pdf,large,1100144,3,1125000,OK,
extended_xl,XL-Synthetic_6_P.png,XL-Synthetic,6,P,png,RGB,1000,1000,3,P02.pdf,pdf,medium,510410,1,375000,SKIP_CAPACITY,Payload exceeds cover capacity at selected LSB depth
extended_xl,XL-Synthetic_6_P.png,XL-Synthetic,6,P,png,RGB,1000,1000,3,P02.pdf,pdf,medium,510410,2,750000,OK,
extended_xl,XL-Synthetic_6_P.png,XL-Synthetic,6,P,png,RGB,1000,1000,3,P02.pdf,pdf,medium,510410,3,1125000,OK,
extended_xl,XL-Synthetic_6_P.png,XL-Synthetic,6,P,png,RGB,1000,1000,3,P02.pdf,pdf,small,16620,1,375000,OK,
extended_xl,XL-Synthetic_6_P.png,XL-Synthetic,6,P,png,RGB,1000,1000,3,P02.pdf,pdf,small,16620,2,750000,OK,
extended_xl,XL-Synthetic_6_P.png,XL-Synthetic,6,P,png,RGB,1000,1000,3,P02.pdf,pdf,small,16620,3,1125000,OK,
extended_xl,XL-Synthetic_6_P.png,XL-Synthetic,6,P,png,RGB,1000,1000,3,P04.pptx,pptx,large,1082610,1,375000,SKIP_CAPACITY,Payload exceeds cover capacity at selected LSB depth
extended_xl,XL-Synthetic_6_P.png,XL-Synthetic,6,P,png,RGB,1000,1000,3,P04.pptx,pptx,large,1082610,2,750000,SKIP_CAPACITY,Payload exceeds cover capacity at selected LSB depth
extended_xl,XL-Synthetic_6_P.png,XL-Synthetic,6,P,png,RGB,1000,1000,3,P04.pptx,pptx,large,1082610,3,1125000,OK,
extended_xl,XL-Synthetic_6_P.png,XL-Synthetic,6,P,png,RGB,1000,1000,3,P04.pptx,pptx,medium,512113,1,375000,SKIP_CAPACITY,Payload exceeds cover capacity at selected LSB depth
extended_xl,XL-Synthetic_6_P.png,XL-Synthetic,6,P,png,RGB,1000,1000,3,P04.pptx,pptx,medium,512113,2,750000,OK,
extended_xl,XL-Synthetic_6_P.png,XL-Synthetic,6,P,png,RGB,1000,1000,3,P04.pptx,pptx,medium,512113,3,1125000,OK,
extended_xl,XL-Synthetic_6_P.png,XL-Synthetic,6,P,png,RGB,1000,1000,3,P04.pptx,pptx,small,32020,1,375000,OK,
extended_xl,XL-Synthetic_6_P.png,XL-Synthetic,6,P,png,RGB,1000,1000,3,P04.pptx,pptx,small,32020,2,750000,OK,
extended_xl,XL-Synthetic_6_P.png,XL-Synthetic,6,P,png,RGB,1000,1000,3,P04.pptx,pptx,small,32020,3,1125000,OK,
extended_xl,XL-Synthetic_6_P.png,XL-Synthetic,6,P,png,RGB,1000,1000,3,P05.rtf,rtf,large,1085026,1,375000,SKIP_CAPACITY,Payload exceeds cover capacity at selected LSB depth
extended_xl,XL-Synthetic_6_P.png,XL-Synthetic,6,P,png,RGB,1000,1000,3,P05.rtf,rtf,large,1085026,2,750000,SKIP_CAPACITY,Payload exceeds cover capacity at selected LSB depth
extended_xl,XL-Synthetic_6_P.png,XL-Synthetic,6,P,png,RGB,1000,1000,3,P05.rtf,rtf,large,1085026,3,1125000,OK,
extended_xl,XL-Synthetic_6_P.png,XL-Synthetic,6,P,png,RGB,1000,1000,3,P05.rtf,rtf,medium,511504,1,375000,SKIP_CAPACITY,Payload exceeds cover capacity at selected LSB depth
extended_xl,XL-Synthetic_6_P.png,XL-Synthetic,6,P,png,RGB,1000,1000,3,P05.rtf,rtf,medium,511504,2,750000,OK,
extended_xl,XL-Synthetic_6_P.png,XL-Synthetic,6,P,png,RGB,1000,1000,3,P05.rtf,rtf,medium,511504,3,1125000,OK,
extended_xl,XL-Synthetic_6_P.png,XL-Synthetic,6,P,png,RGB,1000,1000,3,P05.rtf,rtf,small,50275,1,375000,OK,
extended_xl,XL-Synthetic_6_P.png,XL-Synthetic,6,P,png,RGB,1000,1000,3,P05.rtf,rtf,small,50275,2,750000,OK,
extended_xl,XL-Synthetic_6_P.png,XL-Synthetic,6,P,png,RGB,1000,1000,3,P05.rtf,rtf,small,50275,3,1125000,OK,
extended_xl,XL-Synthetic_6_P.png,XL-Synthetic,6,P,png,RGB,1000,1000,3,P03.xlsx,xlsx,large,1090468,1,375000,SKIP_CAPACITY,Payload exceeds cover capacity at selected LSB depth
extended_xl,XL-Synthetic_6_P.png,XL-Synthetic,6,P,png,RGB,1000,1000,3,P03.xlsx,xlsx,large,1090468,2,750000,SKIP_CAPACITY,Payload exceeds cover capacity at selected LSB depth
extended_xl,XL-Synthetic_6_P.png,XL-Synthetic,6,P,png,RGB,1000,1000,3,P03.xlsx,xlsx,large,1090468,3,1125000,OK,
extended_xl,XL-Synthetic_6_P.png,XL-Synthetic,6,P,png,RGB,1000,1000,3,P03.xlsx,xlsx,medium,511280,1,375000,SKIP_CAPACITY,Payload exceeds cover capacity at selected LSB depth
extended_xl,XL-Synthetic_6_P.png,XL-Synthetic,6,P,png,RGB,1000,1000,3,P03.xlsx,xlsx,medium,511280,2,750000,OK,
extended_xl,XL-Synthetic_6_P.png,XL-Synthetic,6,P,png,RGB,1000,1000,3,P03.xlsx,xlsx,medium,511280,3,1125000,OK,
extended_xl,XL-Synthetic_6_P.png,XL-Synthetic,6,P,png,RGB,1000,1000,3,P03.xlsx,xlsx,small,8899,1,375000,OK,
extended_xl,XL-Synthetic_6_P.png,XL-Synthetic,6,P,png,RGB,1000,1000,3,P03.xlsx,xlsx,small,8899,2,750000,OK,
extended_xl,XL-Synthetic_6_P.png,XL-Synthetic,6,P,png,RGB,1000,1000,3,P03.xlsx,xlsx,small,8899,3,1125000,OK,
extended_xl,XL-Synthetic_7_B.bmp,XL-Synthetic,7,B,bmp,RGB,2671,2671,3,P01.docx,docx,large,1121154,1,2675340,OK,
extended_xl,XL-Synthetic_7_B.bmp,XL-Synthetic,7,B,bmp,RGB,2671,2671,3,P01.docx,docx,large,1121154,2,5350680,OK,
extended_xl,XL-Synthetic_7_B.bmp,XL-Synthetic,7,B,bmp,RGB,2671,2671,3,P01.docx,docx,large,1121154,3,8026021,OK,
extended_xl,XL-Synthetic_7_B.bmp,XL-Synthetic,7,B,bmp,RGB,2671,2671,3,P01.docx,docx,medium,511127,1,2675340,OK,
extended_xl,XL-Synthetic_7_B.bmp,XL-Synthetic,7,B,bmp,RGB,2671,2671,3,P01.docx,docx,medium,511127,2,5350680,OK,
extended_xl,XL-Synthetic_7_B.bmp,XL-Synthetic,7,B,bmp,RGB,2671,2671,3,P01.docx,docx,medium,511127,3,8026021,OK,
extended_xl,XL-Synthetic_7_B.bmp,XL-Synthetic,7,B,bmp,RGB,2671,2671,3,P01.docx,docx,small,13432,1,2675340,OK,
extended_xl,XL-Synthetic_7_B.bmp,XL-Synthetic,7,B,bmp,RGB,2671,2671,3,P01.docx,docx,small,13432,2,5350680,OK,
extended_xl,XL-Synthetic_7_B.bmp,XL-Synthetic,7,B,bmp,RGB,2671,2671,3,P01.docx,docx,small,13432,3,8026021,OK,
extended_xl,XL-Synthetic_7_B.bmp,XL-Synthetic,7,B,bmp,RGB,2671,2671,3,P06.exe,exe,large,1017856,1,2675340,OK,
extended_xl,XL-Synthetic_7_B.bmp,XL-Synthetic,7,B,bmp,RGB,2671,2671,3,P06.exe,exe,large,1017856,2,5350680,OK,
extended_xl,XL-Synthetic_7_B.bmp,XL-Synthetic,7,B,bmp,RGB,2671,2671,3,P06.exe,exe,large,1017856,3,8026021,OK,
extended_xl,XL-Synthetic_7_B.bmp,XL-Synthetic,7,B,bmp,RGB,2671,2671,3,P06.exe,exe,medium,505856,1,2675340,OK,
extended_xl,XL-Synthetic_7_B.bmp,XL-Synthetic,7,B,bmp,RGB,2671,2671,3,P06.exe,exe,medium,505856,2,5350680,OK,
extended_xl,XL-Synthetic_7_B.bmp,XL-Synthetic,7,B,bmp,RGB,2671,2671,3,P06.exe,exe,medium,505856,3,8026021,OK,
extended_xl,XL-Synthetic_7_B.bmp,XL-Synthetic,7,B,bmp,RGB,2671,2671,3,P06.exe,exe,small,40448,1,2675340,OK,
extended_xl,XL-Synthetic_7_B.bmp,XL-Synthetic,7,B,bmp,RGB,2671,2671,3,P06.exe,exe,small,40448,2,5350680,OK,
extended_xl,XL-Synthetic_7_B.bmp,XL-Synthetic,7,B,bmp,RGB,2671,2671,3,P06.exe,exe,small,40448,3,8026021,OK,
extended_xl,XL-Synthetic_7_B.bmp,XL-Synthetic,7,B,bmp,RGB,2671,2671,3,P02.pdf,pdf,large,1100144,1,2675340,OK,
extended_xl,XL-Synthetic_7_B.bmp,XL-Synthetic,7,B,bmp,RGB,2671,2671,3,P02.pdf,pdf,large,1100144,2,5350680,OK,
extended_xl,XL-Synthetic_7_B.bmp,XL-Synthetic,7,B,bmp,RGB,2671,2671,3,P02.pdf,pdf,large,1100144,3,8026021,OK,
extended_xl,XL-Synthetic_7_B.bmp,XL-Synthetic,7,B,bmp,RGB,2671,2671,3,P02.pdf,pdf,medium,510410,1,2675340,OK,
extended_xl,XL-Synthetic_7_B.bmp,XL-Synthetic,7,B,bmp,RGB,2671,2671,3,P02.pdf,pdf,medium,510410,2,5350680,OK,
extended_xl,XL-Synthetic_7_B.bmp,XL-Synthetic,7,B,bmp,RGB,2671,2671,3,P02.pdf,pdf,medium,510410,3,8026021,OK,
extended_xl,XL-Synthetic_7_B.bmp,XL-Synthetic,7,B,bmp,RGB,2671,2671,3,P02.pdf,pdf,small,16620,1,2675340,OK,
extended_xl,XL-Synthetic_7_B.bmp,XL-Synthetic,7,B,bmp,RGB,2671,2671,3,P02.pdf,pdf,small,16620,2,5350680,OK,
extended_xl,XL-Synthetic_7_B.bmp,XL-Synthetic,7,B,bmp,RGB,2671,2671,3,P02.pdf,pdf,small,16620,3,8026021,OK,
extended_xl,XL-Synthetic_7_B.bmp,XL-Synthetic,7,B,bmp,RGB,2671,2671,3,P04.pptx,pptx,large,1082610,1,2675340,OK,
extended_xl,XL-Synthetic_7_B.bmp,XL-Synthetic,7,B,bmp,RGB,2671,2671,3,P04.pptx,pptx,large,1082610,2,5350680,OK,
extended_xl,XL-Synthetic_7_B.bmp,XL-Synthetic,7,B,bmp,RGB,2671,2671,3,P04.pptx,pptx,large,1082610,3,8026021,OK,
extended_xl,XL-Synthetic_7_B.bmp,XL-Synthetic,7,B,bmp,RGB,2671,2671,3,P04.pptx,pptx,medium,512113,1,2675340,OK,
extended_xl,XL-Synthetic_7_B.bmp,XL-Synthetic,7,B,bmp,RGB,2671,2671,3,P04.pptx,pptx,medium,512113,2,5350680,OK,
extended_xl,XL-Synthetic_7_B.bmp,XL-Synthetic,7,B,bmp,RGB,2671,2671,3,P04.pptx,pptx,medium,512113,3,8026021,OK,
extended_xl,XL-Synthetic_7_B.bmp,XL-Synthetic,7,B,bmp,RGB,2671,2671,3,P04.pptx,pptx,small,32020,1,2675340,OK,
extended_xl,XL-Synthetic_7_B.bmp,XL-Synthetic,7,B,bmp,RGB,2671,2671,3,P04.pptx,pptx,small,32020,2,5350680,OK,
extended_xl,XL-Synthetic_7_B.bmp,XL-Synthetic,7,B,bmp,RGB,2671,2671,3,P04.pptx,pptx,small,32020,3,8026021,OK,
extended_xl,XL-Synthetic_7_B.bmp,XL-Synthetic,7,B,bmp,RGB,2671,2671,3,P05.rtf,rtf,large,1085026,1,2675340,OK,
extended_xl,XL-Synthetic_7_B.bmp,XL-Synthetic,7,B,bmp,RGB,2671,2671,3,P05.rtf,rtf,large,1085026,2,5350680,OK,
extended_xl,XL-Synthetic_7_B.bmp,XL-Synthetic,7,B,bmp,RGB,2671,2671,3,P05.rtf,rtf,large,1085026,3,8026021,OK,
extended_xl,XL-Synthetic_7_B.bmp,XL-Synthetic,7,B,bmp,RGB,2671,2671,3,P05.rtf,rtf,medium,511504,1,2675340,OK,
extended_xl,XL-Synthetic_7_B.bmp,XL-Synthetic,7,B,bmp,RGB,2671,2671,3,P05.rtf,rtf,medium,511504,2,5350680,OK,
extended_xl,XL-Synthetic_7_B.bmp,XL-Synthetic,7,B,bmp,RGB,2671,2671,3,P05.rtf,rtf,medium,511504,3,8026021,OK,
extended_xl,XL-Synthetic_7_B.bmp,XL-Synthetic,7,B,bmp,RGB,2671,2671,3,P05.rtf,rtf,small,50275,1,2675340,OK,
extended_xl,XL-Synthetic_7_B.bmp,XL-Synthetic,7,B,bmp,RGB,2671,2671,3,P05.rtf,rtf,small,50275,2,5350680,OK,
extended_xl,XL-Synthetic_7_B.bmp,XL-Synthetic,7,B,bmp,RGB,2671,2671,3,P05.rtf,rtf,small,50275,3,8026021,OK,
extended_xl,XL-Synthetic_7_B.bmp,XL-Synthetic,7,B,bmp,RGB,2671,2671,3,P03.xlsx,xlsx,large,1090468,1,2675340,OK,
extended_xl,XL-Synthetic_7_B.bmp,XL-Synthetic,7,B,bmp,RGB,2671,2671,3,P03.xlsx,xlsx,large,1090468,2,5350680,OK,
extended_xl,XL-Synthetic_7_B.bmp,XL-Synthetic,7,B,bmp,RGB,2671,2671,3,P03.xlsx,xlsx,large,1090468,3,8026021,OK,
extended_xl,XL-Synthetic_7_B.bmp,XL-Synthetic,7,B,bmp,RGB,2671,2671,3,P03.xlsx,xlsx,medium,511280,1,2675340,OK,
extended_xl,XL-Synthetic_7_B.bmp,XL-Synthetic,7,B,bmp,RGB,2671,2671,3,P03.xlsx,xlsx,medium,511280,2,5350680,OK,
extended_xl,XL-Synthetic_7_B.bmp,XL-Synthetic,7,B,bmp,RGB,2671,2671,3,P03.xlsx,xlsx,medium,511280,3,8026021,OK,
extended_xl,XL-Synthetic_7_B.bmp,XL-Synthetic,7,B,bmp,RGB,2671,2671,3,P03.xlsx,xlsx,small,8899,1,2675340,OK,
extended_xl,XL-Synthetic_7_B.bmp,XL-Synthetic,7,B,bmp,RGB,2671,2671,3,P03.xlsx,xlsx,small,8899,2,5350680,OK,
extended_xl,XL-Synthetic_7_B.bmp,XL-Synthetic,7,B,bmp,RGB,2671,2671,3,P03.xlsx,xlsx,small,8899,3,8026021,OK,
extended_xl,XL-Synthetic_7_P.png,XL-Synthetic,7,P,png,RGB,1000,1000,3,P01.docx,docx,large,1121154,1,375000,SKIP_CAPACITY,Payload exceeds cover capacity at selected LSB depth
extended_xl,XL-Synthetic_7_P.png,XL-Synthetic,7,P,png,RGB,1000,1000,3,P01.docx,docx,large,1121154,2,750000,SKIP_CAPACITY,Payload exceeds cover capacity at selected LSB depth
extended_xl,XL-Synthetic_7_P.png,XL-Synthetic,7,P,png,RGB,1000,1000,3,P01.docx,docx,large,1121154,3,1125000,OK,
extended_xl,XL-Synthetic_7_P.png,XL-Synthetic,7,P,png,RGB,1000,1000,3,P01.docx,docx,medium,511127,1,375000,SKIP_CAPACITY,Payload exceeds cover capacity at selected LSB depth
extended_xl,XL-Synthetic_7_P.png,XL-Synthetic,7,P,png,RGB,1000,1000,3,P01.docx,docx,medium,511127,2,750000,OK,
extended_xl,XL-Synthetic_7_P.png,XL-Synthetic,7,P,png,RGB,1000,1000,3,P01.docx,docx,medium,511127,3,1125000,OK,
extended_xl,XL-Synthetic_7_P.png,XL-Synthetic,7,P,png,RGB,1000,1000,3,P01.docx,docx,small,13432,1,375000,OK,
extended_xl,XL-Synthetic_7_P.png,XL-Synthetic,7,P,png,RGB,1000,1000,3,P01.docx,docx,small,13432,2,750000,OK,
extended_xl,XL-Synthetic_7_P.png,XL-Synthetic,7,P,png,RGB,1000,1000,3,P01.docx,docx,small,13432,3,1125000,OK,
extended_xl,XL-Synthetic_7_P.png,XL-Synthetic,7,P,png,RGB,1000,1000,3,P06.exe,exe,large,1017856,1,375000,SKIP_CAPACITY,Payload exceeds cover capacity at selected LSB depth
extended_xl,XL-Synthetic_7_P.png,XL-Synthetic,7,P,png,RGB,1000,1000,3,P06.exe,exe,large,1017856,2,750000,SKIP_CAPACITY,Payload exceeds cover capacity at selected LSB depth
extended_xl,XL-Synthetic_7_P.png,XL-Synthetic,7,P,png,RGB,1000,1000,3,P06.exe,exe,large,1017856,3,1125000,OK,
extended_xl,XL-Synthetic_7_P.png,XL-Synthetic,7,P,png,RGB,1000,1000,3,P06.exe,exe,medium,505856,1,375000,SKIP_CAPACITY,Payload exceeds cover capacity at selected LSB depth
extended_xl,XL-Synthetic_7_P.png,XL-Synthetic,7,P,png,RGB,1000,1000,3,P06.exe,exe,medium,505856,2,750000,OK,
extended_xl,XL-Synthetic_7_P.png,XL-Synthetic,7,P,png,RGB,1000,1000,3,P06.exe,exe,medium,505856,3,1125000,OK,
extended_xl,XL-Synthetic_7_P.png,XL-Synthetic,7,P,png,RGB,1000,1000,3,P06.exe,exe,small,40448,1,375000,OK,
extended_xl,XL-Synthetic_7_P.png,XL-Synthetic,7,P,png,RGB,1000,1000,3,P06.exe,exe,small,40448,2,750000,OK,
extended_xl,XL-Synthetic_7_P.png,XL-Synthetic,7,P,png,RGB,1000,1000,3,P06.exe,exe,small,40448,3,1125000,OK,
extended_xl,XL-Synthetic_7_P.png,XL-Synthetic,7,P,png,RGB,1000,1000,3,P02.pdf,pdf,large,1100144,1,375000,SKIP_CAPACITY,Payload exceeds cover capacity at selected LSB depth
extended_xl,XL-Synthetic_7_P.png,XL-Synthetic,7,P,png,RGB,1000,1000,3,P02.pdf,pdf,large,1100144,2,750000,SKIP_CAPACITY,Payload exceeds cover capacity at selected LSB depth
extended_xl,XL-Synthetic_7_P.png,XL-Synthetic,7,P,png,RGB,1000,1000,3,P02.pdf,pdf,large,1100144,3,1125000,OK,
extended_xl,XL-Synthetic_7_P.png,XL-Synthetic,7,P,png,RGB,1000,1000,3,P02.pdf,pdf,medium,510410,1,375000,SKIP_CAPACITY,Payload exceeds cover capacity at selected LSB depth
extended_xl,XL-Synthetic_7_P.png,XL-Synthetic,7,P,png,RGB,1000,1000,3,P02.pdf,pdf,medium,510410,2,750000,OK,
extended_xl,XL-Synthetic_7_P.png,XL-Synthetic,7,P,png,RGB,1000,1000,3,P02.pdf,pdf,medium,510410,3,1125000,OK,
extended_xl,XL-Synthetic_7_P.png,XL-Synthetic,7,P,png,RGB,1000,1000,3,P02.pdf,pdf,small,16620,1,375000,OK,
extended_xl,XL-Synthetic_7_P.png,XL-Synthetic,7,P,png,RGB,1000,1000,3,P02.pdf,pdf,small,16620,2,750000,OK,
extended_xl,XL-Synthetic_7_P.png,XL-Synthetic,7,P,png,RGB,1000,1000,3,P02.pdf,pdf,small,16620,3,1125000,OK,
extended_xl,XL-Synthetic_7_P.png,XL-Synthetic,7,P,png,RGB,1000,1000,3,P04.pptx,pptx,large,1082610,1,375000,SKIP_CAPACITY,Payload exceeds cover capacity at selected LSB depth
extended_xl,XL-Synthetic_7_P.png,XL-Synthetic,7,P,png,RGB,1000,1000,3,P04.pptx,pptx,large,1082610,2,750000,SKIP_CAPACITY,Payload exceeds cover capacity at selected LSB depth
extended_xl,XL-Synthetic_7_P.png,XL-Synthetic,7,P,png,RGB,1000,1000,3,P04.pptx,pptx,large,1082610,3,1125000,OK,
extended_xl,XL-Synthetic_7_P.png,XL-Synthetic,7,P,png,RGB,1000,1000,3,P04.pptx,pptx,medium,512113,1,375000,SKIP_CAPACITY,Payload exceeds cover capacity at selected LSB depth
extended_xl,XL-Synthetic_7_P.png,XL-Synthetic,7,P,png,RGB,1000,1000,3,P04.pptx,pptx,medium,512113,2,750000,OK,
extended_xl,XL-Synthetic_7_P.png,XL-Synthetic,7,P,png,RGB,1000,1000,3,P04.pptx,pptx,medium,512113,3,1125000,OK,
extended_xl,XL-Synthetic_7_P.png,XL-Synthetic,7,P,png,RGB,1000,1000,3,P04.pptx,pptx,small,32020,1,375000,OK,
extended_xl,XL-Synthetic_7_P.png,XL-Synthetic,7,P,png,RGB,1000,1000,3,P04.pptx,pptx,small,32020,2,750000,OK,
extended_xl,XL-Synthetic_7_P.png,XL-Synthetic,7,P,png,RGB,1000,1000,3,P04.pptx,pptx,small,32020,3,1125000,OK,
extended_xl,XL-Synthetic_7_P.png,XL-Synthetic,7,P,png,RGB,1000,1000,3,P05.rtf,rtf,large,1085026,1,375000,SKIP_CAPACITY,Payload exceeds cover capacity at selected LSB depth
extended_xl,XL-Synthetic_7_P.png,XL-Synthetic,7,P,png,RGB,1000,1000,3,P05.rtf,rtf,large,1085026,2,750000,SKIP_CAPACITY,Payload exceeds cover capacity at selected LSB depth
extended_xl,XL-Synthetic_7_P.png,XL-Synthetic,7,P,png,RGB,1000,1000,3,P05.rtf,rtf,large,1085026,3,1125000,OK,
extended_xl,XL-Synthetic_7_P.png,XL-Synthetic,7,P,png,RGB,1000,1000,3,P05.rtf,rtf,medium,511504,1,375000,SKIP_CAPACITY,Payload exceeds cover capacity at selected LSB depth
extended_xl,XL-Synthetic_7_P.png,XL-Synthetic,7,P,png,RGB,1000,1000,3,P05.rtf,rtf,medium,511504,2,750000,OK,
extended_xl,XL-Synthetic_7_P.png,XL-Synthetic,7,P,png,RGB,1000,1000,3,P05.rtf,rtf,medium,511504,3,1125000,OK,
extended_xl,XL-Synthetic_7_P.png,XL-Synthetic,7,P,png,RGB,1000,1000,3,P05.rtf,rtf,small,50275,1,375000,OK,
extended_xl,XL-Synthetic_7_P.png,XL-Synthetic,7,P,png,RGB,1000,1000,3,P05.rtf,rtf,small,50275,2,750000,OK,
extended_xl,XL-Synthetic_7_P.png,XL-Synthetic,7,P,png,RGB,1000,1000,3,P05.rtf,rtf,small,50275,3,1125000,OK,
extended_xl,XL-Synthetic_7_P.png,XL-Synthetic,7,P,png,RGB,1000,1000,3,P03.xlsx,xlsx,large,1090468,1,375000,SKIP_CAPACITY,Payload exceeds cover capacity at selected LSB depth
extended_xl,XL-Synthetic_7_P.png,XL-Synthetic,7,P,png,RGB,1000,1000,3,P03.xlsx,xlsx,large,1090468,2,750000,SKIP_CAPACITY,Payload exceeds cover capacity at selected LSB depth
extended_xl,XL-Synthetic_7_P.png,XL-Synthetic,7,P,png,RGB,1000,1000,3,P03.xlsx,xlsx,large,1090468,3,1125000,OK,
extended_xl,XL-Synthetic_7_P.png,XL-Synthetic,7,P,png,RGB,1000,1000,3,P03.xlsx,xlsx,medium,511280,1,375000,SKIP_CAPACITY,Payload exceeds cover capacity at selected LSB depth
extended_xl,XL-Synthetic_7_P.png,XL-Synthetic,7,P,png,RGB,1000,1000,3,P03.xlsx,xlsx,medium,511280,2,750000,OK,
extended_xl,XL-Synthetic_7_P.png,XL-Synthetic,7,P,png,RGB,1000,1000,3,P03.xlsx,xlsx,medium,511280,3,1125000,OK,
extended_xl,XL-Synthetic_7_P.png,XL-Synthetic,7,P,png,RGB,1000,1000,3,P03.xlsx,xlsx,small,8899,1,375000,OK,
extended_xl,XL-Synthetic_7_P.png,XL-Synthetic,7,P,png,RGB,1000,1000,3,P03.xlsx,xlsx,small,8899,2,750000,OK,
extended_xl,XL-Synthetic_7_P.png,XL-Synthetic,7,P,png,RGB,1000,1000,3,P03.xlsx,xlsx,small,8899,3,1125000,OK,
extended_xl,XL-Synthetic_8_B.bmp,XL-Synthetic,8,B,bmp,RGB,3289,3289,3,P01.docx,docx,large,1121154,1,4056570,OK,
extended_xl,XL-Synthetic_8_B.bmp,XL-Synthetic,8,B,bmp,RGB,3289,3289,3,P01.docx,docx,large,1121154,2,8113140,OK,
extended_xl,XL-Synthetic_8_B.bmp,XL-Synthetic,8,B,bmp,RGB,3289,3289,3,P01.docx,docx,large,1121154,3,12169711,OK,
extended_xl,XL-Synthetic_8_B.bmp,XL-Synthetic,8,B,bmp,RGB,3289,3289,3,P01.docx,docx,medium,511127,1,4056570,OK,
extended_xl,XL-Synthetic_8_B.bmp,XL-Synthetic,8,B,bmp,RGB,3289,3289,3,P01.docx,docx,medium,511127,2,8113140,OK,
extended_xl,XL-Synthetic_8_B.bmp,XL-Synthetic,8,B,bmp,RGB,3289,3289,3,P01.docx,docx,medium,511127,3,12169711,OK,
extended_xl,XL-Synthetic_8_B.bmp,XL-Synthetic,8,B,bmp,RGB,3289,3289,3,P01.docx,docx,small,13432,1,4056570,OK,
extended_xl,XL-Synthetic_8_B.bmp,XL-Synthetic,8,B,bmp,RGB,3289,3289,3,P01.docx,docx,small,13432,2,8113140,OK,
extended_xl,XL-Synthetic_8_B.bmp,XL-Synthetic,8,B,bmp,RGB,3289,3289,3,P01.docx,docx,small,13432,3,12169711,OK,
extended_xl,XL-Synthetic_8_B.bmp,XL-Synthetic,8,B,bmp,RGB,3289,3289,3,P06.exe,exe,large,1017856,1,4056570,OK,
extended_xl,XL-Synthetic_8_B.bmp,XL-Synthetic,8,B,bmp,RGB,3289,3289,3,P06.exe,exe,large,1017856,2,8113140,OK,
extended_xl,XL-Synthetic_8_B.bmp,XL-Synthetic,8,B,bmp,RGB,3289,3289,3,P06.exe,exe,large,1017856,3,12169711,OK,
extended_xl,XL-Synthetic_8_B.bmp,XL-Synthetic,8,B,bmp,RGB,3289,3289,3,P06.exe,exe,medium,505856,1,4056570,OK,
extended_xl,XL-Synthetic_8_B.bmp,XL-Synthetic,8,B,bmp,RGB,3289,3289,3,P06.exe,exe,medium,505856,2,8113140,OK,
extended_xl,XL-Synthetic_8_B.bmp,XL-Synthetic,8,B,bmp,RGB,3289,3289,3,P06.exe,exe,medium,505856,3,12169711,OK,
extended_xl,XL-Synthetic_8_B.bmp,XL-Synthetic,8,B,bmp,RGB,3289,3289,3,P06.exe,exe,small,40448,1,4056570,OK,
extended_xl,XL-Synthetic_8_B.bmp,XL-Synthetic,8,B,bmp,RGB,3289,3289,3,P06.exe,exe,small,40448,2,8113140,OK,
extended_xl,XL-Synthetic_8_B.bmp,XL-Synthetic,8,B,bmp,RGB,3289,3289,3,P06.exe,exe,small,40448,3,12169711,OK,
extended_xl,XL-Synthetic_8_B.bmp,XL-Synthetic,8,B,bmp,RGB,3289,3289,3,P02.pdf,pdf,large,1100144,1,4056570,OK,
extended_xl,XL-Synthetic_8_B.bmp,XL-Synthetic,8,B,bmp,RGB,3289,3289,3,P02.pdf,pdf,large,1100144,2,8113140,OK,
extended_xl,XL-Synthetic_8_B.bmp,XL-Synthetic,8,B,bmp,RGB,3289,3289,3,P02.pdf,pdf,large,1100144,3,12169711,OK,
extended_xl,XL-Synthetic_8_B.bmp,XL-Synthetic,8,B,bmp,RGB,3289,3289,3,P02.pdf,pdf,medium,510410,1,4056570,OK,
extended_xl,XL-Synthetic_8_B.bmp,XL-Synthetic,8,B,bmp,RGB,3289,3289,3,P02.pdf,pdf,medium,510410,2,8113140,OK,
extended_xl,XL-Synthetic_8_B.bmp,XL-Synthetic,8,B,bmp,RGB,3289,3289,3,P02.pdf,pdf,medium,510410,3,12169711,OK,
extended_xl,XL-Synthetic_8_B.bmp,XL-Synthetic,8,B,bmp,RGB,3289,3289,3,P02.pdf,pdf,small,16620,1,4056570,OK,
extended_xl,XL-Synthetic_8_B.bmp,XL-Synthetic,8,B,bmp,RGB,3289,3289,3,P02.pdf,pdf,small,16620,2,8113140,OK,
extended_xl,XL-Synthetic_8_B.bmp,XL-Synthetic,8,B,bmp,RGB,3289,3289,3,P02.pdf,pdf,small,16620,3,12169711,OK,
extended_xl,XL-Synthetic_8_B.bmp,XL-Synthetic,8,B,bmp,RGB,3289,3289,3,P04.pptx,pptx,large,1082610,1,4056570,OK,
extended_xl,XL-Synthetic_8_B.bmp,XL-Synthetic,8,B,bmp,RGB,3289,3289,3,P04.pptx,pptx,large,1082610,2,8113140,OK,
extended_xl,XL-Synthetic_8_B.bmp,XL-Synthetic,8,B,bmp,RGB,3289,3289,3,P04.pptx,pptx,large,1082610,3,12169711,OK,
extended_xl,XL-Synthetic_8_B.bmp,XL-Synthetic,8,B,bmp,RGB,3289,3289,3,P04.pptx,pptx,medium,512113,1,4056570,OK,
extended_xl,XL-Synthetic_8_B.bmp,XL-Synthetic,8,B,bmp,RGB,3289,3289,3,P04.pptx,pptx,medium,512113,2,8113140,OK,
extended_xl,XL-Synthetic_8_B.bmp,XL-Synthetic,8,B,bmp,RGB,3289,3289,3,P04.pptx,pptx,medium,512113,3,12169711,OK,
extended_xl,XL-Synthetic_8_B.bmp,XL-Synthetic,8,B,bmp,RGB,3289,3289,3,P04.pptx,pptx,small,32020,1,4056570,OK,
extended_xl,XL-Synthetic_8_B.bmp,XL-Synthetic,8,B,bmp,RGB,3289,3289,3,P04.pptx,pptx,small,32020,2,8113140,OK,
extended_xl,XL-Synthetic_8_B.bmp,XL-Synthetic,8,B,bmp,RGB,3289,3289,3,P04.pptx,pptx,small,32020,3,12169711,OK,
extended_xl,XL-Synthetic_8_B.bmp,XL-Synthetic,8,B,bmp,RGB,3289,3289,3,P05.rtf,rtf,large,1085026,1,4056570,OK,
extended_xl,XL-Synthetic_8_B.bmp,XL-Synthetic,8,B,bmp,RGB,3289,3289,3,P05.rtf,rtf,large,1085026,2,8113140,OK,
extended_xl,XL-Synthetic_8_B.bmp,XL-Synthetic,8,B,bmp,RGB,3289,3289,3,P05.rtf,rtf,large,1085026,3,12169711,OK,
extended_xl,XL-Synthetic_8_B.bmp,XL-Synthetic,8,B,bmp,RGB,3289,3289,3,P05.rtf,rtf,medium,511504,1,4056570,OK,
extended_xl,XL-Synthetic_8_B.bmp,XL-Synthetic,8,B,bmp,RGB,3289,3289,3,P05.rtf,rtf,medium,511504,2,8113140,OK,
extended_xl,XL-Synthetic_8_B.bmp,XL-Synthetic,8,B,bmp,RGB,3289,3289,3,P05.rtf,rtf,medium,511504,3,12169711,OK,
extended_xl,XL-Synthetic_8_B.bmp,XL-Synthetic,8,B,bmp,RGB,3289,3289,3,P05.rtf,rtf,small,50275,1,4056570,OK,
extended_xl,XL-Synthetic_8_B.bmp,XL-Synthetic,8,B,bmp,RGB,3289,3289,3,P05.rtf,rtf,small,50275,2,8113140,OK,
extended_xl,XL-Synthetic_8_B.bmp,XL-Synthetic,8,B,bmp,RGB,3289,3289,3,P05.rtf,rtf,small,50275,3,12169711,OK,
extended_xl,XL-Synthetic_8_B.bmp,XL-Synthetic,8,B,bmp,RGB,3289,3289,3,P03.xlsx,xlsx,large,1090468,1,4056570,OK,
extended_xl,XL-Synthetic_8_B.bmp,XL-Synthetic,8,B,bmp,RGB,3289,3289,3,P03.xlsx,xlsx,large,1090468,2,8113140,OK,
extended_xl,XL-Synthetic_8_B.bmp,XL-Synthetic,8,B,bmp,RGB,3289,3289,3,P03.xlsx,xlsx,large,1090468,3,12169711,OK,
extended_xl,XL-Synthetic_8_B.bmp,XL-Synthetic,8,B,bmp,RGB,3289,3289,3,P03.xlsx,xlsx,medium,511280,1,4056570,OK,
extended_xl,XL-Synthetic_8_B.bmp,XL-Synthetic,8,B,bmp,RGB,3289,3289,3,P03.xlsx,xlsx,medium,511280,2,8113140,OK,
extended_xl,XL-Synthetic_8_B.bmp,XL-Synthetic,8,B,bmp,RGB,3289,3289,3,P03.xlsx,xlsx,medium,511280,3,12169711,OK,
extended_xl,XL-Synthetic_8_B.bmp,XL-Synthetic,8,B,bmp,RGB,3289,3289,3,P03.xlsx,xlsx,small,8899,1,4056570,OK,
extended_xl,XL-Synthetic_8_B.bmp,XL-Synthetic,8,B,bmp,RGB,3289,3289,3,P03.xlsx,xlsx,small,8899,2,8113140,OK,
extended_xl,XL-Synthetic_8_B.bmp,XL-Synthetic,8,B,bmp,RGB,3289,3289,3,P03.xlsx,xlsx,small,8899,3,12169711,OK,
extended_xl,XL-Synthetic_8_P.png,XL-Synthetic,8,P,png,RGB,1000,1000,3,P01.docx,docx,large,1121154,1,375000,SKIP_CAPACITY,Payload exceeds cover capacity at selected LSB depth
extended_xl,XL-Synthetic_8_P.png,XL-Synthetic,8,P,png,RGB,1000,1000,3,P01.docx,docx,large,1121154,2,750000,SKIP_CAPACITY,Payload exceeds cover capacity at selected LSB depth
extended_xl,XL-Synthetic_8_P.png,XL-Synthetic,8,P,png,RGB,1000,1000,3,P01.docx,docx,large,1121154,3,1125000,OK,
extended_xl,XL-Synthetic_8_P.png,XL-Synthetic,8,P,png,RGB,1000,1000,3,P01.docx,docx,medium,511127,1,375000,SKIP_CAPACITY,Payload exceeds cover capacity at selected LSB depth
extended_xl,XL-Synthetic_8_P.png,XL-Synthetic,8,P,png,RGB,1000,1000,3,P01.docx,docx,medium,511127,2,750000,OK,
extended_xl,XL-Synthetic_8_P.png,XL-Synthetic,8,P,png,RGB,1000,1000,3,P01.docx,docx,medium,511127,3,1125000,OK,
extended_xl,XL-Synthetic_8_P.png,XL-Synthetic,8,P,png,RGB,1000,1000,3,P01.docx,docx,small,13432,1,375000,OK,
extended_xl,XL-Synthetic_8_P.png,XL-Synthetic,8,P,png,RGB,1000,1000,3,P01.docx,docx,small,13432,2,750000,OK,
extended_xl,XL-Synthetic_8_P.png,XL-Synthetic,8,P,png,RGB,1000,1000,3,P01.docx,docx,small,13432,3,1125000,OK,
extended_xl,XL-Synthetic_8_P.png,XL-Synthetic,8,P,png,RGB,1000,1000,3,P06.exe,exe,large,1017856,1,375000,SKIP_CAPACITY,Payload exceeds cover capacity at selected LSB depth
extended_xl,XL-Synthetic_8_P.png,XL-Synthetic,8,P,png,RGB,1000,1000,3,P06.exe,exe,large,1017856,2,750000,SKIP_CAPACITY,Payload exceeds cover capacity at selected LSB depth
extended_xl,XL-Synthetic_8_P.png,XL-Synthetic,8,P,png,RGB,1000,1000,3,P06.exe,exe,large,1017856,3,1125000,OK,
extended_xl,XL-Synthetic_8_P.png,XL-Synthetic,8,P,png,RGB,1000,1000,3,P06.exe,exe,medium,505856,1,375000,SKIP_CAPACITY,Payload exceeds cover capacity at selected LSB depth
extended_xl,XL-Synthetic_8_P.png,XL-Synthetic,8,P,png,RGB,1000,1000,3,P06.exe,exe,medium,505856,2,750000,OK,
extended_xl,XL-Synthetic_8_P.png,XL-Synthetic,8,P,png,RGB,1000,1000,3,P06.exe,exe,medium,505856,3,1125000,OK,
extended_xl,XL-Synthetic_8_P.png,XL-Synthetic,8,P,png,RGB,1000,1000,3,P06.exe,exe,small,40448,1,375000,OK,
extended_xl,XL-Synthetic_8_P.png,XL-Synthetic,8,P,png,RGB,1000,1000,3,P06.exe,exe,small,40448,2,750000,OK,
extended_xl,XL-Synthetic_8_P.png,XL-Synthetic,8,P,png,RGB,1000,1000,3,P06.exe,exe,small,40448,3,1125000,OK,
extended_xl,XL-Synthetic_8_P.png,XL-Synthetic,8,P,png,RGB,1000,1000,3,P02.pdf,pdf,large,1100144,1,375000,SKIP_CAPACITY,Payload exceeds cover capacity at selected LSB depth
extended_xl,XL-Synthetic_8_P.png,XL-Synthetic,8,P,png,RGB,1000,1000,3,P02.pdf,pdf,large,1100144,2,750000,SKIP_CAPACITY,Payload exceeds cover capacity at selected LSB depth
extended_xl,XL-Synthetic_8_P.png,XL-Synthetic,8,P,png,RGB,1000,1000,3,P02.pdf,pdf,large,1100144,3,1125000,OK,
extended_xl,XL-Synthetic_8_P.png,XL-Synthetic,8,P,png,RGB,1000,1000,3,P02.pdf,pdf,medium,510410,1,375000,SKIP_CAPACITY,Payload exceeds cover capacity at selected LSB depth
extended_xl,XL-Synthetic_8_P.png,XL-Synthetic,8,P,png,RGB,1000,1000,3,P02.pdf,pdf,medium,510410,2,750000,OK,
extended_xl,XL-Synthetic_8_P.png,XL-Synthetic,8,P,png,RGB,1000,1000,3,P02.pdf,pdf,medium,510410,3,1125000,OK,
extended_xl,XL-Synthetic_8_P.png,XL-Synthetic,8,P,png,RGB,1000,1000,3,P02.pdf,pdf,small,16620,1,375000,OK,
extended_xl,XL-Synthetic_8_P.png,XL-Synthetic,8,P,png,RGB,1000,1000,3,P02.pdf,pdf,small,16620,2,750000,OK,
extended_xl,XL-Synthetic_8_P.png,XL-Synthetic,8,P,png,RGB,1000,1000,3,P02.pdf,pdf,small,16620,3,1125000,OK,
extended_xl,XL-Synthetic_8_P.png,XL-Synthetic,8,P,png,RGB,1000,1000,3,P04.pptx,pptx,large,1082610,1,375000,SKIP_CAPACITY,Payload exceeds cover capacity at selected LSB depth
extended_xl,XL-Synthetic_8_P.png,XL-Synthetic,8,P,png,RGB,1000,1000,3,P04.pptx,pptx,large,1082610,2,750000,SKIP_CAPACITY,Payload exceeds cover capacity at selected LSB depth
extended_xl,XL-Synthetic_8_P.png,XL-Synthetic,8,P,png,RGB,1000,1000,3,P04.pptx,pptx,large,1082610,3,1125000,OK,
extended_xl,XL-Synthetic_8_P.png,XL-Synthetic,8,P,png,RGB,1000,1000,3,P04.pptx,pptx,medium,512113,1,375000,SKIP_CAPACITY,Payload exceeds cover capacity at selected LSB depth
extended_xl,XL-Synthetic_8_P.png,XL-Synthetic,8,P,png,RGB,1000,1000,3,P04.pptx,pptx,medium,512113,2,750000,OK,
extended_xl,XL-Synthetic_8_P.png,XL-Synthetic,8,P,png,RGB,1000,1000,3,P04.pptx,pptx,medium,512113,3,1125000,OK,
extended_xl,XL-Synthetic_8_P.png,XL-Synthetic,8,P,png,RGB,1000,1000,3,P04.pptx,pptx,small,32020,1,375000,OK,
extended_xl,XL-Synthetic_8_P.png,XL-Synthetic,8,P,png,RGB,1000,1000,3,P04.pptx,pptx,small,32020,2,750000,OK,
extended_xl,XL-Synthetic_8_P.png,XL-Synthetic,8,P,png,RGB,1000,1000,3,P04.pptx,pptx,small,32020,3,1125000,OK,
extended_xl,XL-Synthetic_8_P.png,XL-Synthetic,8,P,png,RGB,1000,1000,3,P05.rtf,rtf,large,1085026,1,375000,SKIP_CAPACITY,Payload exceeds cover capacity at selected LSB depth
extended_xl,XL-Synthetic_8_P.png,XL-Synthetic,8,P,png,RGB,1000,1000,3,P05.rtf,rtf,large,1085026,2,750000,SKIP_CAPACITY,Payload exceeds cover capacity at selected LSB depth
extended_xl,XL-Synthetic_8_P.png,XL-Synthetic,8,P,png,RGB,1000,1000,3,P05.rtf,rtf,large,1085026,3,1125000,OK,
extended_xl,XL-Synthetic_8_P.png,XL-Synthetic,8,P,png,RGB,1000,1000,3,P05.rtf,rtf,medium,511504,1,375000,SKIP_CAPACITY,Payload exceeds cover capacity at selected LSB depth
extended_xl,XL-Synthetic_8_P.png,XL-Synthetic,8,P,png,RGB,1000,1000,3,P05.rtf,rtf,medium,511504,2,750000,OK,
extended_xl,XL-Synthetic_8_P.png,XL-Synthetic,8,P,png,RGB,1000,1000,3,P05.rtf,rtf,medium,511504,3,1125000,OK,
extended_xl,XL-Synthetic_8_P.png,XL-Synthetic,8,P,png,RGB,1000,1000,3,P05.rtf,rtf,small,50275,1,375000,OK,
extended_xl,XL-Synthetic_8_P.png,XL-Synthetic,8,P,png,RGB,1000,1000,3,P05.rtf,rtf,small,50275,2,750000,OK,
extended_xl,XL-Synthetic_8_P.png,XL-Synthetic,8,P,png,RGB,1000,1000,3,P05.rtf,rtf,small,50275,3,1125000,OK,
extended_xl,XL-Synthetic_8_P.png,XL-Synthetic,8,P,png,RGB,1000,1000,3,P03.xlsx,xlsx,large,1090468,1,375000,SKIP_CAPACITY,Payload exceeds cover capacity at selected LSB depth
extended_xl,XL-Synthetic_8_P.png,XL-Synthetic,8,P,png,RGB,1000,1000,3,P03.xlsx,xlsx,large,1090468,2,750000,SKIP_CAPACITY,Payload exceeds cover capacity at selected LSB depth
extended_xl,XL-Synthetic_8_P.png,XL-Synthetic,8,P,png,RGB,1000,1000,3,P03.xlsx,xlsx,large,1090468,3,1125000,OK,
extended_xl,XL-Synthetic_8_P.png,XL-Synthetic,8,P,png,RGB,1000,1000,3,P03.xlsx,xlsx,medium,511280,1,375000,SKIP_CAPACITY,Payload exceeds cover capacity at selected LSB depth
extended_xl,XL-Synthetic_8_P.png,XL-Synthetic,8,P,png,RGB,1000,1000,3,P03.xlsx,xlsx,medium,511280,2,750000,OK,
extended_xl,XL-Synthetic_8_P.png,XL-Synthetic,8,P,png,RGB,1000,1000,3,P03.xlsx,xlsx,medium,511280,3,1125000,OK,
extended_xl,XL-Synthetic_8_P.png,XL-Synthetic,8,P,png,RGB,1000,1000,3,P03.xlsx,xlsx,small,8899,1,375000,OK,
extended_xl,XL-Synthetic_8_P.png,XL-Synthetic,8,P,png,RGB,1000,1000,3,P03.xlsx,xlsx,small,8899,2,750000,OK,
extended_xl,XL-Synthetic_8_P.png,XL-Synthetic,8,P,png,RGB,1000,1000,3,P03.xlsx,xlsx,small,8899,3,1125000,OK,
extended_xl,XL-Synthetic_9_B.bmp,XL-Synthetic,9,B,bmp,RGB,3783,3783,3,P01.docx,docx,large,1121154,1,5366658,OK,
extended_xl,XL-Synthetic_9_B.bmp,XL-Synthetic,9,B,bmp,RGB,3783,3783,3,P01.docx,docx,large,1121154,2,10733316,OK,
extended_xl,XL-Synthetic_9_B.bmp,XL-Synthetic,9,B,bmp,RGB,3783,3783,3,P01.docx,docx,large,1121154,3,16099975,OK,
extended_xl,XL-Synthetic_9_B.bmp,XL-Synthetic,9,B,bmp,RGB,3783,3783,3,P01.docx,docx,medium,511127,1,5366658,OK,
extended_xl,XL-Synthetic_9_B.bmp,XL-Synthetic,9,B,bmp,RGB,3783,3783,3,P01.docx,docx,medium,511127,2,10733316,OK,
extended_xl,XL-Synthetic_9_B.bmp,XL-Synthetic,9,B,bmp,RGB,3783,3783,3,P01.docx,docx,medium,511127,3,16099975,OK,
extended_xl,XL-Synthetic_9_B.bmp,XL-Synthetic,9,B,bmp,RGB,3783,3783,3,P01.docx,docx,small,13432,1,5366658,OK,
extended_xl,XL-Synthetic_9_B.bmp,XL-Synthetic,9,B,bmp,RGB,3783,3783,3,P01.docx,docx,small,13432,2,10733316,OK,
extended_xl,XL-Synthetic_9_B.bmp,XL-Synthetic,9,B,bmp,RGB,3783,3783,3,P01.docx,docx,small,13432,3,16099975,OK,
extended_xl,XL-Synthetic_9_B.bmp,XL-Synthetic,9,B,bmp,RGB,3783,3783,3,P06.exe,exe,large,1017856,1,5366658,OK,
extended_xl,XL-Synthetic_9_B.bmp,XL-Synthetic,9,B,bmp,RGB,3783,3783,3,P06.exe,exe,large,1017856,2,10733316,OK,
extended_xl,XL-Synthetic_9_B.bmp,XL-Synthetic,9,B,bmp,RGB,3783,3783,3,P06.exe,exe,large,1017856,3,16099975,OK,
extended_xl,XL-Synthetic_9_B.bmp,XL-Synthetic,9,B,bmp,RGB,3783,3783,3,P06.exe,exe,medium,505856,1,5366658,OK,
extended_xl,XL-Synthetic_9_B.bmp,XL-Synthetic,9,B,bmp,RGB,3783,3783,3,P06.exe,exe,medium,505856,2,10733316,OK,
extended_xl,XL-Synthetic_9_B.bmp,XL-Synthetic,9,B,bmp,RGB,3783,3783,3,P06.exe,exe,medium,505856,3,16099975,OK,
extended_xl,XL-Synthetic_9_B.bmp,XL-Synthetic,9,B,bmp,RGB,3783,3783,3,P06.exe,exe,small,40448,1,5366658,OK,
extended_xl,XL-Synthetic_9_B.bmp,XL-Synthetic,9,B,bmp,RGB,3783,3783,3,P06.exe,exe,small,40448,2,10733316,OK,
extended_xl,XL-Synthetic_9_B.bmp,XL-Synthetic,9,B,bmp,RGB,3783,3783,3,P06.exe,exe,small,40448,3,16099975,OK,
extended_xl,XL-Synthetic_9_B.bmp,XL-Synthetic,9,B,bmp,RGB,3783,3783,3,P02.pdf,pdf,large,1100144,1,5366658,OK,
extended_xl,XL-Synthetic_9_B.bmp,XL-Synthetic,9,B,bmp,RGB,3783,3783,3,P02.pdf,pdf,large,1100144,2,10733316,OK,
extended_xl,XL-Synthetic_9_B.bmp,XL-Synthetic,9,B,bmp,RGB,3783,3783,3,P02.pdf,pdf,large,1100144,3,16099975,OK,
extended_xl,XL-Synthetic_9_B.bmp,XL-Synthetic,9,B,bmp,RGB,3783,3783,3,P02.pdf,pdf,medium,510410,1,5366658,OK,
extended_xl,XL-Synthetic_9_B.bmp,XL-Synthetic,9,B,bmp,RGB,3783,3783,3,P02.pdf,pdf,medium,510410,2,10733316,OK,
extended_xl,XL-Synthetic_9_B.bmp,XL-Synthetic,9,B,bmp,RGB,3783,3783,3,P02.pdf,pdf,medium,510410,3,16099975,OK,
extended_xl,XL-Synthetic_9_B.bmp,XL-Synthetic,9,B,bmp,RGB,3783,3783,3,P02.pdf,pdf,small,16620,1,5366658,OK,
extended_xl,XL-Synthetic_9_B.bmp,XL-Synthetic,9,B,bmp,RGB,3783,3783,3,P02.pdf,pdf,small,16620,2,10733316,OK,
extended_xl,XL-Synthetic_9_B.bmp,XL-Synthetic,9,B,bmp,RGB,3783,3783,3,P02.pdf,pdf,small,16620,3,16099975,OK,
extended_xl,XL-Synthetic_9_B.bmp,XL-Synthetic,9,B,bmp,RGB,3783,3783,3,P04.pptx,pptx,large,1082610,1,5366658,OK,
extended_xl,XL-Synthetic_9_B.bmp,XL-Synthetic,9,B,bmp,RGB,3783,3783,3,P04.pptx,pptx,large,1082610,2,10733316,OK,
extended_xl,XL-Synthetic_9_B.bmp,XL-Synthetic,9,B,bmp,RGB,3783,3783,3,P04.pptx,pptx,large,1082610,3,16099975,OK,
extended_xl,XL-Synthetic_9_B.bmp,XL-Synthetic,9,B,bmp,RGB,3783,3783,3,P04.pptx,pptx,medium,512113,1,5366658,OK,
extended_xl,XL-Synthetic_9_B.bmp,XL-Synthetic,9,B,bmp,RGB,3783,3783,3,P04.pptx,pptx,medium,512113,2,10733316,OK,
extended_xl,XL-Synthetic_9_B.bmp,XL-Synthetic,9,B,bmp,RGB,3783,3783,3,P04.pptx,pptx,medium,512113,3,16099975,OK,
extended_xl,XL-Synthetic_9_B.bmp,XL-Synthetic,9,B,bmp,RGB,3783,3783,3,P04.pptx,pptx,small,32020,1,5366658,OK,
extended_xl,XL-Synthetic_9_B.bmp,XL-Synthetic,9,B,bmp,RGB,3783,3783,3,P04.pptx,pptx,small,32020,2,10733316,OK,
extended_xl,XL-Synthetic_9_B.bmp,XL-Synthetic,9,B,bmp,RGB,3783,3783,3,P04.pptx,pptx,small,32020,3,16099975,OK,
extended_xl,XL-Synthetic_9_B.bmp,XL-Synthetic,9,B,bmp,RGB,3783,3783,3,P05.rtf,rtf,large,1085026,1,5366658,OK,
extended_xl,XL-Synthetic_9_B.bmp,XL-Synthetic,9,B,bmp,RGB,3783,3783,3,P05.rtf,rtf,large,1085026,2,10733316,OK,
extended_xl,XL-Synthetic_9_B.bmp,XL-Synthetic,9,B,bmp,RGB,3783,3783,3,P05.rtf,rtf,large,1085026,3,16099975,OK,
extended_xl,XL-Synthetic_9_B.bmp,XL-Synthetic,9,B,bmp,RGB,3783,3783,3,P05.rtf,rtf,medium,511504,1,5366658,OK,
extended_xl,XL-Synthetic_9_B.bmp,XL-Synthetic,9,B,bmp,RGB,3783,3783,3,P05.rtf,rtf,medium,511504,2,10733316,OK,
extended_xl,XL-Synthetic_9_B.bmp,XL-Synthetic,9,B,bmp,RGB,3783,3783,3,P05.rtf,rtf,medium,511504,3,16099975,OK,
extended_xl,XL-Synthetic_9_B.bmp,XL-Synthetic,9,B,bmp,RGB,3783,3783,3,P05.rtf,rtf,small,50275,1,5366658,OK,
extended_xl,XL-Synthetic_9_B.bmp,XL-Synthetic,9,B,bmp,RGB,3783,3783,3,P05.rtf,rtf,small,50275,2,10733316,OK,
extended_xl,XL-Synthetic_9_B.bmp,XL-Synthetic,9,B,bmp,RGB,3783,3783,3,P05.rtf,rtf,small,50275,3,16099975,OK,
extended_xl,XL-Synthetic_9_B.bmp,XL-Synthetic,9,B,bmp,RGB,3783,3783,3,P03.xlsx,xlsx,large,1090468,1,5366658,OK,
extended_xl,XL-Synthetic_9_B.bmp,XL-Synthetic,9,B,bmp,RGB,3783,3783,3,P03.xlsx,xlsx,large,1090468,2,10733316,OK,
extended_xl,XL-Synthetic_9_B.bmp,XL-Synthetic,9,B,bmp,RGB,3783,3783,3,P03.xlsx,xlsx,large,1090468,3,16099975,OK,
extended_xl,XL-Synthetic_9_B.bmp,XL-Synthetic,9,B,bmp,RGB,3783,3783,3,P03.xlsx,xlsx,medium,511280,1,5366658,OK,
extended_xl,XL-Synthetic_9_B.bmp,XL-Synthetic,9,B,bmp,RGB,3783,3783,3,P03.xlsx,xlsx,medium,511280,2,10733316,OK,
extended_xl,XL-Synthetic_9_B.bmp,XL-Synthetic,9,B,bmp,RGB,3783,3783,3,P03.xlsx,xlsx,medium,511280,3,16099975,OK,
extended_xl,XL-Synthetic_9_B.bmp,XL-Synthetic,9,B,bmp,RGB,3783,3783,3,P03.xlsx,xlsx,small,8899,1,5366658,OK,
extended_xl,XL-Synthetic_9_B.bmp,XL-Synthetic,9,B,bmp,RGB,3783,3783,3,P03.xlsx,xlsx,small,8899,2,10733316,OK,
extended_xl,XL-Synthetic_9_B.bmp,XL-Synthetic,9,B,bmp,RGB,3783,3783,3,P03.xlsx,xlsx,small,8899,3,16099975,OK,
extended_xl,XL-Synthetic_9_P.png,XL-Synthetic,9,P,png,RGB,1000,1000,3,P01.docx,docx,large,1121154,1,375000,SKIP_CAPACITY,Payload exceeds cover capacity at selected LSB depth
extended_xl,XL-Synthetic_9_P.png,XL-Synthetic,9,P,png,RGB,1000,1000,3,P01.docx,docx,large,1121154,2,750000,SKIP_CAPACITY,Payload exceeds cover capacity at selected LSB depth
extended_xl,XL-Synthetic_9_P.png,XL-Synthetic,9,P,png,RGB,1000,1000,3,P01.docx,docx,large,1121154,3,1125000,OK,
extended_xl,XL-Synthetic_9_P.png,XL-Synthetic,9,P,png,RGB,1000,1000,3,P01.docx,docx,medium,511127,1,375000,SKIP_CAPACITY,Payload exceeds cover capacity at selected LSB depth
extended_xl,XL-Synthetic_9_P.png,XL-Synthetic,9,P,png,RGB,1000,1000,3,P01.docx,docx,medium,511127,2,750000,OK,
extended_xl,XL-Synthetic_9_P.png,XL-Synthetic,9,P,png,RGB,1000,1000,3,P01.docx,docx,medium,511127,3,1125000,OK,
extended_xl,XL-Synthetic_9_P.png,XL-Synthetic,9,P,png,RGB,1000,1000,3,P01.docx,docx,small,13432,1,375000,OK,
extended_xl,XL-Synthetic_9_P.png,XL-Synthetic,9,P,png,RGB,1000,1000,3,P01.docx,docx,small,13432,2,750000,OK,
extended_xl,XL-Synthetic_9_P.png,XL-Synthetic,9,P,png,RGB,1000,1000,3,P01.docx,docx,small,13432,3,1125000,OK,
extended_xl,XL-Synthetic_9_P.png,XL-Synthetic,9,P,png,RGB,1000,1000,3,P06.exe,exe,large,1017856,1,375000,SKIP_CAPACITY,Payload exceeds cover capacity at selected LSB depth
extended_xl,XL-Synthetic_9_P.png,XL-Synthetic,9,P,png,RGB,1000,1000,3,P06.exe,exe,large,1017856,2,750000,SKIP_CAPACITY,Payload exceeds cover capacity at selected LSB depth
extended_xl,XL-Synthetic_9_P.png,XL-Synthetic,9,P,png,RGB,1000,1000,3,P06.exe,exe,large,1017856,3,1125000,OK,
extended_xl,XL-Synthetic_9_P.png,XL-Synthetic,9,P,png,RGB,1000,1000,3,P06.exe,exe,medium,505856,1,375000,SKIP_CAPACITY,Payload exceeds cover capacity at selected LSB depth
extended_xl,XL-Synthetic_9_P.png,XL-Synthetic,9,P,png,RGB,1000,1000,3,P06.exe,exe,medium,505856,2,750000,OK,
extended_xl,XL-Synthetic_9_P.png,XL-Synthetic,9,P,png,RGB,1000,1000,3,P06.exe,exe,medium,505856,3,1125000,OK,
extended_xl,XL-Synthetic_9_P.png,XL-Synthetic,9,P,png,RGB,1000,1000,3,P06.exe,exe,small,40448,1,375000,OK,
extended_xl,XL-Synthetic_9_P.png,XL-Synthetic,9,P,png,RGB,1000,1000,3,P06.exe,exe,small,40448,2,750000,OK,
extended_xl,XL-Synthetic_9_P.png,XL-Synthetic,9,P,png,RGB,1000,1000,3,P06.exe,exe,small,40448,3,1125000,OK,
extended_xl,XL-Synthetic_9_P.png,XL-Synthetic,9,P,png,RGB,1000,1000,3,P02.pdf,pdf,large,1100144,1,375000,SKIP_CAPACITY,Payload exceeds cover capacity at selected LSB depth
extended_xl,XL-Synthetic_9_P.png,XL-Synthetic,9,P,png,RGB,1000,1000,3,P02.pdf,pdf,large,1100144,2,750000,SKIP_CAPACITY,Payload exceeds cover capacity at selected LSB depth
extended_xl,XL-Synthetic_9_P.png,XL-Synthetic,9,P,png,RGB,1000,1000,3,P02.pdf,pdf,large,1100144,3,1125000,OK,
extended_xl,XL-Synthetic_9_P.png,XL-Synthetic,9,P,png,RGB,1000,1000,3,P02.pdf,pdf,medium,510410,1,375000,SKIP_CAPACITY,Payload exceeds cover capacity at selected LSB depth
extended_xl,XL-Synthetic_9_P.png,XL-Synthetic,9,P,png,RGB,1000,1000,3,P02.pdf,pdf,medium,510410,2,750000,OK,
extended_xl,XL-Synthetic_9_P.png,XL-Synthetic,9,P,png,RGB,1000,1000,3,P02.pdf,pdf,medium,510410,3,1125000,OK,
extended_xl,XL-Synthetic_9_P.png,XL-Synthetic,9,P,png,RGB,1000,1000,3,P02.pdf,pdf,small,16620,1,375000,OK,
extended_xl,XL-Synthetic_9_P.png,XL-Synthetic,9,P,png,RGB,1000,1000,3,P02.pdf,pdf,small,16620,2,750000,OK,
extended_xl,XL-Synthetic_9_P.png,XL-Synthetic,9,P,png,RGB,1000,1000,3,P02.pdf,pdf,small,16620,3,1125000,OK,
extended_xl,XL-Synthetic_9_P.png,XL-Synthetic,9,P,png,RGB,1000,1000,3,P04.pptx,pptx,large,1082610,1,375000,SKIP_CAPACITY,Payload exceeds cover capacity at selected LSB depth
extended_xl,XL-Synthetic_9_P.png,XL-Synthetic,9,P,png,RGB,1000,1000,3,P04.pptx,pptx,large,1082610,2,750000,SKIP_CAPACITY,Payload exceeds cover capacity at selected LSB depth
extended_xl,XL-Synthetic_9_P.png,XL-Synthetic,9,P,png,RGB,1000,1000,3,P04.pptx,pptx,large,1082610,3,1125000,OK,
extended_xl,XL-Synthetic_9_P.png,XL-Synthetic,9,P,png,RGB,1000,1000,3,P04.pptx,pptx,medium,512113,1,375000,SKIP_CAPACITY,Payload exceeds cover capacity at selected LSB depth
extended_xl,XL-Synthetic_9_P.png,XL-Synthetic,9,P,png,RGB,1000,1000,3,P04.pptx,pptx,medium,512113,2,750000,OK,
extended_xl,XL-Synthetic_9_P.png,XL-Synthetic,9,P,png,RGB,1000,1000,3,P04.pptx,pptx,medium,512113,3,1125000,OK,
extended_xl,XL-Synthetic_9_P.png,XL-Synthetic,9,P,png,RGB,1000,1000,3,P04.pptx,pptx,small,32020,1,375000,OK,
extended_xl,XL-Synthetic_9_P.png,XL-Synthetic,9,P,png,RGB,1000,1000,3,P04.pptx,pptx,small,32020,2,750000,OK,
extended_xl,XL-Synthetic_9_P.png,XL-Synthetic,9,P,png,RGB,1000,1000,3,P04.pptx,pptx,small,32020,3,1125000,OK,
extended_xl,XL-Synthetic_9_P.png,XL-Synthetic,9,P,png,RGB,1000,1000,3,P05.rtf,rtf,large,1085026,1,375000,SKIP_CAPACITY,Payload exceeds cover capacity at selected LSB depth
extended_xl,XL-Synthetic_9_P.png,XL-Synthetic,9,P,png,RGB,1000,1000,3,P05.rtf,rtf,large,1085026,2,750000,SKIP_CAPACITY,Payload exceeds cover capacity at selected LSB depth
extended_xl,XL-Synthetic_9_P.png,XL-Synthetic,9,P,png,RGB,1000,1000,3,P05.rtf,rtf,large,1085026,3,1125000,OK,
extended_xl,XL-Synthetic_9_P.png,XL-Synthetic,9,P,png,RGB,1000,1000,3,P05.rtf,rtf,medium,511504,1,375000,SKIP_CAPACITY,Payload exceeds cover capacity at selected LSB depth
extended_xl,XL-Synthetic_9_P.png,XL-Synthetic,9,P,png,RGB,1000,1000,3,P05.rtf,rtf,medium,511504,2,750000,OK,
extended_xl,XL-Synthetic_9_P.png,XL-Synthetic,9,P,png,RGB,1000,1000,3,P05.rtf,rtf,medium,511504,3,1125000,OK,
extended_xl,XL-Synthetic_9_P.png,XL-Synthetic,9,P,png,RGB,1000,1000,3,P05.rtf,rtf,small,50275,1,375000,OK,
extended_xl,XL-Synthetic_9_P.png,XL-Synthetic,9,P,png,RGB,1000,1000,3,P05.rtf,rtf,small,50275,2,750000,OK,
extended_xl,XL-Synthetic_9_P.png,XL-Synthetic,9,P,png,RGB,1000,1000,3,P05.rtf,rtf,small,50275,3,1125000,OK,
extended_xl,XL-Synthetic_9_P.png,XL-Synthetic,9,P,png,RGB,1000,1000,3,P03.xlsx,xlsx,large,1090468,1,375000,SKIP_CAPACITY,Payload exceeds cover capacity at selected LSB depth
extended_xl,XL-Synthetic_9_P.png,XL-Synthetic,9,P,png,RGB,1000,1000,3,P03.xlsx,xlsx,large,1090468,2,750000,SKIP_CAPACITY,Payload exceeds cover capacity at selected LSB depth
extended_xl,XL-Synthetic_9_P.png,XL-Synthetic,9,P,png,RGB,1000,1000,3,P03.xlsx,xlsx,large,1090468,3,1125000,OK,
extended_xl,XL-Synthetic_9_P.png,XL-Synthetic,9,P,png,RGB,1000,1000,3,P03.xlsx,xlsx,medium,511280,1,375000,SKIP_CAPACITY,Payload exceeds cover capacity at selected LSB depth
extended_xl,XL-Synthetic_9_P.png,XL-Synthetic,9,P,png,RGB,1000,1000,3,P03.xlsx,xlsx,medium,511280,2,750000,OK,
extended_xl,XL-Synthetic_9_P.png,XL-Synthetic,9,P,png,RGB,1000,1000,3,P03.xlsx,xlsx,medium,511280,3,1125000,OK,
extended_xl,XL-Synthetic_9_P.png,XL-Synthetic,9,P,png,RGB,1000,1000,3,P03.xlsx,xlsx,small,8899,1,375000,OK,
extended_xl,XL-Synthetic_9_P.png,XL-Synthetic,9,P,png,RGB,1000,1000,3,P03.xlsx,xlsx,small,8899,2,750000,OK,
extended_xl,XL-Synthetic_9_P.png,XL-Synthetic,9,P,png,RGB,1000,1000,3,P03.xlsx,xlsx,small,8899,3,1125000,OK,
