stego_filename,subset,cover_filename,cover_category,cover_size_label,cover_format,payload_filename,payload_type,payload_size_class,lsb,expected_type,predicted_type,correct,status,runtime_seconds
Flat-Color_1_S__docx_small__lsb1.bmp,core,Flat-Color_1_S.bmp,Flat-Color,S,bmp,P01.docx,DOCX,small,1,DOCX,DOCX,1,ok,0.291429
Flat-Color_1_S__docx_small__lsb2.bmp,core,Flat-Color_1_S.bmp,Flat-Color,S,bmp,P01.docx,DOCX,small,2,DOCX,DOCX,1,ok,0.221876
Flat-Color_1_S__docx_small__lsb3.bmp,core,Flat-Color_1_S.bmp,Flat-Color,S,bmp,P01.docx,DOCX,small,3,DOCX,DOCX,1,ok,0.235444
Flat-Color_1_S__exe_small__lsb1.bmp,core,Flat-Color_1_S.bmp,Flat-Color,S,bmp,P06.exe,EXE,small,1,EXE,EXE,1,ok,0.235590
Flat-Color_1_S__exe_small__lsb2.bmp,core,Flat-Color_1_S.bmp,Flat-Color,S,bmp,P06.exe,EXE,small,2,EXE,EXE,1,ok,0.184657
Flat-Color_1_S__exe_small__lsb3.bmp,core,Flat-Color_1_S.bmp,Flat-Color,S,bmp,P06.exe,EXE,small,3,EXE,EXE,1,ok,0.171048
Flat-Color_1_S__pdf_small__lsb1.bmp,core,Flat-Color_1_S.bmp,Flat-Color,S,bmp,P02.pdf,PDF,small,1,PDF,PDF,1,ok,0.181663
Flat-Color_1_S__pdf_small__lsb2.bmp,core,Flat-Color_1_S.bmp,Flat-Color,S,bmp,P02.pdf,PDF,small,2,PDF,PDF,1,ok,0.194374
Flat-Color_1_S__pdf_small__lsb3.bmp,core,Flat-Color_1_S.bmp,Flat-Color,S,bmp,P02.pdf,PDF,small,3,PDF,PDF,1,ok,0.195789
Flat-Color_1_S__pptx_small__lsb1.bmp,core,Flat-Color_1_S.bmp,Flat-Color,S,bmp,P04.pptx,PPTX,small,1,PPTX,PPTX,1,ok,0.193970
Flat-Color_1_S__pptx_small__lsb2.bmp,core,Flat-Color_1_S.bmp,Flat-Color,S,bmp,P04.pptx,PPTX,small,2,PPTX,PPTX,1,ok,0.182260
Flat-Color_1_S__pptx_small__lsb3.bmp,core,Flat-Color_1_S.bmp,Flat-Color,S,bmp,P04.pptx,PPTX,small,3,PPTX,PPTX,1,ok,0.196972
Flat-Color_1_S__rtf_small__lsb1.bmp,core,Flat-Color_1_S.bmp,Flat-Color,S,bmp,P05.rtf,RTF,small,1,RTF,RTF,1,ok,0.182145
Flat-Color_1_S__rtf_small__lsb2.bmp,core,Flat-Color_1_S.bmp,Flat-Color,S,bmp,P05.rtf,RTF,small,2,RTF,RTF,1,ok,0.203173
Flat-Color_1_S__rtf_small__lsb3.bmp,core,Flat-Color_1_S.bmp,Flat-Color,S,bmp,P05.rtf,RTF,small,3,RTF,RTF,1,ok,0.187870
Flat-Color_1_S__xlsx_small__lsb1.bmp,core,Flat-Color_1_S.bmp,Flat-Color,S,bmp,P03.xlsx,XLSX,small,1,XLSX,XLSX,1,ok,0.243033
Flat-Color_1_S__xlsx_small__lsb2.bmp,core,Flat-Color_1_S.bmp,Flat-Color,S,bmp,P03.xlsx,XLSX,small,2,XLSX,XLSX,1,ok,0.193825
Flat-Color_1_S__xlsx_small__lsb3.bmp,core,Flat-Color_1_S.bmp,Flat-Color,S,bmp,P03.xlsx,XLSX,small,3,XLSX,XLSX,1,ok,0.181782
Flat-Color_2_M__docx_large__lsb3.png,core,Flat-Color_2_M.png,Flat-Color,M,png,P01.docx,DOCX,large,3,DOCX,DOCX,1,ok,0.751605
Flat-Color_2_M__docx_medium__lsb2.png,core,Flat-Color_2_M.png,Flat-Color,M,png,P01.docx,DOCX,medium,2,DOCX,DOCX,1,ok,1.686500
Flat-Color_2_M__docx_medium__lsb3.png,core,Flat-Color_2_M.png,Flat-Color,M,png,P01.docx,DOCX,medium,3,DOCX,DOCX,1,ok,1.796424
Flat-Color_2_M__docx_small__lsb1.png,core,Flat-Color_2_M.png,Flat-Color,M,png,P01.docx,DOCX,small,1,DOCX,DOCX,1,ok,1.083111
Flat-Color_2_M__docx_small__lsb2.png,core,Flat-Color_2_M.png,Flat-Color,M,png,P01.docx,DOCX,small,2,DOCX,DOCX,1,ok,1.048173
Flat-Color_2_M__docx_small__lsb3.png,core,Flat-Color_2_M.png,Flat-Color,M,png,P01.docx,DOCX,small,3,DOCX,DOCX,1,ok,0.934314
Flat-Color_2_M__exe_large__lsb3.png,core,Flat-Color_2_M.png,Flat-Color,M,png,P06.exe,EXE,large,3,EXE,EXE,1,ok,0.893513
Flat-Color_2_M__exe_medium__lsb2.png,core,Flat-Color_2_M.png,Flat-Color,M,png,P06.exe,EXE,medium,2,EXE,EXE,1,ok,0.870688
Flat-Color_2_M__exe_medium__lsb3.png,core,Flat-Color_2_M.png,Flat-Color,M,png,P06.exe,EXE,medium,3,EXE,EXE,1,ok,1.435296
Flat-Color_2_M__exe_small__lsb1.png,core,Flat-Color_2_M.png,Flat-Color,M,png,P06.exe,EXE,small,1,EXE,EXE,1,ok,1.135929
Flat-Color_2_M__exe_small__lsb2.png,core,Flat-Color_2_M.png,Flat-Color,M,png,P06.exe,EXE,small,2,EXE,EXE,1,ok,1.095206
Flat-Color_2_M__exe_small__lsb3.png,core,Flat-Color_2_M.png,Flat-Color,M,png,P06.exe,EXE,small,3,EXE,EXE,1,ok,0.939187
Flat-Color_2_M__pdf_large__lsb3.png,core,Flat-Color_2_M.png,Flat-Color,M,png,P02.pdf,PDF,large,3,PDF,PDF,1,ok,0.881686
Flat-Color_2_M__pdf_medium__lsb2.png,core,Flat-Color_2_M.png,Flat-Color,M,png,P02.pdf,PDF,medium,2,PDF,PDF,1,ok,0.743088
Flat-Color_2_M__pdf_medium__lsb3.png,core,Flat-Color_2_M.png,Flat-Color,M,png,P02.pdf,PDF,medium,3,PDF,PDF,1,ok,0.792861
Flat-Color_2_M__pdf_small__lsb1.png,core,Flat-Color_2_M.png,Flat-Color,M,png,P02.pdf,PDF,small,1,PDF,PDF,1,ok,0.937107
Flat-Color_2_M__pdf_small__lsb2.png,core,Flat-Color_2_M.png,Flat-Color,M,png,P02.pdf,PDF,small,2,PDF,PDF,1,ok,0.790056
Flat-Color_2_M__pdf_small__lsb3.png,core,Flat-Color_2_M.png,Flat-Color,M,png,P02.pdf,PDF,small,3,PDF,PDF,1,ok,0.726925
Flat-Color_2_M__pptx_large__lsb3.png,core,Flat-Color_2_M.png,Flat-Color,M,png,P04.pptx,PPTX,large,3,PPTX,PPTX,1,ok,0.852983
Flat-Color_2_M__pptx_medium__lsb2.png,core,Flat-Color_2_M.png,Flat-Color,M,png,P04.pptx,PPTX,medium,2,PPTX,PPTX,1,ok,0.888129
Flat-Color_2_M__pptx_medium__lsb3.png,core,Flat-Color_2_M.png,Flat-Color,M,png,P04.pptx,PPTX,medium,3,PPTX,PPTX,1,ok,0.735223
Flat-Color_2_M__pptx_small__lsb1.png,core,Flat-Color_2_M.png,Flat-Color,M,png,P04.pptx,PPTX,small,1,PPTX,PPTX,1,ok,0.709103
Flat-Color_2_M__pptx_small__lsb2.png,core,Flat-Color_2_M.png,Flat-Color,M,png,P04.pptx,PPTX,small,2,PPTX,PPTX,1,ok,0.679936
Flat-Color_2_M__pptx_small__lsb3.png,core,Flat-Color_2_M.png,Flat-Color,M,png,P04.pptx,PPTX,small,3,PPTX,PPTX,1,ok,0.687482
Flat-Color_2_M__rtf_large__lsb3.png,core,Flat-Color_2_M.png,Flat-Color,M,png,P05.rtf,RTF,large,3,RTF,RTF,1,ok,0.833457
Flat-Color_2_M__rtf_medium__lsb2.png,core,Flat-Color_2_M.png,Flat-Color,M,png,P05.rtf,RTF,medium,2,RTF,RTF,1,ok,0.810832
Flat-Color_2_M__rtf_medium__lsb3.png,core,Flat-Color_2_M.png,Flat-Color,M,png,P05.rtf,RTF,medium,3,RTF,RTF,1,ok,0.826957
Flat-Color_2_M__rtf_small__lsb1.png,core,Flat-Color_2_M.png,Flat-Color,M,png,P05.rtf,RTF,small,1,RTF,RTF,1,ok,0.828291
Flat-Color_2_M__rtf_small__lsb2.png,core,Flat-Color_2_M.png,Flat-Color,M,png,P05.rtf,RTF,small,2,RTF,RTF,1,ok,0.953071
Flat-Color_2_M__rtf_small__lsb3.png,core,Flat-Color_2_M.png,Flat-Color,M,png,P05.rtf,RTF,small,3,RTF,RTF,1,ok,0.894825
Flat-Color_2_M__xlsx_large__lsb3.png,core,Flat-Color_2_M.png,Flat-Color,M,png,P03.xlsx,XLSX,large,3,XLSX,XLSX,1,ok,0.745766
Flat-Color_2_M__xlsx_medium__lsb2.png,core,Flat-Color_2_M.png,Flat-Color,M,png,P03.xlsx,XLSX,medium,2,XLSX,XLSX,1,ok,0.950396
Flat-Color_2_M__xlsx_medium__lsb3.png,core,Flat-Color_2_M.png,Flat-Color,M,png,P03.xlsx,XLSX,medium,3,XLSX,XLSX,1,ok,0.939694
Flat-Color_2_M__xlsx_small__lsb1.png,core,Flat-Color_2_M.png,Flat-Color,M,png,P03.xlsx,XLSX,small,1,XLSX,XLSX,1,ok,1.010046
Flat-Color_2_M__xlsx_small__lsb2.png,core,Flat-Color_2_M.png,Flat-Color,M,png,P03.xlsx,XLSX,small,2,XLSX,XLSX,1,ok,0.904914
Flat-Color_2_M__xlsx_small__lsb3.png,core,Flat-Color_2_M.png,Flat-Color,M,png,P03.xlsx,XLSX,small,3,XLSX,XLSX,1,ok,0.855647
Grayscale_2_M__docx_large__lsb3.bmp,core,Grayscale_2_M.bmp,Grayscale,M,bmp,P01.docx,DOCX,large,3,DOCX,DOCX,1,ok,0.797274
Grayscale_2_M__docx_medium__lsb2.bmp,core,Grayscale_2_M.bmp,Grayscale,M,bmp,P01.docx,DOCX,medium,2,DOCX,DOCX,1,ok,1.064292
Grayscale_2_M__docx_medium__lsb3.bmp,core,Grayscale_2_M.bmp,Grayscale,M,bmp,P01.docx,DOCX,medium,3,DOCX,DOCX,1,ok,1.156301
Grayscale_2_M__docx_small__lsb1.bmp,core,Grayscale_2_M.bmp,Grayscale,M,bmp,P01.docx,DOCX,small,1,DOCX,DOCX,1,ok,0.911461
Grayscale_2_M__docx_small__lsb2.bmp,core,Grayscale_2_M.bmp,Grayscale,M,bmp,P01.docx,DOCX,small,2,DOCX,DOCX,1,ok,0.764124
Grayscale_2_M__docx_small__lsb3.bmp,core,Grayscale_2_M.bmp,Grayscale,M,bmp,P01.docx,DOCX,small,3,DOCX,DOCX,1,ok,0.837774
Grayscale_2_M__exe_large__lsb3.bmp,core,Grayscale_2_M.bmp,Grayscale,M,bmp,P06.exe,EXE,large,3,EXE,EXE,1,ok,1.376925
Grayscale_2_M__exe_medium__lsb2.bmp,core,Grayscale_2_M.bmp,Grayscale,M,bmp,P06.exe,EXE,medium,2,EXE,EXE,1,ok,1.369500
Grayscale_2_M__exe_medium__lsb3.bmp,core,Grayscale_2_M.bmp,Grayscale,M,bmp,P06.exe,EXE,medium,3,EXE,EXE,1,ok,1.160825
Grayscale_2_M__exe_small__lsb1.bmp,core,Grayscale_2_M.bmp,Grayscale,M,bmp,P06.exe,EXE,small,1,EXE,EXE,1,ok,1.057111
Grayscale_2_M__exe_small__lsb2.bmp,core,Grayscale_2_M.bmp,Grayscale,M,bmp,P06.exe,EXE,small,2,EXE,EXE,1,ok,0.712911
Grayscale_2_M__exe_small__lsb3.bmp,core,Grayscale_2_M.bmp,Grayscale,M,bmp,P06.exe,EXE,small,3,EXE,EXE,1,ok,0.748186
Grayscale_2_M__pdf_large__lsb3.bmp,core,Grayscale_2_M.bmp,Grayscale,M,bmp,P02.pdf,PDF,large,3,PDF,PDF,1,ok,0.858682
Grayscale_2_M__pdf_medium__lsb2.bmp,core,Grayscale_2_M.bmp,Grayscale,M,bmp,P02.pdf,PDF,medium,2,PDF,PDF,1,ok,0.768762
Grayscale_2_M__pdf_medium__lsb3.bmp,core,Grayscale_2_M.bmp,Grayscale,M,bmp,P02.pdf,PDF,medium,3,PDF,PDF,1,ok,0.808154
Grayscale_2_M__pdf_small__lsb1.bmp,core,Grayscale_2_M.bmp,Grayscale,M,bmp,P02.pdf,PDF,small,1,PDF,PDF,1,ok,0.781514
Grayscale_2_M__pdf_small__lsb2.bmp,core,Grayscale_2_M.bmp,Grayscale,M,bmp,P02.pdf,PDF,small,2,PDF,PDF,1,ok,0.773213
Grayscale_2_M__pdf_small__lsb3.bmp,core,Grayscale_2_M.bmp,Grayscale,M,bmp,P02.pdf,PDF,small,3,PDF,PDF,1,ok,1.053278
Grayscale_2_M__pptx_large__lsb3.bmp,core,Grayscale_2_M.bmp,Grayscale,M,bmp,P04.pptx,PPTX,large,3,PPTX,PPTX,1,ok,0.816775
Grayscale_2_M__pptx_medium__lsb2.bmp,core,Grayscale_2_M.bmp,Grayscale,M,bmp,P04.pptx,PPTX,medium,2,PPTX,PPTX,1,ok,0.885482
Grayscale_2_M__pptx_medium__lsb3.bmp,core,Grayscale_2_M.bmp,Grayscale,M,bmp,P04.pptx,PPTX,medium,3,PPTX,PPTX,1,ok,0.811040
Grayscale_2_M__pptx_small__lsb1.bmp,core,Grayscale_2_M.bmp,Grayscale,M,bmp,P04.pptx,PPTX,small,1,PPTX,PPTX,1,ok,0.860082
Grayscale_2_M__pptx_small__lsb2.bmp,core,Grayscale_2_M.bmp,Grayscale,M,bmp,P04.pptx,PPTX,small,2,PPTX,PPTX,1,ok,0.819883
Grayscale_2_M__pptx_small__lsb3.bmp,core,Grayscale_2_M.bmp,Grayscale,M,bmp,P04.pptx,PPTX,small,3,PPTX,PPTX,1,ok,0.710944
Grayscale_2_M__rtf_large__lsb3.bmp,core,Grayscale_2_M.bmp,Grayscale,M,bmp,P05.rtf,RTF,large,3,RTF,RTF,1,ok,0.784610
Grayscale_2_M__rtf_medium__lsb2.bmp,core,Grayscale_2_M.bmp,Grayscale,M,bmp,P05.rtf,RTF,medium,2,RTF,RTF,1,ok,0.813957
Grayscale_2_M__rtf_medium__lsb3.bmp,core,Grayscale_2_M.bmp,Grayscale,M,bmp,P05.rtf,RTF,medium,3,RTF,RTF,1,ok,0.844446
Grayscale_2_M__rtf_small__lsb1.bmp,core,Grayscale_2_M.bmp,Grayscale,M,bmp,P05.rtf,RTF,small,1,RTF,RTF,1,ok,0.852502
Grayscale_2_M__rtf_small__lsb2.bmp,core,Grayscale_2_M.bmp,Grayscale,M,bmp,P05.rtf,RTF,small,2,RTF,RTF,1,ok,0.870140
Grayscale_2_M__rtf_small__lsb3.bmp,core,Grayscale_2_M.bmp,Grayscale,M,bmp,P05.rtf,RTF,small,3,RTF,RTF,1,ok,0.868975
Grayscale_2_M__xlsx_large__lsb3.bmp,core,Grayscale_2_M.bmp,Grayscale,M,bmp,P03.xlsx,XLSX,large,3,XLSX,XLSX,1,ok,0.844650
Grayscale_2_M__xlsx_medium__lsb2.bmp,core,Grayscale_2_M.bmp,Grayscale,M,bmp,P03.xlsx,XLSX,medium,2,XLSX,XLSX,1,ok,1.024305
Grayscale_2_M__xlsx_medium__lsb3.bmp,core,Grayscale_2_M.bmp,Grayscale,M,bmp,P03.xlsx,XLSX,medium,3,XLSX,XLSX,1,ok,0.818986
Grayscale_2_M__xlsx_small__lsb1.bmp,core,Grayscale_2_M.bmp,Grayscale,M,bmp,P03.xlsx,XLSX,small,1,XLSX,XLSX,1,ok,0.883228
Grayscale_2_M__xlsx_small__lsb2.bmp,core,Grayscale_2_M.bmp,Grayscale,M,bmp,P03.xlsx,XLSX,small,2,XLSX,XLSX,1,ok,0.836638
Grayscale_2_M__xlsx_small__lsb3.bmp,core,Grayscale_2_M.bmp,Grayscale,M,bmp,P03.xlsx,XLSX,small,3,XLSX,XLSX,1,ok,0.752898
High-Detail_1_M__docx_large__lsb3.png,core,High-Detail_1_M.png,High-Detail,M,png,P01.docx,DOCX,large,3,DOCX,DOCX,1,ok,0.860277
High-Detail_1_M__docx_medium__lsb2.png,core,High-Detail_1_M.png,High-Detail,M,png,P01.docx,DOCX,medium,2,DOCX,DOCX,1,ok,0.963426
High-Detail_1_M__docx_medium__lsb3.png,core,High-Detail_1_M.png,High-Detail,M,png,P01.docx,DOCX,medium,3,DOCX,DOCX,1,ok,0.936284
High-Detail_1_M__docx_small__lsb1.png,core,High-Detail_1_M.png,High-Detail,M,png,P01.docx,DOCX,small,1,DOCX,DOCX,1,ok,0.898339
High-Detail_1_M__docx_small__lsb2.png,core,High-Detail_1_M.png,High-Detail,M,png,P01.docx,DOCX,small,2,DOCX,DOCX,1,ok,1.141157
High-Detail_1_M__docx_small__lsb3.png,core,High-Detail_1_M.png,High-Detail,M,png,P01.docx,DOCX,small,3,DOCX,DOCX,1,ok,0.996808
High-Detail_1_M__exe_large__lsb3.png,core,High-Detail_1_M.png,High-Detail,M,png,P06.exe,EXE,large,3,EXE,EXE,1,ok,0.849737
High-Detail_1_M__exe_medium__lsb2.png,core,High-Detail_1_M.png,High-Detail,M,png,P06.exe,EXE,medium,2,EXE,EXE,1,ok,0.945651
High-Detail_1_M__exe_medium__lsb3.png,core,High-Detail_1_M.png,High-Detail,M,png,P06.exe,EXE,medium,3,EXE,EXE,1,ok,0.805456
High-Detail_1_M__exe_small__lsb1.png,core,High-Detail_1_M.png,High-Detail,M,png,P06.exe,EXE,small,1,EXE,EXE,1,ok,0.947308
High-Detail_1_M__exe_small__lsb2.png,core,High-Detail_1_M.png,High-Detail,M,png,P06.exe,EXE,small,2,EXE,EXE,1,ok,0.848470
High-Detail_1_M__exe_small__lsb3.png,core,High-Detail_1_M.png,High-Detail,M,png,P06.exe,EXE,small,3,EXE,EXE,1,ok,0.795783
High-Detail_1_M__pdf_large__lsb3.png,core,High-Detail_1_M.png,High-Detail,M,png,P02.pdf,PDF,large,3,PDF,PDF,1,ok,0.790097
High-Detail_1_M__pdf_medium__lsb2.png,core,High-Detail_1_M.png,High-Detail,M,png,P02.pdf,PDF,medium,2,PDF,PDF,1,ok,0.912939
High-Detail_1_M__pdf_medium__lsb3.png,core,High-Detail_1_M.png,High-Detail,M,png,P02.pdf,PDF,medium,3,PDF,PDF,1,ok,0.874932
High-Detail_1_M__pdf_small__lsb1.png,core,High-Detail_1_M.png,High-Detail,M,png,P02.pdf,PDF,small,1,PDF,PDF,1,ok,0.921840
High-Detail_1_M__pdf_small__lsb2.png,core,High-Detail_1_M.png,High-Detail,M,png,P02.pdf,PDF,small,2,PDF,PDF,1,ok,0.913134
High-Detail_1_M__pdf_small__lsb3.png,core,High-Detail_1_M.png,High-Detail,M,png,P02.pdf,PDF,small,3,PDF,PDF,1,ok,0.871977
High-Detail_1_M__pptx_large__lsb3.png,core,High-Detail_1_M.png,High-Detail,M,png,P04.pptx,PPTX,large,3,PPTX,PPTX,1,ok,0.981285
High-Detail_1_M__pptx_medium__lsb2.png,core,High-Detail_1_M.png,High-Detail,M,png,P04.pptx,PPTX,medium,2,PPTX,PPTX,1,ok,0.908828
High-Detail_1_M__pptx_medium__lsb3.png,core,High-Detail_1_M.png,High-Detail,M,png,P04.pptx,PPTX,medium,3,PPTX,PPTX,1,ok,0.813518
High-Detail_1_M__pptx_small__lsb1.png,core,High-Detail_1_M.png,High-Detail,M,png,P04.pptx,PPTX,small,1,PPTX,PPTX,1,ok,0.778389
High-Detail_1_M__pptx_small__lsb2.png,core,High-Detail_1_M.png,High-Detail,M,png,P04.pptx,PPTX,small,2,PPTX,PPTX,1,ok,0.701985
High-Detail_1_M__pptx_small__lsb3.png,core,High-Detail_1_M.png,High-Detail,M,png,P04.pptx,PPTX,small,3,PPTX,PPTX,1,ok,0.721002
High-Detail_1_M__rtf_large__lsb3.png,core,High-Detail_1_M.png,High-Detail,M,png,P05.rtf,RTF,large,3,RTF,RTF,1,ok,0.842368
High-Detail_1_M__rtf_medium__lsb2.png,core,High-Detail_1_M.png,High-Detail,M,png,P05.rtf,RTF,medium,2,RTF,RTF,1,ok,0.831444
High-Detail_1_M__rtf_medium__lsb3.png,core,High-Detail_1_M.png,High-Detail,M,png,P05.rtf,RTF,medium,3,RTF,RTF,1,ok,0.840470
High-Detail_1_M__rtf_small__lsb1.png,core,High-Detail_1_M.png,High-Detail,M,png,P05.rtf,RTF,small,1,RTF,RTF,1,ok,0.830104
High-Detail_1_M__rtf_small__lsb2.png,core,High-Detail_1_M.png,High-Detail,M,png,P05.rtf,RTF,small,2,RTF,RTF,1,ok,0.795873
High-Detail_1_M__rtf_small__lsb3.png,core,High-Detail_1_M.png,High-Detail,M,png,P05.rtf,RTF,small,3,RTF,RTF,1,ok,0.912916
High-Detail_1_M__xlsx_large__lsb3.png,core,High-Detail_1_M.png,High-Detail,M,png,P03.xlsx,XLSX,large,3,XLSX,XLSX,1,ok,0.796053
High-Detail_1_M__xlsx_medium__lsb2.png,core,High-Detail_1_M.png,High-Detail,M,png,P03.xlsx,XLSX,medium,2,XLSX,XLSX,1,ok,0.703487
High-Detail_1_M__xlsx_medium__lsb3.png,core,High-Detail_1_M.png,High-Detail,M,png,P03.xlsx,XLSX,medium,3,XLSX,XLSX,1,ok,0.844553
High-Detail_1_M__xlsx_small__lsb1.png,core,High-Detail_1_M.png,High-Detail,M,png,P03.xlsx,XLSX,small,1,XLSX,XLSX,1,ok,0.929780
High-Detail_1_M__xlsx_small__lsb2.png,core,High-Detail_1_M.png,High-Detail,M,png,P03.xlsx,XLSX,small,2,XLSX,XLSX,1,ok,0.835830
High-Detail_1_M__xlsx_small__lsb3.png,core,High-Detail_1_M.png,High-Detail,M,png,P03.xlsx,XLSX,small,3,XLSX,XLSX,1,ok,0.806966
High-Detail_2_L__docx_large__lsb2.png,core,High-Detail_2_L.png,High-Detail,L,png,P01.docx,DOCX,large,2,DOCX,DOCX,1,ok,1.575060
High-Detail_2_L__docx_large__lsb3.png,core,High-Detail_2_L.png,High-Detail,L,png,P01.docx,DOCX,large,3,DOCX,DOCX,1,ok,1.652420
High-Detail_2_L__docx_medium__lsb1.png,core,High-Detail_2_L.png,High-Detail,L,png,P01.docx,DOCX,medium,1,DOCX,DOCX,1,ok,2.051999
High-Detail_2_L__docx_medium__lsb2.png,core,High-Detail_2_L.png,High-Detail,L,png,P01.docx,DOCX,medium,2,DOCX,DOCX,1,ok,2.070964
High-Detail_2_L__docx_medium__lsb3.png,core,High-Detail_2_L.png,High-Detail,L,png,P01.docx,DOCX,medium,3,DOCX,DOCX,1,ok,2.122661
High-Detail_2_L__docx_small__lsb1.png,core,High-Detail_2_L.png,High-Detail,L,png,P01.docx,DOCX,small,1,DOCX,DOCX,1,ok,2.345686
High-Detail_2_L__docx_small__lsb2.png,core,High-Detail_2_L.png,High-Detail,L,png,P01.docx,DOCX,small,2,DOCX,DOCX,1,ok,2.350907
High-Detail_2_L__docx_small__lsb3.png,core,High-Detail_2_L.png,High-Detail,L,png,P01.docx,DOCX,small,3,DOCX,DOCX,1,ok,3.839571
High-Detail_2_L__exe_large__lsb2.png,core,High-Detail_2_L.png,High-Detail,L,png,P06.exe,EXE,large,2,EXE,EXE,1,ok,3.373038
High-Detail_2_L__exe_large__lsb3.png,core,High-Detail_2_L.png,High-Detail,L,png,P06.exe,EXE,large,3,EXE,EXE,1,ok,2.704817
High-Detail_2_L__exe_medium__lsb1.png,core,High-Detail_2_L.png,High-Detail,L,png,P06.exe,EXE,medium,1,EXE,EXE,1,ok,2.193470
High-Detail_2_L__exe_medium__lsb2.png,core,High-Detail_2_L.png,High-Detail,L,png,P06.exe,EXE,medium,2,EXE,EXE,1,ok,2.619729
High-Detail_2_L__exe_medium__lsb3.png,core,High-Detail_2_L.png,High-Detail,L,png,P06.exe,EXE,medium,3,EXE,EXE,1,ok,2.001672
High-Detail_2_L__exe_small__lsb1.png,core,High-Detail_2_L.png,High-Detail,L,png,P06.exe,EXE,small,1,EXE,EXE,1,ok,2.595215
High-Detail_2_L__exe_small__lsb2.png,core,High-Detail_2_L.png,High-Detail,L,png,P06.exe,EXE,small,2,EXE,EXE,1,ok,2.224267
High-Detail_2_L__exe_small__lsb3.png,core,High-Detail_2_L.png,High-Detail,L,png,P06.exe,EXE,small,3,EXE,EXE,1,ok,2.037910
High-Detail_2_L__pdf_large__lsb2.png,core,High-Detail_2_L.png,High-Detail,L,png,P02.pdf,PDF,large,2,PDF,PDF,1,ok,2.113192
High-Detail_2_L__pdf_large__lsb3.png,core,High-Detail_2_L.png,High-Detail,L,png,P02.pdf,PDF,large,3,PDF,PDF,1,ok,2.072628
High-Detail_2_L__pdf_medium__lsb1.png,core,High-Detail_2_L.png,High-Detail,L,png,P02.pdf,PDF,medium,1,PDF,PDF,1,ok,2.810315
High-Detail_2_L__pdf_medium__lsb2.png,core,High-Detail_2_L.png,High-Detail,L,png,P02.pdf,PDF,medium,2,PDF,PDF,1,ok,2.870436
High-Detail_2_L__pdf_medium__lsb3.png,core,High-Detail_2_L.png,High-Detail,L,png,P02.pdf,PDF,medium,3,PDF,PDF,1,ok,2.627611
High-Detail_2_L__pdf_small__lsb1.png,core,High-Detail_2_L.png,High-Detail,L,png,P02.pdf,PDF,small,1,PDF,PDF,1,ok,2.529440
High-Detail_2_L__pdf_small__lsb2.png,core,High-Detail_2_L.png,High-Detail,L,png,P02.pdf,PDF,small,2,PDF,PDF,1,ok,1.856924
High-Detail_2_L__pdf_small__lsb3.png,core,High-Detail_2_L.png,High-Detail,L,png,P02.pdf,PDF,small,3,PDF,PDF,1,ok,2.348973
High-Detail_2_L__pptx_large__lsb2.png,core,High-Detail_2_L.png,High-Detail,L,png,P04.pptx,PPTX,large,2,PPTX,PPTX,1,ok,1.874399
High-Detail_2_L__pptx_large__lsb3.png,core,High-Detail_2_L.png,High-Detail,L,png,P04.pptx,PPTX,large,3,PPTX,PPTX,1,ok,1.789241
High-Detail_2_L__pptx_medium__lsb1.png,core,High-Detail_2_L.png,High-Detail,L,png,P04.pptx,PPTX,medium,1,PPTX,PPTX,1,ok,1.648886
High-Detail_2_L__pptx_medium__lsb2.png,core,High-Detail_2_L.png,High-Detail,L,png,P04.pptx,PPTX,medium,2,PPTX,PPTX,1,ok,2.182471
High-Detail_2_L__pptx_medium__lsb3.png,core,High-Detail_2_L.png,High-Detail,L,png,P04.pptx,PPTX,medium,3,PPTX,PPTX,1,ok,2.246974
High-Detail_2_L__pptx_small__lsb1.png,core,High-Detail_2_L.png,High-Detail,L,png,P04.pptx,PPTX,small,1,PPTX,PPTX,1,ok,1.664345
High-Detail_2_L__pptx_small__lsb2.png,core,High-Detail_2_L.png,High-Detail,L,png,P04.pptx,PPTX,small,2,PPTX,PPTX,1,ok,1.841057
High-Detail_2_L__pptx_small__lsb3.png,core,High-Detail_2_L.png,High-Detail,L,png,P04.pptx,PPTX,small,3,PPTX,PPTX,1,ok,1.793410
High-Detail_2_L__rtf_large__lsb2.png,core,High-Detail_2_L.png,High-Detail,L,png,P05.rtf,RTF,large,2,RTF,RTF,1,ok,1.839569
High-Detail_2_L__rtf_large__lsb3.png,core,High-Detail_2_L.png,High-Detail,L,png,P05.rtf,RTF,large,3,RTF,RTF,1,ok,2.782834
High-Detail_2_L__rtf_medium__lsb1.png,core,High-Detail_2_L.png,High-Detail,L,png,P05.rtf,RTF,medium,1,RTF,RTF,1,ok,2.309815
High-Detail_2_L__rtf_medium__lsb2.png,core,High-Detail_2_L.png,High-Detail,L,png,P05.rtf,RTF,medium,2,RTF,RTF,1,ok,1.996580
High-Detail_2_L__rtf_medium__lsb3.png,core,High-Detail_2_L.png,High-Detail,L,png,P05.rtf,RTF,medium,3,RTF,RTF,1,ok,2.106356
High-Detail_2_L__rtf_small__lsb1.png,core,High-Detail_2_L.png,High-Detail,L,png,P05.rtf,RTF,small,1,RTF,RTF,1,ok,1.761922
High-Detail_2_L__rtf_small__lsb2.png,core,High-Detail_2_L.png,High-Detail,L,png,P05.rtf,RTF,small,2,RTF,RTF,1,ok,1.916475
High-Detail_2_L__rtf_small__lsb3.png,core,High-Detail_2_L.png,High-Detail,L,png,P05.rtf,RTF,small,3,RTF,RTF,1,ok,1.827727
High-Detail_2_L__xlsx_large__lsb2.png,core,High-Detail_2_L.png,High-Detail,L,png,P03.xlsx,XLSX,large,2,XLSX,XLSX,1,ok,1.906090
High-Detail_2_L__xlsx_large__lsb3.png,core,High-Detail_2_L.png,High-Detail,L,png,P03.xlsx,XLSX,large,3,XLSX,XLSX,1,ok,1.824643
High-Detail_2_L__xlsx_medium__lsb1.png,core,High-Detail_2_L.png,High-Detail,L,png,P03.xlsx,XLSX,medium,1,XLSX,XLSX,1,ok,1.883830
High-Detail_2_L__xlsx_medium__lsb2.png,core,High-Detail_2_L.png,High-Detail,L,png,P03.xlsx,XLSX,medium,2,XLSX,XLSX,1,ok,1.823944
High-Detail_2_L__xlsx_medium__lsb3.png,core,High-Detail_2_L.png,High-Detail,L,png,P03.xlsx,XLSX,medium,3,XLSX,XLSX,1,ok,2.008167
High-Detail_2_L__xlsx_small__lsb1.png,core,High-Detail_2_L.png,High-Detail,L,png,P03.xlsx,XLSX,small,1,XLSX,XLSX,1,ok,1.675170
High-Detail_2_L__xlsx_small__lsb2.png,core,High-Detail_2_L.png,High-Detail,L,png,P03.xlsx,XLSX,small,2,XLSX,XLSX,1,ok,1.805940
High-Detail_2_L__xlsx_small__lsb3.png,core,High-Detail_2_L.png,High-Detail,L,png,P03.xlsx,XLSX,small,3,XLSX,XLSX,1,ok,1.515609
Low-Detail_1_M__docx_large__lsb3.bmp,core,Low-Detail_1_M.bmp,Low-Detail,M,bmp,P01.docx,DOCX,large,3,DOCX,DOCX,1,ok,0.832531
Low-Detail_1_M__docx_medium__lsb2.bmp,core,Low-Detail_1_M.bmp,Low-Detail,M,bmp,P01.docx,DOCX,medium,2,DOCX,DOCX,1,ok,0.761696
Low-Detail_1_M__docx_medium__lsb3.bmp,core,Low-Detail_1_M.bmp,Low-Detail,M,bmp,P01.docx,DOCX,medium,3,DOCX,DOCX,1,ok,0.775437
Low-Detail_1_M__docx_small__lsb1.bmp,core,Low-Detail_1_M.bmp,Low-Detail,M,bmp,P01.docx,DOCX,small,1,DOCX,DOCX,1,ok,0.733009
Low-Detail_1_M__docx_small__lsb2.bmp,core,Low-Detail_1_M.bmp,Low-Detail,M,bmp,P01.docx,DOCX,small,2,DOCX,DOCX,1,ok,0.811408
Low-Detail_1_M__docx_small__lsb3.bmp,core,Low-Detail_1_M.bmp,Low-Detail,M,bmp,P01.docx,DOCX,small,3,DOCX,DOCX,1,ok,1.070516
Low-Detail_1_M__exe_large__lsb3.bmp,core,Low-Detail_1_M.bmp,Low-Detail,M,bmp,P06.exe,EXE,large,3,EXE,EXE,1,ok,0.809904
Low-Detail_1_M__exe_medium__lsb2.bmp,core,Low-Detail_1_M.bmp,Low-Detail,M,bmp,P06.exe,EXE,medium,2,EXE,EXE,1,ok,0.827682
Low-Detail_1_M__exe_medium__lsb3.bmp,core,Low-Detail_1_M.bmp,Low-Detail,M,bmp,P06.exe,EXE,medium,3,EXE,EXE,1,ok,0.728562
Low-Detail_1_M__exe_small__lsb1.bmp,core,Low-Detail_1_M.bmp,Low-Detail,M,bmp,P06.exe,EXE,small,1,EXE,EXE,1,ok,0.806343
Low-Detail_1_M__exe_small__lsb2.bmp,core,Low-Detail_1_M.bmp,Low-Detail,M,bmp,P06.exe,EXE,small,2,EXE,EXE,1,ok,0.761473
Low-Detail_1_M__exe_small__lsb3.bmp,core,Low-Detail_1_M.bmp,Low-Detail,M,bmp,P06.exe,EXE,small,3,EXE,EXE,1,ok,0.751978
Low-Detail_1_M__pdf_large__lsb3.bmp,core,Low-Detail_1_M.bmp,Low-Detail,M,bmp,P02.pdf,PDF,large,3,PDF,PDF,1,ok,0.848887
Low-Detail_1_M__pdf_medium__lsb2.bmp,core,Low-Detail_1_M.bmp,Low-Detail,M,bmp,P02.pdf,PDF,medium,2,PDF,PDF,1,ok,0.822590
Low-Detail_1_M__pdf_medium__lsb3.bmp,core,Low-Detail_1_M.bmp,Low-Detail,M,bmp,P02.pdf,PDF,medium,3,PDF,PDF,1,ok,0.693518
Low-Detail_1_M__pdf_small__lsb1.bmp,core,Low-Detail_1_M.bmp,Low-Detail,M,bmp,P02.pdf,PDF,small,1,PDF,PDF,1,ok,0.743518
Low-Detail_1_M__pdf_small__lsb2.bmp,core,Low-Detail_1_M.bmp,Low-Detail,M,bmp,P02.pdf,PDF,small,2,PDF,PDF,1,ok,0.770017
Low-Detail_1_M__pdf_small__lsb3.bmp,core,Low-Detail_1_M.bmp,Low-Detail,M,bmp,P02.pdf,PDF,small,3,PDF,PDF,1,ok,0.678858
Low-Detail_1_M__pptx_large__lsb3.bmp,core,Low-Detail_1_M.bmp,Low-Detail,M,bmp,P04.pptx,PPTX,large,3,PPTX,PPTX,1,ok,0.789908
Low-Detail_1_M__pptx_medium__lsb2.bmp,core,Low-Detail_1_M.bmp,Low-Detail,M,bmp,P04.pptx,PPTX,medium,2,PPTX,PPTX,1,ok,0.785516
Low-Detail_1_M__pptx_medium__lsb3.bmp,core,Low-Detail_1_M.bmp,Low-Detail,M,bmp,P04.pptx,PPTX,medium,3,PPTX,PPTX,1,ok,0.946788
Low-Detail_1_M__pptx_small__lsb1.bmp,core,Low-Detail_1_M.bmp,Low-Detail,M,bmp,P04.pptx,PPTX,small,1,PPTX,PPTX,1,ok,1.374405
Low-Detail_1_M__pptx_small__lsb2.bmp,core,Low-Detail_1_M.bmp,Low-Detail,M,bmp,P04.pptx,PPTX,small,2,PPTX,PPTX,1,ok,1.018310
Low-Detail_1_M__pptx_small__lsb3.bmp,core,Low-Detail_1_M.bmp,Low-Detail,M,bmp,P04.pptx,PPTX,small,3,PPTX,PPTX,1,ok,1.199924
Low-Detail_1_M__rtf_large__lsb3.bmp,core,Low-Detail_1_M.bmp,Low-Detail,M,bmp,P05.rtf,RTF,large,3,RTF,RTF,1,ok,0.822229
Low-Detail_1_M__rtf_medium__lsb2.bmp,core,Low-Detail_1_M.bmp,Low-Detail,M,bmp,P05.rtf,RTF,medium,2,RTF,RTF,1,ok,0.735718
Low-Detail_1_M__rtf_medium__lsb3.bmp,core,Low-Detail_1_M.bmp,Low-Detail,M,bmp,P05.rtf,RTF,medium,3,RTF,RTF,1,ok,0.795431
Low-Detail_1_M__rtf_small__lsb1.bmp,core,Low-Detail_1_M.bmp,Low-Detail,M,bmp,P05.rtf,RTF,small,1,RTF,RTF,1,ok,0.855823
Low-Detail_1_M__rtf_small__lsb2.bmp,core,Low-Detail_1_M.bmp,Low-Detail,M,bmp,P05.rtf,RTF,small,2,RTF,RTF,1,ok,0.790843
Low-Detail_1_M__rtf_small__lsb3.bmp,core,Low-Detail_1_M.bmp,Low-Detail,M,bmp,P05.rtf,RTF,small,3,RTF,RTF,1,ok,0.704952
Low-Detail_1_M__xlsx_large__lsb3.bmp,core,Low-Detail_1_M.bmp,Low-Detail,M,bmp,P03.xlsx,XLSX,large,3,XLSX,XLSX,1,ok,0.780339
Low-Detail_1_M__xlsx_medium__lsb2.bmp,core,Low-Detail_1_M.bmp,Low-Detail,M,bmp,P03.xlsx,XLSX,medium,2,XLSX,XLSX,1,ok,0.857432
Low-Detail_1_M__xlsx_medium__lsb3.bmp,core,Low-Detail_1_M.bmp,Low-Detail,M,bmp,P03.xlsx,XLSX,medium,3,XLSX,XLSX,1,ok,0.857997
Low-Detail_1_M__xlsx_small__lsb1.bmp,core,Low-Detail_1_M.bmp,Low-Detail,M,bmp,P03.xlsx,XLSX,small,1,XLSX,XLSX,1,ok,0.769124
Low-Detail_1_M__xlsx_small__lsb2.bmp,core,Low-Detail_1_M.bmp,Low-Detail,M,bmp,P03.xlsx,XLSX,small,2,XLSX,XLSX,1,ok,0.723095
Low-Detail_1_M__xlsx_small__lsb3.bmp,core,Low-Detail_1_M.bmp,Low-Detail,M,bmp,P03.xlsx,XLSX,small,3,XLSX,XLSX,1,ok,0.751437
Low-Detail_2_L__docx_large__lsb2.bmp,core,Low-Detail_2_L.bmp,Low-Detail,L,bmp,P01.docx,DOCX,large,2,DOCX,DOCX,1,ok,1.557875
Low-Detail_2_L__docx_large__lsb3.bmp,core,Low-Detail_2_L.bmp,Low-Detail,L,bmp,P01.docx,DOCX,large,3,DOCX,DOCX,1,ok,1.694964
Low-Detail_2_L__docx_medium__lsb1.bmp,core,Low-Detail_2_L.bmp,Low-Detail,L,bmp,P01.docx,DOCX,medium,1,DOCX,DOCX,1,ok,1.560443
Low-Detail_2_L__docx_medium__lsb2.bmp,core,Low-Detail_2_L.bmp,Low-Detail,L,bmp,P01.docx,DOCX,medium,2,DOCX,DOCX,1,ok,1.566060
Low-Detail_2_L__docx_medium__lsb3.bmp,core,Low-Detail_2_L.bmp,Low-Detail,L,bmp,P01.docx,DOCX,medium,3,DOCX,DOCX,1,ok,2.400891
Low-Detail_2_L__docx_small__lsb1.bmp,core,Low-Detail_2_L.bmp,Low-Detail,L,bmp,P01.docx,DOCX,small,1,DOCX,DOCX,1,ok,1.728773
Low-Detail_2_L__docx_small__lsb2.bmp,core,Low-Detail_2_L.bmp,Low-Detail,L,bmp,P01.docx,DOCX,small,2,DOCX,DOCX,1,ok,1.780271
Low-Detail_2_L__docx_small__lsb3.bmp,core,Low-Detail_2_L.bmp,Low-Detail,L,bmp,P01.docx,DOCX,small,3,DOCX,DOCX,1,ok,1.699602
Low-Detail_2_L__exe_large__lsb2.bmp,core,Low-Detail_2_L.bmp,Low-Detail,L,bmp,P06.exe,EXE,large,2,EXE,EXE,1,ok,1.652359
Low-Detail_2_L__exe_large__lsb3.bmp,core,Low-Detail_2_L.bmp,Low-Detail,L,bmp,P06.exe,EXE,large,3,EXE,EXE,1,ok,1.802949
Low-Detail_2_L__exe_medium__lsb1.bmp,core,Low-Detail_2_L.bmp,Low-Detail,L,bmp,P06.exe,EXE,medium,1,EXE,EXE,1,ok,1.588039
Low-Detail_2_L__exe_medium__lsb2.bmp,core,Low-Detail_2_L.bmp,Low-Detail,L,bmp,P06.exe,EXE,medium,2,EXE,EXE,1,ok,1.743284
Low-Detail_2_L__exe_medium__lsb3.bmp,core,Low-Detail_2_L.bmp,Low-Detail,L,bmp,P06.exe,EXE,medium,3,EXE,EXE,1,ok,1.583330
Low-Detail_2_L__exe_small__lsb1.bmp,core,Low-Detail_2_L.bmp,Low-Detail,L,bmp,P06.exe,EXE,small,1,EXE,EXE,1,ok,1.648205
Low-Detail_2_L__exe_small__lsb2.bmp,core,Low-Detail_2_L.bmp,Low-Detail,L,bmp,P06.exe,EXE,small,2,EXE,EXE,1,ok,1.648172
Low-Detail_2_L__exe_small__lsb3.bmp,core,Low-Detail_2_L.bmp,Low-Detail,L,bmp,P06.exe,EXE,small,3,EXE,EXE,1,ok,1.651301
Low-Detail_2_L__pdf_large__lsb2.bmp,core,Low-Detail_2_L.bmp,Low-Detail,L,bmp,P02.pdf,PDF,large,2,PDF,PDF,1,ok,1.763268
Low-Detail_2_L__pdf_large__lsb3.bmp,core,Low-Detail_2_L.bmp,Low-Detail,L,bmp,P02.pdf,PDF,large,3,PDF,PDF,1,ok,1.321010
Low-Detail_2_L__pdf_medium__lsb1.bmp,core,Low-Detail_2_L.bmp,Low-Detail,L,bmp,P02.pdf,PDF,medium,1,PDF,PDF,1,ok,1.639279
Low-Detail_2_L__pdf_medium__lsb2.bmp,core,Low-Detail_2_L.bmp,Low-Detail,L,bmp,P02.pdf,PDF,medium,2,PDF,PDF,1,ok,1.534358
Low-Detail_2_L__pdf_medium__lsb3.bmp,core,Low-Detail_2_L.bmp,Low-Detail,L,bmp,P02.pdf,PDF,medium,3,PDF,PDF,1,ok,1.548973
Low-Detail_2_L__pdf_small__lsb1.bmp,core,Low-Detail_2_L.bmp,Low-Detail,L,bmp,P02.pdf,PDF,small,1,PDF,PDF,1,ok,1.746101
Low-Detail_2_L__pdf_small__lsb2.bmp,core,Low-Detail_2_L.bmp,Low-Detail,L,bmp,P02.pdf,PDF,small,2,PDF,PDF,1,ok,1.567326
Low-Detail_2_L__pdf_small__lsb3.bmp,core,Low-Detail_2_L.bmp,Low-Detail,L,bmp,P02.pdf,PDF,small,3,PDF,PDF,1,ok,1.589647
Low-Detail_2_L__pptx_large__lsb2.bmp,core,Low-Detail_2_L.bmp,Low-Detail,L,bmp,P04.pptx,PPTX,large,2,PPTX,PPTX,1,ok,1.765054
Low-Detail_2_L__pptx_large__lsb3.bmp,core,Low-Detail_2_L.bmp,Low-Detail,L,bmp,P04.pptx,PPTX,large,3,PPTX,PPTX,1,ok,1.850177
Low-Detail_2_L__pptx_medium__lsb1.bmp,core,Low-Detail_2_L.bmp,Low-Detail,L,bmp,P04.pptx,PPTX,medium,1,PPTX,PPTX,1,ok,1.688572
Low-Detail_2_L__pptx_medium__lsb2.bmp,core,Low-Detail_2_L.bmp,Low-Detail,L,bmp,P04.pptx,PPTX,medium,2,PPTX,PPTX,1,ok,1.695443
Low-Detail_2_L__pptx_medium__lsb3.bmp,core,Low-Detail_2_L.bmp,Low-Detail,L,bmp,P04.pptx,PPTX,medium,3,PPTX,PPTX,1,ok,1.747464
Low-Detail_2_L__pptx_small__lsb1.bmp,core,Low-Detail_2_L.bmp,Low-Detail,L,bmp,P04.pptx,PPTX,small,1,PPTX,PPTX,1,ok,1.808888
Low-Detail_2_L__pptx_small__lsb2.bmp,core,Low-Detail_2_L.bmp,Low-Detail,L,bmp,P04.pptx,PPTX,small,2,PPTX,PPTX,1,ok,2.091546
Low-Detail_2_L__pptx_small__lsb3.bmp,core,Low-Detail_2_L.bmp,Low-Detail,L,bmp,P04.pptx,PPTX,small,3,PPTX,PPTX,1,ok,1.840566
Low-Detail_2_L__rtf_large__lsb2.bmp,core,Low-Detail_2_L.bmp,Low-Detail,L,bmp,P05.rtf,RTF,large,2,RTF,RTF,1,ok,1.690702
Low-Detail_2_L__rtf_large__lsb3.bmp,core,Low-Detail_2_L.bmp,Low-Detail,L,bmp,P05.rtf,RTF,large,3,RTF,RTF,1,ok,1.560321
Low-Detail_2_L__rtf_medium__lsb1.bmp,core,Low-Detail_2_L.bmp,Low-Detail,L,bmp,P05.rtf,RTF,medium,1,RTF,RTF,1,ok,1.410079
Low-Detail_2_L__rtf_medium__lsb2.bmp,core,Low-Detail_2_L.bmp,Low-Detail,L,bmp,P05.rtf,RTF,medium,2,RTF,RTF,1,ok,1.572108
Low-Detail_2_L__rtf_medium__lsb3.bmp,core,Low-Detail_2_L.bmp,Low-Detail,L,bmp,P05.rtf,RTF,medium,3,RTF,RTF,1,ok,1.645939
Low-Detail_2_L__rtf_small__lsb1.bmp,core,Low-Detail_2_L.bmp,Low-Detail,L,bmp,P05.rtf,RTF,small,1,RTF,RTF,1,ok,1.558741
Low-Detail_2_L__rtf_small__lsb2.bmp,core,Low-Detail_2_L.bmp,Low-Detail,L,bmp,P05.rtf,RTF,small,2,RTF,RTF,1,ok,1.694732
Low-Detail_2_L__rtf_small__lsb3.bmp,core,Low-Detail_2_L.bmp,Low-Detail,L,bmp,P05.rtf,RTF,small,3,RTF,RTF,1,ok,1.810113
Low-Detail_2_L__xlsx_large__lsb2.bmp,core,Low-Detail_2_L.bmp,Low-Detail,L,bmp,P03.xlsx,XLSX,large,2,XLSX,XLSX,1,ok,1.592772
Low-Detail_2_L__xlsx_large__lsb3.bmp,core,Low-Detail_2_L.bmp,Low-Detail,L,bmp,P03.xlsx,XLSX,large,3,XLSX,XLSX,1,ok,1.574024
Low-Detail_2_L__xlsx_medium__lsb1.bmp,core,Low-Detail_2_L.bmp,Low-Detail,L,bmp,P03.xlsx,XLSX,medium,1,XLSX,XLSX,1,ok,1.486163
Low-Detail_2_L__xlsx_medium__lsb2.bmp,core,Low-Detail_2_L.bmp,Low-Detail,L,bmp,P03.xlsx,XLSX,medium,2,XLSX,XLSX,1,ok,1.654390
Low-Detail_2_L__xlsx_medium__lsb3.bmp,core,Low-Detail_2_L.bmp,Low-Detail,L,bmp,P03.xlsx,XLSX,medium,3,XLSX,XLSX,1,ok,1.628036
Low-Detail_2_L__xlsx_small__lsb1.bmp,core,Low-Detail_2_L.bmp,Low-Detail,L,bmp,P03.xlsx,XLSX,small,1,XLSX,XLSX,1,ok,1.552232
Low-Detail_2_L__xlsx_small__lsb2.bmp,core,Low-Detail_2_L.bmp,Low-Detail,L,bmp,P03.xlsx,XLSX,small,2,XLSX,XLSX,1,ok,1.420826
Low-Detail_2_L__xlsx_small__lsb3.bmp,core,Low-Detail_2_L.bmp,Low-Detail,L,bmp,P03.xlsx,XLSX,small,3,XLSX,XLSX,1,ok,1.558097
Mixed-Content_1_S__docx_small__lsb1.bmp,core,Mixed-Content_1_S.bmp,Mixed-Content,S,bmp,P01.docx,DOCX,small,1,DOCX,DOCX,1,ok,0.251902
Mixed-Content_1_S__docx_small__lsb2.bmp,core,Mixed-Content_1_S.bmp,Mixed-Content,S,bmp,P01.docx,DOCX,small,2,DOCX,DOCX,1,ok,0.221632
Mixed-Content_1_S__docx_small__lsb3.bmp,core,Mixed-Content_1_S.bmp,Mixed-Content,S,bmp,P01.docx,DOCX,small,3,DOCX,DOCX,1,ok,0.196354
Mixed-Content_1_S__exe_small__lsb1.bmp,core,Mixed-Content_1_S.bmp,Mixed-Content,S,bmp,P06.exe,EXE,small,1,EXE,EXE,1,ok,0.214399
Mixed-Content_1_S__exe_small__lsb2.bmp,core,Mixed-Content_1_S.bmp,Mixed-Content,S,bmp,P06.exe,EXE,small,2,EXE,EXE,1,ok,0.219601
Mixed-Content_1_S__exe_small__lsb3.bmp,core,Mixed-Content_1_S.bmp,Mixed-Content,S,bmp,P06.exe,EXE,small,3,EXE,EXE,1,ok,0.214087
Mixed-Content_1_S__pdf_small__lsb1.bmp,core,Mixed-Content_1_S.bmp,Mixed-Content,S,bmp,P02.pdf,PDF,small,1,PDF,PDF,1,ok,0.217927
Mixed-Content_1_S__pdf_small__lsb2.bmp,core,Mixed-Content_1_S.bmp,Mixed-Content,S,bmp,P02.pdf,PDF,small,2,PDF,PDF,1,ok,0.208449
Mixed-Content_1_S__pdf_small__lsb3.bmp,core,Mixed-Content_1_S.bmp,Mixed-Content,S,bmp,P02.pdf,PDF,small,3,PDF,PDF,1,ok,0.190505
Mixed-Content_1_S__pptx_small__lsb1.bmp,core,Mixed-Content_1_S.bmp,Mixed-Content,S,bmp,P04.pptx,PPTX,small,1,PPTX,PPTX,1,ok,0.228788
Mixed-Content_1_S__pptx_small__lsb2.bmp,core,Mixed-Content_1_S.bmp,Mixed-Content,S,bmp,P04.pptx,PPTX,small,2,PPTX,PPTX,1,ok,0.249553
Mixed-Content_1_S__pptx_small__lsb3.bmp,core,Mixed-Content_1_S.bmp,Mixed-Content,S,bmp,P04.pptx,PPTX,small,3,PPTX,PPTX,1,ok,0.263102
Mixed-Content_1_S__rtf_small__lsb1.bmp,core,Mixed-Content_1_S.bmp,Mixed-Content,S,bmp,P05.rtf,RTF,small,1,RTF,RTF,1,ok,0.244204
Mixed-Content_1_S__rtf_small__lsb2.bmp,core,Mixed-Content_1_S.bmp,Mixed-Content,S,bmp,P05.rtf,RTF,small,2,RTF,RTF,1,ok,0.250641
Mixed-Content_1_S__rtf_small__lsb3.bmp,core,Mixed-Content_1_S.bmp,Mixed-Content,S,bmp,P05.rtf,RTF,small,3,RTF,RTF,1,ok,0.236299
Mixed-Content_1_S__xlsx_small__lsb1.bmp,core,Mixed-Content_1_S.bmp,Mixed-Content,S,bmp,P03.xlsx,XLSX,small,1,XLSX,XLSX,1,ok,0.219932
Mixed-Content_1_S__xlsx_small__lsb2.bmp,core,Mixed-Content_1_S.bmp,Mixed-Content,S,bmp,P03.xlsx,XLSX,small,2,XLSX,XLSX,1,ok,0.225473
Mixed-Content_1_S__xlsx_small__lsb3.bmp,core,Mixed-Content_1_S.bmp,Mixed-Content,S,bmp,P03.xlsx,XLSX,small,3,XLSX,XLSX,1,ok,0.219666
Mixed-Content_2_L__docx_large__lsb2.bmp,core,Mixed-Content_2_L.bmp,Mixed-Content,L,bmp,P01.docx,DOCX,large,2,DOCX,DOCX,1,ok,1.614111
Mixed-Content_2_L__docx_large__lsb3.bmp,core,Mixed-Content_2_L.bmp,Mixed-Content,L,bmp,P01.docx,DOCX,large,3,DOCX,DOCX,1,ok,1.526721
Mixed-Content_2_L__docx_medium__lsb1.bmp,core,Mixed-Content_2_L.bmp,Mixed-Content,L,bmp,P01.docx,DOCX,medium,1,DOCX,DOCX,1,ok,1.636957
Mixed-Content_2_L__docx_medium__lsb2.bmp,core,Mixed-Content_2_L.bmp,Mixed-Content,L,bmp,P01.docx,DOCX,medium,2,DOCX,DOCX,1,ok,1.582803
Mixed-Content_2_L__docx_medium__lsb3.bmp,core,Mixed-Content_2_L.bmp,Mixed-Content,L,bmp,P01.docx,DOCX,medium,3,DOCX,DOCX,1,ok,1.646171
Mixed-Content_2_L__docx_small__lsb1.bmp,core,Mixed-Content_2_L.bmp,Mixed-Content,L,bmp,P01.docx,DOCX,small,1,DOCX,DOCX,1,ok,1.692183
Mixed-Content_2_L__docx_small__lsb2.bmp,core,Mixed-Content_2_L.bmp,Mixed-Content,L,bmp,P01.docx,DOCX,small,2,DOCX,DOCX,1,ok,1.785116
Mixed-Content_2_L__docx_small__lsb3.bmp,core,Mixed-Content_2_L.bmp,Mixed-Content,L,bmp,P01.docx,DOCX,small,3,DOCX,DOCX,1,ok,1.655329
Mixed-Content_2_L__exe_large__lsb2.bmp,core,Mixed-Content_2_L.bmp,Mixed-Content,L,bmp,P06.exe,EXE,large,2,EXE,EXE,1,ok,1.647400
Mixed-Content_2_L__exe_large__lsb3.bmp,core,Mixed-Content_2_L.bmp,Mixed-Content,L,bmp,P06.exe,EXE,large,3,EXE,EXE,1,ok,1.962111
Mixed-Content_2_L__exe_medium__lsb1.bmp,core,Mixed-Content_2_L.bmp,Mixed-Content,L,bmp,P06.exe,EXE,medium,1,EXE,EXE,1,ok,1.661164
Mixed-Content_2_L__exe_medium__lsb2.bmp,core,Mixed-Content_2_L.bmp,Mixed-Content,L,bmp,P06.exe,EXE,medium,2,EXE,EXE,1,ok,1.736691
Mixed-Content_2_L__exe_medium__lsb3.bmp,core,Mixed-Content_2_L.bmp,Mixed-Content,L,bmp,P06.exe,EXE,medium,3,EXE,EXE,1,ok,1.803531
Mixed-Content_2_L__exe_small__lsb1.bmp,core,Mixed-Content_2_L.bmp,Mixed-Content,L,bmp,P06.exe,EXE,small,1,EXE,EXE,1,ok,1.790939
Mixed-Content_2_L__exe_small__lsb2.bmp,core,Mixed-Content_2_L.bmp,Mixed-Content,L,bmp,P06.exe,EXE,small,2,EXE,EXE,1,ok,1.768990
Mixed-Content_2_L__exe_small__lsb3.bmp,core,Mixed-Content_2_L.bmp,Mixed-Content,L,bmp,P06.exe,EXE,small,3,EXE,EXE,1,ok,2.002740
Mixed-Content_2_L__pdf_large__lsb2.bmp,core,Mixed-Content_2_L.bmp,Mixed-Content,L,bmp,P02.pdf,PDF,large,2,PDF,PDF,1,ok,2.096602
Mixed-Content_2_L__pdf_large__lsb3.bmp,core,Mixed-Content_2_L.bmp,Mixed-Content,L,bmp,P02.pdf,PDF,large,3,PDF,PDF,1,ok,1.790262
Mixed-Content_2_L__pdf_medium__lsb1.bmp,core,Mixed-Content_2_L.bmp,Mixed-Content,L,bmp,P02.pdf,PDF,medium,1,PDF,PDF,1,ok,1.596514
Mixed-Content_2_L__pdf_medium__lsb2.bmp,core,Mixed-Content_2_L.bmp,Mixed-Content,L,bmp,P02.pdf,PDF,medium,2,PDF,PDF,1,ok,1.669565
Mixed-Content_2_L__pdf_medium__lsb3.bmp,core,Mixed-Content_2_L.bmp,Mixed-Content,L,bmp,P02.pdf,PDF,medium,3,PDF,PDF,1,ok,1.666041
Mixed-Content_2_L__pdf_small__lsb1.bmp,core,Mixed-Content_2_L.bmp,Mixed-Content,L,bmp,P02.pdf,PDF,small,1,PDF,PDF,1,ok,1.721044
Mixed-Content_2_L__pdf_small__lsb2.bmp,core,Mixed-Content_2_L.bmp,Mixed-Content,L,bmp,P02.pdf,PDF,small,2,PDF,PDF,1,ok,1.609817
Mixed-Content_2_L__pdf_small__lsb3.bmp,core,Mixed-Content_2_L.bmp,Mixed-Content,L,bmp,P02.pdf,PDF,small,3,PDF,PDF,1,ok,1.847070
Mixed-Content_2_L__pptx_large__lsb2.bmp,core,Mixed-Content_2_L.bmp,Mixed-Content,L,bmp,P04.pptx,PPTX,large,2,PPTX,PPTX,1,ok,1.674388
Mixed-Content_2_L__pptx_large__lsb3.bmp,core,Mixed-Content_2_L.bmp,Mixed-Content,L,bmp,P04.pptx,PPTX,large,3,PPTX,PPTX,1,ok,1.665967
Mixed-Content_2_L__pptx_medium__lsb1.bmp,core,Mixed-Content_2_L.bmp,Mixed-Content,L,bmp,P04.pptx,PPTX,medium,1,PPTX,PPTX,1,ok,1.581963
Mixed-Content_2_L__pptx_medium__lsb2.bmp,core,Mixed-Content_2_L.bmp,Mixed-Content,L,bmp,P04.pptx,PPTX,medium,2,PPTX,PPTX,1,ok,1.427997
Mixed-Content_2_L__pptx_medium__lsb3.bmp,core,Mixed-Content_2_L.bmp,Mixed-Content,L,bmp,P04.pptx,PPTX,medium,3,PPTX,PPTX,1,ok,1.580703
Mixed-Content_2_L__pptx_small__lsb1.bmp,core,Mixed-Content_2_L.bmp,Mixed-Content,L,bmp,P04.pptx,PPTX,small,1,PPTX,PPTX,1,ok,1.515299
Mixed-Content_2_L__pptx_small__lsb2.bmp,core,Mixed-Content_2_L.bmp,Mixed-Content,L,bmp,P04.pptx,PPTX,small,2,PPTX,PPTX,1,ok,1.670883
Mixed-Content_2_L__pptx_small__lsb3.bmp,core,Mixed-Content_2_L.bmp,Mixed-Content,L,bmp,P04.pptx,PPTX,small,3,PPTX,PPTX,1,ok,1.736958
Mixed-Content_2_L__rtf_large__lsb2.bmp,core,Mixed-Content_2_L.bmp,Mixed-Content,L,bmp,P05.rtf,RTF,large,2,RTF,RTF,1,ok,1.543358
Mixed-Content_2_L__rtf_large__lsb3.bmp,core,Mixed-Content_2_L.bmp,Mixed-Content,L,bmp,P05.rtf,RTF,large,3,RTF,RTF,1,ok,1.513246
Mixed-Content_2_L__rtf_medium__lsb1.bmp,core,Mixed-Content_2_L.bmp,Mixed-Content,L,bmp,P05.rtf,RTF,medium,1,RTF,RTF,1,ok,1.382321
Mixed-Content_2_L__rtf_medium__lsb2.bmp,core,Mixed-Content_2_L.bmp,Mixed-Content,L,bmp,P05.rtf,RTF,medium,2,RTF,RTF,1,ok,1.710512
Mixed-Content_2_L__rtf_medium__lsb3.bmp,core,Mixed-Content_2_L.bmp,Mixed-Content,L,bmp,P05.rtf,RTF,medium,3,RTF,RTF,1,ok,1.496511
Mixed-Content_2_L__rtf_small__lsb1.bmp,core,Mixed-Content_2_L.bmp,Mixed-Content,L,bmp,P05.rtf,RTF,small,1,RTF,RTF,1,ok,2.116499
Mixed-Content_2_L__rtf_small__lsb2.bmp,core,Mixed-Content_2_L.bmp,Mixed-Content,L,bmp,P05.rtf,RTF,small,2,RTF,RTF,1,ok,1.593859
Mixed-Content_2_L__rtf_small__lsb3.bmp,core,Mixed-Content_2_L.bmp,Mixed-Content,L,bmp,P05.rtf,RTF,small,3,RTF,RTF,1,ok,1.609655
Mixed-Content_2_L__xlsx_large__lsb2.bmp,core,Mixed-Content_2_L.bmp,Mixed-Content,L,bmp,P03.xlsx,XLSX,large,2,XLSX,XLSX,1,ok,1.716011
Mixed-Content_2_L__xlsx_large__lsb3.bmp,core,Mixed-Content_2_L.bmp,Mixed-Content,L,bmp,P03.xlsx,XLSX,large,3,XLSX,XLSX,1,ok,1.555136
Mixed-Content_2_L__xlsx_medium__lsb1.bmp,core,Mixed-Content_2_L.bmp,Mixed-Content,L,bmp,P03.xlsx,XLSX,medium,1,XLSX,XLSX,1,ok,1.519205
Mixed-Content_2_L__xlsx_medium__lsb2.bmp,core,Mixed-Content_2_L.bmp,Mixed-Content,L,bmp,P03.xlsx,XLSX,medium,2,XLSX,XLSX,1,ok,1.846511
Mixed-Content_2_L__xlsx_medium__lsb3.bmp,core,Mixed-Content_2_L.bmp,Mixed-Content,L,bmp,P03.xlsx,XLSX,medium,3,XLSX,XLSX,1,ok,1.678917
Mixed-Content_2_L__xlsx_small__lsb1.bmp,core,Mixed-Content_2_L.bmp,Mixed-Content,L,bmp,P03.xlsx,XLSX,small,1,XLSX,XLSX,1,ok,1.676178
Mixed-Content_2_L__xlsx_small__lsb2.bmp,core,Mixed-Content_2_L.bmp,Mixed-Content,L,bmp,P03.xlsx,XLSX,small,2,XLSX,XLSX,1,ok,1.581930
Mixed-Content_2_L__xlsx_small__lsb3.bmp,core,Mixed-Content_2_L.bmp,Mixed-Content,L,bmp,P03.xlsx,XLSX,small,3,XLSX,XLSX,1,ok,1.587646
Noisy_1_S__docx_small__lsb1.bmp,core,Noisy_1_S.bmp,Noisy,S,bmp,P01.docx,DOCX,small,1,DOCX,DOCX,1,ok,0.188646
Noisy_1_S__docx_small__lsb2.bmp,core,Noisy_1_S.bmp,Noisy,S,bmp,P01.docx,DOCX,small,2,DOCX,DOCX,1,ok,0.176876
Noisy_1_S__docx_small__lsb3.bmp,core,Noisy_1_S.bmp,Noisy,S,bmp,P01.docx,DOCX,small,3,DOCX,DOCX,1,ok,0.201798
Noisy_1_S__exe_small__lsb1.bmp,core,Noisy_1_S.bmp,Noisy,S,bmp,P06.exe,EXE,small,1,EXE,EXE,1,ok,0.232418
Noisy_1_S__exe_small__lsb2.bmp,core,Noisy_1_S.bmp,Noisy,S,bmp,P06.exe,EXE,small,2,EXE,EXE,1,ok,0.212069
Noisy_1_S__exe_small__lsb3.bmp,core,Noisy_1_S.bmp,Noisy,S,bmp,P06.exe,EXE,small,3,EXE,EXE,1,ok,0.229512
Noisy_1_S__pdf_small__lsb1.bmp,core,Noisy_1_S.bmp,Noisy,S,bmp,P02.pdf,PDF,small,1,PDF,PDF,1,ok,0.242218
Noisy_1_S__pdf_small__lsb2.bmp,core,Noisy_1_S.bmp,Noisy,S,bmp,P02.pdf,PDF,small,2,PDF,PDF,1,ok,0.230224
Noisy_1_S__pdf_small__lsb3.bmp,core,Noisy_1_S.bmp,Noisy,S,bmp,P02.pdf,PDF,small,3,PDF,PDF,1,ok,0.254533
Noisy_1_S__pptx_small__lsb1.bmp,core,Noisy_1_S.bmp,Noisy,S,bmp,P04.pptx,PPTX,small,1,PPTX,PPTX,1,ok,0.218740
Noisy_1_S__pptx_small__lsb2.bmp,core,Noisy_1_S.bmp,Noisy,S,bmp,P04.pptx,PPTX,small,2,PPTX,PPTX,1,ok,0.213007
Noisy_1_S__pptx_small__lsb3.bmp,core,Noisy_1_S.bmp,Noisy,S,bmp,P04.pptx,PPTX,small,3,PPTX,PPTX,1,ok,0.249527
Noisy_1_S__rtf_small__lsb1.bmp,core,Noisy_1_S.bmp,Noisy,S,bmp,P05.rtf,RTF,small,1,RTF,RTF,1,ok,0.253443
Noisy_1_S__rtf_small__lsb2.bmp,core,Noisy_1_S.bmp,Noisy,S,bmp,P05.rtf,RTF,small,2,RTF,RTF,1,ok,0.278555
Noisy_1_S__rtf_small__lsb3.bmp,core,Noisy_1_S.bmp,Noisy,S,bmp,P05.rtf,RTF,small,3,RTF,RTF,1,ok,0.299114
Noisy_1_S__xlsx_small__lsb1.bmp,core,Noisy_1_S.bmp,Noisy,S,bmp,P03.xlsx,XLSX,small,1,XLSX,XLSX,1,ok,0.278929
Noisy_1_S__xlsx_small__lsb2.bmp,core,Noisy_1_S.bmp,Noisy,S,bmp,P03.xlsx,XLSX,small,2,XLSX,XLSX,1,ok,0.236681
Noisy_1_S__xlsx_small__lsb3.bmp,core,Noisy_1_S.bmp,Noisy,S,bmp,P03.xlsx,XLSX,small,3,XLSX,XLSX,1,ok,0.228463
Noisy_2_M__docx_large__lsb3.png,core,Noisy_2_M.png,Noisy,M,png,P01.docx,DOCX,large,3,DOCX,DOCX,1,ok,1.120772
Noisy_2_M__docx_medium__lsb2.png,core,Noisy_2_M.png,Noisy,M,png,P01.docx,DOCX,medium,2,DOCX,DOCX,1,ok,1.283049
Noisy_2_M__docx_medium__lsb3.png,core,Noisy_2_M.png,Noisy,M,png,P01.docx,DOCX,medium,3,DOCX,DOCX,1,ok,1.038415
Noisy_2_M__docx_small__lsb1.png,core,Noisy_2_M.png,Noisy,M,png,P01.docx,DOCX,small,1,DOCX,DOCX,1,ok,1.188281
Noisy_2_M__docx_small__lsb2.png,core,Noisy_2_M.png,Noisy,M,png,P01.docx,DOCX,small,2,DOCX,DOCX,1,ok,0.855138
Noisy_2_M__docx_small__lsb3.png,core,Noisy_2_M.png,Noisy,M,png,P01.docx,DOCX,small,3,DOCX,DOCX,1,ok,0.767776
Noisy_2_M__exe_large__lsb3.png,core,Noisy_2_M.png,Noisy,M,png,P06.exe,EXE,large,3,EXE,EXE,1,ok,0.811814
Noisy_2_M__exe_medium__lsb2.png,core,Noisy_2_M.png,Noisy,M,png,P06.exe,EXE,medium,2,EXE,EXE,1,ok,0.861999
Noisy_2_M__exe_medium__lsb3.png,core,Noisy_2_M.png,Noisy,M,png,P06.exe,EXE,medium,3,EXE,EXE,1,ok,0.872293
Noisy_2_M__exe_small__lsb1.png,core,Noisy_2_M.png,Noisy,M,png,P06.exe,EXE,small,1,EXE,EXE,1,ok,0.976825
Noisy_2_M__exe_small__lsb2.png,core,Noisy_2_M.png,Noisy,M,png,P06.exe,EXE,small,2,EXE,EXE,1,ok,0.906779
Noisy_2_M__exe_small__lsb3.png,core,Noisy_2_M.png,Noisy,M,png,P06.exe,EXE,small,3,EXE,EXE,1,ok,0.825248
Noisy_2_M__pdf_large__lsb3.png,core,Noisy_2_M.png,Noisy,M,png,P02.pdf,PDF,large,3,PDF,PDF,1,ok,0.949175
Noisy_2_M__pdf_medium__lsb2.png,core,Noisy_2_M.png,Noisy,M,png,P02.pdf,PDF,medium,2,PDF,PDF,1,ok,1.028164
Noisy_2_M__pdf_medium__lsb3.png,core,Noisy_2_M.png,Noisy,M,png,P02.pdf,PDF,medium,3,PDF,PDF,1,ok,0.936732
Noisy_2_M__pdf_small__lsb1.png,core,Noisy_2_M.png,Noisy,M,png,P02.pdf,PDF,small,1,PDF,PDF,1,ok,0.909896
Noisy_2_M__pdf_small__lsb2.png,core,Noisy_2_M.png,Noisy,M,png,P02.pdf,PDF,small,2,PDF,PDF,1,ok,0.904940
Noisy_2_M__pdf_small__lsb3.png,core,Noisy_2_M.png,Noisy,M,png,P02.pdf,PDF,small,3,PDF,PDF,1,ok,0.841168
Noisy_2_M__pptx_large__lsb3.png,core,Noisy_2_M.png,Noisy,M,png,P04.pptx,PPTX,large,3,PPTX,PPTX,1,ok,0.934889
Noisy_2_M__pptx_medium__lsb2.png,core,Noisy_2_M.png,Noisy,M,png,P04.pptx,PPTX,medium,2,PPTX,PPTX,1,ok,0.904430
Noisy_2_M__pptx_medium__lsb3.png,core,Noisy_2_M.png,Noisy,M,png,P04.pptx,PPTX,medium,3,PPTX,PPTX,1,ok,0.900379
Noisy_2_M__pptx_small__lsb1.png,core,Noisy_2_M.png,Noisy,M,png,P04.pptx,PPTX,small,1,PPTX,PPTX,1,ok,0.856218
Noisy_2_M__pptx_small__lsb2.png,core,Noisy_2_M.png,Noisy,M,png,P04.pptx,PPTX,small,2,PPTX,PPTX,1,ok,0.814434
Noisy_2_M__pptx_small__lsb3.png,core,Noisy_2_M.png,Noisy,M,png,P04.pptx,PPTX,small,3,PPTX,PPTX,1,ok,0.969821
Noisy_2_M__rtf_large__lsb3.png,core,Noisy_2_M.png,Noisy,M,png,P05.rtf,RTF,large,3,RTF,RTF,1,ok,1.587620
Noisy_2_M__rtf_medium__lsb2.png,core,Noisy_2_M.png,Noisy,M,png,P05.rtf,RTF,medium,2,RTF,RTF,1,ok,0.872922
Noisy_2_M__rtf_medium__lsb3.png,core,Noisy_2_M.png,Noisy,M,png,P05.rtf,RTF,medium,3,RTF,RTF,1,ok,0.946526
Noisy_2_M__rtf_small__lsb1.png,core,Noisy_2_M.png,Noisy,M,png,P05.rtf,RTF,small,1,RTF,RTF,1,ok,0.979056
Noisy_2_M__rtf_small__lsb2.png,core,Noisy_2_M.png,Noisy,M,png,P05.rtf,RTF,small,2,RTF,RTF,1,ok,0.873120
Noisy_2_M__rtf_small__lsb3.png,core,Noisy_2_M.png,Noisy,M,png,P05.rtf,RTF,small,3,RTF,RTF,1,ok,0.956935
Noisy_2_M__xlsx_large__lsb3.png,core,Noisy_2_M.png,Noisy,M,png,P03.xlsx,XLSX,large,3,XLSX,XLSX,1,ok,1.131757
Noisy_2_M__xlsx_medium__lsb2.png,core,Noisy_2_M.png,Noisy,M,png,P03.xlsx,XLSX,medium,2,XLSX,XLSX,1,ok,0.868765
Noisy_2_M__xlsx_medium__lsb3.png,core,Noisy_2_M.png,Noisy,M,png,P03.xlsx,XLSX,medium,3,XLSX,XLSX,1,ok,0.989905
Noisy_2_M__xlsx_small__lsb1.png,core,Noisy_2_M.png,Noisy,M,png,P03.xlsx,XLSX,small,1,XLSX,XLSX,1,ok,0.951784
Noisy_2_M__xlsx_small__lsb2.png,core,Noisy_2_M.png,Noisy,M,png,P03.xlsx,XLSX,small,2,XLSX,XLSX,1,ok,0.846258
Noisy_2_M__xlsx_small__lsb3.png,core,Noisy_2_M.png,Noisy,M,png,P03.xlsx,XLSX,small,3,XLSX,XLSX,1,ok,0.839686
Photographic_1_S__docx_small__lsb1.png,core,Photographic_1_S.png,Photographic,S,png,P01.docx,DOCX,small,1,DOCX,DOCX,1,ok,0.191644
Photographic_1_S__docx_small__lsb2.png,core,Photographic_1_S.png,Photographic,S,png,P01.docx,DOCX,small,2,DOCX,DOCX,1,ok,0.221405
Photographic_1_S__docx_small__lsb3.png,core,Photographic_1_S.png,Photographic,S,png,P01.docx,DOCX,small,3,DOCX,DOCX,1,ok,0.190562
Photographic_1_S__exe_small__lsb1.png,core,Photographic_1_S.png,Photographic,S,png,P06.exe,EXE,small,1,EXE,EXE,1,ok,0.207330
Photographic_1_S__exe_small__lsb2.png,core,Photographic_1_S.png,Photographic,S,png,P06.exe,EXE,small,2,EXE,EXE,1,ok,0.177101
Photographic_1_S__exe_small__lsb3.png,core,Photographic_1_S.png,Photographic,S,png,P06.exe,EXE,small,3,EXE,EXE,1,ok,0.244080
Photographic_1_S__pdf_small__lsb1.png,core,Photographic_1_S.png,Photographic,S,png,P02.pdf,PDF,small,1,PDF,PDF,1,ok,0.295949
Photographic_1_S__pdf_small__lsb2.png,core,Photographic_1_S.png,Photographic,S,png,P02.pdf,PDF,small,2,PDF,PDF,1,ok,0.217383
Photographic_1_S__pdf_small__lsb3.png,core,Photographic_1_S.png,Photographic,S,png,P02.pdf,PDF,small,3,PDF,PDF,1,ok,0.241484
Photographic_1_S__pptx_small__lsb1.png,core,Photographic_1_S.png,Photographic,S,png,P04.pptx,PPTX,small,1,PPTX,PPTX,1,ok,0.235637
Photographic_1_S__pptx_small__lsb2.png,core,Photographic_1_S.png,Photographic,S,png,P04.pptx,PPTX,small,2,PPTX,PPTX,1,ok,0.315783
Photographic_1_S__pptx_small__lsb3.png,core,Photographic_1_S.png,Photographic,S,png,P04.pptx,PPTX,small,3,PPTX,PPTX,1,ok,0.310832
Photographic_1_S__rtf_small__lsb1.png,core,Photographic_1_S.png,Photographic,S,png,P05.rtf,RTF,small,1,RTF,RTF,1,ok,0.272218
Photographic_1_S__rtf_small__lsb2.png,core,Photographic_1_S.png,Photographic,S,png,P05.rtf,RTF,small,2,RTF,RTF,1,ok,0.271283
Photographic_1_S__rtf_small__lsb3.png,core,Photographic_1_S.png,Photographic,S,png,P05.rtf,RTF,small,3,RTF,RTF,1,ok,0.240479
Photographic_1_S__xlsx_small__lsb1.png,core,Photographic_1_S.png,Photographic,S,png,P03.xlsx,XLSX,small,1,XLSX,XLSX,1,ok,0.237765
Photographic_1_S__xlsx_small__lsb2.png,core,Photographic_1_S.png,Photographic,S,png,P03.xlsx,XLSX,small,2,XLSX,XLSX,1,ok,0.264266
Photographic_1_S__xlsx_small__lsb3.png,core,Photographic_1_S.png,Photographic,S,png,P03.xlsx,XLSX,small,3,XLSX,XLSX,1,ok,0.216366
Photographic_2_M__docx_large__lsb3.bmp,core,Photographic_2_M.bmp,Photographic,M,bmp,P01.docx,DOCX,large,3,DOCX,DOCX,1,ok,0.889665
Photographic_2_M__docx_medium__lsb2.bmp,core,Photographic_2_M.bmp,Photographic,M,bmp,P01.docx,DOCX,medium,2,DOCX,DOCX,1,ok,1.088669
Photographic_2_M__docx_medium__lsb3.bmp,core,Photographic_2_M.bmp,Photographic,M,bmp,P01.docx,DOCX,medium,3,DOCX,DOCX,1,ok,1.047979
Photographic_2_M__docx_small__lsb1.bmp,core,Photographic_2_M.bmp,Photographic,M,bmp,P01.docx,DOCX,small,1,DOCX,DOCX,1,ok,0.893095
Photographic_2_M__docx_small__lsb2.bmp,core,Photographic_2_M.bmp,Photographic,M,bmp,P01.docx,DOCX,small,2,DOCX,DOCX,1,ok,1.661536
Photographic_2_M__docx_small__lsb3.bmp,core,Photographic_2_M.bmp,Photographic,M,bmp,P01.docx,DOCX,small,3,DOCX,DOCX,1,ok,1.277709
Photographic_2_M__exe_large__lsb3.bmp,core,Photographic_2_M.bmp,Photographic,M,bmp,P06.exe,EXE,large,3,EXE,EXE,1,ok,0.873334
Photographic_2_M__exe_medium__lsb2.bmp,core,Photographic_2_M.bmp,Photographic,M,bmp,P06.exe,EXE,medium,2,EXE,EXE,1,ok,0.711455
Photographic_2_M__exe_medium__lsb3.bmp,core,Photographic_2_M.bmp,Photographic,M,bmp,P06.exe,EXE,medium,3,EXE,EXE,1,ok,0.803116
Photographic_2_M__exe_small__lsb1.bmp,core,Photographic_2_M.bmp,Photographic,M,bmp,P06.exe,EXE,small,1,EXE,EXE,1,ok,0.749729
Photographic_2_M__exe_small__lsb2.bmp,core,Photographic_2_M.bmp,Photographic,M,bmp,P06.exe,EXE,small,2,EXE,EXE,1,ok,0.699299
Photographic_2_M__exe_small__lsb3.bmp,core,Photographic_2_M.bmp,Photographic,M,bmp,P06.exe,EXE,small,3,EXE,EXE,1,ok,0.739520
Photographic_2_M__pdf_large__lsb3.bmp,core,Photographic_2_M.bmp,Photographic,M,bmp,P02.pdf,PDF,large,3,PDF,PDF,1,ok,1.066272
Photographic_2_M__pdf_medium__lsb2.bmp,core,Photographic_2_M.bmp,Photographic,M,bmp,P02.pdf,PDF,medium,2,PDF,PDF,1,ok,1.113660
Photographic_2_M__pdf_medium__lsb3.bmp,core,Photographic_2_M.bmp,Photographic,M,bmp,P02.pdf,PDF,medium,3,PDF,PDF,1,ok,0.893090
Photographic_2_M__pdf_small__lsb1.bmp,core,Photographic_2_M.bmp,Photographic,M,bmp,P02.pdf,PDF,small,1,PDF,PDF,1,ok,0.867899
Photographic_2_M__pdf_small__lsb2.bmp,core,Photographic_2_M.bmp,Photographic,M,bmp,P02.pdf,PDF,small,2,PDF,PDF,1,ok,0.878360
Photographic_2_M__pdf_small__lsb3.bmp,core,Photographic_2_M.bmp,Photographic,M,bmp,P02.pdf,PDF,small,3,PDF,PDF,1,ok,0.851821
Photographic_2_M__pptx_large__lsb3.bmp,core,Photographic_2_M.bmp,Photographic,M,bmp,P04.pptx,PPTX,large,3,PPTX,PPTX,1,ok,0.937205
Photographic_2_M__pptx_medium__lsb2.bmp,core,Photographic_2_M.bmp,Photographic,M,bmp,P04.pptx,PPTX,medium,2,PPTX,PPTX,1,ok,0.775578
Photographic_2_M__pptx_medium__lsb3.bmp,core,Photographic_2_M.bmp,Photographic,M,bmp,P04.pptx,PPTX,medium,3,PPTX,PPTX,1,ok,0.831165
Photographic_2_M__pptx_small__lsb1.bmp,core,Photographic_2_M.bmp,Photographic,M,bmp,P04.pptx,PPTX,small,1,PPTX,PPTX,1,ok,0.781349
Photographic_2_M__pptx_small__lsb2.bmp,core,Photographic_2_M.bmp,Photographic,M,bmp,P04.pptx,PPTX,small,2,PPTX,PPTX,1,ok,0.862141
Photographic_2_M__pptx_small__lsb3.bmp,core,Photographic_2_M.bmp,Photographic,M,bmp,P04.pptx,PPTX,small,3,PPTX,PPTX,1,ok,0.765766
Photographic_2_M__rtf_large__lsb3.bmp,core,Photographic_2_M.bmp,Photographic,M,bmp,P05.rtf,RTF,large,3,RTF,RTF,1,ok,0.909393
Photographic_2_M__rtf_medium__lsb2.bmp,core,Photographic_2_M.bmp,Photographic,M,bmp,P05.rtf,RTF,medium,2,RTF,RTF,1,ok,0.956506
Photographic_2_M__rtf_medium__lsb3.bmp,core,Photographic_2_M.bmp,Photographic,M,bmp,P05.rtf,RTF,medium,3,RTF,RTF,1,ok,1.021209
Photographic_2_M__rtf_small__lsb1.bmp,core,Photographic_2_M.bmp,Photographic,M,bmp,P05.rtf,RTF,small,1,RTF,RTF,1,ok,1.051743
Photographic_2_M__rtf_small__lsb2.bmp,core,Photographic_2_M.bmp,Photographic,M,bmp,P05.rtf,RTF,small,2,RTF,RTF,1,ok,0.839072
Photographic_2_M__rtf_small__lsb3.bmp,core,Photographic_2_M.bmp,Photographic,M,bmp,P05.rtf,RTF,small,3,RTF,RTF,1,ok,0.711590
Photographic_2_M__xlsx_large__lsb3.bmp,core,Photographic_2_M.bmp,Photographic,M,bmp,P03.xlsx,XLSX,large,3,XLSX,XLSX,1,ok,0.772020
Photographic_2_M__xlsx_medium__lsb2.bmp,core,Photographic_2_M.bmp,Photographic,M,bmp,P03.xlsx,XLSX,medium,2,XLSX,XLSX,1,ok,0.725013
Photographic_2_M__xlsx_medium__lsb3.bmp,core,Photographic_2_M.bmp,Photographic,M,bmp,P03.xlsx,XLSX,medium,3,XLSX,XLSX,1,ok,0.844829
Photographic_2_M__xlsx_small__lsb1.bmp,core,Photographic_2_M.bmp,Photographic,M,bmp,P03.xlsx,XLSX,small,1,XLSX,XLSX,1,ok,0.637295
Photographic_2_M__xlsx_small__lsb2.bmp,core,Photographic_2_M.bmp,Photographic,M,bmp,P03.xlsx,XLSX,small,2,XLSX,XLSX,1,ok,0.732819
Photographic_2_M__xlsx_small__lsb3.bmp,core,Photographic_2_M.bmp,Photographic,M,bmp,P03.xlsx,XLSX,small,3,XLSX,XLSX,1,ok,0.789602
Transparency_1_S__docx_small__lsb1.png,core,Transparency_1_S.png,Transparency,S,png,P01.docx,DOCX,small,1,DOCX,DOCX,1,ok,0.221387
Transparency_1_S__docx_small__lsb2.png,core,Transparency_1_S.png,Transparency,S,png,P01.docx,DOCX,small,2,DOCX,DOCX,1,ok,0.238294
Transparency_1_S__docx_small__lsb3.png,core,Transparency_1_S.png,Transparency,S,png,P01.docx,DOCX,small,3,DOCX,DOCX,1,ok,0.215695
Transparency_1_S__exe_small__lsb1.png,core,Transparency_1_S.png,Transparency,S,png,P06.exe,EXE,small,1,EXE,EXE,1,ok,0.195978
Transparency_1_S__exe_small__lsb2.png,core,Transparency_1_S.png,Transparency,S,png,P06.exe,EXE,small,2,EXE,EXE,1,ok,0.175135
Transparency_1_S__exe_small__lsb3.png,core,Transparency_1_S.png,Transparency,S,png,P06.exe,EXE,small,3,EXE,EXE,1,ok,0.197398
Transparency_1_S__pdf_small__lsb1.png,core,Transparency_1_S.png,Transparency,S,png,P02.pdf,PDF,small,1,PDF,PDF,1,ok,0.200976
Transparency_1_S__pdf_small__lsb2.png,core,Transparency_1_S.png,Transparency,S,png,P02.pdf,PDF,small,2,PDF,PDF,1,ok,0.202189
Transparency_1_S__pdf_small__lsb3.png,core,Transparency_1_S.png,Transparency,S,png,P02.pdf,PDF,small,3,PDF,PDF,1,ok,0.218638
Transparency_1_S__pptx_small__lsb1.png,core,Transparency_1_S.png,Transparency,S,png,P04.pptx,PPTX,small,1,PPTX,PPTX,1,ok,0.206791
Transparency_1_S__pptx_small__lsb2.png,core,Transparency_1_S.png,Transparency,S,png,P04.pptx,PPTX,small,2,PPTX,PPTX,1,ok,0.224677
Transparency_1_S__pptx_small__lsb3.png,core,Transparency_1_S.png,Transparency,S,png,P04.pptx,PPTX,small,3,PPTX,PPTX,1,ok,0.224402
Transparency_1_S__rtf_small__lsb1.png,core,Transparency_1_S.png,Transparency,S,png,P05.rtf,RTF,small,1,RTF,RTF,1,ok,0.205467
Transparency_1_S__rtf_small__lsb2.png,core,Transparency_1_S.png,Transparency,S,png,P05.rtf,RTF,small,2,RTF,RTF,1,ok,0.289664
Transparency_1_S__rtf_small__lsb3.png,core,Transparency_1_S.png,Transparency,S,png,P05.rtf,RTF,small,3,RTF,RTF,1,ok,0.303064
Transparency_1_S__xlsx_small__lsb1.png,core,Transparency_1_S.png,Transparency,S,png,P03.xlsx,XLSX,small,1,XLSX,XLSX,1,ok,0.264913
Transparency_1_S__xlsx_small__lsb2.png,core,Transparency_1_S.png,Transparency,S,png,P03.xlsx,XLSX,small,2,XLSX,XLSX,1,ok,0.207653
Transparency_1_S__xlsx_small__lsb3.png,core,Transparency_1_S.png,Transparency,S,png,P03.xlsx,XLSX,small,3,XLSX,XLSX,1,ok,0.201335
Transparency_2_L__docx_large__lsb2.png,core,Transparency_2_L.png,Transparency,L,png,P01.docx,DOCX,large,2,DOCX,DOCX,1,ok,1.605170
Transparency_2_L__docx_large__lsb3.png,core,Transparency_2_L.png,Transparency,L,png,P01.docx,DOCX,large,3,DOCX,DOCX,1,ok,1.480932
Transparency_2_L__docx_medium__lsb1.png,core,Transparency_2_L.png,Transparency,L,png,P01.docx,DOCX,medium,1,DOCX,DOCX,1,ok,1.507178
Transparency_2_L__docx_medium__lsb2.png,core,Transparency_2_L.png,Transparency,L,png,P01.docx,DOCX,medium,2,DOCX,DOCX,1,ok,1.665588
Transparency_2_L__docx_medium__lsb3.png,core,Transparency_2_L.png,Transparency,L,png,P01.docx,DOCX,medium,3,DOCX,DOCX,1,ok,1.968837
Transparency_2_L__docx_small__lsb1.png,core,Transparency_2_L.png,Transparency,L,png,P01.docx,DOCX,small,1,DOCX,DOCX,1,ok,1.712120
Transparency_2_L__docx_small__lsb2.png,core,Transparency_2_L.png,Transparency,L,png,P01.docx,DOCX,small,2,DOCX,DOCX,1,ok,1.655854
Transparency_2_L__docx_small__lsb3.png,core,Transparency_2_L.png,Transparency,L,png,P01.docx,DOCX,small,3,DOCX,DOCX,1,ok,1.518428
Transparency_2_L__exe_large__lsb2.png,core,Transparency_2_L.png,Transparency,L,png,P06.exe,EXE,large,2,EXE,EXE,1,ok,1.543913
Transparency_2_L__exe_large__lsb3.png,core,Transparency_2_L.png,Transparency,L,png,P06.exe,EXE,large,3,EXE,EXE,1,ok,1.524347
Transparency_2_L__exe_medium__lsb1.png,core,Transparency_2_L.png,Transparency,L,png,P06.exe,EXE,medium,1,EXE,EXE,1,ok,1.862133
Transparency_2_L__exe_medium__lsb2.png,core,Transparency_2_L.png,Transparency,L,png,P06.exe,EXE,medium,2,EXE,EXE,1,ok,1.634009
Transparency_2_L__exe_medium__lsb3.png,core,Transparency_2_L.png,Transparency,L,png,P06.exe,EXE,medium,3,EXE,EXE,1,ok,1.775183
Transparency_2_L__exe_small__lsb1.png,core,Transparency_2_L.png,Transparency,L,png,P06.exe,EXE,small,1,EXE,EXE,1,ok,1.655391
Transparency_2_L__exe_small__lsb2.png,core,Transparency_2_L.png,Transparency,L,png,P06.exe,EXE,small,2,EXE,EXE,1,ok,1.798731
Transparency_2_L__exe_small__lsb3.png,core,Transparency_2_L.png,Transparency,L,png,P06.exe,EXE,small,3,EXE,EXE,1,ok,1.670367
Transparency_2_L__pdf_large__lsb2.png,core,Transparency_2_L.png,Transparency,L,png,P02.pdf,PDF,large,2,PDF,PDF,1,ok,1.790409
Transparency_2_L__pdf_large__lsb3.png,core,Transparency_2_L.png,Transparency,L,png,P02.pdf,PDF,large,3,PDF,PDF,1,ok,1.637888
Transparency_2_L__pdf_medium__lsb1.png,core,Transparency_2_L.png,Transparency,L,png,P02.pdf,PDF,medium,1,PDF,PDF,1,ok,1.728014
Transparency_2_L__pdf_medium__lsb2.png,core,Transparency_2_L.png,Transparency,L,png,P02.pdf,PDF,medium,2,PDF,PDF,1,ok,1.635081
Transparency_2_L__pdf_medium__lsb3.png,core,Transparency_2_L.png,Transparency,L,png,P02.pdf,PDF,medium,3,PDF,PDF,1,ok,1.755448
Transparency_2_L__pdf_small__lsb1.png,core,Transparency_2_L.png,Transparency,L,png,P02.pdf,PDF,small,1,PDF,PDF,1,ok,1.710648
Transparency_2_L__pdf_small__lsb2.png,core,Transparency_2_L.png,Transparency,L,png,P02.pdf,PDF,small,2,PDF,PDF,1,ok,1.873659
Transparency_2_L__pdf_small__lsb3.png,core,Transparency_2_L.png,Transparency,L,png,P02.pdf,PDF,small,3,PDF,PDF,1,ok,1.627525
Transparency_2_L__pptx_large__lsb2.png,core,Transparency_2_L.png,Transparency,L,png,P04.pptx,PPTX,large,2,PPTX,PPTX,1,ok,1.678093
Transparency_2_L__pptx_large__lsb3.png,core,Transparency_2_L.png,Transparency,L,png,P04.pptx,PPTX,large,3,PPTX,PPTX,1,ok,1.602585
Transparency_2_L__pptx_medium__lsb1.png,core,Transparency_2_L.png,Transparency,L,png,P04.pptx,PPTX,medium,1,PPTX,PPTX,1,ok,1.670533
Transparency_2_L__pptx_medium__lsb2.png,core,Transparency_2_L.png,Transparency,L,png,P04.pptx,PPTX,medium,2,PPTX,PPTX,1,ok,1.665184
Transparency_2_L__pptx_medium__lsb3.png,core,Transparency_2_L.png,Transparency,L,png,P04.pptx,PPTX,medium,3,PPTX,PPTX,1,ok,1.802012
Transparency_2_L__pptx_small__lsb1.png,core,Transparency_2_L.png,Transparency,L,png,P04.pptx,PPTX,small,1,PPTX,PPTX,1,ok,1.384512
Transparency_2_L__pptx_small__lsb2.png,core,Transparency_2_L.png,Transparency,L,png,P04.pptx,PPTX,small,2,PPTX,PPTX,1,ok,1.636459
Transparency_2_L__pptx_small__lsb3.png,core,Transparency_2_L.png,Transparency,L,png,P04.pptx,PPTX,small,3,PPTX,PPTX,1,ok,1.659106
Transparency_2_L__rtf_large__lsb2.png,core,Transparency_2_L.png,Transparency,L,png,P05.rtf,RTF,large,2,RTF,RTF,1,ok,1.683801
Transparency_2_L__rtf_large__lsb3.png,core,Transparency_2_L.png,Transparency,L,png,P05.rtf,RTF,large,3,RTF,RTF,1,ok,1.710497
Transparency_2_L__rtf_medium__lsb1.png,core,Transparency_2_L.png,Transparency,L,png,P05.rtf,RTF,medium,1,RTF,RTF,1,ok,1.788305
Transparency_2_L__rtf_medium__lsb2.png,core,Transparency_2_L.png,Transparency,L,png,P05.rtf,RTF,medium,2,RTF,RTF,1,ok,1.834966
Transparency_2_L__rtf_medium__lsb3.png,core,Transparency_2_L.png,Transparency,L,png,P05.rtf,RTF,medium,3,RTF,RTF,1,ok,3.416475
Transparency_2_L__rtf_small__lsb1.png,core,Transparency_2_L.png,Transparency,L,png,P05.rtf,RTF,small,1,RTF,RTF,1,ok,1.997321
Transparency_2_L__rtf_small__lsb2.png,core,Transparency_2_L.png,Transparency,L,png,P05.rtf,RTF,small,2,RTF,RTF,1,ok,1.847161
Transparency_2_L__rtf_small__lsb3.png,core,Transparency_2_L.png,Transparency,L,png,P05.rtf,RTF,small,3,RTF,RTF,1,ok,1.819743
Transparency_2_L__xlsx_large__lsb2.png,core,Transparency_2_L.png,Transparency,L,png,P03.xlsx,XLSX,large,2,XLSX,XLSX,1,ok,1.860792
Transparency_2_L__xlsx_large__lsb3.png,core,Transparency_2_L.png,Transparency,L,png,P03.xlsx,XLSX,large,3,XLSX,XLSX,1,ok,1.752159
Transparency_2_L__xlsx_medium__lsb1.png,core,Transparency_2_L.png,Transparency,L,png,P03.xlsx,XLSX,medium,1,XLSX,XLSX,1,ok,1.847341
Transparency_2_L__xlsx_medium__lsb2.png,core,Transparency_2_L.png,Transparency,L,png,P03.xlsx,XLSX,medium,2,XLSX,XLSX,1,ok,1.775845
Transparency_2_L__xlsx_medium__lsb3.png,core,Transparency_2_L.png,Transparency,L,png,P03.xlsx,XLSX,medium,3,XLSX,XLSX,1,ok,1.833597
Transparency_2_L__xlsx_small__lsb1.png,core,Transparency_2_L.png,Transparency,L,png,P03.xlsx,XLSX,small,1,XLSX,XLSX,1,ok,1.802449
Transparency_2_L__xlsx_small__lsb2.png,core,Transparency_2_L.png,Transparency,L,png,P03.xlsx,XLSX,small,2,XLSX,XLSX,1,ok,1.733413
Transparency_2_L__xlsx_small__lsb3.png,core,Transparency_2_L.png,Transparency,L,png,P03.xlsx,XLSX,small,3,XLSX,XLSX,1,ok,1.712350
XL-Synthetic_10_B__docx_large__lsb1.bmp,extended_xl,XL-Synthetic_10_B.bmp,XL-Synthetic,B,bmp,P01.docx,DOCX,large,1,DOCX,DOCX,1,ok,13.822385
XL-Synthetic_10_B__docx_large__lsb2.bmp,extended_xl,XL-Synthetic_10_B.bmp,XL-Synthetic,B,bmp,P01.docx,DOCX,large,2,DOCX,DOCX,1,ok,14.191563
XL-Synthetic_10_B__docx_large__lsb3.bmp,extended_xl,XL-Synthetic_10_B.bmp,XL-Synthetic,B,bmp,P01.docx,DOCX,large,3,DOCX,DOCX,1,ok,21.458634
XL-Synthetic_10_B__docx_medium__lsb1.bmp,extended_xl,XL-Synthetic_10_B.bmp,XL-Synthetic,B,bmp,P01.docx,DOCX,medium,1,DOCX,DOCX,1,ok,23.257632
XL-Synthetic_10_B__docx_medium__lsb2.bmp,extended_xl,XL-Synthetic_10_B.bmp,XL-Synthetic,B,bmp,P01.docx,DOCX,medium,2,DOCX,DOCX,1,ok,13.796063
XL-Synthetic_10_B__docx_medium__lsb3.bmp,extended_xl,XL-Synthetic_10_B.bmp,XL-Synthetic,B,bmp,P01.docx,DOCX,medium,3,DOCX,DOCX,1,ok,120.603337
XL-Synthetic_10_B__docx_small__lsb1.bmp,extended_xl,XL-Synthetic_10_B.bmp,XL-Synthetic,B,bmp,P01.docx,DOCX,small,1,DOCX,DOCX,1,ok,14.687019
XL-Synthetic_10_B__docx_small__lsb2.bmp,extended_xl,XL-Synthetic_10_B.bmp,XL-Synthetic,B,bmp,P01.docx,DOCX,small,2,DOCX,DOCX,1,ok,15.299588
XL-Synthetic_10_B__docx_small__lsb3.bmp,extended_xl,XL-Synthetic_10_B.bmp,XL-Synthetic,B,bmp,P01.docx,DOCX,small,3,DOCX,DOCX,1,ok,14.535494
XL-Synthetic_10_B__exe_large__lsb1.bmp,extended_xl,XL-Synthetic_10_B.bmp,XL-Synthetic,B,bmp,P06.exe,EXE,large,1,EXE,EXE,1,ok,14.732288
XL-Synthetic_10_B__exe_large__lsb2.bmp,extended_xl,XL-Synthetic_10_B.bmp,XL-Synthetic,B,bmp,P06.exe,EXE,large,2,EXE,EXE,1,ok,14.023454
XL-Synthetic_10_B__exe_large__lsb3.bmp,extended_xl,XL-Synthetic_10_B.bmp,XL-Synthetic,B,bmp,P06.exe,EXE,large,3,EXE,EXE,1,ok,12.111345
XL-Synthetic_10_B__exe_medium__lsb1.bmp,extended_xl,XL-Synthetic_10_B.bmp,XL-Synthetic,B,bmp,P06.exe,EXE,medium,1,EXE,EXE,1,ok,12.977135
XL-Synthetic_10_B__exe_medium__lsb2.bmp,extended_xl,XL-Synthetic_10_B.bmp,XL-Synthetic,B,bmp,P06.exe,EXE,medium,2,EXE,EXE,1,ok,14.623121
XL-Synthetic_10_B__exe_medium__lsb3.bmp,extended_xl,XL-Synthetic_10_B.bmp,XL-Synthetic,B,bmp,P06.exe,EXE,medium,3,EXE,EXE,1,ok,16.323877
XL-Synthetic_10_B__exe_small__lsb1.bmp,extended_xl,XL-Synthetic_10_B.bmp,XL-Synthetic,B,bmp,P06.exe,EXE,small,1,EXE,EXE,1,ok,13.988301
XL-Synthetic_10_B__exe_small__lsb2.bmp,extended_xl,XL-Synthetic_10_B.bmp,XL-Synthetic,B,bmp,P06.exe,EXE,small,2,EXE,EXE,1,ok,14.049820
XL-Synthetic_10_B__exe_small__lsb3.bmp,extended_xl,XL-Synthetic_10_B.bmp,XL-Synthetic,B,bmp,P06.exe,EXE,small,3,EXE,EXE,1,ok,14.445063
XL-Synthetic_10_B__pdf_large__lsb1.bmp,extended_xl,XL-Synthetic_10_B.bmp,XL-Synthetic,B,bmp,P02.pdf,PDF,large,1,PDF,PDF,1,ok,15.088203
XL-Synthetic_10_B__pdf_large__lsb2.bmp,extended_xl,XL-Synthetic_10_B.bmp,XL-Synthetic,B,bmp,P02.pdf,PDF,large,2,PDF,PDF,1,ok,12.016292
XL-Synthetic_10_B__pdf_large__lsb3.bmp,extended_xl,XL-Synthetic_10_B.bmp,XL-Synthetic,B,bmp,P02.pdf,PDF,large,3,PDF,PDF,1,ok,13.821925
XL-Synthetic_10_B__pdf_medium__lsb1.bmp,extended_xl,XL-Synthetic_10_B.bmp,XL-Synthetic,B,bmp,P02.pdf,PDF,medium,1,PDF,PDF,1,ok,13.343595
XL-Synthetic_10_B__pdf_medium__lsb2.bmp,extended_xl,XL-Synthetic_10_B.bmp,XL-Synthetic,B,bmp,P02.pdf,PDF,medium,2,PDF,PDF,1,ok,16.160259
XL-Synthetic_10_B__pdf_medium__lsb3.bmp,extended_xl,XL-Synthetic_10_B.bmp,XL-Synthetic,B,bmp,P02.pdf,PDF,medium,3,PDF,PDF,1,ok,14.149510
XL-Synthetic_10_B__pdf_small__lsb1.bmp,extended_xl,XL-Synthetic_10_B.bmp,XL-Synthetic,B,bmp,P02.pdf,PDF,small,1,PDF,PDF,1,ok,15.872523
XL-Synthetic_10_B__pdf_small__lsb2.bmp,extended_xl,XL-Synthetic_10_B.bmp,XL-Synthetic,B,bmp,P02.pdf,PDF,small,2,PDF,PDF,1,ok,16.225136
XL-Synthetic_10_B__pdf_small__lsb3.bmp,extended_xl,XL-Synthetic_10_B.bmp,XL-Synthetic,B,bmp,P02.pdf,PDF,small,3,PDF,PDF,1,ok,14.405457
XL-Synthetic_10_B__pptx_large__lsb1.bmp,extended_xl,XL-Synthetic_10_B.bmp,XL-Synthetic,B,bmp,P04.pptx,PPTX,large,1,PPTX,PPTX,1,ok,12.655357
XL-Synthetic_10_B__pptx_large__lsb2.bmp,extended_xl,XL-Synthetic_10_B.bmp,XL-Synthetic,B,bmp,P04.pptx,PPTX,large,2,PPTX,PPTX,1,ok,13.344172
XL-Synthetic_10_B__pptx_large__lsb3.bmp,extended_xl,XL-Synthetic_10_B.bmp,XL-Synthetic,B,bmp,P04.pptx,PPTX,large,3,PPTX,PPTX,1,ok,16.433150
XL-Synthetic_10_B__pptx_medium__lsb1.bmp,extended_xl,XL-Synthetic_10_B.bmp,XL-Synthetic,B,bmp,P04.pptx,PPTX,medium,1,PPTX,PPTX,1,ok,14.009953
XL-Synthetic_10_B__pptx_medium__lsb2.bmp,extended_xl,XL-Synthetic_10_B.bmp,XL-Synthetic,B,bmp,P04.pptx,PPTX,medium,2,PPTX,PPTX,1,ok,13.357621
XL-Synthetic_10_B__pptx_medium__lsb3.bmp,extended_xl,XL-Synthetic_10_B.bmp,XL-Synthetic,B,bmp,P04.pptx,PPTX,medium,3,PPTX,PPTX,1,ok,12.613442
XL-Synthetic_10_B__pptx_small__lsb1.bmp,extended_xl,XL-Synthetic_10_B.bmp,XL-Synthetic,B,bmp,P04.pptx,PPTX,small,1,PPTX,PPTX,1,ok,12.848649
XL-Synthetic_10_B__pptx_small__lsb2.bmp,extended_xl,XL-Synthetic_10_B.bmp,XL-Synthetic,B,bmp,P04.pptx,PPTX,small,2,PPTX,PPTX,1,ok,14.526296
XL-Synthetic_10_B__pptx_small__lsb3.bmp,extended_xl,XL-Synthetic_10_B.bmp,XL-Synthetic,B,bmp,P04.pptx,PPTX,small,3,PPTX,PPTX,1,ok,16.835372
XL-Synthetic_10_B__rtf_large__lsb1.bmp,extended_xl,XL-Synthetic_10_B.bmp,XL-Synthetic,B,bmp,P05.rtf,RTF,large,1,RTF,RTF,1,ok,12.939393
XL-Synthetic_10_B__rtf_large__lsb2.bmp,extended_xl,XL-Synthetic_10_B.bmp,XL-Synthetic,B,bmp,P05.rtf,RTF,large,2,RTF,RTF,1,ok,13.141464
XL-Synthetic_10_B__rtf_large__lsb3.bmp,extended_xl,XL-Synthetic_10_B.bmp,XL-Synthetic,B,bmp,P05.rtf,RTF,large,3,RTF,RTF,1,ok,12.783077
XL-Synthetic_10_B__rtf_medium__lsb1.bmp,extended_xl,XL-Synthetic_10_B.bmp,XL-Synthetic,B,bmp,P05.rtf,RTF,medium,1,RTF,RTF,1,ok,14.009482
XL-Synthetic_10_B__rtf_medium__lsb2.bmp,extended_xl,XL-Synthetic_10_B.bmp,XL-Synthetic,B,bmp,P05.rtf,RTF,medium,2,RTF,RTF,1,ok,12.641799
XL-Synthetic_10_B__rtf_medium__lsb3.bmp,extended_xl,XL-Synthetic_10_B.bmp,XL-Synthetic,B,bmp,P05.rtf,RTF,medium,3,RTF,RTF,1,ok,15.164088
XL-Synthetic_10_B__rtf_small__lsb1.bmp,extended_xl,XL-Synthetic_10_B.bmp,XL-Synthetic,B,bmp,P05.rtf,RTF,small,1,RTF,RTF,1,ok,12.764436
XL-Synthetic_10_B__rtf_small__lsb2.bmp,extended_xl,XL-Synthetic_10_B.bmp,XL-Synthetic,B,bmp,P05.rtf,RTF,small,2,RTF,RTF,1,ok,13.872977
XL-Synthetic_10_B__rtf_small__lsb3.bmp,extended_xl,XL-Synthetic_10_B.bmp,XL-Synthetic,B,bmp,P05.rtf,RTF,small,3,RTF,RTF,1,ok,13.691341
XL-Synthetic_10_B__xlsx_large__lsb1.bmp,extended_xl,XL-Synthetic_10_B.bmp,XL-Synthetic,B,bmp,P03.xlsx,XLSX,large,1,XLSX,XLSX,1,ok,13.913988
XL-Synthetic_10_B__xlsx_large__lsb2.bmp,extended_xl,XL-Synthetic_10_B.bmp,XL-Synthetic,B,bmp,P03.xlsx,XLSX,large,2,XLSX,XLSX,1,ok,13.364206
XL-Synthetic_10_B__xlsx_large__lsb3.bmp,extended_xl,XL-Synthetic_10_B.bmp,XL-Synthetic,B,bmp,P03.xlsx,XLSX,large,3,XLSX,XLSX,1,ok,13.616554
XL-Synthetic_10_B__xlsx_medium__lsb1.bmp,extended_xl,XL-Synthetic_10_B.bmp,XL-Synthetic,B,bmp,P03.xlsx,XLSX,medium,1,XLSX,XLSX,1,ok,13.776283
XL-Synthetic_10_B__xlsx_medium__lsb2.bmp,extended_xl,XL-Synthetic_10_B.bmp,XL-Synthetic,B,bmp,P03.xlsx,XLSX,medium,2,XLSX,XLSX,1,ok,14.186995
XL-Synthetic_10_B__xlsx_medium__lsb3.bmp,extended_xl,XL-Synthetic_10_B.bmp,XL-Synthetic,B,bmp,P03.xlsx,XLSX,medium,3,XLSX,XLSX,1,ok,15.498988
XL-Synthetic_10_B__xlsx_small__lsb1.bmp,extended_xl,XL-Synthetic_10_B.bmp,XL-Synthetic,B,bmp,P03.xlsx,XLSX,small,1,XLSX,XLSX,1,ok,14.014334
XL-Synthetic_10_B__xlsx_small__lsb2.bmp,extended_xl,XL-Synthetic_10_B.bmp,XL-Synthetic,B,bmp,P03.xlsx,XLSX,small,2,XLSX,XLSX,1,ok,13.936661
XL-Synthetic_10_B__xlsx_small__lsb3.bmp,extended_xl,XL-Synthetic_10_B.bmp,XL-Synthetic,B,bmp,P03.xlsx,XLSX,small,3,XLSX,XLSX,1,ok,17.325677
XL-Synthetic_10_P__docx_large__lsb3.png,extended_xl,XL-Synthetic_10_P.png,XL-Synthetic,P,png,P01.docx,DOCX,large,3,DOCX,DOCX,1,ok,0.795897
XL-Synthetic_10_P__docx_medium__lsb2.png,extended_xl,XL-Synthetic_10_P.png,XL-Synthetic,P,png,P01.docx,DOCX,medium,2,DOCX,DOCX,1,ok,0.711848
XL-Synthetic_10_P__docx_medium__lsb3.png,extended_xl,XL-Synthetic_10_P.png,XL-Synthetic,P,png,P01.docx,DOCX,medium,3,DOCX,DOCX,1,ok,0.676790
XL-Synthetic_10_P__docx_small__lsb1.png,extended_xl,XL-Synthetic_10_P.png,XL-Synthetic,P,png,P01.docx,DOCX,small,1,DOCX,DOCX,1,ok,0.665178
XL-Synthetic_10_P__docx_small__lsb2.png,extended_xl,XL-Synthetic_10_P.png,XL-Synthetic,P,png,P01.docx,DOCX,small,2,DOCX,DOCX,1,ok,0.762658
XL-Synthetic_10_P__docx_small__lsb3.png,extended_xl,XL-Synthetic_10_P.png,XL-Synthetic,P,png,P01.docx,DOCX,small,3,DOCX,DOCX,1,ok,0.784975
XL-Synthetic_10_P__exe_large__lsb3.png,extended_xl,XL-Synthetic_10_P.png,XL-Synthetic,P,png,P06.exe,EXE,large,3,EXE,EXE,1,ok,0.747292
XL-Synthetic_10_P__exe_medium__lsb2.png,extended_xl,XL-Synthetic_10_P.png,XL-Synthetic,P,png,P06.exe,EXE,medium,2,EXE,EXE,1,ok,0.771500
XL-Synthetic_10_P__exe_medium__lsb3.png,extended_xl,XL-Synthetic_10_P.png,XL-Synthetic,P,png,P06.exe,EXE,medium,3,EXE,EXE,1,ok,0.773166
XL-Synthetic_10_P__exe_small__lsb1.png,extended_xl,XL-Synthetic_10_P.png,XL-Synthetic,P,png,P06.exe,EXE,small,1,EXE,EXE,1,ok,0.677274
XL-Synthetic_10_P__exe_small__lsb2.png,extended_xl,XL-Synthetic_10_P.png,XL-Synthetic,P,png,P06.exe,EXE,small,2,EXE,EXE,1,ok,0.702045
XL-Synthetic_10_P__exe_small__lsb3.png,extended_xl,XL-Synthetic_10_P.png,XL-Synthetic,P,png,P06.exe,EXE,small,3,EXE,EXE,1,ok,0.717813
XL-Synthetic_10_P__pdf_large__lsb3.png,extended_xl,XL-Synthetic_10_P.png,XL-Synthetic,P,png,P02.pdf,PDF,large,3,PDF,PDF,1,ok,0.755210
XL-Synthetic_10_P__pdf_medium__lsb2.png,extended_xl,XL-Synthetic_10_P.png,XL-Synthetic,P,png,P02.pdf,PDF,medium,2,PDF,PDF,1,ok,0.663124
XL-Synthetic_10_P__pdf_medium__lsb3.png,extended_xl,XL-Synthetic_10_P.png,XL-Synthetic,P,png,P02.pdf,PDF,medium,3,PDF,PDF,1,ok,0.706135
XL-Synthetic_10_P__pdf_small__lsb1.png,extended_xl,XL-Synthetic_10_P.png,XL-Synthetic,P,png,P02.pdf,PDF,small,1,PDF,PDF,1,ok,0.695042
XL-Synthetic_10_P__pdf_small__lsb2.png,extended_xl,XL-Synthetic_10_P.png,XL-Synthetic,P,png,P02.pdf,PDF,small,2,PDF,PDF,1,ok,0.794706
XL-Synthetic_10_P__pdf_small__lsb3.png,extended_xl,XL-Synthetic_10_P.png,XL-Synthetic,P,png,P02.pdf,PDF,small,3,PDF,PDF,1,ok,0.779811
XL-Synthetic_10_P__pptx_large__lsb3.png,extended_xl,XL-Synthetic_10_P.png,XL-Synthetic,P,png,P04.pptx,PPTX,large,3,PPTX,PPTX,1,ok,0.794363
XL-Synthetic_10_P__pptx_medium__lsb2.png,extended_xl,XL-Synthetic_10_P.png,XL-Synthetic,P,png,P04.pptx,PPTX,medium,2,PPTX,PPTX,1,ok,0.739483
XL-Synthetic_10_P__pptx_medium__lsb3.png,extended_xl,XL-Synthetic_10_P.png,XL-Synthetic,P,png,P04.pptx,PPTX,medium,3,PPTX,PPTX,1,ok,0.677330
XL-Synthetic_10_P__pptx_small__lsb1.png,extended_xl,XL-Synthetic_10_P.png,XL-Synthetic,P,png,P04.pptx,PPTX,small,1,PPTX,PPTX,1,ok,0.690512
XL-Synthetic_10_P__pptx_small__lsb2.png,extended_xl,XL-Synthetic_10_P.png,XL-Synthetic,P,png,P04.pptx,PPTX,small,2,PPTX,PPTX,1,ok,0.726205
XL-Synthetic_10_P__pptx_small__lsb3.png,extended_xl,XL-Synthetic_10_P.png,XL-Synthetic,P,png,P04.pptx,PPTX,small,3,PPTX,PPTX,1,ok,0.842742
XL-Synthetic_10_P__rtf_large__lsb3.png,extended_xl,XL-Synthetic_10_P.png,XL-Synthetic,P,png,P05.rtf,RTF,large,3,RTF,RTF,1,ok,0.774304
XL-Synthetic_10_P__rtf_medium__lsb2.png,extended_xl,XL-Synthetic_10_P.png,XL-Synthetic,P,png,P05.rtf,RTF,medium,2,RTF,RTF,1,ok,0.679742
XL-Synthetic_10_P__rtf_medium__lsb3.png,extended_xl,XL-Synthetic_10_P.png,XL-Synthetic,P,png,P05.rtf,RTF,medium,3,RTF,RTF,1,ok,0.724228
XL-Synthetic_10_P__rtf_small__lsb1.png,extended_xl,XL-Synthetic_10_P.png,XL-Synthetic,P,png,P05.rtf,RTF,small,1,RTF,RTF,1,ok,0.746903
XL-Synthetic_10_P__rtf_small__lsb2.png,extended_xl,XL-Synthetic_10_P.png,XL-Synthetic,P,png,P05.rtf,RTF,small,2,RTF,RTF,1,ok,0.667512
XL-Synthetic_10_P__rtf_small__lsb3.png,extended_xl,XL-Synthetic_10_P.png,XL-Synthetic,P,png,P05.rtf,RTF,small,3,RTF,RTF,1,ok,0.615828
XL-Synthetic_10_P__xlsx_large__lsb3.png,extended_xl,XL-Synthetic_10_P.png,XL-Synthetic,P,png,P03.xlsx,XLSX,large,3,XLSX,XLSX,1,ok,0.719958
XL-Synthetic_10_P__xlsx_medium__lsb2.png,extended_xl,XL-Synthetic_10_P.png,XL-Synthetic,P,png,P03.xlsx,XLSX,medium,2,XLSX,XLSX,1,ok,0.775182
XL-Synthetic_10_P__xlsx_medium__lsb3.png,extended_xl,XL-Synthetic_10_P.png,XL-Synthetic,P,png,P03.xlsx,XLSX,medium,3,XLSX,XLSX,1,ok,0.702782
XL-Synthetic_10_P__xlsx_small__lsb1.png,extended_xl,XL-Synthetic_10_P.png,XL-Synthetic,P,png,P03.xlsx,XLSX,small,1,XLSX,XLSX,1,ok,0.742923
XL-Synthetic_10_P__xlsx_small__lsb2.png,extended_xl,XL-Synthetic_10_P.png,XL-Synthetic,P,png,P03.xlsx,XLSX,small,2,XLSX,XLSX,1,ok,0.670361
XL-Synthetic_10_P__xlsx_small__lsb3.png,extended_xl,XL-Synthetic_10_P.png,XL-Synthetic,P,png,P03.xlsx,XLSX,small,3,XLSX,XLSX,1,ok,0.688159
XL-Synthetic_11_B__docx_large__lsb1.bmp,extended_xl,XL-Synthetic_11_B.bmp,XL-Synthetic,B,bmp,P01.docx,DOCX,large,1,DOCX,DOCX,1,ok,16.862133
XL-Synthetic_11_B__docx_large__lsb2.bmp,extended_xl,XL-Synthetic_11_B.bmp,XL-Synthetic,B,bmp,P01.docx,DOCX,large,2,DOCX,DOCX,1,ok,15.187748
XL-Synthetic_11_B__docx_large__lsb3.bmp,extended_xl,XL-Synthetic_11_B.bmp,XL-Synthetic,B,bmp,P01.docx,DOCX,large,3,DOCX,DOCX,1,ok,15.946816
XL-Synthetic_11_B__docx_medium__lsb1.bmp,extended_xl,XL-Synthetic_11_B.bmp,XL-Synthetic,B,bmp,P01.docx,DOCX,medium,1,DOCX,DOCX,1,ok,14.628160
XL-Synthetic_11_B__docx_medium__lsb2.bmp,extended_xl,XL-Synthetic_11_B.bmp,XL-Synthetic,B,bmp,P01.docx,DOCX,medium,2,DOCX,DOCX,1,ok,18.727332
XL-Synthetic_11_B__docx_medium__lsb3.bmp,extended_xl,XL-Synthetic_11_B.bmp,XL-Synthetic,B,bmp,P01.docx,DOCX,medium,3,DOCX,DOCX,1,ok,17.069680
XL-Synthetic_11_B__docx_small__lsb1.bmp,extended_xl,XL-Synthetic_11_B.bmp,XL-Synthetic,B,bmp,P01.docx,DOCX,small,1,DOCX,DOCX,1,ok,17.245460
XL-Synthetic_11_B__docx_small__lsb2.bmp,extended_xl,XL-Synthetic_11_B.bmp,XL-Synthetic,B,bmp,P01.docx,DOCX,small,2,DOCX,DOCX,1,ok,17.284709
XL-Synthetic_11_B__docx_small__lsb3.bmp,extended_xl,XL-Synthetic_11_B.bmp,XL-Synthetic,B,bmp,P01.docx,DOCX,small,3,DOCX,DOCX,1,ok,16.722368
XL-Synthetic_11_B__exe_large__lsb1.bmp,extended_xl,XL-Synthetic_11_B.bmp,XL-Synthetic,B,bmp,P06.exe,EXE,large,1,EXE,EXE,1,ok,16.899097
XL-Synthetic_11_B__exe_large__lsb2.bmp,extended_xl,XL-Synthetic_11_B.bmp,XL-Synthetic,B,bmp,P06.exe,EXE,large,2,EXE,EXE,1,ok,18.564595
XL-Synthetic_11_B__exe_large__lsb3.bmp,extended_xl,XL-Synthetic_11_B.bmp,XL-Synthetic,B,bmp,P06.exe,EXE,large,3,EXE,EXE,1,ok,18.466883
XL-Synthetic_11_B__exe_medium__lsb1.bmp,extended_xl,XL-Synthetic_11_B.bmp,XL-Synthetic,B,bmp,P06.exe,EXE,medium,1,EXE,EXE,1,ok,16.945003
XL-Synthetic_11_B__exe_medium__lsb2.bmp,extended_xl,XL-Synthetic_11_B.bmp,XL-Synthetic,B,bmp,P06.exe,EXE,medium,2,EXE,EXE,1,ok,16.784205
XL-Synthetic_11_B__exe_medium__lsb3.bmp,extended_xl,XL-Synthetic_11_B.bmp,XL-Synthetic,B,bmp,P06.exe,EXE,medium,3,EXE,EXE,1,ok,15.619559
XL-Synthetic_11_B__exe_small__lsb1.bmp,extended_xl,XL-Synthetic_11_B.bmp,XL-Synthetic,B,bmp,P06.exe,EXE,small,1,EXE,EXE,1,ok,16.699042
XL-Synthetic_11_B__exe_small__lsb2.bmp,extended_xl,XL-Synthetic_11_B.bmp,XL-Synthetic,B,bmp,P06.exe,EXE,small,2,EXE,EXE,1,ok,15.814921
XL-Synthetic_11_B__exe_small__lsb3.bmp,extended_xl,XL-Synthetic_11_B.bmp,XL-Synthetic,B,bmp,P06.exe,EXE,small,3,EXE,EXE,1,ok,16.182798
XL-Synthetic_11_B__pdf_large__lsb1.bmp,extended_xl,XL-Synthetic_11_B.bmp,XL-Synthetic,B,bmp,P02.pdf,PDF,large,1,PDF,PDF,1,ok,17.117060
XL-Synthetic_11_B__pdf_large__lsb2.bmp,extended_xl,XL-Synthetic_11_B.bmp,XL-Synthetic,B,bmp,P02.pdf,PDF,large,2,PDF,PDF,1,ok,16.304723
XL-Synthetic_11_B__pdf_large__lsb3.bmp,extended_xl,XL-Synthetic_11_B.bmp,XL-Synthetic,B,bmp,P02.pdf,PDF,large,3,PDF,PDF,1,ok,16.708225
XL-Synthetic_11_B__pdf_medium__lsb1.bmp,extended_xl,XL-Synthetic_11_B.bmp,XL-Synthetic,B,bmp,P02.pdf,PDF,medium,1,PDF,PDF,1,ok,15.204869
XL-Synthetic_11_B__pdf_medium__lsb2.bmp,extended_xl,XL-Synthetic_11_B.bmp,XL-Synthetic,B,bmp,P02.pdf,PDF,medium,2,PDF,PDF,1,ok,16.668702
XL-Synthetic_11_B__pdf_medium__lsb3.bmp,extended_xl,XL-Synthetic_11_B.bmp,XL-Synthetic,B,bmp,P02.pdf,PDF,medium,3,PDF,PDF,1,ok,15.560727
XL-Synthetic_11_B__pdf_small__lsb1.bmp,extended_xl,XL-Synthetic_11_B.bmp,XL-Synthetic,B,bmp,P02.pdf,PDF,small,1,PDF,PDF,1,ok,16.908441
XL-Synthetic_11_B__pdf_small__lsb2.bmp,extended_xl,XL-Synthetic_11_B.bmp,XL-Synthetic,B,bmp,P02.pdf,PDF,small,2,PDF,PDF,1,ok,18.021676
XL-Synthetic_11_B__pdf_small__lsb3.bmp,extended_xl,XL-Synthetic_11_B.bmp,XL-Synthetic,B,bmp,P02.pdf,PDF,small,3,PDF,PDF,1,ok,16.489487
XL-Synthetic_11_B__pptx_large__lsb1.bmp,extended_xl,XL-Synthetic_11_B.bmp,XL-Synthetic,B,bmp,P04.pptx,PPTX,large,1,PPTX,PPTX,1,ok,15.710146
XL-Synthetic_11_B__pptx_large__lsb2.bmp,extended_xl,XL-Synthetic_11_B.bmp,XL-Synthetic,B,bmp,P04.pptx,PPTX,large,2,PPTX,PPTX,1,ok,16.787165
XL-Synthetic_11_B__pptx_large__lsb3.bmp,extended_xl,XL-Synthetic_11_B.bmp,XL-Synthetic,B,bmp,P04.pptx,PPTX,large,3,PPTX,PPTX,1,ok,15.854412
XL-Synthetic_11_B__pptx_medium__lsb1.bmp,extended_xl,XL-Synthetic_11_B.bmp,XL-Synthetic,B,bmp,P04.pptx,PPTX,medium,1,PPTX,PPTX,1,ok,14.618290
XL-Synthetic_11_B__pptx_medium__lsb2.bmp,extended_xl,XL-Synthetic_11_B.bmp,XL-Synthetic,B,bmp,P04.pptx,PPTX,medium,2,PPTX,PPTX,1,ok,15.996168
XL-Synthetic_11_B__pptx_medium__lsb3.bmp,extended_xl,XL-Synthetic_11_B.bmp,XL-Synthetic,B,bmp,P04.pptx,PPTX,medium,3,PPTX,PPTX,1,ok,16.819103
XL-Synthetic_11_B__pptx_small__lsb1.bmp,extended_xl,XL-Synthetic_11_B.bmp,XL-Synthetic,B,bmp,P04.pptx,PPTX,small,1,PPTX,PPTX,1,ok,17.673457
XL-Synthetic_11_B__pptx_small__lsb2.bmp,extended_xl,XL-Synthetic_11_B.bmp,XL-Synthetic,B,bmp,P04.pptx,PPTX,small,2,PPTX,PPTX,1,ok,16.162827
XL-Synthetic_11_B__pptx_small__lsb3.bmp,extended_xl,XL-Synthetic_11_B.bmp,XL-Synthetic,B,bmp,P04.pptx,PPTX,small,3,PPTX,PPTX,1,ok,14.216978
XL-Synthetic_11_B__rtf_large__lsb1.bmp,extended_xl,XL-Synthetic_11_B.bmp,XL-Synthetic,B,bmp,P05.rtf,RTF,large,1,RTF,RTF,1,ok,14.213454
XL-Synthetic_11_B__rtf_large__lsb2.bmp,extended_xl,XL-Synthetic_11_B.bmp,XL-Synthetic,B,bmp,P05.rtf,RTF,large,2,RTF,RTF,1,ok,16.771803
XL-Synthetic_11_B__rtf_large__lsb3.bmp,extended_xl,XL-Synthetic_11_B.bmp,XL-Synthetic,B,bmp,P05.rtf,RTF,large,3,RTF,RTF,1,ok,19.153326
XL-Synthetic_11_B__rtf_medium__lsb1.bmp,extended_xl,XL-Synthetic_11_B.bmp,XL-Synthetic,B,bmp,P05.rtf,RTF,medium,1,RTF,RTF,1,ok,17.681855
XL-Synthetic_11_B__rtf_medium__lsb2.bmp,extended_xl,XL-Synthetic_11_B.bmp,XL-Synthetic,B,bmp,P05.rtf,RTF,medium,2,RTF,RTF,1,ok,20.635975
XL-Synthetic_11_B__rtf_medium__lsb3.bmp,extended_xl,XL-Synthetic_11_B.bmp,XL-Synthetic,B,bmp,P05.rtf,RTF,medium,3,RTF,RTF,1,ok,16.266128
XL-Synthetic_11_B__rtf_small__lsb1.bmp,extended_xl,XL-Synthetic_11_B.bmp,XL-Synthetic,B,bmp,P05.rtf,RTF,small,1,RTF,RTF,1,ok,15.848847
XL-Synthetic_11_B__rtf_small__lsb2.bmp,extended_xl,XL-Synthetic_11_B.bmp,XL-Synthetic,B,bmp,P05.rtf,RTF,small,2,RTF,RTF,1,ok,16.561754
XL-Synthetic_11_B__rtf_small__lsb3.bmp,extended_xl,XL-Synthetic_11_B.bmp,XL-Synthetic,B,bmp,P05.rtf,RTF,small,3,RTF,RTF,1,ok,16.164025
XL-Synthetic_11_B__xlsx_large__lsb1.bmp,extended_xl,XL-Synthetic_11_B.bmp,XL-Synthetic,B,bmp,P03.xlsx,XLSX,large,1,XLSX,XLSX,1,ok,16.949821
XL-Synthetic_11_B__xlsx_large__lsb2.bmp,extended_xl,XL-Synthetic_11_B.bmp,XL-Synthetic,B,bmp,P03.xlsx,XLSX,large,2,XLSX,XLSX,1,ok,16.867336
XL-Synthetic_11_B__xlsx_large__lsb3.bmp,extended_xl,XL-Synthetic_11_B.bmp,XL-Synthetic,B,bmp,P03.xlsx,XLSX,large,3,XLSX,XLSX,1,ok,16.266836
XL-Synthetic_11_B__xlsx_medium__lsb1.bmp,extended_xl,XL-Synthetic_11_B.bmp,XL-Synthetic,B,bmp,P03.xlsx,XLSX,medium,1,XLSX,XLSX,1,ok,15.640865
XL-Synthetic_11_B__xlsx_medium__lsb2.bmp,extended_xl,XL-Synthetic_11_B.bmp,XL-Synthetic,B,bmp,P03.xlsx,XLSX,medium,2,XLSX,XLSX,1,ok,13.899207
XL-Synthetic_11_B__xlsx_medium__lsb3.bmp,extended_xl,XL-Synthetic_11_B.bmp,XL-Synthetic,B,bmp,P03.xlsx,XLSX,medium,3,XLSX,XLSX,1,ok,13.242391
XL-Synthetic_11_B__xlsx_small__lsb1.bmp,extended_xl,XL-Synthetic_11_B.bmp,XL-Synthetic,B,bmp,P03.xlsx,XLSX,small,1,XLSX,XLSX,1,ok,13.419999
XL-Synthetic_11_B__xlsx_small__lsb2.bmp,extended_xl,XL-Synthetic_11_B.bmp,XL-Synthetic,B,bmp,P03.xlsx,XLSX,small,2,XLSX,XLSX,1,ok,15.336307
XL-Synthetic_11_B__xlsx_small__lsb3.bmp,extended_xl,XL-Synthetic_11_B.bmp,XL-Synthetic,B,bmp,P03.xlsx,XLSX,small,3,XLSX,XLSX,1,ok,16.049644
XL-Synthetic_11_P__docx_large__lsb3.png,extended_xl,XL-Synthetic_11_P.png,XL-Synthetic,P,png,P01.docx,DOCX,large,3,DOCX,DOCX,1,ok,0.633539
XL-Synthetic_11_P__docx_medium__lsb2.png,extended_xl,XL-Synthetic_11_P.png,XL-Synthetic,P,png,P01.docx,DOCX,medium,2,DOCX,DOCX,1,ok,0.584174
XL-Synthetic_11_P__docx_medium__lsb3.png,extended_xl,XL-Synthetic_11_P.png,XL-Synthetic,P,png,P01.docx,DOCX,medium,3,DOCX,DOCX,1,ok,0.730597
XL-Synthetic_11_P__docx_small__lsb1.png,extended_xl,XL-Synthetic_11_P.png,XL-Synthetic,P,png,P01.docx,DOCX,small,1,DOCX,DOCX,1,ok,0.715042
XL-Synthetic_11_P__docx_small__lsb2.png,extended_xl,XL-Synthetic_11_P.png,XL-Synthetic,P,png,P01.docx,DOCX,small,2,DOCX,DOCX,1,ok,0.756613
XL-Synthetic_11_P__docx_small__lsb3.png,extended_xl,XL-Synthetic_11_P.png,XL-Synthetic,P,png,P01.docx,DOCX,small,3,DOCX,DOCX,1,ok,0.659678
XL-Synthetic_11_P__exe_large__lsb3.png,extended_xl,XL-Synthetic_11_P.png,XL-Synthetic,P,png,P06.exe,EXE,large,3,EXE,EXE,1,ok,0.779343
XL-Synthetic_11_P__exe_medium__lsb2.png,extended_xl,XL-Synthetic_11_P.png,XL-Synthetic,P,png,P06.exe,EXE,medium,2,EXE,EXE,1,ok,0.702288
XL-Synthetic_11_P__exe_medium__lsb3.png,extended_xl,XL-Synthetic_11_P.png,XL-Synthetic,P,png,P06.exe,EXE,medium,3,EXE,EXE,1,ok,0.746968
XL-Synthetic_11_P__exe_small__lsb1.png,extended_xl,XL-Synthetic_11_P.png,XL-Synthetic,P,png,P06.exe,EXE,small,1,EXE,EXE,1,ok,0.734432
XL-Synthetic_11_P__exe_small__lsb2.png,extended_xl,XL-Synthetic_11_P.png,XL-Synthetic,P,png,P06.exe,EXE,small,2,EXE,EXE,1,ok,0.732957
XL-Synthetic_11_P__exe_small__lsb3.png,extended_xl,XL-Synthetic_11_P.png,XL-Synthetic,P,png,P06.exe,EXE,small,3,EXE,EXE,1,ok,0.694545
XL-Synthetic_11_P__pdf_large__lsb3.png,extended_xl,XL-Synthetic_11_P.png,XL-Synthetic,P,png,P02.pdf,PDF,large,3,PDF,PDF,1,ok,0.656175
XL-Synthetic_11_P__pdf_medium__lsb2.png,extended_xl,XL-Synthetic_11_P.png,XL-Synthetic,P,png,P02.pdf,PDF,medium,2,PDF,PDF,1,ok,0.687035
XL-Synthetic_11_P__pdf_medium__lsb3.png,extended_xl,XL-Synthetic_11_P.png,XL-Synthetic,P,png,P02.pdf,PDF,medium,3,PDF,PDF,1,ok,0.770673
XL-Synthetic_11_P__pdf_small__lsb1.png,extended_xl,XL-Synthetic_11_P.png,XL-Synthetic,P,png,P02.pdf,PDF,small,1,PDF,PDF,1,ok,0.694662
XL-Synthetic_11_P__pdf_small__lsb2.png,extended_xl,XL-Synthetic_11_P.png,XL-Synthetic,P,png,P02.pdf,PDF,small,2,PDF,PDF,1,ok,0.741955
XL-Synthetic_11_P__pdf_small__lsb3.png,extended_xl,XL-Synthetic_11_P.png,XL-Synthetic,P,png,P02.pdf,PDF,small,3,PDF,PDF,1,ok,0.657012
XL-Synthetic_11_P__pptx_large__lsb3.png,extended_xl,XL-Synthetic_11_P.png,XL-Synthetic,P,png,P04.pptx,PPTX,large,3,PPTX,PPTX,1,ok,0.686179
XL-Synthetic_11_P__pptx_medium__lsb2.png,extended_xl,XL-Synthetic_11_P.png,XL-Synthetic,P,png,P04.pptx,PPTX,medium,2,PPTX,PPTX,1,ok,0.686855
XL-Synthetic_11_P__pptx_medium__lsb3.png,extended_xl,XL-Synthetic_11_P.png,XL-Synthetic,P,png,P04.pptx,PPTX,medium,3,PPTX,PPTX,1,ok,0.767236
XL-Synthetic_11_P__pptx_small__lsb1.png,extended_xl,XL-Synthetic_11_P.png,XL-Synthetic,P,png,P04.pptx,PPTX,small,1,PPTX,PPTX,1,ok,0.685167
XL-Synthetic_11_P__pptx_small__lsb2.png,extended_xl,XL-Synthetic_11_P.png,XL-Synthetic,P,png,P04.pptx,PPTX,small,2,PPTX,PPTX,1,ok,0.711774
XL-Synthetic_11_P__pptx_small__lsb3.png,extended_xl,XL-Synthetic_11_P.png,XL-Synthetic,P,png,P04.pptx,PPTX,small,3,PPTX,PPTX,1,ok,0.722880
XL-Synthetic_11_P__rtf_large__lsb3.png,extended_xl,XL-Synthetic_11_P.png,XL-Synthetic,P,png,P05.rtf,RTF,large,3,RTF,RTF,1,ok,0.743139
XL-Synthetic_11_P__rtf_medium__lsb2.png,extended_xl,XL-Synthetic_11_P.png,XL-Synthetic,P,png,P05.rtf,RTF,medium,2,RTF,RTF,1,ok,0.728615
XL-Synthetic_11_P__rtf_medium__lsb3.png,extended_xl,XL-Synthetic_11_P.png,XL-Synthetic,P,png,P05.rtf,RTF,medium,3,RTF,RTF,1,ok,0.694912
XL-Synthetic_11_P__rtf_small__lsb1.png,extended_xl,XL-Synthetic_11_P.png,XL-Synthetic,P,png,P05.rtf,RTF,small,1,RTF,RTF,1,ok,0.746441
XL-Synthetic_11_P__rtf_small__lsb2.png,extended_xl,XL-Synthetic_11_P.png,XL-Synthetic,P,png,P05.rtf,RTF,small,2,RTF,RTF,1,ok,0.732561
XL-Synthetic_11_P__rtf_small__lsb3.png,extended_xl,XL-Synthetic_11_P.png,XL-Synthetic,P,png,P05.rtf,RTF,small,3,RTF,RTF,1,ok,0.722086
XL-Synthetic_11_P__xlsx_large__lsb3.png,extended_xl,XL-Synthetic_11_P.png,XL-Synthetic,P,png,P03.xlsx,XLSX,large,3,XLSX,XLSX,1,ok,0.678195
XL-Synthetic_11_P__xlsx_medium__lsb2.png,extended_xl,XL-Synthetic_11_P.png,XL-Synthetic,P,png,P03.xlsx,XLSX,medium,2,XLSX,XLSX,1,ok,0.651670
XL-Synthetic_11_P__xlsx_medium__lsb3.png,extended_xl,XL-Synthetic_11_P.png,XL-Synthetic,P,png,P03.xlsx,XLSX,medium,3,XLSX,XLSX,1,ok,0.791094
XL-Synthetic_11_P__xlsx_small__lsb1.png,extended_xl,XL-Synthetic_11_P.png,XL-Synthetic,P,png,P03.xlsx,XLSX,small,1,XLSX,XLSX,1,ok,0.930500
XL-Synthetic_11_P__xlsx_small__lsb2.png,extended_xl,XL-Synthetic_11_P.png,XL-Synthetic,P,png,P03.xlsx,XLSX,small,2,XLSX,XLSX,1,ok,0.942189
XL-Synthetic_11_P__xlsx_small__lsb3.png,extended_xl,XL-Synthetic_11_P.png,XL-Synthetic,P,png,P03.xlsx,XLSX,small,3,XLSX,XLSX,1,ok,0.930047
XL-Synthetic_12_B__docx_large__lsb1.bmp,extended_xl,XL-Synthetic_12_B.bmp,XL-Synthetic,B,bmp,P01.docx,DOCX,large,1,DOCX,DOCX,1,ok,18.701059
XL-Synthetic_12_B__docx_large__lsb2.bmp,extended_xl,XL-Synthetic_12_B.bmp,XL-Synthetic,B,bmp,P01.docx,DOCX,large,2,DOCX,DOCX,1,ok,17.344875
XL-Synthetic_12_B__docx_large__lsb3.bmp,extended_xl,XL-Synthetic_12_B.bmp,XL-Synthetic,B,bmp,P01.docx,DOCX,large,3,DOCX,DOCX,1,ok,16.173892
XL-Synthetic_12_B__docx_medium__lsb1.bmp,extended_xl,XL-Synthetic_12_B.bmp,XL-Synthetic,B,bmp,P01.docx,DOCX,medium,1,DOCX,DOCX,1,ok,16.931731
XL-Synthetic_12_B__docx_medium__lsb2.bmp,extended_xl,XL-Synthetic_12_B.bmp,XL-Synthetic,B,bmp,P01.docx,DOCX,medium,2,DOCX,DOCX,1,ok,17.269382
XL-Synthetic_12_B__docx_medium__lsb3.bmp,extended_xl,XL-Synthetic_12_B.bmp,XL-Synthetic,B,bmp,P01.docx,DOCX,medium,3,DOCX,DOCX,1,ok,16.905964
XL-Synthetic_12_B__docx_small__lsb1.bmp,extended_xl,XL-Synthetic_12_B.bmp,XL-Synthetic,B,bmp,P01.docx,DOCX,small,1,DOCX,DOCX,1,ok,17.859358
XL-Synthetic_12_B__docx_small__lsb2.bmp,extended_xl,XL-Synthetic_12_B.bmp,XL-Synthetic,B,bmp,P01.docx,DOCX,small,2,DOCX,DOCX,1,ok,15.865373
XL-Synthetic_12_B__docx_small__lsb3.bmp,extended_xl,XL-Synthetic_12_B.bmp,XL-Synthetic,B,bmp,P01.docx,DOCX,small,3,DOCX,DOCX,1,ok,15.741928
XL-Synthetic_12_B__exe_large__lsb1.bmp,extended_xl,XL-Synthetic_12_B.bmp,XL-Synthetic,B,bmp,P06.exe,EXE,large,1,EXE,EXE,1,ok,15.321376
XL-Synthetic_12_B__exe_large__lsb2.bmp,extended_xl,XL-Synthetic_12_B.bmp,XL-Synthetic,B,bmp,P06.exe,EXE,large,2,EXE,EXE,1,ok,16.360767
XL-Synthetic_12_B__exe_large__lsb3.bmp,extended_xl,XL-Synthetic_12_B.bmp,XL-Synthetic,B,bmp,P06.exe,EXE,large,3,EXE,EXE,1,ok,15.674733
XL-Synthetic_12_B__exe_medium__lsb1.bmp,extended_xl,XL-Synthetic_12_B.bmp,XL-Synthetic,B,bmp,P06.exe,EXE,medium,1,EXE,EXE,1,ok,16.909040
XL-Synthetic_12_B__exe_medium__lsb2.bmp,extended_xl,XL-Synthetic_12_B.bmp,XL-Synthetic,B,bmp,P06.exe,EXE,medium,2,EXE,EXE,1,ok,16.951833
XL-Synthetic_12_B__exe_medium__lsb3.bmp,extended_xl,XL-Synthetic_12_B.bmp,XL-Synthetic,B,bmp,P06.exe,EXE,medium,3,EXE,EXE,1,ok,18.195875
XL-Synthetic_12_B__exe_small__lsb1.bmp,extended_xl,XL-Synthetic_12_B.bmp,XL-Synthetic,B,bmp,P06.exe,EXE,small,1,EXE,EXE,1,ok,17.307492
XL-Synthetic_12_B__exe_small__lsb2.bmp,extended_xl,XL-Synthetic_12_B.bmp,XL-Synthetic,B,bmp,P06.exe,EXE,small,2,EXE,EXE,1,ok,16.100525
XL-Synthetic_12_B__exe_small__lsb3.bmp,extended_xl,XL-Synthetic_12_B.bmp,XL-Synthetic,B,bmp,P06.exe,EXE,small,3,EXE,EXE,1,ok,16.736147
XL-Synthetic_12_B__pdf_large__lsb1.bmp,extended_xl,XL-Synthetic_12_B.bmp,XL-Synthetic,B,bmp,P02.pdf,PDF,large,1,PDF,PDF,1,ok,15.496612
XL-Synthetic_12_B__pdf_large__lsb2.bmp,extended_xl,XL-Synthetic_12_B.bmp,XL-Synthetic,B,bmp,P02.pdf,PDF,large,2,PDF,PDF,1,ok,15.374141
XL-Synthetic_12_B__pdf_large__lsb3.bmp,extended_xl,XL-Synthetic_12_B.bmp,XL-Synthetic,B,bmp,P02.pdf,PDF,large,3,PDF,PDF,1,ok,15.635628
XL-Synthetic_12_B__pdf_medium__lsb1.bmp,extended_xl,XL-Synthetic_12_B.bmp,XL-Synthetic,B,bmp,P02.pdf,PDF,medium,1,PDF,PDF,1,ok,16.836429
XL-Synthetic_12_B__pdf_medium__lsb2.bmp,extended_xl,XL-Synthetic_12_B.bmp,XL-Synthetic,B,bmp,P02.pdf,PDF,medium,2,PDF,PDF,1,ok,16.228333
XL-Synthetic_12_B__pdf_medium__lsb3.bmp,extended_xl,XL-Synthetic_12_B.bmp,XL-Synthetic,B,bmp,P02.pdf,PDF,medium,3,PDF,PDF,1,ok,15.857974
XL-Synthetic_12_B__pdf_small__lsb1.bmp,extended_xl,XL-Synthetic_12_B.bmp,XL-Synthetic,B,bmp,P02.pdf,PDF,small,1,PDF,PDF,1,ok,17.065465
XL-Synthetic_12_B__pdf_small__lsb2.bmp,extended_xl,XL-Synthetic_12_B.bmp,XL-Synthetic,B,bmp,P02.pdf,PDF,small,2,PDF,PDF,1,ok,18.114650
XL-Synthetic_12_B__pdf_small__lsb3.bmp,extended_xl,XL-Synthetic_12_B.bmp,XL-Synthetic,B,bmp,P02.pdf,PDF,small,3,PDF,PDF,1,ok,17.843439
XL-Synthetic_12_B__pptx_large__lsb1.bmp,extended_xl,XL-Synthetic_12_B.bmp,XL-Synthetic,B,bmp,P04.pptx,PPTX,large,1,PPTX,PPTX,1,ok,17.961934
XL-Synthetic_12_B__pptx_large__lsb2.bmp,extended_xl,XL-Synthetic_12_B.bmp,XL-Synthetic,B,bmp,P04.pptx,PPTX,large,2,PPTX,PPTX,1,ok,17.876849
XL-Synthetic_12_B__pptx_large__lsb3.bmp,extended_xl,XL-Synthetic_12_B.bmp,XL-Synthetic,B,bmp,P04.pptx,PPTX,large,3,PPTX,PPTX,1,ok,17.125723
XL-Synthetic_12_B__pptx_medium__lsb1.bmp,extended_xl,XL-Synthetic_12_B.bmp,XL-Synthetic,B,bmp,P04.pptx,PPTX,medium,1,PPTX,PPTX,1,ok,18.120056
XL-Synthetic_12_B__pptx_medium__lsb2.bmp,extended_xl,XL-Synthetic_12_B.bmp,XL-Synthetic,B,bmp,P04.pptx,PPTX,medium,2,PPTX,PPTX,1,ok,16.844814
XL-Synthetic_12_B__pptx_medium__lsb3.bmp,extended_xl,XL-Synthetic_12_B.bmp,XL-Synthetic,B,bmp,P04.pptx,PPTX,medium,3,PPTX,PPTX,1,ok,17.510459
XL-Synthetic_12_B__pptx_small__lsb1.bmp,extended_xl,XL-Synthetic_12_B.bmp,XL-Synthetic,B,bmp,P04.pptx,PPTX,small,1,PPTX,PPTX,1,ok,16.387256
XL-Synthetic_12_B__pptx_small__lsb2.bmp,extended_xl,XL-Synthetic_12_B.bmp,XL-Synthetic,B,bmp,P04.pptx,PPTX,small,2,PPTX,PPTX,1,ok,15.901411
XL-Synthetic_12_B__pptx_small__lsb3.bmp,extended_xl,XL-Synthetic_12_B.bmp,XL-Synthetic,B,bmp,P04.pptx,PPTX,small,3,PPTX,PPTX,1,ok,17.212917
XL-Synthetic_12_B__rtf_large__lsb1.bmp,extended_xl,XL-Synthetic_12_B.bmp,XL-Synthetic,B,bmp,P05.rtf,RTF,large,1,RTF,RTF,1,ok,18.015551
XL-Synthetic_12_B__rtf_large__lsb2.bmp,extended_xl,XL-Synthetic_12_B.bmp,XL-Synthetic,B,bmp,P05.rtf,RTF,large,2,RTF,RTF,1,ok,17.389482
XL-Synthetic_12_B__rtf_large__lsb3.bmp,extended_xl,XL-Synthetic_12_B.bmp,XL-Synthetic,B,bmp,P05.rtf,RTF,large,3,RTF,RTF,1,ok,18.340727
XL-Synthetic_12_B__rtf_medium__lsb1.bmp,extended_xl,XL-Synthetic_12_B.bmp,XL-Synthetic,B,bmp,P05.rtf,RTF,medium,1,RTF,RTF,1,ok,17.902388
XL-Synthetic_12_B__rtf_medium__lsb2.bmp,extended_xl,XL-Synthetic_12_B.bmp,XL-Synthetic,B,bmp,P05.rtf,RTF,medium,2,RTF,RTF,1,ok,17.229130
XL-Synthetic_12_B__rtf_medium__lsb3.bmp,extended_xl,XL-Synthetic_12_B.bmp,XL-Synthetic,B,bmp,P05.rtf,RTF,medium,3,RTF,RTF,1,ok,17.623715
XL-Synthetic_12_B__rtf_small__lsb1.bmp,extended_xl,XL-Synthetic_12_B.bmp,XL-Synthetic,B,bmp,P05.rtf,RTF,small,1,RTF,RTF,1,ok,18.137095
XL-Synthetic_12_B__rtf_small__lsb2.bmp,extended_xl,XL-Synthetic_12_B.bmp,XL-Synthetic,B,bmp,P05.rtf,RTF,small,2,RTF,RTF,1,ok,16.327654
XL-Synthetic_12_B__rtf_small__lsb3.bmp,extended_xl,XL-Synthetic_12_B.bmp,XL-Synthetic,B,bmp,P05.rtf,RTF,small,3,RTF,RTF,1,ok,16.352126
XL-Synthetic_12_B__xlsx_large__lsb1.bmp,extended_xl,XL-Synthetic_12_B.bmp,XL-Synthetic,B,bmp,P03.xlsx,XLSX,large,1,XLSX,XLSX,1,ok,17.101218
XL-Synthetic_12_B__xlsx_large__lsb2.bmp,extended_xl,XL-Synthetic_12_B.bmp,XL-Synthetic,B,bmp,P03.xlsx,XLSX,large,2,XLSX,XLSX,1,ok,16.219308
XL-Synthetic_12_B__xlsx_large__lsb3.bmp,extended_xl,XL-Synthetic_12_B.bmp,XL-Synthetic,B,bmp,P03.xlsx,XLSX,large,3,XLSX,XLSX,1,ok,16.278274
XL-Synthetic_12_B__xlsx_medium__lsb1.bmp,extended_xl,XL-Synthetic_12_B.bmp,XL-Synthetic,B,bmp,P03.xlsx,XLSX,medium,1,XLSX,XLSX,1,ok,16.529977
XL-Synthetic_12_B__xlsx_medium__lsb2.bmp,extended_xl,XL-Synthetic_12_B.bmp,XL-Synthetic,B,bmp,P03.xlsx,XLSX,medium,2,XLSX,XLSX,1,ok,17.215787
XL-Synthetic_12_B__xlsx_medium__lsb3.bmp,extended_xl,XL-Synthetic_12_B.bmp,XL-Synthetic,B,bmp,P03.xlsx,XLSX,medium,3,XLSX,XLSX,1,ok,16.341102
XL-Synthetic_12_B__xlsx_small__lsb1.bmp,extended_xl,XL-Synthetic_12_B.bmp,XL-Synthetic,B,bmp,P03.xlsx,XLSX,small,1,XLSX,XLSX,1,ok,16.491532
XL-Synthetic_12_B__xlsx_small__lsb2.bmp,extended_xl,XL-Synthetic_12_B.bmp,XL-Synthetic,B,bmp,P03.xlsx,XLSX,small,2,XLSX,XLSX,1,ok,16.538759
XL-Synthetic_12_B__xlsx_small__lsb3.bmp,extended_xl,XL-Synthetic_12_B.bmp,XL-Synthetic,B,bmp,P03.xlsx,XLSX,small,3,XLSX,XLSX,1,ok,16.866381
XL-Synthetic_12_P__docx_large__lsb3.png,extended_xl,XL-Synthetic_12_P.png,XL-Synthetic,P,png,P01.docx,DOCX,large,3,DOCX,DOCX,1,ok,0.702253
XL-Synthetic_12_P__docx_medium__lsb2.png,extended_xl,XL-Synthetic_12_P.png,XL-Synthetic,P,png,P01.docx,DOCX,medium,2,DOCX,DOCX,1,ok,0.670303
XL-Synthetic_12_P__docx_medium__lsb3.png,extended_xl,XL-Synthetic_12_P.png,XL-Synthetic,P,png,P01.docx,DOCX,medium,3,DOCX,DOCX,1,ok,0.601322
XL-Synthetic_12_P__docx_small__lsb1.png,extended_xl,XL-Synthetic_12_P.png,XL-Synthetic,P,png,P01.docx,DOCX,small,1,DOCX,DOCX,1,ok,0.610460
XL-Synthetic_12_P__docx_small__lsb2.png,extended_xl,XL-Synthetic_12_P.png,XL-Synthetic,P,png,P01.docx,DOCX,small,2,DOCX,DOCX,1,ok,0.586316
XL-Synthetic_12_P__docx_small__lsb3.png,extended_xl,XL-Synthetic_12_P.png,XL-Synthetic,P,png,P01.docx,DOCX,small,3,DOCX,DOCX,1,ok,0.676892
XL-Synthetic_12_P__exe_large__lsb3.png,extended_xl,XL-Synthetic_12_P.png,XL-Synthetic,P,png,P06.exe,EXE,large,3,EXE,EXE,1,ok,0.666792
XL-Synthetic_12_P__exe_medium__lsb2.png,extended_xl,XL-Synthetic_12_P.png,XL-Synthetic,P,png,P06.exe,EXE,medium,2,EXE,EXE,1,ok,0.627861
XL-Synthetic_12_P__exe_medium__lsb3.png,extended_xl,XL-Synthetic_12_P.png,XL-Synthetic,P,png,P06.exe,EXE,medium,3,EXE,EXE,1,ok,0.593921
XL-Synthetic_12_P__exe_small__lsb1.png,extended_xl,XL-Synthetic_12_P.png,XL-Synthetic,P,png,P06.exe,EXE,small,1,EXE,EXE,1,ok,0.580618
XL-Synthetic_12_P__exe_small__lsb2.png,extended_xl,XL-Synthetic_12_P.png,XL-Synthetic,P,png,P06.exe,EXE,small,2,EXE,EXE,1,ok,0.676757
XL-Synthetic_12_P__exe_small__lsb3.png,extended_xl,XL-Synthetic_12_P.png,XL-Synthetic,P,png,P06.exe,EXE,small,3,EXE,EXE,1,ok,0.679993
XL-Synthetic_12_P__pdf_large__lsb3.png,extended_xl,XL-Synthetic_12_P.png,XL-Synthetic,P,png,P02.pdf,PDF,large,3,PDF,PDF,1,ok,0.713645
XL-Synthetic_12_P__pdf_medium__lsb2.png,extended_xl,XL-Synthetic_12_P.png,XL-Synthetic,P,png,P02.pdf,PDF,medium,2,PDF,PDF,1,ok,0.614712
XL-Synthetic_12_P__pdf_medium__lsb3.png,extended_xl,XL-Synthetic_12_P.png,XL-Synthetic,P,png,P02.pdf,PDF,medium,3,PDF,PDF,1,ok,0.641517
XL-Synthetic_12_P__pdf_small__lsb1.png,extended_xl,XL-Synthetic_12_P.png,XL-Synthetic,P,png,P02.pdf,PDF,small,1,PDF,PDF,1,ok,0.660116
XL-Synthetic_12_P__pdf_small__lsb2.png,extended_xl,XL-Synthetic_12_P.png,XL-Synthetic,P,png,P02.pdf,PDF,small,2,PDF,PDF,1,ok,0.761353
XL-Synthetic_12_P__pdf_small__lsb3.png,extended_xl,XL-Synthetic_12_P.png,XL-Synthetic,P,png,P02.pdf,PDF,small,3,PDF,PDF,1,ok,0.666133
XL-Synthetic_12_P__pptx_large__lsb3.png,extended_xl,XL-Synthetic_12_P.png,XL-Synthetic,P,png,P04.pptx,PPTX,large,3,PPTX,PPTX,1,ok,0.571305
XL-Synthetic_12_P__pptx_medium__lsb2.png,extended_xl,XL-Synthetic_12_P.png,XL-Synthetic,P,png,P04.pptx,PPTX,medium,2,PPTX,PPTX,1,ok,0.643232
XL-Synthetic_12_P__pptx_medium__lsb3.png,extended_xl,XL-Synthetic_12_P.png,XL-Synthetic,P,png,P04.pptx,PPTX,medium,3,PPTX,PPTX,1,ok,0.692071
XL-Synthetic_12_P__pptx_small__lsb1.png,extended_xl,XL-Synthetic_12_P.png,XL-Synthetic,P,png,P04.pptx,PPTX,small,1,PPTX,PPTX,1,ok,0.633367
XL-Synthetic_12_P__pptx_small__lsb2.png,extended_xl,XL-Synthetic_12_P.png,XL-Synthetic,P,png,P04.pptx,PPTX,small,2,PPTX,PPTX,1,ok,0.579855
XL-Synthetic_12_P__pptx_small__lsb3.png,extended_xl,XL-Synthetic_12_P.png,XL-Synthetic,P,png,P04.pptx,PPTX,small,3,PPTX,PPTX,1,ok,0.652420
XL-Synthetic_12_P__rtf_large__lsb3.png,extended_xl,XL-Synthetic_12_P.png,XL-Synthetic,P,png,P05.rtf,RTF,large,3,RTF,RTF,1,ok,0.601056
XL-Synthetic_12_P__rtf_medium__lsb2.png,extended_xl,XL-Synthetic_12_P.png,XL-Synthetic,P,png,P05.rtf,RTF,medium,2,RTF,RTF,1,ok,0.692963
XL-Synthetic_12_P__rtf_medium__lsb3.png,extended_xl,XL-Synthetic_12_P.png,XL-Synthetic,P,png,P05.rtf,RTF,medium,3,RTF,RTF,1,ok,0.682127
XL-Synthetic_12_P__rtf_small__lsb1.png,extended_xl,XL-Synthetic_12_P.png,XL-Synthetic,P,png,P05.rtf,RTF,small,1,RTF,RTF,1,ok,0.604402
XL-Synthetic_12_P__rtf_small__lsb2.png,extended_xl,XL-Synthetic_12_P.png,XL-Synthetic,P,png,P05.rtf,RTF,small,2,RTF,RTF,1,ok,0.587808
XL-Synthetic_12_P__rtf_small__lsb3.png,extended_xl,XL-Synthetic_12_P.png,XL-Synthetic,P,png,P05.rtf,RTF,small,3,RTF,RTF,1,ok,0.591936
XL-Synthetic_12_P__xlsx_large__lsb3.png,extended_xl,XL-Synthetic_12_P.png,XL-Synthetic,P,png,P03.xlsx,XLSX,large,3,XLSX,XLSX,1,ok,0.620099
XL-Synthetic_12_P__xlsx_medium__lsb2.png,extended_xl,XL-Synthetic_12_P.png,XL-Synthetic,P,png,P03.xlsx,XLSX,medium,2,XLSX,XLSX,1,ok,0.645375
XL-Synthetic_12_P__xlsx_medium__lsb3.png,extended_xl,XL-Synthetic_12_P.png,XL-Synthetic,P,png,P03.xlsx,XLSX,medium,3,XLSX,XLSX,1,ok,0.680627
XL-Synthetic_12_P__xlsx_small__lsb1.png,extended_xl,XL-Synthetic_12_P.png,XL-Synthetic,P,png,P03.xlsx,XLSX,small,1,XLSX,XLSX,1,ok,0.660351
XL-Synthetic_12_P__xlsx_small__lsb2.png,extended_xl,XL-Synthetic_12_P.png,XL-Synthetic,P,png,P03.xlsx,XLSX,small,2,XLSX,XLSX,1,ok,0.680686
XL-Synthetic_12_P__xlsx_small__lsb3.png,extended_xl,XL-Synthetic_12_P.png,XL-Synthetic,P,png,P03.xlsx,XLSX,small,3,XLSX,XLSX,1,ok,0.743964
XL-Synthetic_13_B__docx_large__lsb1.bmp,extended_xl,XL-Synthetic_13_B.bmp,XL-Synthetic,B,bmp,P01.docx,DOCX,large,1,DOCX,DOCX,1,ok,18.672631
XL-Synthetic_13_B__docx_large__lsb2.bmp,extended_xl,XL-Synthetic_13_B.bmp,XL-Synthetic,B,bmp,P01.docx,DOCX,large,2,DOCX,DOCX,1,ok,19.522978
XL-Synthetic_13_B__docx_large__lsb3.bmp,extended_xl,XL-Synthetic_13_B.bmp,XL-Synthetic,B,bmp,P01.docx,DOCX,large,3,DOCX,DOCX,1,ok,19.247597
XL-Synthetic_13_B__docx_medium__lsb1.bmp,extended_xl,XL-Synthetic_13_B.bmp,XL-Synthetic,B,bmp,P01.docx,DOCX,medium,1,DOCX,DOCX,1,ok,20.271084
XL-Synthetic_13_B__docx_medium__lsb2.bmp,extended_xl,XL-Synthetic_13_B.bmp,XL-Synthetic,B,bmp,P01.docx,DOCX,medium,2,DOCX,DOCX,1,ok,20.032290
XL-Synthetic_13_B__docx_medium__lsb3.bmp,extended_xl,XL-Synthetic_13_B.bmp,XL-Synthetic,B,bmp,P01.docx,DOCX,medium,3,DOCX,DOCX,1,ok,18.633853
XL-Synthetic_13_B__docx_small__lsb1.bmp,extended_xl,XL-Synthetic_13_B.bmp,XL-Synthetic,B,bmp,P01.docx,DOCX,small,1,DOCX,DOCX,1,ok,19.674117
XL-Synthetic_13_B__docx_small__lsb2.bmp,extended_xl,XL-Synthetic_13_B.bmp,XL-Synthetic,B,bmp,P01.docx,DOCX,small,2,DOCX,DOCX,1,ok,20.373336
XL-Synthetic_13_B__docx_small__lsb3.bmp,extended_xl,XL-Synthetic_13_B.bmp,XL-Synthetic,B,bmp,P01.docx,DOCX,small,3,DOCX,DOCX,1,ok,18.589665
XL-Synthetic_13_B__exe_large__lsb1.bmp,extended_xl,XL-Synthetic_13_B.bmp,XL-Synthetic,B,bmp,P06.exe,EXE,large,1,EXE,EXE,1,ok,19.890199
XL-Synthetic_13_B__exe_large__lsb2.bmp,extended_xl,XL-Synthetic_13_B.bmp,XL-Synthetic,B,bmp,P06.exe,EXE,large,2,EXE,EXE,1,ok,20.033734
XL-Synthetic_13_B__exe_large__lsb3.bmp,extended_xl,XL-Synthetic_13_B.bmp,XL-Synthetic,B,bmp,P06.exe,EXE,large,3,EXE,EXE,1,ok,18.666671
XL-Synthetic_13_B__exe_medium__lsb1.bmp,extended_xl,XL-Synthetic_13_B.bmp,XL-Synthetic,B,bmp,P06.exe,EXE,medium,1,EXE,EXE,1,ok,18.628155
XL-Synthetic_13_B__exe_medium__lsb2.bmp,extended_xl,XL-Synthetic_13_B.bmp,XL-Synthetic,B,bmp,P06.exe,EXE,medium,2,EXE,EXE,1,ok,19.545928
XL-Synthetic_13_B__exe_medium__lsb3.bmp,extended_xl,XL-Synthetic_13_B.bmp,XL-Synthetic,B,bmp,P06.exe,EXE,medium,3,EXE,EXE,1,ok,19.057822
XL-Synthetic_13_B__exe_small__lsb1.bmp,extended_xl,XL-Synthetic_13_B.bmp,XL-Synthetic,B,bmp,P06.exe,EXE,small,1,EXE,EXE,1,ok,17.687797
XL-Synthetic_13_B__exe_small__lsb2.bmp,extended_xl,XL-Synthetic_13_B.bmp,XL-Synthetic,B,bmp,P06.exe,EXE,small,2,EXE,EXE,1,ok,18.442950
XL-Synthetic_13_B__exe_small__lsb3.bmp,extended_xl,XL-Synthetic_13_B.bmp,XL-Synthetic,B,bmp,P06.exe,EXE,small,3,EXE,EXE,1,ok,18.054274
XL-Synthetic_13_B__pdf_large__lsb1.bmp,extended_xl,XL-Synthetic_13_B.bmp,XL-Synthetic,B,bmp,P02.pdf,PDF,large,1,PDF,PDF,1,ok,18.788087
XL-Synthetic_13_B__pdf_large__lsb2.bmp,extended_xl,XL-Synthetic_13_B.bmp,XL-Synthetic,B,bmp,P02.pdf,PDF,large,2,PDF,PDF,1,ok,17.838248
XL-Synthetic_13_B__pdf_large__lsb3.bmp,extended_xl,XL-Synthetic_13_B.bmp,XL-Synthetic,B,bmp,P02.pdf,PDF,large,3,PDF,PDF,1,ok,17.813575
XL-Synthetic_13_B__pdf_medium__lsb1.bmp,extended_xl,XL-Synthetic_13_B.bmp,XL-Synthetic,B,bmp,P02.pdf,PDF,medium,1,PDF,PDF,1,ok,18.409639
XL-Synthetic_13_B__pdf_medium__lsb2.bmp,extended_xl,XL-Synthetic_13_B.bmp,XL-Synthetic,B,bmp,P02.pdf,PDF,medium,2,PDF,PDF,1,ok,17.350406
XL-Synthetic_13_B__pdf_medium__lsb3.bmp,extended_xl,XL-Synthetic_13_B.bmp,XL-Synthetic,B,bmp,P02.pdf,PDF,medium,3,PDF,PDF,1,ok,19.693174
XL-Synthetic_13_B__pdf_small__lsb1.bmp,extended_xl,XL-Synthetic_13_B.bmp,XL-Synthetic,B,bmp,P02.pdf,PDF,small,1,PDF,PDF,1,ok,18.131678
XL-Synthetic_13_B__pdf_small__lsb2.bmp,extended_xl,XL-Synthetic_13_B.bmp,XL-Synthetic,B,bmp,P02.pdf,PDF,small,2,PDF,PDF,1,ok,18.363550
XL-Synthetic_13_B__pdf_small__lsb3.bmp,extended_xl,XL-Synthetic_13_B.bmp,XL-Synthetic,B,bmp,P02.pdf,PDF,small,3,PDF,PDF,1,ok,19.344782
XL-Synthetic_13_B__pptx_large__lsb1.bmp,extended_xl,XL-Synthetic_13_B.bmp,XL-Synthetic,B,bmp,P04.pptx,PPTX,large,1,PPTX,PPTX,1,ok,18.606594
XL-Synthetic_13_B__pptx_large__lsb2.bmp,extended_xl,XL-Synthetic_13_B.bmp,XL-Synthetic,B,bmp,P04.pptx,PPTX,large,2,PPTX,PPTX,1,ok,18.329428
XL-Synthetic_13_B__pptx_large__lsb3.bmp,extended_xl,XL-Synthetic_13_B.bmp,XL-Synthetic,B,bmp,P04.pptx,PPTX,large,3,PPTX,PPTX,1,ok,19.576045
XL-Synthetic_13_B__pptx_medium__lsb1.bmp,extended_xl,XL-Synthetic_13_B.bmp,XL-Synthetic,B,bmp,P04.pptx,PPTX,medium,1,PPTX,PPTX,1,ok,19.146852
XL-Synthetic_13_B__pptx_medium__lsb2.bmp,extended_xl,XL-Synthetic_13_B.bmp,XL-Synthetic,B,bmp,P04.pptx,PPTX,medium,2,PPTX,PPTX,1,ok,18.688150
XL-Synthetic_13_B__pptx_medium__lsb3.bmp,extended_xl,XL-Synthetic_13_B.bmp,XL-Synthetic,B,bmp,P04.pptx,PPTX,medium,3,PPTX,PPTX,1,ok,18.576063
XL-Synthetic_13_B__pptx_small__lsb1.bmp,extended_xl,XL-Synthetic_13_B.bmp,XL-Synthetic,B,bmp,P04.pptx,PPTX,small,1,PPTX,PPTX,1,ok,18.638418
XL-Synthetic_13_B__pptx_small__lsb2.bmp,extended_xl,XL-Synthetic_13_B.bmp,XL-Synthetic,B,bmp,P04.pptx,PPTX,small,2,PPTX,PPTX,1,ok,18.714247
XL-Synthetic_13_B__pptx_small__lsb3.bmp,extended_xl,XL-Synthetic_13_B.bmp,XL-Synthetic,B,bmp,P04.pptx,PPTX,small,3,PPTX,PPTX,1,ok,18.875643
XL-Synthetic_13_B__rtf_large__lsb1.bmp,extended_xl,XL-Synthetic_13_B.bmp,XL-Synthetic,B,bmp,P05.rtf,RTF,large,1,RTF,RTF,1,ok,19.213728
XL-Synthetic_13_B__rtf_large__lsb2.bmp,extended_xl,XL-Synthetic_13_B.bmp,XL-Synthetic,B,bmp,P05.rtf,RTF,large,2,RTF,RTF,1,ok,19.504434
XL-Synthetic_13_B__rtf_large__lsb3.bmp,extended_xl,XL-Synthetic_13_B.bmp,XL-Synthetic,B,bmp,P05.rtf,RTF,large,3,RTF,RTF,1,ok,22.214471
XL-Synthetic_13_B__rtf_medium__lsb1.bmp,extended_xl,XL-Synthetic_13_B.bmp,XL-Synthetic,B,bmp,P05.rtf,RTF,medium,1,RTF,RTF,1,ok,21.198862
XL-Synthetic_13_B__rtf_medium__lsb2.bmp,extended_xl,XL-Synthetic_13_B.bmp,XL-Synthetic,B,bmp,P05.rtf,RTF,medium,2,RTF,RTF,1,ok,19.703835
XL-Synthetic_13_B__rtf_medium__lsb3.bmp,extended_xl,XL-Synthetic_13_B.bmp,XL-Synthetic,B,bmp,P05.rtf,RTF,medium,3,RTF,RTF,1,ok,19.398772
XL-Synthetic_13_B__rtf_small__lsb1.bmp,extended_xl,XL-Synthetic_13_B.bmp,XL-Synthetic,B,bmp,P05.rtf,RTF,small,1,RTF,RTF,1,ok,19.062725
XL-Synthetic_13_B__rtf_small__lsb2.bmp,extended_xl,XL-Synthetic_13_B.bmp,XL-Synthetic,B,bmp,P05.rtf,RTF,small,2,RTF,RTF,1,ok,18.532820
XL-Synthetic_13_B__rtf_small__lsb3.bmp,extended_xl,XL-Synthetic_13_B.bmp,XL-Synthetic,B,bmp,P05.rtf,RTF,small,3,RTF,RTF,1,ok,19.518468
XL-Synthetic_13_B__xlsx_large__lsb1.bmp,extended_xl,XL-Synthetic_13_B.bmp,XL-Synthetic,B,bmp,P03.xlsx,XLSX,large,1,XLSX,XLSX,1,ok,20.109241
XL-Synthetic_13_B__xlsx_large__lsb2.bmp,extended_xl,XL-Synthetic_13_B.bmp,XL-Synthetic,B,bmp,P03.xlsx,XLSX,large,2,XLSX,XLSX,1,ok,20.314755
XL-Synthetic_13_B__xlsx_large__lsb3.bmp,extended_xl,XL-Synthetic_13_B.bmp,XL-Synthetic,B,bmp,P03.xlsx,XLSX,large,3,XLSX,XLSX,1,ok,20.369518
XL-Synthetic_13_B__xlsx_medium__lsb1.bmp,extended_xl,XL-Synthetic_13_B.bmp,XL-Synthetic,B,bmp,P03.xlsx,XLSX,medium,1,XLSX,XLSX,1,ok,21.130623
XL-Synthetic_13_B__xlsx_medium__lsb2.bmp,extended_xl,XL-Synthetic_13_B.bmp,XL-Synthetic,B,bmp,P03.xlsx,XLSX,medium,2,XLSX,XLSX,1,ok,20.141462
XL-Synthetic_13_B__xlsx_medium__lsb3.bmp,extended_xl,XL-Synthetic_13_B.bmp,XL-Synthetic,B,bmp,P03.xlsx,XLSX,medium,3,XLSX,XLSX,1,ok,20.079541
XL-Synthetic_13_B__xlsx_small__lsb1.bmp,extended_xl,XL-Synthetic_13_B.bmp,XL-Synthetic,B,bmp,P03.xlsx,XLSX,small,1,XLSX,XLSX,1,ok,20.689218
XL-Synthetic_13_B__xlsx_small__lsb2.bmp,extended_xl,XL-Synthetic_13_B.bmp,XL-Synthetic,B,bmp,P03.xlsx,XLSX,small,2,XLSX,XLSX,1,ok,19.427879
XL-Synthetic_13_B__xlsx_small__lsb3.bmp,extended_xl,XL-Synthetic_13_B.bmp,XL-Synthetic,B,bmp,P03.xlsx,XLSX,small,3,XLSX,XLSX,1,ok,18.798805
XL-Synthetic_13_P__docx_large__lsb3.png,extended_xl,XL-Synthetic_13_P.png,XL-Synthetic,P,png,P01.docx,DOCX,large,3,DOCX,DOCX,1,ok,0.628642
XL-Synthetic_13_P__docx_medium__lsb2.png,extended_xl,XL-Synthetic_13_P.png,XL-Synthetic,P,png,P01.docx,DOCX,medium,2,DOCX,DOCX,1,ok,0.647078
XL-Synthetic_13_P__docx_medium__lsb3.png,extended_xl,XL-Synthetic_13_P.png,XL-Synthetic,P,png,P01.docx,DOCX,medium,3,DOCX,DOCX,1,ok,0.666296
XL-Synthetic_13_P__docx_small__lsb1.png,extended_xl,XL-Synthetic_13_P.png,XL-Synthetic,P,png,P01.docx,DOCX,small,1,DOCX,DOCX,1,ok,0.836470
XL-Synthetic_13_P__docx_small__lsb2.png,extended_xl,XL-Synthetic_13_P.png,XL-Synthetic,P,png,P01.docx,DOCX,small,2,DOCX,DOCX,1,ok,0.852470
XL-Synthetic_13_P__docx_small__lsb3.png,extended_xl,XL-Synthetic_13_P.png,XL-Synthetic,P,png,P01.docx,DOCX,small,3,DOCX,DOCX,1,ok,1.123277
XL-Synthetic_13_P__exe_large__lsb3.png,extended_xl,XL-Synthetic_13_P.png,XL-Synthetic,P,png,P06.exe,EXE,large,3,EXE,EXE,1,ok,0.893881
XL-Synthetic_13_P__exe_medium__lsb2.png,extended_xl,XL-Synthetic_13_P.png,XL-Synthetic,P,png,P06.exe,EXE,medium,2,EXE,EXE,1,ok,0.695737
XL-Synthetic_13_P__exe_medium__lsb3.png,extended_xl,XL-Synthetic_13_P.png,XL-Synthetic,P,png,P06.exe,EXE,medium,3,EXE,EXE,1,ok,0.663435
XL-Synthetic_13_P__exe_small__lsb1.png,extended_xl,XL-Synthetic_13_P.png,XL-Synthetic,P,png,P06.exe,EXE,small,1,EXE,EXE,1,ok,0.652876
XL-Synthetic_13_P__exe_small__lsb2.png,extended_xl,XL-Synthetic_13_P.png,XL-Synthetic,P,png,P06.exe,EXE,small,2,EXE,EXE,1,ok,0.681902
XL-Synthetic_13_P__exe_small__lsb3.png,extended_xl,XL-Synthetic_13_P.png,XL-Synthetic,P,png,P06.exe,EXE,small,3,EXE,EXE,1,ok,0.643390
XL-Synthetic_13_P__pdf_large__lsb3.png,extended_xl,XL-Synthetic_13_P.png,XL-Synthetic,P,png,P02.pdf,PDF,large,3,PDF,PDF,1,ok,0.619974
XL-Synthetic_13_P__pdf_medium__lsb2.png,extended_xl,XL-Synthetic_13_P.png,XL-Synthetic,P,png,P02.pdf,PDF,medium,2,PDF,PDF,1,ok,0.708899
XL-Synthetic_13_P__pdf_medium__lsb3.png,extended_xl,XL-Synthetic_13_P.png,XL-Synthetic,P,png,P02.pdf,PDF,medium,3,PDF,PDF,1,ok,0.764021
XL-Synthetic_13_P__pdf_small__lsb1.png,extended_xl,XL-Synthetic_13_P.png,XL-Synthetic,P,png,P02.pdf,PDF,small,1,PDF,PDF,1,ok,0.653435
XL-Synthetic_13_P__pdf_small__lsb2.png,extended_xl,XL-Synthetic_13_P.png,XL-Synthetic,P,png,P02.pdf,PDF,small,2,PDF,PDF,1,ok,0.574858
XL-Synthetic_13_P__pdf_small__lsb3.png,extended_xl,XL-Synthetic_13_P.png,XL-Synthetic,P,png,P02.pdf,PDF,small,3,PDF,PDF,1,ok,0.618654
XL-Synthetic_13_P__pptx_large__lsb3.png,extended_xl,XL-Synthetic_13_P.png,XL-Synthetic,P,png,P04.pptx,PPTX,large,3,PPTX,PPTX,1,ok,0.555351
XL-Synthetic_13_P__pptx_medium__lsb2.png,extended_xl,XL-Synthetic_13_P.png,XL-Synthetic,P,png,P04.pptx,PPTX,medium,2,PPTX,PPTX,1,ok,0.620948
XL-Synthetic_13_P__pptx_medium__lsb3.png,extended_xl,XL-Synthetic_13_P.png,XL-Synthetic,P,png,P04.pptx,PPTX,medium,3,PPTX,PPTX,1,ok,0.744669
XL-Synthetic_13_P__pptx_small__lsb1.png,extended_xl,XL-Synthetic_13_P.png,XL-Synthetic,P,png,P04.pptx,PPTX,small,1,PPTX,PPTX,1,ok,0.667661
XL-Synthetic_13_P__pptx_small__lsb2.png,extended_xl,XL-Synthetic_13_P.png,XL-Synthetic,P,png,P04.pptx,PPTX,small,2,PPTX,PPTX,1,ok,0.665321
XL-Synthetic_13_P__pptx_small__lsb3.png,extended_xl,XL-Synthetic_13_P.png,XL-Synthetic,P,png,P04.pptx,PPTX,small,3,PPTX,PPTX,1,ok,0.597231
XL-Synthetic_13_P__rtf_large__lsb3.png,extended_xl,XL-Synthetic_13_P.png,XL-Synthetic,P,png,P05.rtf,RTF,large,3,RTF,RTF,1,ok,0.581561
XL-Synthetic_13_P__rtf_medium__lsb2.png,extended_xl,XL-Synthetic_13_P.png,XL-Synthetic,P,png,P05.rtf,RTF,medium,2,RTF,RTF,1,ok,0.710048
XL-Synthetic_13_P__rtf_medium__lsb3.png,extended_xl,XL-Synthetic_13_P.png,XL-Synthetic,P,png,P05.rtf,RTF,medium,3,RTF,RTF,1,ok,0.624852
XL-Synthetic_13_P__rtf_small__lsb1.png,extended_xl,XL-Synthetic_13_P.png,XL-Synthetic,P,png,P05.rtf,RTF,small,1,RTF,RTF,1,ok,0.589497
XL-Synthetic_13_P__rtf_small__lsb2.png,extended_xl,XL-Synthetic_13_P.png,XL-Synthetic,P,png,P05.rtf,RTF,small,2,RTF,RTF,1,ok,0.602431
XL-Synthetic_13_P__rtf_small__lsb3.png,extended_xl,XL-Synthetic_13_P.png,XL-Synthetic,P,png,P05.rtf,RTF,small,3,RTF,RTF,1,ok,0.651609
XL-Synthetic_13_P__xlsx_large__lsb3.png,extended_xl,XL-Synthetic_13_P.png,XL-Synthetic,P,png,P03.xlsx,XLSX,large,3,XLSX,XLSX,1,ok,0.681423
XL-Synthetic_13_P__xlsx_medium__lsb2.png,extended_xl,XL-Synthetic_13_P.png,XL-Synthetic,P,png,P03.xlsx,XLSX,medium,2,XLSX,XLSX,1,ok,0.669656
XL-Synthetic_13_P__xlsx_medium__lsb3.png,extended_xl,XL-Synthetic_13_P.png,XL-Synthetic,P,png,P03.xlsx,XLSX,medium,3,XLSX,XLSX,1,ok,0.615770
XL-Synthetic_13_P__xlsx_small__lsb1.png,extended_xl,XL-Synthetic_13_P.png,XL-Synthetic,P,png,P03.xlsx,XLSX,small,1,XLSX,XLSX,1,ok,0.569439
XL-Synthetic_13_P__xlsx_small__lsb2.png,extended_xl,XL-Synthetic_13_P.png,XL-Synthetic,P,png,P03.xlsx,XLSX,small,2,XLSX,XLSX,1,ok,0.622523
XL-Synthetic_13_P__xlsx_small__lsb3.png,extended_xl,XL-Synthetic_13_P.png,XL-Synthetic,P,png,P03.xlsx,XLSX,small,3,XLSX,XLSX,1,ok,0.759837
XL-Synthetic_14_B__docx_large__lsb1.bmp,extended_xl,XL-Synthetic_14_B.bmp,XL-Synthetic,B,bmp,P01.docx,DOCX,large,1,DOCX,DOCX,1,ok,20.939739
XL-Synthetic_14_B__docx_large__lsb2.bmp,extended_xl,XL-Synthetic_14_B.bmp,XL-Synthetic,B,bmp,P01.docx,DOCX,large,2,DOCX,DOCX,1,ok,20.502256
XL-Synthetic_14_B__docx_large__lsb3.bmp,extended_xl,XL-Synthetic_14_B.bmp,XL-Synthetic,B,bmp,P01.docx,DOCX,large,3,DOCX,DOCX,1,ok,24.428405
XL-Synthetic_14_B__docx_medium__lsb1.bmp,extended_xl,XL-Synthetic_14_B.bmp,XL-Synthetic,B,bmp,P01.docx,DOCX,medium,1,DOCX,DOCX,1,ok,24.928468
XL-Synthetic_14_B__docx_medium__lsb2.bmp,extended_xl,XL-Synthetic_14_B.bmp,XL-Synthetic,B,bmp,P01.docx,DOCX,medium,2,DOCX,DOCX,1,ok,23.234659
XL-Synthetic_14_B__docx_medium__lsb3.bmp,extended_xl,XL-Synthetic_14_B.bmp,XL-Synthetic,B,bmp,P01.docx,DOCX,medium,3,DOCX,DOCX,1,ok,23.569830
XL-Synthetic_14_B__docx_small__lsb1.bmp,extended_xl,XL-Synthetic_14_B.bmp,XL-Synthetic,B,bmp,P01.docx,DOCX,small,1,DOCX,DOCX,1,ok,22.852192
XL-Synthetic_14_B__docx_small__lsb2.bmp,extended_xl,XL-Synthetic_14_B.bmp,XL-Synthetic,B,bmp,P01.docx,DOCX,small,2,DOCX,DOCX,1,ok,22.352829
XL-Synthetic_14_B__docx_small__lsb3.bmp,extended_xl,XL-Synthetic_14_B.bmp,XL-Synthetic,B,bmp,P01.docx,DOCX,small,3,DOCX,DOCX,1,ok,21.952239
XL-Synthetic_14_B__exe_large__lsb1.bmp,extended_xl,XL-Synthetic_14_B.bmp,XL-Synthetic,B,bmp,P06.exe,EXE,large,1,EXE,EXE,1,ok,26.043042
XL-Synthetic_14_B__exe_large__lsb2.bmp,extended_xl,XL-Synthetic_14_B.bmp,XL-Synthetic,B,bmp,P06.exe,EXE,large,2,EXE,EXE,1,ok,26.396698
XL-Synthetic_14_B__exe_large__lsb3.bmp,extended_xl,XL-Synthetic_14_B.bmp,XL-Synthetic,B,bmp,P06.exe,EXE,large,3,EXE,EXE,1,ok,37.896122
XL-Synthetic_14_B__exe_medium__lsb1.bmp,extended_xl,XL-Synthetic_14_B.bmp,XL-Synthetic,B,bmp,P06.exe,EXE,medium,1,EXE,EXE,1,ok,27.268907
XL-Synthetic_14_B__exe_medium__lsb2.bmp,extended_xl,XL-Synthetic_14_B.bmp,XL-Synthetic,B,bmp,P06.exe,EXE,medium,2,EXE,EXE,1,ok,18.240975
XL-Synthetic_14_B__exe_medium__lsb3.bmp,extended_xl,XL-Synthetic_14_B.bmp,XL-Synthetic,B,bmp,P06.exe,EXE,medium,3,EXE,EXE,1,ok,17.222648
XL-Synthetic_14_B__exe_small__lsb1.bmp,extended_xl,XL-Synthetic_14_B.bmp,XL-Synthetic,B,bmp,P06.exe,EXE,small,1,EXE,EXE,1,ok,17.371597
XL-Synthetic_14_B__exe_small__lsb2.bmp,extended_xl,XL-Synthetic_14_B.bmp,XL-Synthetic,B,bmp,P06.exe,EXE,small,2,EXE,EXE,1,ok,16.562669
XL-Synthetic_14_B__exe_small__lsb3.bmp,extended_xl,XL-Synthetic_14_B.bmp,XL-Synthetic,B,bmp,P06.exe,EXE,small,3,EXE,EXE,1,ok,17.834905
XL-Synthetic_14_B__pdf_large__lsb1.bmp,extended_xl,XL-Synthetic_14_B.bmp,XL-Synthetic,B,bmp,P02.pdf,PDF,large,1,PDF,PDF,1,ok,20.084758
XL-Synthetic_14_B__pdf_large__lsb2.bmp,extended_xl,XL-Synthetic_14_B.bmp,XL-Synthetic,B,bmp,P02.pdf,PDF,large,2,PDF,PDF,1,ok,18.669177
XL-Synthetic_14_B__pdf_large__lsb3.bmp,extended_xl,XL-Synthetic_14_B.bmp,XL-Synthetic,B,bmp,P02.pdf,PDF,large,3,PDF,PDF,1,ok,21.346919
XL-Synthetic_14_B__pdf_medium__lsb1.bmp,extended_xl,XL-Synthetic_14_B.bmp,XL-Synthetic,B,bmp,P02.pdf,PDF,medium,1,PDF,PDF,1,ok,21.322999
XL-Synthetic_14_B__pdf_medium__lsb2.bmp,extended_xl,XL-Synthetic_14_B.bmp,XL-Synthetic,B,bmp,P02.pdf,PDF,medium,2,PDF,PDF,1,ok,20.780563
XL-Synthetic_14_B__pdf_medium__lsb3.bmp,extended_xl,XL-Synthetic_14_B.bmp,XL-Synthetic,B,bmp,P02.pdf,PDF,medium,3,PDF,PDF,1,ok,21.844016
XL-Synthetic_14_B__pdf_small__lsb1.bmp,extended_xl,XL-Synthetic_14_B.bmp,XL-Synthetic,B,bmp,P02.pdf,PDF,small,1,PDF,PDF,1,ok,22.823586
XL-Synthetic_14_B__pdf_small__lsb2.bmp,extended_xl,XL-Synthetic_14_B.bmp,XL-Synthetic,B,bmp,P02.pdf,PDF,small,2,PDF,PDF,1,ok,23.095625
XL-Synthetic_14_B__pdf_small__lsb3.bmp,extended_xl,XL-Synthetic_14_B.bmp,XL-Synthetic,B,bmp,P02.pdf,PDF,small,3,PDF,PDF,1,ok,22.445797
XL-Synthetic_14_B__pptx_large__lsb1.bmp,extended_xl,XL-Synthetic_14_B.bmp,XL-Synthetic,B,bmp,P04.pptx,PPTX,large,1,PPTX,PPTX,1,ok,23.069312
XL-Synthetic_14_B__pptx_large__lsb2.bmp,extended_xl,XL-Synthetic_14_B.bmp,XL-Synthetic,B,bmp,P04.pptx,PPTX,large,2,PPTX,PPTX,1,ok,22.485479
XL-Synthetic_14_B__pptx_large__lsb3.bmp,extended_xl,XL-Synthetic_14_B.bmp,XL-Synthetic,B,bmp,P04.pptx,PPTX,large,3,PPTX,PPTX,1,ok,24.151438
XL-Synthetic_14_B__pptx_medium__lsb1.bmp,extended_xl,XL-Synthetic_14_B.bmp,XL-Synthetic,B,bmp,P04.pptx,PPTX,medium,1,PPTX,PPTX,1,ok,21.276232
XL-Synthetic_14_B__pptx_medium__lsb2.bmp,extended_xl,XL-Synthetic_14_B.bmp,XL-Synthetic,B,bmp,P04.pptx,PPTX,medium,2,PPTX,PPTX,1,ok,21.528292
XL-Synthetic_14_B__pptx_medium__lsb3.bmp,extended_xl,XL-Synthetic_14_B.bmp,XL-Synthetic,B,bmp,P04.pptx,PPTX,medium,3,PPTX,PPTX,1,ok,20.119725
XL-Synthetic_14_B__pptx_small__lsb1.bmp,extended_xl,XL-Synthetic_14_B.bmp,XL-Synthetic,B,bmp,P04.pptx,PPTX,small,1,PPTX,PPTX,1,ok,20.886037
XL-Synthetic_14_B__pptx_small__lsb2.bmp,extended_xl,XL-Synthetic_14_B.bmp,XL-Synthetic,B,bmp,P04.pptx,PPTX,small,2,PPTX,PPTX,1,ok,25.976986
XL-Synthetic_14_B__pptx_small__lsb3.bmp,extended_xl,XL-Synthetic_14_B.bmp,XL-Synthetic,B,bmp,P04.pptx,PPTX,small,3,PPTX,PPTX,1,ok,32.245222
XL-Synthetic_14_B__rtf_large__lsb1.bmp,extended_xl,XL-Synthetic_14_B.bmp,XL-Synthetic,B,bmp,P05.rtf,RTF,large,1,RTF,RTF,1,ok,25.371029
XL-Synthetic_14_B__rtf_large__lsb2.bmp,extended_xl,XL-Synthetic_14_B.bmp,XL-Synthetic,B,bmp,P05.rtf,RTF,large,2,RTF,RTF,1,ok,30.768855
XL-Synthetic_14_B__rtf_large__lsb3.bmp,extended_xl,XL-Synthetic_14_B.bmp,XL-Synthetic,B,bmp,P05.rtf,RTF,large,3,RTF,RTF,1,ok,24.894984
XL-Synthetic_14_B__rtf_medium__lsb1.bmp,extended_xl,XL-Synthetic_14_B.bmp,XL-Synthetic,B,bmp,P05.rtf,RTF,medium,1,RTF,RTF,1,ok,23.521396
XL-Synthetic_14_B__rtf_medium__lsb2.bmp,extended_xl,XL-Synthetic_14_B.bmp,XL-Synthetic,B,bmp,P05.rtf,RTF,medium,2,RTF,RTF,1,ok,22.535065
XL-Synthetic_14_B__rtf_medium__lsb3.bmp,extended_xl,XL-Synthetic_14_B.bmp,XL-Synthetic,B,bmp,P05.rtf,RTF,medium,3,RTF,RTF,1,ok,21.227745
XL-Synthetic_14_B__rtf_small__lsb1.bmp,extended_xl,XL-Synthetic_14_B.bmp,XL-Synthetic,B,bmp,P05.rtf,RTF,small,1,RTF,RTF,1,ok,22.306137
XL-Synthetic_14_B__rtf_small__lsb2.bmp,extended_xl,XL-Synthetic_14_B.bmp,XL-Synthetic,B,bmp,P05.rtf,RTF,small,2,RTF,RTF,1,ok,24.458495
XL-Synthetic_14_B__rtf_small__lsb3.bmp,extended_xl,XL-Synthetic_14_B.bmp,XL-Synthetic,B,bmp,P05.rtf,RTF,small,3,RTF,RTF,1,ok,22.490295
XL-Synthetic_14_B__xlsx_large__lsb1.bmp,extended_xl,XL-Synthetic_14_B.bmp,XL-Synthetic,B,bmp,P03.xlsx,XLSX,large,1,XLSX,XLSX,1,ok,23.059995
XL-Synthetic_14_B__xlsx_large__lsb2.bmp,extended_xl,XL-Synthetic_14_B.bmp,XL-Synthetic,B,bmp,P03.xlsx,XLSX,large,2,XLSX,XLSX,1,ok,24.596231
XL-Synthetic_14_B__xlsx_large__lsb3.bmp,extended_xl,XL-Synthetic_14_B.bmp,XL-Synthetic,B,bmp,P03.xlsx,XLSX,large,3,XLSX,XLSX,1,ok,29.821352
XL-Synthetic_14_B__xlsx_medium__lsb1.bmp,extended_xl,XL-Synthetic_14_B.bmp,XL-Synthetic,B,bmp,P03.xlsx,XLSX,medium,1,XLSX,XLSX,1,ok,36.605023
XL-Synthetic_14_B__xlsx_medium__lsb2.bmp,extended_xl,XL-Synthetic_14_B.bmp,XL-Synthetic,B,bmp,P03.xlsx,XLSX,medium,2,XLSX,XLSX,1,ok,28.073783
XL-Synthetic_14_B__xlsx_medium__lsb3.bmp,extended_xl,XL-Synthetic_14_B.bmp,XL-Synthetic,B,bmp,P03.xlsx,XLSX,medium,3,XLSX,XLSX,1,ok,30.922472
XL-Synthetic_14_B__xlsx_small__lsb1.bmp,extended_xl,XL-Synthetic_14_B.bmp,XL-Synthetic,B,bmp,P03.xlsx,XLSX,small,1,XLSX,XLSX,1,ok,25.329473
XL-Synthetic_14_B__xlsx_small__lsb2.bmp,extended_xl,XL-Synthetic_14_B.bmp,XL-Synthetic,B,bmp,P03.xlsx,XLSX,small,2,XLSX,XLSX,1,ok,23.553387
XL-Synthetic_14_B__xlsx_small__lsb3.bmp,extended_xl,XL-Synthetic_14_B.bmp,XL-Synthetic,B,bmp,P03.xlsx,XLSX,small,3,XLSX,XLSX,1,ok,25.597605
XL-Synthetic_14_P__docx_large__lsb3.png,extended_xl,XL-Synthetic_14_P.png,XL-Synthetic,P,png,P01.docx,DOCX,large,3,DOCX,DOCX,1,ok,1.257570
XL-Synthetic_14_P__docx_medium__lsb2.png,extended_xl,XL-Synthetic_14_P.png,XL-Synthetic,P,png,P01.docx,DOCX,medium,2,DOCX,DOCX,1,ok,0.762730
XL-Synthetic_14_P__docx_medium__lsb3.png,extended_xl,XL-Synthetic_14_P.png,XL-Synthetic,P,png,P01.docx,DOCX,medium,3,DOCX,DOCX,1,ok,1.370774
XL-Synthetic_14_P__docx_small__lsb1.png,extended_xl,XL-Synthetic_14_P.png,XL-Synthetic,P,png,P01.docx,DOCX,small,1,DOCX,DOCX,1,ok,0.770203
XL-Synthetic_14_P__docx_small__lsb2.png,extended_xl,XL-Synthetic_14_P.png,XL-Synthetic,P,png,P01.docx,DOCX,small,2,DOCX,DOCX,1,ok,0.789659
XL-Synthetic_14_P__docx_small__lsb3.png,extended_xl,XL-Synthetic_14_P.png,XL-Synthetic,P,png,P01.docx,DOCX,small,3,DOCX,DOCX,1,ok,0.842738
XL-Synthetic_14_P__exe_large__lsb3.png,extended_xl,XL-Synthetic_14_P.png,XL-Synthetic,P,png,P06.exe,EXE,large,3,EXE,EXE,1,ok,0.902226
XL-Synthetic_14_P__exe_medium__lsb2.png,extended_xl,XL-Synthetic_14_P.png,XL-Synthetic,P,png,P06.exe,EXE,medium,2,EXE,EXE,1,ok,0.816389
XL-Synthetic_14_P__exe_medium__lsb3.png,extended_xl,XL-Synthetic_14_P.png,XL-Synthetic,P,png,P06.exe,EXE,medium,3,EXE,EXE,1,ok,0.730285
XL-Synthetic_14_P__exe_small__lsb1.png,extended_xl,XL-Synthetic_14_P.png,XL-Synthetic,P,png,P06.exe,EXE,small,1,EXE,EXE,1,ok,0.709847
XL-Synthetic_14_P__exe_small__lsb2.png,extended_xl,XL-Synthetic_14_P.png,XL-Synthetic,P,png,P06.exe,EXE,small,2,EXE,EXE,1,ok,0.967957
XL-Synthetic_14_P__exe_small__lsb3.png,extended_xl,XL-Synthetic_14_P.png,XL-Synthetic,P,png,P06.exe,EXE,small,3,EXE,EXE,1,ok,0.707346
XL-Synthetic_14_P__pdf_large__lsb3.png,extended_xl,XL-Synthetic_14_P.png,XL-Synthetic,P,png,P02.pdf,PDF,large,3,PDF,PDF,1,ok,0.690038
XL-Synthetic_14_P__pdf_medium__lsb2.png,extended_xl,XL-Synthetic_14_P.png,XL-Synthetic,P,png,P02.pdf,PDF,medium,2,PDF,PDF,1,ok,0.619874
XL-Synthetic_14_P__pdf_medium__lsb3.png,extended_xl,XL-Synthetic_14_P.png,XL-Synthetic,P,png,P02.pdf,PDF,medium,3,PDF,PDF,1,ok,0.714094
XL-Synthetic_14_P__pdf_small__lsb1.png,extended_xl,XL-Synthetic_14_P.png,XL-Synthetic,P,png,P02.pdf,PDF,small,1,PDF,PDF,1,ok,0.685159
XL-Synthetic_14_P__pdf_small__lsb2.png,extended_xl,XL-Synthetic_14_P.png,XL-Synthetic,P,png,P02.pdf,PDF,small,2,PDF,PDF,1,ok,0.675287
XL-Synthetic_14_P__pdf_small__lsb3.png,extended_xl,XL-Synthetic_14_P.png,XL-Synthetic,P,png,P02.pdf,PDF,small,3,PDF,PDF,1,ok,0.673225
XL-Synthetic_14_P__pptx_large__lsb3.png,extended_xl,XL-Synthetic_14_P.png,XL-Synthetic,P,png,P04.pptx,PPTX,large,3,PPTX,PPTX,1,ok,0.694565
XL-Synthetic_14_P__pptx_medium__lsb2.png,extended_xl,XL-Synthetic_14_P.png,XL-Synthetic,P,png,P04.pptx,PPTX,medium,2,PPTX,PPTX,1,ok,0.666128
XL-Synthetic_14_P__pptx_medium__lsb3.png,extended_xl,XL-Synthetic_14_P.png,XL-Synthetic,P,png,P04.pptx,PPTX,medium,3,PPTX,PPTX,1,ok,0.733200
XL-Synthetic_14_P__pptx_small__lsb1.png,extended_xl,XL-Synthetic_14_P.png,XL-Synthetic,P,png,P04.pptx,PPTX,small,1,PPTX,PPTX,1,ok,0.666872
XL-Synthetic_14_P__pptx_small__lsb2.png,extended_xl,XL-Synthetic_14_P.png,XL-Synthetic,P,png,P04.pptx,PPTX,small,2,PPTX,PPTX,1,ok,0.684736
XL-Synthetic_14_P__pptx_small__lsb3.png,extended_xl,XL-Synthetic_14_P.png,XL-Synthetic,P,png,P04.pptx,PPTX,small,3,PPTX,PPTX,1,ok,0.726987
XL-Synthetic_14_P__rtf_large__lsb3.png,extended_xl,XL-Synthetic_14_P.png,XL-Synthetic,P,png,P05.rtf,RTF,large,3,RTF,RTF,1,ok,1.051222
XL-Synthetic_14_P__rtf_medium__lsb2.png,extended_xl,XL-Synthetic_14_P.png,XL-Synthetic,P,png,P05.rtf,RTF,medium,2,RTF,RTF,1,ok,0.901994
XL-Synthetic_14_P__rtf_medium__lsb3.png,extended_xl,XL-Synthetic_14_P.png,XL-Synthetic,P,png,P05.rtf,RTF,medium,3,RTF,RTF,1,ok,0.913770
XL-Synthetic_14_P__rtf_small__lsb1.png,extended_xl,XL-Synthetic_14_P.png,XL-Synthetic,P,png,P05.rtf,RTF,small,1,RTF,RTF,1,ok,0.774718
XL-Synthetic_14_P__rtf_small__lsb2.png,extended_xl,XL-Synthetic_14_P.png,XL-Synthetic,P,png,P05.rtf,RTF,small,2,RTF,RTF,1,ok,0.786401
XL-Synthetic_14_P__rtf_small__lsb3.png,extended_xl,XL-Synthetic_14_P.png,XL-Synthetic,P,png,P05.rtf,RTF,small,3,RTF,RTF,1,ok,0.761621
XL-Synthetic_14_P__xlsx_large__lsb3.png,extended_xl,XL-Synthetic_14_P.png,XL-Synthetic,P,png,P03.xlsx,XLSX,large,3,XLSX,XLSX,1,ok,0.667491
XL-Synthetic_14_P__xlsx_medium__lsb2.png,extended_xl,XL-Synthetic_14_P.png,XL-Synthetic,P,png,P03.xlsx,XLSX,medium,2,XLSX,XLSX,1,ok,0.934230
XL-Synthetic_14_P__xlsx_medium__lsb3.png,extended_xl,XL-Synthetic_14_P.png,XL-Synthetic,P,png,P03.xlsx,XLSX,medium,3,XLSX,XLSX,1,ok,0.850321
XL-Synthetic_14_P__xlsx_small__lsb1.png,extended_xl,XL-Synthetic_14_P.png,XL-Synthetic,P,png,P03.xlsx,XLSX,small,1,XLSX,XLSX,1,ok,0.660062
XL-Synthetic_14_P__xlsx_small__lsb2.png,extended_xl,XL-Synthetic_14_P.png,XL-Synthetic,P,png,P03.xlsx,XLSX,small,2,XLSX,XLSX,1,ok,0.695903
XL-Synthetic_14_P__xlsx_small__lsb3.png,extended_xl,XL-Synthetic_14_P.png,XL-Synthetic,P,png,P03.xlsx,XLSX,small,3,XLSX,XLSX,1,ok,0.737845
XL-Synthetic_15_B__docx_large__lsb1.bmp,extended_xl,XL-Synthetic_15_B.bmp,XL-Synthetic,B,bmp,P01.docx,DOCX,large,1,DOCX,DOCX,1,ok,32.865718
XL-Synthetic_15_B__docx_large__lsb2.bmp,extended_xl,XL-Synthetic_15_B.bmp,XL-Synthetic,B,bmp,P01.docx,DOCX,large,2,DOCX,DOCX,1,ok,47.471763
XL-Synthetic_15_B__docx_large__lsb3.bmp,extended_xl,XL-Synthetic_15_B.bmp,XL-Synthetic,B,bmp,P01.docx,DOCX,large,3,DOCX,DOCX,1,ok,32.966350
XL-Synthetic_15_B__docx_medium__lsb1.bmp,extended_xl,XL-Synthetic_15_B.bmp,XL-Synthetic,B,bmp,P01.docx,DOCX,medium,1,DOCX,DOCX,1,ok,28.037936
XL-Synthetic_15_B__docx_medium__lsb2.bmp,extended_xl,XL-Synthetic_15_B.bmp,XL-Synthetic,B,bmp,P01.docx,DOCX,medium,2,DOCX,DOCX,1,ok,26.432380
XL-Synthetic_15_B__docx_medium__lsb3.bmp,extended_xl,XL-Synthetic_15_B.bmp,XL-Synthetic,B,bmp,P01.docx,DOCX,medium,3,DOCX,DOCX,1,ok,30.160427
XL-Synthetic_15_B__docx_small__lsb1.bmp,extended_xl,XL-Synthetic_15_B.bmp,XL-Synthetic,B,bmp,P01.docx,DOCX,small,1,DOCX,DOCX,1,ok,35.635757
XL-Synthetic_15_B__docx_small__lsb2.bmp,extended_xl,XL-Synthetic_15_B.bmp,XL-Synthetic,B,bmp,P01.docx,DOCX,small,2,DOCX,DOCX,1,ok,30.010479
XL-Synthetic_15_B__docx_small__lsb3.bmp,extended_xl,XL-Synthetic_15_B.bmp,XL-Synthetic,B,bmp,P01.docx,DOCX,small,3,DOCX,DOCX,1,ok,31.702708
XL-Synthetic_15_B__exe_large__lsb1.bmp,extended_xl,XL-Synthetic_15_B.bmp,XL-Synthetic,B,bmp,P06.exe,EXE,large,1,EXE,EXE,1,ok,29.775762
XL-Synthetic_15_B__exe_large__lsb2.bmp,extended_xl,XL-Synthetic_15_B.bmp,XL-Synthetic,B,bmp,P06.exe,EXE,large,2,EXE,EXE,1,ok,35.121531
XL-Synthetic_15_B__exe_large__lsb3.bmp,extended_xl,XL-Synthetic_15_B.bmp,XL-Synthetic,B,bmp,P06.exe,EXE,large,3,EXE,EXE,1,ok,33.568701
XL-Synthetic_15_B__exe_medium__lsb1.bmp,extended_xl,XL-Synthetic_15_B.bmp,XL-Synthetic,B,bmp,P06.exe,EXE,medium,1,EXE,EXE,1,ok,27.807808
XL-Synthetic_15_B__exe_medium__lsb2.bmp,extended_xl,XL-Synthetic_15_B.bmp,XL-Synthetic,B,bmp,P06.exe,EXE,medium,2,EXE,EXE,1,ok,28.310193
XL-Synthetic_15_B__exe_medium__lsb3.bmp,extended_xl,XL-Synthetic_15_B.bmp,XL-Synthetic,B,bmp,P06.exe,EXE,medium,3,EXE,EXE,1,ok,28.519768
XL-Synthetic_15_B__exe_small__lsb1.bmp,extended_xl,XL-Synthetic_15_B.bmp,XL-Synthetic,B,bmp,P06.exe,EXE,small,1,EXE,EXE,1,ok,29.685712
XL-Synthetic_15_B__exe_small__lsb2.bmp,extended_xl,XL-Synthetic_15_B.bmp,XL-Synthetic,B,bmp,P06.exe,EXE,small,2,EXE,EXE,1,ok,30.017219
XL-Synthetic_15_B__exe_small__lsb3.bmp,extended_xl,XL-Synthetic_15_B.bmp,XL-Synthetic,B,bmp,P06.exe,EXE,small,3,EXE,EXE,1,ok,28.794088
XL-Synthetic_15_B__pdf_large__lsb1.bmp,extended_xl,XL-Synthetic_15_B.bmp,XL-Synthetic,B,bmp,P02.pdf,PDF,large,1,PDF,PDF,1,ok,27.594184
XL-Synthetic_15_B__pdf_large__lsb2.bmp,extended_xl,XL-Synthetic_15_B.bmp,XL-Synthetic,B,bmp,P02.pdf,PDF,large,2,PDF,PDF,1,ok,31.149471
XL-Synthetic_15_B__pdf_large__lsb3.bmp,extended_xl,XL-Synthetic_15_B.bmp,XL-Synthetic,B,bmp,P02.pdf,PDF,large,3,PDF,PDF,1,ok,33.829606
XL-Synthetic_15_B__pdf_medium__lsb1.bmp,extended_xl,XL-Synthetic_15_B.bmp,XL-Synthetic,B,bmp,P02.pdf,PDF,medium,1,PDF,PDF,1,ok,49.490184
XL-Synthetic_15_B__pdf_medium__lsb2.bmp,extended_xl,XL-Synthetic_15_B.bmp,XL-Synthetic,B,bmp,P02.pdf,PDF,medium,2,PDF,PDF,1,ok,28.905992
XL-Synthetic_15_B__pdf_medium__lsb3.bmp,extended_xl,XL-Synthetic_15_B.bmp,XL-Synthetic,B,bmp,P02.pdf,PDF,medium,3,PDF,PDF,1,ok,31.818961
XL-Synthetic_15_B__pdf_small__lsb1.bmp,extended_xl,XL-Synthetic_15_B.bmp,XL-Synthetic,B,bmp,P02.pdf,PDF,small,1,PDF,PDF,1,ok,28.298885
XL-Synthetic_15_B__pdf_small__lsb2.bmp,extended_xl,XL-Synthetic_15_B.bmp,XL-Synthetic,B,bmp,P02.pdf,PDF,small,2,PDF,PDF,1,ok,29.112104
XL-Synthetic_15_B__pdf_small__lsb3.bmp,extended_xl,XL-Synthetic_15_B.bmp,XL-Synthetic,B,bmp,P02.pdf,PDF,small,3,PDF,PDF,1,ok,34.064727
XL-Synthetic_15_B__pptx_large__lsb1.bmp,extended_xl,XL-Synthetic_15_B.bmp,XL-Synthetic,B,bmp,P04.pptx,PPTX,large,1,PPTX,PPTX,1,ok,39.091415
XL-Synthetic_15_B__pptx_large__lsb2.bmp,extended_xl,XL-Synthetic_15_B.bmp,XL-Synthetic,B,bmp,P04.pptx,PPTX,large,2,PPTX,PPTX,1,ok,26.909524
XL-Synthetic_15_B__pptx_large__lsb3.bmp,extended_xl,XL-Synthetic_15_B.bmp,XL-Synthetic,B,bmp,P04.pptx,PPTX,large,3,PPTX,PPTX,1,ok,25.404041
XL-Synthetic_15_B__pptx_medium__lsb1.bmp,extended_xl,XL-Synthetic_15_B.bmp,XL-Synthetic,B,bmp,P04.pptx,PPTX,medium,1,PPTX,PPTX,1,ok,31.252311
XL-Synthetic_15_B__pptx_medium__lsb2.bmp,extended_xl,XL-Synthetic_15_B.bmp,XL-Synthetic,B,bmp,P04.pptx,PPTX,medium,2,PPTX,PPTX,1,ok,26.953489
XL-Synthetic_15_B__pptx_medium__lsb3.bmp,extended_xl,XL-Synthetic_15_B.bmp,XL-Synthetic,B,bmp,P04.pptx,PPTX,medium,3,PPTX,PPTX,1,ok,22.377615
XL-Synthetic_15_B__pptx_small__lsb1.bmp,extended_xl,XL-Synthetic_15_B.bmp,XL-Synthetic,B,bmp,P04.pptx,PPTX,small,1,PPTX,PPTX,1,ok,24.801347
XL-Synthetic_15_B__pptx_small__lsb2.bmp,extended_xl,XL-Synthetic_15_B.bmp,XL-Synthetic,B,bmp,P04.pptx,PPTX,small,2,PPTX,PPTX,1,ok,25.519761
XL-Synthetic_15_B__pptx_small__lsb3.bmp,extended_xl,XL-Synthetic_15_B.bmp,XL-Synthetic,B,bmp,P04.pptx,PPTX,small,3,PPTX,PPTX,1,ok,24.858479
XL-Synthetic_15_B__rtf_large__lsb1.bmp,extended_xl,XL-Synthetic_15_B.bmp,XL-Synthetic,B,bmp,P05.rtf,RTF,large,1,RTF,RTF,1,ok,25.377195
XL-Synthetic_15_B__rtf_large__lsb2.bmp,extended_xl,XL-Synthetic_15_B.bmp,XL-Synthetic,B,bmp,P05.rtf,RTF,large,2,RTF,RTF,1,ok,25.533616
XL-Synthetic_15_B__rtf_large__lsb3.bmp,extended_xl,XL-Synthetic_15_B.bmp,XL-Synthetic,B,bmp,P05.rtf,RTF,large,3,RTF,RTF,1,ok,24.181298
XL-Synthetic_15_B__rtf_medium__lsb1.bmp,extended_xl,XL-Synthetic_15_B.bmp,XL-Synthetic,B,bmp,P05.rtf,RTF,medium,1,RTF,RTF,1,ok,25.081912
XL-Synthetic_15_B__rtf_medium__lsb2.bmp,extended_xl,XL-Synthetic_15_B.bmp,XL-Synthetic,B,bmp,P05.rtf,RTF,medium,2,RTF,RTF,1,ok,23.846045
XL-Synthetic_15_B__rtf_medium__lsb3.bmp,extended_xl,XL-Synthetic_15_B.bmp,XL-Synthetic,B,bmp,P05.rtf,RTF,medium,3,RTF,RTF,1,ok,29.263292
XL-Synthetic_15_B__rtf_small__lsb1.bmp,extended_xl,XL-Synthetic_15_B.bmp,XL-Synthetic,B,bmp,P05.rtf,RTF,small,1,RTF,RTF,1,ok,26.203437
XL-Synthetic_15_B__rtf_small__lsb2.bmp,extended_xl,XL-Synthetic_15_B.bmp,XL-Synthetic,B,bmp,P05.rtf,RTF,small,2,RTF,RTF,1,ok,24.522182
XL-Synthetic_15_B__rtf_small__lsb3.bmp,extended_xl,XL-Synthetic_15_B.bmp,XL-Synthetic,B,bmp,P05.rtf,RTF,small,3,RTF,RTF,1,ok,27.357418
XL-Synthetic_15_B__xlsx_large__lsb1.bmp,extended_xl,XL-Synthetic_15_B.bmp,XL-Synthetic,B,bmp,P03.xlsx,XLSX,large,1,XLSX,XLSX,1,ok,28.309825
XL-Synthetic_15_B__xlsx_large__lsb2.bmp,extended_xl,XL-Synthetic_15_B.bmp,XL-Synthetic,B,bmp,P03.xlsx,XLSX,large,2,XLSX,XLSX,1,ok,24.693859
XL-Synthetic_15_B__xlsx_large__lsb3.bmp,extended_xl,XL-Synthetic_15_B.bmp,XL-Synthetic,B,bmp,P03.xlsx,XLSX,large,3,XLSX,XLSX,1,ok,24.542202
XL-Synthetic_15_B__xlsx_medium__lsb1.bmp,extended_xl,XL-Synthetic_15_B.bmp,XL-Synthetic,B,bmp,P03.xlsx,XLSX,medium,1,XLSX,XLSX,1,ok,27.391740
XL-Synthetic_15_B__xlsx_medium__lsb2.bmp,extended_xl,XL-Synthetic_15_B.bmp,XL-Synthetic,B,bmp,P03.xlsx,XLSX,medium,2,XLSX,XLSX,1,ok,27.307968
XL-Synthetic_15_B__xlsx_medium__lsb3.bmp,extended_xl,XL-Synthetic_15_B.bmp,XL-Synthetic,B,bmp,P03.xlsx,XLSX,medium,3,XLSX,XLSX,1,ok,28.610745
XL-Synthetic_15_B__xlsx_small__lsb1.bmp,extended_xl,XL-Synthetic_15_B.bmp,XL-Synthetic,B,bmp,P03.xlsx,XLSX,small,1,XLSX,XLSX,1,ok,29.278686
XL-Synthetic_15_B__xlsx_small__lsb2.bmp,extended_xl,XL-Synthetic_15_B.bmp,XL-Synthetic,B,bmp,P03.xlsx,XLSX,small,2,XLSX,XLSX,1,ok,29.155736
XL-Synthetic_15_B__xlsx_small__lsb3.bmp,extended_xl,XL-Synthetic_15_B.bmp,XL-Synthetic,B,bmp,P03.xlsx,XLSX,small,3,XLSX,XLSX,1,ok,26.937407
XL-Synthetic_15_P__docx_large__lsb3.png,extended_xl,XL-Synthetic_15_P.png,XL-Synthetic,P,png,P01.docx,DOCX,large,3,DOCX,DOCX,1,ok,0.731954
XL-Synthetic_15_P__docx_medium__lsb2.png,extended_xl,XL-Synthetic_15_P.png,XL-Synthetic,P,png,P01.docx,DOCX,medium,2,DOCX,DOCX,1,ok,0.628640
XL-Synthetic_15_P__docx_medium__lsb3.png,extended_xl,XL-Synthetic_15_P.png,XL-Synthetic,P,png,P01.docx,DOCX,medium,3,DOCX,DOCX,1,ok,0.615422
XL-Synthetic_15_P__docx_small__lsb1.png,extended_xl,XL-Synthetic_15_P.png,XL-Synthetic,P,png,P01.docx,DOCX,small,1,DOCX,DOCX,1,ok,0.692602
XL-Synthetic_15_P__docx_small__lsb2.png,extended_xl,XL-Synthetic_15_P.png,XL-Synthetic,P,png,P01.docx,DOCX,small,2,DOCX,DOCX,1,ok,0.663672
XL-Synthetic_15_P__docx_small__lsb3.png,extended_xl,XL-Synthetic_15_P.png,XL-Synthetic,P,png,P01.docx,DOCX,small,3,DOCX,DOCX,1,ok,0.615531
XL-Synthetic_15_P__exe_large__lsb3.png,extended_xl,XL-Synthetic_15_P.png,XL-Synthetic,P,png,P06.exe,EXE,large,3,EXE,EXE,1,ok,0.634852
XL-Synthetic_15_P__exe_medium__lsb2.png,extended_xl,XL-Synthetic_15_P.png,XL-Synthetic,P,png,P06.exe,EXE,medium,2,EXE,EXE,1,ok,0.695084
XL-Synthetic_15_P__exe_medium__lsb3.png,extended_xl,XL-Synthetic_15_P.png,XL-Synthetic,P,png,P06.exe,EXE,medium,3,EXE,EXE,1,ok,0.797708
XL-Synthetic_15_P__exe_small__lsb1.png,extended_xl,XL-Synthetic_15_P.png,XL-Synthetic,P,png,P06.exe,EXE,small,1,EXE,EXE,1,ok,0.814106
XL-Synthetic_15_P__exe_small__lsb2.png,extended_xl,XL-Synthetic_15_P.png,XL-Synthetic,P,png,P06.exe,EXE,small,2,EXE,EXE,1,ok,0.744373
XL-Synthetic_15_P__exe_small__lsb3.png,extended_xl,XL-Synthetic_15_P.png,XL-Synthetic,P,png,P06.exe,EXE,small,3,EXE,EXE,1,ok,0.865182
XL-Synthetic_15_P__pdf_large__lsb3.png,extended_xl,XL-Synthetic_15_P.png,XL-Synthetic,P,png,P02.pdf,PDF,large,3,PDF,PDF,1,ok,0.741934
XL-Synthetic_15_P__pdf_medium__lsb2.png,extended_xl,XL-Synthetic_15_P.png,XL-Synthetic,P,png,P02.pdf,PDF,medium,2,PDF,PDF,1,ok,1.046140
XL-Synthetic_15_P__pdf_medium__lsb3.png,extended_xl,XL-Synthetic_15_P.png,XL-Synthetic,P,png,P02.pdf,PDF,medium,3,PDF,PDF,1,ok,0.651120
XL-Synthetic_15_P__pdf_small__lsb1.png,extended_xl,XL-Synthetic_15_P.png,XL-Synthetic,P,png,P02.pdf,PDF,small,1,PDF,PDF,1,ok,1.086382
XL-Synthetic_15_P__pdf_small__lsb2.png,extended_xl,XL-Synthetic_15_P.png,XL-Synthetic,P,png,P02.pdf,PDF,small,2,PDF,PDF,1,ok,1.382760
XL-Synthetic_15_P__pdf_small__lsb3.png,extended_xl,XL-Synthetic_15_P.png,XL-Synthetic,P,png,P02.pdf,PDF,small,3,PDF,PDF,1,ok,0.970505
XL-Synthetic_15_P__pptx_large__lsb3.png,extended_xl,XL-Synthetic_15_P.png,XL-Synthetic,P,png,P04.pptx,PPTX,large,3,PPTX,PPTX,1,ok,0.817504
XL-Synthetic_15_P__pptx_medium__lsb2.png,extended_xl,XL-Synthetic_15_P.png,XL-Synthetic,P,png,P04.pptx,PPTX,medium,2,PPTX,PPTX,1,ok,0.636164
XL-Synthetic_15_P__pptx_medium__lsb3.png,extended_xl,XL-Synthetic_15_P.png,XL-Synthetic,P,png,P04.pptx,PPTX,medium,3,PPTX,PPTX,1,ok,0.606811
XL-Synthetic_15_P__pptx_small__lsb1.png,extended_xl,XL-Synthetic_15_P.png,XL-Synthetic,P,png,P04.pptx,PPTX,small,1,PPTX,PPTX,1,ok,0.702254
XL-Synthetic_15_P__pptx_small__lsb2.png,extended_xl,XL-Synthetic_15_P.png,XL-Synthetic,P,png,P04.pptx,PPTX,small,2,PPTX,PPTX,1,ok,0.685819
XL-Synthetic_15_P__pptx_small__lsb3.png,extended_xl,XL-Synthetic_15_P.png,XL-Synthetic,P,png,P04.pptx,PPTX,small,3,PPTX,PPTX,1,ok,0.664425
XL-Synthetic_15_P__rtf_large__lsb3.png,extended_xl,XL-Synthetic_15_P.png,XL-Synthetic,P,png,P05.rtf,RTF,large,3,RTF,RTF,1,ok,0.771805
XL-Synthetic_15_P__rtf_medium__lsb2.png,extended_xl,XL-Synthetic_15_P.png,XL-Synthetic,P,png,P05.rtf,RTF,medium,2,RTF,RTF,1,ok,0.776679
XL-Synthetic_15_P__rtf_medium__lsb3.png,extended_xl,XL-Synthetic_15_P.png,XL-Synthetic,P,png,P05.rtf,RTF,medium,3,RTF,RTF,1,ok,0.737753
XL-Synthetic_15_P__rtf_small__lsb1.png,extended_xl,XL-Synthetic_15_P.png,XL-Synthetic,P,png,P05.rtf,RTF,small,1,RTF,RTF,1,ok,0.664402
XL-Synthetic_15_P__rtf_small__lsb2.png,extended_xl,XL-Synthetic_15_P.png,XL-Synthetic,P,png,P05.rtf,RTF,small,2,RTF,RTF,1,ok,0.776308
XL-Synthetic_15_P__rtf_small__lsb3.png,extended_xl,XL-Synthetic_15_P.png,XL-Synthetic,P,png,P05.rtf,RTF,small,3,RTF,RTF,1,ok,0.693473
XL-Synthetic_15_P__xlsx_large__lsb3.png,extended_xl,XL-Synthetic_15_P.png,XL-Synthetic,P,png,P03.xlsx,XLSX,large,3,XLSX,XLSX,1,ok,0.689992
XL-Synthetic_15_P__xlsx_medium__lsb2.png,extended_xl,XL-Synthetic_15_P.png,XL-Synthetic,P,png,P03.xlsx,XLSX,medium,2,XLSX,XLSX,1,ok,0.829441
XL-Synthetic_15_P__xlsx_medium__lsb3.png,extended_xl,XL-Synthetic_15_P.png,XL-Synthetic,P,png,P03.xlsx,XLSX,medium,3,XLSX,XLSX,1,ok,0.919147
XL-Synthetic_15_P__xlsx_small__lsb1.png,extended_xl,XL-Synthetic_15_P.png,XL-Synthetic,P,png,P03.xlsx,XLSX,small,1,XLSX,XLSX,1,ok,0.861509
XL-Synthetic_15_P__xlsx_small__lsb2.png,extended_xl,XL-Synthetic_15_P.png,XL-Synthetic,P,png,P03.xlsx,XLSX,small,2,XLSX,XLSX,1,ok,1.496711
XL-Synthetic_15_P__xlsx_small__lsb3.png,extended_xl,XL-Synthetic_15_P.png,XL-Synthetic,P,png,P03.xlsx,XLSX,small,3,XLSX,XLSX,1,ok,1.337937
XL-Synthetic_1_B__docx_large__lsb1.bmp,extended_xl,XL-Synthetic_1_B.bmp,XL-Synthetic,B,bmp,P01.docx,DOCX,large,1,DOCX,DOCX,1,ok,4.283371
XL-Synthetic_1_B__docx_large__lsb2.bmp,extended_xl,XL-Synthetic_1_B.bmp,XL-Synthetic,B,bmp,P01.docx,DOCX,large,2,DOCX,DOCX,1,ok,3.408147
XL-Synthetic_1_B__docx_large__lsb3.bmp,extended_xl,XL-Synthetic_1_B.bmp,XL-Synthetic,B,bmp,P01.docx,DOCX,large,3,DOCX,DOCX,1,ok,3.918527
XL-Synthetic_1_B__docx_medium__lsb1.bmp,extended_xl,XL-Synthetic_1_B.bmp,XL-Synthetic,B,bmp,P01.docx,DOCX,medium,1,DOCX,DOCX,1,ok,4.250312
XL-Synthetic_1_B__docx_medium__lsb2.bmp,extended_xl,XL-Synthetic_1_B.bmp,XL-Synthetic,B,bmp,P01.docx,DOCX,medium,2,DOCX,DOCX,1,ok,3.678972
XL-Synthetic_1_B__docx_medium__lsb3.bmp,extended_xl,XL-Synthetic_1_B.bmp,XL-Synthetic,B,bmp,P01.docx,DOCX,medium,3,DOCX,DOCX,1,ok,3.406475
XL-Synthetic_1_B__docx_small__lsb1.bmp,extended_xl,XL-Synthetic_1_B.bmp,XL-Synthetic,B,bmp,P01.docx,DOCX,small,1,DOCX,DOCX,1,ok,3.092752
XL-Synthetic_1_B__docx_small__lsb2.bmp,extended_xl,XL-Synthetic_1_B.bmp,XL-Synthetic,B,bmp,P01.docx,DOCX,small,2,DOCX,DOCX,1,ok,3.526055
XL-Synthetic_1_B__docx_small__lsb3.bmp,extended_xl,XL-Synthetic_1_B.bmp,XL-Synthetic,B,bmp,P01.docx,DOCX,small,3,DOCX,DOCX,1,ok,3.672239
XL-Synthetic_1_B__exe_large__lsb1.bmp,extended_xl,XL-Synthetic_1_B.bmp,XL-Synthetic,B,bmp,P06.exe,EXE,large,1,EXE,EXE,1,ok,3.199457
XL-Synthetic_1_B__exe_large__lsb2.bmp,extended_xl,XL-Synthetic_1_B.bmp,XL-Synthetic,B,bmp,P06.exe,EXE,large,2,EXE,EXE,1,ok,3.688039
XL-Synthetic_1_B__exe_large__lsb3.bmp,extended_xl,XL-Synthetic_1_B.bmp,XL-Synthetic,B,bmp,P06.exe,EXE,large,3,EXE,EXE,1,ok,3.928744
XL-Synthetic_1_B__exe_medium__lsb1.bmp,extended_xl,XL-Synthetic_1_B.bmp,XL-Synthetic,B,bmp,P06.exe,EXE,medium,1,EXE,EXE,1,ok,3.650535
XL-Synthetic_1_B__exe_medium__lsb2.bmp,extended_xl,XL-Synthetic_1_B.bmp,XL-Synthetic,B,bmp,P06.exe,EXE,medium,2,EXE,EXE,1,ok,3.539170
XL-Synthetic_1_B__exe_medium__lsb3.bmp,extended_xl,XL-Synthetic_1_B.bmp,XL-Synthetic,B,bmp,P06.exe,EXE,medium,3,EXE,EXE,1,ok,3.247628
XL-Synthetic_1_B__exe_small__lsb1.bmp,extended_xl,XL-Synthetic_1_B.bmp,XL-Synthetic,B,bmp,P06.exe,EXE,small,1,EXE,EXE,1,ok,4.401299
XL-Synthetic_1_B__exe_small__lsb2.bmp,extended_xl,XL-Synthetic_1_B.bmp,XL-Synthetic,B,bmp,P06.exe,EXE,small,2,EXE,EXE,1,ok,3.436856
XL-Synthetic_1_B__exe_small__lsb3.bmp,extended_xl,XL-Synthetic_1_B.bmp,XL-Synthetic,B,bmp,P06.exe,EXE,small,3,EXE,EXE,1,ok,3.231667
XL-Synthetic_1_B__pdf_large__lsb1.bmp,extended_xl,XL-Synthetic_1_B.bmp,XL-Synthetic,B,bmp,P02.pdf,PDF,large,1,PDF,PDF,1,ok,3.288647
XL-Synthetic_1_B__pdf_large__lsb2.bmp,extended_xl,XL-Synthetic_1_B.bmp,XL-Synthetic,B,bmp,P02.pdf,PDF,large,2,PDF,PDF,1,ok,3.315965
XL-Synthetic_1_B__pdf_large__lsb3.bmp,extended_xl,XL-Synthetic_1_B.bmp,XL-Synthetic,B,bmp,P02.pdf,PDF,large,3,PDF,PDF,1,ok,3.531882
XL-Synthetic_1_B__pdf_medium__lsb1.bmp,extended_xl,XL-Synthetic_1_B.bmp,XL-Synthetic,B,bmp,P02.pdf,PDF,medium,1,PDF,PDF,1,ok,3.170547
XL-Synthetic_1_B__pdf_medium__lsb2.bmp,extended_xl,XL-Synthetic_1_B.bmp,XL-Synthetic,B,bmp,P02.pdf,PDF,medium,2,PDF,PDF,1,ok,3.160711
XL-Synthetic_1_B__pdf_medium__lsb3.bmp,extended_xl,XL-Synthetic_1_B.bmp,XL-Synthetic,B,bmp,P02.pdf,PDF,medium,3,PDF,PDF,1,ok,3.851421
XL-Synthetic_1_B__pdf_small__lsb1.bmp,extended_xl,XL-Synthetic_1_B.bmp,XL-Synthetic,B,bmp,P02.pdf,PDF,small,1,PDF,PDF,1,ok,3.571405
XL-Synthetic_1_B__pdf_small__lsb2.bmp,extended_xl,XL-Synthetic_1_B.bmp,XL-Synthetic,B,bmp,P02.pdf,PDF,small,2,PDF,PDF,1,ok,3.292792
XL-Synthetic_1_B__pdf_small__lsb3.bmp,extended_xl,XL-Synthetic_1_B.bmp,XL-Synthetic,B,bmp,P02.pdf,PDF,small,3,PDF,PDF,1,ok,3.090338
XL-Synthetic_1_B__pptx_large__lsb1.bmp,extended_xl,XL-Synthetic_1_B.bmp,XL-Synthetic,B,bmp,P04.pptx,PPTX,large,1,PPTX,PPTX,1,ok,3.511602
XL-Synthetic_1_B__pptx_large__lsb2.bmp,extended_xl,XL-Synthetic_1_B.bmp,XL-Synthetic,B,bmp,P04.pptx,PPTX,large,2,PPTX,PPTX,1,ok,3.185891
XL-Synthetic_1_B__pptx_large__lsb3.bmp,extended_xl,XL-Synthetic_1_B.bmp,XL-Synthetic,B,bmp,P04.pptx,PPTX,large,3,PPTX,PPTX,1,ok,3.291363
XL-Synthetic_1_B__pptx_medium__lsb1.bmp,extended_xl,XL-Synthetic_1_B.bmp,XL-Synthetic,B,bmp,P04.pptx,PPTX,medium,1,PPTX,PPTX,1,ok,3.466745
XL-Synthetic_1_B__pptx_medium__lsb2.bmp,extended_xl,XL-Synthetic_1_B.bmp,XL-Synthetic,B,bmp,P04.pptx,PPTX,medium,2,PPTX,PPTX,1,ok,3.121187
XL-Synthetic_1_B__pptx_medium__lsb3.bmp,extended_xl,XL-Synthetic_1_B.bmp,XL-Synthetic,B,bmp,P04.pptx,PPTX,medium,3,PPTX,PPTX,1,ok,3.312180
XL-Synthetic_1_B__pptx_small__lsb1.bmp,extended_xl,XL-Synthetic_1_B.bmp,XL-Synthetic,B,bmp,P04.pptx,PPTX,small,1,PPTX,PPTX,1,ok,3.977874
XL-Synthetic_1_B__pptx_small__lsb2.bmp,extended_xl,XL-Synthetic_1_B.bmp,XL-Synthetic,B,bmp,P04.pptx,PPTX,small,2,PPTX,PPTX,1,ok,3.410700
XL-Synthetic_1_B__pptx_small__lsb3.bmp,extended_xl,XL-Synthetic_1_B.bmp,XL-Synthetic,B,bmp,P04.pptx,PPTX,small,3,PPTX,PPTX,1,ok,3.672073
XL-Synthetic_1_B__rtf_large__lsb1.bmp,extended_xl,XL-Synthetic_1_B.bmp,XL-Synthetic,B,bmp,P05.rtf,RTF,large,1,RTF,RTF,1,ok,3.353005
XL-Synthetic_1_B__rtf_large__lsb2.bmp,extended_xl,XL-Synthetic_1_B.bmp,XL-Synthetic,B,bmp,P05.rtf,RTF,large,2,RTF,RTF,1,ok,3.473349
XL-Synthetic_1_B__rtf_large__lsb3.bmp,extended_xl,XL-Synthetic_1_B.bmp,XL-Synthetic,B,bmp,P05.rtf,RTF,large,3,RTF,RTF,1,ok,3.585234
XL-Synthetic_1_B__rtf_medium__lsb1.bmp,extended_xl,XL-Synthetic_1_B.bmp,XL-Synthetic,B,bmp,P05.rtf,RTF,medium,1,RTF,RTF,1,ok,3.518780
XL-Synthetic_1_B__rtf_medium__lsb2.bmp,extended_xl,XL-Synthetic_1_B.bmp,XL-Synthetic,B,bmp,P05.rtf,RTF,medium,2,RTF,RTF,1,ok,3.727539
XL-Synthetic_1_B__rtf_medium__lsb3.bmp,extended_xl,XL-Synthetic_1_B.bmp,XL-Synthetic,B,bmp,P05.rtf,RTF,medium,3,RTF,RTF,1,ok,3.624290
XL-Synthetic_1_B__rtf_small__lsb1.bmp,extended_xl,XL-Synthetic_1_B.bmp,XL-Synthetic,B,bmp,P05.rtf,RTF,small,1,RTF,RTF,1,ok,3.506473
XL-Synthetic_1_B__rtf_small__lsb2.bmp,extended_xl,XL-Synthetic_1_B.bmp,XL-Synthetic,B,bmp,P05.rtf,RTF,small,2,RTF,RTF,1,ok,3.403017
XL-Synthetic_1_B__rtf_small__lsb3.bmp,extended_xl,XL-Synthetic_1_B.bmp,XL-Synthetic,B,bmp,P05.rtf,RTF,small,3,RTF,RTF,1,ok,3.587555
XL-Synthetic_1_B__xlsx_large__lsb1.bmp,extended_xl,XL-Synthetic_1_B.bmp,XL-Synthetic,B,bmp,P03.xlsx,XLSX,large,1,XLSX,XLSX,1,ok,3.855773
XL-Synthetic_1_B__xlsx_large__lsb2.bmp,extended_xl,XL-Synthetic_1_B.bmp,XL-Synthetic,B,bmp,P03.xlsx,XLSX,large,2,XLSX,XLSX,1,ok,3.309129
XL-Synthetic_1_B__xlsx_large__lsb3.bmp,extended_xl,XL-Synthetic_1_B.bmp,XL-Synthetic,B,bmp,P03.xlsx,XLSX,large,3,XLSX,XLSX,1,ok,3.313974
XL-Synthetic_1_B__xlsx_medium__lsb1.bmp,extended_xl,XL-Synthetic_1_B.bmp,XL-Synthetic,B,bmp,P03.xlsx,XLSX,medium,1,XLSX,XLSX,1,ok,3.381292
XL-Synthetic_1_B__xlsx_medium__lsb2.bmp,extended_xl,XL-Synthetic_1_B.bmp,XL-Synthetic,B,bmp,P03.xlsx,XLSX,medium,2,XLSX,XLSX,1,ok,4.045969
XL-Synthetic_1_B__xlsx_medium__lsb3.bmp,extended_xl,XL-Synthetic_1_B.bmp,XL-Synthetic,B,bmp,P03.xlsx,XLSX,medium,3,XLSX,XLSX,1,ok,4.804080
XL-Synthetic_1_B__xlsx_small__lsb1.bmp,extended_xl,XL-Synthetic_1_B.bmp,XL-Synthetic,B,bmp,P03.xlsx,XLSX,small,1,XLSX,XLSX,1,ok,3.697925
XL-Synthetic_1_B__xlsx_small__lsb2.bmp,extended_xl,XL-Synthetic_1_B.bmp,XL-Synthetic,B,bmp,P03.xlsx,XLSX,small,2,XLSX,XLSX,1,ok,3.327311
XL-Synthetic_1_B__xlsx_small__lsb3.bmp,extended_xl,XL-Synthetic_1_B.bmp,XL-Synthetic,B,bmp,P03.xlsx,XLSX,small,3,XLSX,XLSX,1,ok,3.273404
XL-Synthetic_1_P__docx_large__lsb3.png,extended_xl,XL-Synthetic_1_P.png,XL-Synthetic,P,png,P01.docx,DOCX,large,3,DOCX,DOCX,1,ok,0.661148
XL-Synthetic_1_P__docx_medium__lsb2.png,extended_xl,XL-Synthetic_1_P.png,XL-Synthetic,P,png,P01.docx,DOCX,medium,2,DOCX,DOCX,1,ok,0.639606
XL-Synthetic_1_P__docx_medium__lsb3.png,extended_xl,XL-Synthetic_1_P.png,XL-Synthetic,P,png,P01.docx,DOCX,medium,3,DOCX,DOCX,1,ok,0.650081
XL-Synthetic_1_P__docx_small__lsb1.png,extended_xl,XL-Synthetic_1_P.png,XL-Synthetic,P,png,P01.docx,DOCX,small,1,DOCX,DOCX,1,ok,0.636909
XL-Synthetic_1_P__docx_small__lsb2.png,extended_xl,XL-Synthetic_1_P.png,XL-Synthetic,P,png,P01.docx,DOCX,small,2,DOCX,DOCX,1,ok,0.610309
XL-Synthetic_1_P__docx_small__lsb3.png,extended_xl,XL-Synthetic_1_P.png,XL-Synthetic,P,png,P01.docx,DOCX,small,3,DOCX,DOCX,1,ok,0.657058
XL-Synthetic_1_P__exe_large__lsb3.png,extended_xl,XL-Synthetic_1_P.png,XL-Synthetic,P,png,P06.exe,EXE,large,3,EXE,EXE,1,ok,0.748974
XL-Synthetic_1_P__exe_medium__lsb2.png,extended_xl,XL-Synthetic_1_P.png,XL-Synthetic,P,png,P06.exe,EXE,medium,2,EXE,EXE,1,ok,0.776074
XL-Synthetic_1_P__exe_medium__lsb3.png,extended_xl,XL-Synthetic_1_P.png,XL-Synthetic,P,png,P06.exe,EXE,medium,3,EXE,EXE,1,ok,0.576156
XL-Synthetic_1_P__exe_small__lsb1.png,extended_xl,XL-Synthetic_1_P.png,XL-Synthetic,P,png,P06.exe,EXE,small,1,EXE,EXE,1,ok,0.570720
XL-Synthetic_1_P__exe_small__lsb2.png,extended_xl,XL-Synthetic_1_P.png,XL-Synthetic,P,png,P06.exe,EXE,small,2,EXE,EXE,1,ok,0.630641
XL-Synthetic_1_P__exe_small__lsb3.png,extended_xl,XL-Synthetic_1_P.png,XL-Synthetic,P,png,P06.exe,EXE,small,3,EXE,EXE,1,ok,0.646337
XL-Synthetic_1_P__pdf_large__lsb3.png,extended_xl,XL-Synthetic_1_P.png,XL-Synthetic,P,png,P02.pdf,PDF,large,3,PDF,PDF,1,ok,0.620012
XL-Synthetic_1_P__pdf_medium__lsb2.png,extended_xl,XL-Synthetic_1_P.png,XL-Synthetic,P,png,P02.pdf,PDF,medium,2,PDF,PDF,1,ok,0.699749
XL-Synthetic_1_P__pdf_medium__lsb3.png,extended_xl,XL-Synthetic_1_P.png,XL-Synthetic,P,png,P02.pdf,PDF,medium,3,PDF,PDF,1,ok,0.565925
XL-Synthetic_1_P__pdf_small__lsb1.png,extended_xl,XL-Synthetic_1_P.png,XL-Synthetic,P,png,P02.pdf,PDF,small,1,PDF,PDF,1,ok,0.652120
XL-Synthetic_1_P__pdf_small__lsb2.png,extended_xl,XL-Synthetic_1_P.png,XL-Synthetic,P,png,P02.pdf,PDF,small,2,PDF,PDF,1,ok,0.609007
XL-Synthetic_1_P__pdf_small__lsb3.png,extended_xl,XL-Synthetic_1_P.png,XL-Synthetic,P,png,P02.pdf,PDF,small,3,PDF,PDF,1,ok,0.624871
XL-Synthetic_1_P__pptx_large__lsb3.png,extended_xl,XL-Synthetic_1_P.png,XL-Synthetic,P,png,P04.pptx,PPTX,large,3,PPTX,PPTX,1,ok,0.665970
XL-Synthetic_1_P__pptx_medium__lsb2.png,extended_xl,XL-Synthetic_1_P.png,XL-Synthetic,P,png,P04.pptx,PPTX,medium,2,PPTX,PPTX,1,ok,0.649506
XL-Synthetic_1_P__pptx_medium__lsb3.png,extended_xl,XL-Synthetic_1_P.png,XL-Synthetic,P,png,P04.pptx,PPTX,medium,3,PPTX,PPTX,1,ok,0.642025
XL-Synthetic_1_P__pptx_small__lsb1.png,extended_xl,XL-Synthetic_1_P.png,XL-Synthetic,P,png,P04.pptx,PPTX,small,1,PPTX,PPTX,1,ok,0.807871
XL-Synthetic_1_P__pptx_small__lsb2.png,extended_xl,XL-Synthetic_1_P.png,XL-Synthetic,P,png,P04.pptx,PPTX,small,2,PPTX,PPTX,1,ok,0.792877
XL-Synthetic_1_P__pptx_small__lsb3.png,extended_xl,XL-Synthetic_1_P.png,XL-Synthetic,P,png,P04.pptx,PPTX,small,3,PPTX,PPTX,1,ok,0.608257
XL-Synthetic_1_P__rtf_large__lsb3.png,extended_xl,XL-Synthetic_1_P.png,XL-Synthetic,P,png,P05.rtf,RTF,large,3,RTF,RTF,1,ok,0.638189
XL-Synthetic_1_P__rtf_medium__lsb2.png,extended_xl,XL-Synthetic_1_P.png,XL-Synthetic,P,png,P05.rtf,RTF,medium,2,RTF,RTF,1,ok,0.572313
XL-Synthetic_1_P__rtf_medium__lsb3.png,extended_xl,XL-Synthetic_1_P.png,XL-Synthetic,P,png,P05.rtf,RTF,medium,3,RTF,RTF,1,ok,0.694935
XL-Synthetic_1_P__rtf_small__lsb1.png,extended_xl,XL-Synthetic_1_P.png,XL-Synthetic,P,png,P05.rtf,RTF,small,1,RTF,RTF,1,ok,0.764166
XL-Synthetic_1_P__rtf_small__lsb2.png,extended_xl,XL-Synthetic_1_P.png,XL-Synthetic,P,png,P05.rtf,RTF,small,2,RTF,RTF,1,ok,0.629137
XL-Synthetic_1_P__rtf_small__lsb3.png,extended_xl,XL-Synthetic_1_P.png,XL-Synthetic,P,png,P05.rtf,RTF,small,3,RTF,RTF,1,ok,0.689173
XL-Synthetic_1_P__xlsx_large__lsb3.png,extended_xl,XL-Synthetic_1_P.png,XL-Synthetic,P,png,P03.xlsx,XLSX,large,3,XLSX,XLSX,1,ok,0.736966
XL-Synthetic_1_P__xlsx_medium__lsb2.png,extended_xl,XL-Synthetic_1_P.png,XL-Synthetic,P,png,P03.xlsx,XLSX,medium,2,XLSX,XLSX,1,ok,0.843830
XL-Synthetic_1_P__xlsx_medium__lsb3.png,extended_xl,XL-Synthetic_1_P.png,XL-Synthetic,P,png,P03.xlsx,XLSX,medium,3,XLSX,XLSX,1,ok,0.858738
XL-Synthetic_1_P__xlsx_small__lsb1.png,extended_xl,XL-Synthetic_1_P.png,XL-Synthetic,P,png,P03.xlsx,XLSX,small,1,XLSX,XLSX,1,ok,0.902910
XL-Synthetic_1_P__xlsx_small__lsb2.png,extended_xl,XL-Synthetic_1_P.png,XL-Synthetic,P,png,P03.xlsx,XLSX,small,2,XLSX,XLSX,1,ok,0.859219
XL-Synthetic_1_P__xlsx_small__lsb3.png,extended_xl,XL-Synthetic_1_P.png,XL-Synthetic,P,png,P03.xlsx,XLSX,small,3,XLSX,XLSX,1,ok,0.786470
XL-Synthetic_2_B__docx_large__lsb1.bmp,extended_xl,XL-Synthetic_2_B.bmp,XL-Synthetic,B,bmp,P01.docx,DOCX,large,1,DOCX,DOCX,1,ok,4.219758
XL-Synthetic_2_B__docx_large__lsb2.bmp,extended_xl,XL-Synthetic_2_B.bmp,XL-Synthetic,B,bmp,P01.docx,DOCX,large,2,DOCX,DOCX,1,ok,4.077749
XL-Synthetic_2_B__docx_large__lsb3.bmp,extended_xl,XL-Synthetic_2_B.bmp,XL-Synthetic,B,bmp,P01.docx,DOCX,large,3,DOCX,DOCX,1,ok,4.742901
XL-Synthetic_2_B__docx_medium__lsb1.bmp,extended_xl,XL-Synthetic_2_B.bmp,XL-Synthetic,B,bmp,P01.docx,DOCX,medium,1,DOCX,DOCX,1,ok,4.634512
XL-Synthetic_2_B__docx_medium__lsb2.bmp,extended_xl,XL-Synthetic_2_B.bmp,XL-Synthetic,B,bmp,P01.docx,DOCX,medium,2,DOCX,DOCX,1,ok,4.998603
XL-Synthetic_2_B__docx_medium__lsb3.bmp,extended_xl,XL-Synthetic_2_B.bmp,XL-Synthetic,B,bmp,P01.docx,DOCX,medium,3,DOCX,DOCX,1,ok,4.157222
XL-Synthetic_2_B__docx_small__lsb1.bmp,extended_xl,XL-Synthetic_2_B.bmp,XL-Synthetic,B,bmp,P01.docx,DOCX,small,1,DOCX,DOCX,1,ok,3.666451
XL-Synthetic_2_B__docx_small__lsb2.bmp,extended_xl,XL-Synthetic_2_B.bmp,XL-Synthetic,B,bmp,P01.docx,DOCX,small,2,DOCX,DOCX,1,ok,4.212045
XL-Synthetic_2_B__docx_small__lsb3.bmp,extended_xl,XL-Synthetic_2_B.bmp,XL-Synthetic,B,bmp,P01.docx,DOCX,small,3,DOCX,DOCX,1,ok,3.555429
XL-Synthetic_2_B__exe_large__lsb1.bmp,extended_xl,XL-Synthetic_2_B.bmp,XL-Synthetic,B,bmp,P06.exe,EXE,large,1,EXE,EXE,1,ok,3.782164
XL-Synthetic_2_B__exe_large__lsb2.bmp,extended_xl,XL-Synthetic_2_B.bmp,XL-Synthetic,B,bmp,P06.exe,EXE,large,2,EXE,EXE,1,ok,3.640517
XL-Synthetic_2_B__exe_large__lsb3.bmp,extended_xl,XL-Synthetic_2_B.bmp,XL-Synthetic,B,bmp,P06.exe,EXE,large,3,EXE,EXE,1,ok,3.910074
XL-Synthetic_2_B__exe_medium__lsb1.bmp,extended_xl,XL-Synthetic_2_B.bmp,XL-Synthetic,B,bmp,P06.exe,EXE,medium,1,EXE,EXE,1,ok,3.897452
XL-Synthetic_2_B__exe_medium__lsb2.bmp,extended_xl,XL-Synthetic_2_B.bmp,XL-Synthetic,B,bmp,P06.exe,EXE,medium,2,EXE,EXE,1,ok,3.801422
XL-Synthetic_2_B__exe_medium__lsb3.bmp,extended_xl,XL-Synthetic_2_B.bmp,XL-Synthetic,B,bmp,P06.exe,EXE,medium,3,EXE,EXE,1,ok,3.944639
XL-Synthetic_2_B__exe_small__lsb1.bmp,extended_xl,XL-Synthetic_2_B.bmp,XL-Synthetic,B,bmp,P06.exe,EXE,small,1,EXE,EXE,1,ok,4.012412
XL-Synthetic_2_B__exe_small__lsb2.bmp,extended_xl,XL-Synthetic_2_B.bmp,XL-Synthetic,B,bmp,P06.exe,EXE,small,2,EXE,EXE,1,ok,4.248885
XL-Synthetic_2_B__exe_small__lsb3.bmp,extended_xl,XL-Synthetic_2_B.bmp,XL-Synthetic,B,bmp,P06.exe,EXE,small,3,EXE,EXE,1,ok,4.705708
XL-Synthetic_2_B__pdf_large__lsb1.bmp,extended_xl,XL-Synthetic_2_B.bmp,XL-Synthetic,B,bmp,P02.pdf,PDF,large,1,PDF,PDF,1,ok,3.889244
XL-Synthetic_2_B__pdf_large__lsb2.bmp,extended_xl,XL-Synthetic_2_B.bmp,XL-Synthetic,B,bmp,P02.pdf,PDF,large,2,PDF,PDF,1,ok,4.888336
XL-Synthetic_2_B__pdf_large__lsb3.bmp,extended_xl,XL-Synthetic_2_B.bmp,XL-Synthetic,B,bmp,P02.pdf,PDF,large,3,PDF,PDF,1,ok,4.011269
XL-Synthetic_2_B__pdf_medium__lsb1.bmp,extended_xl,XL-Synthetic_2_B.bmp,XL-Synthetic,B,bmp,P02.pdf,PDF,medium,1,PDF,PDF,1,ok,4.232288
XL-Synthetic_2_B__pdf_medium__lsb2.bmp,extended_xl,XL-Synthetic_2_B.bmp,XL-Synthetic,B,bmp,P02.pdf,PDF,medium,2,PDF,PDF,1,ok,5.612554
XL-Synthetic_2_B__pdf_medium__lsb3.bmp,extended_xl,XL-Synthetic_2_B.bmp,XL-Synthetic,B,bmp,P02.pdf,PDF,medium,3,PDF,PDF,1,ok,5.648430
XL-Synthetic_2_B__pdf_small__lsb1.bmp,extended_xl,XL-Synthetic_2_B.bmp,XL-Synthetic,B,bmp,P02.pdf,PDF,small,1,PDF,PDF,1,ok,5.209350
XL-Synthetic_2_B__pdf_small__lsb2.bmp,extended_xl,XL-Synthetic_2_B.bmp,XL-Synthetic,B,bmp,P02.pdf,PDF,small,2,PDF,PDF,1,ok,5.108174
XL-Synthetic_2_B__pdf_small__lsb3.bmp,extended_xl,XL-Synthetic_2_B.bmp,XL-Synthetic,B,bmp,P02.pdf,PDF,small,3,PDF,PDF,1,ok,4.879652
XL-Synthetic_2_B__pptx_large__lsb1.bmp,extended_xl,XL-Synthetic_2_B.bmp,XL-Synthetic,B,bmp,P04.pptx,PPTX,large,1,PPTX,PPTX,1,ok,6.555032
XL-Synthetic_2_B__pptx_large__lsb2.bmp,extended_xl,XL-Synthetic_2_B.bmp,XL-Synthetic,B,bmp,P04.pptx,PPTX,large,2,PPTX,PPTX,1,ok,4.834923
XL-Synthetic_2_B__pptx_large__lsb3.bmp,extended_xl,XL-Synthetic_2_B.bmp,XL-Synthetic,B,bmp,P04.pptx,PPTX,large,3,PPTX,PPTX,1,ok,4.533797
XL-Synthetic_2_B__pptx_medium__lsb1.bmp,extended_xl,XL-Synthetic_2_B.bmp,XL-Synthetic,B,bmp,P04.pptx,PPTX,medium,1,PPTX,PPTX,1,ok,4.937563
XL-Synthetic_2_B__pptx_medium__lsb2.bmp,extended_xl,XL-Synthetic_2_B.bmp,XL-Synthetic,B,bmp,P04.pptx,PPTX,medium,2,PPTX,PPTX,1,ok,5.272724
XL-Synthetic_2_B__pptx_medium__lsb3.bmp,extended_xl,XL-Synthetic_2_B.bmp,XL-Synthetic,B,bmp,P04.pptx,PPTX,medium,3,PPTX,PPTX,1,ok,3.458495
XL-Synthetic_2_B__pptx_small__lsb1.bmp,extended_xl,XL-Synthetic_2_B.bmp,XL-Synthetic,B,bmp,P04.pptx,PPTX,small,1,PPTX,PPTX,1,ok,3.670587
XL-Synthetic_2_B__pptx_small__lsb2.bmp,extended_xl,XL-Synthetic_2_B.bmp,XL-Synthetic,B,bmp,P04.pptx,PPTX,small,2,PPTX,PPTX,1,ok,3.852597
XL-Synthetic_2_B__pptx_small__lsb3.bmp,extended_xl,XL-Synthetic_2_B.bmp,XL-Synthetic,B,bmp,P04.pptx,PPTX,small,3,PPTX,PPTX,1,ok,3.797140
XL-Synthetic_2_B__rtf_large__lsb1.bmp,extended_xl,XL-Synthetic_2_B.bmp,XL-Synthetic,B,bmp,P05.rtf,RTF,large,1,RTF,RTF,1,ok,3.868367
XL-Synthetic_2_B__rtf_large__lsb2.bmp,extended_xl,XL-Synthetic_2_B.bmp,XL-Synthetic,B,bmp,P05.rtf,RTF,large,2,RTF,RTF,1,ok,4.242902
XL-Synthetic_2_B__rtf_large__lsb3.bmp,extended_xl,XL-Synthetic_2_B.bmp,XL-Synthetic,B,bmp,P05.rtf,RTF,large,3,RTF,RTF,1,ok,5.648954
XL-Synthetic_2_B__rtf_medium__lsb1.bmp,extended_xl,XL-Synthetic_2_B.bmp,XL-Synthetic,B,bmp,P05.rtf,RTF,medium,1,RTF,RTF,1,ok,4.542391
XL-Synthetic_2_B__rtf_medium__lsb2.bmp,extended_xl,XL-Synthetic_2_B.bmp,XL-Synthetic,B,bmp,P05.rtf,RTF,medium,2,RTF,RTF,1,ok,4.503886
XL-Synthetic_2_B__rtf_medium__lsb3.bmp,extended_xl,XL-Synthetic_2_B.bmp,XL-Synthetic,B,bmp,P05.rtf,RTF,medium,3,RTF,RTF,1,ok,3.944392
XL-Synthetic_2_B__rtf_small__lsb1.bmp,extended_xl,XL-Synthetic_2_B.bmp,XL-Synthetic,B,bmp,P05.rtf,RTF,small,1,RTF,RTF,1,ok,3.660742
XL-Synthetic_2_B__rtf_small__lsb2.bmp,extended_xl,XL-Synthetic_2_B.bmp,XL-Synthetic,B,bmp,P05.rtf,RTF,small,2,RTF,RTF,1,ok,3.862093
XL-Synthetic_2_B__rtf_small__lsb3.bmp,extended_xl,XL-Synthetic_2_B.bmp,XL-Synthetic,B,bmp,P05.rtf,RTF,small,3,RTF,RTF,1,ok,3.736947
XL-Synthetic_2_B__xlsx_large__lsb1.bmp,extended_xl,XL-Synthetic_2_B.bmp,XL-Synthetic,B,bmp,P03.xlsx,XLSX,large,1,XLSX,XLSX,1,ok,4.502877
XL-Synthetic_2_B__xlsx_large__lsb2.bmp,extended_xl,XL-Synthetic_2_B.bmp,XL-Synthetic,B,bmp,P03.xlsx,XLSX,large,2,XLSX,XLSX,1,ok,3.952528
XL-Synthetic_2_B__xlsx_large__lsb3.bmp,extended_xl,XL-Synthetic_2_B.bmp,XL-Synthetic,B,bmp,P03.xlsx,XLSX,large,3,XLSX,XLSX,1,ok,3.833896
XL-Synthetic_2_B__xlsx_medium__lsb1.bmp,extended_xl,XL-Synthetic_2_B.bmp,XL-Synthetic,B,bmp,P03.xlsx,XLSX,medium,1,XLSX,XLSX,1,ok,4.145445
XL-Synthetic_2_B__xlsx_medium__lsb2.bmp,extended_xl,XL-Synthetic_2_B.bmp,XL-Synthetic,B,bmp,P03.xlsx,XLSX,medium,2,XLSX,XLSX,1,ok,3.937432
XL-Synthetic_2_B__xlsx_medium__lsb3.bmp,extended_xl,XL-Synthetic_2_B.bmp,XL-Synthetic,B,bmp,P03.xlsx,XLSX,medium,3,XLSX,XLSX,1,ok,3.692585
XL-Synthetic_2_B__xlsx_small__lsb1.bmp,extended_xl,XL-Synthetic_2_B.bmp,XL-Synthetic,B,bmp,P03.xlsx,XLSX,small,1,XLSX,XLSX,1,ok,3.780432
XL-Synthetic_2_B__xlsx_small__lsb2.bmp,extended_xl,XL-Synthetic_2_B.bmp,XL-Synthetic,B,bmp,P03.xlsx,XLSX,small,2,XLSX,XLSX,1,ok,3.826076
XL-Synthetic_2_B__xlsx_small__lsb3.bmp,extended_xl,XL-Synthetic_2_B.bmp,XL-Synthetic,B,bmp,P03.xlsx,XLSX,small,3,XLSX,XLSX,1,ok,4.339658
XL-Synthetic_2_P__docx_large__lsb3.png,extended_xl,XL-Synthetic_2_P.png,XL-Synthetic,P,png,P01.docx,DOCX,large,3,DOCX,DOCX,1,ok,0.635408
XL-Synthetic_2_P__docx_medium__lsb2.png,extended_xl,XL-Synthetic_2_P.png,XL-Synthetic,P,png,P01.docx,DOCX,medium,2,DOCX,DOCX,1,ok,0.600246
XL-Synthetic_2_P__docx_medium__lsb3.png,extended_xl,XL-Synthetic_2_P.png,XL-Synthetic,P,png,P01.docx,DOCX,medium,3,DOCX,DOCX,1,ok,0.846106
XL-Synthetic_2_P__docx_small__lsb1.png,extended_xl,XL-Synthetic_2_P.png,XL-Synthetic,P,png,P01.docx,DOCX,small,1,DOCX,DOCX,1,ok,0.969120
XL-Synthetic_2_P__docx_small__lsb2.png,extended_xl,XL-Synthetic_2_P.png,XL-Synthetic,P,png,P01.docx,DOCX,small,2,DOCX,DOCX,1,ok,0.791957
XL-Synthetic_2_P__docx_small__lsb3.png,extended_xl,XL-Synthetic_2_P.png,XL-Synthetic,P,png,P01.docx,DOCX,small,3,DOCX,DOCX,1,ok,0.823331
XL-Synthetic_2_P__exe_large__lsb3.png,extended_xl,XL-Synthetic_2_P.png,XL-Synthetic,P,png,P06.exe,EXE,large,3,EXE,EXE,1,ok,0.808041
XL-Synthetic_2_P__exe_medium__lsb2.png,extended_xl,XL-Synthetic_2_P.png,XL-Synthetic,P,png,P06.exe,EXE,medium,2,EXE,EXE,1,ok,0.785834
XL-Synthetic_2_P__exe_medium__lsb3.png,extended_xl,XL-Synthetic_2_P.png,XL-Synthetic,P,png,P06.exe,EXE,medium,3,EXE,EXE,1,ok,0.692524
XL-Synthetic_2_P__exe_small__lsb1.png,extended_xl,XL-Synthetic_2_P.png,XL-Synthetic,P,png,P06.exe,EXE,small,1,EXE,EXE,1,ok,0.734220
XL-Synthetic_2_P__exe_small__lsb2.png,extended_xl,XL-Synthetic_2_P.png,XL-Synthetic,P,png,P06.exe,EXE,small,2,EXE,EXE,1,ok,0.789262
XL-Synthetic_2_P__exe_small__lsb3.png,extended_xl,XL-Synthetic_2_P.png,XL-Synthetic,P,png,P06.exe,EXE,small,3,EXE,EXE,1,ok,0.772626
XL-Synthetic_2_P__pdf_large__lsb3.png,extended_xl,XL-Synthetic_2_P.png,XL-Synthetic,P,png,P02.pdf,PDF,large,3,PDF,PDF,1,ok,0.855266
XL-Synthetic_2_P__pdf_medium__lsb2.png,extended_xl,XL-Synthetic_2_P.png,XL-Synthetic,P,png,P02.pdf,PDF,medium,2,PDF,PDF,1,ok,0.699784
XL-Synthetic_2_P__pdf_medium__lsb3.png,extended_xl,XL-Synthetic_2_P.png,XL-Synthetic,P,png,P02.pdf,PDF,medium,3,PDF,PDF,1,ok,0.796472
XL-Synthetic_2_P__pdf_small__lsb1.png,extended_xl,XL-Synthetic_2_P.png,XL-Synthetic,P,png,P02.pdf,PDF,small,1,PDF,PDF,1,ok,0.792922
XL-Synthetic_2_P__pdf_small__lsb2.png,extended_xl,XL-Synthetic_2_P.png,XL-Synthetic,P,png,P02.pdf,PDF,small,2,PDF,PDF,1,ok,0.815089
XL-Synthetic_2_P__pdf_small__lsb3.png,extended_xl,XL-Synthetic_2_P.png,XL-Synthetic,P,png,P02.pdf,PDF,small,3,PDF,PDF,1,ok,0.886027
XL-Synthetic_2_P__pptx_large__lsb3.png,extended_xl,XL-Synthetic_2_P.png,XL-Synthetic,P,png,P04.pptx,PPTX,large,3,PPTX,PPTX,1,ok,0.946163
XL-Synthetic_2_P__pptx_medium__lsb2.png,extended_xl,XL-Synthetic_2_P.png,XL-Synthetic,P,png,P04.pptx,PPTX,medium,2,PPTX,PPTX,1,ok,0.792300
XL-Synthetic_2_P__pptx_medium__lsb3.png,extended_xl,XL-Synthetic_2_P.png,XL-Synthetic,P,png,P04.pptx,PPTX,medium,3,PPTX,PPTX,1,ok,0.847649
XL-Synthetic_2_P__pptx_small__lsb1.png,extended_xl,XL-Synthetic_2_P.png,XL-Synthetic,P,png,P04.pptx,PPTX,small,1,PPTX,PPTX,1,ok,1.167033
XL-Synthetic_2_P__pptx_small__lsb2.png,extended_xl,XL-Synthetic_2_P.png,XL-Synthetic,P,png,P04.pptx,PPTX,small,2,PPTX,PPTX,1,ok,0.881978
XL-Synthetic_2_P__pptx_small__lsb3.png,extended_xl,XL-Synthetic_2_P.png,XL-Synthetic,P,png,P04.pptx,PPTX,small,3,PPTX,PPTX,1,ok,0.727337
XL-Synthetic_2_P__rtf_large__lsb3.png,extended_xl,XL-Synthetic_2_P.png,XL-Synthetic,P,png,P05.rtf,RTF,large,3,RTF,RTF,1,ok,0.717123
XL-Synthetic_2_P__rtf_medium__lsb2.png,extended_xl,XL-Synthetic_2_P.png,XL-Synthetic,P,png,P05.rtf,RTF,medium,2,RTF,RTF,1,ok,0.644039
XL-Synthetic_2_P__rtf_medium__lsb3.png,extended_xl,XL-Synthetic_2_P.png,XL-Synthetic,P,png,P05.rtf,RTF,medium,3,RTF,RTF,1,ok,0.721867
XL-Synthetic_2_P__rtf_small__lsb1.png,extended_xl,XL-Synthetic_2_P.png,XL-Synthetic,P,png,P05.rtf,RTF,small,1,RTF,RTF,1,ok,0.694884
XL-Synthetic_2_P__rtf_small__lsb2.png,extended_xl,XL-Synthetic_2_P.png,XL-Synthetic,P,png,P05.rtf,RTF,small,2,RTF,RTF,1,ok,0.613616
XL-Synthetic_2_P__rtf_small__lsb3.png,extended_xl,XL-Synthetic_2_P.png,XL-Synthetic,P,png,P05.rtf,RTF,small,3,RTF,RTF,1,ok,0.655777
XL-Synthetic_2_P__xlsx_large__lsb3.png,extended_xl,XL-Synthetic_2_P.png,XL-Synthetic,P,png,P03.xlsx,XLSX,large,3,XLSX,XLSX,1,ok,0.708609
XL-Synthetic_2_P__xlsx_medium__lsb2.png,extended_xl,XL-Synthetic_2_P.png,XL-Synthetic,P,png,P03.xlsx,XLSX,medium,2,XLSX,XLSX,1,ok,0.691734
XL-Synthetic_2_P__xlsx_medium__lsb3.png,extended_xl,XL-Synthetic_2_P.png,XL-Synthetic,P,png,P03.xlsx,XLSX,medium,3,XLSX,XLSX,1,ok,0.700235
XL-Synthetic_2_P__xlsx_small__lsb1.png,extended_xl,XL-Synthetic_2_P.png,XL-Synthetic,P,png,P03.xlsx,XLSX,small,1,XLSX,XLSX,1,ok,0.640331
XL-Synthetic_2_P__xlsx_small__lsb2.png,extended_xl,XL-Synthetic_2_P.png,XL-Synthetic,P,png,P03.xlsx,XLSX,small,2,XLSX,XLSX,1,ok,0.866139
XL-Synthetic_2_P__xlsx_small__lsb3.png,extended_xl,XL-Synthetic_2_P.png,XL-Synthetic,P,png,P03.xlsx,XLSX,small,3,XLSX,XLSX,1,ok,0.928230
XL-Synthetic_3_B__docx_large__lsb1.bmp,extended_xl,XL-Synthetic_3_B.bmp,XL-Synthetic,B,bmp,P01.docx,DOCX,large,1,DOCX,DOCX,1,ok,4.585011
XL-Synthetic_3_B__docx_large__lsb2.bmp,extended_xl,XL-Synthetic_3_B.bmp,XL-Synthetic,B,bmp,P01.docx,DOCX,large,2,DOCX,DOCX,1,ok,3.995801
XL-Synthetic_3_B__docx_large__lsb3.bmp,extended_xl,XL-Synthetic_3_B.bmp,XL-Synthetic,B,bmp,P01.docx,DOCX,large,3,DOCX,DOCX,1,ok,4.467912
XL-Synthetic_3_B__docx_medium__lsb1.bmp,extended_xl,XL-Synthetic_3_B.bmp,XL-Synthetic,B,bmp,P01.docx,DOCX,medium,1,DOCX,DOCX,1,ok,4.227223
XL-Synthetic_3_B__docx_medium__lsb2.bmp,extended_xl,XL-Synthetic_3_B.bmp,XL-Synthetic,B,bmp,P01.docx,DOCX,medium,2,DOCX,DOCX,1,ok,4.203843
XL-Synthetic_3_B__docx_medium__lsb3.bmp,extended_xl,XL-Synthetic_3_B.bmp,XL-Synthetic,B,bmp,P01.docx,DOCX,medium,3,DOCX,DOCX,1,ok,4.172399
XL-Synthetic_3_B__docx_small__lsb1.bmp,extended_xl,XL-Synthetic_3_B.bmp,XL-Synthetic,B,bmp,P01.docx,DOCX,small,1,DOCX,DOCX,1,ok,4.196489
XL-Synthetic_3_B__docx_small__lsb2.bmp,extended_xl,XL-Synthetic_3_B.bmp,XL-Synthetic,B,bmp,P01.docx,DOCX,small,2,DOCX,DOCX,1,ok,3.679206
XL-Synthetic_3_B__docx_small__lsb3.bmp,extended_xl,XL-Synthetic_3_B.bmp,XL-Synthetic,B,bmp,P01.docx,DOCX,small,3,DOCX,DOCX,1,ok,3.901172
XL-Synthetic_3_B__exe_large__lsb1.bmp,extended_xl,XL-Synthetic_3_B.bmp,XL-Synthetic,B,bmp,P06.exe,EXE,large,1,EXE,EXE,1,ok,3.742787
XL-Synthetic_3_B__exe_large__lsb2.bmp,extended_xl,XL-Synthetic_3_B.bmp,XL-Synthetic,B,bmp,P06.exe,EXE,large,2,EXE,EXE,1,ok,4.053918
XL-Synthetic_3_B__exe_large__lsb3.bmp,extended_xl,XL-Synthetic_3_B.bmp,XL-Synthetic,B,bmp,P06.exe,EXE,large,3,EXE,EXE,1,ok,3.922085
XL-Synthetic_3_B__exe_medium__lsb1.bmp,extended_xl,XL-Synthetic_3_B.bmp,XL-Synthetic,B,bmp,P06.exe,EXE,medium,1,EXE,EXE,1,ok,4.149553
XL-Synthetic_3_B__exe_medium__lsb2.bmp,extended_xl,XL-Synthetic_3_B.bmp,XL-Synthetic,B,bmp,P06.exe,EXE,medium,2,EXE,EXE,1,ok,3.603357
XL-Synthetic_3_B__exe_medium__lsb3.bmp,extended_xl,XL-Synthetic_3_B.bmp,XL-Synthetic,B,bmp,P06.exe,EXE,medium,3,EXE,EXE,1,ok,5.036058
XL-Synthetic_3_B__exe_small__lsb1.bmp,extended_xl,XL-Synthetic_3_B.bmp,XL-Synthetic,B,bmp,P06.exe,EXE,small,1,EXE,EXE,1,ok,3.734919
XL-Synthetic_3_B__exe_small__lsb2.bmp,extended_xl,XL-Synthetic_3_B.bmp,XL-Synthetic,B,bmp,P06.exe,EXE,small,2,EXE,EXE,1,ok,3.749950
XL-Synthetic_3_B__exe_small__lsb3.bmp,extended_xl,XL-Synthetic_3_B.bmp,XL-Synthetic,B,bmp,P06.exe,EXE,small,3,EXE,EXE,1,ok,4.274983
XL-Synthetic_3_B__pdf_large__lsb1.bmp,extended_xl,XL-Synthetic_3_B.bmp,XL-Synthetic,B,bmp,P02.pdf,PDF,large,1,PDF,PDF,1,ok,3.750828
XL-Synthetic_3_B__pdf_large__lsb2.bmp,extended_xl,XL-Synthetic_3_B.bmp,XL-Synthetic,B,bmp,P02.pdf,PDF,large,2,PDF,PDF,1,ok,4.181531
XL-Synthetic_3_B__pdf_large__lsb3.bmp,extended_xl,XL-Synthetic_3_B.bmp,XL-Synthetic,B,bmp,P02.pdf,PDF,large,3,PDF,PDF,1,ok,3.807623
XL-Synthetic_3_B__pdf_medium__lsb1.bmp,extended_xl,XL-Synthetic_3_B.bmp,XL-Synthetic,B,bmp,P02.pdf,PDF,medium,1,PDF,PDF,1,ok,5.154164
XL-Synthetic_3_B__pdf_medium__lsb2.bmp,extended_xl,XL-Synthetic_3_B.bmp,XL-Synthetic,B,bmp,P02.pdf,PDF,medium,2,PDF,PDF,1,ok,4.074028
XL-Synthetic_3_B__pdf_medium__lsb3.bmp,extended_xl,XL-Synthetic_3_B.bmp,XL-Synthetic,B,bmp,P02.pdf,PDF,medium,3,PDF,PDF,1,ok,3.718613
XL-Synthetic_3_B__pdf_small__lsb1.bmp,extended_xl,XL-Synthetic_3_B.bmp,XL-Synthetic,B,bmp,P02.pdf,PDF,small,1,PDF,PDF,1,ok,4.093133
XL-Synthetic_3_B__pdf_small__lsb2.bmp,extended_xl,XL-Synthetic_3_B.bmp,XL-Synthetic,B,bmp,P02.pdf,PDF,small,2,PDF,PDF,1,ok,3.920402
XL-Synthetic_3_B__pdf_small__lsb3.bmp,extended_xl,XL-Synthetic_3_B.bmp,XL-Synthetic,B,bmp,P02.pdf,PDF,small,3,PDF,PDF,1,ok,6.395469
XL-Synthetic_3_B__pptx_large__lsb1.bmp,extended_xl,XL-Synthetic_3_B.bmp,XL-Synthetic,B,bmp,P04.pptx,PPTX,large,1,PPTX,PPTX,1,ok,4.593962
XL-Synthetic_3_B__pptx_large__lsb2.bmp,extended_xl,XL-Synthetic_3_B.bmp,XL-Synthetic,B,bmp,P04.pptx,PPTX,large,2,PPTX,PPTX,1,ok,6.175024
XL-Synthetic_3_B__pptx_large__lsb3.bmp,extended_xl,XL-Synthetic_3_B.bmp,XL-Synthetic,B,bmp,P04.pptx,PPTX,large,3,PPTX,PPTX,1,ok,4.804460
XL-Synthetic_3_B__pptx_medium__lsb1.bmp,extended_xl,XL-Synthetic_3_B.bmp,XL-Synthetic,B,bmp,P04.pptx,PPTX,medium,1,PPTX,PPTX,1,ok,4.512966
XL-Synthetic_3_B__pptx_medium__lsb2.bmp,extended_xl,XL-Synthetic_3_B.bmp,XL-Synthetic,B,bmp,P04.pptx,PPTX,medium,2,PPTX,PPTX,1,ok,4.291872
XL-Synthetic_3_B__pptx_medium__lsb3.bmp,extended_xl,XL-Synthetic_3_B.bmp,XL-Synthetic,B,bmp,P04.pptx,PPTX,medium,3,PPTX,PPTX,1,ok,4.476567
XL-Synthetic_3_B__pptx_small__lsb1.bmp,extended_xl,XL-Synthetic_3_B.bmp,XL-Synthetic,B,bmp,P04.pptx,PPTX,small,1,PPTX,PPTX,1,ok,4.264164
XL-Synthetic_3_B__pptx_small__lsb2.bmp,extended_xl,XL-Synthetic_3_B.bmp,XL-Synthetic,B,bmp,P04.pptx,PPTX,small,2,PPTX,PPTX,1,ok,4.069310
XL-Synthetic_3_B__pptx_small__lsb3.bmp,extended_xl,XL-Synthetic_3_B.bmp,XL-Synthetic,B,bmp,P04.pptx,PPTX,small,3,PPTX,PPTX,1,ok,4.214304
XL-Synthetic_3_B__rtf_large__lsb1.bmp,extended_xl,XL-Synthetic_3_B.bmp,XL-Synthetic,B,bmp,P05.rtf,RTF,large,1,RTF,RTF,1,ok,4.155158
XL-Synthetic_3_B__rtf_large__lsb2.bmp,extended_xl,XL-Synthetic_3_B.bmp,XL-Synthetic,B,bmp,P05.rtf,RTF,large,2,RTF,RTF,1,ok,4.076884
XL-Synthetic_3_B__rtf_large__lsb3.bmp,extended_xl,XL-Synthetic_3_B.bmp,XL-Synthetic,B,bmp,P05.rtf,RTF,large,3,RTF,RTF,1,ok,4.091444
XL-Synthetic_3_B__rtf_medium__lsb1.bmp,extended_xl,XL-Synthetic_3_B.bmp,XL-Synthetic,B,bmp,P05.rtf,RTF,medium,1,RTF,RTF,1,ok,4.031220
XL-Synthetic_3_B__rtf_medium__lsb2.bmp,extended_xl,XL-Synthetic_3_B.bmp,XL-Synthetic,B,bmp,P05.rtf,RTF,medium,2,RTF,RTF,1,ok,3.670868
XL-Synthetic_3_B__rtf_medium__lsb3.bmp,extended_xl,XL-Synthetic_3_B.bmp,XL-Synthetic,B,bmp,P05.rtf,RTF,medium,3,RTF,RTF,1,ok,4.342606
XL-Synthetic_3_B__rtf_small__lsb1.bmp,extended_xl,XL-Synthetic_3_B.bmp,XL-Synthetic,B,bmp,P05.rtf,RTF,small,1,RTF,RTF,1,ok,4.871962
XL-Synthetic_3_B__rtf_small__lsb2.bmp,extended_xl,XL-Synthetic_3_B.bmp,XL-Synthetic,B,bmp,P05.rtf,RTF,small,2,RTF,RTF,1,ok,4.009558
XL-Synthetic_3_B__rtf_small__lsb3.bmp,extended_xl,XL-Synthetic_3_B.bmp,XL-Synthetic,B,bmp,P05.rtf,RTF,small,3,RTF,RTF,1,ok,5.362214
XL-Synthetic_3_B__xlsx_large__lsb1.bmp,extended_xl,XL-Synthetic_3_B.bmp,XL-Synthetic,B,bmp,P03.xlsx,XLSX,large,1,XLSX,XLSX,1,ok,3.914964
XL-Synthetic_3_B__xlsx_large__lsb2.bmp,extended_xl,XL-Synthetic_3_B.bmp,XL-Synthetic,B,bmp,P03.xlsx,XLSX,large,2,XLSX,XLSX,1,ok,4.300152
XL-Synthetic_3_B__xlsx_large__lsb3.bmp,extended_xl,XL-Synthetic_3_B.bmp,XL-Synthetic,B,bmp,P03.xlsx,XLSX,large,3,XLSX,XLSX,1,ok,4.339103
XL-Synthetic_3_B__xlsx_medium__lsb1.bmp,extended_xl,XL-Synthetic_3_B.bmp,XL-Synthetic,B,bmp,P03.xlsx,XLSX,medium,1,XLSX,XLSX,1,ok,4.615904
XL-Synthetic_3_B__xlsx_medium__lsb2.bmp,extended_xl,XL-Synthetic_3_B.bmp,XL-Synthetic,B,bmp,P03.xlsx,XLSX,medium,2,XLSX,XLSX,1,ok,3.912025
XL-Synthetic_3_B__xlsx_medium__lsb3.bmp,extended_xl,XL-Synthetic_3_B.bmp,XL-Synthetic,B,bmp,P03.xlsx,XLSX,medium,3,XLSX,XLSX,1,ok,3.923484
XL-Synthetic_3_B__xlsx_small__lsb1.bmp,extended_xl,XL-Synthetic_3_B.bmp,XL-Synthetic,B,bmp,P03.xlsx,XLSX,small,1,XLSX,XLSX,1,ok,4.298184
XL-Synthetic_3_B__xlsx_small__lsb2.bmp,extended_xl,XL-Synthetic_3_B.bmp,XL-Synthetic,B,bmp,P03.xlsx,XLSX,small,2,XLSX,XLSX,1,ok,4.826498
XL-Synthetic_3_B__xlsx_small__lsb3.bmp,extended_xl,XL-Synthetic_3_B.bmp,XL-Synthetic,B,bmp,P03.xlsx,XLSX,small,3,XLSX,XLSX,1,ok,5.192607
XL-Synthetic_3_P__docx_large__lsb3.png,extended_xl,XL-Synthetic_3_P.png,XL-Synthetic,P,png,P01.docx,DOCX,large,3,DOCX,DOCX,1,ok,0.907552
XL-Synthetic_3_P__docx_medium__lsb2.png,extended_xl,XL-Synthetic_3_P.png,XL-Synthetic,P,png,P01.docx,DOCX,medium,2,DOCX,DOCX,1,ok,0.769056
XL-Synthetic_3_P__docx_medium__lsb3.png,extended_xl,XL-Synthetic_3_P.png,XL-Synthetic,P,png,P01.docx,DOCX,medium,3,DOCX,DOCX,1,ok,0.647365
XL-Synthetic_3_P__docx_small__lsb1.png,extended_xl,XL-Synthetic_3_P.png,XL-Synthetic,P,png,P01.docx,DOCX,small,1,DOCX,DOCX,1,ok,1.211990
XL-Synthetic_3_P__docx_small__lsb2.png,extended_xl,XL-Synthetic_3_P.png,XL-Synthetic,P,png,P01.docx,DOCX,small,2,DOCX,DOCX,1,ok,0.639253
XL-Synthetic_3_P__docx_small__lsb3.png,extended_xl,XL-Synthetic_3_P.png,XL-Synthetic,P,png,P01.docx,DOCX,small,3,DOCX,DOCX,1,ok,0.650637
XL-Synthetic_3_P__exe_large__lsb3.png,extended_xl,XL-Synthetic_3_P.png,XL-Synthetic,P,png,P06.exe,EXE,large,3,EXE,EXE,1,ok,0.728365
XL-Synthetic_3_P__exe_medium__lsb2.png,extended_xl,XL-Synthetic_3_P.png,XL-Synthetic,P,png,P06.exe,EXE,medium,2,EXE,EXE,1,ok,0.656850
XL-Synthetic_3_P__exe_medium__lsb3.png,extended_xl,XL-Synthetic_3_P.png,XL-Synthetic,P,png,P06.exe,EXE,medium,3,EXE,EXE,1,ok,0.828619
XL-Synthetic_3_P__exe_small__lsb1.png,extended_xl,XL-Synthetic_3_P.png,XL-Synthetic,P,png,P06.exe,EXE,small,1,EXE,EXE,1,ok,0.998481
XL-Synthetic_3_P__exe_small__lsb2.png,extended_xl,XL-Synthetic_3_P.png,XL-Synthetic,P,png,P06.exe,EXE,small,2,EXE,EXE,1,ok,0.816316
XL-Synthetic_3_P__exe_small__lsb3.png,extended_xl,XL-Synthetic_3_P.png,XL-Synthetic,P,png,P06.exe,EXE,small,3,EXE,EXE,1,ok,0.794495
XL-Synthetic_3_P__pdf_large__lsb3.png,extended_xl,XL-Synthetic_3_P.png,XL-Synthetic,P,png,P02.pdf,PDF,large,3,PDF,PDF,1,ok,0.751640
XL-Synthetic_3_P__pdf_medium__lsb2.png,extended_xl,XL-Synthetic_3_P.png,XL-Synthetic,P,png,P02.pdf,PDF,medium,2,PDF,PDF,1,ok,0.654624
XL-Synthetic_3_P__pdf_medium__lsb3.png,extended_xl,XL-Synthetic_3_P.png,XL-Synthetic,P,png,P02.pdf,PDF,medium,3,PDF,PDF,1,ok,0.692079
XL-Synthetic_3_P__pdf_small__lsb1.png,extended_xl,XL-Synthetic_3_P.png,XL-Synthetic,P,png,P02.pdf,PDF,small,1,PDF,PDF,1,ok,0.753423
XL-Synthetic_3_P__pdf_small__lsb2.png,extended_xl,XL-Synthetic_3_P.png,XL-Synthetic,P,png,P02.pdf,PDF,small,2,PDF,PDF,1,ok,0.810891
XL-Synthetic_3_P__pdf_small__lsb3.png,extended_xl,XL-Synthetic_3_P.png,XL-Synthetic,P,png,P02.pdf,PDF,small,3,PDF,PDF,1,ok,0.665774
XL-Synthetic_3_P__pptx_large__lsb3.png,extended_xl,XL-Synthetic_3_P.png,XL-Synthetic,P,png,P04.pptx,PPTX,large,3,PPTX,PPTX,1,ok,0.706362
XL-Synthetic_3_P__pptx_medium__lsb2.png,extended_xl,XL-Synthetic_3_P.png,XL-Synthetic,P,png,P04.pptx,PPTX,medium,2,PPTX,PPTX,1,ok,0.658879
XL-Synthetic_3_P__pptx_medium__lsb3.png,extended_xl,XL-Synthetic_3_P.png,XL-Synthetic,P,png,P04.pptx,PPTX,medium,3,PPTX,PPTX,1,ok,0.837104
XL-Synthetic_3_P__pptx_small__lsb1.png,extended_xl,XL-Synthetic_3_P.png,XL-Synthetic,P,png,P04.pptx,PPTX,small,1,PPTX,PPTX,1,ok,0.825378
XL-Synthetic_3_P__pptx_small__lsb2.png,extended_xl,XL-Synthetic_3_P.png,XL-Synthetic,P,png,P04.pptx,PPTX,small,2,PPTX,PPTX,1,ok,0.628989
XL-Synthetic_3_P__pptx_small__lsb3.png,extended_xl,XL-Synthetic_3_P.png,XL-Synthetic,P,png,P04.pptx,PPTX,small,3,PPTX,PPTX,1,ok,0.662941
XL-Synthetic_3_P__rtf_large__lsb3.png,extended_xl,XL-Synthetic_3_P.png,XL-Synthetic,P,png,P05.rtf,RTF,large,3,RTF,RTF,1,ok,0.715487
XL-Synthetic_3_P__rtf_medium__lsb2.png,extended_xl,XL-Synthetic_3_P.png,XL-Synthetic,P,png,P05.rtf,RTF,medium,2,RTF,RTF,1,ok,0.719413
XL-Synthetic_3_P__rtf_medium__lsb3.png,extended_xl,XL-Synthetic_3_P.png,XL-Synthetic,P,png,P05.rtf,RTF,medium,3,RTF,RTF,1,ok,0.741874
XL-Synthetic_3_P__rtf_small__lsb1.png,extended_xl,XL-Synthetic_3_P.png,XL-Synthetic,P,png,P05.rtf,RTF,small,1,RTF,RTF,1,ok,0.686247
XL-Synthetic_3_P__rtf_small__lsb2.png,extended_xl,XL-Synthetic_3_P.png,XL-Synthetic,P,png,P05.rtf,RTF,small,2,RTF,RTF,1,ok,0.679703
XL-Synthetic_3_P__rtf_small__lsb3.png,extended_xl,XL-Synthetic_3_P.png,XL-Synthetic,P,png,P05.rtf,RTF,small,3,RTF,RTF,1,ok,0.686691
XL-Synthetic_3_P__xlsx_large__lsb3.png,extended_xl,XL-Synthetic_3_P.png,XL-Synthetic,P,png,P03.xlsx,XLSX,large,3,XLSX,XLSX,1,ok,0.706605
XL-Synthetic_3_P__xlsx_medium__lsb2.png,extended_xl,XL-Synthetic_3_P.png,XL-Synthetic,P,png,P03.xlsx,XLSX,medium,2,XLSX,XLSX,1,ok,0.745160
XL-Synthetic_3_P__xlsx_medium__lsb3.png,extended_xl,XL-Synthetic_3_P.png,XL-Synthetic,P,png,P03.xlsx,XLSX,medium,3,XLSX,XLSX,1,ok,0.704913
XL-Synthetic_3_P__xlsx_small__lsb1.png,extended_xl,XL-Synthetic_3_P.png,XL-Synthetic,P,png,P03.xlsx,XLSX,small,1,XLSX,XLSX,1,ok,0.660733
XL-Synthetic_3_P__xlsx_small__lsb2.png,extended_xl,XL-Synthetic_3_P.png,XL-Synthetic,P,png,P03.xlsx,XLSX,small,2,XLSX,XLSX,1,ok,0.792838
XL-Synthetic_3_P__xlsx_small__lsb3.png,extended_xl,XL-Synthetic_3_P.png,XL-Synthetic,P,png,P03.xlsx,XLSX,small,3,XLSX,XLSX,1,ok,0.733667
XL-Synthetic_4_B__docx_large__lsb1.bmp,extended_xl,XL-Synthetic_4_B.bmp,XL-Synthetic,B,bmp,P01.docx,DOCX,large,1,DOCX,DOCX,1,ok,4.466382
XL-Synthetic_4_B__docx_large__lsb2.bmp,extended_xl,XL-Synthetic_4_B.bmp,XL-Synthetic,B,bmp,P01.docx,DOCX,large,2,DOCX,DOCX,1,ok,4.610226
XL-Synthetic_4_B__docx_large__lsb3.bmp,extended_xl,XL-Synthetic_4_B.bmp,XL-Synthetic,B,bmp,P01.docx,DOCX,large,3,DOCX,DOCX,1,ok,4.473902
XL-Synthetic_4_B__docx_medium__lsb1.bmp,extended_xl,XL-Synthetic_4_B.bmp,XL-Synthetic,B,bmp,P01.docx,DOCX,medium,1,DOCX,DOCX,1,ok,4.464047
XL-Synthetic_4_B__docx_medium__lsb2.bmp,extended_xl,XL-Synthetic_4_B.bmp,XL-Synthetic,B,bmp,P01.docx,DOCX,medium,2,DOCX,DOCX,1,ok,4.767792
XL-Synthetic_4_B__docx_medium__lsb3.bmp,extended_xl,XL-Synthetic_4_B.bmp,XL-Synthetic,B,bmp,P01.docx,DOCX,medium,3,DOCX,DOCX,1,ok,4.223344
XL-Synthetic_4_B__docx_small__lsb1.bmp,extended_xl,XL-Synthetic_4_B.bmp,XL-Synthetic,B,bmp,P01.docx,DOCX,small,1,DOCX,DOCX,1,ok,4.465554
XL-Synthetic_4_B__docx_small__lsb2.bmp,extended_xl,XL-Synthetic_4_B.bmp,XL-Synthetic,B,bmp,P01.docx,DOCX,small,2,DOCX,DOCX,1,ok,4.657023
XL-Synthetic_4_B__docx_small__lsb3.bmp,extended_xl,XL-Synthetic_4_B.bmp,XL-Synthetic,B,bmp,P01.docx,DOCX,small,3,DOCX,DOCX,1,ok,6.560242
XL-Synthetic_4_B__exe_large__lsb1.bmp,extended_xl,XL-Synthetic_4_B.bmp,XL-Synthetic,B,bmp,P06.exe,EXE,large,1,EXE,EXE,1,ok,4.521228
XL-Synthetic_4_B__exe_large__lsb2.bmp,extended_xl,XL-Synthetic_4_B.bmp,XL-Synthetic,B,bmp,P06.exe,EXE,large,2,EXE,EXE,1,ok,5.040556
XL-Synthetic_4_B__exe_large__lsb3.bmp,extended_xl,XL-Synthetic_4_B.bmp,XL-Synthetic,B,bmp,P06.exe,EXE,large,3,EXE,EXE,1,ok,4.283591
XL-Synthetic_4_B__exe_medium__lsb1.bmp,extended_xl,XL-Synthetic_4_B.bmp,XL-Synthetic,B,bmp,P06.exe,EXE,medium,1,EXE,EXE,1,ok,4.571002
XL-Synthetic_4_B__exe_medium__lsb2.bmp,extended_xl,XL-Synthetic_4_B.bmp,XL-Synthetic,B,bmp,P06.exe,EXE,medium,2,EXE,EXE,1,ok,4.236110
XL-Synthetic_4_B__exe_medium__lsb3.bmp,extended_xl,XL-Synthetic_4_B.bmp,XL-Synthetic,B,bmp,P06.exe,EXE,medium,3,EXE,EXE,1,ok,4.251121
XL-Synthetic_4_B__exe_small__lsb1.bmp,extended_xl,XL-Synthetic_4_B.bmp,XL-Synthetic,B,bmp,P06.exe,EXE,small,1,EXE,EXE,1,ok,4.538940
XL-Synthetic_4_B__exe_small__lsb2.bmp,extended_xl,XL-Synthetic_4_B.bmp,XL-Synthetic,B,bmp,P06.exe,EXE,small,2,EXE,EXE,1,ok,5.165070
XL-Synthetic_4_B__exe_small__lsb3.bmp,extended_xl,XL-Synthetic_4_B.bmp,XL-Synthetic,B,bmp,P06.exe,EXE,small,3,EXE,EXE,1,ok,4.616606
XL-Synthetic_4_B__pdf_large__lsb1.bmp,extended_xl,XL-Synthetic_4_B.bmp,XL-Synthetic,B,bmp,P02.pdf,PDF,large,1,PDF,PDF,1,ok,5.050960
XL-Synthetic_4_B__pdf_large__lsb2.bmp,extended_xl,XL-Synthetic_4_B.bmp,XL-Synthetic,B,bmp,P02.pdf,PDF,large,2,PDF,PDF,1,ok,4.280703
XL-Synthetic_4_B__pdf_large__lsb3.bmp,extended_xl,XL-Synthetic_4_B.bmp,XL-Synthetic,B,bmp,P02.pdf,PDF,large,3,PDF,PDF,1,ok,4.646144
XL-Synthetic_4_B__pdf_medium__lsb1.bmp,extended_xl,XL-Synthetic_4_B.bmp,XL-Synthetic,B,bmp,P02.pdf,PDF,medium,1,PDF,PDF,1,ok,5.541760
XL-Synthetic_4_B__pdf_medium__lsb2.bmp,extended_xl,XL-Synthetic_4_B.bmp,XL-Synthetic,B,bmp,P02.pdf,PDF,medium,2,PDF,PDF,1,ok,4.556177
XL-Synthetic_4_B__pdf_medium__lsb3.bmp,extended_xl,XL-Synthetic_4_B.bmp,XL-Synthetic,B,bmp,P02.pdf,PDF,medium,3,PDF,PDF,1,ok,5.042711
XL-Synthetic_4_B__pdf_small__lsb1.bmp,extended_xl,XL-Synthetic_4_B.bmp,XL-Synthetic,B,bmp,P02.pdf,PDF,small,1,PDF,PDF,1,ok,5.464613
XL-Synthetic_4_B__pdf_small__lsb2.bmp,extended_xl,XL-Synthetic_4_B.bmp,XL-Synthetic,B,bmp,P02.pdf,PDF,small,2,PDF,PDF,1,ok,5.840601
XL-Synthetic_4_B__pdf_small__lsb3.bmp,extended_xl,XL-Synthetic_4_B.bmp,XL-Synthetic,B,bmp,P02.pdf,PDF,small,3,PDF,PDF,1,ok,4.490450
XL-Synthetic_4_B__pptx_large__lsb1.bmp,extended_xl,XL-Synthetic_4_B.bmp,XL-Synthetic,B,bmp,P04.pptx,PPTX,large,1,PPTX,PPTX,1,ok,5.439464
XL-Synthetic_4_B__pptx_large__lsb2.bmp,extended_xl,XL-Synthetic_4_B.bmp,XL-Synthetic,B,bmp,P04.pptx,PPTX,large,2,PPTX,PPTX,1,ok,4.917238
XL-Synthetic_4_B__pptx_large__lsb3.bmp,extended_xl,XL-Synthetic_4_B.bmp,XL-Synthetic,B,bmp,P04.pptx,PPTX,large,3,PPTX,PPTX,1,ok,4.898257
XL-Synthetic_4_B__pptx_medium__lsb1.bmp,extended_xl,XL-Synthetic_4_B.bmp,XL-Synthetic,B,bmp,P04.pptx,PPTX,medium,1,PPTX,PPTX,1,ok,5.236152
XL-Synthetic_4_B__pptx_medium__lsb2.bmp,extended_xl,XL-Synthetic_4_B.bmp,XL-Synthetic,B,bmp,P04.pptx,PPTX,medium,2,PPTX,PPTX,1,ok,5.279042
XL-Synthetic_4_B__pptx_medium__lsb3.bmp,extended_xl,XL-Synthetic_4_B.bmp,XL-Synthetic,B,bmp,P04.pptx,PPTX,medium,3,PPTX,PPTX,1,ok,3.923770
XL-Synthetic_4_B__pptx_small__lsb1.bmp,extended_xl,XL-Synthetic_4_B.bmp,XL-Synthetic,B,bmp,P04.pptx,PPTX,small,1,PPTX,PPTX,1,ok,5.232840
XL-Synthetic_4_B__pptx_small__lsb2.bmp,extended_xl,XL-Synthetic_4_B.bmp,XL-Synthetic,B,bmp,P04.pptx,PPTX,small,2,PPTX,PPTX,1,ok,4.399279
XL-Synthetic_4_B__pptx_small__lsb3.bmp,extended_xl,XL-Synthetic_4_B.bmp,XL-Synthetic,B,bmp,P04.pptx,PPTX,small,3,PPTX,PPTX,1,ok,4.634322
XL-Synthetic_4_B__rtf_large__lsb1.bmp,extended_xl,XL-Synthetic_4_B.bmp,XL-Synthetic,B,bmp,P05.rtf,RTF,large,1,RTF,RTF,1,ok,4.353111
XL-Synthetic_4_B__rtf_large__lsb2.bmp,extended_xl,XL-Synthetic_4_B.bmp,XL-Synthetic,B,bmp,P05.rtf,RTF,large,2,RTF,RTF,1,ok,4.871092
XL-Synthetic_4_B__rtf_large__lsb3.bmp,extended_xl,XL-Synthetic_4_B.bmp,XL-Synthetic,B,bmp,P05.rtf,RTF,large,3,RTF,RTF,1,ok,4.375649
XL-Synthetic_4_B__rtf_medium__lsb1.bmp,extended_xl,XL-Synthetic_4_B.bmp,XL-Synthetic,B,bmp,P05.rtf,RTF,medium,1,RTF,RTF,1,ok,4.662356
XL-Synthetic_4_B__rtf_medium__lsb2.bmp,extended_xl,XL-Synthetic_4_B.bmp,XL-Synthetic,B,bmp,P05.rtf,RTF,medium,2,RTF,RTF,1,ok,4.401133
XL-Synthetic_4_B__rtf_medium__lsb3.bmp,extended_xl,XL-Synthetic_4_B.bmp,XL-Synthetic,B,bmp,P05.rtf,RTF,medium,3,RTF,RTF,1,ok,4.166125
XL-Synthetic_4_B__rtf_small__lsb1.bmp,extended_xl,XL-Synthetic_4_B.bmp,XL-Synthetic,B,bmp,P05.rtf,RTF,small,1,RTF,RTF,1,ok,5.956351
XL-Synthetic_4_B__rtf_small__lsb2.bmp,extended_xl,XL-Synthetic_4_B.bmp,XL-Synthetic,B,bmp,P05.rtf,RTF,small,2,RTF,RTF,1,ok,5.258172
XL-Synthetic_4_B__rtf_small__lsb3.bmp,extended_xl,XL-Synthetic_4_B.bmp,XL-Synthetic,B,bmp,P05.rtf,RTF,small,3,RTF,RTF,1,ok,4.292222
XL-Synthetic_4_B__xlsx_large__lsb1.bmp,extended_xl,XL-Synthetic_4_B.bmp,XL-Synthetic,B,bmp,P03.xlsx,XLSX,large,1,XLSX,XLSX,1,ok,4.439904
XL-Synthetic_4_B__xlsx_large__lsb2.bmp,extended_xl,XL-Synthetic_4_B.bmp,XL-Synthetic,B,bmp,P03.xlsx,XLSX,large,2,XLSX,XLSX,1,ok,4.955912
XL-Synthetic_4_B__xlsx_large__lsb3.bmp,extended_xl,XL-Synthetic_4_B.bmp,XL-Synthetic,B,bmp,P03.xlsx,XLSX,large,3,XLSX,XLSX,1,ok,4.121592
XL-Synthetic_4_B__xlsx_medium__lsb1.bmp,extended_xl,XL-Synthetic_4_B.bmp,XL-Synthetic,B,bmp,P03.xlsx,XLSX,medium,1,XLSX,XLSX,1,ok,3.898466
XL-Synthetic_4_B__xlsx_medium__lsb2.bmp,extended_xl,XL-Synthetic_4_B.bmp,XL-Synthetic,B,bmp,P03.xlsx,XLSX,medium,2,XLSX,XLSX,1,ok,4.077825
XL-Synthetic_4_B__xlsx_medium__lsb3.bmp,extended_xl,XL-Synthetic_4_B.bmp,XL-Synthetic,B,bmp,P03.xlsx,XLSX,medium,3,XLSX,XLSX,1,ok,4.218033
XL-Synthetic_4_B__xlsx_small__lsb1.bmp,extended_xl,XL-Synthetic_4_B.bmp,XL-Synthetic,B,bmp,P03.xlsx,XLSX,small,1,XLSX,XLSX,1,ok,3.969259
XL-Synthetic_4_B__xlsx_small__lsb2.bmp,extended_xl,XL-Synthetic_4_B.bmp,XL-Synthetic,B,bmp,P03.xlsx,XLSX,small,2,XLSX,XLSX,1,ok,3.952341
XL-Synthetic_4_B__xlsx_small__lsb3.bmp,extended_xl,XL-Synthetic_4_B.bmp,XL-Synthetic,B,bmp,P03.xlsx,XLSX,small,3,XLSX,XLSX,1,ok,4.012613
XL-Synthetic_4_P__docx_large__lsb3.png,extended_xl,XL-Synthetic_4_P.png,XL-Synthetic,P,png,P01.docx,DOCX,large,3,DOCX,DOCX,1,ok,0.651558
XL-Synthetic_4_P__docx_medium__lsb2.png,extended_xl,XL-Synthetic_4_P.png,XL-Synthetic,P,png,P01.docx,DOCX,medium,2,DOCX,DOCX,1,ok,0.651536
XL-Synthetic_4_P__docx_medium__lsb3.png,extended_xl,XL-Synthetic_4_P.png,XL-Synthetic,P,png,P01.docx,DOCX,medium,3,DOCX,DOCX,1,ok,0.683018
XL-Synthetic_4_P__docx_small__lsb1.png,extended_xl,XL-Synthetic_4_P.png,XL-Synthetic,P,png,P01.docx,DOCX,small,1,DOCX,DOCX,1,ok,0.698482
XL-Synthetic_4_P__docx_small__lsb2.png,extended_xl,XL-Synthetic_4_P.png,XL-Synthetic,P,png,P01.docx,DOCX,small,2,DOCX,DOCX,1,ok,0.657125
XL-Synthetic_4_P__docx_small__lsb3.png,extended_xl,XL-Synthetic_4_P.png,XL-Synthetic,P,png,P01.docx,DOCX,small,3,DOCX,DOCX,1,ok,0.689698
XL-Synthetic_4_P__exe_large__lsb3.png,extended_xl,XL-Synthetic_4_P.png,XL-Synthetic,P,png,P06.exe,EXE,large,3,EXE,EXE,1,ok,0.686345
XL-Synthetic_4_P__exe_medium__lsb2.png,extended_xl,XL-Synthetic_4_P.png,XL-Synthetic,P,png,P06.exe,EXE,medium,2,EXE,EXE,1,ok,0.727820
XL-Synthetic_4_P__exe_medium__lsb3.png,extended_xl,XL-Synthetic_4_P.png,XL-Synthetic,P,png,P06.exe,EXE,medium,3,EXE,EXE,1,ok,0.598060
XL-Synthetic_4_P__exe_small__lsb1.png,extended_xl,XL-Synthetic_4_P.png,XL-Synthetic,P,png,P06.exe,EXE,small,1,EXE,EXE,1,ok,0.613729
XL-Synthetic_4_P__exe_small__lsb2.png,extended_xl,XL-Synthetic_4_P.png,XL-Synthetic,P,png,P06.exe,EXE,small,2,EXE,EXE,1,ok,0.626277
XL-Synthetic_4_P__exe_small__lsb3.png,extended_xl,XL-Synthetic_4_P.png,XL-Synthetic,P,png,P06.exe,EXE,small,3,EXE,EXE,1,ok,0.629712
XL-Synthetic_4_P__pdf_large__lsb3.png,extended_xl,XL-Synthetic_4_P.png,XL-Synthetic,P,png,P02.pdf,PDF,large,3,PDF,PDF,1,ok,0.673670
XL-Synthetic_4_P__pdf_medium__lsb2.png,extended_xl,XL-Synthetic_4_P.png,XL-Synthetic,P,png,P02.pdf,PDF,medium,2,PDF,PDF,1,ok,0.669598
XL-Synthetic_4_P__pdf_medium__lsb3.png,extended_xl,XL-Synthetic_4_P.png,XL-Synthetic,P,png,P02.pdf,PDF,medium,3,PDF,PDF,1,ok,0.671926
XL-Synthetic_4_P__pdf_small__lsb1.png,extended_xl,XL-Synthetic_4_P.png,XL-Synthetic,P,png,P02.pdf,PDF,small,1,PDF,PDF,1,ok,0.588882
XL-Synthetic_4_P__pdf_small__lsb2.png,extended_xl,XL-Synthetic_4_P.png,XL-Synthetic,P,png,P02.pdf,PDF,small,2,PDF,PDF,1,ok,0.650534
XL-Synthetic_4_P__pdf_small__lsb3.png,extended_xl,XL-Synthetic_4_P.png,XL-Synthetic,P,png,P02.pdf,PDF,small,3,PDF,PDF,1,ok,0.662870
XL-Synthetic_4_P__pptx_large__lsb3.png,extended_xl,XL-Synthetic_4_P.png,XL-Synthetic,P,png,P04.pptx,PPTX,large,3,PPTX,PPTX,1,ok,0.692026
XL-Synthetic_4_P__pptx_medium__lsb2.png,extended_xl,XL-Synthetic_4_P.png,XL-Synthetic,P,png,P04.pptx,PPTX,medium,2,PPTX,PPTX,1,ok,0.682743
XL-Synthetic_4_P__pptx_medium__lsb3.png,extended_xl,XL-Synthetic_4_P.png,XL-Synthetic,P,png,P04.pptx,PPTX,medium,3,PPTX,PPTX,1,ok,0.554116
XL-Synthetic_4_P__pptx_small__lsb1.png,extended_xl,XL-Synthetic_4_P.png,XL-Synthetic,P,png,P04.pptx,PPTX,small,1,PPTX,PPTX,1,ok,0.558532
XL-Synthetic_4_P__pptx_small__lsb2.png,extended_xl,XL-Synthetic_4_P.png,XL-Synthetic,P,png,P04.pptx,PPTX,small,2,PPTX,PPTX,1,ok,0.560472
XL-Synthetic_4_P__pptx_small__lsb3.png,extended_xl,XL-Synthetic_4_P.png,XL-Synthetic,P,png,P04.pptx,PPTX,small,3,PPTX,PPTX,1,ok,0.606666
XL-Synthetic_4_P__rtf_large__lsb3.png,extended_xl,XL-Synthetic_4_P.png,XL-Synthetic,P,png,P05.rtf,RTF,large,3,RTF,RTF,1,ok,0.580656
XL-Synthetic_4_P__rtf_medium__lsb2.png,extended_xl,XL-Synthetic_4_P.png,XL-Synthetic,P,png,P05.rtf,RTF,medium,2,RTF,RTF,1,ok,0.688875
XL-Synthetic_4_P__rtf_medium__lsb3.png,extended_xl,XL-Synthetic_4_P.png,XL-Synthetic,P,png,P05.rtf,RTF,medium,3,RTF,RTF,1,ok,0.754805
XL-Synthetic_4_P__rtf_small__lsb1.png,extended_xl,XL-Synthetic_4_P.png,XL-Synthetic,P,png,P05.rtf,RTF,small,1,RTF,RTF,1,ok,0.698453
XL-Synthetic_4_P__rtf_small__lsb2.png,extended_xl,XL-Synthetic_4_P.png,XL-Synthetic,P,png,P05.rtf,RTF,small,2,RTF,RTF,1,ok,0.741921
XL-Synthetic_4_P__rtf_small__lsb3.png,extended_xl,XL-Synthetic_4_P.png,XL-Synthetic,P,png,P05.rtf,RTF,small,3,RTF,RTF,1,ok,0.626270
XL-Synthetic_4_P__xlsx_large__lsb3.png,extended_xl,XL-Synthetic_4_P.png,XL-Synthetic,P,png,P03.xlsx,XLSX,large,3,XLSX,XLSX,1,ok,0.669554
XL-Synthetic_4_P__xlsx_medium__lsb2.png,extended_xl,XL-Synthetic_4_P.png,XL-Synthetic,P,png,P03.xlsx,XLSX,medium,2,XLSX,XLSX,1,ok,0.814346
XL-Synthetic_4_P__xlsx_medium__lsb3.png,extended_xl,XL-Synthetic_4_P.png,XL-Synthetic,P,png,P03.xlsx,XLSX,medium,3,XLSX,XLSX,1,ok,0.844962
XL-Synthetic_4_P__xlsx_small__lsb1.png,extended_xl,XL-Synthetic_4_P.png,XL-Synthetic,P,png,P03.xlsx,XLSX,small,1,XLSX,XLSX,1,ok,0.917184
XL-Synthetic_4_P__xlsx_small__lsb2.png,extended_xl,XL-Synthetic_4_P.png,XL-Synthetic,P,png,P03.xlsx,XLSX,small,2,XLSX,XLSX,1,ok,0.761458
XL-Synthetic_4_P__xlsx_small__lsb3.png,extended_xl,XL-Synthetic_4_P.png,XL-Synthetic,P,png,P03.xlsx,XLSX,small,3,XLSX,XLSX,1,ok,0.695017
XL-Synthetic_5_B__docx_large__lsb1.bmp,extended_xl,XL-Synthetic_5_B.bmp,XL-Synthetic,B,bmp,P01.docx,DOCX,large,1,DOCX,DOCX,1,ok,4.192786
XL-Synthetic_5_B__docx_large__lsb2.bmp,extended_xl,XL-Synthetic_5_B.bmp,XL-Synthetic,B,bmp,P01.docx,DOCX,large,2,DOCX,DOCX,1,ok,4.275076
XL-Synthetic_5_B__docx_large__lsb3.bmp,extended_xl,XL-Synthetic_5_B.bmp,XL-Synthetic,B,bmp,P01.docx,DOCX,large,3,DOCX,DOCX,1,ok,4.290311
XL-Synthetic_5_B__docx_medium__lsb1.bmp,extended_xl,XL-Synthetic_5_B.bmp,XL-Synthetic,B,bmp,P01.docx,DOCX,medium,1,DOCX,DOCX,1,ok,4.581405
XL-Synthetic_5_B__docx_medium__lsb2.bmp,extended_xl,XL-Synthetic_5_B.bmp,XL-Synthetic,B,bmp,P01.docx,DOCX,medium,2,DOCX,DOCX,1,ok,4.238296
XL-Synthetic_5_B__docx_medium__lsb3.bmp,extended_xl,XL-Synthetic_5_B.bmp,XL-Synthetic,B,bmp,P01.docx,DOCX,medium,3,DOCX,DOCX,1,ok,4.082101
XL-Synthetic_5_B__docx_small__lsb1.bmp,extended_xl,XL-Synthetic_5_B.bmp,XL-Synthetic,B,bmp,P01.docx,DOCX,small,1,DOCX,DOCX,1,ok,4.339557
XL-Synthetic_5_B__docx_small__lsb2.bmp,extended_xl,XL-Synthetic_5_B.bmp,XL-Synthetic,B,bmp,P01.docx,DOCX,small,2,DOCX,DOCX,1,ok,4.178755
XL-Synthetic_5_B__docx_small__lsb3.bmp,extended_xl,XL-Synthetic_5_B.bmp,XL-Synthetic,B,bmp,P01.docx,DOCX,small,3,DOCX,DOCX,1,ok,4.140157
XL-Synthetic_5_B__exe_large__lsb1.bmp,extended_xl,XL-Synthetic_5_B.bmp,XL-Synthetic,B,bmp,P06.exe,EXE,large,1,EXE,EXE,1,ok,4.155454
XL-Synthetic_5_B__exe_large__lsb2.bmp,extended_xl,XL-Synthetic_5_B.bmp,XL-Synthetic,B,bmp,P06.exe,EXE,large,2,EXE,EXE,1,ok,4.286782
XL-Synthetic_5_B__exe_large__lsb3.bmp,extended_xl,XL-Synthetic_5_B.bmp,XL-Synthetic,B,bmp,P06.exe,EXE,large,3,EXE,EXE,1,ok,4.157809
XL-Synthetic_5_B__exe_medium__lsb1.bmp,extended_xl,XL-Synthetic_5_B.bmp,XL-Synthetic,B,bmp,P06.exe,EXE,medium,1,EXE,EXE,1,ok,4.216839
XL-Synthetic_5_B__exe_medium__lsb2.bmp,extended_xl,XL-Synthetic_5_B.bmp,XL-Synthetic,B,bmp,P06.exe,EXE,medium,2,EXE,EXE,1,ok,4.017708
XL-Synthetic_5_B__exe_medium__lsb3.bmp,extended_xl,XL-Synthetic_5_B.bmp,XL-Synthetic,B,bmp,P06.exe,EXE,medium,3,EXE,EXE,1,ok,4.315503
XL-Synthetic_5_B__exe_small__lsb1.bmp,extended_xl,XL-Synthetic_5_B.bmp,XL-Synthetic,B,bmp,P06.exe,EXE,small,1,EXE,EXE,1,ok,4.465878
XL-Synthetic_5_B__exe_small__lsb2.bmp,extended_xl,XL-Synthetic_5_B.bmp,XL-Synthetic,B,bmp,P06.exe,EXE,small,2,EXE,EXE,1,ok,4.184809
XL-Synthetic_5_B__exe_small__lsb3.bmp,extended_xl,XL-Synthetic_5_B.bmp,XL-Synthetic,B,bmp,P06.exe,EXE,small,3,EXE,EXE,1,ok,4.326809
XL-Synthetic_5_B__pdf_large__lsb1.bmp,extended_xl,XL-Synthetic_5_B.bmp,XL-Synthetic,B,bmp,P02.pdf,PDF,large,1,PDF,PDF,1,ok,4.551051
XL-Synthetic_5_B__pdf_large__lsb2.bmp,extended_xl,XL-Synthetic_5_B.bmp,XL-Synthetic,B,bmp,P02.pdf,PDF,large,2,PDF,PDF,1,ok,4.261488
XL-Synthetic_5_B__pdf_large__lsb3.bmp,extended_xl,XL-Synthetic_5_B.bmp,XL-Synthetic,B,bmp,P02.pdf,PDF,large,3,PDF,PDF,1,ok,4.138860
XL-Synthetic_5_B__pdf_medium__lsb1.bmp,extended_xl,XL-Synthetic_5_B.bmp,XL-Synthetic,B,bmp,P02.pdf,PDF,medium,1,PDF,PDF,1,ok,4.334704
XL-Synthetic_5_B__pdf_medium__lsb2.bmp,extended_xl,XL-Synthetic_5_B.bmp,XL-Synthetic,B,bmp,P02.pdf,PDF,medium,2,PDF,PDF,1,ok,4.252338
XL-Synthetic_5_B__pdf_medium__lsb3.bmp,extended_xl,XL-Synthetic_5_B.bmp,XL-Synthetic,B,bmp,P02.pdf,PDF,medium,3,PDF,PDF,1,ok,3.992332
XL-Synthetic_5_B__pdf_small__lsb1.bmp,extended_xl,XL-Synthetic_5_B.bmp,XL-Synthetic,B,bmp,P02.pdf,PDF,small,1,PDF,PDF,1,ok,4.109492
XL-Synthetic_5_B__pdf_small__lsb2.bmp,extended_xl,XL-Synthetic_5_B.bmp,XL-Synthetic,B,bmp,P02.pdf,PDF,small,2,PDF,PDF,1,ok,4.064170
XL-Synthetic_5_B__pdf_small__lsb3.bmp,extended_xl,XL-Synthetic_5_B.bmp,XL-Synthetic,B,bmp,P02.pdf,PDF,small,3,PDF,PDF,1,ok,3.995684
XL-Synthetic_5_B__pptx_large__lsb1.bmp,extended_xl,XL-Synthetic_5_B.bmp,XL-Synthetic,B,bmp,P04.pptx,PPTX,large,1,PPTX,PPTX,1,ok,4.889150
XL-Synthetic_5_B__pptx_large__lsb2.bmp,extended_xl,XL-Synthetic_5_B.bmp,XL-Synthetic,B,bmp,P04.pptx,PPTX,large,2,PPTX,PPTX,1,ok,4.282507
XL-Synthetic_5_B__pptx_large__lsb3.bmp,extended_xl,XL-Synthetic_5_B.bmp,XL-Synthetic,B,bmp,P04.pptx,PPTX,large,3,PPTX,PPTX,1,ok,4.979574
XL-Synthetic_5_B__pptx_medium__lsb1.bmp,extended_xl,XL-Synthetic_5_B.bmp,XL-Synthetic,B,bmp,P04.pptx,PPTX,medium,1,PPTX,PPTX,1,ok,4.175980
XL-Synthetic_5_B__pptx_medium__lsb2.bmp,extended_xl,XL-Synthetic_5_B.bmp,XL-Synthetic,B,bmp,P04.pptx,PPTX,medium,2,PPTX,PPTX,1,ok,3.849440
XL-Synthetic_5_B__pptx_medium__lsb3.bmp,extended_xl,XL-Synthetic_5_B.bmp,XL-Synthetic,B,bmp,P04.pptx,PPTX,medium,3,PPTX,PPTX,1,ok,3.918042
XL-Synthetic_5_B__pptx_small__lsb1.bmp,extended_xl,XL-Synthetic_5_B.bmp,XL-Synthetic,B,bmp,P04.pptx,PPTX,small,1,PPTX,PPTX,1,ok,3.825367
XL-Synthetic_5_B__pptx_small__lsb2.bmp,extended_xl,XL-Synthetic_5_B.bmp,XL-Synthetic,B,bmp,P04.pptx,PPTX,small,2,PPTX,PPTX,1,ok,4.214944
XL-Synthetic_5_B__pptx_small__lsb3.bmp,extended_xl,XL-Synthetic_5_B.bmp,XL-Synthetic,B,bmp,P04.pptx,PPTX,small,3,PPTX,PPTX,1,ok,4.808747
XL-Synthetic_5_B__rtf_large__lsb1.bmp,extended_xl,XL-Synthetic_5_B.bmp,XL-Synthetic,B,bmp,P05.rtf,RTF,large,1,RTF,RTF,1,ok,6.082054
XL-Synthetic_5_B__rtf_large__lsb2.bmp,extended_xl,XL-Synthetic_5_B.bmp,XL-Synthetic,B,bmp,P05.rtf,RTF,large,2,RTF,RTF,1,ok,4.872963
XL-Synthetic_5_B__rtf_large__lsb3.bmp,extended_xl,XL-Synthetic_5_B.bmp,XL-Synthetic,B,bmp,P05.rtf,RTF,large,3,RTF,RTF,1,ok,4.709125
XL-Synthetic_5_B__rtf_medium__lsb1.bmp,extended_xl,XL-Synthetic_5_B.bmp,XL-Synthetic,B,bmp,P05.rtf,RTF,medium,1,RTF,RTF,1,ok,4.976358
XL-Synthetic_5_B__rtf_medium__lsb2.bmp,extended_xl,XL-Synthetic_5_B.bmp,XL-Synthetic,B,bmp,P05.rtf,RTF,medium,2,RTF,RTF,1,ok,4.358502
XL-Synthetic_5_B__rtf_medium__lsb3.bmp,extended_xl,XL-Synthetic_5_B.bmp,XL-Synthetic,B,bmp,P05.rtf,RTF,medium,3,RTF,RTF,1,ok,4.370451
XL-Synthetic_5_B__rtf_small__lsb1.bmp,extended_xl,XL-Synthetic_5_B.bmp,XL-Synthetic,B,bmp,P05.rtf,RTF,small,1,RTF,RTF,1,ok,5.179730
XL-Synthetic_5_B__rtf_small__lsb2.bmp,extended_xl,XL-Synthetic_5_B.bmp,XL-Synthetic,B,bmp,P05.rtf,RTF,small,2,RTF,RTF,1,ok,4.432513
XL-Synthetic_5_B__rtf_small__lsb3.bmp,extended_xl,XL-Synthetic_5_B.bmp,XL-Synthetic,B,bmp,P05.rtf,RTF,small,3,RTF,RTF,1,ok,4.281291
XL-Synthetic_5_B__xlsx_large__lsb1.bmp,extended_xl,XL-Synthetic_5_B.bmp,XL-Synthetic,B,bmp,P03.xlsx,XLSX,large,1,XLSX,XLSX,1,ok,3.995582
XL-Synthetic_5_B__xlsx_large__lsb2.bmp,extended_xl,XL-Synthetic_5_B.bmp,XL-Synthetic,B,bmp,P03.xlsx,XLSX,large,2,XLSX,XLSX,1,ok,4.291242
XL-Synthetic_5_B__xlsx_large__lsb3.bmp,extended_xl,XL-Synthetic_5_B.bmp,XL-Synthetic,B,bmp,P03.xlsx,XLSX,large,3,XLSX,XLSX,1,ok,4.279871
XL-Synthetic_5_B__xlsx_medium__lsb1.bmp,extended_xl,XL-Synthetic_5_B.bmp,XL-Synthetic,B,bmp,P03.xlsx,XLSX,medium,1,XLSX,XLSX,1,ok,4.499591
XL-Synthetic_5_B__xlsx_medium__lsb2.bmp,extended_xl,XL-Synthetic_5_B.bmp,XL-Synthetic,B,bmp,P03.xlsx,XLSX,medium,2,XLSX,XLSX,1,ok,4.000767
XL-Synthetic_5_B__xlsx_medium__lsb3.bmp,extended_xl,XL-Synthetic_5_B.bmp,XL-Synthetic,B,bmp,P03.xlsx,XLSX,medium,3,XLSX,XLSX,1,ok,4.211806
XL-Synthetic_5_B__xlsx_small__lsb1.bmp,extended_xl,XL-Synthetic_5_B.bmp,XL-Synthetic,B,bmp,P03.xlsx,XLSX,small,1,XLSX,XLSX,1,ok,4.201874
XL-Synthetic_5_B__xlsx_small__lsb2.bmp,extended_xl,XL-Synthetic_5_B.bmp,XL-Synthetic,B,bmp,P03.xlsx,XLSX,small,2,XLSX,XLSX,1,ok,4.416376
XL-Synthetic_5_B__xlsx_small__lsb3.bmp,extended_xl,XL-Synthetic_5_B.bmp,XL-Synthetic,B,bmp,P03.xlsx,XLSX,small,3,XLSX,XLSX,1,ok,4.269464
XL-Synthetic_5_P__docx_large__lsb3.png,extended_xl,XL-Synthetic_5_P.png,XL-Synthetic,P,png,P01.docx,DOCX,large,3,DOCX,DOCX,1,ok,0.594910
XL-Synthetic_5_P__docx_medium__lsb2.png,extended_xl,XL-Synthetic_5_P.png,XL-Synthetic,P,png,P01.docx,DOCX,medium,2,DOCX,DOCX,1,ok,0.612908
XL-Synthetic_5_P__docx_medium__lsb3.png,extended_xl,XL-Synthetic_5_P.png,XL-Synthetic,P,png,P01.docx,DOCX,medium,3,DOCX,DOCX,1,ok,0.580150
XL-Synthetic_5_P__docx_small__lsb1.png,extended_xl,XL-Synthetic_5_P.png,XL-Synthetic,P,png,P01.docx,DOCX,small,1,DOCX,DOCX,1,ok,0.659155
XL-Synthetic_5_P__docx_small__lsb2.png,extended_xl,XL-Synthetic_5_P.png,XL-Synthetic,P,png,P01.docx,DOCX,small,2,DOCX,DOCX,1,ok,0.593998
XL-Synthetic_5_P__docx_small__lsb3.png,extended_xl,XL-Synthetic_5_P.png,XL-Synthetic,P,png,P01.docx,DOCX,small,3,DOCX,DOCX,1,ok,0.595178
XL-Synthetic_5_P__exe_large__lsb3.png,extended_xl,XL-Synthetic_5_P.png,XL-Synthetic,P,png,P06.exe,EXE,large,3,EXE,EXE,1,ok,0.687077
XL-Synthetic_5_P__exe_medium__lsb2.png,extended_xl,XL-Synthetic_5_P.png,XL-Synthetic,P,png,P06.exe,EXE,medium,2,EXE,EXE,1,ok,0.649458
XL-Synthetic_5_P__exe_medium__lsb3.png,extended_xl,XL-Synthetic_5_P.png,XL-Synthetic,P,png,P06.exe,EXE,medium,3,EXE,EXE,1,ok,0.671154
XL-Synthetic_5_P__exe_small__lsb1.png,extended_xl,XL-Synthetic_5_P.png,XL-Synthetic,P,png,P06.exe,EXE,small,1,EXE,EXE,1,ok,0.695404
XL-Synthetic_5_P__exe_small__lsb2.png,extended_xl,XL-Synthetic_5_P.png,XL-Synthetic,P,png,P06.exe,EXE,small,2,EXE,EXE,1,ok,0.691698
XL-Synthetic_5_P__exe_small__lsb3.png,extended_xl,XL-Synthetic_5_P.png,XL-Synthetic,P,png,P06.exe,EXE,small,3,EXE,EXE,1,ok,0.565666
XL-Synthetic_5_P__pdf_large__lsb3.png,extended_xl,XL-Synthetic_5_P.png,XL-Synthetic,P,png,P02.pdf,PDF,large,3,PDF,PDF,1,ok,0.780482
XL-Synthetic_5_P__pdf_medium__lsb2.png,extended_xl,XL-Synthetic_5_P.png,XL-Synthetic,P,png,P02.pdf,PDF,medium,2,PDF,PDF,1,ok,0.820300
XL-Synthetic_5_P__pdf_medium__lsb3.png,extended_xl,XL-Synthetic_5_P.png,XL-Synthetic,P,png,P02.pdf,PDF,medium,3,PDF,PDF,1,ok,0.843731
XL-Synthetic_5_P__pdf_small__lsb1.png,extended_xl,XL-Synthetic_5_P.png,XL-Synthetic,P,png,P02.pdf,PDF,small,1,PDF,PDF,1,ok,0.844060
XL-Synthetic_5_P__pdf_small__lsb2.png,extended_xl,XL-Synthetic_5_P.png,XL-Synthetic,P,png,P02.pdf,PDF,small,2,PDF,PDF,1,ok,0.630944
XL-Synthetic_5_P__pdf_small__lsb3.png,extended_xl,XL-Synthetic_5_P.png,XL-Synthetic,P,png,P02.pdf,PDF,small,3,PDF,PDF,1,ok,0.655453
XL-Synthetic_5_P__pptx_large__lsb3.png,extended_xl,XL-Synthetic_5_P.png,XL-Synthetic,P,png,P04.pptx,PPTX,large,3,PPTX,PPTX,1,ok,0.578288
XL-Synthetic_5_P__pptx_medium__lsb2.png,extended_xl,XL-Synthetic_5_P.png,XL-Synthetic,P,png,P04.pptx,PPTX,medium,2,PPTX,PPTX,1,ok,0.589763
XL-Synthetic_5_P__pptx_medium__lsb3.png,extended_xl,XL-Synthetic_5_P.png,XL-Synthetic,P,png,P04.pptx,PPTX,medium,3,PPTX,PPTX,1,ok,0.651379
XL-Synthetic_5_P__pptx_small__lsb1.png,extended_xl,XL-Synthetic_5_P.png,XL-Synthetic,P,png,P04.pptx,PPTX,small,1,PPTX,PPTX,1,ok,0.698040
XL-Synthetic_5_P__pptx_small__lsb2.png,extended_xl,XL-Synthetic_5_P.png,XL-Synthetic,P,png,P04.pptx,PPTX,small,2,PPTX,PPTX,1,ok,0.684397
XL-Synthetic_5_P__pptx_small__lsb3.png,extended_xl,XL-Synthetic_5_P.png,XL-Synthetic,P,png,P04.pptx,PPTX,small,3,PPTX,PPTX,1,ok,0.737040
XL-Synthetic_5_P__rtf_large__lsb3.png,extended_xl,XL-Synthetic_5_P.png,XL-Synthetic,P,png,P05.rtf,RTF,large,3,RTF,RTF,1,ok,0.674281
XL-Synthetic_5_P__rtf_medium__lsb2.png,extended_xl,XL-Synthetic_5_P.png,XL-Synthetic,P,png,P05.rtf,RTF,medium,2,RTF,RTF,1,ok,0.641572
XL-Synthetic_5_P__rtf_medium__lsb3.png,extended_xl,XL-Synthetic_5_P.png,XL-Synthetic,P,png,P05.rtf,RTF,medium,3,RTF,RTF,1,ok,0.609127
XL-Synthetic_5_P__rtf_small__lsb1.png,extended_xl,XL-Synthetic_5_P.png,XL-Synthetic,P,png,P05.rtf,RTF,small,1,RTF,RTF,1,ok,0.680242
XL-Synthetic_5_P__rtf_small__lsb2.png,extended_xl,XL-Synthetic_5_P.png,XL-Synthetic,P,png,P05.rtf,RTF,small,2,RTF,RTF,1,ok,0.647189
XL-Synthetic_5_P__rtf_small__lsb3.png,extended_xl,XL-Synthetic_5_P.png,XL-Synthetic,P,png,P05.rtf,RTF,small,3,RTF,RTF,1,ok,1.032863
XL-Synthetic_5_P__xlsx_large__lsb3.png,extended_xl,XL-Synthetic_5_P.png,XL-Synthetic,P,png,P03.xlsx,XLSX,large,3,XLSX,XLSX,1,ok,1.242468
XL-Synthetic_5_P__xlsx_medium__lsb2.png,extended_xl,XL-Synthetic_5_P.png,XL-Synthetic,P,png,P03.xlsx,XLSX,medium,2,XLSX,XLSX,1,ok,0.796848
XL-Synthetic_5_P__xlsx_medium__lsb3.png,extended_xl,XL-Synthetic_5_P.png,XL-Synthetic,P,png,P03.xlsx,XLSX,medium,3,XLSX,XLSX,1,ok,0.640484
XL-Synthetic_5_P__xlsx_small__lsb1.png,extended_xl,XL-Synthetic_5_P.png,XL-Synthetic,P,png,P03.xlsx,XLSX,small,1,XLSX,XLSX,1,ok,0.681416
XL-Synthetic_5_P__xlsx_small__lsb2.png,extended_xl,XL-Synthetic_5_P.png,XL-Synthetic,P,png,P03.xlsx,XLSX,small,2,XLSX,XLSX,1,ok,0.583402
XL-Synthetic_5_P__xlsx_small__lsb3.png,extended_xl,XL-Synthetic_5_P.png,XL-Synthetic,P,png,P03.xlsx,XLSX,small,3,XLSX,XLSX,1,ok,0.605372
XL-Synthetic_6_B__docx_large__lsb1.bmp,extended_xl,XL-Synthetic_6_B.bmp,XL-Synthetic,B,bmp,P01.docx,DOCX,large,1,DOCX,DOCX,1,ok,4.091028
XL-Synthetic_6_B__docx_large__lsb2.bmp,extended_xl,XL-Synthetic_6_B.bmp,XL-Synthetic,B,bmp,P01.docx,DOCX,large,2,DOCX,DOCX,1,ok,4.484058
XL-Synthetic_6_B__docx_large__lsb3.bmp,extended_xl,XL-Synthetic_6_B.bmp,XL-Synthetic,B,bmp,P01.docx,DOCX,large,3,DOCX,DOCX,1,ok,4.747924
XL-Synthetic_6_B__docx_medium__lsb1.bmp,extended_xl,XL-Synthetic_6_B.bmp,XL-Synthetic,B,bmp,P01.docx,DOCX,medium,1,DOCX,DOCX,1,ok,4.265227
XL-Synthetic_6_B__docx_medium__lsb2.bmp,extended_xl,XL-Synthetic_6_B.bmp,XL-Synthetic,B,bmp,P01.docx,DOCX,medium,2,DOCX,DOCX,1,ok,4.256755
XL-Synthetic_6_B__docx_medium__lsb3.bmp,extended_xl,XL-Synthetic_6_B.bmp,XL-Synthetic,B,bmp,P01.docx,DOCX,medium,3,DOCX,DOCX,1,ok,4.395232
XL-Synthetic_6_B__docx_small__lsb1.bmp,extended_xl,XL-Synthetic_6_B.bmp,XL-Synthetic,B,bmp,P01.docx,DOCX,small,1,DOCX,DOCX,1,ok,4.525761
XL-Synthetic_6_B__docx_small__lsb2.bmp,extended_xl,XL-Synthetic_6_B.bmp,XL-Synthetic,B,bmp,P01.docx,DOCX,small,2,DOCX,DOCX,1,ok,4.454702
XL-Synthetic_6_B__docx_small__lsb3.bmp,extended_xl,XL-Synthetic_6_B.bmp,XL-Synthetic,B,bmp,P01.docx,DOCX,small,3,DOCX,DOCX,1,ok,4.286183
XL-Synthetic_6_B__exe_large__lsb1.bmp,extended_xl,XL-Synthetic_6_B.bmp,XL-Synthetic,B,bmp,P06.exe,EXE,large,1,EXE,EXE,1,ok,4.672391
XL-Synthetic_6_B__exe_large__lsb2.bmp,extended_xl,XL-Synthetic_6_B.bmp,XL-Synthetic,B,bmp,P06.exe,EXE,large,2,EXE,EXE,1,ok,4.912859
XL-Synthetic_6_B__exe_large__lsb3.bmp,extended_xl,XL-Synthetic_6_B.bmp,XL-Synthetic,B,bmp,P06.exe,EXE,large,3,EXE,EXE,1,ok,4.339373
XL-Synthetic_6_B__exe_medium__lsb1.bmp,extended_xl,XL-Synthetic_6_B.bmp,XL-Synthetic,B,bmp,P06.exe,EXE,medium,1,EXE,EXE,1,ok,5.484680
XL-Synthetic_6_B__exe_medium__lsb2.bmp,extended_xl,XL-Synthetic_6_B.bmp,XL-Synthetic,B,bmp,P06.exe,EXE,medium,2,EXE,EXE,1,ok,6.922896
XL-Synthetic_6_B__exe_medium__lsb3.bmp,extended_xl,XL-Synthetic_6_B.bmp,XL-Synthetic,B,bmp,P06.exe,EXE,medium,3,EXE,EXE,1,ok,4.596114
XL-Synthetic_6_B__exe_small__lsb1.bmp,extended_xl,XL-Synthetic_6_B.bmp,XL-Synthetic,B,bmp,P06.exe,EXE,small,1,EXE,EXE,1,ok,4.555773
XL-Synthetic_6_B__exe_small__lsb2.bmp,extended_xl,XL-Synthetic_6_B.bmp,XL-Synthetic,B,bmp,P06.exe,EXE,small,2,EXE,EXE,1,ok,4.541935
XL-Synthetic_6_B__exe_small__lsb3.bmp,extended_xl,XL-Synthetic_6_B.bmp,XL-Synthetic,B,bmp,P06.exe,EXE,small,3,EXE,EXE,1,ok,4.483520
XL-Synthetic_6_B__pdf_large__lsb1.bmp,extended_xl,XL-Synthetic_6_B.bmp,XL-Synthetic,B,bmp,P02.pdf,PDF,large,1,PDF,PDF,1,ok,4.264259
XL-Synthetic_6_B__pdf_large__lsb2.bmp,extended_xl,XL-Synthetic_6_B.bmp,XL-Synthetic,B,bmp,P02.pdf,PDF,large,2,PDF,PDF,1,ok,4.464607
XL-Synthetic_6_B__pdf_large__lsb3.bmp,extended_xl,XL-Synthetic_6_B.bmp,XL-Synthetic,B,bmp,P02.pdf,PDF,large,3,PDF,PDF,1,ok,4.328496
XL-Synthetic_6_B__pdf_medium__lsb1.bmp,extended_xl,XL-Synthetic_6_B.bmp,XL-Synthetic,B,bmp,P02.pdf,PDF,medium,1,PDF,PDF,1,ok,4.302333
XL-Synthetic_6_B__pdf_medium__lsb2.bmp,extended_xl,XL-Synthetic_6_B.bmp,XL-Synthetic,B,bmp,P02.pdf,PDF,medium,2,PDF,PDF,1,ok,5.193745
XL-Synthetic_6_B__pdf_medium__lsb3.bmp,extended_xl,XL-Synthetic_6_B.bmp,XL-Synthetic,B,bmp,P02.pdf,PDF,medium,3,PDF,PDF,1,ok,4.499690
XL-Synthetic_6_B__pdf_small__lsb1.bmp,extended_xl,XL-Synthetic_6_B.bmp,XL-Synthetic,B,bmp,P02.pdf,PDF,small,1,PDF,PDF,1,ok,4.533314
XL-Synthetic_6_B__pdf_small__lsb2.bmp,extended_xl,XL-Synthetic_6_B.bmp,XL-Synthetic,B,bmp,P02.pdf,PDF,small,2,PDF,PDF,1,ok,4.379221
XL-Synthetic_6_B__pdf_small__lsb3.bmp,extended_xl,XL-Synthetic_6_B.bmp,XL-Synthetic,B,bmp,P02.pdf,PDF,small,3,PDF,PDF,1,ok,4.340587
XL-Synthetic_6_B__pptx_large__lsb1.bmp,extended_xl,XL-Synthetic_6_B.bmp,XL-Synthetic,B,bmp,P04.pptx,PPTX,large,1,PPTX,PPTX,1,ok,4.338429
XL-Synthetic_6_B__pptx_large__lsb2.bmp,extended_xl,XL-Synthetic_6_B.bmp,XL-Synthetic,B,bmp,P04.pptx,PPTX,large,2,PPTX,PPTX,1,ok,4.322761
XL-Synthetic_6_B__pptx_large__lsb3.bmp,extended_xl,XL-Synthetic_6_B.bmp,XL-Synthetic,B,bmp,P04.pptx,PPTX,large,3,PPTX,PPTX,1,ok,4.438348
XL-Synthetic_6_B__pptx_medium__lsb1.bmp,extended_xl,XL-Synthetic_6_B.bmp,XL-Synthetic,B,bmp,P04.pptx,PPTX,medium,1,PPTX,PPTX,1,ok,5.006035
XL-Synthetic_6_B__pptx_medium__lsb2.bmp,extended_xl,XL-Synthetic_6_B.bmp,XL-Synthetic,B,bmp,P04.pptx,PPTX,medium,2,PPTX,PPTX,1,ok,4.564663
XL-Synthetic_6_B__pptx_medium__lsb3.bmp,extended_xl,XL-Synthetic_6_B.bmp,XL-Synthetic,B,bmp,P04.pptx,PPTX,medium,3,PPTX,PPTX,1,ok,4.340438
XL-Synthetic_6_B__pptx_small__lsb1.bmp,extended_xl,XL-Synthetic_6_B.bmp,XL-Synthetic,B,bmp,P04.pptx,PPTX,small,1,PPTX,PPTX,1,ok,5.249740
XL-Synthetic_6_B__pptx_small__lsb2.bmp,extended_xl,XL-Synthetic_6_B.bmp,XL-Synthetic,B,bmp,P04.pptx,PPTX,small,2,PPTX,PPTX,1,ok,4.320888
XL-Synthetic_6_B__pptx_small__lsb3.bmp,extended_xl,XL-Synthetic_6_B.bmp,XL-Synthetic,B,bmp,P04.pptx,PPTX,small,3,PPTX,PPTX,1,ok,5.338754
XL-Synthetic_6_B__rtf_large__lsb1.bmp,extended_xl,XL-Synthetic_6_B.bmp,XL-Synthetic,B,bmp,P05.rtf,RTF,large,1,RTF,RTF,1,ok,4.510313
XL-Synthetic_6_B__rtf_large__lsb2.bmp,extended_xl,XL-Synthetic_6_B.bmp,XL-Synthetic,B,bmp,P05.rtf,RTF,large,2,RTF,RTF,1,ok,4.614545
XL-Synthetic_6_B__rtf_large__lsb3.bmp,extended_xl,XL-Synthetic_6_B.bmp,XL-Synthetic,B,bmp,P05.rtf,RTF,large,3,RTF,RTF,1,ok,4.715252
XL-Synthetic_6_B__rtf_medium__lsb1.bmp,extended_xl,XL-Synthetic_6_B.bmp,XL-Synthetic,B,bmp,P05.rtf,RTF,medium,1,RTF,RTF,1,ok,5.282491
XL-Synthetic_6_B__rtf_medium__lsb2.bmp,extended_xl,XL-Synthetic_6_B.bmp,XL-Synthetic,B,bmp,P05.rtf,RTF,medium,2,RTF,RTF,1,ok,4.515334
XL-Synthetic_6_B__rtf_medium__lsb3.bmp,extended_xl,XL-Synthetic_6_B.bmp,XL-Synthetic,B,bmp,P05.rtf,RTF,medium,3,RTF,RTF,1,ok,4.943479
XL-Synthetic_6_B__rtf_small__lsb1.bmp,extended_xl,XL-Synthetic_6_B.bmp,XL-Synthetic,B,bmp,P05.rtf,RTF,small,1,RTF,RTF,1,ok,4.159192
XL-Synthetic_6_B__rtf_small__lsb2.bmp,extended_xl,XL-Synthetic_6_B.bmp,XL-Synthetic,B,bmp,P05.rtf,RTF,small,2,RTF,RTF,1,ok,4.392825
XL-Synthetic_6_B__rtf_small__lsb3.bmp,extended_xl,XL-Synthetic_6_B.bmp,XL-Synthetic,B,bmp,P05.rtf,RTF,small,3,RTF,RTF,1,ok,4.533560
XL-Synthetic_6_B__xlsx_large__lsb1.bmp,extended_xl,XL-Synthetic_6_B.bmp,XL-Synthetic,B,bmp,P03.xlsx,XLSX,large,1,XLSX,XLSX,1,ok,4.621907
XL-Synthetic_6_B__xlsx_large__lsb2.bmp,extended_xl,XL-Synthetic_6_B.bmp,XL-Synthetic,B,bmp,P03.xlsx,XLSX,large,2,XLSX,XLSX,1,ok,4.490711
XL-Synthetic_6_B__xlsx_large__lsb3.bmp,extended_xl,XL-Synthetic_6_B.bmp,XL-Synthetic,B,bmp,P03.xlsx,XLSX,large,3,XLSX,XLSX,1,ok,4.308551
XL-Synthetic_6_B__xlsx_medium__lsb1.bmp,extended_xl,XL-Synthetic_6_B.bmp,XL-Synthetic,B,bmp,P03.xlsx,XLSX,medium,1,XLSX,XLSX,1,ok,5.412991
XL-Synthetic_6_B__xlsx_medium__lsb2.bmp,extended_xl,XL-Synthetic_6_B.bmp,XL-Synthetic,B,bmp,P03.xlsx,XLSX,medium,2,XLSX,XLSX,1,ok,4.719913
XL-Synthetic_6_B__xlsx_medium__lsb3.bmp,extended_xl,XL-Synthetic_6_B.bmp,XL-Synthetic,B,bmp,P03.xlsx,XLSX,medium,3,XLSX,XLSX,1,ok,4.808830
XL-Synthetic_6_B__xlsx_small__lsb1.bmp,extended_xl,XL-Synthetic_6_B.bmp,XL-Synthetic,B,bmp,P03.xlsx,XLSX,small,1,XLSX,XLSX,1,ok,4.670509
XL-Synthetic_6_B__xlsx_small__lsb2.bmp,extended_xl,XL-Synthetic_6_B.bmp,XL-Synthetic,B,bmp,P03.xlsx,XLSX,small,2,XLSX,XLSX,1,ok,5.240188
XL-Synthetic_6_B__xlsx_small__lsb3.bmp,extended_xl,XL-Synthetic_6_B.bmp,XL-Synthetic,B,bmp,P03.xlsx,XLSX,small,3,XLSX,XLSX,1,ok,4.720710
XL-Synthetic_6_P__docx_large__lsb3.png,extended_xl,XL-Synthetic_6_P.png,XL-Synthetic,P,png,P01.docx,DOCX,large,3,DOCX,DOCX,1,ok,0.686496
XL-Synthetic_6_P__docx_medium__lsb2.png,extended_xl,XL-Synthetic_6_P.png,XL-Synthetic,P,png,P01.docx,DOCX,medium,2,DOCX,DOCX,1,ok,0.695443
XL-Synthetic_6_P__docx_medium__lsb3.png,extended_xl,XL-Synthetic_6_P.png,XL-Synthetic,P,png,P01.docx,DOCX,medium,3,DOCX,DOCX,1,ok,0.617040
XL-Synthetic_6_P__docx_small__lsb1.png,extended_xl,XL-Synthetic_6_P.png,XL-Synthetic,P,png,P01.docx,DOCX,small,1,DOCX,DOCX,1,ok,0.708644
XL-Synthetic_6_P__docx_small__lsb2.png,extended_xl,XL-Synthetic_6_P.png,XL-Synthetic,P,png,P01.docx,DOCX,small,2,DOCX,DOCX,1,ok,0.637694
XL-Synthetic_6_P__docx_small__lsb3.png,extended_xl,XL-Synthetic_6_P.png,XL-Synthetic,P,png,P01.docx,DOCX,small,3,DOCX,DOCX,1,ok,0.643764
XL-Synthetic_6_P__exe_large__lsb3.png,extended_xl,XL-Synthetic_6_P.png,XL-Synthetic,P,png,P06.exe,EXE,large,3,EXE,EXE,1,ok,0.600307
XL-Synthetic_6_P__exe_medium__lsb2.png,extended_xl,XL-Synthetic_6_P.png,XL-Synthetic,P,png,P06.exe,EXE,medium,2,EXE,EXE,1,ok,0.653007
XL-Synthetic_6_P__exe_medium__lsb3.png,extended_xl,XL-Synthetic_6_P.png,XL-Synthetic,P,png,P06.exe,EXE,medium,3,EXE,EXE,1,ok,0.740352
XL-Synthetic_6_P__exe_small__lsb1.png,extended_xl,XL-Synthetic_6_P.png,XL-Synthetic,P,png,P06.exe,EXE,small,1,EXE,EXE,1,ok,0.605269
XL-Synthetic_6_P__exe_small__lsb2.png,extended_xl,XL-Synthetic_6_P.png,XL-Synthetic,P,png,P06.exe,EXE,small,2,EXE,EXE,1,ok,0.685161
XL-Synthetic_6_P__exe_small__lsb3.png,extended_xl,XL-Synthetic_6_P.png,XL-Synthetic,P,png,P06.exe,EXE,small,3,EXE,EXE,1,ok,0.655787
XL-Synthetic_6_P__pdf_large__lsb3.png,extended_xl,XL-Synthetic_6_P.png,XL-Synthetic,P,png,P02.pdf,PDF,large,3,PDF,PDF,1,ok,0.597681
XL-Synthetic_6_P__pdf_medium__lsb2.png,extended_xl,XL-Synthetic_6_P.png,XL-Synthetic,P,png,P02.pdf,PDF,medium,2,PDF,PDF,1,ok,0.658964
XL-Synthetic_6_P__pdf_medium__lsb3.png,extended_xl,XL-Synthetic_6_P.png,XL-Synthetic,P,png,P02.pdf,PDF,medium,3,PDF,PDF,1,ok,0.604624
XL-Synthetic_6_P__pdf_small__lsb1.png,extended_xl,XL-Synthetic_6_P.png,XL-Synthetic,P,png,P02.pdf,PDF,small,1,PDF,PDF,1,ok,0.692098
XL-Synthetic_6_P__pdf_small__lsb2.png,extended_xl,XL-Synthetic_6_P.png,XL-Synthetic,P,png,P02.pdf,PDF,small,2,PDF,PDF,1,ok,0.704199
XL-Synthetic_6_P__pdf_small__lsb3.png,extended_xl,XL-Synthetic_6_P.png,XL-Synthetic,P,png,P02.pdf,PDF,small,3,PDF,PDF,1,ok,0.670696
XL-Synthetic_6_P__pptx_large__lsb3.png,extended_xl,XL-Synthetic_6_P.png,XL-Synthetic,P,png,P04.pptx,PPTX,large,3,PPTX,PPTX,1,ok,0.694685
XL-Synthetic_6_P__pptx_medium__lsb2.png,extended_xl,XL-Synthetic_6_P.png,XL-Synthetic,P,png,P04.pptx,PPTX,medium,2,PPTX,PPTX,1,ok,0.560238
XL-Synthetic_6_P__pptx_medium__lsb3.png,extended_xl,XL-Synthetic_6_P.png,XL-Synthetic,P,png,P04.pptx,PPTX,medium,3,PPTX,PPTX,1,ok,1.364698
XL-Synthetic_6_P__pptx_small__lsb1.png,extended_xl,XL-Synthetic_6_P.png,XL-Synthetic,P,png,P04.pptx,PPTX,small,1,PPTX,PPTX,1,ok,1.051530
XL-Synthetic_6_P__pptx_small__lsb2.png,extended_xl,XL-Synthetic_6_P.png,XL-Synthetic,P,png,P04.pptx,PPTX,small,2,PPTX,PPTX,1,ok,0.704624
XL-Synthetic_6_P__pptx_small__lsb3.png,extended_xl,XL-Synthetic_6_P.png,XL-Synthetic,P,png,P04.pptx,PPTX,small,3,PPTX,PPTX,1,ok,0.687428
XL-Synthetic_6_P__rtf_large__lsb3.png,extended_xl,XL-Synthetic_6_P.png,XL-Synthetic,P,png,P05.rtf,RTF,large,3,RTF,RTF,1,ok,0.568126
XL-Synthetic_6_P__rtf_medium__lsb2.png,extended_xl,XL-Synthetic_6_P.png,XL-Synthetic,P,png,P05.rtf,RTF,medium,2,RTF,RTF,1,ok,0.609770
XL-Synthetic_6_P__rtf_medium__lsb3.png,extended_xl,XL-Synthetic_6_P.png,XL-Synthetic,P,png,P05.rtf,RTF,medium,3,RTF,RTF,1,ok,0.621267
XL-Synthetic_6_P__rtf_small__lsb1.png,extended_xl,XL-Synthetic_6_P.png,XL-Synthetic,P,png,P05.rtf,RTF,small,1,RTF,RTF,1,ok,0.674764
XL-Synthetic_6_P__rtf_small__lsb2.png,extended_xl,XL-Synthetic_6_P.png,XL-Synthetic,P,png,P05.rtf,RTF,small,2,RTF,RTF,1,ok,0.654563
XL-Synthetic_6_P__rtf_small__lsb3.png,extended_xl,XL-Synthetic_6_P.png,XL-Synthetic,P,png,P05.rtf,RTF,small,3,RTF,RTF,1,ok,0.735815
XL-Synthetic_6_P__xlsx_large__lsb3.png,extended_xl,XL-Synthetic_6_P.png,XL-Synthetic,P,png,P03.xlsx,XLSX,large,3,XLSX,XLSX,1,ok,0.791342
XL-Synthetic_6_P__xlsx_medium__lsb2.png,extended_xl,XL-Synthetic_6_P.png,XL-Synthetic,P,png,P03.xlsx,XLSX,medium,2,XLSX,XLSX,1,ok,0.828020
XL-Synthetic_6_P__xlsx_medium__lsb3.png,extended_xl,XL-Synthetic_6_P.png,XL-Synthetic,P,png,P03.xlsx,XLSX,medium,3,XLSX,XLSX,1,ok,0.705454
XL-Synthetic_6_P__xlsx_small__lsb1.png,extended_xl,XL-Synthetic_6_P.png,XL-Synthetic,P,png,P03.xlsx,XLSX,small,1,XLSX,XLSX,1,ok,0.652113
XL-Synthetic_6_P__xlsx_small__lsb2.png,extended_xl,XL-Synthetic_6_P.png,XL-Synthetic,P,png,P03.xlsx,XLSX,small,2,XLSX,XLSX,1,ok,0.644098
XL-Synthetic_6_P__xlsx_small__lsb3.png,extended_xl,XL-Synthetic_6_P.png,XL-Synthetic,P,png,P03.xlsx,XLSX,small,3,XLSX,XLSX,1,ok,0.614938
XL-Synthetic_7_B__docx_large__lsb1.bmp,extended_xl,XL-Synthetic_7_B.bmp,XL-Synthetic,B,bmp,P01.docx,DOCX,large,1,DOCX,DOCX,1,ok,4.916211
XL-Synthetic_7_B__docx_large__lsb2.bmp,extended_xl,XL-Synthetic_7_B.bmp,XL-Synthetic,B,bmp,P01.docx,DOCX,large,2,DOCX,DOCX,1,ok,5.715656
XL-Synthetic_7_B__docx_large__lsb3.bmp,extended_xl,XL-Synthetic_7_B.bmp,XL-Synthetic,B,bmp,P01.docx,DOCX,large,3,DOCX,DOCX,1,ok,5.267198
XL-Synthetic_7_B__docx_medium__lsb1.bmp,extended_xl,XL-Synthetic_7_B.bmp,XL-Synthetic,B,bmp,P01.docx,DOCX,medium,1,DOCX,DOCX,1,ok,5.219209
XL-Synthetic_7_B__docx_medium__lsb2.bmp,extended_xl,XL-Synthetic_7_B.bmp,XL-Synthetic,B,bmp,P01.docx,DOCX,medium,2,DOCX,DOCX,1,ok,5.333001
XL-Synthetic_7_B__docx_medium__lsb3.bmp,extended_xl,XL-Synthetic_7_B.bmp,XL-Synthetic,B,bmp,P01.docx,DOCX,medium,3,DOCX,DOCX,1,ok,5.210351
XL-Synthetic_7_B__docx_small__lsb1.bmp,extended_xl,XL-Synthetic_7_B.bmp,XL-Synthetic,B,bmp,P01.docx,DOCX,small,1,DOCX,DOCX,1,ok,5.194310
XL-Synthetic_7_B__docx_small__lsb2.bmp,extended_xl,XL-Synthetic_7_B.bmp,XL-Synthetic,B,bmp,P01.docx,DOCX,small,2,DOCX,DOCX,1,ok,5.387580
XL-Synthetic_7_B__docx_small__lsb3.bmp,extended_xl,XL-Synthetic_7_B.bmp,XL-Synthetic,B,bmp,P01.docx,DOCX,small,3,DOCX,DOCX,1,ok,4.952660
XL-Synthetic_7_B__exe_large__lsb1.bmp,extended_xl,XL-Synthetic_7_B.bmp,XL-Synthetic,B,bmp,P06.exe,EXE,large,1,EXE,EXE,1,ok,5.046541
XL-Synthetic_7_B__exe_large__lsb2.bmp,extended_xl,XL-Synthetic_7_B.bmp,XL-Synthetic,B,bmp,P06.exe,EXE,large,2,EXE,EXE,1,ok,4.976422
XL-Synthetic_7_B__exe_large__lsb3.bmp,extended_xl,XL-Synthetic_7_B.bmp,XL-Synthetic,B,bmp,P06.exe,EXE,large,3,EXE,EXE,1,ok,5.230708
XL-Synthetic_7_B__exe_medium__lsb1.bmp,extended_xl,XL-Synthetic_7_B.bmp,XL-Synthetic,B,bmp,P06.exe,EXE,medium,1,EXE,EXE,1,ok,5.372055
XL-Synthetic_7_B__exe_medium__lsb2.bmp,extended_xl,XL-Synthetic_7_B.bmp,XL-Synthetic,B,bmp,P06.exe,EXE,medium,2,EXE,EXE,1,ok,5.828569
XL-Synthetic_7_B__exe_medium__lsb3.bmp,extended_xl,XL-Synthetic_7_B.bmp,XL-Synthetic,B,bmp,P06.exe,EXE,medium,3,EXE,EXE,1,ok,5.119384
XL-Synthetic_7_B__exe_small__lsb1.bmp,extended_xl,XL-Synthetic_7_B.bmp,XL-Synthetic,B,bmp,P06.exe,EXE,small,1,EXE,EXE,1,ok,5.068590
XL-Synthetic_7_B__exe_small__lsb2.bmp,extended_xl,XL-Synthetic_7_B.bmp,XL-Synthetic,B,bmp,P06.exe,EXE,small,2,EXE,EXE,1,ok,5.129511
XL-Synthetic_7_B__exe_small__lsb3.bmp,extended_xl,XL-Synthetic_7_B.bmp,XL-Synthetic,B,bmp,P06.exe,EXE,small,3,EXE,EXE,1,ok,4.927546
XL-Synthetic_7_B__pdf_large__lsb1.bmp,extended_xl,XL-Synthetic_7_B.bmp,XL-Synthetic,B,bmp,P02.pdf,PDF,large,1,PDF,PDF,1,ok,5.089483
XL-Synthetic_7_B__pdf_large__lsb2.bmp,extended_xl,XL-Synthetic_7_B.bmp,XL-Synthetic,B,bmp,P02.pdf,PDF,large,2,PDF,PDF,1,ok,5.403033
XL-Synthetic_7_B__pdf_large__lsb3.bmp,extended_xl,XL-Synthetic_7_B.bmp,XL-Synthetic,B,bmp,P02.pdf,PDF,large,3,PDF,PDF,1,ok,4.964452
XL-Synthetic_7_B__pdf_medium__lsb1.bmp,extended_xl,XL-Synthetic_7_B.bmp,XL-Synthetic,B,bmp,P02.pdf,PDF,medium,1,PDF,PDF,1,ok,5.252959
XL-Synthetic_7_B__pdf_medium__lsb2.bmp,extended_xl,XL-Synthetic_7_B.bmp,XL-Synthetic,B,bmp,P02.pdf,PDF,medium,2,PDF,PDF,1,ok,5.121909
XL-Synthetic_7_B__pdf_medium__lsb3.bmp,extended_xl,XL-Synthetic_7_B.bmp,XL-Synthetic,B,bmp,P02.pdf,PDF,medium,3,PDF,PDF,1,ok,4.950772
XL-Synthetic_7_B__pdf_small__lsb1.bmp,extended_xl,XL-Synthetic_7_B.bmp,XL-Synthetic,B,bmp,P02.pdf,PDF,small,1,PDF,PDF,1,ok,5.837602
XL-Synthetic_7_B__pdf_small__lsb2.bmp,extended_xl,XL-Synthetic_7_B.bmp,XL-Synthetic,B,bmp,P02.pdf,PDF,small,2,PDF,PDF,1,ok,5.319964
XL-Synthetic_7_B__pdf_small__lsb3.bmp,extended_xl,XL-Synthetic_7_B.bmp,XL-Synthetic,B,bmp,P02.pdf,PDF,small,3,PDF,PDF,1,ok,5.354866
XL-Synthetic_7_B__pptx_large__lsb1.bmp,extended_xl,XL-Synthetic_7_B.bmp,XL-Synthetic,B,bmp,P04.pptx,PPTX,large,1,PPTX,PPTX,1,ok,5.167077
XL-Synthetic_7_B__pptx_large__lsb2.bmp,extended_xl,XL-Synthetic_7_B.bmp,XL-Synthetic,B,bmp,P04.pptx,PPTX,large,2,PPTX,PPTX,1,ok,5.376023
XL-Synthetic_7_B__pptx_large__lsb3.bmp,extended_xl,XL-Synthetic_7_B.bmp,XL-Synthetic,B,bmp,P04.pptx,PPTX,large,3,PPTX,PPTX,1,ok,5.335878
XL-Synthetic_7_B__pptx_medium__lsb1.bmp,extended_xl,XL-Synthetic_7_B.bmp,XL-Synthetic,B,bmp,P04.pptx,PPTX,medium,1,PPTX,PPTX,1,ok,5.277440
XL-Synthetic_7_B__pptx_medium__lsb2.bmp,extended_xl,XL-Synthetic_7_B.bmp,XL-Synthetic,B,bmp,P04.pptx,PPTX,medium,2,PPTX,PPTX,1,ok,5.253831
XL-Synthetic_7_B__pptx_medium__lsb3.bmp,extended_xl,XL-Synthetic_7_B.bmp,XL-Synthetic,B,bmp,P04.pptx,PPTX,medium,3,PPTX,PPTX,1,ok,4.934214
XL-Synthetic_7_B__pptx_small__lsb1.bmp,extended_xl,XL-Synthetic_7_B.bmp,XL-Synthetic,B,bmp,P04.pptx,PPTX,small,1,PPTX,PPTX,1,ok,5.196557
XL-Synthetic_7_B__pptx_small__lsb2.bmp,extended_xl,XL-Synthetic_7_B.bmp,XL-Synthetic,B,bmp,P04.pptx,PPTX,small,2,PPTX,PPTX,1,ok,5.028997
XL-Synthetic_7_B__pptx_small__lsb3.bmp,extended_xl,XL-Synthetic_7_B.bmp,XL-Synthetic,B,bmp,P04.pptx,PPTX,small,3,PPTX,PPTX,1,ok,5.408625
XL-Synthetic_7_B__rtf_large__lsb1.bmp,extended_xl,XL-Synthetic_7_B.bmp,XL-Synthetic,B,bmp,P05.rtf,RTF,large,1,RTF,RTF,1,ok,6.713851
XL-Synthetic_7_B__rtf_large__lsb2.bmp,extended_xl,XL-Synthetic_7_B.bmp,XL-Synthetic,B,bmp,P05.rtf,RTF,large,2,RTF,RTF,1,ok,5.743426
XL-Synthetic_7_B__rtf_large__lsb3.bmp,extended_xl,XL-Synthetic_7_B.bmp,XL-Synthetic,B,bmp,P05.rtf,RTF,large,3,RTF,RTF,1,ok,5.657040
XL-Synthetic_7_B__rtf_medium__lsb1.bmp,extended_xl,XL-Synthetic_7_B.bmp,XL-Synthetic,B,bmp,P05.rtf,RTF,medium,1,RTF,RTF,1,ok,5.098060
XL-Synthetic_7_B__rtf_medium__lsb2.bmp,extended_xl,XL-Synthetic_7_B.bmp,XL-Synthetic,B,bmp,P05.rtf,RTF,medium,2,RTF,RTF,1,ok,5.878414
XL-Synthetic_7_B__rtf_medium__lsb3.bmp,extended_xl,XL-Synthetic_7_B.bmp,XL-Synthetic,B,bmp,P05.rtf,RTF,medium,3,RTF,RTF,1,ok,5.505384
XL-Synthetic_7_B__rtf_small__lsb1.bmp,extended_xl,XL-Synthetic_7_B.bmp,XL-Synthetic,B,bmp,P05.rtf,RTF,small,1,RTF,RTF,1,ok,5.138505
XL-Synthetic_7_B__rtf_small__lsb2.bmp,extended_xl,XL-Synthetic_7_B.bmp,XL-Synthetic,B,bmp,P05.rtf,RTF,small,2,RTF,RTF,1,ok,5.246312
XL-Synthetic_7_B__rtf_small__lsb3.bmp,extended_xl,XL-Synthetic_7_B.bmp,XL-Synthetic,B,bmp,P05.rtf,RTF,small,3,RTF,RTF,1,ok,5.363089
XL-Synthetic_7_B__xlsx_large__lsb1.bmp,extended_xl,XL-Synthetic_7_B.bmp,XL-Synthetic,B,bmp,P03.xlsx,XLSX,large,1,XLSX,XLSX,1,ok,5.708550
XL-Synthetic_7_B__xlsx_large__lsb2.bmp,extended_xl,XL-Synthetic_7_B.bmp,XL-Synthetic,B,bmp,P03.xlsx,XLSX,large,2,XLSX,XLSX,1,ok,6.290044
XL-Synthetic_7_B__xlsx_large__lsb3.bmp,extended_xl,XL-Synthetic_7_B.bmp,XL-Synthetic,B,bmp,P03.xlsx,XLSX,large,3,XLSX,XLSX,1,ok,5.427061
XL-Synthetic_7_B__xlsx_medium__lsb1.bmp,extended_xl,XL-Synthetic_7_B.bmp,XL-Synthetic,B,bmp,P03.xlsx,XLSX,medium,1,XLSX,XLSX,1,ok,5.267044
XL-Synthetic_7_B__xlsx_medium__lsb2.bmp,extended_xl,XL-Synthetic_7_B.bmp,XL-Synthetic,B,bmp,P03.xlsx,XLSX,medium,2,XLSX,XLSX,1,ok,5.023868
XL-Synthetic_7_B__xlsx_medium__lsb3.bmp,extended_xl,XL-Synthetic_7_B.bmp,XL-Synthetic,B,bmp,P03.xlsx,XLSX,medium,3,XLSX,XLSX,1,ok,5.099715
XL-Synthetic_7_B__xlsx_small__lsb1.bmp,extended_xl,XL-Synthetic_7_B.bmp,XL-Synthetic,B,bmp,P03.xlsx,XLSX,small,1,XLSX,XLSX,1,ok,5.256479
XL-Synthetic_7_B__xlsx_small__lsb2.bmp,extended_xl,XL-Synthetic_7_B.bmp,XL-Synthetic,B,bmp,P03.xlsx,XLSX,small,2,XLSX,XLSX,1,ok,5.242861
XL-Synthetic_7_B__xlsx_small__lsb3.bmp,extended_xl,XL-Synthetic_7_B.bmp,XL-Synthetic,B,bmp,P03.xlsx,XLSX,small,3,XLSX,XLSX,1,ok,4.965216
XL-Synthetic_7_P__docx_large__lsb3.png,extended_xl,XL-Synthetic_7_P.png,XL-Synthetic,P,png,P01.docx,DOCX,large,3,DOCX,DOCX,1,ok,0.655477
XL-Synthetic_7_P__docx_medium__lsb2.png,extended_xl,XL-Synthetic_7_P.png,XL-Synthetic,P,png,P01.docx,DOCX,medium,2,DOCX,DOCX,1,ok,0.691117
XL-Synthetic_7_P__docx_medium__lsb3.png,extended_xl,XL-Synthetic_7_P.png,XL-Synthetic,P,png,P01.docx,DOCX,medium,3,DOCX,DOCX,1,ok,0.694151
XL-Synthetic_7_P__docx_small__lsb1.png,extended_xl,XL-Synthetic_7_P.png,XL-Synthetic,P,png,P01.docx,DOCX,small,1,DOCX,DOCX,1,ok,0.759981
XL-Synthetic_7_P__docx_small__lsb2.png,extended_xl,XL-Synthetic_7_P.png,XL-Synthetic,P,png,P01.docx,DOCX,small,2,DOCX,DOCX,1,ok,0.676276
XL-Synthetic_7_P__docx_small__lsb3.png,extended_xl,XL-Synthetic_7_P.png,XL-Synthetic,P,png,P01.docx,DOCX,small,3,DOCX,DOCX,1,ok,1.836335
XL-Synthetic_7_P__exe_large__lsb3.png,extended_xl,XL-Synthetic_7_P.png,XL-Synthetic,P,png,P06.exe,EXE,large,3,EXE,EXE,1,ok,1.716994
XL-Synthetic_7_P__exe_medium__lsb2.png,extended_xl,XL-Synthetic_7_P.png,XL-Synthetic,P,png,P06.exe,EXE,medium,2,EXE,EXE,1,ok,0.718610
XL-Synthetic_7_P__exe_medium__lsb3.png,extended_xl,XL-Synthetic_7_P.png,XL-Synthetic,P,png,P06.exe,EXE,medium,3,EXE,EXE,1,ok,0.726426
XL-Synthetic_7_P__exe_small__lsb1.png,extended_xl,XL-Synthetic_7_P.png,XL-Synthetic,P,png,P06.exe,EXE,small,1,EXE,EXE,1,ok,0.796237
XL-Synthetic_7_P__exe_small__lsb2.png,extended_xl,XL-Synthetic_7_P.png,XL-Synthetic,P,png,P06.exe,EXE,small,2,EXE,EXE,1,ok,0.851095
XL-Synthetic_7_P__exe_small__lsb3.png,extended_xl,XL-Synthetic_7_P.png,XL-Synthetic,P,png,P06.exe,EXE,small,3,EXE,EXE,1,ok,0.740390
XL-Synthetic_7_P__pdf_large__lsb3.png,extended_xl,XL-Synthetic_7_P.png,XL-Synthetic,P,png,P02.pdf,PDF,large,3,PDF,PDF,1,ok,0.689537
XL-Synthetic_7_P__pdf_medium__lsb2.png,extended_xl,XL-Synthetic_7_P.png,XL-Synthetic,P,png,P02.pdf,PDF,medium,2,PDF,PDF,1,ok,0.806139
XL-Synthetic_7_P__pdf_medium__lsb3.png,extended_xl,XL-Synthetic_7_P.png,XL-Synthetic,P,png,P02.pdf,PDF,medium,3,PDF,PDF,1,ok,0.746901
XL-Synthetic_7_P__pdf_small__lsb1.png,extended_xl,XL-Synthetic_7_P.png,XL-Synthetic,P,png,P02.pdf,PDF,small,1,PDF,PDF,1,ok,0.727014
XL-Synthetic_7_P__pdf_small__lsb2.png,extended_xl,XL-Synthetic_7_P.png,XL-Synthetic,P,png,P02.pdf,PDF,small,2,PDF,PDF,1,ok,0.744704
XL-Synthetic_7_P__pdf_small__lsb3.png,extended_xl,XL-Synthetic_7_P.png,XL-Synthetic,P,png,P02.pdf,PDF,small,3,PDF,PDF,1,ok,0.760226
XL-Synthetic_7_P__pptx_large__lsb3.png,extended_xl,XL-Synthetic_7_P.png,XL-Synthetic,P,png,P04.pptx,PPTX,large,3,PPTX,PPTX,1,ok,0.739785
XL-Synthetic_7_P__pptx_medium__lsb2.png,extended_xl,XL-Synthetic_7_P.png,XL-Synthetic,P,png,P04.pptx,PPTX,medium,2,PPTX,PPTX,1,ok,0.761971
XL-Synthetic_7_P__pptx_medium__lsb3.png,extended_xl,XL-Synthetic_7_P.png,XL-Synthetic,P,png,P04.pptx,PPTX,medium,3,PPTX,PPTX,1,ok,0.717050
XL-Synthetic_7_P__pptx_small__lsb1.png,extended_xl,XL-Synthetic_7_P.png,XL-Synthetic,P,png,P04.pptx,PPTX,small,1,PPTX,PPTX,1,ok,0.846328
XL-Synthetic_7_P__pptx_small__lsb2.png,extended_xl,XL-Synthetic_7_P.png,XL-Synthetic,P,png,P04.pptx,PPTX,small,2,PPTX,PPTX,1,ok,0.711136
XL-Synthetic_7_P__pptx_small__lsb3.png,extended_xl,XL-Synthetic_7_P.png,XL-Synthetic,P,png,P04.pptx,PPTX,small,3,PPTX,PPTX,1,ok,0.795032
XL-Synthetic_7_P__rtf_large__lsb3.png,extended_xl,XL-Synthetic_7_P.png,XL-Synthetic,P,png,P05.rtf,RTF,large,3,RTF,RTF,1,ok,1.183543
XL-Synthetic_7_P__rtf_medium__lsb2.png,extended_xl,XL-Synthetic_7_P.png,XL-Synthetic,P,png,P05.rtf,RTF,medium,2,RTF,RTF,1,ok,0.945866
XL-Synthetic_7_P__rtf_medium__lsb3.png,extended_xl,XL-Synthetic_7_P.png,XL-Synthetic,P,png,P05.rtf,RTF,medium,3,RTF,RTF,1,ok,0.863390
XL-Synthetic_7_P__rtf_small__lsb1.png,extended_xl,XL-Synthetic_7_P.png,XL-Synthetic,P,png,P05.rtf,RTF,small,1,RTF,RTF,1,ok,0.749343
XL-Synthetic_7_P__rtf_small__lsb2.png,extended_xl,XL-Synthetic_7_P.png,XL-Synthetic,P,png,P05.rtf,RTF,small,2,RTF,RTF,1,ok,0.728147
XL-Synthetic_7_P__rtf_small__lsb3.png,extended_xl,XL-Synthetic_7_P.png,XL-Synthetic,P,png,P05.rtf,RTF,small,3,RTF,RTF,1,ok,0.713813
XL-Synthetic_7_P__xlsx_large__lsb3.png,extended_xl,XL-Synthetic_7_P.png,XL-Synthetic,P,png,P03.xlsx,XLSX,large,3,XLSX,XLSX,1,ok,0.643124
XL-Synthetic_7_P__xlsx_medium__lsb2.png,extended_xl,XL-Synthetic_7_P.png,XL-Synthetic,P,png,P03.xlsx,XLSX,medium,2,XLSX,XLSX,1,ok,0.591976
XL-Synthetic_7_P__xlsx_medium__lsb3.png,extended_xl,XL-Synthetic_7_P.png,XL-Synthetic,P,png,P03.xlsx,XLSX,medium,3,XLSX,XLSX,1,ok,0.571702
XL-Synthetic_7_P__xlsx_small__lsb1.png,extended_xl,XL-Synthetic_7_P.png,XL-Synthetic,P,png,P03.xlsx,XLSX,small,1,XLSX,XLSX,1,ok,0.623353
XL-Synthetic_7_P__xlsx_small__lsb2.png,extended_xl,XL-Synthetic_7_P.png,XL-Synthetic,P,png,P03.xlsx,XLSX,small,2,XLSX,XLSX,1,ok,0.590477
XL-Synthetic_7_P__xlsx_small__lsb3.png,extended_xl,XL-Synthetic_7_P.png,XL-Synthetic,P,png,P03.xlsx,XLSX,small,3,XLSX,XLSX,1,ok,0.647373
XL-Synthetic_8_B__docx_large__lsb1.bmp,extended_xl,XL-Synthetic_8_B.bmp,XL-Synthetic,B,bmp,P01.docx,DOCX,large,1,DOCX,DOCX,1,ok,7.232114
XL-Synthetic_8_B__docx_large__lsb2.bmp,extended_xl,XL-Synthetic_8_B.bmp,XL-Synthetic,B,bmp,P01.docx,DOCX,large,2,DOCX,DOCX,1,ok,6.584710
XL-Synthetic_8_B__docx_large__lsb3.bmp,extended_xl,XL-Synthetic_8_B.bmp,XL-Synthetic,B,bmp,P01.docx,DOCX,large,3,DOCX,DOCX,1,ok,6.929290
XL-Synthetic_8_B__docx_medium__lsb1.bmp,extended_xl,XL-Synthetic_8_B.bmp,XL-Synthetic,B,bmp,P01.docx,DOCX,medium,1,DOCX,DOCX,1,ok,8.830804
XL-Synthetic_8_B__docx_medium__lsb2.bmp,extended_xl,XL-Synthetic_8_B.bmp,XL-Synthetic,B,bmp,P01.docx,DOCX,medium,2,DOCX,DOCX,1,ok,8.622431
XL-Synthetic_8_B__docx_medium__lsb3.bmp,extended_xl,XL-Synthetic_8_B.bmp,XL-Synthetic,B,bmp,P01.docx,DOCX,medium,3,DOCX,DOCX,1,ok,8.431977
XL-Synthetic_8_B__docx_small__lsb1.bmp,extended_xl,XL-Synthetic_8_B.bmp,XL-Synthetic,B,bmp,P01.docx,DOCX,small,1,DOCX,DOCX,1,ok,9.404109
XL-Synthetic_8_B__docx_small__lsb2.bmp,extended_xl,XL-Synthetic_8_B.bmp,XL-Synthetic,B,bmp,P01.docx,DOCX,small,2,DOCX,DOCX,1,ok,9.671413
XL-Synthetic_8_B__docx_small__lsb3.bmp,extended_xl,XL-Synthetic_8_B.bmp,XL-Synthetic,B,bmp,P01.docx,DOCX,small,3,DOCX,DOCX,1,ok,9.375248
XL-Synthetic_8_B__exe_large__lsb1.bmp,extended_xl,XL-Synthetic_8_B.bmp,XL-Synthetic,B,bmp,P06.exe,EXE,large,1,EXE,EXE,1,ok,9.865264
XL-Synthetic_8_B__exe_large__lsb2.bmp,extended_xl,XL-Synthetic_8_B.bmp,XL-Synthetic,B,bmp,P06.exe,EXE,large,2,EXE,EXE,1,ok,8.264371
XL-Synthetic_8_B__exe_large__lsb3.bmp,extended_xl,XL-Synthetic_8_B.bmp,XL-Synthetic,B,bmp,P06.exe,EXE,large,3,EXE,EXE,1,ok,7.960363
XL-Synthetic_8_B__exe_medium__lsb1.bmp,extended_xl,XL-Synthetic_8_B.bmp,XL-Synthetic,B,bmp,P06.exe,EXE,medium,1,EXE,EXE,1,ok,7.938860
XL-Synthetic_8_B__exe_medium__lsb2.bmp,extended_xl,XL-Synthetic_8_B.bmp,XL-Synthetic,B,bmp,P06.exe,EXE,medium,2,EXE,EXE,1,ok,7.754913
XL-Synthetic_8_B__exe_medium__lsb3.bmp,extended_xl,XL-Synthetic_8_B.bmp,XL-Synthetic,B,bmp,P06.exe,EXE,medium,3,EXE,EXE,1,ok,7.776232
XL-Synthetic_8_B__exe_small__lsb1.bmp,extended_xl,XL-Synthetic_8_B.bmp,XL-Synthetic,B,bmp,P06.exe,EXE,small,1,EXE,EXE,1,ok,7.609482
XL-Synthetic_8_B__exe_small__lsb2.bmp,extended_xl,XL-Synthetic_8_B.bmp,XL-Synthetic,B,bmp,P06.exe,EXE,small,2,EXE,EXE,1,ok,7.834929
XL-Synthetic_8_B__exe_small__lsb3.bmp,extended_xl,XL-Synthetic_8_B.bmp,XL-Synthetic,B,bmp,P06.exe,EXE,small,3,EXE,EXE,1,ok,8.448642
XL-Synthetic_8_B__pdf_large__lsb1.bmp,extended_xl,XL-Synthetic_8_B.bmp,XL-Synthetic,B,bmp,P02.pdf,PDF,large,1,PDF,PDF,1,ok,7.645505
XL-Synthetic_8_B__pdf_large__lsb2.bmp,extended_xl,XL-Synthetic_8_B.bmp,XL-Synthetic,B,bmp,P02.pdf,PDF,large,2,PDF,PDF,1,ok,7.718407
XL-Synthetic_8_B__pdf_large__lsb3.bmp,extended_xl,XL-Synthetic_8_B.bmp,XL-Synthetic,B,bmp,P02.pdf,PDF,large,3,PDF,PDF,1,ok,7.354753
XL-Synthetic_8_B__pdf_medium__lsb1.bmp,extended_xl,XL-Synthetic_8_B.bmp,XL-Synthetic,B,bmp,P02.pdf,PDF,medium,1,PDF,PDF,1,ok,7.751946
XL-Synthetic_8_B__pdf_medium__lsb2.bmp,extended_xl,XL-Synthetic_8_B.bmp,XL-Synthetic,B,bmp,P02.pdf,PDF,medium,2,PDF,PDF,1,ok,7.966843
XL-Synthetic_8_B__pdf_medium__lsb3.bmp,extended_xl,XL-Synthetic_8_B.bmp,XL-Synthetic,B,bmp,P02.pdf,PDF,medium,3,PDF,PDF,1,ok,7.618860
XL-Synthetic_8_B__pdf_small__lsb1.bmp,extended_xl,XL-Synthetic_8_B.bmp,XL-Synthetic,B,bmp,P02.pdf,PDF,small,1,PDF,PDF,1,ok,7.947805
XL-Synthetic_8_B__pdf_small__lsb2.bmp,extended_xl,XL-Synthetic_8_B.bmp,XL-Synthetic,B,bmp,P02.pdf,PDF,small,2,PDF,PDF,1,ok,7.630159
XL-Synthetic_8_B__pdf_small__lsb3.bmp,extended_xl,XL-Synthetic_8_B.bmp,XL-Synthetic,B,bmp,P02.pdf,PDF,small,3,PDF,PDF,1,ok,7.664135
XL-Synthetic_8_B__pptx_large__lsb1.bmp,extended_xl,XL-Synthetic_8_B.bmp,XL-Synthetic,B,bmp,P04.pptx,PPTX,large,1,PPTX,PPTX,1,ok,7.556804
XL-Synthetic_8_B__pptx_large__lsb2.bmp,extended_xl,XL-Synthetic_8_B.bmp,XL-Synthetic,B,bmp,P04.pptx,PPTX,large,2,PPTX,PPTX,1,ok,7.914377
XL-Synthetic_8_B__pptx_large__lsb3.bmp,extended_xl,XL-Synthetic_8_B.bmp,XL-Synthetic,B,bmp,P04.pptx,PPTX,large,3,PPTX,PPTX,1,ok,7.847322
XL-Synthetic_8_B__pptx_medium__lsb1.bmp,extended_xl,XL-Synthetic_8_B.bmp,XL-Synthetic,B,bmp,P04.pptx,PPTX,medium,1,PPTX,PPTX,1,ok,7.650360
XL-Synthetic_8_B__pptx_medium__lsb2.bmp,extended_xl,XL-Synthetic_8_B.bmp,XL-Synthetic,B,bmp,P04.pptx,PPTX,medium,2,PPTX,PPTX,1,ok,8.265167
XL-Synthetic_8_B__pptx_medium__lsb3.bmp,extended_xl,XL-Synthetic_8_B.bmp,XL-Synthetic,B,bmp,P04.pptx,PPTX,medium,3,PPTX,PPTX,1,ok,8.072872
XL-Synthetic_8_B__pptx_small__lsb1.bmp,extended_xl,XL-Synthetic_8_B.bmp,XL-Synthetic,B,bmp,P04.pptx,PPTX,small,1,PPTX,PPTX,1,ok,7.997704
XL-Synthetic_8_B__pptx_small__lsb2.bmp,extended_xl,XL-Synthetic_8_B.bmp,XL-Synthetic,B,bmp,P04.pptx,PPTX,small,2,PPTX,PPTX,1,ok,8.845014
XL-Synthetic_8_B__pptx_small__lsb3.bmp,extended_xl,XL-Synthetic_8_B.bmp,XL-Synthetic,B,bmp,P04.pptx,PPTX,small,3,PPTX,PPTX,1,ok,8.681217
XL-Synthetic_8_B__rtf_large__lsb1.bmp,extended_xl,XL-Synthetic_8_B.bmp,XL-Synthetic,B,bmp,P05.rtf,RTF,large,1,RTF,RTF,1,ok,8.683471
XL-Synthetic_8_B__rtf_large__lsb2.bmp,extended_xl,XL-Synthetic_8_B.bmp,XL-Synthetic,B,bmp,P05.rtf,RTF,large,2,RTF,RTF,1,ok,7.777160
XL-Synthetic_8_B__rtf_large__lsb3.bmp,extended_xl,XL-Synthetic_8_B.bmp,XL-Synthetic,B,bmp,P05.rtf,RTF,large,3,RTF,RTF,1,ok,8.131081
XL-Synthetic_8_B__rtf_medium__lsb1.bmp,extended_xl,XL-Synthetic_8_B.bmp,XL-Synthetic,B,bmp,P05.rtf,RTF,medium,1,RTF,RTF,1,ok,7.590217
XL-Synthetic_8_B__rtf_medium__lsb2.bmp,extended_xl,XL-Synthetic_8_B.bmp,XL-Synthetic,B,bmp,P05.rtf,RTF,medium,2,RTF,RTF,1,ok,8.137020
XL-Synthetic_8_B__rtf_medium__lsb3.bmp,extended_xl,XL-Synthetic_8_B.bmp,XL-Synthetic,B,bmp,P05.rtf,RTF,medium,3,RTF,RTF,1,ok,8.337845
XL-Synthetic_8_B__rtf_small__lsb1.bmp,extended_xl,XL-Synthetic_8_B.bmp,XL-Synthetic,B,bmp,P05.rtf,RTF,small,1,RTF,RTF,1,ok,7.008661
XL-Synthetic_8_B__rtf_small__lsb2.bmp,extended_xl,XL-Synthetic_8_B.bmp,XL-Synthetic,B,bmp,P05.rtf,RTF,small,2,RTF,RTF,1,ok,7.158282
XL-Synthetic_8_B__rtf_small__lsb3.bmp,extended_xl,XL-Synthetic_8_B.bmp,XL-Synthetic,B,bmp,P05.rtf,RTF,small,3,RTF,RTF,1,ok,6.929039
XL-Synthetic_8_B__xlsx_large__lsb1.bmp,extended_xl,XL-Synthetic_8_B.bmp,XL-Synthetic,B,bmp,P03.xlsx,XLSX,large,1,XLSX,XLSX,1,ok,7.355317
XL-Synthetic_8_B__xlsx_large__lsb2.bmp,extended_xl,XL-Synthetic_8_B.bmp,XL-Synthetic,B,bmp,P03.xlsx,XLSX,large,2,XLSX,XLSX,1,ok,6.836808
XL-Synthetic_8_B__xlsx_large__lsb3.bmp,extended_xl,XL-Synthetic_8_B.bmp,XL-Synthetic,B,bmp,P03.xlsx,XLSX,large,3,XLSX,XLSX,1,ok,7.008392
XL-Synthetic_8_B__xlsx_medium__lsb1.bmp,extended_xl,XL-Synthetic_8_B.bmp,XL-Synthetic,B,bmp,P03.xlsx,XLSX,medium,1,XLSX,XLSX,1,ok,7.366039
XL-Synthetic_8_B__xlsx_medium__lsb2.bmp,extended_xl,XL-Synthetic_8_B.bmp,XL-Synthetic,B,bmp,P03.xlsx,XLSX,medium,2,XLSX,XLSX,1,ok,7.221927
XL-Synthetic_8_B__xlsx_medium__lsb3.bmp,extended_xl,XL-Synthetic_8_B.bmp,XL-Synthetic,B,bmp,P03.xlsx,XLSX,medium,3,XLSX,XLSX,1,ok,7.331907
XL-Synthetic_8_B__xlsx_small__lsb1.bmp,extended_xl,XL-Synthetic_8_B.bmp,XL-Synthetic,B,bmp,P03.xlsx,XLSX,small,1,XLSX,XLSX,1,ok,7.153255
XL-Synthetic_8_B__xlsx_small__lsb2.bmp,extended_xl,XL-Synthetic_8_B.bmp,XL-Synthetic,B,bmp,P03.xlsx,XLSX,small,2,XLSX,XLSX,1,ok,8.051842
XL-Synthetic_8_B__xlsx_small__lsb3.bmp,extended_xl,XL-Synthetic_8_B.bmp,XL-Synthetic,B,bmp,P03.xlsx,XLSX,small,3,XLSX,XLSX,1,ok,7.434853
XL-Synthetic_8_P__docx_large__lsb3.png,extended_xl,XL-Synthetic_8_P.png,XL-Synthetic,P,png,P01.docx,DOCX,large,3,DOCX,DOCX,1,ok,0.660320
XL-Synthetic_8_P__docx_medium__lsb2.png,extended_xl,XL-Synthetic_8_P.png,XL-Synthetic,P,png,P01.docx,DOCX,medium,2,DOCX,DOCX,1,ok,0.733360
XL-Synthetic_8_P__docx_medium__lsb3.png,extended_xl,XL-Synthetic_8_P.png,XL-Synthetic,P,png,P01.docx,DOCX,medium,3,DOCX,DOCX,1,ok,0.581333
XL-Synthetic_8_P__docx_small__lsb1.png,extended_xl,XL-Synthetic_8_P.png,XL-Synthetic,P,png,P01.docx,DOCX,small,1,DOCX,DOCX,1,ok,0.602241
XL-Synthetic_8_P__docx_small__lsb2.png,extended_xl,XL-Synthetic_8_P.png,XL-Synthetic,P,png,P01.docx,DOCX,small,2,DOCX,DOCX,1,ok,0.614509
XL-Synthetic_8_P__docx_small__lsb3.png,extended_xl,XL-Synthetic_8_P.png,XL-Synthetic,P,png,P01.docx,DOCX,small,3,DOCX,DOCX,1,ok,0.711032
XL-Synthetic_8_P__exe_large__lsb3.png,extended_xl,XL-Synthetic_8_P.png,XL-Synthetic,P,png,P06.exe,EXE,large,3,EXE,EXE,1,ok,0.718270
XL-Synthetic_8_P__exe_medium__lsb2.png,extended_xl,XL-Synthetic_8_P.png,XL-Synthetic,P,png,P06.exe,EXE,medium,2,EXE,EXE,1,ok,0.651499
XL-Synthetic_8_P__exe_medium__lsb3.png,extended_xl,XL-Synthetic_8_P.png,XL-Synthetic,P,png,P06.exe,EXE,medium,3,EXE,EXE,1,ok,0.725419
XL-Synthetic_8_P__exe_small__lsb1.png,extended_xl,XL-Synthetic_8_P.png,XL-Synthetic,P,png,P06.exe,EXE,small,1,EXE,EXE,1,ok,0.650538
XL-Synthetic_8_P__exe_small__lsb2.png,extended_xl,XL-Synthetic_8_P.png,XL-Synthetic,P,png,P06.exe,EXE,small,2,EXE,EXE,1,ok,0.577906
XL-Synthetic_8_P__exe_small__lsb3.png,extended_xl,XL-Synthetic_8_P.png,XL-Synthetic,P,png,P06.exe,EXE,small,3,EXE,EXE,1,ok,0.887156
XL-Synthetic_8_P__pdf_large__lsb3.png,extended_xl,XL-Synthetic_8_P.png,XL-Synthetic,P,png,P02.pdf,PDF,large,3,PDF,PDF,1,ok,0.739604
XL-Synthetic_8_P__pdf_medium__lsb2.png,extended_xl,XL-Synthetic_8_P.png,XL-Synthetic,P,png,P02.pdf,PDF,medium,2,PDF,PDF,1,ok,0.634082
XL-Synthetic_8_P__pdf_medium__lsb3.png,extended_xl,XL-Synthetic_8_P.png,XL-Synthetic,P,png,P02.pdf,PDF,medium,3,PDF,PDF,1,ok,0.691492
XL-Synthetic_8_P__pdf_small__lsb1.png,extended_xl,XL-Synthetic_8_P.png,XL-Synthetic,P,png,P02.pdf,PDF,small,1,PDF,PDF,1,ok,0.572811
XL-Synthetic_8_P__pdf_small__lsb2.png,extended_xl,XL-Synthetic_8_P.png,XL-Synthetic,P,png,P02.pdf,PDF,small,2,PDF,PDF,1,ok,0.664143
XL-Synthetic_8_P__pdf_small__lsb3.png,extended_xl,XL-Synthetic_8_P.png,XL-Synthetic,P,png,P02.pdf,PDF,small,3,PDF,PDF,1,ok,0.716950
XL-Synthetic_8_P__pptx_large__lsb3.png,extended_xl,XL-Synthetic_8_P.png,XL-Synthetic,P,png,P04.pptx,PPTX,large,3,PPTX,PPTX,1,ok,0.803237
XL-Synthetic_8_P__pptx_medium__lsb2.png,extended_xl,XL-Synthetic_8_P.png,XL-Synthetic,P,png,P04.pptx,PPTX,medium,2,PPTX,PPTX,1,ok,0.655370
XL-Synthetic_8_P__pptx_medium__lsb3.png,extended_xl,XL-Synthetic_8_P.png,XL-Synthetic,P,png,P04.pptx,PPTX,medium,3,PPTX,PPTX,1,ok,0.763874
XL-Synthetic_8_P__pptx_small__lsb1.png,extended_xl,XL-Synthetic_8_P.png,XL-Synthetic,P,png,P04.pptx,PPTX,small,1,PPTX,PPTX,1,ok,0.657050
XL-Synthetic_8_P__pptx_small__lsb2.png,extended_xl,XL-Synthetic_8_P.png,XL-Synthetic,P,png,P04.pptx,PPTX,small,2,PPTX,PPTX,1,ok,0.752352
XL-Synthetic_8_P__pptx_small__lsb3.png,extended_xl,XL-Synthetic_8_P.png,XL-Synthetic,P,png,P04.pptx,PPTX,small,3,PPTX,PPTX,1,ok,0.672060
XL-Synthetic_8_P__rtf_large__lsb3.png,extended_xl,XL-Synthetic_8_P.png,XL-Synthetic,P,png,P05.rtf,RTF,large,3,RTF,RTF,1,ok,0.650547
XL-Synthetic_8_P__rtf_medium__lsb2.png,extended_xl,XL-Synthetic_8_P.png,XL-Synthetic,P,png,P05.rtf,RTF,medium,2,RTF,RTF,1,ok,0.697889
XL-Synthetic_8_P__rtf_medium__lsb3.png,extended_xl,XL-Synthetic_8_P.png,XL-Synthetic,P,png,P05.rtf,RTF,medium,3,RTF,RTF,1,ok,0.845858
XL-Synthetic_8_P__rtf_small__lsb1.png,extended_xl,XL-Synthetic_8_P.png,XL-Synthetic,P,png,P05.rtf,RTF,small,1,RTF,RTF,1,ok,0.789916
XL-Synthetic_8_P__rtf_small__lsb2.png,extended_xl,XL-Synthetic_8_P.png,XL-Synthetic,P,png,P05.rtf,RTF,small,2,RTF,RTF,1,ok,0.680252
XL-Synthetic_8_P__rtf_small__lsb3.png,extended_xl,XL-Synthetic_8_P.png,XL-Synthetic,P,png,P05.rtf,RTF,small,3,RTF,RTF,1,ok,0.636991
XL-Synthetic_8_P__xlsx_large__lsb3.png,extended_xl,XL-Synthetic_8_P.png,XL-Synthetic,P,png,P03.xlsx,XLSX,large,3,XLSX,XLSX,1,ok,0.698700
XL-Synthetic_8_P__xlsx_medium__lsb2.png,extended_xl,XL-Synthetic_8_P.png,XL-Synthetic,P,png,P03.xlsx,XLSX,medium,2,XLSX,XLSX,1,ok,0.533727
XL-Synthetic_8_P__xlsx_medium__lsb3.png,extended_xl,XL-Synthetic_8_P.png,XL-Synthetic,P,png,P03.xlsx,XLSX,medium,3,XLSX,XLSX,1,ok,0.655002
XL-Synthetic_8_P__xlsx_small__lsb1.png,extended_xl,XL-Synthetic_8_P.png,XL-Synthetic,P,png,P03.xlsx,XLSX,small,1,XLSX,XLSX,1,ok,0.661209
XL-Synthetic_8_P__xlsx_small__lsb2.png,extended_xl,XL-Synthetic_8_P.png,XL-Synthetic,P,png,P03.xlsx,XLSX,small,2,XLSX,XLSX,1,ok,0.677492
XL-Synthetic_8_P__xlsx_small__lsb3.png,extended_xl,XL-Synthetic_8_P.png,XL-Synthetic,P,png,P03.xlsx,XLSX,small,3,XLSX,XLSX,1,ok,0.579368
XL-Synthetic_9_B__docx_large__lsb1.bmp,extended_xl,XL-Synthetic_9_B.bmp,XL-Synthetic,B,bmp,P01.docx,DOCX,large,1,DOCX,DOCX,1,ok,9.710554
XL-Synthetic_9_B__docx_large__lsb2.bmp,extended_xl,XL-Synthetic_9_B.bmp,XL-Synthetic,B,bmp,P01.docx,DOCX,large,2,DOCX,DOCX,1,ok,10.328210
XL-Synthetic_9_B__docx_large__lsb3.bmp,extended_xl,XL-Synthetic_9_B.bmp,XL-Synthetic,B,bmp,P01.docx,DOCX,large,3,DOCX,DOCX,1,ok,10.580514
XL-Synthetic_9_B__docx_medium__lsb1.bmp,extended_xl,XL-Synthetic_9_B.bmp,XL-Synthetic,B,bmp,P01.docx,DOCX,medium,1,DOCX,DOCX,1,ok,9.793776
XL-Synthetic_9_B__docx_medium__lsb2.bmp,extended_xl,XL-Synthetic_9_B.bmp,XL-Synthetic,B,bmp,P01.docx,DOCX,medium,2,DOCX,DOCX,1,ok,10.767955
XL-Synthetic_9_B__docx_medium__lsb3.bmp,extended_xl,XL-Synthetic_9_B.bmp,XL-Synthetic,B,bmp,P01.docx,DOCX,medium,3,DOCX,DOCX,1,ok,11.204938
XL-Synthetic_9_B__docx_small__lsb1.bmp,extended_xl,XL-Synthetic_9_B.bmp,XL-Synthetic,B,bmp,P01.docx,DOCX,small,1,DOCX,DOCX,1,ok,11.497933
XL-Synthetic_9_B__docx_small__lsb2.bmp,extended_xl,XL-Synthetic_9_B.bmp,XL-Synthetic,B,bmp,P01.docx,DOCX,small,2,DOCX,DOCX,1,ok,10.239951
XL-Synthetic_9_B__docx_small__lsb3.bmp,extended_xl,XL-Synthetic_9_B.bmp,XL-Synthetic,B,bmp,P01.docx,DOCX,small,3,DOCX,DOCX,1,ok,9.183901
XL-Synthetic_9_B__exe_large__lsb1.bmp,extended_xl,XL-Synthetic_9_B.bmp,XL-Synthetic,B,bmp,P06.exe,EXE,large,1,EXE,EXE,1,ok,11.057195
XL-Synthetic_9_B__exe_large__lsb2.bmp,extended_xl,XL-Synthetic_9_B.bmp,XL-Synthetic,B,bmp,P06.exe,EXE,large,2,EXE,EXE,1,ok,11.417478
XL-Synthetic_9_B__exe_large__lsb3.bmp,extended_xl,XL-Synthetic_9_B.bmp,XL-Synthetic,B,bmp,P06.exe,EXE,large,3,EXE,EXE,1,ok,11.043713
XL-Synthetic_9_B__exe_medium__lsb1.bmp,extended_xl,XL-Synthetic_9_B.bmp,XL-Synthetic,B,bmp,P06.exe,EXE,medium,1,EXE,EXE,1,ok,9.989557
XL-Synthetic_9_B__exe_medium__lsb2.bmp,extended_xl,XL-Synthetic_9_B.bmp,XL-Synthetic,B,bmp,P06.exe,EXE,medium,2,EXE,EXE,1,ok,10.059497
XL-Synthetic_9_B__exe_medium__lsb3.bmp,extended_xl,XL-Synthetic_9_B.bmp,XL-Synthetic,B,bmp,P06.exe,EXE,medium,3,EXE,EXE,1,ok,9.585176
XL-Synthetic_9_B__exe_small__lsb1.bmp,extended_xl,XL-Synthetic_9_B.bmp,XL-Synthetic,B,bmp,P06.exe,EXE,small,1,EXE,EXE,1,ok,9.452047
XL-Synthetic_9_B__exe_small__lsb2.bmp,extended_xl,XL-Synthetic_9_B.bmp,XL-Synthetic,B,bmp,P06.exe,EXE,small,2,EXE,EXE,1,ok,9.179430
XL-Synthetic_9_B__exe_small__lsb3.bmp,extended_xl,XL-Synthetic_9_B.bmp,XL-Synthetic,B,bmp,P06.exe,EXE,small,3,EXE,EXE,1,ok,9.333650
XL-Synthetic_9_B__pdf_large__lsb1.bmp,extended_xl,XL-Synthetic_9_B.bmp,XL-Synthetic,B,bmp,P02.pdf,PDF,large,1,PDF,PDF,1,ok,10.502997
XL-Synthetic_9_B__pdf_large__lsb2.bmp,extended_xl,XL-Synthetic_9_B.bmp,XL-Synthetic,B,bmp,P02.pdf,PDF,large,2,PDF,PDF,1,ok,9.343501
XL-Synthetic_9_B__pdf_large__lsb3.bmp,extended_xl,XL-Synthetic_9_B.bmp,XL-Synthetic,B,bmp,P02.pdf,PDF,large,3,PDF,PDF,1,ok,9.286870
XL-Synthetic_9_B__pdf_medium__lsb1.bmp,extended_xl,XL-Synthetic_9_B.bmp,XL-Synthetic,B,bmp,P02.pdf,PDF,medium,1,PDF,PDF,1,ok,9.524394
XL-Synthetic_9_B__pdf_medium__lsb2.bmp,extended_xl,XL-Synthetic_9_B.bmp,XL-Synthetic,B,bmp,P02.pdf,PDF,medium,2,PDF,PDF,1,ok,9.431881
XL-Synthetic_9_B__pdf_medium__lsb3.bmp,extended_xl,XL-Synthetic_9_B.bmp,XL-Synthetic,B,bmp,P02.pdf,PDF,medium,3,PDF,PDF,1,ok,9.186150
XL-Synthetic_9_B__pdf_small__lsb1.bmp,extended_xl,XL-Synthetic_9_B.bmp,XL-Synthetic,B,bmp,P02.pdf,PDF,small,1,PDF,PDF,1,ok,8.889291
XL-Synthetic_9_B__pdf_small__lsb2.bmp,extended_xl,XL-Synthetic_9_B.bmp,XL-Synthetic,B,bmp,P02.pdf,PDF,small,2,PDF,PDF,1,ok,9.450734
XL-Synthetic_9_B__pdf_small__lsb3.bmp,extended_xl,XL-Synthetic_9_B.bmp,XL-Synthetic,B,bmp,P02.pdf,PDF,small,3,PDF,PDF,1,ok,10.028855
XL-Synthetic_9_B__pptx_large__lsb1.bmp,extended_xl,XL-Synthetic_9_B.bmp,XL-Synthetic,B,bmp,P04.pptx,PPTX,large,1,PPTX,PPTX,1,ok,9.614097
XL-Synthetic_9_B__pptx_large__lsb2.bmp,extended_xl,XL-Synthetic_9_B.bmp,XL-Synthetic,B,bmp,P04.pptx,PPTX,large,2,PPTX,PPTX,1,ok,9.493726
XL-Synthetic_9_B__pptx_large__lsb3.bmp,extended_xl,XL-Synthetic_9_B.bmp,XL-Synthetic,B,bmp,P04.pptx,PPTX,large,3,PPTX,PPTX,1,ok,9.828004
XL-Synthetic_9_B__pptx_medium__lsb1.bmp,extended_xl,XL-Synthetic_9_B.bmp,XL-Synthetic,B,bmp,P04.pptx,PPTX,medium,1,PPTX,PPTX,1,ok,9.717706
XL-Synthetic_9_B__pptx_medium__lsb2.bmp,extended_xl,XL-Synthetic_9_B.bmp,XL-Synthetic,B,bmp,P04.pptx,PPTX,medium,2,PPTX,PPTX,1,ok,9.530759
XL-Synthetic_9_B__pptx_medium__lsb3.bmp,extended_xl,XL-Synthetic_9_B.bmp,XL-Synthetic,B,bmp,P04.pptx,PPTX,medium,3,PPTX,PPTX,1,ok,10.457572
XL-Synthetic_9_B__pptx_small__lsb1.bmp,extended_xl,XL-Synthetic_9_B.bmp,XL-Synthetic,B,bmp,P04.pptx,PPTX,small,1,PPTX,PPTX,1,ok,9.896287
XL-Synthetic_9_B__pptx_small__lsb2.bmp,extended_xl,XL-Synthetic_9_B.bmp,XL-Synthetic,B,bmp,P04.pptx,PPTX,small,2,PPTX,PPTX,1,ok,9.972999
XL-Synthetic_9_B__pptx_small__lsb3.bmp,extended_xl,XL-Synthetic_9_B.bmp,XL-Synthetic,B,bmp,P04.pptx,PPTX,small,3,PPTX,PPTX,1,ok,8.738601
XL-Synthetic_9_B__rtf_large__lsb1.bmp,extended_xl,XL-Synthetic_9_B.bmp,XL-Synthetic,B,bmp,P05.rtf,RTF,large,1,RTF,RTF,1,ok,9.064179
XL-Synthetic_9_B__rtf_large__lsb2.bmp,extended_xl,XL-Synthetic_9_B.bmp,XL-Synthetic,B,bmp,P05.rtf,RTF,large,2,RTF,RTF,1,ok,9.514538
XL-Synthetic_9_B__rtf_large__lsb3.bmp,extended_xl,XL-Synthetic_9_B.bmp,XL-Synthetic,B,bmp,P05.rtf,RTF,large,3,RTF,RTF,1,ok,10.335782
XL-Synthetic_9_B__rtf_medium__lsb1.bmp,extended_xl,XL-Synthetic_9_B.bmp,XL-Synthetic,B,bmp,P05.rtf,RTF,medium,1,RTF,RTF,1,ok,9.372400
XL-Synthetic_9_B__rtf_medium__lsb2.bmp,extended_xl,XL-Synthetic_9_B.bmp,XL-Synthetic,B,bmp,P05.rtf,RTF,medium,2,RTF,RTF,1,ok,9.318477
XL-Synthetic_9_B__rtf_medium__lsb3.bmp,extended_xl,XL-Synthetic_9_B.bmp,XL-Synthetic,B,bmp,P05.rtf,RTF,medium,3,RTF,RTF,1,ok,9.240378
XL-Synthetic_9_B__rtf_small__lsb1.bmp,extended_xl,XL-Synthetic_9_B.bmp,XL-Synthetic,B,bmp,P05.rtf,RTF,small,1,RTF,RTF,1,ok,11.124424
XL-Synthetic_9_B__rtf_small__lsb2.bmp,extended_xl,XL-Synthetic_9_B.bmp,XL-Synthetic,B,bmp,P05.rtf,RTF,small,2,RTF,RTF,1,ok,9.103951
XL-Synthetic_9_B__rtf_small__lsb3.bmp,extended_xl,XL-Synthetic_9_B.bmp,XL-Synthetic,B,bmp,P05.rtf,RTF,small,3,RTF,RTF,1,ok,9.970217
XL-Synthetic_9_B__xlsx_large__lsb1.bmp,extended_xl,XL-Synthetic_9_B.bmp,XL-Synthetic,B,bmp,P03.xlsx,XLSX,large,1,XLSX,XLSX,1,ok,8.800325
XL-Synthetic_9_B__xlsx_large__lsb2.bmp,extended_xl,XL-Synthetic_9_B.bmp,XL-Synthetic,B,bmp,P03.xlsx,XLSX,large,2,XLSX,XLSX,1,ok,8.726976
XL-Synthetic_9_B__xlsx_large__lsb3.bmp,extended_xl,XL-Synthetic_9_B.bmp,XL-Synthetic,B,bmp,P03.xlsx,XLSX,large,3,XLSX,XLSX,1,ok,8.833087
XL-Synthetic_9_B__xlsx_medium__lsb1.bmp,extended_xl,XL-Synthetic_9_B.bmp,XL-Synthetic,B,bmp,P03.xlsx,XLSX,medium,1,XLSX,XLSX,1,ok,8.852301
XL-Synthetic_9_B__xlsx_medium__lsb2.bmp,extended_xl,XL-Synthetic_9_B.bmp,XL-Synthetic,B,bmp,P03.xlsx,XLSX,medium,2,XLSX,XLSX,1,ok,8.867502
XL-Synthetic_9_B__xlsx_medium__lsb3.bmp,extended_xl,XL-Synthetic_9_B.bmp,XL-Synthetic,B,bmp,P03.xlsx,XLSX,medium,3,XLSX,XLSX,1,ok,8.666331
XL-Synthetic_9_B__xlsx_small__lsb1.bmp,extended_xl,XL-Synthetic_9_B.bmp,XL-Synthetic,B,bmp,P03.xlsx,XLSX,small,1,XLSX,XLSX,1,ok,9.798313
XL-Synthetic_9_B__xlsx_small__lsb2.bmp,extended_xl,XL-Synthetic_9_B.bmp,XL-Synthetic,B,bmp,P03.xlsx,XLSX,small,2,XLSX,XLSX,1,ok,8.636161
XL-Synthetic_9_B__xlsx_small__lsb3.bmp,extended_xl,XL-Synthetic_9_B.bmp,XL-Synthetic,B,bmp,P03.xlsx,XLSX,small,3,XLSX,XLSX,1,ok,8.838041
XL-Synthetic_9_P__docx_large__lsb3.png,extended_xl,XL-Synthetic_9_P.png,XL-Synthetic,P,png,P01.docx,DOCX,large,3,DOCX,DOCX,1,ok,0.665939
XL-Synthetic_9_P__docx_medium__lsb2.png,extended_xl,XL-Synthetic_9_P.png,XL-Synthetic,P,png,P01.docx,DOCX,medium,2,DOCX,DOCX,1,ok,0.666514
XL-Synthetic_9_P__docx_medium__lsb3.png,extended_xl,XL-Synthetic_9_P.png,XL-Synthetic,P,png,P01.docx,DOCX,medium,3,DOCX,DOCX,1,ok,0.769282
XL-Synthetic_9_P__docx_small__lsb1.png,extended_xl,XL-Synthetic_9_P.png,XL-Synthetic,P,png,P01.docx,DOCX,small,1,DOCX,DOCX,1,ok,0.668065
XL-Synthetic_9_P__docx_small__lsb2.png,extended_xl,XL-Synthetic_9_P.png,XL-Synthetic,P,png,P01.docx,DOCX,small,2,DOCX,DOCX,1,ok,0.553937
XL-Synthetic_9_P__docx_small__lsb3.png,extended_xl,XL-Synthetic_9_P.png,XL-Synthetic,P,png,P01.docx,DOCX,small,3,DOCX,DOCX,1,ok,0.632312
XL-Synthetic_9_P__exe_large__lsb3.png,extended_xl,XL-Synthetic_9_P.png,XL-Synthetic,P,png,P06.exe,EXE,large,3,EXE,EXE,1,ok,0.588859
XL-Synthetic_9_P__exe_medium__lsb2.png,extended_xl,XL-Synthetic_9_P.png,XL-Synthetic,P,png,P06.exe,EXE,medium,2,EXE,EXE,1,ok,0.578337
XL-Synthetic_9_P__exe_medium__lsb3.png,extended_xl,XL-Synthetic_9_P.png,XL-Synthetic,P,png,P06.exe,EXE,medium,3,EXE,EXE,1,ok,0.568254
XL-Synthetic_9_P__exe_small__lsb1.png,extended_xl,XL-Synthetic_9_P.png,XL-Synthetic,P,png,P06.exe,EXE,small,1,EXE,EXE,1,ok,0.554085
XL-Synthetic_9_P__exe_small__lsb2.png,extended_xl,XL-Synthetic_9_P.png,XL-Synthetic,P,png,P06.exe,EXE,small,2,EXE,EXE,1,ok,0.646347
XL-Synthetic_9_P__exe_small__lsb3.png,extended_xl,XL-Synthetic_9_P.png,XL-Synthetic,P,png,P06.exe,EXE,small,3,EXE,EXE,1,ok,0.586387
XL-Synthetic_9_P__pdf_large__lsb3.png,extended_xl,XL-Synthetic_9_P.png,XL-Synthetic,P,png,P02.pdf,PDF,large,3,PDF,PDF,1,ok,0.560608
XL-Synthetic_9_P__pdf_medium__lsb2.png,extended_xl,XL-Synthetic_9_P.png,XL-Synthetic,P,png,P02.pdf,PDF,medium,2,PDF,PDF,1,ok,0.588315
XL-Synthetic_9_P__pdf_medium__lsb3.png,extended_xl,XL-Synthetic_9_P.png,XL-Synthetic,P,png,P02.pdf,PDF,medium,3,PDF,PDF,1,ok,0.590975
XL-Synthetic_9_P__pdf_small__lsb1.png,extended_xl,XL-Synthetic_9_P.png,XL-Synthetic,P,png,P02.pdf,PDF,small,1,PDF,PDF,1,ok,0.561844
XL-Synthetic_9_P__pdf_small__lsb2.png,extended_xl,XL-Synthetic_9_P.png,XL-Synthetic,P,png,P02.pdf,PDF,small,2,PDF,PDF,1,ok,0.560382
XL-Synthetic_9_P__pdf_small__lsb3.png,extended_xl,XL-Synthetic_9_P.png,XL-Synthetic,P,png,P02.pdf,PDF,small,3,PDF,PDF,1,ok,0.608320
XL-Synthetic_9_P__pptx_large__lsb3.png,extended_xl,XL-Synthetic_9_P.png,XL-Synthetic,P,png,P04.pptx,PPTX,large,3,PPTX,PPTX,1,ok,0.567775
XL-Synthetic_9_P__pptx_medium__lsb2.png,extended_xl,XL-Synthetic_9_P.png,XL-Synthetic,P,png,P04.pptx,PPTX,medium,2,PPTX,PPTX,1,ok,0.750685
XL-Synthetic_9_P__pptx_medium__lsb3.png,extended_xl,XL-Synthetic_9_P.png,XL-Synthetic,P,png,P04.pptx,PPTX,medium,3,PPTX,PPTX,1,ok,0.624451
XL-Synthetic_9_P__pptx_small__lsb1.png,extended_xl,XL-Synthetic_9_P.png,XL-Synthetic,P,png,P04.pptx,PPTX,small,1,PPTX,PPTX,1,ok,0.564835
XL-Synthetic_9_P__pptx_small__lsb2.png,extended_xl,XL-Synthetic_9_P.png,XL-Synthetic,P,png,P04.pptx,PPTX,small,2,PPTX,PPTX,1,ok,0.582189
XL-Synthetic_9_P__pptx_small__lsb3.png,extended_xl,XL-Synthetic_9_P.png,XL-Synthetic,P,png,P04.pptx,PPTX,small,3,PPTX,PPTX,1,ok,0.673231
XL-Synthetic_9_P__rtf_large__lsb3.png,extended_xl,XL-Synthetic_9_P.png,XL-Synthetic,P,png,P05.rtf,RTF,large,3,RTF,RTF,1,ok,0.657884
XL-Synthetic_9_P__rtf_medium__lsb2.png,extended_xl,XL-Synthetic_9_P.png,XL-Synthetic,P,png,P05.rtf,RTF,medium,2,RTF,RTF,1,ok,0.666454
XL-Synthetic_9_P__rtf_medium__lsb3.png,extended_xl,XL-Synthetic_9_P.png,XL-Synthetic,P,png,P05.rtf,RTF,medium,3,RTF,RTF,1,ok,0.678620
XL-Synthetic_9_P__rtf_small__lsb1.png,extended_xl,XL-Synthetic_9_P.png,XL-Synthetic,P,png,P05.rtf,RTF,small,1,RTF,RTF,1,ok,0.633866
XL-Synthetic_9_P__rtf_small__lsb2.png,extended_xl,XL-Synthetic_9_P.png,XL-Synthetic,P,png,P05.rtf,RTF,small,2,RTF,RTF,1,ok,0.782835
XL-Synthetic_9_P__rtf_small__lsb3.png,extended_xl,XL-Synthetic_9_P.png,XL-Synthetic,P,png,P05.rtf,RTF,small,3,RTF,RTF,1,ok,0.701809
XL-Synthetic_9_P__xlsx_large__lsb3.png,extended_xl,XL-Synthetic_9_P.png,XL-Synthetic,P,png,P03.xlsx,XLSX,large,3,XLSX,XLSX,1,ok,0.631203
XL-Synthetic_9_P__xlsx_medium__lsb2.png,extended_xl,XL-Synthetic_9_P.png,XL-Synthetic,P,png,P03.xlsx,XLSX,medium,2,XLSX,XLSX,1,ok,0.587374
XL-Synthetic_9_P__xlsx_medium__lsb3.png,extended_xl,XL-Synthetic_9_P.png,XL-Synthetic,P,png,P03.xlsx,XLSX,medium,3,XLSX,XLSX,1,ok,0.673749
XL-Synthetic_9_P__xlsx_small__lsb1.png,extended_xl,XL-Synthetic_9_P.png,XL-Synthetic,P,png,P03.xlsx,XLSX,small,1,XLSX,XLSX,1,ok,0.744561
XL-Synthetic_9_P__xlsx_small__lsb2.png,extended_xl,XL-Synthetic_9_P.png,XL-Synthetic,P,png,P03.xlsx,XLSX,small,2,XLSX,XLSX,1,ok,0.747590
XL-Synthetic_9_P__xlsx_small__lsb3.png,extended_xl,XL-Synthetic_9_P.png,XL-Synthetic,P,png,P03.xlsx,XLSX,small,3,XLSX,XLSX,1,ok,0.706788
